Gene_set,Term,Overlap,P-value,Adjusted P-value,Old P-value,Old Adjusted P-value,Odds Ratio,Combined Score,Genes
GO_Biological_Process_2023,Regulation Of Cell Migration (GO:0030334),112/434,1.1390275921927505e-18,4.91604308790391e-15,0,0,2.9398865784499053,121.4654027232641,SEMA5A;FAM107A;ADARB1;FGF2;MYLK;CDH5;FGF7;DACH1;KDR;ENPP2;TNR;PDGFRB;PDGFRA;IGFBP5;LIMCH1;SEMA6D;APLP2;HGF;F2R;MAGI2;MITF;ACTN4;CLDN5;TIAM1;SFRP1;DAAM2;RUFY3;MYADM;VCL;BEX4;MACF1;PDGFB;TWIST2;PIK3R3;FOXO3;CORO1C;PODXL;PLXNA2;SCAI;NTNG1;ACE;JAG1;TGFB1;UBE2I;FZD4;CAV1;RDX;ALOX15B;SMAD7;IGSF10;DAB2;BMP2;FER;CXCL12;CNTN1;AMOTL2;AMOTL1;FERMT2;ACVRL1;CLIC4;ROBO4;FLT1;MCTP1;CITED2;FLT4;PTEN;LDB2;CX3CL1;GPER1;CTSH;EMILIN1;PHACTR1;EDN1;ANXA1;MYOC;RHOB;FGR;NAV3;TMSB15A;CDH11;MMRN2;PECAM1;CDH13;ITGA6;ENG;HBEGF;KANK1;SEMA3G;NEDD9;NEXN;PRR5L;SEMA3E;PPM1F;NKD1;ERBB4;SAP30L;PDPN;MGAT3;FLNA;FYN;SLIT2;SASH1;CD74;F10;LAMB1;TBX5;PODN;TJP1;MYO1C;APC;KIF26A;RECK
GO_Biological_Process_2023,Circulatory System Development (GO:0072359),46/132,2.224467092664212e-13,4.80039998596937e-10,0,0,4.440336207647418,129.365149512689,ACVRL1;FOXC2;RAMP2;CITED2;NOTCH4;FLT4;PDGFB;PTEN;TCF21;LDB3;CACNA1C;PCSK5;CRIP1;PDLIM1;CDH5;AKAP13;GJA1;PDLIM3;PDLIM2;SOX17;HEY1;SOX18;FLRT3;ERBB4;GJA5;HEY2;PLCE1;BVES;MEF2A;MEF2C;TGFB2;TGFB1;FOXF1;HEG1;SLC2A12;TBX5;TGFBR2;KAT2B;HEYL;BMP2;ID2;APLNR;TEK;ZFPM2;DZIP1;FBN1
GO_Biological_Process_2023,Heart Development (GO:0007507),53/171,7.567350417627799e-13,1.0886894800827194e-09,0,0,3.7341474870831375,104.21917216923477,ACVRL1;BMPR2;CITED2;PTEN;LDB3;PCSK5;AKAP13;GJA1;SGCD;SOX17;SOX18;GJA5;PLCE1;BVES;SGCG;MEF2A;MEF2C;LEFTY1;MYOCD;HEG1;TGFBR2;TGFBR3;KAT2B;APLNR;ZFPM2;FOXC2;NDRG4;RAMP2;PDGFB;CCM2L;CACNA1C;CRIP1;PDLIM1;PDLIM3;PDLIM2;FLRT3;ERBB4;GPC3;TGFB2;TGFB1;FOXF1;TBX5;TBX3;BMP5;APLN;TBX2;BMP4;FKBP1A;BMP2;ID2;TEK;DZIP1;FBN1
GO_Biological_Process_2023,Regulation Of Angiogenesis (GO:0045765),59/205,1.350599411590334e-12,1.45729676510597e-09,0,0,3.3638363907368096,91.93523835310982,SEMA5A;SPARC;FLT1;HSPB6;PDE3B;PTPRM;TSPAN12;ETS1;FGF2;AQP1;MECP2;CDH5;HHEX;HYAL1;ADAMTS1;KDR;CTSH;EMILIN1;CD34;HOXA5;PPP1R16B;SEMA6A;PTGIS;PRKCB;ANXA3;GAB1;EMP2;DCN;RHOB;CLDN5;SFRP1;COL4A2;RHOJ;COL4A3;APLNR;PPARG;PRKD1;RAMP2;NPR1;GATA6;ECSCR;SEMA3E;FOXO4;GATA2;RRAS;APOH;ALOX5;SASH1;TGFB2;TNFSF12;DAB2IP;VEGFC;SYNJ2BP;KLF4;IL6;RGCC;CNTN1;TEK;PF4
GO_Biological_Process_2023,Regulation Of Protein Phosphorylation (GO:0001932),69/265,3.304702828473419e-12,2.8526194815382554e-09,0,0,2.935950433178477,77.61383018287096,PID1;TFRC;FLT4;LRRK2;PTEN;ARRB1;FGF2;CDH5;CCND2;CCND1;GPER1;KDR;LEPR;PLCE1;SIRPA;ROPN1L;SH3GL2;LIMCH1;HGF;AXIN2;MOB3B;FGR;MOB3C;FKBP8;MYADM;PECAM1;ADTRP;TNIK;GAS6;ENG;FAXDC2;PIK3R3;FBLN1;PRR5L;FPR2;AGER;CORO1C;TTN;FXR1;PPP2CA;ERBB4;P2RY1;INPP5K;FYN;SLIT2;ZBED3;WWTR1;CD74;PRNP;NTRK2;TGFB1;ANGPT1;ODAM;RARRES2;IGF2;DAB2IP;VEGFC;PTPN13;BMP4;BST1;MARCO;BMP2;DAB2;FER;CD4;SLCO3A1;TMEM119;FAS;TEK
GO_Biological_Process_2023,Regulation Of Cell Population Proliferation (GO:0042127),145/766,1.5042506944772938e-11,1.0820576662273332e-08,0,0,1.9712334690670263,49.12341624171985,CSF3;VIPR1;ATP8A2;TFRC;RTKN2;ADARB1;CLU;FGF2;ETS1;FGF7;CCND2;RPS6KA2;KDR;JUNB;SOX7;PDGFRB;PDGFRA;IL11RA;F2R;MAGI2;LIFR;KLHL41;PIAS1;CLDN5;TIAM1;AZGP1;SFRP1;SFRP5;COL4A3;AGTR1;NUPR1;IL6ST;BEX4;PTGFR;CUL3;NPR3;PDGFB;GATA3;FOXO4;PDS5B;EFNB2;GRK5;NACC2;IGFBP7;IGFBP6;WNT2;WWTR1;JUN;TGFB2;JAG1;JUND;TGFB1;TSLP;IGF2;SMAD6;ALOX15B;SMARCA2;BMP6;BMP5;BMP4;BST1;BMP2;FER;IL6;CDK6;RGCC;NR4A3;ID2;SCGB3A1;FGFR4;IL7R;FGFR2;FGFR1;TRIM71;ACVRL1;BTG2;BMPR2;ELN;TGFB1I1;FLT4;PTEN;CX3CL1;RERG;MECP2;HHEX;ADAMTS1;GPER1;CTSH;EMILIN1;JAK2;ADAMTS8;CD33;KLF11;EDN1;MYOCD;TSC22D1;ITGA1;GKN2;EMP2;GAB2;AXIN2;CBFA2T3;TGFBR2;KAT2B;HCK;ALDH1A2;MMRN2;RAPGEF2;CDH13;CD47;SHANK2;ENG;HBEGF;CCL14;KANK2;CEBPA;PLA2G1B;PTN;PPM1D;DLL1;GNAI2;FRZB;ERBB4;CXCR2;PDPN;SH2B3;NTRK2;TCF7L2;CCL23;CDKN2B;CNBP;DAB2IP;VEGFC;NAP1L1;TBX5;PODN;MEIS2;TBX3;EPOR;SKI;TJP1;MEIS1;MYO1C;APC;PF4
GO_Biological_Process_2023,Negative Regulation Of Cell Population Proliferation (GO:0008285),86/379,2.4418225516141542e-11,1.5046543829706798e-08,0,0,2.454130083630774,59.96836517063564,ACVRL1;CDKN1C;BTG2;ATP8A2;BMPR2;TGFB1I1;PTEN;ADARB1;ETS1;RERG;ADAMTS1;RPS6KA2;GPER1;JAK2;ADAMTS8;SOX7;CD33;KLF11;MYOCD;PTGIR;KRT4;IGFBP5;APLP2;CTNNBIP1;F2R;MAGI2;ITGA1;AXIN2;CBFA2T3;TGFBR3;KAT2B;MN1;AZGP1;SFRP1;SFRP5;ALDH1A2;COL4A3;MMRN2;RAPGEF2;CDH13;PPARG;ANG;NUPR1;TRIB1;KANK2;CEBPA;NDRG4;GATA6;FBLN1;GATA3;FOXO4;PDS5B;GATA2;PPM1D;DLL1;FRZB;ERBB4;NACC2;PDPN;APOD;IGFBP7;IGFBP6;PPARGC1A;SH2B3;CCL23;CDKN2B;TGFB2;TGFB1;DAB2IP;PODN;MCC;SMAD6;TBX5;ALOX15B;SMARCA2;TBX3;BMP5;SKI;BMP4;BMP2;IL6;CDK6;RGCC;MYO1C;APC;OGN
GO_Biological_Process_2023,Positive Regulation Of Cell Differentiation (GO:0045597),70/283,3.0059698581351987e-11,1.5046543829706798e-08,0,0,2.739432173851188,66.37051278067953,ACVRL1;GSK3B;CSF3;BMPR2;TGFB1I1;ADIRF;TMEM100;GJA1;ZFP36;GLIPR2;KDR;CD36;SOX6;CD34;HOXA5;CMKLR1;SOX5;MEF2C;PRKCH;ZHX3;HGF;CTNNBIP1;AXIN2;NPNT;TGFBR2;TIAM1;OLFM1;SFRP1;AGTR1;RAPGEF2;PPARG;PRKD1;IL6ST;NBL1;RBM24;DDR2;PKDCC;LAMA2;PLA2G5;PTN;NID1;RAP1A;RRAS;FRZB;PDPN;SMARCE1;MSR1;WWTR1;TGFB2;TGFB1;LAMB2;RARRES2;ZBTB16;LAMB1;TMEM64;ALOX15B;SMARCA2;BMP6;BMP4;HEYL;BMP2;DAB2;IL6;RGCC;ID2;TMEM119;TCF4;FERMT2;PF4;FGFR1
GO_Biological_Process_2023,Positive Regulation Of Cell Migration (GO:0030335),68/272,3.453379854899159e-11,1.5046543829706798e-08,0,0,2.7773573005361083,66.90398943167625,SEMA5A;BMPR2;FLT1;FLT4;FAM107A;MYLK;SRGAP2C;CDH5;SYDE1;GLIPR2;HYAL1;GPER1;KDR;ENPP2;CTSH;PDGFRB;PDGFRA;EDN1;SEMA6A;MYOC;PRKCE;HGF;SEMA6D;F2R;GAB1;ACTN4;FGR;TIAM1;DAAM2;TMSB15A;RUFY3;MYADM;PECAM1;RAPGEF2;CDH13;ITGA6;DDR2;HBEGF;PDGFB;TWIST2;SEMA3G;PIK3R3;NEDD9;SEMA3E;PPM1F;PODXL;PDPN;CLASP2;TGFB2;DMTN;TGFB1;UBE2I;F10;FZD4;CAV1;RDX;DAB2IP;LAMB1;RAB11A;TJP1;BMP2;DAB2;FER;CXCL12;MYO1C;APC;CNTN1;FERMT2
GO_Biological_Process_2023,Cellular Response To Growth Factor Stimulus (GO:0071363),47/155,3.486224242286097e-11,1.5046543829706798e-08,0,0,3.6098967820279295,86.92493102325376,ACVRL1;RAMP2;BMPR2;FLT1;FLT4;PDGFB;NDNF;ZFP36L2;TMEM100;ZFP36;CLEC3B;RAP1A;HYAL1;HYAL2;KDR;INPP5K;NOS1;SOX6;WNT2;MAP2K5;SOX5;MEF2C;SEMA6A;EGR3;TGFB1;ANXA1;APLP2;HGF;MAGI2;PDE2A;DAB2IP;SMAD9;KLF4;BMP6;SMAD7;TGFBR2;EEF1A1;BMP4;EHD1;NR4A1;SFRP1;BMP2;GAS1;RAPGEF2;XCL1;PRKD1;CD44
GO_Biological_Process_2023,Negative Regulation Of Signal Transduction (GO:0009968),67/267,4.0291851715620514e-11,1.5809057454965286e-08,0,0,2.7905579196217496,66.79164621874877,PID1;HHIP;ARRB1;FGF2;CX3CL1;RGS2;CYP26B1;HHEX;UBASH3B;HEY1;PALM;SOSTDC1;DACT3;EMILIN1;NCK1;EGFL7;PTGIR;SEMA6A;IGFBP5;PRKCB;CTNNBIP1;IRAK3;SHISA2;HIC1;DCN;DKK3;SFRP1;SFRP5;MMRN2;PRKCQ;PPARG;AGTR2;CD47;CARD16;TRIB1;KANK2;CX3CR1;KANK1;NDRG4;LEPROT;LRP1;GATA3;APCDD1;GATA2;LILRA2;NKD1;FSTL3;NKD2;FRZB;WIF1;GPC3;INPP5K;APOD;SNCA;PTPN1;BDNF;PTCH1;SPRY4;DAB2IP;WWP2;BMP5;APLN;NR4A2;BMP2;KIF26A;NEDD4;SPRY1
GO_Biological_Process_2023,Transmembrane Receptor Protein Tyrosine Kinase Signaling Pathway (GO:0007169),69/284,9.791718058179767e-11,3.5217545949253236e-08,0,0,2.673608558315632,61.61838665141759,TRIM71;GSK3B;FLT1;FLT4;FGF2;PTPRG;GHR;FGF7;UBASH3B;KDR;PDK4;ANKS1A;JAK2;ROS1;PDGFRB;PDGFRA;HGF;GAB1;FGR;TIAM1;HCK;DOK2;COL4A2;DOK6;COL4A6;RAPGEF2;ROR1;PRKD1;EPHA3;ANGPTL1;DDR2;FOXC2;SHC3;ARHGEF28;PXN;PDGFB;PIK3R3;NEDD9;PIK3R1;ADRB2;FOXO4;FOXO1;ART4;EFNB2;SOCS2;FLRT3;ERBB4;CHN1;ZNF106;FYN;KL;NTRK2;ANGPT1;SORT1;BDNF;CAV2;RARRES2;TIE1;IGF2;VEGFC;SORBS1;FER;CD4;NR4A3;RAB14;TEK;FGFR4;FGFR2;FGFR1
GO_Biological_Process_2023,Sprouting Angiogenesis (GO:0002040),24/52,1.4448359451032295e-10,4.7968553377427225e-08,0,0,7.066066463656825,160.1019103970055,SEMA5A;CCBE1;RAMP2;EGR3;TGFB1;ANGPT1;FLT4;PIK3R3;VEGFC;SEMA3E;PARVA;FGF2;DLL1;EFNB2;BMP4;NR4A1;KDR;RSPO3;CDH13;ADTRP;SLIT2;TEK;RECK;ENG
GO_Biological_Process_2023,Cellular Response To Transforming Growth Factor Beta Stimulus (GO:0071560),34/96,1.7693317758943629e-10,5.4545971034000516e-08,0,0,4.533129092328948,101.79254243751475,ACVRL1;HPGD;PXN;LTBP2;LRRC32;ZFP36L2;CDH5;CLEC3B;HYAL2;SOX6;WNT2;SOX5;GDF10;LEFTY1;MEF2C;JUN;TGFB2;TGFB1;APLP2;PDE2A;SMAD9;FOS;SMAD6;TGFBR2;SMAD7;TGFBR3;SKI;CLDN5;SFRP1;ID1;ZYX;XCL1;FERMT2;ENG
GO_Biological_Process_2023,Regulation Of Canonical Wnt Signaling Pathway (GO:0060828),55/207,2.2515592049201028e-10,6.352167102970854e-08,0,0,3.0053138841461906,66.76072775512777,SEMA5A;GSK3B;LRRK2;PTPRO;JADE1;LIMD1;HHEX;SOX17;TMEM88;DACT3;SOX7;WLS;TLE4;USP47;IGFBP4;DAPK3;SOX13;AXIN2;TMEM170B;DKK2;DKK3;PPM1A;SFRP1;ZEB2;LATS2;DAAM2;SFRP5;RBMS3;CCL14;KANK1;LRP4;PRICKLE1;NKD1;NKD2;SCEL;FRZB;GPC3;IGFBP6;ZBED3;WWTR1;TCF7L2;TGFB1;FZD7;CAV1;DAB2IP;TMEM64;MCC;BMP2;DAB2;APC;GNAQ;CDK14;LGR5;FOLR1;FGFR2
GO_Biological_Process_2023,Negative Regulation Of Cell Migration (GO:0030336),47/163,2.354834885253329e-10,6.352167102970854e-08,0,0,3.3594201728175723,74.47626345696717,ACVRL1;KANK1;NDRG4;CLIC4;MCTP1;LRP1;CITED2;PTEN;NEDD9;ADARB1;FOXO3;FGF2;CX3CL1;CORO1C;PTPRG;GJA1;DACH1;HYAL2;SAP30L;EMILIN1;SLIT2;SCAI;CLASP2;CD74;JAG1;IGFBP5;LIMCH1;MAGI2;DAB2IP;MITF;MCC;PODN;TBX5;ALOX15B;SMAD7;RHOB;CLDN5;SFRP1;NAV3;CDH11;MMRN2;ADTRP;TRIB1;PHLDB2;RECK;VCL;ENG
GO_Biological_Process_2023,Regulation Of Endothelial Cell Proliferation (GO:0001936),33/93,3.0860991830970355e-10,7.835061220145181e-08,0,0,4.544858073522569,99.52758806250912,SEMA5A;BMPR2;SPARC;FLT4;PDGFB;PTPRM;FGF2;FUT1;ALOX5;APOH;AKT3;ATOH8;KDR;PPP1R16B;EGFL7;EGR3;ANGPT1;CAV2;CAV1;TIE1;TNFSF12;VEGFC;NR2F2;SYNJ2BP;BMP4;NR4A1;BMP2;RGCC;CNTN1;CDH13;ANG;PRKD1;TEK
GO_Biological_Process_2023,Regulation Of Focal Adhesion Assembly (GO:0051893),24/54,3.8224225045956067e-10,8.682934489386654e-08,0,0,6.594253938832252,142.99617605157198,ACVRL1;MACF1;DMTN;MYOC;LIMCH1;DAPK3;FAM107A;PTEN;ARHGAP6;PPM1F;CORO1C;SFRP1;PEAK1;KDR;APOD;FYN;TEK;TLN1;PHLDB2;EPHA3;VCL;GPM6B;FERMT2;CLASP2
GO_Biological_Process_2023,Regulation Of Smooth Muscle Cell Proliferation (GO:0048660),24/54,3.8224225045956067e-10,8.682934489386654e-08,0,0,6.594253938832252,142.99617605157198,PDGFRB;TCF7L2;EDN1;PTGIR;NDRG4;BMPR2;TGFB1;IGFBP5;ELN;PDGFB;CX3CL1;FOXP1;BMP4;BMP2;IL6;NR4A3;ID2;OGN;CDH13;ANG;PPARG;APOD;TRIB1;PPARGC1A
GO_Biological_Process_2023,Negative Regulation Of Smooth Muscle Cell Proliferation (GO:0048662),19/37,1.2276399082745731e-09,2.649246922056529e-07,0,0,8.686495094262085,178.23100289276928,NDRG4;MEF2C;PTGIR;BMPR2;IGFBP5;PTEN;APLN;BMP4;CNN1;EFEMP2;BMP2;GPER1;OGN;APOD;ANG;PPARG;TRIB1;PPARGC1A;PRKG1
GO_Biological_Process_2023,Regulation Of Endothelial Cell Migration (GO:0010594),31/88,1.2989966815942083e-09,2.669747465600288e-07,0,0,4.490697920999617,91.8871953374994,ACVRL1;FOXC2;BMPR2;SPARC;FLT4;PTPRM;GATA3;PTN;ETS1;FGF2;FUT1;RRAS;APOH;ATOH8;KDR;SLIT2;SASH1;EDN1;ANGPT1;ANXA3;DAB2IP;EMP2;NR2F2;SYNJ2BP;DCN;FOXP1;RHOB;BMP4;RHOJ;PRKD1;TEK
GO_Biological_Process_2023,Negative Regulation Of Wnt Signaling Pathway (GO:0030178),41/140,1.954065894585516e-09,3.763839296072933e-07,0,0,3.4274505918597464,68.73187853133484,CCL14;GSK3B;LRP1;PTPRO;JADE1;LRP4;PRICKLE1;APCDD1;LIMD1;NKD1;NKD2;SOX17;TMEM88;FRZB;WIF1;DACT3;SOSTDC1;IGFBP6;TLE4;WWTR1;TCF7L2;IGFBP4;CAV1;CTNNBIP1;SOX13;DAB2IP;SHISA2;AXIN2;TMEM64;TMEM170B;MCC;DKK2;HIC1;DKK3;SFRP1;BMP2;DAB2;LATS2;APC;SFRP5;RBMS3
GO_Biological_Process_2023,Regulation Of Wnt Signaling Pathway (GO:0030111),35/109,2.005753100316901e-09,3.763839296072933e-07,0,0,3.908911240070998,78.28472791793394,MACF1;KANK1;LRP1;LRRK2;APCDD1;NKD1;NKD2;PPP2CA;HHEX;FRZB;WIF1;RSPO2;GPC3;DACT3;RSPO3;SOSTDC1;SOX7;WLS;TCF7L1;FZD7;CTNNBIP1;DCDC2;SHISA2;HIC1;SKI;TIAM1;SFRP1;BMP2;DAAM2;TMEM237;SFRP5;GNAQ;CDK14;FOLR1;FGFR2
GO_Biological_Process_2023,Positive Regulation Of Phosphorylation (GO:0042327),57/231,2.219068664395378e-09,3.99062514813769e-07,0,0,2.719967545638945,54.19855814760537,FLT1;TFRC;FLT4;LRRK2;ARRB1;FGF2;CCND2;CCND1;GPER1;KDR;LEPR;ROS1;PDGFRB;PDGFRA;LIMCH1;HGF;AXIN2;MOB3B;MOB3C;PECAM1;ROR1;ANG;ITGA6;ADTRP;TNIK;GAS6;DDR2;ENG;FAXDC2;PIK3R3;FPR2;AGER;FXR1;ERBB4;P2RY1;CD74;NTRK2;TGFB1;ANGPT1;ODAM;FZD7;RARRES2;TIE1;IGF2;VEGFC;BMP4;MARCO;BMP2;DAB2;CD4;SLCO3A1;TMEM119;FAS;TEK;FGFR4;FGFR2;FGFR1
GO_Biological_Process_2023,Positive Regulation Of Epithelial Cell Migration (GO:0010634),32/95,2.5641680248734526e-09,4.4242394625079177e-07,0,0,4.194610557401255,82.97624145547383,FOXC2;BMPR2;SPARC;FLT4;GATA3;ETS1;FGF2;FUT1;PPM1F;FGF7;RRAS;GLIPR2;HYAL1;ATOH8;ENPP2;KDR;CTSH;SASH1;CLASP2;EDN1;TGFB2;ANGPT1;ANXA3;IQSEC1;PRKCE;RAB11A;FOXP1;RHOB;BMP4;PRKD1;TEK;MAPRE2
GO_Biological_Process_2023,Regulation Of ERK1 And ERK2 Cascade (GO:0070372),59/244,2.665204495486697e-09,4.4242394625079177e-07,0,0,2.6488446996219017,52.29610130045056,FLT4;PTEN;ARRB1;HMGB1;FGF2;CX3CL1;GLIPR2;GPER1;KDR;TIMP3;SIRPA;EMILIN1;CD36;ROS1;PDGFRB;PDGFRA;SEMA6A;F2R;NPNT;MTURN;TGFBR3;RAPGEF2;XCL1;ROR1;GAS6;TLR4;CD44;DDR2;CCL14;NDRG4;RAMP3;C5AR1;PDGFB;FBLN1;FPR2;PLA2G5;AGER;RAP1A;RRAS;ERBB4;P2RY1;CCL15;CD74;NTRK2;PTPN1;CCL23;TGFB1;CCL21;ANGPT1;DAB2IP;SYNJ2BP;MARCO;BMP2;CD4;SPRY1;TEK;FGFR4;FERMT2;FGFR2
GO_Biological_Process_2023,Positive Regulation Of Cell Motility (GO:2000147),55/221,3.038430888025985e-09,4.856988041748204e-07,0,0,2.7496728805206723,53.92637723503434,SEMA5A;FLT1;FLT4;FAM107A;MYLK;CDH5;GPER1;KDR;CTSH;PDGFRB;PDGFRA;EDN1;MYOC;HGF;SEMA6D;F2R;ACTN4;FGR;TIAM1;DAAM2;TMSB15A;RUFY3;MYADM;PECAM1;CDH13;ITGA6;HBEGF;PDGFB;TWIST2;SEMA3G;PIK3R3;NEDD9;SEMA3E;PPM1F;DUOX1;PODXL;SPOCK2;PDPN;TGFB1;UBE2I;CCL21;F10;FZD4;CAV1;RDX;LAMB1;TJP1;BMP2;DAB2;FER;CXCL12;MYO1C;APC;CNTN1;FERMT2
GO_Biological_Process_2023,Positive Regulation Of Protein Phosphorylation (GO:0001934),80/377,3.41168018252809e-09,5.11131503300561e-07,0,0,2.2452242052622644,43.7730279406448,ACVRL1;CSF3;BMPR2;TFRC;FLT4;LRRK2;ARRB1;FGF2;CX3CL1;GHR;FGF7;RASSF2;CCND2;CCND1;GPER1;KDR;ENPP2;LEPR;NOS1;JAK2;LEFTY1;LIMCH1;HGF;SH2D3C;AXIN2;MOB3B;TGFBR2;MOB3C;APLNR;PECAM1;RAPGEF2;PPARG;PRKD1;ADTRP;TNIK;ITGA5;GAS6;CD44;DDR2;ENG;CX3CR1;RAMP3;FAXDC2;PDGFB;PIK3R3;FPR2;AGER;FXR1;RAP1A;ERBB4;P2RY1;SNCA;GDF10;CD74;PRNP;NTRK2;TGFB2;TGFB1;CCL21;ANGPT1;ODAM;BDNF;CAV1;RARRES2;IGF2;VEGFC;BMP6;BMP5;BMP4;MARCO;BMP2;DAB2;IL6;CD4;SLCO3A1;TMEM119;FAS;CSPG4;TEK;CALM1
GO_Biological_Process_2023,Negative Regulation Of Cellular Process (GO:0048523),104/537,3.434386838673834e-09,5.11131503300561e-07,0,0,2.00943792552352,39.162794627053856,SEMA5A;ATP8A2;JADE1;ADARB1;CLU;ETS1;GJA1;SOX17;RPS6KA2;SOX7;APLP2;F2R;MAGI2;AZGP1;SFRP1;SFRP5;COL4A3;TXNIP;AGTR2;NUPR1;NPR1;NOTCH4;FBLN1;GATA3;FOXO4;PDS5B;PRDM11;PODXL;NACC2;PLXNA2;IGFBP7;IGFBP6;TGFB2;TGFB1;WFS1;SMAD6;ALOX15B;SMARCA2;BMP5;BMP4;NR4A1;BMP2;IL6;CDK6;RGCC;SCGB3A1;ACVRL1;BTG2;BMPR2;TGFB1I1;FHL1;PDE3B;PTEN;WFDC1;RERG;ADAMTS1;HYAL1;HYAL2;GPER1;DACT3;TMEM109;EMILIN1;JAK2;ADAMTS8;CD33;KLF11;MYOCD;DUSP1;ITGA1;AXIN2;CBFA2T3;RHOB;KAT2B;ALDH1A2;MMRN2;RAPGEF2;CDH13;CRYAB;FBP1;KANK2;CEBPA;HPGD;PPM1D;DLL1;PPP2CA;FRZB;CCDC85B;ERBB4;ALOX5;PDPN;MSX1;SLIT2;SH2B3;JAM2;CCL23;CDKN2B;ANGPT1;SUSD2;DAB2IP;TBX5;PODN;SKI;MYO1C;APC
GO_Biological_Process_2023,Positive Regulation Of Intracellular Signal Transduction (GO:1902533),102/525,4.0815811449246855e-09,5.872034740498314e-07,0,0,2.016605291871249,38.95432356912638,SEMA5A;CSF3;TFRC;WWC1;RTKN2;FGF2;NR3C2;GJA1;KDR;TNFSF10;PLCE1;WLS;TGM2;PDGFRB;PDGFRA;PRKCB;HGF;F2R;MID2;DOK2;DOK6;ROR1;S100A4;PRKD1;CARD16;NUPR1;S100A8;PDGFB;GATA3;ADRB2;AGER;ART4;S100A12;IGFBP6;NDFIP2;TGFB2;NDFIP1;TGFB1;CAV2;CAV1;IGF2;BMP6;BMP4;SELP;DAB2;BMP2;IL6;CNTN1;RPS20;FERMT2;FGFR2;FGFR1;BMPR2;FLT1;HIP1;SLC44A2;FLT4;HMGB1;CX3CL1;IQCJ-SCHIP1;AKAP13;GPER1;CASP1;JAK2;MYOC;VWF;TNFRSF19;DCN;FGR;PPM1A;RAPGEF2;CDH13;PPARG;GAS6;TLR4;TLR3;ENG;HBEGF;DDR2;CX3CR1;NFAT5;RAMP3;SEMA3E;FLNA;SASH1;P2RY12;NTRK2;CD74;MAP3K3;TCF7L2;CCL21;F10;ANGPT1;DAB2IP;CFLAR;FKBP1A;CD4;MYO1C;VAPA;NEDD4;TEK;LAMTOR3
GO_Biological_Process_2023,Regulation Of Cell-Matrix Adhesion (GO:0001952),25/65,6.417612391514945e-09,8.934972607025322e-07,0,0,5.151251738525731,97.17434447430288,GSK3B;MACF1;SEMA3E;FUT1;CX3CL1;CORO1C;FYN;CD36;GPM6B;JAG1;MYOC;CCL21;LIMCH1;PLEKHA2;DAPK3;EMP2;BST1;SFRP1;CDK6;PEAK1;CDH13;TLN1;UTRN;EPHA3;VCL
GO_Biological_Process_2023,Regulation Of Signal Transduction (GO:0009966),49/193,1.0828883810252242e-08,1.460545703907771e-06,0,0,2.81953560452154,51.71324024516255,SEMA5A;HHIP;LRRK2;RORA;CLU;ZDHHC3;CX3CL1;RGS5;RGS2;LURAP1L;UBASH3B;TMEM108;UBTF;PLCE1;CD36;RGS9;NCK1;IGFBP5;IGFBP4;SREBF2;MFNG;GAS1;KCTD12;PRKD1;SIK2;MGLL;RGS16;PXN;GATA3;DLL1;PPP2CA;SOCS2;GRK5;TMEM204;GNG7;IGFBP7;FYN;IGFBP6;PRNP;PTPN1;TCF7L1;PTCH1;DCDC2;SYNJ2BP;BST1;KIF26A;TMEM237;VEPH1;FGFR2
GO_Biological_Process_2023,Positive Regulation Of MAPK Cascade (GO:0043410),68/310,1.27003061829133e-08,1.661046105619812e-06,0,0,2.3361924048257583,42.47580865590877,FLT1;WWC1;FLT4;LRRK2;ARRB1;HMGB1;FGF2;CX3CL1;GHR;GLIPR2;GPER1;KDR;PLCE1;CD36;PDGFRB;PDGFRA;MEF2C;EDN1;F2R;NPNT;MTURN;DOK2;DOK6;RAPGEF2;XCL1;ROR1;GAS6;TLR4;CD44;DDR2;CCL14;NDRG4;RAMP3;PLA2G1B;C5AR1;PDGFB;FPR2;PLA2G5;ADRB2;AGER;ART4;RAP1A;ERBB4;P2RY1;S100A12;IGFBP6;MAP2K5;CCL15;CD74;NTRK2;CCL23;TGFB2;TGFB1;CCL21;ANGPT1;CAV2;IGF2;DAB2IP;BMP4;MARCO;BMP2;IL6;CD4;TEK;FGFR4;FERMT2;FGFR2;FGFR1
GO_Biological_Process_2023,Hemopoiesis (GO:0030097),32/101,1.4044612990302585e-08,1.782839696063116e-06,0,0,3.828567576676778,69.22443346391798,CEBPA;WNT2B;NOTCH4;RTKN2;PDGFB;DLL1;ZFP36L2;FSTL3;RRAS;MKNK2;KDR;CD34;SH2B3;TGFB2;JAG1;TGFB1;FST;ZBTB16;TMEM190;EPOR;TGFBR2;BMP4;TGFBR3;MFAP5;SFRP1;MEIS1;SNRK;TAL1;SBDS;TEK;IL7R;FGFR2
GO_Biological_Process_2023,Positive Regulation Of Cell Population Proliferation (GO:0008284),94/483,1.5217865587732436e-08,1.8765802250472345e-06,0,0,2.017066552413596,36.30880298720911,CSF3;VIPR1;PID1;FLT4;RTKN2;PTEN;FGF2;CX3CL1;AQP1;MECP2;GJA1;FGF7;CCND2;HYAL1;GPER1;KDR;CTSH;JAK2;PDGFRB;PDGFRA;MEF2C;EDN1;PRKCH;TSC22D1;IL11RA;F2R;EMP2;LIFR;GAB2;FOXP1;TGFBR2;TGFBR3;CLDN5;TIAM1;HCK;SFRP1;CDH13;CD47;GAS6;IL6ST;ZFPM2;SHANK2;HBEGF;DDR2;CCL14;PTGFR;PLA2G1B;CUL3;C5AR1;PDGFB;PTN;DLL1;GNAI2;EFNB2;GRK5;ERBB4;CXCR2;WNT2;NTRK2;WWTR1;CD74;MAP3K3;TCF7L2;TGFB2;TGFB1;TSLP;CNBP;IGF2;VEGFC;LAMB1;NAP1L1;SMARCA2;MEIS2;TBX3;BMP6;EPOR;TBX2;BMP5;TJP1;BMP4;BST1;BMP2;FER;IL6;MEIS1;CDK6;NR4A3;ID2;TMEM119;FGFR4;IL7R;NES;FGFR2;FGFR1
GO_Biological_Process_2023,Actomyosin Structure Organization (GO:0031032),27/77,1.6687157517897586e-08,1.946534374249891e-06,0,0,4.45230626450116,79.73468961738212,CUL3;LMOD1;ARRB1;TTN;PDLIM1;EPB41L5;FAM171A1;CSRP2;CSRP1;EPB41L2;EPB41L3;PGM5;PHACTR1;MYH11;MYOZ1;MYH10;TMOD1;ACTN2;TMOD2;SORBS1;FHDC1;KLHL41;FRMD3;TJP1;TNNT2;ZYX;MYL9
GO_Biological_Process_2023,Positive Regulation Of Endothelial Cell Proliferation (GO:0001938),27/77,1.6687157517897586e-08,1.946534374249891e-06,0,0,4.45230626450116,79.73468961738212,SEMA5A;BMPR2;FLT4;PDGFB;HMGB1;GATA2;FGF2;AKT3;KDR;PPP1R16B;EGFL7;EGR3;TNFSF12;IGF2;VEGFC;APLN;BMP4;NR4A1;BMP2;AGTR1;APLNR;CNTN1;CDH13;ANG;PRKD1;TEK;FGFR1
GO_Biological_Process_2023,Positive Regulation Of Macromolecule Metabolic Process (GO:0010604),76/364,1.7437731841196017e-08,1.9805592270158422e-06,0,0,2.196568006753192,39.24087357244304,GSK3B;CALCOCO1;PID1;BMPR2;TFRC;CITED2;CLU;ETS1;FGF2;ACTG2;CDH5;GJA1;FGF7;LAMP3;GPER1;CTSH;EMILIN1;CD36;BVES;CD34;HOXA5;MEF2C;SLC11A1;ANK2;MITF;ANK3;ACTA2;CLDN5;OLFM1;TYROBP;AGTR1;PPARG;PGR;ADTRP;GAS6;TLR4;TLR3;RBMS3;RAMP2;RAMP3;SLC24A3;PDGFB;PIK3R3;GATA2;DLL1;PPM1F;TTN;PPARGC1A;MAP2K5;SNCA;EGR1;CD74;IL33;NTRK2;PTPN1;GSN;TGFB1;ANGPT1;ODAM;WFS1;EPHX2;PDE2A;RDX;MSN;KLF4;BMP6;KLF2;BMP4;BMP2;IL6;RGCC;ID2;CNTN1;TMEM119;FGFR4;PF4
GO_Biological_Process_2023,Cellular Response To Cytokine Stimulus (GO:0071345),67/308,2.2930126550108633e-08,2.535238609165553e-06,0,0,2.31042641476119,40.64228183362391,GSK3B;CSF3;PID1;CSF3R;LRRK2;AQP4;CX3CL1;GHR;ZFP36;HYAL1;HYAL2;GPER1;LEPR;CASP1;SIRPA;CTSG;PRKACA;JAK2;HLA-DPA1;PTGIS;MME;DAPK1;DUSP1;IL11RA;DAPK3;LIFR;IRAK3;NPNT;HCK;SFRP1;IL3RA;XCL1;CD47;GAS6;IL6ST;TLR4;CCL14;CEBPA;NFAT5;SELPLG;NPR2;GATA3;LILRA2;ZFP36L2;DUOX1;TPR;INPP5K;ST3GAL6;SH2B3;GBP4;CCL15;EGR1;CCL23;CCL21;PDE2A;DAB2IP;LILRB2;EPOR;FER;IL6;CD4;CXCL12;LRCH1;MNDA;CALM1;IL7R;PF4
GO_Biological_Process_2023,Enzyme-Linked Receptor Protein Signaling Pathway (GO:0007167),36/124,2.381800270055388e-08,2.535238609165553e-06,0,0,3.3798610522748453,59.3261066216335,SHC3;BMPR2;FLT1;LRP1;NPR1;NPR2;FLT4;NEDD9;PTN;ART4;PTPRG;ERBB4;KDR;FYN;JAK2;ROS1;PDGFRB;PDGFRA;NTRK2;BDNF;TIE1;LIFR;PTPRD;FGR;HCK;DOK2;CD4;DOK6;ROR1;TEK;IL6ST;FGFR4;FGFR2;ANGPTL1;FGFR1;DDR2
GO_Biological_Process_2023,Regulation Of Epithelial To Mesenchymal Transition (GO:0010717),28/83,2.4083591977707993e-08,2.535238609165553e-06,0,0,4.198227399341605,73.64419275719234,TGFB1I1;PTEN;GATA3;PPP2CA;GLIPR2;PDPN;CLASP2;WWTR1;TGFB2;TGFB1;DAB2IP;AXIN2;TBX5;TGFBR2;BMP5;SMAD7;OLFM1;TIAM1;SFRP1;BMP2;DAB2;IL6;RGCC;SPRY1;PHLDB2;EPHA3;FERMT2;FOXA2
GO_Biological_Process_2023,Negative Regulation Of Macromolecule Metabolic Process (GO:0010605),47/186,2.513153018538472e-08,2.582563911431439e-06,0,0,2.799902279581487,48.99588924655368,ACVRL1;GSK3B;SPI1;SLC24A3;LRP1;CITED2;PDGFB;PCSK9;GATA2;FGF2;MECP2;EDNRB;GPER1;HEY2;ATOH8;KDR;EMILIN1;CD34;LDLR;SH3GL2;MSR1;MEF2C;NDFIP2;TGFB2;EDN1;NDFIP1;TGFB1;WWP2;LILRB2;UPK3B;KLF4;FOXP1;APLN;BMP4;CLDN5;OLFM1;SFRP1;BMP2;ID2;APLNR;MYADM;PGR;PPARG;CCDC3;OPTN;ENG;RBMS3
GO_Biological_Process_2023,Positive Regulation Of Angiogenesis (GO:0045766),35/119,2.5781978641291234e-08,2.587791158507278e-06,0,0,3.4416239714330072,60.13752652542142,SEMA5A;FOXC2;RAMP2;FLT1;HSPB6;GATA6;GATA2;ETS1;FGF2;FUT1;DLL1;AQP1;CDH5;RRAS;HYAL1;KDR;CTSH;EMILIN1;CD34;SASH1;PTGIS;PRKCB;ANXA3;TNFSF12;GAB1;VEGFC;EMP2;KLF4;RHOB;TJP1;APLNR;CNTN1;PRKD1;ITGA5;TEK
GO_Biological_Process_2023,Negative Regulation Of Canonical Wnt Signaling Pathway (GO:0090090),34/114,2.7663344563598053e-08,2.71352261673839e-06,0,0,3.5096135940409683,61.07835849585495,CCL14;GSK3B;PTPRO;JADE1;LRP4;PRICKLE1;LIMD1;NKD1;NKD2;SOX17;TMEM88;FRZB;DACT3;IGFBP6;TLE4;WWTR1;TCF7L2;IGFBP4;CAV1;SOX13;DAB2IP;AXIN2;TMEM64;TMEM170B;MCC;DKK2;DKK3;SFRP1;BMP2;DAB2;LATS2;APC;SFRP5;RBMS3
GO_Biological_Process_2023,Negative Regulation Of Epithelial Cell Proliferation (GO:0050680),25/70,3.6889647886893e-08,3.53812711732956e-06,0,0,4.577602637407923,78.34720204254565,CDKN1C;SPARC;PTPRM;GATA3;ALOX5;APOH;ATOH8;CDKN2B;TGFB2;TGFB1;KRT4;CAV2;CAV1;DAB2IP;NR2F2;MCC;SYNJ2BP;TGFBR3;SFRP1;CDK6;RGCC;NFIB;KLF9;NUPR1;FGFR2
GO_Biological_Process_2023,Negative Regulation Of Multicellular Organismal Process (GO:0051241),54/231,4.249315342696853e-08,3.958877507858737e-06,0,0,2.529135338345865,42.92934816044259,GSK3B;SPI1;BMPR2;WWC1;PTPRO;PTEN;PTPRG;SLC6A4;ADAMTS5;GJA1;RGS2;WWC3;SOSTDC1;EMILIN1;SPX;MEF2C;MYOCD;SLC11A1;F2R;SFRP1;ALDH1A1;GAS6;TLR4;PTGER4;FOXC2;LAMA4;NPR3;LRP4;GATA3;AGER;CORO1C;PPP2CA;RAB11FIP1;SAP30L;ZNF423;N4BP1;PTCH1;PLCL1;DAB2IP;MCC;SMAD6;TBX5;BMP5;SMAD7;BMP4;BMP2;RGCC;NFIB;SYT11;ID1;SPRY1;IL17D;IL18R1;FOXA2
GO_Biological_Process_2023,Regulation Of Phosphatidylinositol 3-Kinase Signaling (GO:0014066),29/90,4.3490353414906884e-08,3.958877507858737e-06,0,0,3.920971880639291,66.46332268444897,CSF3;FLT1;PTEN;PDGFB;SEMA3E;FGF2;GPER1;KDR;PIP5K1B;JAK2;PDGFRB;PPP1R16B;PDGFRA;NTRK2;TGFB2;MYOC;HGF;F2R;DAB2IP;PTPN13;DCN;FGR;SELP;PIK3IP1;NEDD4;ROR1;TEK;DDR2;FGFR1
GO_Biological_Process_2023,Negative Regulation Of Cell Differentiation (GO:0045596),50/207,4.4028294804731086e-08,3.958877507858737e-06,0,0,2.638143664631159,44.68602062042457,PTEN;RORA;LIMD1;EFEMP1;HEY1;GPER1;SOSTDC1;MYOCD;SFRP1;PPARG;TRIB2;ABCG1;NOTCH4;TWIST2;GATA3;DLL1;FOXO1;ZFP36L2;PPP2CA;CCDC85B;RUNX1T1;GDF10;WWTR1;JAG1;TGFB1;CAV1;PTCH1;ZBTB16;IGF2;DAB2IP;CRIM1;TMEM64;SMAD6;TBX5;SMARCA2;MEIS2;TBX3;BMP5;SMAD7;SKI;BMP4;BMP2;IL6;MEIS1;CDK6;ID2;SPRY1;CNTN4;FERMT2;FOXA2
GO_Biological_Process_2023,Negative Regulation Of Protein Phosphorylation (GO:0001933),40/149,4.564838461600878e-08,4.020784244952936e-06,0,0,3.033947523963714,51.28068400384372,PID1;LRP1;LRRK2;PTEN;FBLN1;PRR5L;PPM1F;CORO1C;RASSF2;UBASH3B;CAMK2N1;SNX25;SIRPA;INPP5K;EMILIN1;DMD;SLIT2;SH3GL2;ZBED3;NCK1;SNCA;PRNP;WWTR1;TGFB1;DMTN;CAV1;DAB2IP;SMAD6;PTPN13;SMAD7;SFRP1;GNAQ;FKBP8;MYADM;PPARG;GPD1L;TRIB1;CALM1;TRIB2;ENG
GO_Biological_Process_2023,Positive Regulation Of Response To External Stimulus (GO:0032103),41/155,4.892830473049594e-08,4.223491264336409e-06,0,0,2.97395052320198,50.060240844500406,PTGER4;CEBPA;PDGFB;FPR2;NLRC4;PTN;ETS1;CX3CL1;PPM1F;THBD;CAMK2N1;APOH;HYAL2;CASP1;S100A12;EMILIN1;SCARF1;GPSM3;SASH1;SNCA;PDGFRB;P2RY12;IL33;TGFB1;TSLP;CCL21;RARRES2;PDE2A;SH2D1B;NKG7;GPR4;BMP6;MYO1C;MMRN2;AGTR1;TLR8;CD47;TLR4;OPTN;S100A8;TLR3
GO_Biological_Process_2023,Positive Regulation Of ERK1 And ERK2 Cascade (GO:0070374),45/179,5.825072625004576e-08,4.92961048029799e-06,0,0,2.778968982881568,46.29348058117864,CCL14;NDRG4;RAMP3;FLT4;C5AR1;PDGFB;ARRB1;FPR2;PLA2G5;HMGB1;FGF2;AGER;CX3CL1;RAP1A;GLIPR2;ERBB4;GPER1;P2RY1;KDR;CD36;CCL15;PDGFRB;PDGFRA;CD74;NTRK2;CCL23;TGFB1;ANGPT1;CCL21;F2R;NPNT;MTURN;MARCO;BMP2;CD4;RAPGEF2;XCL1;ROR1;TEK;FGFR4;GAS6;FERMT2;FGFR2;CD44;DDR2
GO_Biological_Process_2023,Maintenance Of Blood-Brain Barrier (GO:0035633),15/29,6.14270870693108e-08,5.098448226752796e-06,0,0,8.802821543938295,146.17450439389884,LAMA2;SLC1A1;TJP1;CDH5;CLDN5;GJA1;IL6;PECAM1;DMD;ESAM;JAM2;VCL;JAM3;MFSD2A;TJP2
GO_Biological_Process_2023,Vasculature Development (GO:0001944),11/16,6.59413631597185e-08,5.36986647919519e-06,0,0,18.05094426531552,298.4633366333136,ACVRL1;PDGFRB;PDGFRA;CDH5;BMPR2;FOXF1;SOX18;FLT4;NOTCH4;APLNR;TCF21
GO_Biological_Process_2023,Transforming Growth Factor Beta Receptor Signaling Pathway (GO:0007179),25/72,7.017120178335333e-08,5.608498275869498e-06,0,0,4.382317837027392,72.1869761153662,ACVRL1;HPGD;PXN;LTBP2;LRRC32;CDH5;GDF10;LEFTY1;JUN;TGFB2;TGFB1;APLP2;SMAD9;FOS;SMAD6;TGFBR2;SMAD7;TGFBR3;SKI;CLDN5;ID1;ZYX;FMOD;FERMT2;ENG
GO_Biological_Process_2023,Negative Regulation Of Blood Vessel Morphogenesis (GO:2000181),26/77,7.395189075345003e-08,5.803206554398006e-06,0,0,4.201153188548147,68.98230972072551,SPARC;NPR1;PDE3B;ECSCR;PTPRM;SEMA3E;FOXO4;MECP2;HHEX;ALOX5;APOH;EMILIN1;HOXA5;TGFB2;SEMA6A;DAB2IP;KLF4;SYNJ2BP;DCN;CLDN5;RGCC;COL4A2;COL4A3;PPARG;TEK;PF4
GO_Biological_Process_2023,Positive Regulation Of Signal Transduction (GO:0009967),59/266,7.591736436873181e-08,5.821529773903009e-06,0,0,2.3643713549097645,38.760606475012736,THRB;CITED2;LRRK2;PTEN;HHEX;GPER1;RSPO2;TMEM108;CTSH;RSPO3;JAK2;WLS;CCBE1;PTGIS;VWF;PRKCB;EMP2;MN1;SFRP1;ITGA5;GAS6;IL6ST;SHANK3;MACF1;KANK1;LAMA2;GATA3;PIK3R1;NID1;DLL1;FLNA;SASH1;CD74;TGFB2;JAG1;DMTN;TGFB1;TSLP;BDNF;CAV2;LAMB2;IGF2;DAB2IP;DCDC2;LAMB1;SORBS1;BMP6;KLF2;SKI;BMP2;IL6;TSPAN14;MYO1C;CNTN1;FAS;TEK;IL7R;LIMS2;FGFR2
GO_Biological_Process_2023,Ventricular Septum Development (GO:0003281),17/37,7.68830391826857e-08,5.821529773903009e-06,0,0,6.987667436489607,114.46484430798094,ROBO2;TGFB2;BMPR2;CITED2;PDE2A;GATA3;TBX5;SMAD7;TGFBR2;TGFBR3;HEYL;HEY1;GJA5;HEY2;APLNR;SLIT2;ZFPM2
GO_Biological_Process_2023,Transmembrane Receptor Protein Serine/Threonine Kinase Signaling Pathway (GO:0007178),36/130,9.029439785285017e-08,6.719148640222436e-06,0,0,3.163054470464595,51.30534581258731,ACVRL1;BMPR2;HPGD;TGFB1I1;PXN;LTBP2;LRRC32;TMEM100;CDH5;ATOH8;GDF10;JUN;TGFB2;LEFTY1;TGFB1;APLP2;MAGI2;SMAD9;FOS;SMAD6;RGMB;BMP6;BMP5;SMAD7;TGFBR2;BMP4;TGFBR3;FKBP1A;SKI;CLDN5;BMP2;ID1;ZYX;PPARG;FERMT2;ENG
GO_Biological_Process_2023,Negative Regulation Of Protein Modification Process (GO:0031400),26/78,9.948603447574656e-08,7.277656352496985e-06,0,0,4.12012987012987,66.42987799418566,BEX4;PPP1R15A;GSK3B;PID1;LRRK2;PTEN;FBLN1;PRR5L;CORO1C;SIRPA;INPP5K;DMD;SLIT2;TPPP;SH3GL2;ZBED3;PPP1R16B;PRNP;WWTR1;CRTAP;TGFB1;DAB2IP;PTPN13;FXYD1;FKBP8;MYADM
GO_Biological_Process_2023,Artery Morphogenesis (GO:0048844),15/30,1.1044230863872607e-07,7.868543374122774e-06,0,0,8.215505306875865,131.60231086207426,PDGFRB;TGFB2;BMPR2;JAG1;HPGD;LRP1;FOXF1;SMAD7;TBX2;TGFBR2;BMP4;GJA5;HEY2;FOLR1;ENG
GO_Biological_Process_2023,Positive Regulation Of Protein Modification Process (GO:0031401),52/225,1.1120971867967779e-07,7.868543374122774e-06,0,0,2.489999728622215,39.869497326008606,TFRC;FLT4;LRRK2;ARRB1;FGF2;CDH5;CCND2;CCND1;GPER1;KDR;LEPR;PPP1R16B;LIMCH1;HGF;AXIN2;SLC51B;MOB3B;MOB3C;PECAM1;ADTRP;TNIK;GAS6;ENG;FAXDC2;PIK3R3;FPR2;AGER;FXR1;ERBB4;P2RY1;CAMTA1;EGR1;CD74;NTRK2;ACE;TGFB1;ANGPT1;ODAM;RARRES2;IGF2;VEGFC;LILRB2;BMP4;MARCO;BMP2;DAB2;CD4;SLCO3A1;TMEM119;FAS;TEK;CALM1
GO_Biological_Process_2023,Positive Regulation Of Multicellular Organismal Process (GO:0051240),77/387,1.181963838754298e-07,8.198009738825266e-06,0,0,2.0659198528848366,32.95331884083478,BMPR2;THRA;TGFB1I1;FGF2;GHR;SYDE1;GJA1;ACADL;GLIPR2;LEPR;CD36;JAK2;SOX6;TAPT1;CMKLR1;SOX5;PRKCH;FST;SLC11A1;APLP2;F2R;RFX3;AXIN2;TGFBR2;CNKSR2;FGR;OLFM1;TIAM1;MMRN2;PPARG;GAS6;PTGER4;LRP1;EPAS1;NPR1;PDGFB;ADRB1;PTN;ADRB2;LILRA2;ADIPOR2;TBXA2R;SAP30L;PRDM16;PDPN;ZBED2;INPP5K;PPARGC1A;PPARGC1B;ZBED3;SMARCE1;WWTR1;IL33;TGFB2;TGFB1;CADM1;ZBTB16;CAV1;CRTAM;TRPV2;G0S2;TMEM64;LILRB2;SMARCA2;BMP4;DAB2;BMP2;IL6;FABP4;RGCC;FABP5;APC;SCD;TMEM119;ALPL;FERMT2;FOXA2
GO_Biological_Process_2023,Cardiac Ventricle Morphogenesis (GO:0003208),18/42,1.1966510971871913e-07,8.198009738825266e-06,0,0,6.167051756007393,98.29397838509205,MEF2C;TGFB2;JAG1;TGFB1;FOXF1;TNNC1;GATA3;SMAD7;TGFBR2;BMP4;FKBP1A;TGFBR3;HEYL;HEY1;TNNT2;HEY2;FGFR2;ENG
GO_Biological_Process_2023,Ventricular Septum Morphogenesis (GO:0060412),14/27,1.639792405980144e-07,1.1058350037828595e-05,0,0,8.844379789951745,138.18039759204802,ROBO2;TGFB2;BMPR2;CITED2;SMAD7;TGFBR2;BMP4;TGFBR3;HEYL;HEY1;HEY2;APLNR;SLIT2;ZFPM2
GO_Biological_Process_2023,Extracellular Matrix Assembly (GO:0085029),11/17,1.6830502194153805e-07,1.1175453456918128e-05,0,0,15.04160908951328,234.61131572463745,MFAP4;RAMP2;EFEMP2;TGFB1;ELN;HAS3;EMILIN1;MYH11;GAS6;FBLN5;GPM6B
GO_Biological_Process_2023,Positive Regulation Of Endothelial Cell Migration (GO:0010595),27/85,1.7516061323889105e-07,1.1283480697597816e-05,0,0,3.836466917353388,59.68607382288136,SEMA5A;FOXC2;BMPR2;SPARC;FLT4;PDGFB;HMGB1;GATA3;GATA2;ETS1;FGF2;FUT1;RRAS;AKT3;ATOH8;KDR;SASH1;EDN1;TGFB1;ANGPT1;ANXA3;FOXP1;RHOB;BMP4;PRKD1;TEK;FGFR1
GO_Biological_Process_2023,Regulation Of Osteoblast Differentiation (GO:0045667),27/85,1.7516061323889105e-07,1.1283480697597816e-05,0,0,3.836466917353388,59.68607382288136,BMPR2;TWIST2;LIMD1;PRKACA;GDF10;WWTR1;MEF2C;ZHX3;HGF;PTCH1;CTNNBIP1;CRIM1;TMEM64;NPNT;SMAD6;BMP6;BMP4;SKI;IL6;CDK6;TMEM119;PPARG;PRKD1;IL6ST;FERMT2;FGFR2;DDR2
GO_Biological_Process_2023,Positive Regulation Of Cell-Matrix Adhesion (GO:0001954),18/43,1.8486668398186034e-07,1.1733597177436898e-05,0,0,5.92003696857671,91.7820680678848,GSK3B;CCL21;MYOC;PLEKHA2;EMP2;FUT1;CX3CL1;PPM1F;EFEMP2;SFRP1;CDK6;RRAS;KDR;CDH13;CD36;TEK;UTRN;FERMT2
GO_Biological_Process_2023,Inflammatory Response (GO:0006954),53/236,2.2557288822149241e-07,1.3918921114019489e-05,0,0,2.398968704361061,36.71531041164109,HMGB1;CXCL3;ITGAL;CXCL2;CX3CL1;HYAL1;CCRL2;PROK2;OLR1;CMKLR1;PTGIR;ANXA1;SLC11A1;F2R;PLA2G4C;FOS;AGTR1;XCL1;AGTR2;TLR4;CD44;MGLL;TLR3;S100A8;CCL14;PTGER4;PTGFR;PXK;C5AR1;FPR1;FPR2;GATA3;NLRC4;AGER;IL1RL1;TBXA2R;CXCR2;CCL15;AOC3;CCL23;TGFB1;CCL21;ODAM;NFATC3;PPBP;LYZ;SELE;BMP2;IL6;ACKR1;IL17D;CDO1;PF4
GO_Biological_Process_2023,Positive Regulation Of Cell-Substrate Adhesion (GO:0010811),24/71,2.2747660174463574e-07,1.3918921114019489e-05,0,0,4.205075621635478,64.32175532126206,GSK3B;ECM2;DMTN;MYOC;CCL21;PLEKHA2;PDGFB;NEDD9;EMP2;NDNF;NPNT;FUT1;CX3CL1;PPM1F;SFRP1;CDK6;MYADM;CDH13;FLNA;CD36;JAK2;UTRN;FERMT2;LIMS2
GO_Biological_Process_2023,Negative Regulation Of Angiogenesis (GO:0016525),27/86,2.2897205725101566e-07,1.3918921114019489e-05,0,0,3.77122969837587,57.66084197541619,SPARC;NPR1;PDE3B;ECSCR;PTPRM;SEMA3E;FOXO4;MECP2;HHEX;ALOX5;APOH;EMILIN1;HOXA5;TGFB2;SEMA6A;DAB2IP;KLF4;SYNJ2BP;DCN;KLF2;CLDN5;RGCC;COL4A2;COL4A3;PPARG;TEK;PF4
GO_Biological_Process_2023,Blood Vessel Morphogenesis (GO:0048514),20/53,2.995089600617218e-07,1.795389821703321e-05,0,0,4.985563311187733,74.8887522587723,CCBE1;EGFL7;RAMP2;FLT1;TGFB1;FLT4;CAV1;SLC1A1;RASIP1;TGFBR2;SMAD7;EFNB2;SOX17;SOX18;GJA5;HEY2;ID1;KDR;APLNR;ENG
GO_Biological_Process_2023,Aortic Valve Development (GO:0003176),17/40,3.110451927751534e-07,1.839001441119948e-05,0,0,6.075208354252435,91.02683713720393,ROBO2;BMPR2;JAG1;TGFB1;ELN;TIE1;GATA3;AXIN2;SMAD6;TGFBR2;BMP4;HEYL;BMP2;HEY1;HEY2;EMILIN1;SLIT2
GO_Biological_Process_2023,Peptidyl-Tyrosine Modification (GO:0018212),20/54,4.270913378594717e-07,2.49098137054254e-05,0,0,4.838657016923328,70.96504028285378,PDGFRB;PDGFRA;FLT1;PKDCC;FLT4;PDGFB;FGR;HCK;FER;EFEMP1;ERBB4;KDR;FYN;TEK;JAK2;FGFR4;EPHA3;FGFR2;DDR2;FGFR1
GO_Biological_Process_2023,Response To Lipid (GO:0033993),31/110,4.5374181144086587e-07,2.6111328775717027e-05,0,0,3.236110375509772,47.26577865906064,GATA6;FOXO3;FOXO1;SOCS2;CTSH;CD36;NOS1;JAK2;SNCA;PAQR8;TGFB1;ANXA1;GPX3;SLC11A1;F2R;IRAK3;SMAD6;SELE;FOXP1;SELP;FER;SLPI;SCD;ALDH1A2;ALPL;PPARG;TRIB1;FGFR4;TLR4;ABCG1;S100A8
GO_Biological_Process_2023,Aortic Valve Morphogenesis (GO:0003180),16/37,5.202287998846447e-07,2.8833922255792128e-05,0,0,6.260211933342127,90.57898844891784,ROBO2;JAG1;TGFB1;ELN;TIE1;GATA3;AXIN2;SMAD6;TGFBR2;BMP4;HEYL;HEY1;HEY2;CDH11;EMILIN1;SLIT2
GO_Biological_Process_2023,Regulation Of Epithelial Cell Migration (GO:0010632),19/50,5.204679120262215e-07,2.8833922255792128e-05,0,0,5.040087691825869,72.92269827222765,MACF1;TGFB2;BMPR2;PRKCE;DAB2IP;EMP2;PTN;MCC;PPM1F;RAB11A;PTPRG;CORO1C;GLIPR2;HYAL1;RHOJ;ENPP2;CTSH;SASH1;CLASP2
GO_Biological_Process_2023,Negative Regulation Of Cell Motility (GO:2000146),35/133,5.210949805263637e-07,2.8833922255792128e-05,0,0,2.94763457315856,42.64441242822605,KANK1;CLIC4;MCTP1;CITED2;PTEN;NEDD9;FBLN1;ADARB1;GATA3;FOXO3;CX3CL1;DACH1;SAP30L;EMILIN1;SLIT2;SCAI;CD74;JAG1;IGFBP5;LIMCH1;MAGI2;MITF;PODN;TBX5;ALOX15B;SMAD7;RHOB;CLDN5;SFRP1;NAV3;CDH11;MMRN2;RECK;VCL;ENG
GO_Biological_Process_2023,Positive Regulation Of Phosphatidylinositol 3-Kinase Signaling (GO:0014068),23/69,5.37443883996822e-07,2.9362124092788404e-05,0,0,4.115794349235757,59.41742428399501,PDGFRB;PDGFRA;NTRK2;CSF3;TGFB2;FLT1;MYOC;HGF;F2R;PDGFB;SEMA3E;FGF2;DCN;FGR;SELP;GPER1;NEDD4;KDR;ROR1;TEK;JAK2;DDR2;FGFR1
GO_Biological_Process_2023,Calcium-Mediated Signaling (GO:0019722),26/85,6.722223796675205e-07,3.610104802604932e-05,0,0,3.6298701298701297,51.59017036126148,PTGFR;MCTP1;LRRK2;CACNA1C;FPR2;CLU;SLC8A1;NCALD;FCGR3A;EDNRB;KDR;PLCE1;PRKACA;P2RY12;PRNP;EDN1;DMTN;DMPK;ANK2;SELE;CNKSR2;SELP;RCAN1;RCAN2;FKBP1B;AGTR1
GO_Biological_Process_2023,Positive Regulation Of Epithelial Cell Proliferation (GO:0050679),33/123,6.775219856603324e-07,3.610104802604932e-05,0,0,3.024786722506592,42.96656252729724,SEMA5A;BMPR2;FLT4;C5AR1;PDGFB;PTN;FGF2;FGF7;HYAL1;AKT3;KDR;PPP1R16B;TCF7L2;EGFL7;EGR3;ODAM;FZD7;TNFSF12;VEGFC;LAMB1;BMP6;BMP5;BMP4;NR4A1;SFRP1;BMP2;NR4A3;CNTN1;CDH13;ANG;PRKD1;TEK;FGFR2
GO_Biological_Process_2023,Negative Regulation Of Protein Serine/Threonine Kinase Activity (GO:0071901),25/80,7.004537499819752e-07,3.686778518197811e-05,0,0,3.7432039448729295,53.04695506609252,CEBPA;PTEN;SLC8A1;RASIP1;HHEX;RGS2;HYAL2;INPP5K;SH2B3;PTPN1;MYOCD;DUSP1;HEG1;SPRY4;DAB2IP;IRAK3;NR2F2;BMP4;BMP2;LATS2;APC;PKIA;PPARG;SPRY1;PKIG
GO_Biological_Process_2023,Regulation Of Small GTPase Mediated Signal Transduction (GO:0051056),32/118,7.673253215611847e-07,3.9900916721181605e-05,0,0,3.06881557598702,43.21001267021144,ARHGEF28;RASGRF1;ARHGAP18;ARHGAP5;ARHGAP6;ARHGAP44;PREX2;PREX1;SYDE1;AKAP13;FGD4;ARHGAP20;FGD5;CHN2;CHN1;PLCE1;SLIT2;ARHGEF40;CGNL1;TGM2;ARHGEF10;STARD13;ARHGEF12;ARHGEF15;ARHGAP29;ARHGAP28;ARHGAP25;MYO9A;ARHGAP23;TIAM1;ARHGAP31;ARHGEF3
GO_Biological_Process_2023,Regulation Of Epithelial Cell Proliferation (GO:0050678),27/91,8.104184127991459e-07,4.164006987667992e-05,0,0,3.475623549883991,48.74810592670979,CDKN1C;C5AR1;FUT1;FGF7;ZFP36;HYAL1;TCF7L2;CDKN2B;TGFB2;TGFB1;KRT4;ANGPT1;TIE1;DAB2IP;LAMB1;MCC;BMP6;BMP5;TGFBR3;BMP4;NR4A1;SFRP1;CDK6;NR4A3;NUPR1;PRKD1;FGFR2
GO_Biological_Process_2023,Cardiac Epithelial To Mesenchymal Transition (GO:0060317),11/19,8.343133369018283e-07,4.2363486612568126e-05,0,0,11.27994011976048,157.8814505969395,BMP4;TGFBR3;HEYL;OLFM1;TGFB2;BMP2;HEY1;HEY2;SPRY1;TBX3;ENG
GO_Biological_Process_2023,Regulation Of GTPase Activity (GO:0043087),48/214,8.555030598327981e-07,4.243143860127235e-05,0,0,2.3918429105362407,33.41781540396125,CCL14;DOCK6;GSK3B;DOCK9;LRRK2;RGS16;RASGRF1;ASAP3;ADRB1;RASGRP2;CX3CL1;RASIP1;PREX2;ARHGAP44;PREX1;FGD4;DOCK11;FGD5;RAP1A;CHN2;CHN1;PLXNA2;BVES;RGS9;TBC1D15;PRKG1;CCL15;TGM2;NTRK2;CCL23;CCL21;ODAM;CAV2;RDX;F2R;DAB2IP;SFRP1;TBC1D2;LRCH1;RAPGEF2;XCL1;ITGA6;RAPGEF5;MAPRE2;RAPGEF6;EPHA3;FERMT2;RAPGEF4
GO_Biological_Process_2023,Regulation Of Phosphatidylinositol 3-Kinase Activity (GO:0043551),15/34,8.635004541267871e-07,4.243143860127235e-05,0,0,6.484467976586598,90.53790186089952,P2RY12;PDGFRB;PDGFRA;FLT1;TGFB1;CCL21;PDGFB;DAB2IP;PIK3R3;PIK3R1;FGF2;FGR;PIK3IP1;PRKD1;TEK
GO_Biological_Process_2023,Regulation Of Cell Migration Involved In Sprouting Angiogenesis (GO:0090049),14/30,8.651451800074064e-07,4.243143860127235e-05,0,0,7.18484778597786,100.30312275133036,FOXC2;MAP3K3;STARD13;ANXA1;GATA2;MEOX2;PTGS2;KLF4;FGF2;TBXA2R;MMRN2;RHOJ;KDR;MAP2K5
GO_Biological_Process_2023,Positive Regulation Of Epithelial To Mesenchymal Transition (GO:0010718),18/47,9.038961223732792e-07,4.383388386700083e-05,0,0,5.102332844668239,71.00687725209818,TCF7L2;WWTR1;TGFB2;JAG1;TGFB1;TGFB1I1;EMP2;AXIN2;TGFBR2;OLFM1;TIAM1;BMP2;DAB2;IL6;RGCC;GLIPR2;PDPN;FERMT2
GO_Biological_Process_2023,Cell Communication By Electrical Coupling Involved In Cardiac Conduction (GO:0086064),10/16,1.0077803068525302e-06,4.832866449306134e-05,0,0,13.667894413750767,188.72301071300367,GJC1;GJA1;GJD3;GJA5;FKBP1B;ATP1A2;CACNA1C;TBX5;PRKACA;SLC8A1
GO_Biological_Process_2023,Regulation Of Vasculogenesis (GO:2001212),9/13,1.0227062574226903e-06,4.850549678061903e-05,0,0,18.445236999539805,254.41622838116496,TMEM100;RAP1A;HEY1;RRAS;HEY2;KDR;RAPGEF2;EMP2;CD34
GO_Biological_Process_2023,Skeletal System Development (GO:0001501),37/149,1.1731034988433187e-06,5.457303110536098e-05,0,0,2.726948051948052,37.23881471052326,PTGER4;PKDCC;COL13A1;HHIP;NPR3;PRELP;PTH1R;PCSK5;ETS2;PHEX;AKAP13;GJA1;HYAL1;FRZB;HYAL2;SOX6;CMKLR1;SOX5;TGM2;GDF10;TGFB2;MYOC;ZBTB16;TBX4;BMP6;TBX3;BMP5;EXT1;BMP2;OGN;CDH11;ALPL;FGFR2;CD44;MATN3;FBN1;FGFR1
GO_Biological_Process_2023,Endocardial Cushion Development (GO:0003197),12/23,1.1759249056530517e-06,5.457303110536098e-05,0,0,8.951989945538333,122.22559695104886,ACVRL1;BMP4;ADAMTS5;HEYL;TGFB2;BMP2;BMPR2;APC;HEY1;FOXF1;TBX2;ENG
GO_Biological_Process_2023,Embryonic Organ Development (GO:0048568),24/77,1.2256843595141252e-06,5.627716697513792e-05,0,0,3.727770297445224,50.74245107389592,NDRG4;TGFB2;PKDCC;TGFB1;RARRES2;PDGFB;IGF2;COBL;GATA3;PCSK5;TBX4;PBX1;TGFBR2;TBX2;HEY1;SOX17;SOX18;TAL1;HEY2;KDR;SH2B3;NES;FGFR2;MFSD2A
GO_Biological_Process_2023,Positive Regulation Of Vasculature Development (GO:1904018),29/104,1.3390889623062492e-06,6.083692590856602e-05,0,0,3.186542808484285,43.093278760327664,SEMA5A;RAMP2;FLT1;HSPB6;GATA6;GATA2;ETS1;FGF2;AQP1;CDH5;RRAS;HYAL1;KDR;CTSH;EMILIN1;CD34;SASH1;PTGIS;PRKCB;ANXA3;TNFSF12;GAB1;VEGFC;EMP2;RHOB;APLNR;CNTN1;PRKD1;TEK
GO_Biological_Process_2023,Muscle Organ Development (GO:0007517),20/58,1.5957396599854826e-06,7.174179554684733e-05,0,0,4.328350942110132,57.775578013431954,MEF2A;MEF2C;TAGLN;EGR3;LAMA2;FHL1;TCF21;SGCE;FXR1;SMTN;SGCD;DES;SGCA;ITGA7;DMD;SOX6;UTRN;BVES;SGCG;HBEGF
GO_Biological_Process_2023,Endothelial Cell Development (GO:0001885),11/20,1.670593301090868e-06,7.43327905928679e-05,0,0,10.026050463176212,133.36984914789525,PPP1R16B;GSTM3;ROBO4;RAP1A;SOX18;PDE2A;RDX;MYADM;PECAM1;MSN;RAPGEF2
GO_Biological_Process_2023,Positive Regulation Of Transcription By RNA Polymerase II (GO:0045944),148/938,2.0525231036189607e-06,9.03947930124432e-05,0,0,1.5683656323512938,20.540007561725645,CSF3;PID1;SPI1;PRDM5;RORA;PRDM2;ETS1;FGF2;ETS2;SOX17;SOX18;JUNB;HOXA5;IER2;MEF2A;MEF2C;SLC11A1;HGF;LMO2;RFX3;MITF;LMO7;PGR;PRKD1;ERG;ZFPM2;ATF3;CASZ1;BEX1;EPAS1;NOTCH4;GATA6;GATA3;FOXO4;PIK3R1;GATA2;FOXO3;FOXO1;PPARGC1A;WNT2;PPARGC1B;MAP2K5;ZBED3;EGR1;WWTR1;JUN;EGR2;JAG1;JUND;TGFB1;FOXF2;FOXF1;NR2F1;IGF2;NFATC3;SMAD9;NR2F2;SMARCA2;PBX1;BMP6;BMP5;BMP4;NR4A2;NR4A1;BMP2;IL6;DAB2;RGCC;NR4A3;MAFF;CREBRF;TCF4;FGFR2;ACVRL1;CSRNP1;CALCOCO1;BMPR2;THRB;THRA;CITED2;TCF21;ADIRF;ARRB1;HMGB1;LDB2;MEOX2;CX3CL1;HHEX;HEY1;HYAL2;GPER1;HEY2;NOS1;NCK1;ACTR3;MYOCD;EDN1;PEG3;ABHD14B;ETV1;FOS;KLF15;SREBF2;ETV5;DCN;KAT2B;TOX2;ZEB2;NR5A2;TAL1;CDH13;PPARG;ITGA6;TLR4;TLR3;ENG;FOXC2;CEBPA;NFAT5;NFIX;PLA2G1B;DLL1;FSTL3;ATOH8;APBB2;IL33;ARNT2;TCF7L2;PCGF5;NFYB;CNBP;DAB2IP;TBX5;KLF4;MEIS2;TBX3;KLF2;SKI;HEYL;KLF6;MEIS1;NFIA;NFIB;NFIC;SSBP2;SSBP3;FOXA2;PF4
GO_Biological_Process_2023,Outflow Tract Septum Morphogenesis (GO:0003148),12/24,2.117900810126884e-06,9.233191814654174e-05,0,0,8.20552995391705,107.20594749742456,ROBO2;BMP4;TGFB2;BMPR2;GATA6;PARVA;SMAD6;ZFPM2;FGFR2;TBX2;TGFBR2;ENG
GO_Biological_Process_2023,Phagocytosis (GO:0006909),22/69,2.2063917746550086e-06,9.431298625122956e-05,0,0,3.851083530338849,50.15709748666334,SRPX;MSR1;ANXA1;GSN;CD93;LRP1;ANXA3;SLC11A1;ANXA11;HMGB1;ARHGAP25;CORO1C;MARCO;TYROBP;ELMO1;PECAM1;CD36;CD302;GAS6;TLR4;LDLR;TGM2
GO_Biological_Process_2023,Aorta Morphogenesis (GO:0035909),10/17,2.2070462491599136e-06,9.431298625122956e-05,0,0,11.714680347277032,152.57030378158157,PDGFRB;EFEMP2;JAG1;LRP1;HEY1;HEY2;MYLK;TBX2;TGFBR2;ENG
GO_Biological_Process_2023,Establishment Of Endothelial Barrier (GO:0061028),13/28,2.3021170186326985e-06,9.741114757273262e-05,0,0,7.1135392654064855,92.3457004801084,PPP1R16B;ROBO4;PDE2A;RDX;MSN;TJP1;RAP1A;SOX18;MYADM;PECAM1;RAPGEF2;RAPGEF6;TJP2
GO_Biological_Process_2023,Smooth Muscle Cell Differentiation (GO:0051145),8/11,2.414397412485469e-06,0.0001011702838086144,0,0,21.852192578963507,282.63758788052644,BMP4;MEF2C;MYOCD;EDNRB;HEY1;TMEM204;HEY2;GATA6
GO_Biological_Process_2023,Aorta Development (GO:0035904),9/14,2.584673177402628e-06,0.00010726393686220907,0,0,14.755361251725724,189.8411718441005,PDGFRB;ROBO2;EFEMP2;JAG1;LRP1;PDE2A;APLNR;TBX2;TGFBR2
GO_Biological_Process_2023,Protein Localization To Cell Periphery (GO:1990778),35/142,2.710037354178696e-06,0.0001113954401965262,0,0,2.6983315123471567,34.588692386914424,RAMP2;RAMP3;LIN7A;ZDHHC2;ZDHHC3;PRAM1;NKD2;SLC9A3R2;RAP1A;TMEM88;EPB41L3;P2RY1;INPP5K;FLNA;SPTBN1;RAB8B;CLASP2;ACTN2;CAV1;PTCH1;RDX;TTC7B;ANK2;EMP2;ANK3;EFR3B;RAB11A;EHD1;EHD2;TSPAN14;MYADM;RAPGEF2;TNIK;GAS6;RAPGEF6
GO_Biological_Process_2023,Regulation Of Fat Cell Differentiation (GO:0045598),23/75,2.7773967432476754e-06,0.00011308721079110348,0,0,3.6396657996935904,46.56587147432263,WWTR1;TGFB1;RARRES2;ZBTB16;ADIRF;RORA;TMEM64;FOXO1;ZFP36L2;ZFP36;SFRP1;BMP2;IL6;CCDC85B;FRZB;GPER1;ALOX5;ID2;PPARG;TRIB2;FERMT2;CMKLR1;RUNX1T1
GO_Biological_Process_2023,Endocardial Cushion Morphogenesis (GO:0003203),11/21,3.1614264188346877e-06,0.00012431454712642223,0,0,9.022938737908795,114.27089245805334,ACVRL1;BMP4;ADAMTS5;HEYL;TGFB2;BMP2;APC;HEY1;TBX2;TGFBR2;ENG
GO_Biological_Process_2023,Negative Regulation Of Endothelial Cell Migration (GO:0010596),15/37,3.1683503669848115e-06,0.00012431454712642223,0,0,5.599278432688677,70.8997404677325,MEF2C;TGFB1;DAB2IP;PTPRM;HMGB1;NR2F2;SYNJ2BP;FGF2;DCN;MECP2;RGCC;APOH;PPARG;SLIT2;AGTR2
GO_Biological_Process_2023,Negative Regulation Of Endothelial Cell Proliferation (GO:0001937),15/37,3.1683503669848115e-06,0.00012431454712642223,0,0,5.599278432688677,70.8997404677325,MEF2C;FLT1;SPARC;CAV2;CAV1;PTPRM;NR2F2;SYNJ2BP;RGCC;ALOX5;APOH;ATOH8;COL4A3;MMRN2;PPARG
GO_Biological_Process_2023,Regulation Of Vascular Associated Smooth Muscle Cell Proliferation (GO:1904705),15/37,3.1683503669848115e-06,0.00012431454712642223,0,0,5.599278432688677,70.8997404677325,JUN;MEF2C;IGFBP5;PDGFB;PTEN;FGF2;APLN;BMP4;CNN1;EFEMP2;GJA1;NR4A3;GPER1;PPARG;PRKG1
GO_Biological_Process_2023,Negative Regulation Of Blood Vessel Endothelial Cell Migration (GO:0043537),14/33,3.546878999299247e-06,0.00013668151572299598,0,0,6.049378520100991,75.91632787628382,MEF2C;STARD13;TGFB1;HMGB1;MEOX2;KLF4;FGF2;MECP2;RGCC;TBXA2R;MMRN2;PPARG;AGTR2;MAP2K5
GO_Biological_Process_2023,Vasculogenesis (GO:0001570),14/33,3.546878999299247e-06,0.00013668151572299598,0,0,6.049378520100991,75.91632787628382,PDGFRB;RAMP2;EGFL7;TGFB1;CAV1;RASIP1;TGFBR2;TGFBR3;SOX17;SOX18;HEY2;KDR;APLNR;ENG
GO_Biological_Process_2023,Regulation Of Intracellular Signal Transduction (GO:1902531),59/297,3.615799718768696e-06,0.00013810435032040434,0,0,2.052787200607987,25.721829058280417,WWC1;FLT4;LRRK2;PTEN;ARHGAP5;ARHGAP6;PREX2;AKAP12;ARHGAP44;PREX1;AKAP13;RASSF2;LBH;KDR;WWC3;ARHGEF40;ROS1;CMKLR1;FBXO9;PPP1R16B;ARHGEF10;ARHGEF12;MYOC;ARHGEF15;VWF;DAPK2;MOB3B;TIAM1;ARHGEF3;RGN;TNIK;OPTN;ARHGEF28;AKAP7;ARHGAP18;PRDM11;AGER;GNAI1;FGD4;FGD5;ARHGAP20;RRAS;CHN2;CHN1;PIP5K1B;WWTR1;NTRK2;STARD13;TGFB1;PDE2A;DAB2IP;ARHGAP29;ARHGAP28;PTPN13;MYO9A;ARHGAP23;BST1;ARHGAP31;TEK
GO_Biological_Process_2023,Positive Regulation Of Cellular Process (GO:0048522),101/594,3.718016645642972e-06,0.00014076280563679884,0,0,1.705593835075,21.32388024298264,CSF3;VIPR1;RTKN2;FGF2;FGF7;ZFP36;CCND2;KDR;MFSD2A;TGM2;PDGFRB;PDGFRA;IL11RA;F2R;LIFR;CLDN5;TIAM1;SFRP1;NUPR1;IL6ST;S100A8;PTGFR;CUL3;PDGFB;NID1;EFNB2;GRK5;TPPP;WNT2;WWTR1;EGR2;TGFB2;TGFB1;TSLP;HBG1;CAV1;IGF2;SMARCA2;BMP6;BMP5;BMP4;BST1;BMP2;FER;IL6;CXCL12;FGFR4;IL7R;FGFR2;FGFR1;GSK3B;CITED2;FLT4;PTEN;HBB;CX3CL1;MECP2;HYAL1;GPER1;CTSH;USP47;EDN1;TSC22D1;EMP2;GAB2;HBA1;AXIN2;TGFBR2;HCK;TAL1;CD47;TLR4;SHANK2;HBEGF;CCL14;MYRF;LAMA2;PLA2G1B;NEDD9;PTN;LILRA2;DLL1;GNAI2;DUOX1;ERBB4;SPOCK2;CXCR2;SMARCE1;NTRK2;CCL21;LAMB2;CNBP;VEGFC;LAMB1;NAP1L1;MEIS2;TBX3;EPOR;TJP1;MEIS1;FKBP1B
GO_Biological_Process_2023,Negative Regulation Of Cellular Response To Growth Factor Stimulus (GO:0090288),22/71,3.7571809258498976e-06,0.00014100863370407094,0,0,3.693480725623583,46.13837630837856,PTPN1;SPRY4;CRIM1;DAB2IP;SHISA2;SMAD6;CHRDL1;FGF2;FSTL3;APLN;SMAD7;SKI;HHEX;NEDD4;MMRN2;SOSTDC1;EMILIN1;PPARG;SPRY1;AGTR2;SLIT2;NBL1
GO_Biological_Process_2023,Pulmonary Valve Morphogenesis (GO:0003184),10/18,4.478509052285657e-06,0.00016520722281764867,0,0,10.249769797421733,126.23842354382566,ROBO2;BMP4;HEYL;TGFB2;JAG1;HEY1;GJA5;HEY2;SLIT2;SMAD6
GO_Biological_Process_2023,Regulation Of Vascular Endothelial Cell Proliferation (GO:1905562),10/18,4.478509052285657e-06,0.00016520722281764867,0,0,10.249769797421733,126.23842354382566,MEF2C;FLT1;AKT3;COL4A3;IGF2;PPARG;HMGB1;FGF2;APLN;FGFR1
GO_Biological_Process_2023,Regulation Of Inflammatory Response (GO:0050727),50/240,4.931700704208121e-06,0.0001803832223674767,0,0,2.1758664955070603,26.58871140815829,RORA;ETS1;CX3CL1;CDH5;HYAL2;GPER1;CASP1;SIRPA;SLC39A8;JAK2;GGT1;GPSM3;ANXA1;PTGIS;FOXP1;HCK;AGTR1;XCL1;PPARG;CD47;CARD16;DNASE1L3;TLR4;MGLL;TLR3;VAMP2;S100A8;PTGER4;CEBPA;FPR2;GATA3;NLRC4;PTGS2;AGER;FXR1;CAMK2N1;ALOX5;S100A12;SNCA;IL33;TSLP;PDE2A;NKG7;GPR4;KLF4;SELE;BST1;IL6;MYO1C;TEK
GO_Biological_Process_2023,Peptidyl-Tyrosine Phosphorylation (GO:0018108),21/67,5.066654785777529e-06,0.00018376203407912447,0,0,3.7544212622980506,45.7770193123979,PDGFRB;PDGFRA;FLT1;PKDCC;FLT4;PDGFB;FGR;HCK;FER;EFEMP1;ABI2;ERBB4;KDR;FYN;TEK;JAK2;FGFR4;EPHA3;FGFR2;DDR2;FGFR1
GO_Biological_Process_2023,Positive Regulation Of Cardiocyte Differentiation (GO:1905209),7/9,5.376580515190372e-06,0.00019337767919634703,0,0,28.66942528735632,347.8592669728707,EFNB2;MEF2C;MYOCD;TGFB2;TGFB1;GPER1;TBX5
GO_Biological_Process_2023,Positive Regulation Of miRNA Transcription (GO:1902895),16/43,5.654772342292998e-06,0.00020158926660108996,0,0,4.867412195205362,58.81299366994985,EGR1;JUN;TGFB2;SPI1;TGFB1;PDGFB;GATA3;FOS;FOXO3;GATA2;KLF4;ETS1;FGF2;APLN;ATOH8;PPARG
GO_Biological_Process_2023,Blood Vessel Endothelial Cell Migration (GO:0043534),11/22,5.69830642384916e-06,0.00020158926660108996,0,0,8.202210962690005,99.04449880596776,EFNB2;CDH5;NR4A1;EGR3;SOX18;ID1;KDR;PIK3R3;EMP2;SLIT2;FGF2
GO_Biological_Process_2023,Plasma Membrane Bounded Cell Projection Assembly (GO:0120031),55/275,6.186205973077629e-06,0.00021707044699026867,0,0,2.068406205923836,24.80678570341835,PTPRO;CDC14A;MYLK;TEKT1;IFT57;CC2D2A;RAB8B;DYNC2H1;ACTR3;DNAI2;ACTN2;IFT140;RFX2;RFX3;EMP1;ANO6;EMP2;EMP3;DNM3;RILPL2;RAPGEF2;CDH13;TNIK;RAPGEF6;VCL;ARHGEF6;ARL6;FGD4;FGD5;ABLIM1;RAP1A;ABLIM3;ARL13B;RAB23;S1PR1;INPP5K;FLNA;P2RY12;DMTN;GSN;CCL21;SPAG6;RAB3IP;DCDC2;PARVA;PARVB;FHDC1;AIF1L;TMEM231;EHD1;FMNL3;EHD2;TMEM237;PMP22;DZIP1
GO_Biological_Process_2023,Positive Regulation Of Integrin-Mediated Signaling Pathway (GO:2001046),8/12,6.545897978138803e-06,0.0002278394812390893,0,0,16.38822447102116,195.6208596383888,DMTN;LAMA2;LAMB2;FLNA;EMP2;LAMB1;NID1;LIMS2
GO_Biological_Process_2023,Regulation Of Nitric Oxide Biosynthetic Process (GO:0045428),15/39,6.880982378694252e-06,0.00023758655957155516,0,0,5.132095062298108,61.00392650972235,CX3CR1;EDN1;PTGIS;CAV1;HBB;PTGS2;KLF4;CLU;KLF2;SIRPA;CD36;AGTR2;CD47;JAK2;TLR4
GO_Biological_Process_2023,Regulation Of Protein Kinase B Signaling (GO:0051896),33/136,7.3990186251302e-06,0.0002534457490957297,0,0,2.641079391182171,31.20214291137072,SEMA5A;CX3CR1;CSF3;HIP1;RAMP3;PTEN;GATA3;FGF2;CX3CL1;PPP2CA;RRAS;GPER1;HYAL2;INPP5K;SH2B3;P2RY12;NTRK2;TCF7L2;TGFB1;MYOC;ANGPT1;CCL21;F10;MAGI2;IGF2;SFRP5;CNTN1;TEK;GAS6;FERMT2;FGFR1;ENG;HBEGF
GO_Biological_Process_2023,Positive Regulation Of Chemotaxis (GO:0050921),16/44,7.989754148358936e-06,0.00026940452268997783,0,0,4.693312227938267,55.08705094710072,SEMA5A;P2RY12;PDGFRB;TGFB1;CCL21;RARRES2;PDGFB;PTN;FGF2;PPM1F;IL6;KDR;CNTN1;CDH13;XCL1;PRKD1
GO_Biological_Process_2023,Regulation Of Cell-Substrate Adhesion (GO:0010810),16/44,7.989754148358936e-06,0.00026940452268997783,0,0,4.693312227938267,55.08705094710072,ECM2;DMTN;FZD4;FZD7;PTPRO;PDGFB;NDNF;NPNT;CORO2B;CX3CL1;PPM1F;CORO1C;BST1;PDPN;MYADM;JAK2
GO_Biological_Process_2023,Regulation Of Heart Contraction (GO:0008016),21/69,8.496936675453605e-06,0.000283118214776855,0,0,3.5975821378991206,42.00466697592594,MEF2A;TGFB2;DMPK;CELF2;TRPC1;HSPB7;ANK2;ATP1A2;CACNA1C;SLC8A1;APLN;SMAD7;TBX2;PLN;DES;GJA5;TNNT2;FXYD1;NOS1;PRKACA;CALM1
GO_Biological_Process_2023,Atrioventricular Valve Morphogenesis (GO:0003181),10/19,8.527657071592018e-06,0.000283118214776855,0,0,9.110394925312052,106.3383143256259,HEYL;OLFM1;TGFB2;BMP2;BMPR2;HEY1;HEY2;AXIN2;SMAD6;TGFBR2
GO_Biological_Process_2023,Synapse Organization (GO:0050808),32/131,8.715137274748687e-06,0.000287133835708514,0,0,2.663885365280714,31.03546092987437,C1QB;CX3CR1;GPM6A;C1QA;LRRK2;C5AR1;PTEN;LRP4;SEMA3E;ZDHHC2;CX3CL1;FLRT3;SPOCK2;SLITRK6;APBB2;SNCA;CAST;NTNG1;NLGN4X;BDNF;F2R;ANK3;PCDHB10;PTPRD;DNM3;PPFIBP1;NEDD4;PCDHB16;PCDHB4;PDZRN3;SHANK3;SHANK2
GO_Biological_Process_2023,Heart Morphogenesis (GO:0003007),19/59,9.103947755342838e-06,0.0002954333722711255,0,0,3.904091539528433,45.31401912595411,ACVRL1;LEFTY1;TGFB2;CCM2L;EMP2;TBX3;TTN;TBX2;TGFBR3;FKBP1A;ADAMTS5;OLFM1;HEYL;BMP2;HEY1;SOX17;APC;HEY2;ENG
GO_Biological_Process_2023,Regulation Of miRNA Transcription (GO:1902893),19/59,9.103947755342838e-06,0.0002954333722711255,0,0,3.904091539528433,45.31401912595411,EGR1;JUN;TGFB2;SPI1;TGFB1;PDGFB;NFATC3;FOS;GATA3;FOXO3;GATA2;KLF4;ETS1;FGF2;APLN;BMP4;NFIB;ATOH8;PPARG
GO_Biological_Process_2023,Regulation Of MAP Kinase Activity (GO:0043405),29/114,9.80744891554528e-06,0.00031239782846098884,0,0,2.810070763093905,32.40677117899215,FLT1;PLA2G1B;LRRK2;PDGFB;FGF2;GHR;RGS2;HYAL2;INPP5K;S100A12;SH2B3;MAP2K5;PDGFRB;PTPN1;MEF2C;EDN1;TGFB1;DUSP1;SPRY4;DAB2IP;IRAK3;BMP4;BMP2;PPARG;SPRY1;TRIB1;TRIB2;TLR4;FGFR1
GO_Biological_Process_2023,Regulation Of Cytoskeleton Organization (GO:0051493),29/114,9.80744891554528e-06,0.00031239782846098884,0,0,2.810070763093905,32.40677117899215,GSK3B;CLIC4;LRP1;FAM107A;ARHGAP18;NEDD9;NEXN;BICD2;ARHGAP44;IQCJ-SCHIP1;SYDE1;MAP6;TPPP;MPDZ;GPM6B;PDGFRB;DMTN;ODAM;DAPK3;CORO2B;SORBS3;TJP1;BST1;HCK;DAAM2;ESAM;PHLDB2;EPHA3;S100A8
GO_Biological_Process_2023,Regulation Of Extracellular Matrix Organization (GO:1903053),11/23,9.843861137788344e-06,0.00031239782846098884,0,0,7.518271150007677,86.67561091111226,EFEMP2;LAMA2;LRP1;LAMB2;TIE1;PRDM5;LAMB1;AXIN2;NID1;FGFR4;DDR2
GO_Biological_Process_2023,Regulation Of Stress Fiber Assembly (GO:0051492),22/75,1.01319355175683e-05,0.00031919294667025384,0,0,3.4139587700908454,39.259905164475086,PTGER4;ARHGEF10;ARHGEF15;MYOC;LIMCH1;PXN;ASAP3;ARHGAP28;PIK3R1;ARHGAP6;SORBS3;PPM1F;TJP1;SFRP1;RGCC;INPP5K;CD47;PHLDB2;WASF2;CGNL1;FERMT2;CLASP2
GO_Biological_Process_2023,Coronary Vasculature Development (GO:0060976),6/7,1.0637201122008757e-05,0.0003279297145899272,0,0,49.12775735294117,562.569473909784,BMP4;MYOCD;APLNR;GATA6;GPC3;APLN
GO_Biological_Process_2023,Lymphatic Endothelial Cell Differentiation (GO:0060836),6/7,1.0637201122008757e-05,0.0003279297145899272,0,0,49.12775735294117,562.569473909784,ACVRL1;BMPR2;SOX18;TIE1;PDPN;NR2F2
GO_Biological_Process_2023,Venous Blood Vessel Development (GO:0060841),6/7,1.0637201122008757e-05,0.0003279297145899272,0,0,49.12775735294117,562.569473909784,ACVRL1;CCBE1;BMPR2;FOXF1;APLNR;ENG
GO_Biological_Process_2023,Canonical Wnt Signaling Pathway (GO:0060070),20/65,1.153786583435746e-05,0.0003531732549013248,0,0,3.653612909857128,41.54112665176158,CCL14;FZD1;GSK3B;TCF7L2;TCF7L1;WNT2B;FZD4;LRRK2;CAV1;FZD7;DIXDC1;PTEN;FZD8;GATA3;NID1;NR4A2;SFRP1;FRZB;SFRP5;WNT2
GO_Biological_Process_2023,Cellular Response To Fibroblast Growth Factor Stimulus (GO:0044344),18/55,1.2109362797052852e-05,0.0003680564072681698,0,0,3.997327271818954,45.25586710218085,TRIM71;KL;EGR3;NDNF;FGF2;ZFP36L2;NR4A1;FGF7;ZFP36;SFRP1;RAB14;HYAL1;FLRT3;HYAL2;FGFR4;CD44;FGFR2;FGFR1
GO_Biological_Process_2023,Cellular Response To Organic Cyclic Compound (GO:0071407),35/152,1.365349083761756e-05,0.00041208717800809367,0,0,2.466311569711663,27.62642685670462,GABRB2;KCNE1;RAMP3;INSIG1;AQP9;SLC1A1;PDGFB;RORA;ATP1A2;TFPI;CLU;GNAI1;AQP1;RAP1A;GNG2;GPER1;P2RY1;INPP5K;TGM2;P2RY12;EGR1;MEF2C;TGFB1;DMTN;IGFBP5;PDE2A;MSN;SSTR1;SPIDR;SFRP1;NR4A3;RAPGEF2;ADTRP;FOLR1;CFTR
GO_Biological_Process_2023,Regulation Of Cold-Induced Thermogenesis (GO:0120161),34/146,1.3969060995079624e-05,0.0004186838003803032,0,0,2.5023443735035915,27.97287097436564,FOXC2;THRA;EPAS1;LAMA4;NPR3;ADRB1;ADRB2;ADIPOR2;ADAMTS5;GJA1;ACADL;PRDM16;LEPR;CD36;ZNF423;JAK2;PPARGC1A;PPARGC1B;CMKLR1;APLP2;CAV1;PLCL1;TRPV2;G0S2;CNKSR2;FABP4;APC;FABP5;SCD;ID1;ALDH1A1;ALPL;TLR4;IL18R1
GO_Biological_Process_2023,Positive Regulation Of Blood Vessel Endothelial Cell Migration (GO:0043536),16/46,1.5371104036050857e-05,0.0004517056425967397,0,0,4.379932286857494,48.54288226896859,FOXC2;MAP3K3;ANXA1;TGFB1;ANGPT1;PDGFB;HMGB1;GATA2;PTGS2;ETS1;FGF2;AKT3;RHOJ;KDR;PRKD1;FGFR1
GO_Biological_Process_2023,Pulmonary Valve Development (GO:0003177),10/20,1.538478439798905e-05,0.0004517056425967397,0,0,8.19889502762431,90.86123336792345,ROBO2;BMP4;HEYL;TGFB2;BMPR2;JAG1;HEY1;HEY2;SLIT2;SMAD6
GO_Biological_Process_2023,Response To Fibroblast Growth Factor (GO:0071774),10/20,1.538478439798905e-05,0.0004517056425967397,0,0,8.19889502762431,90.86123336792345,NR4A1;SFRP1;ZFP36;EGR3;HYAL1;HYAL2;NDNF;ZFP36L2;CD44;IER2
GO_Biological_Process_2023,Regulation Of Pathway-Restricted SMAD Protein Phosphorylation (GO:0060393),19/61,1.5619345975097117e-05,0.0004542454943651157,0,0,3.717764128305044,41.14449666908304,ACVRL1;GDF10;LEFTY1;TGFB2;BMPR2;TGFB1;LRP1;SMAD6;BMP6;TGFBR2;BMP5;SMAD7;BMP4;BMP2;DAB2;SNX25;EMILIN1;PPARG;ENG
GO_Biological_Process_2023,Negative Regulation Of Wound Healing (GO:0061045),12/28,1.5681783748934717e-05,0.0004542454943651157,0,0,6.152764976958525,68.06810532851084,THBD;EDN1;MMRN1;ALOX5;APOH;CD109;PTEN;TFPI;MYOZ1;FGF2;PHLDB2;CLASP2
GO_Biological_Process_2023,Regulation Of Transforming Growth Factor Beta Receptor Signaling Pathway (GO:0017015),28/111,1.6423196596233757e-05,0.0004725501100622993,0,0,2.777572686288329,30.6000066445438,CDKN1C;CITED2;TGFB1I1;LTBP4;PEG10;SAP30L;SNX25;PRDM16;EMILIN1;CDKN2B;TGFB1;CAV1;SMAD6;DKK3;SMAD7;FKBP1A;SKI;PPM1A;BMP2;DAB2;ZEB2;LATS2;CD109;VEPH1;PPARG;SPRY1;FOLR1;ENG
GO_Biological_Process_2023,Muscle Contraction (GO:0006936),25/94,1.7321237536444608e-05,0.0004950891470681784,0,0,2.981361660384458,32.68638874289163,LMOD1;SLC8A1;MYLK;TTN;GJC1;EDNRA;SGCA;SCN7A;APBB2;MYH11;NOS1;TMOD1;DTNA;TPM4;TPM2;TMOD2;KLHL41;SMTN;DES;TNNT2;FXYD1;CASQ2;SSPN;UTRN;CRYAB
GO_Biological_Process_2023,Second-Messenger-Mediated Signaling (GO:0019932),21/72,1.762476222374861e-05,0.0005004504852480198,0,0,3.385388028418216,37.05715373408769,P2RY12;EDN1;MCTP1;LRRK2;FPR1;NDNF;FPR2;SELE;NCALD;CNKSR2;PPP2CA;RCAN1;FCGR3A;EDNRB;INPP5A;RCAN2;AGTR1;PLCE1;CD36;NOS1;AGTR2
GO_Biological_Process_2023,Protein Localization To Membrane (GO:0072657),41/192,1.839627716144368e-05,0.0005189433479005942,0,0,2.240541802895843,24.42943889532353,PIGR;RAMP2;RAMP3;LIN7A;PTN;ITGAL;ZDHHC2;ZDHHC3;PRAM1;NKD2;SLC9A3R2;RAP1A;TMEM88;EPB41L3;P2RY1;INPP5K;FLNA;SPTBN1;RAB8B;CLASP2;ACTN2;CAV1;PTCH1;MAGI2;RDX;TTC7B;ANK2;EMP2;ANK3;EFR3B;RAB11A;EHD1;EHD2;ANO1;TSPAN14;RAPGEF2;TNIK;GAS6;RAPGEF6;SHANK3;FERMT2
GO_Biological_Process_2023,Cell Junction Assembly (GO:0034329),25/95,2.1098012815263116e-05,0.0005912923591602312,0,0,2.938605205642758,31.637998383083996,GPM6A;PTEN;ZDHHC2;CDH6;GJC1;CDH5;FLRT3;SPOCK2;GJA4;SLITRK6;BDNF;MYO9A;PCDHB10;DNM3;TJP1;CLDN5;CDH11;PCDHB16;CDH13;ITGA6;DCHS1;PCDHB4;TLN1;SHANK3;SHANK2
GO_Biological_Process_2023,Negative Regulation Of Vascular Associated Smooth Muscle Cell Proliferation (GO:1904706),9/17,2.309578422744365e-05,0.0006403563269605519,0,0,9.2205476300046,98.4372798449017,BMP4;CNN1;MEF2C;EFEMP2;GPER1;PTEN;PPARG;PRKG1;APLN
GO_Biological_Process_2023,Protein Localization To Plasma Membrane (GO:0072659),32/137,2.314540940821272e-05,0.0006403563269605519,0,0,2.51081284606866,26.799698464480464,RAMP2;RAMP3;ZDHHC2;ZDHHC3;PRAM1;NKD2;SLC9A3R2;RAP1A;TMEM88;EPB41L3;P2RY1;INPP5K;FLNA;SPTBN1;RAB8B;CLASP2;ACTN2;PTCH1;RDX;TTC7B;ANK2;EMP2;ANK3;EFR3B;RAB11A;EHD1;EHD2;TSPAN14;RAPGEF2;TNIK;GAS6;RAPGEF6
GO_Biological_Process_2023,Positive Regulation Of Gene Expression (GO:0010628),82/480,2.502350824750124e-05,0.0006843456913401209,0,0,1.709069155300311,18.10877523861396,GSK3B;CALCOCO1;PID1;SPI1;BMPR2;TFRC;CITED2;CLU;FGF2;ETS1;ACTG2;CDH5;GJA1;FGF7;LAMP3;GPER1;CTSH;EMILIN1;CD36;CD34;HOXA5;MEF2C;SLC11A1;CIRBP;MITF;ANK2;ANK3;ACTA2;FGR;CLDN5;KAT2B;OLFM1;TYROBP;PPARG;PGR;ADTRP;GAS6;TLR4;RBM24;TLR3;RBMS3;PTGER4;RAMP2;SLC24A3;RAMP3;PDGFB;PIK3R3;PIK3R1;GATA2;DLL1;PPM1F;TTN;FXR1;PPARGC1A;NTRK2;EGR1;CD74;IL33;GSN;TGFB1;CADM1;ANGPT1;ODAM;EPHX2;RDX;PDE2A;CRTAM;SAMD4A;MSN;KLF4;LARP6;BMP6;BMP4;BMP2;IL6;RGCC;ID2;CNTN1;TMEM119;VIM;FGFR4;PF4
GO_Biological_Process_2023,Positive Regulation Of Endocytosis (GO:0045807),22/79,2.505250677287746e-05,0.0006843456913401209,0,0,3.1736679662118257,33.623541629509056,TUB;HIP1;FCER1G;LRP1;CCL21;SGIP1;SLC11A1;SFTPD;NEDD4L;FPR2;PLA2G5;GATA2;CLU;DLL1;SIRPB1;RAB21;DAB2;GPC3;SIRPA;CD47;GAS6;SNCA
GO_Biological_Process_2023,Regulation Of Platelet Aggregation (GO:0090330),11/25,2.637031660543822e-05,0.0007147571486298992,0,0,6.443508587221162,67.93566077883389,IL6;DMTN;MMRN1;PDPN;CTSG;EMILIN1;PRKCQ;JAK2;IL6ST;SH2B3;PRKG1
GO_Biological_Process_2023,Regulation Of Cell-Substrate Junction Assembly (GO:0090109),10/21,2.649702126524186e-05,0.0007147571486298992,0,0,7.45312238406161,78.54456803747439,MACF1;LIMCH1;PEAK1;DAPK3;FYN;TLN1;EPHA3;GPM6B;VCL;CORO1C
GO_Biological_Process_2023,Regulation Of Kinase Activity (GO:0043549),23/85,2.746839412193265e-05,0.0007363576958401324,0,0,3.0509046900446743,32.042048766804434,CDKN1C;PDGFRB;PDGFRA;CD74;NTRK2;FLT1;FLT4;TIE1;EMP2;LDB2;TTN;FGR;CD4;ERBB4;KDR;PLCE1;ROR1;TEK;FGFR4;ROS1;FGFR2;DDR2;FGFR1
GO_Biological_Process_2023,Negative Regulation Of DNA-templated Transcription (GO:0045892),153/1025,3.0060868349373465e-05,0.0008008809123203448,0,0,1.4654132057641265,15.258301826949593,SPI1;PRDM6;WWC1;PRDM5;ZBTB20;PRDM2;ETS2;ZFP36;DACH1;EDNRB;ZNF608;CCND1;SOX18;WWC3;MYOZ1;SOX7;MEF2A;MEF2C;FST;SOX13;RFX3;MITF;FOXP2;HIC1;FOXP1;DKK3;EID1;SFRP1;ZFPM2;ATF3;TSHZ3;NOTCH4;GATA6;PDGFB;TWIST2;GATA3;GATA2;FOXO3;PRDM11;ZNF25;ZBTB4;FOXO1;HMBOX1;NACC2;PRDM16;TPR;ZBED2;NDN;INPP5K;ZNF423;MAP2K5;CBX7;JUN;UBE2I;JUND;TGFB1;WFS1;ZBTB16;CAV1;PTCH1;PDE2A;NR2F1;IGF2;NFATC3;NR2F2;FOXN3;SMARCA2;BMP6;SMAD7;BMP4;NR4A2;BMP2;DAB2;NR4A3;ID2;ID1;MAFF;ZNF658;ID4;ID3;FGFR2;CDKN1C;THRB;THRA;CITED2;TCF21;HMGB1;LDB2;LIMD1;MECP2;HHEX;LBH;HEY1;HEY2;LRRFIP1;KLF11;USP47;LEFTY1;EDN1;ZHX3;PEG3;CBFA2T3;SREBF2;ETV5;PPM1A;ZEB2;CRY2;XCL1;PPARG;GAS6;CRYAB;FBP1;JDP2;KANK2;FOXC2;CEBPA;NFIX;ZBTB46;SATB1;PRICKLE1;PPM1F;PURA;TCEAL7;CCDC85B;DNAJB4;SAP30L;ATOH8;FLNA;SAP18;APBB2;RUNX1T1;JAZF1;SNCA;IRX1;SMARCE1;IL33;IRX2;TCF7L2;CNBP;DAB2IP;WWP2;KLF4;MEIS2;TBX3;KLF2;TBX2;SKI;HEYL;PER3;NFIB;BCL6B;NFIC;FOSB
GO_Biological_Process_2023,Negative Regulation Of Ras Protein Signal Transduction (GO:0046580),13/34,3.038044670824468e-05,0.0008044294968882457,0,0,5.07938703374388,52.83431779488729,KANK1;TGFB2;MYOC;CUL3;HEG1;SPRY4;DAB2IP;RASIP1;ARHGAP24;ARHGAP44;SPRY1;FBP1;SCAI
GO_Biological_Process_2023,Negative Regulation Of Smooth Muscle Cell Migration (GO:0014912),8/14,3.244785450520179e-05,0.0008514729916224866,0,0,10.92425636307881,112.9117617166461,BMP4;MEF2C;NDRG4;IGFBP5;LRP1;SLIT2;TRIB1;PRKG1
GO_Biological_Process_2023,Cell-Matrix Adhesion (GO:0007160),27/109,3.273284979129228e-05,0.0008514729916224866,0,0,2.7099315262294152,27.985818965970093,ECM2;COL13A1;ITGAL;FBLN5;SGCE;EMILIN1;CD34;CCL21;ACTN2;ITGA1;EMP2;SORBS1;NPNT;LYVE1;TIAM1;PEAK1;CDH11;ITGA8;ZYX;ITGBL1;ITGA7;ITGA6;ITGA5;VCL;FERMT2;CD44;ITGA9
GO_Biological_Process_2023,Regulation Of Response To External Stimulus (GO:0032101),30/127,3.2748961216249484e-05,0.0008514729916224866,0,0,2.546803740466792,26.299923633826857,GATA6;PTGS2;SAMHD1;AGER;CX3CL1;EFNB2;ALOX5;CASP1;CD36;GGT1;JAK2;N4BP1;P2RY12;PDGFRA;ANXA1;APLP2;CAV1;F2R;ERAP1;SELE;FOXP1;FGR;BST1;HCK;AGTR1;NMT2;XCL1;CARD16;MGLL;FOXA2
GO_Biological_Process_2023,Negative Regulation Of Cell-Substrate Adhesion (GO:0010812),14/39,3.470465780697663e-05,0.0008931031460398769,0,0,4.595977859778598,47.19442669016058,KANK1;DMTN;JAG1;MYOC;FZD4;FZD7;PTPRO;SPRY4;FBLN1;SEMA3E;ACTN4;CORO2B;CX3CL1;CORO1C
GO_Biological_Process_2023,Negative Regulation Of Phosphorylation (GO:0042326),21/75,3.476397788107028e-05,0.0008931031460398769,0,0,3.196771042212968,32.821020762295966,CDKN1C;PRNP;WWTR1;CDKN2B;PID1;TGFB1;LRRK2;PTEN;DAB2IP;FBLN1;PRR5L;PTPN13;CORO1C;BMP4;FKBP8;MYADM;SIRPA;INPP5K;SLIT2;SH3GL2;ZBED3
GO_Biological_Process_2023,Cardiac Muscle Cell Action Potential Involved In Contraction (GO:0086002),12/30,3.618944507234459e-05,0.0009242227510783388,0,0,5.468509984639017,55.925046502423264,GJC1;KCNE1;GJA1;CACNA2D1;NEDD4L;CACNA1D;KCNA5;CACNA1C;GPD1L;SCN4B;KCNJ2;SCN1A
GO_Biological_Process_2023,Positive Regulation Of Osteoblast Differentiation (GO:0045669),15/44,3.70741608926866e-05,0.0009412475200755022,0,0,4.246057635695304,43.32078645947965,WWTR1;MEF2C;BMPR2;ZHX3;HGF;CTNNBIP1;NPNT;BMP6;BMP4;IL6;TMEM119;PRKD1;IL6ST;FERMT2;DDR2
GO_Biological_Process_2023,Positive Regulation Of miRNA Metabolic Process (GO:2000630),16/49,3.775580483839697e-05,0.000952947682353926,0,0,3.98108508911833,40.544848818178096,EGR1;JUN;TGFB2;SPI1;TGFB1;PDGFB;FOS;GATA3;FOXO3;GATA2;KLF4;ETS1;FGF2;APLN;ATOH8;PPARG
GO_Biological_Process_2023,Vascular Associated Smooth Muscle Cell Differentiation (GO:0035886),6/8,3.858846031442162e-05,0.0009683011320758356,0,0,24.5625,249.61781323358736,EFEMP2;MYOCD;RAMP2;HEY2;GATA6;ENG
GO_Biological_Process_2023,Receptor-Mediated Endocytosis (GO:0006898),29/122,3.888547683519327e-05,0.000970113976998232,0,0,2.567185572519465,26.069486387899257,RAMP2;CALCRL;RAMP3;TFRC;LRP1;STON1;ADRB2;STON2;VLDLR;DLL1;SNX1;MRC1;CXCR2;TMEM108;CD36;SCARF1;LDLR;SNCA;MSR1;FCER1G;CAV2;CAV1;MAGI2;SFTPD;DNM3;MARCO;DAB2;NEDD4;FOLR1
GO_Biological_Process_2023,Positive Regulation Of Platelet Aggregation (GO:1901731),7/11,4.038486518968512e-05,0.0010017303342452,0,0,14.333103448275862,145.00880260337942,IL6;DMTN;MMRN1;PDPN;EMILIN1;IL6ST;JAK2
GO_Biological_Process_2023,Positive Regulation Of Phosphatidylinositol 3-Kinase Activity (GO:0043552),11/26,4.120934562302984e-05,0.0010163402040514,0,0,6.013603562106556,60.71842601565816,P2RY12;PDGFRB;FGR;PDGFRA;FLT1;TGFB1;CCL21;PDGFB;PRKD1;TEK;FGF2
GO_Biological_Process_2023,Mesenchyme Morphogenesis (GO:0072132),9/18,4.171321596596812e-05,0.0010171425994865,0,0,8.19558214450069,82.64992619335932,ACVRL1;ADAMTS5;HEYL;TGFB2;BMP2;APC;HEY1;TBX2;ENG
GO_Biological_Process_2023,Positive Regulation Of Cation Transmembrane Transport (GO:1904064),9/18,4.171321596596812e-05,0.0010171425994865,0,0,8.19558214450069,82.64992619335932,EDN1;KCNE1;EDNRA;STAC;AMIGO1;FLNA;ANK2;ANK3;NOS1
GO_Biological_Process_2023,Positive Regulation Of Phagocytosis (GO:0050766),18/60,4.560003109759431e-05,0.0011056726641416,0,0,3.5204647478214945,35.18916503569556,FCN1;TUB;FCN3;FCER1G;APLP2;SLC11A1;SFTPD;ANO6;FPR2;PLA2G5;CFP;GATA2;SIRPB1;C2;SIRPA;CD47;GAS6;CD300LF
GO_Biological_Process_2023,Cell-Cell Junction Assembly (GO:0007043),20/71,4.822757326969257e-05,0.0011628503141452,0,0,3.2226877800148737,32.03216184732331,RAMP2;SMAD7;CDH6;CLDN11;GJC1;TJP1;CDH5;CLDN5;GJA1;GJD3;GJA5;GJA4;CDH11;EPB41L3;CDH13;DCHS1;TLN1;MPDZ;VCL;JAM3
GO_Biological_Process_2023,Positive Regulation Of Cellular Biosynthetic Process (GO:0031328),37/174,5.0580541109489966e-05,0.0012128089746031,0,0,2.226182090415667,22.021267723324204,TYRP1;PDGFB;HBB;PTH1R;PTGS2;CLU;FGF2;FOXO1;FXR1;DUOXA1;CD36;PPARGC1A;LDLR;MFSD2A;SNCA;PDGFRB;EGR1;TCF7L2;STARD4;EDN1;HGF;MID1IP1;CIRBP;IGF2;SAMD4A;SORBS1;KLF4;LARP6;KLF2;KAT2B;IL6;ZEB2;RGCC;AGTR2;VIM;FGFR4;TLR4
GO_Biological_Process_2023,Actin Filament Polymerization (GO:0030041),12/31,5.320364300347404e-05,0.0012539575194779,0,0,5.180402619451855,50.98232982832796,PREX1;DIAPH2;GSN;FAM107A;MSRB2;COBL;ANG;JAK2;FHDC1;ARHGAP6;WASF3;GAS7
GO_Biological_Process_2023,Negative Regulation Of Cell-Matrix Adhesion (GO:0001953),12/31,5.320364300347404e-05,0.0012539575194779,0,0,5.180402619451855,50.98232982832796,ACVRL1;DMTN;JAG1;MYOC;FAM107A;PTEN;SEMA3E;APOD;ARHGAP6;PHLDB2;CORO1C;CLASP2
GO_Biological_Process_2023,Neuron Projection Guidance (GO:0097485),29/124,5.345880064502906e-05,0.0012539575194779,0,0,2.512855990417288,24.717957431431334,SEMA5A;ROBO2;ROBO4;PTPRO;NRXN3;SEMA3G;NEXN;SEMA3E;EFNB2;TNR;FYN;SLIT2;ARHGEF40;NEO1;SEMA6A;BDNF;CNTN6;DCC;SEMA6D;UNC5C;ENAH;NFASC;CXCL12;PALLD;FEZ1;CNTN1;PRKCQ;CNTN4;EPHA3
GO_Biological_Process_2023,Positive Regulation Of Defense Response (GO:0031349),29/124,5.345880064502906e-05,0.0012539575194779,0,0,2.512855990417288,24.717957431431334,PTGER4;CEBPA;FPR2;NLRC4;ETS1;CX3CL1;CAMK2N1;HYAL2;CASP1;S100A12;EMILIN1;GPSM3;SNCA;IL33;MEF2C;TSLP;PDE2A;SH2D1B;NKG7;GPR4;MYO1C;MMRN2;AGTR1;TLR8;CD47;TLR4;OPTN;S100A8;TLR3
GO_Biological_Process_2023,Axon Guidance (GO:0007411),33/149,5.4494136270895816e-05,0.001271333471055,0,0,2.3433754272235685,23.00589481919446,SEMA5A;ROBO2;ROBO4;PTPRO;NRXN3;SEMA3G;PTPRM;NEXN;SEMA3E;EFNB2;CHN1;PLXNA2;TNR;FYN;SLIT2;ARHGEF40;NEO1;SEMA6A;BDNF;CNTN6;DCC;SEMA6D;UNC5C;ENAH;NFASC;CXCL12;PALLD;NFIB;FEZ1;CNTN1;PRKCQ;CNTN4;EPHA3
GO_Biological_Process_2023,Negative Regulation Of Cell Growth (GO:0030308),29/125,6.245305028981908e-05,0.0014355851121644,0,0,2.486540099086546,24.07243211130424,ACVRL1;BMPR2;NPR1;FHL1;JADE1;SEMA3G;WFDC1;PRDM11;RERG;PPP2CA;GJA1;SOX17;MAP2;HYAL1;CCDC85B;FRZB;HYAL2;DACT3;MSX1;SLIT2;TGFB2;TGFB1;DCC;SMARCA2;SFRP1;ULK2;SCGB3A1;AGTR2;FBP1
GO_Biological_Process_2023,Neuron Development (GO:0048666),33/150,6.265847563949942e-05,0.0014355851121644,0,0,2.323215329729988,22.48364026788324,ROBO2;GPM6A;GSK3B;BTG2;ATP8A2;RASGRF1;PTPRM;HMGB1;FRY;AGER;FLRT3;MAP2;TMEM108;DMD;MAP4;SH3GL2;NTRK2;MEF2C;TGFB2;MYOC;LGI4;ETV1;LAMB1;PBX1;RAB11A;EHD1;GPRIN2;IL6;VAPA;NEDD4;RAPGEF2;CNTN4;FRYL
GO_Biological_Process_2023,Negative Regulation Of Cell-Substrate Junction Organization (GO:0150118),8/15,6.28650570433481e-05,0.0014355851121644,0,0,9.363122617952424,90.5837177838,DMTN;FAM107A;PTEN;APOD;ARHGAP6;PHLDB2;CORO1C;CLASP2
GO_Biological_Process_2023,Negative Regulation Of Focal Adhesion Assembly (GO:0051895),8/15,6.28650570433481e-05,0.0014355851121644,0,0,9.363122617952424,90.5837177838,DMTN;FAM107A;PTEN;APOD;ARHGAP6;PHLDB2;CORO1C;CLASP2
GO_Biological_Process_2023,Extracellular Matrix Organization (GO:0030198),37/176,6.528546682636985e-05,0.0014615563702074,0,0,2.1939025003773205,21.14207040912324,COLGALT2;ECM2;COL13A1;COL14A1;ELN;COL12A1;DPT;NDNF;NID1;THSD4;ADAMTS15;ADAMTS5;ADAMTS1;ADAMTSL4;SPOCK2;MMP28;HAS3;SLC39A8;CTSG;HMCN1;ADAMTS8;TPSAB1;GPM6B;CRTAP;TGFB2;TGFB1;GSN;NPNT;COL4A2;COL4A3;COL4A6;COL4A5;MMP19;GAS6;RECK;MATN3;DDR2
GO_Biological_Process_2023,SMAD Protein Signal Transduction (GO:0060395),16/51,6.545647709991875e-05,0.0014615563702074,0,0,3.7531724046959503,36.15853249850593,GDF10;LEFTY1;JUN;TGFB2;TGFB1;MAGI2;SMAD9;FOS;SMAD6;BMP6;BMP5;SMAD7;BMP4;SKI;BMP2;ATOH8
GO_Biological_Process_2023,Receptor Internalization (GO:0031623),16/51,6.545647709991875e-05,0.0014615563702074,0,0,3.7531724046959503,36.15853249850593,CCL14;RAMP2;FCER1G;CALCRL;RAMP3;TFRC;LRP1;CAV1;ARRB1;DNM3;SNX1;DMBT1;NEDD4;CXCR2;CD36;SNCA
GO_Biological_Process_2023,Regulation Of Release Of Sequestered Calcium Ion Into Cytosol (GO:0051279),16/51,6.545647709991875e-05,0.0014615563702074,0,0,3.7531724046959503,36.15853249850593,TRPC1;F2R;ANK2;CX3CL1;FKBP1A;UBASH3B;GPER1;FKBP1B;APLNR;CASQ2;XCL1;DMD;NOS1;PRKACA;CALM1;SNCA
GO_Biological_Process_2023,Positive Regulation Of Ossification (GO:0045778),14/41,6.569553656632294e-05,0.0014615563702074,0,0,4.255056717233839,40.97823679032906,KL;MEF2C;BMPR2;PKDCC;ZBTB16;ANO6;PTN;SLC8A1;BMP6;BMP4;BMP2;ALOX5;TMEM119;GPM6B
GO_Biological_Process_2023,Myofibril Assembly (GO:0030239),15/46,6.681139714622389e-05,0.001478758923503,0,0,3.9716718519731455,38.182210975553815,PDGFRB;TMOD1;PDGFRA;ACTN2;TMOD2;LMOD1;CFLAR;KLHL41;TTN;CSRP2;CSRP1;TNNT2;PGM5;MYOZ1;MYL9
GO_Biological_Process_2023,Artery Development (GO:0060840),10/23,6.997233237353129e-05,0.0015408193190008,0,0,6.305779855503612,60.32998531995819,ACVRL1;ROBO2;EFEMP2;BMPR2;GJA5;PDE2A;APLNR;SMAD7;TGFBR2;ENG
GO_Biological_Process_2023,Embryonic Digestive Tract Development (GO:0048566),9/19,7.158044403038604e-05,0.0015524683237947,0,0,7.375609756097561,70.39789872121568,PDGFRA;TGFB2;PKDCC;FOXF1;RARRES2;ID2;TCF21;PCSK5;FGFR2
GO_Biological_Process_2023,Negative Regulation Of Peptidyl-Serine Phosphorylation (GO:0033137),9/19,7.158044403038604e-05,0.0015524683237947,0,0,7.375609756097561,70.39789872121568,DMTN;RASSF2;PTEN;INPP5K;DMD;GPD1L;PPM1F;SMAD7;NCK1
GO_Biological_Process_2023,Regulation Of Integrin-Mediated Signaling Pathway (GO:2001044),9/19,7.158044403038604e-05,0.0015524683237947,0,0,7.375609756097561,70.39789872121568,DMTN;LAMA2;LAMB2;FLNA;EMP2;LAMB1;PRKD1;NID1;LIMS2
GO_Biological_Process_2023,Positive Regulation Of DNA-templated Transcription (GO:0045893),178/1243,7.273015097174775e-05,0.0015695166579703,0,0,1.3972215194025095,13.313780879648462,CSF3;PID1;SPI1;PRDM5;RORA;PRDM2;ETS1;FGF2;ETS2;FGF7;SOX17;SOX18;JUNB;HOXA5;IER2;MEF2A;MEF2C;SLC11A1;HGF;F2R;LMO2;RFX3;MITF;LMO7;SFRP1;PGR;PRKD1;ERG;ZFPM2;ATF3;ENY2;CASZ1;BEX1;EPAS1;NOTCH4;GATA6;PDGFB;GATA3;FOXO4;PIK3R1;GATA2;FOXO3;PRDM11;FOXO1;PRDM16;INPP5K;HIVEP3;ZNF423;PPARGC1A;WNT2;PPARGC1B;MAP2K5;ZBED3;FZD1;EGR1;WWTR1;JUN;EGR2;TGFB2;JAG1;JUND;TGFB1;FOXF2;FOXF1;FZD4;ZBTB16;FZD7;NR2F1;IGF2;NFATC3;NR2F2;SMARCA2;FLI1;PBX1;BMP6;BMP5;BMP4;NR4A2;NR4A1;BMP2;IL6;DAB2;RGCC;NR4A3;ID2;MAFF;CREBRF;TCF4;FGFR2;CDKN1C;ACVRL1;CSRNP1;CALCOCO1;BMPR2;THRB;THRA;CITED2;TGFB1I1;TCF21;ADIRF;ARRB1;HMGB1;LDB2;MEOX2;CX3CL1;HHEX;LBH;HEY1;HYAL2;GPER1;HEY2;UBTF;NOS1;NCK1;ACTR3;MYOCD;EDN1;PEG3;ABHD14B;ETV1;FOS;RGMB;KLF15;SREBF2;ETV5;DCN;PPM1A;KAT2B;TOX2;ZEB2;NR5A2;TAL1;WAC;CDH13;PPARG;ITGA6;TLR4;TLR3;CREB5;ENG;FOXC2;CEBPA;NFAT5;NFIX;MYRF;PLA2G1B;DLL1;FSTL3;ERBB4;ATOH8;HAS3;APBB2;CD74;IL33;ARNT2;TCF7L2;PCGF5;NFYB;CNBP;DAB2IP;TBX5;KLF4;MEIS2;TBX3;KLF2;APLN;SKI;HEYL;CD4;KLF6;MEIS1;NFIA;NFIB;NFIC;SSBP2;SSBP3;FOXA2;PF4
GO_Biological_Process_2023,Negative Regulation Of Fat Cell Differentiation (GO:0045599),12/32,7.67099189919812e-05,0.0016471642306934,0,0,4.92110599078341,46.62983911026875,WWTR1;BMP2;IL6;TGFB1;CCDC85B;GPER1;RORA;TRIB2;FOXO1;ZFP36L2;FERMT2;RUNX1T1
GO_Biological_Process_2023,Bleb Assembly (GO:0032060),5/6,8.397966548030742e-05,0.0017642492226415,0,0,40.92099219108865,384.0408872881669,PMP22;EMP1;EMP2;EMP3;MYLK
GO_Biological_Process_2023,Elastic Fiber Assembly (GO:0048251),5/6,8.397966548030742e-05,0.0017642492226415,0,0,40.92099219108865,384.0408872881669,MFAP4;EFEMP2;EMILIN1;MYH11;FBLN5
GO_Biological_Process_2023,Vascular Wound Healing (GO:0061042),5/6,8.397966548030742e-05,0.0017642492226415,0,0,40.92099219108865,384.0408872881669,MCAM;KDR;NDNF;GATA2;CD34
GO_Biological_Process_2023,Integrin-Mediated Signaling Pathway (GO:0007229),22/85,8.461528940843353e-05,0.0017642492226415,0,0,2.870443856554968,26.91728753830094,DST;CUL3;ITGA1;NEDD9;FBLN1;PTN;ITGAL;PRAM1;FGR;HCK;DAB2;ADAMTS1;ITGA8;ZYX;ITGA7;ITGBL1;ITGA6;CD47;ITGA5;PRKD1;FERMT2;ITGA9
GO_Biological_Process_2023,Negative Regulation Of Cell Cycle (GO:0045786),22/85,8.461528940843353e-05,0.0017642492226415,0,0,2.870443856554968,26.91728753830094,CDKN1C;CEBPA;BTG2;MYOCD;TGFB1;HPGD;DUSP1;PTEN;GATA3;NR2F2;RHOB;BMP4;NR4A1;HHEX;BMP2;LATS2;CDK6;APC;GPER1;RPS6KA2;GAS1;NUPR1
GO_Biological_Process_2023,Transport Across Blood-Brain Barrier (GO:0150104),22/85,8.461528940843353e-05,0.0017642492226415,0,0,2.870443856554968,26.91728753830094,SLC15A2;ABCB1;SLC24A3;SLC44A1;TFRC;LRP1;KCNJ8;SLC1A1;SLC6A13;SLC2A3;ABCC9;ATP1A2;SLC4A4;AGER;FABP5;SLCO3A1;SLCO2B1;LEPR;CD36;SLC38A5;MFSD2A;ABCG2
GO_Biological_Process_2023,Regulation Of Sodium Ion Transmembrane Transporter Activity (GO:2000649),13/37,8.519261702827485e-05,0.0017677468033367,0,0,4.443714461349316,41.6402519900717,PRKCE;NEDD4L;PCSK9;FGF14;FXYD3;HECW2;NEDD4;FXYD1;DMD;FXYD6;GPD1L;UTRN;SCN4B
GO_Biological_Process_2023,Regulation Of Vascular Associated Smooth Muscle Cell Migration (GO:1904752),7/12,8.775985188990643e-05,0.0018062876364208,0,0,11.46583908045977,107.10132998823636,BMP4;DOCK4;MEF2C;NR4A3;IGFBP5;PDGFB;PRKG1
GO_Biological_Process_2023,Epithelial To Mesenchymal Transition (GO:0001837),15/47,8.830553551547811e-05,0.0018062876364208,0,0,3.8473407937240425,35.91380197196549,GSK3B;TGFB2;TGFB1;FOXF2;NOTCH4;HGF;TBX3;TGFBR3;HEYL;OLFM1;BMP2;HEY1;HEY2;S100A4;FGFR1
GO_Biological_Process_2023,Positive Regulation Of Smooth Muscle Cell Proliferation (GO:0048661),15/47,8.830553551547811e-05,0.0018062876364208,0,0,3.8473407937240425,35.91380197196549,PDGFRB;EDN1;JUN;TGFB1;IGFBP5;PDGFB;FGF2;CX3CL1;FOXP1;BMP4;GJA1;IL6;NR4A3;ID2;CDH13
GO_Biological_Process_2023,Protein Polymerization (GO:0051258),18/63,9.271177470999036e-05,0.0018870223566796,0,0,3.2852125693160814,30.50653343974498,GSN;ARL6;MID1IP1;FAM107A;COBL;FHDC1;ARHGAP6;PREX1;DIAPH2;TPPP3;CASQ2;MSRB2;ANG;MAP4;TPPP;JAK2;WASF3;GAS7
GO_Biological_Process_2023,Negative Regulation Of Actin Filament Bundle Assembly (GO:0032232),11/28,9.312691426616506e-05,0.0018870223566796,0,0,5.305524697211912,49.2434785642989,TJP1;MYOC;INPP5K;ARHGAP28;PIK3R1;ARHGAP6;WASF2;PHLDB2;SHANK3;CGNL1;CLASP2
GO_Biological_Process_2023,Positive Regulation Of Vasculogenesis (GO:2001214),6/9,0.00010501291995363952,0.0020983137153699,0,0,16.374080882352942,150.00994944987468,TMEM100;RAP1A;RRAS;KDR;RAPGEF2;CD34
GO_Biological_Process_2023,Regulation Of Cardiac Muscle Cell Differentiation (GO:2000725),6/9,0.00010501291995363952,0.0020983137153699,0,0,16.374080882352942,150.00994944987468,EFNB2;MEF2C;MYOCD;TGFB1;FZD7;SOX6
GO_Biological_Process_2023,Response To Laminar Fluid Shear Stress (GO:0034616),6/9,0.00010501291995363952,0.0020983137153699,0,0,16.374080882352942,150.00994944987468,KLF4;SMAD6;KLF2;MAP2K5;SREBF2;SMAD7
GO_Biological_Process_2023,Positive Regulation Of Inflammatory Response (GO:0050729),25/104,0.00010657854698483516,0.0021197834506292,0,0,2.6025069981162305,23.8041641970886,PTGER4;CEBPA;NLRC4;ETS1;CX3CL1;CAMK2N1;HYAL2;CASP1;S100A12;GPSM3;SNCA;IL33;TSLP;PDE2A;NKG7;GPR4;IL6;MYO1C;AGTR1;NUPR1;CD47;IL6ST;TLR4;S100A8;TLR3
GO_Biological_Process_2023,Negative Regulation Of Cell Junction Assembly (GO:1901889),10/24,0.00010825190837098691,0.0021409823240434,0,0,5.855038147855828,53.4626435151437,ACVRL1;ROBO2;DMTN;FAM107A;PTEN;APOD;ARHGAP6;PHLDB2;CORO1C;CLASP2
GO_Biological_Process_2023,Regulation Of Sprouting Angiogenesis (GO:1903670),12/33,0.00010863649883353175,0.0021409823240434,0,0,4.686504279131007,42.77608243858963,PPP1R16B;TJP1;SEMA6A;ALOX5;RHOJ;ITGA5;KLF4;SYNJ2BP;DLL1;FGF2;FUT1;KLF2
GO_Biological_Process_2023,Actin Polymerization Or Depolymerization (GO:0008154),16/53,0.00010959994673469635,0.0021501516823043,0,0,3.5498989294003143,32.37036989672348,GSN;FAM107A;COBL;DSTN;FHDC1;ARHGAP6;ENAH;PREX1;DIAPH2;ABI2;CFL2;MSRB2;ANG;JAK2;WASF3;GAS7
GO_Biological_Process_2023,Positive Regulation Of Cardiac Muscle Tissue Growth (GO:0055023),8/16,0.00011369350609968264,0.0021906302335992,0,0,8.192272309107636,74.40225211835035,TGFBR3;EDN1;MEF2C;ERBB4;ZFPM2;FGF2;FGFR2;TBX2
GO_Biological_Process_2023,Positive Regulation Of Cell Migration Involved In Sprouting Angiogenesis (GO:0090050),8/16,0.00011369350609968264,0.0021906302335992,0,0,8.192272309107636,74.40225211835035,FOXC2;MAP3K3;ANXA1;RHOJ;KDR;GATA2;PTGS2;FGF2
GO_Biological_Process_2023,Positive Regulation Of Homotypic Cell-Cell Adhesion (GO:0034112),8/16,0.00011369350609968264,0.0021906302335992,0,0,8.192272309107636,74.40225211835035,IL6;DMTN;MMRN1;PDPN;CTSG;EMILIN1;IL6ST;JAK2
GO_Biological_Process_2023,Regulation Of Cardiac Muscle Contraction By Regulation Of The Release Of Sequestered Calcium Ion (GO:0010881),8/16,0.00011369350609968264,0.0021906302335992,0,0,8.192272309107636,74.40225211835035,FKBP1B;CASQ2;ATP1A2;DMD;CACNA1C;CALM1;PRKACA;SLC8A1
GO_Biological_Process_2023,Negative Regulation Of Epithelial Cell Apoptotic Process (GO:1904036),13/38,0.00011664029475982876,0.0022275199654133,0,0,4.265726141078838,38.632189463072415,SEMA5A;CAST;TCF7L2;RAMP2;WFS1;NDNF;GATA3;GATA2;CDH5;KDR;NUPR1;TEK;GAS6
GO_Biological_Process_2023,Positive Regulation Of Bone Mineralization (GO:0030501),13/38,0.00011664029475982876,0.0022275199654133,0,0,4.265726141078838,38.632189463072415,KL;MEF2C;BMPR2;PKDCC;ANO6;PTN;SLC8A1;BMP6;BMP4;BMP2;ALOX5;TMEM119;GPM6B
GO_Biological_Process_2023,Regulation Of Endothelial Cell Apoptotic Process (GO:2000351),14/43,0.00011843137882752112,0.0022517613701303,0,0,3.9611591805573223,35.81354066952984,SEMA5A;RAMP2;ANGPT1;ECSCR;NDNF;ANO6;GATA3;GATA2;CDH5;RGCC;GPER1;KDR;TEK;GAS6
GO_Biological_Process_2023,Cellular Response To Oxygen-Containing Compound (GO:1901701),69/406,0.00012476983528599678,0.002361174500535,0,0,1.6938929700413297,15.22647138508541,GSK3B;CLIC4;PID1;AQP9;RORA;HMGB1;CXCL3;CLU;CXCL2;AQP1;ZFP36;GPER1;PDK4;CASP1;SIRPA;CTSG;TGM2;MEF2A;PDGFRA;MEF2C;IGFBP5;DAPK1;FOS;SSTR1;ITPKB;SFRP1;RAPGEF2;PRKD1;CARD16;TLR4;CFTR;EPHA3;CX3CR1;CD274;KCNE1;RAMP3;INSIG1;PXN;PDGFB;RASGRP2;FOXO1;ADD1;RAP1A;GNG2;P2RY1;INPP5K;SLIT2;WNT2;P2RY12;EGR1;JUN;DMTN;FZD4;FZD7;PDE2A;DAB2IP;SYT15;DEFA1;PPBP;LILRB2;FER;IL6;NR4A3;SYT11;ALOX5AP;VIM;LAMTOR3;FOLR1;PF4
GO_Biological_Process_2023,Positive Regulation Of Protein Kinase B Signaling (GO:0051897),23/93,0.00012528011135832276,0.002361174500535,0,0,2.7010123734533185,24.26848391288665,SEMA5A;CX3CR1;P2RY12;TCF7L2;CSF3;HIP1;RAMP3;TGFB1;MYOC;ANGPT1;CCL21;F10;IGF2;GATA3;FGF2;CX3CL1;CNTN1;TEK;GAS6;FERMT2;ENG;HBEGF;FGFR1
GO_Biological_Process_2023,Negative Regulation Of Transcription By RNA Polymerase II (GO:0000122),116/763,0.00012918202063161183,0.0024241287002001,0,0,1.4901122314472486,13.342894274607598,SPI1;PRDM6;WWC1;PRDM5;ZBTB20;PRDM2;ETS2;ZFP36;DACH1;EDNRB;ZNF608;CCND1;SOX18;WWC3;MYOZ1;MEF2A;MEF2C;FST;SOX13;MITF;HIC1;EID1;ZFPM2;ATF3;NOTCH4;GATA6;GATA3;GATA2;FOXO3;ZNF25;ZBTB4;HMBOX1;NACC2;PRDM16;TPR;ZBED2;NDN;MAP2K5;CBX7;JUN;JUND;UBE2I;WFS1;ZBTB16;CAV1;PTCH1;PDE2A;NR2F1;IGF2;NR2F2;SMARCA2;BMP6;SMAD7;BMP4;NR4A2;DAB2;BMP2;NR4A3;ID2;MAFF;ID1;ID4;ID3;FGFR2;THRB;THRA;CITED2;TCF21;HMGB1;LDB2;MECP2;HHEX;HEY1;HEY2;LRRFIP1;KLF11;LEFTY1;EDN1;PEG3;SREBF2;ETV5;PPM1A;ZEB2;CRY2;PPARG;FBP1;JDP2;KANK2;CEBPA;FOXC2;NFIX;ZBTB46;SATB1;PURA;DNAJB4;SAP30L;APBB2;JAZF1;SNCA;IRX1;IRX2;IL33;TCF7L2;CNBP;DAB2IP;WWP2;KLF4;MEIS2;KLF2;TBX3;TBX2;SKI;PER3;NFIC;BCL6B;FOSB
GO_Biological_Process_2023,Negative Regulation Of Growth (GO:0045926),28/124,0.00013645344373637927,0.0025494937799403,0,0,2.399682760755184,21.3560416960619,ACVRL1;BMPR2;NPR1;MT1M;FHL1;JADE1;WFDC1;PRDM11;RERG;PPP2CA;GJA1;SOX17;HYAL1;CCDC85B;FRZB;HYAL2;DACT3;MSX1;SLIT2;TGFB2;TGFB1;ALOX15B;SMARCA2;SFRP1;SCGB3A1;AGTR2;FBP1;MT1E
GO_Biological_Process_2023,Regulation Of Blood Vessel Endothelial Cell Migration (GO:0043535),16/54,0.00014012090722235248,0.0026067320498779,0,0,3.4562861447246926,30.66764384625884,MEF2C;TGFB1;ANGPT1;PDGFB;HMGB1;GATA2;ETS1;FGF2;MECP2;RGCC;AKT3;KDR;PPARG;AGTR2;PRKD1;FGFR1
GO_Biological_Process_2023,Positive Regulation Of Hydrolase Activity (GO:0051345),36/176,0.0001458356049546079,0.0027014011630218,0,0,2.118253228598056,18.71059551076189,DOCK6;CCL14;GSK3B;DOCK9;RGS16;RASGRF1;ASAP3;MTMR9;ADRB1;RASGRP2;CX3CL1;PREX2;DOCK11;PREX1;RAP1A;CTSH;RGS9;TGM2;CCL15;CCL23;CCL21;CAV2;ODAM;F2R;SFRP1;BMP2;TBC1D2;RAPGEF2;XCL1;ITGA6;CALM1;RAPGEF5;MAPRE2;RAPGEF6;FERMT2;RAPGEF4
GO_Biological_Process_2023,Positive Regulation Of Cell Adhesion (GO:0045785),22/88,0.00014706555621868823,0.0027125424813669,0,0,2.7395061728395063,24.175134138177512,MAGI1;P2RY12;FOXC2;TGFB2;ECM2;LAMA2;CCL21;CITED2;LAMB2;PDGFB;NDNF;LAMB1;NPNT;NID1;PPM1F;FSTL3;SMAD7;CXCL12;HYAL1;CD47;JAK2;TGM2
GO_Biological_Process_2023,Cellular Response To Vascular Endothelial Growth Factor Stimulus (GO:0035924),12/34,0.0001513218423146169,0.0027673943704656,0,0,4.473229995810641,39.34698544868545,NR4A1;RAMP2;FLT1;EGR3;SEMA6A;FLT4;KDR;DAB2IP;GAB1;VEGFC;GAS1;PRKD1
GO_Biological_Process_2023,Positive Regulation Of Neuron Death (GO:1901216),12/34,0.0001513218423146169,0.0027673943704656,0,0,4.473229995810641,39.34698544868545,EFNB2;BACE1;C1QA;PRNP;TGFB2;TYROBP;PCSK9;FYN;NUPR1;FOXO3;CLU;SNCA
GO_Biological_Process_2023,Negative Regulation Of Stress Fiber Assembly (GO:0051497),10/25,0.00016283995553005828,0.0029654736205389,0,0,5.464395334561081,47.66451455499885,TJP1;MYOC;INPP5K;ARHGAP28;PIK3R1;ARHGAP6;WASF2;PHLDB2;CGNL1;CLASP2
GO_Biological_Process_2023,Atrioventricular Valve Development (GO:0003171),7/13,0.00017220004182606153,0.003096730752172,0,0,9.554329501915708,82.80597621519527,HEYL;TGFB2;BMP2;BMPR2;GJA5;APLNR;TGFBR2
GO_Biological_Process_2023,Endothelial Cell Differentiation (GO:0045446),7/13,0.00017220004182606153,0.003096730752172,0,0,9.554329501915708,82.80597621519527,ACVRL1;BMPR2;JAG1;SOX18;TIE1;KDR;FSTL1
GO_Biological_Process_2023,Positive Regulation Of Cardiac Muscle Cell Proliferation (GO:0060045),7/13,0.00017220004182606153,0.003096730752172,0,0,9.554329501915708,82.80597621519527,TGFBR3;MEF2C;ERBB4;ZFPM2;FGF2;FGFR2;TBX2
GO_Biological_Process_2023,Cellular Response To Type II Interferon (GO:0071346),18/66,0.0001782897635561561,0.0031929403299102,0,0,3.079366913123845,26.58140450446361,CCL14;CCL23;CCL21;DAPK1;DAPK3;AQP4;CX3CL1;HCK;CASP1;SIRPA;XCL1;CD47;JAK2;CALM1;TLR4;GBP4;HLA-DPA1;CCL15
GO_Biological_Process_2023,Negative Regulation Of Cell Adhesion (GO:0007162),19/72,0.00019133362516369384,0.0033962331098718,0,0,2.9443295911513534,25.207854019381653,ACVRL1;SEMA5A;SEMA6A;DMTN;JAG1;TGFB1;ANGPT1;DUSP1;FZD4;FZD7;PDE3B;PTPRO;FBLN1;CORO2B;CX3CL1;PODXL;PLXNA2;CDH13;JAM3
GO_Biological_Process_2023,Lamellipodium Organization (GO:0097581),11/30,0.00019269615135300488,0.0033962331098718,0,0,4.746515067031928,40.60356928959572,P2RY12;SNX1;SNX2;DMTN;ABLIM3;PTPRO;S1PR1;CDH13;PARVB;VCL;ARHGEF6
GO_Biological_Process_2023,Positive Regulation Of Lipid Kinase Activity (GO:0090218),11/30,0.00019269615135300488,0.0033962331098718,0,0,4.746515067031928,40.60356928959572,P2RY12;PDGFRB;FGR;PDGFRA;FLT1;TGFB1;CCL21;PDGFB;PRKD1;TEK;FGF2
GO_Biological_Process_2023,Cell Chemotaxis (GO:0060326),15/50,0.00019278895086158408,0.0033962331098718,0,0,3.5169754103764257,30.083906910566142,SEMA5A;PDGFRB;PDGFRA;DOCK4;EGR3;CCL21;HGF;PDGFB;PARVA;CX3CL1;NR4A1;CXCL12;AGTR1;PRKCQ;HBEGF
GO_Biological_Process_2023,Positive Regulation Of Cartilage Development (GO:0061036),8/17,0.00019422535186596984,0.0034076285311118,0,0,7.2816109577839105,62.23222590570735,BMP4;BMP2;BMPR2;PKDCC;ZBTB16;SOX6;TAPT1;SOX5
GO_Biological_Process_2023,Cell-Cell Adhesion Via Plasma-Membrane Adhesion Molecules (GO:0098742),35/172,0.00019887670451513472,0.0034751087315276,0,0,2.10388625785768,17.93105544874025,ROBO2;ROBO4;AMIGO1;PTPRM;NEXN;ITGAL;CDH6;CLDN22;CDH5;FLRT3;HMCN1;SCARF1;NTNG1;TGFB2;CADM1;CNTN6;CRTAM;SELE;PCDHB10;TGFBR2;PTPRD;SELP;CLDN11;CLDN5;PALLD;CDH11;PCDHB16;PECAM1;CDH13;CLDN18;DCHS1;ESAM;PCDHB4;CNTN4;FAT4
GO_Biological_Process_2023,Response To Lipopolysaccharide (GO:0032496),33/159,0.00020325232833711743,0.0035372461657378,0,0,2.1561745219260344,18.32977405714769,CX3CR1;CD274;HMGB1;CXCL3;CXCL2;ZFP36;CASP1;SIRPA;CTSG;NOS1;JAK2;SNCA;MEF2C;SLC11A1;F2R;DAB2IP;IRAK3;DEFA1;PPBP;LILRB2;SMAD6;SELE;FOXP1;SELP;FER;IL6;SLPI;CARD16;VIM;TRIB1;TLR4;S100A8;PF4
GO_Biological_Process_2023,Macrophage Activation (GO:0042116),12/35,0.00020756403431836855,0.0035977765948517,0,0,4.278501302344219,36.28199339177114,C1QA;FCGR3A;MYO1C;CD93;SLC11A1;C5AR1;JAK2;CLU;TLR4;CX3CL1;SNCA;FOXP1
GO_Biological_Process_2023,Regulation Of Peptidyl-Tyrosine Phosphorylation (GO:0050730),22/90,0.0002086654524243976,0.0036024003706547,0,0,2.6586328976034856,22.53132437392384,CD74;PRNP;CSF3;DMTN;TGFB1;ANGPT1;HGF;PDGFB;IGF2;BMP6;GHR;BST1;FGF7;SFRP1;IL6;ENPP2;PECAM1;FYN;CSPG4;ITGA5;JAK2;CD44
GO_Biological_Process_2023,Regulation Of Anatomical Structure Morphogenesis (GO:0022603),28/127,0.0002096755533657925,0.0036027344710003,0,0,2.32657119008094,19.7059398039835,GSK3B;PID1;SPARC;SDC2;FLT4;LRRK2;NEDD4L;TSPAN12;ETS1;FGF2;DLL1;ARHGAP44;CHN1;SH3D19;CLASP2;MEF2C;TGFB1;EMP2;SFRP1;IL6;HECW2;RUFY3;NEDD4;TNIK;PHLDB2;SHANK3;FERMT2;FGFR2
GO_Biological_Process_2023,Negative Regulation Of Cell-Cell Adhesion (GO:0022408),13/40,0.00021035428329288692,0.0036027344710003,0,0,3.949302460597989,33.437627803506324,JAG1;TGFB1;NOTCH4;RDX;KLF4;PPM1F;BMP6;BMP2;RGCC;PODXL;MYADM;ADTRP;MAP2K5
GO_Biological_Process_2023,Positive Regulation Of GTPase Activity (GO:0043547),44/234,0.0002200851955897604,0.0037544968544087,0,0,1.9093890010339225,16.07991151749049,CCL14;DOCK6;GSK3B;ARHGEF26;DOCK9;RGS16;RASGRF1;ASAP3;ADRB1;RASGRP2;CX3CL1;CORO1C;PREX2;PREX1;DOCK11;SYDE1;RAP1A;RGS9;TBC1D15;CCL15;TGM2;ARHGEF10;CCL23;CCL21;ARHGEF15;ODAM;CAV2;F2R;ARHGAP29;TBC1D2B;ARHGAP25;ARHGAP24;TIAM1;TBC1D1;SFRP1;TBC1D2;RAPGEF2;XCL1;ITGA6;RAPGEF5;MAPRE2;RAPGEF6;FERMT2;RAPGEF4
GO_Biological_Process_2023,Regulation Of Cation Channel Activity (GO:2001257),16/56,0.00022396387199207377,0.0038056223288101,0,0,3.283102493074792,27.59127807182324,EDN1;KCNE1;AHNAK;STAC;ANK2;KCNAB1;ANK3;FKBP1A;EDNRA;FGF14;FKBP1B;DMD;NOS1;PRKACA;CALM1;VAMP2
GO_Biological_Process_2023,Negative Regulation Of Pathway-Restricted SMAD Protein Phosphorylation (GO:0060394),6/10,0.00023820080159694853,0.0039803767703982,0,0,12.279871323529411,102.44355598975478,LRP1;SNX25;EMILIN1;PPARG;SMAD6;SMAD7
GO_Biological_Process_2023,Negative Regulation Of Vascular Endothelial Growth Factor Receptor Signaling Pathway (GO:0030948),6/10,0.00023820080159694853,0.0039803767703982,0,0,12.279871323529411,102.44355598975478,PTPN1;HHEX;NEDD4;MMRN2;DAB2IP;EMILIN1
GO_Biological_Process_2023,Regulation Of Phospholipase Activity (GO:0010517),6/10,0.00023820080159694853,0.0039803767703982,0,0,12.279871323529411,102.44355598975478,RGS2;LRP1;PLA2G5;FGFR2;FGFR1;SNCA
GO_Biological_Process_2023,Protein Localization To Cell Surface (GO:0034394),10/26,0.00023885949572130356,0.0039803767703982,0,0,5.122582872928176,42.72047173976278,FCN1;GGA2;FGF7;FLNA;ANK2;EMP2;FBLN5;VCL;GPIHBP1;JAM3
GO_Biological_Process_2023,Regulation Of Potassium Ion Transmembrane Transporter Activity (GO:1901016),10/26,0.00023885949572130356,0.0039803767703982,0,0,5.122582872928176,42.72047173976278,KCNE1;NEDD4;FHL1;CASQ2;NEDD4L;CACNA1D;ANK2;KCNAB1;WWP2;VAMP2
GO_Biological_Process_2023,Fat Cell Differentiation (GO:0045444),17/62,0.00024910610117365867,0.0041351612794827,0,0,3.101267641775725,25.733176518204484,CEBPA;TCF7L2;EGR2;PID1;STEAP4;ERAP1;GATA2;KLF4;SMAD6;FOXO1;NR4A2;NR4A1;NR4A3;PRDM16;PPARG;ZFPM2;PPARGC1A
GO_Biological_Process_2023,Positive Regulation Of Cardiac Epithelial To Mesenchymal Transition (GO:0062043),5/7,0.0002673377364200936,0.0043879454070846,0,0,20.45934772622876,168.31900808869355,TGFB2;JAG1;EMP2;ENG;TGFBR2
GO_Biological_Process_2023,Cytokine-Mediated Signaling Pathway (GO:0019221),47/257,0.0002677543435300849,0.0043879454070846,0,0,1.8458258057321288,15.18273057178824,CCL14;CEBPA;CSF3;SPI1;CSF3R;PDGFB;LILRA2;FOXO3;CXCL3;ADIPOR2;CXCL2;CX3CL1;OASL;GHR;DUOX1;IL1RL1;CXCR2;LEPR;CTSG;PRKACA;JAK2;CD300LF;CCL15;EGR1;IL33;CCL23;FCER1G;CCL21;IL11RA;APLP2;LIFR;IRAK3;ACTN4;PPBP;LILRB2;EPOR;HCK;FER;IL6;CD4;CXCL12;IL3RA;XCL1;IL6ST;IL7R;IL18R1;PF4
GO_Biological_Process_2023,Cardiac Muscle Tissue Morphogenesis (GO:0055008),11/31,0.0002694174079882814,0.0043879454070846,0,0,4.508935974205436,37.06006604720479,FKBP1A;TGFBR3;BMP2;TGFB1;TNNC1;TNNT2;S1PR1;FGFR2;TTN;SMAD7;ENG
GO_Biological_Process_2023,Negative Regulation Of Developmental Growth (GO:0048640),11/31,0.0002694174079882814,0.0043879454070846,0,0,4.508935974205436,37.06006604720479,MAP2;DCC;WWC1;PTCH1;PTEN;SEMA3G;WWC3;ULK2;MYOZ1;NKD1;SLC6A4
GO_Biological_Process_2023,Regulation Of Transmembrane Receptor Protein Serine/Threonine Kinase Signaling Pathway (GO:0090092),11/31,0.0002694174079882814,0.0043879454070846,0,0,4.508935974205436,37.06006604720479,FKBP1A;TGFB1;LATS2;FST;LTBP4;FSTL1;FOLR1;FSTL3;DKK3;SMAD7;ENG
GO_Biological_Process_2023,Regulation Of Dendrite Development (GO:0050773),13/41,0.0002775175681096619,0.0045028790374485,0,0,3.808041888954752,31.18644007489042,GSK3B;DCC;SDC2;DAB2IP;NEDD4L;COBL;PTN;VLDLR;BMP5;HECW2;NEDD4;TNIK;MFSD2A
GO_Biological_Process_2023,Positive Regulation Of Phospholipase C Activity (GO:0010863),12/36,0.0002806693035254287,0.0045093083954956,0,0,4.1,33.53116709354695,P2RY12;PDGFRB;PDGFRA;EDNRA;FLT1;GNAQ;C5AR1;ANG;ARHGAP6;FGF2;SELE;FGFR1
GO_Biological_Process_2023,Substrate Adhesion-Dependent Cell Spreading (GO:0034446),12/36,0.0002806693035254287,0.0045093083954956,0,0,4.1,33.53116709354695,FER;PEAK1;PXN;ITGA8;LAMB1;PARVA;RADIL;PIK3R1;PARVB;TEK;BVES;FERMT2
GO_Biological_Process_2023,Positive Regulation Of Kinase Activity (GO:0033674),24/104,0.000281843254545073,0.0045093083954956,0,0,2.465894346617238,20.15661364146441,PDGFRB;PDGFRA;CD74;NTRK2;FLT1;CCL21;FLT4;LRRK2;TIE1;AXIN2;CD4;RASSF2;RAP1A;ERBB4;KDR;RAPGEF2;ROR1;TEK;FGFR4;GAS6;ROS1;FGFR2;FGFR1;DDR2
GO_Biological_Process_2023,Cellular Response To Low-Density Lipoprotein Particle Stimulus (GO:0071404),9/22,0.00028418254948443534,0.0045093083954956,0,0,5.672590180183369,46.321768678378746,FCER1G;CDH13;PPARG;ADTRP;CD36;LDLR;TLR4;SREBF2;CES1
GO_Biological_Process_2023,Regulation Of Release Of Sequestered Calcium Ion Into Cytosol By Sarcoplasmic Reticulum (GO:0010880),9/22,0.00028418254948443534,0.0045093083954956,0,0,5.672590180183369,46.321768678378746,FKBP1B;CASQ2;ANK2;ATP1A2;DMD;CACNA1C;CALM1;PRKACA;SLC8A1
GO_Biological_Process_2023,Regulation Of Vascular Endothelial Growth Factor Receptor Signaling Pathway (GO:0030947),9/22,0.00028418254948443534,0.0045093083954956,0,0,5.672590180183369,46.321768678378746,PTPN1;HHEX;PRKCB;TMEM204;NEDD4;MMRN2;DAB2IP;EMILIN1;ITGA5
GO_Biological_Process_2023,Positive Regulation Of Cold-Induced Thermogenesis (GO:0120162),23/98,0.00028818129145638386,0.004556008988739,0,0,2.5202346765477843,20.544753459579287,THRA;EPAS1;APLP2;CAV1;TRPV2;G0S2;ADRB1;ADRB2;ADIPOR2;CNKSR2;GJA1;FABP4;APC;FABP5;SCD;PRDM16;LEPR;ALPL;CD36;JAK2;PPARGC1A;PPARGC1B;CMKLR1
GO_Biological_Process_2023,Regulation Of Cell Motility (GO:2000145),27/123,0.0002905719559113229,0.0045770385463987,0,0,2.3129060324825987,18.835518757477303,BEX4;MACF1;ROBO4;ARHGAP18;NEXN;FBLN1;GATA3;LDB2;FGF2;DUOX1;FGF7;ERBB4;SPOCK2;ENPP2;PLXNA2;MGAT3;TNR;FLNA;FYN;TGFB1;CCL21;DAPK3;RHOB;CDK6;TMSB15A;AMOTL2;AMOTL1
GO_Biological_Process_2023,Endocytosis (GO:0006897),37/189,0.00029871287876416725,0.0046881628536223,0,0,2.004790823211876,16.270937889220953,HIP1;LRP1;LRRK2;ADRB2;VLDLR;CORO1C;RHOBTB2;DPYSL2;MRC1;TMEM108;REPS2;CD36;SCARF1;LDLR;MSR1;ANXA1;CD93;SCARA5;ANXA3;SORT1;SLC11A1;CAV1;SFTPD;ANXA11;TBC1D2B;EHD1;DNM3;EHD2;MARCO;DAB2;RHOJ;PECAM1;PIK3C3;CD302;GAS6;TLR4;FOLR1
GO_Biological_Process_2023,Cardiac Muscle Tissue Development (GO:0048738),15/52,0.0003110309792522645,0.0047339574024781,0,0,3.326494468626448,26.863498737481265,MYOCD;BMPR2;GATA6;TTN;BMP5;TBX2;AKAP13;GJA1;BMP2;SGCD;HEY1;GJA5;HEY2;MSX1;SGCG
GO_Biological_Process_2023,Cartilage Development (GO:0051216),15/52,0.0003110309792522645,0.0047339574024781,0,0,3.326494468626448,26.863498737481265,MEF2C;SLC26A2;WNT2B;TGFB1;ZBTB16;FGF2;BMP4;BMP2;HYAL1;NFIB;HYAL2;OGN;SOX6;CD44;SOX5
GO_Biological_Process_2023,Contractile Actin Filament Bundle Assembly (GO:0030038),7/14,0.00031195316144711475,0.0047339574024781,0,0,8.18896551724138,66.10671394087443,PDLIM1;FAM171A1;CUL3;ZYX;PHACTR1;SORBS1;FHDC1
GO_Biological_Process_2023,Regulation Of Extracellular Matrix Disassembly (GO:0010715),7/14,0.00031195316144711475,0.0047339574024781,0,0,8.18896551724138,66.10671394087443,IL6;TGFB1;LRP1;PDPN;FGFR4;CLASP2;DDR2
GO_Biological_Process_2023,Stress Fiber Assembly (GO:0043149),7/14,0.00031195316144711475,0.0047339574024781,0,0,8.18896551724138,66.10671394087443,PDLIM1;FAM171A1;CUL3;ZYX;PHACTR1;SORBS1;FHDC1
GO_Biological_Process_2023,Striated Muscle Cell Development (GO:0055002),7/14,0.00031195316144711475,0.0047339574024781,0,0,8.18896551724138,66.10671394087443,TMOD1;TMOD2;LMOD1;PGM5;MYOZ1;MYL9;KLHL41
GO_Biological_Process_2023,Cardiac Muscle Cell Contraction (GO:0086003),8/18,0.0003162357854659498,0.0047339574024781,0,0,6.553081876724931,52.8114340665613,KCNE1;GSN;CACNA2D1;CACNA1D;CACNA1C;SCN4B;KCNJ2;SCN1A
GO_Biological_Process_2023,Heart Trabecula Morphogenesis (GO:0061384),8/18,0.0003162357854659498,0.0047339574024781,0,0,6.553081876724931,52.8114340665613,FKBP1A;TGFBR3;TGFB2;HEY1;S1PR1;TEK;BMP5;ENG
GO_Biological_Process_2023,Negative Regulation Of Monoatomic Ion Transport (GO:0043271),8/18,0.0003162357854659498,0.0047339574024781,0,0,6.553081876724931,52.8114340665613,PXK;PLN;NEDD4;CASQ2;INPP5K;LILRB2;NOS1;CD33
GO_Biological_Process_2023,Neutrophil Activation (GO:0042119),8/18,0.0003162357854659498,0.0047339574024781,0,0,6.553081876724931,52.8114340665613,PREX1;FCER1G;TYROBP;CXCR2;CTSG;LILRA2;DNASE1L3;CAMP
GO_Biological_Process_2023,Positive Regulation Of Extracellular Matrix Organization (GO:1903055),8/18,0.0003162357854659498,0.0047339574024781,0,0,6.553081876724931,52.8114340665613,EFEMP2;IL6;TGFB1;RGCC;PDPN;EMILIN1;CLASP2;DDR2
GO_Biological_Process_2023,Regulation Of Collagen Biosynthetic Process (GO:0032965),8/18,0.0003162357854659498,0.0047339574024781,0,0,6.553081876724931,52.8114340665613,BMP4;IL6;TGFB1;RGCC;F2R;EMILIN1;VIM;LARP6
GO_Biological_Process_2023,Supramolecular Fiber Organization (GO:0097435),55/316,0.00031630943094711813,0.0047339574024781,0,0,1.739422171064601,14.017637322422274,COLGALT2;HIP1;COL14A1;COL12A1;LMOD1;EFEMP2;EMILIN1;PGM5;CD36;MYOZ1;NCKAP5;CAMP;CGNL1;TMOD1;KRT4;TPM4;TPM2;TMOD2;SHROOM2;EMP2;KLHL41;SHROOM4;BACE1;CLIP2;RUFY3;ELMO1;MYL9;DDR2;PLA2G1B;DPT;SLAIN2;LTBP2;FBLN5;THSD4;CORO1C;CNN1;MYH11;FYN;MAP4;TPPP;ZBED3;SNCA;CRTAP;TGFB2;GSN;ARHGAP25;FKBP1A;MFAP4;TPPP3;MYO1B;DES;MYO1C;MYO5B;NOSTRIN;VIM
GO_Biological_Process_2023,Negative Regulation Of Transmembrane Receptor Protein Serine/Threonine Kinase Signaling Pathway (GO:0090101),25/111,0.0003169864896469376,0.0047339574024781,0,0,2.3897316470981447,19.253234830745576,LRP1;TGFB1I1;CHRDL1;FSTL3;PEG10;SAP30L;SNX25;PRDM16;SOSTDC1;EMILIN1;FST;CAV1;MAGI2;CRIM1;SMAD6;SMAD7;FKBP1A;SKI;PPM1A;BMP2;CD109;VEPH1;PPARG;SPRY1;NBL1
GO_Biological_Process_2023,Negative Regulation Of MAPK Cascade (GO:0043409),24/105,0.0003281411338567575,0.0048836452887095,0,0,2.435313905193423,19.53625071922316,PTPN1;SEMA6A;DUSP1;CAV1;SPRY4;PTEN;DAB2IP;FBLN1;IRAK3;SYNJ2BP;FOXO1;BMP4;RGS2;BMP2;GPER1;HYAL2;SIRPA;INPP5K;TIMP3;EMILIN1;PPARG;SPRY1;TLR4;SH2B3
GO_Biological_Process_2023,Insulin Receptor Signaling Pathway (GO:0008286),14/47,0.0003394515815349071,0.0050173733763858,0,0,3.480235938723024,27.800748469457343,FOXC2;GSK3B;CAV2;RARRES2;GAB1;IGF2;PIK3R3;FOXO4;PIK3R1;SORBS1;FOXO1;FER;PDK4;ZNF106
GO_Biological_Process_2023,Regulation Of Wound Healing (GO:0061041),14/47,0.0003394515815349071,0.0050173733763858,0,0,3.480235938723024,27.800748469457343,KANK1;ANXA1;DMTN;CAV1;PRKCE;F2R;FGF2;MYLK;DUOX1;MMRN1;ALOX5;CD109;FOXA2;HBEGF
GO_Biological_Process_2023,Regulation Of SMAD Protein Signal Transduction (GO:0060390),10/27,0.00034248210798977225,0.005043932017434,0,0,4.820983642075615,38.46803206646911,BMP4;WWTR1;DAB2;BMPR2;TGFB1;LRP1;VEPH1;PPARG;JAK2;BMP6
GO_Biological_Process_2023,Regulation Of Peptidyl-Serine Phosphorylation (GO:0033135),22/93,0.0003435857305666401,0.005043932017434,0,0,2.545865936358894,20.30601484258879,CSF3;RAMP3;DMTN;TGFB1;TFRC;BDNF;CAV1;SH2D3C;PTEN;PPM1F;SMAD7;IL6;RASSF2;INPP5K;DMD;NOS1;PRKD1;GPD1L;GAS6;CD44;NCK1;SNCA
GO_Biological_Process_2023,Regulation Of Bone Mineralization (GO:0030500),16/58,0.0003481859361833421,0.0050941372900586,0,0,3.126412522534406,24.89491610228634,KL;MEF2C;BMPR2;PKDCC;ANO6;PTN;SGMS2;SLC8A1;BMP6;BMP4;BMP2;ALOX5;S1PR1;TMEM119;GPM6B;DDR2
GO_Biological_Process_2023,Positive Regulation Of Cell Projection Organization (GO:0031346),26/118,0.0003504521265161585,0.0051099708717693,0,0,2.323525853028958,18.486637253888627,ROBO2;NDRG4;AMIGO1;NEDD9;NDNF;PTN;CX3CL1;RAP1A;PLXNA2;MAP6;SLIT2;SCARF1;FZD1;NTRK2;BDNF;FZD4;MAGI2;DAB2IP;PTPRD;TIAM1;RAPGEF2;ROR1;ITGA6;PRKD1;EPHA3;DDR2
GO_Biological_Process_2023,Muscle Cell Development (GO:0055001),11/32,0.00037035988772899503,0.0053820649004658,0,0,4.293983461648132,33.92691514652012,RAMP2;EFEMP2;ACTN2;HEY2;DMD;MYH11;ANK2;ACTN4;SLC8A1;TTN;ENG
GO_Biological_Process_2023,Regulation Of Ossification (GO:0030278),12/37,0.0003744985183883512,0.0054239449844433,0,0,3.935778801843318,31.05299055513647,BMP4;MEF2C;BMP2;SFRP1;BMPR2;ZBTB16;S1PR1;LRP4;PTN;SGMS2;SMAD6;DDR2
GO_Biological_Process_2023,Negative Regulation Of Cytokine Production (GO:0001818),35/178,0.0003934686482255565,0.0056796344004732,0,0,2.014927317675338,15.798056105922242,PTGER4;CD274;CUL3;ARRB1;HMGB1;AGER;DLL1;CX3CL1;ZFP36;SIRPA;APOD;VSIG4;CD34;MAP2K5;N4BP1;CD33;CMKLR1;PRNP;ANXA1;APLP2;SLC11A1;SFTPD;IRAK3;KLF4;IL6;RNF125;TYROBP;RGCC;NAV3;SYT11;TLR8;XCL1;GAS6;TRIB2;TLR4
GO_Biological_Process_2023,Cellular Response To Interleukin-6 (GO:0071354),9/23,0.0004218898163728086,0.0060494234135051,0,0,5.267109328775229,40.929476074255,FER;IL6;PID1;PTGIS;SELPLG;SPI1;ST3GAL6;IL6ST;JAK2
GO_Biological_Process_2023,Positive Regulation Of Cell-Substrate Junction Organization (GO:0150117),9/23,0.0004218898163728086,0.0060494234135051,0,0,5.267109328775229,40.929476074255,SFRP1;MYOC;IQSEC1;KDR;PIK3R1;TEK;MAPRE2;PPM1F;FERMT2
GO_Biological_Process_2023,Positive Regulation Of Apoptotic Process (GO:0043065),48/270,0.00045291517626169927,0.0064727877508128,0,0,1.7828212467387723,13.727377195732318,PCSK9;HMGB1;NLRC4;PRDM11;FOXO3;CLU;FOXO1;IFIT2;RASSF2;CALHM2;ADAMTSL4;FRZB;FAM162A;RPS6KA2;GPER1;TNFSF10;CTSH;SAP18;EMILIN1;SLIT2;HOXA5;TGM2;SNCA;PRNP;KLF11;JUN;TGFB2;PTGIS;GADD45B;DAPK1;DAPK2;DAPK3;DAB2IP;ANO6;CFLAR;RHOB;BACE1;BMP4;OLFM1;SFRP1;BMP2;IL6;LATS2;APC;FAS;ITGA6;MNDA;NUPR1
GO_Biological_Process_2023,Positive Regulation Of Biomineral Tissue Development (GO:0070169),13/43,0.0004677671109526872,0.0066410620094467,0,0,3.5537728599969265,27.248695597845863,KL;MEF2C;BMPR2;PKDCC;ANO6;PTN;SLC8A1;BMP6;BMP4;BMP2;ALOX5;TMEM119;GPM6B
GO_Biological_Process_2023,Regulation Of Filopodium Assembly (GO:0051489),13/43,0.0004677671109526872,0.0066410620094467,0,0,3.5537728599969265,27.248695597845863,PPP1R16B;GPM6A;DMTN;CCL21;MYO10;PIK3R1;CLU;ARHGAP44;FXR1;DOCK11;SRGAP2C;DAAM2;PALM
GO_Biological_Process_2023,Positive Regulation Of Transmembrane Receptor Protein Serine/Threonine Kinase Signaling Pathway (GO:0090100),22/95,0.00047131763309570207,0.0066695308342329,0,0,2.4758371385083717,18.964858782528516,ACVRL1;CDKN1C;GDF10;LEFTY1;CDKN2B;TGFB2;BMPR2;TGFB1;CITED2;TGFB1I1;BMP6;TGFBR2;BMP5;BMP4;CDH5;ZEB2;BMP2;DAB2;PPARG;JAK2;ZNF423;ENG
GO_Biological_Process_2023,Negative Regulation Of Vascular Permeability (GO:0043116),6/11,0.0004755815620577948,0.0066898727170724,0,0,9.823345588235297,75.1581436298534,CLDN5;RAMP2;PDE2A;SLIT2;FERMT2;SH3GL2
GO_Biological_Process_2023,Synapse Assembly (GO:0007416),18/71,0.0004758551724145571,0.0066898727170724,0,0,2.7880758902103024,21.329887453176987,FZD1;GABRB2;GPM6A;NLGN4X;BDNF;PTEN;ZDHHC2;PCDHB10;DNM3;PTPRD;SRGAP2C;FLRT3;SPOCK2;PCDHB16;SLITRK6;PCDHB4;SHANK3;SHANK2
GO_Biological_Process_2023,Regulation Of Platelet Activation (GO:0010543),10/28,0.0004810134050179219,0.0067404345975888,0,0,4.552895436873338,34.782370181482406,SELP;THBD;PDGFRA;FCER1G;GNAQ;PDGFB;FLNA;PRKCQ;JAK2;TLR4
GO_Biological_Process_2023,Negative Regulation Of Transforming Growth Factor Beta Receptor Signaling Pathway (GO:0030512),19/77,0.0004847060150006906,0.0067447514518765,0,0,2.689750825003587,20.52809223906156,TGFB1I1;CAV1;SMAD6;LTBP1;SMAD7;FKBP1A;SKI;PPM1A;BMP2;PEG10;CD109;SAP30L;SNX25;VEPH1;PRDM16;EMILIN1;PPARG;SPRY1;FBN1
GO_Biological_Process_2023,Neutrophil Migration (GO:1990266),19/77,0.0004847060150006906,0.0067447514518765,0,0,2.689750825003587,20.52809223906156,CCL14;EDN1;CCL23;TGFB2;FCER1G;CCL21;PLA2G1B;EMP2;PPBP;CXCL3;CXCL2;CX3CL1;CXCR2;PECAM1;XCL1;S100A12;S100A8;CCL15;PF4
GO_Biological_Process_2023,Vascular Transport (GO:0010232),20/83,0.0004860096620791504,0.0067447514518765,0,0,2.607080451668796,19.890152101791266,SLC15A2;ABCB1;SLC24A3;SLC44A1;TFRC;LRP1;KCNJ8;SLC1A1;SLC6A13;SLC2A3;ABCC9;ATP1A2;SLC4A4;AGER;SLCO3A1;SLCO2B1;LEPR;SLC38A5;MFSD2A;ABCG2
GO_Biological_Process_2023,Response To Transforming Growth Factor Beta (GO:0071559),12/38,0.0004935104886976745,0.0067924477969709,0,0,3.7841900035448415,28.812695710853287,CLEC3B;MEF2C;SFRP1;TGFB1;HYAL2;PDE2A;XCL1;SOX6;WNT2;ZFP36L2;SOX5;SMAD7
GO_Biological_Process_2023,Cardiac Ventricle Development (GO:0003231),8/19,0.0004941678888435782,0.0067924477969709,0,0,5.957012628585765,45.34856427672105,HEYL;HEY1;GJA5;PDE2A;HEY2;GATA3;TBX5;ENG
GO_Biological_Process_2023,Multicellular Organismal-Level Water Homeostasis (GO:0050891),8/19,0.0004941678888435782,0.0067924477969709,0,0,5.957012628585765,45.34856427672105,SCNN1G;WFS1;MYO5B;SCNN1B;AQP4;PRKACA;CFTR;AQP1
GO_Biological_Process_2023,Negative Regulation Of Epithelial Cell Migration (GO:0010633),11/33,0.0005012221398643384,0.0068242105856608,0,0,4.098572086596039,31.14284082050252,APOH;PTEN;DAB2IP;PTPRM;SLIT2;NR2F2;MCC;SYNJ2BP;DCN;CORO1C;PTPRG
GO_Biological_Process_2023,Positive Regulation Of Ion Transmembrane Transporter Activity (GO:0032414),11/33,0.0005012221398643384,0.0068242105856608,0,0,4.098572086596039,31.14284082050252,EDNRA;EDN1;TRPC6;ACTN2;STAC;DMD;ANK2;ADRB2;ANK3;SHANK3;CFTR
GO_Biological_Process_2023,Regulation Of Potassium Ion Transmembrane Transport (GO:1901379),11/33,0.0005012221398643384,0.0068242105856608,0,0,4.098572086596039,31.14284082050252,KCNE1;AMIGO1;CAV1;NEDD4;FHL1;NEDD4L;FLNA;CACNA1D;KCNN2;KCNAB1;WWP2
GO_Biological_Process_2023,Negative Regulation Of Nucleic Acid-Templated Transcription (GO:1903507),73/456,0.0005105030754243069,0.0069287146966393,0,0,1.5756852083635098,11.943873343701195,CDKN1C;SPI1;THRA;CITED2;PRDM5;LIMD1;MECP2;HHEX;DACH1;LBH;HEY1;SOX18;HEY2;SOX7;USP47;ZHX3;SOX13;RFX3;CBFA2T3;FOXP2;DKK3;FOXP1;EID1;SFRP1;CRY2;XCL1;PPARG;GAS6;ZFPM2;CRYAB;CEBPA;TSHZ3;GATA6;PDGFB;TWIST2;GATA3;PRICKLE1;PRDM11;ZBTB4;FOXO1;PPM1F;TCEAL7;HMBOX1;CCDC85B;NACC2;PRDM16;ATOH8;SAP18;INPP5K;ZNF423;RUNX1T1;SMARCE1;TCF7L2;JUN;TGFB1;UBE2I;ZBTB16;DAB2IP;WWP2;NR2F2;FOXN3;KLF4;SMARCA2;TBX3;TBX2;BMP4;HEYL;BMP2;ID2;ID1;ZNF658;ID4;ID3
GO_Biological_Process_2023,Positive Regulation Of Pathway-Restricted SMAD Protein Phosphorylation (GO:0010862),14/49,0.0005443069075341068,0.0073643530185492,0,0,3.2809963099631,24.659959413325563,ACVRL1;GDF10;LEFTY1;TGFB2;BMPR2;TGFB1;BMP6;TGFBR2;BMP5;BMP4;BMP2;DAB2;PPARG;ENG
GO_Biological_Process_2023,Axonogenesis (GO:0007409),36/188,0.0005525910057688388,0.0074530711903072,0,0,1.949698337175651,14.624477482142092,SEMA5A;ROBO2;ROBO4;PTPRO;PTEN;NRXN3;SEMA3G;NEXN;SEMA3E;EFNB2;SLITRK6;TNR;FYN;SLIT2;ARHGEF40;NEO1;NTNG1;SEMA6A;BDNF;CNTN6;DCC;APLP2;SEMA6D;UNC5C;ANK3;ENAH;NFASC;CXCL12;PALLD;FEZ1;CNTN1;ULK2;PRKCQ;CNTN4;EPHA3;FGFR2
GO_Biological_Process_2023,Cellular Response To BMP Stimulus (GO:0071773),17/66,0.0005551060542646054,0.0074636689414518,0,0,2.847461940896451,21.345575232220124,ACVRL1;GDF10;LEFTY1;TGFB2;BMPR2;TGFB1;SMAD9;RGMB;SMAD6;BMP6;TMEM100;TGFBR3;BMP4;SFRP1;BMP2;PPARG;ENG
GO_Biological_Process_2023,Regulation Of Cysteine-Type Endopeptidase Activity Involved In Apoptotic Process (GO:0043281),20/84,0.0005734690730021081,0.0076866227300531,0,0,2.566200277520814,19.15362243897277,USP47;DAPK1;HGF;F2R;DHCR24;HMGB1;KLF4;UACA;PPM1F;AQP1;GPER1;LAMP3;CASP1;TNFSF10;CARD16;GAS6;SOX7;CD44;MAP2K5;SNCA
GO_Biological_Process_2023,Positive Regulation Of Wnt Signaling Pathway (GO:0030177),24/109,0.0005869228456961554,0.0078425975294879,0,0,2.320187537480238,17.263627264058144,SEMA5A;MACF1;USP47;KANK1;TGFB1;CAV1;LRRK2;DAPK3;DKK2;SKI;PPM1A;SCEL;SFRP1;BMP2;HHEX;ZEB2;DAAM2;RSPO2;GPC3;RSPO3;LGR5;FGFR2;WLS;ZBED3
GO_Biological_Process_2023,Negative Regulation Of Transport (GO:0051051),12/39,0.0006428009113511319,0.0083561556694505,0,0,3.643830005120328,26.780968137821574,PXK;NDFIP2;MCTP1;NDFIP1;SYT11;PTEN;WWP2;PRKD1;CRYAB;PPM1F;EPHA3;SNCA
GO_Biological_Process_2023,BMP Signaling Pathway (GO:0030509),16/61,0.0006438400360936816,0.0083561556694505,0,0,2.917492561813892,21.437911134434756,ACVRL1;GDF10;LEFTY1;TGFB2;BMPR2;TGFB1;SMAD9;RGMB;SMAD6;BMP6;TMEM100;TGFBR3;BMP4;BMP2;PPARG;ENG
GO_Biological_Process_2023,Positive Regulation Of Cardiac Muscle Cell Differentiation (GO:2000727),4/5,0.0006450572590998253,0.0083561556694505,0,0,32.72176308539945,240.37968246894195,EFNB2;MEF2C;MYOCD;TGFB1
GO_Biological_Process_2023,Positive Regulation Of Urine Volume (GO:0035810),4/5,0.0006450572590998253,0.0083561556694505,0,0,32.72176308539945,240.37968246894195,NPR1;HYAL2;NPR3;INPP5K
GO_Biological_Process_2023,Protein Import (GO:0017038),4/5,0.0006450572590998253,0.0083561556694505,0,0,32.72176308539945,240.37968246894195,LAMP2;PRF1;CLU;GPIHBP1
GO_Biological_Process_2023,Regulation Of Basement Membrane Organization (GO:0110011),4/5,0.0006450572590998253,0.0083561556694505,0,0,32.72176308539945,240.37968246894195,LAMA2;LAMB2;LAMB1;NID1
GO_Biological_Process_2023,Regulation Of Glomerular Filtration (GO:0003093),4/5,0.0006450572590998253,0.0083561556694505,0,0,32.72176308539945,240.37968246894195,F2R;PTPRO;PDGFB;GAS6
GO_Biological_Process_2023,Response To Heparin (GO:0071503),4/5,0.0006450572590998253,0.0083561556694505,0,0,32.72176308539945,240.37968246894195,EGR1;SFRP1;SLIT2;GPIHBP1
GO_Biological_Process_2023,Negative Regulation Of Long-Term Synaptic Potentiation (GO:1900272),5/8,0.000648589469246046,0.0083561556694505,0,0,13.638799571275456,100.1184805889506,FXR1;TYROBP;FAM107A;PTN;AGER
GO_Biological_Process_2023,Positive Regulation Of Extracellular Matrix Assembly (GO:1901203),5/8,0.000648589469246046,0.0083561556694505,0,0,13.638799571275456,100.1184805889506,RGCC;TGFB1;EMILIN1;PHLDB2;CLASP2
GO_Biological_Process_2023,Regulation Of Organ Growth (GO:0046620),5/8,0.000648589469246046,0.0083561556694505,0,0,13.638799571275456,100.1184805889506,LATS2;WWC1;PTEN;WWC3;SLC6A4
GO_Biological_Process_2023,Regulation Of Tumor Necrosis Factor Superfamily Cytokine Production (GO:1903555),5/8,0.000648589469246046,0.0083561556694505,0,0,13.638799571275456,100.1184805889506,CX3CR1;ZFP36;SIRPA;CD47;FOXP1
GO_Biological_Process_2023,Regulation Of Actin Cytoskeleton Organization (GO:0032956),21/91,0.0006590991917418367,0.0084655306952116,0,0,2.463859324386858,18.04687397821382,PDGFRB;PDGFRA;CSF3;DMTN;LRP1;ODAM;DAPK3;FAM107A;ARHGAP18;NEDD9;SEMA3E;CLU;CORO2B;ARHGAP44;HCK;BST1;DAAM2;ARHGDIA;ESAM;EPHA3;GPM6B
GO_Biological_Process_2023,Cardiac Muscle Cell Action Potential (GO:0086001),10/29,0.0006629632472153678,0.0084655306952116,0,0,4.313027042744984,31.56614351777335,KCNE1;CACNA2D1;ATP1A2;CACNA1D;DMD;CACNA1C;SCN4B;SLC8A1;KCNJ2;SCN1A
GO_Biological_Process_2023,Chondrocyte Differentiation (GO:0002062),10/29,0.0006629632472153678,0.0084655306952116,0,0,4.313027042744984,31.56614351777335,BMP4;SLC26A2;MEF2C;BMP2;BMPR2;WNT2B;TGFB1;NFIB;SOX6;SOX5
GO_Biological_Process_2023,Cellular Response To Amyloid-Beta (GO:1904646),11/34,0.0006685664255056054,0.0084868608602417,0,0,3.920153005026736,28.657787745399634,GSK3B;PRNP;GJA1;LRP1;CACNA2D1;FYN;ADRB2;FPR2;CD36;AGER;TLR4
GO_Biological_Process_2023,Regulation Of Blood Circulation (GO:1903522),11/34,0.0006685664255056054,0.0084868608602417,0,0,3.920153005026736,28.657787745399634,PLN;DES;DMPK;CELF2;TNNT2;HSPB7;FXYD1;AGTR1;KCNMB4;AGER;TBX2
GO_Biological_Process_2023,Positive Regulation Of Cell Death (GO:0010942),14/50,0.0006810088040958669,0.0085737305080664,0,0,3.189678146781468,23.25892674978344,C1QA;PRNP;HBG1;LRRK2;SLC6A13;HBB;AXIN2;HBA1;CLU;EFNB2;BMP4;TYROBP;FYN;SNCA
GO_Biological_Process_2023,Granulocyte Chemotaxis (GO:0071621),18/73,0.0006813692224899915,0.0085737305080664,0,0,2.686388842211393,19.587552318297348,CCL14;EDN1;CCL23;TGFB2;ANXA1;FCER1G;CCL21;PLA2G1B;PPBP;CXCL3;CXCL2;CX3CL1;CXCR2;XCL1;S100A12;S100A8;CCL15;PF4
GO_Biological_Process_2023,Positive Regulation Of Secretion By Cell (GO:1903532),18/73,0.0006813692224899915,0.0085737305080664,0,0,2.686388842211393,19.587552318297348,EDN1;TGFB2;TGFB1;PLA2G1B;FRMD4A;SYTL4;UNC13D;BMP6;TTN;BMP2;RGCC;GPER1;ANG;MYH10;CD33;CFTR;CLASP2;SNCA
GO_Biological_Process_2023,Regulation Of MAPK Cascade (GO:0043408),38/204,0.0006870018942836597,0.008619477255024,0,0,1.8847104837259483,13.72667346611184,FLT1;WWC1;FLT4;PDGFB;ADRB2;HMGB1;PRDM11;FGF2;CX3CL1;ART4;LBH;RRAS;GPER1;KDR;PLCE1;IGFBP6;ROS1;CD74;NTRK2;MYOC;DUSP1;CAV2;CAV1;F2R;IGF2;DAB2IP;BMP4;TGFBR3;DOK2;BMP2;IL6;CD4;DOK6;FAS;TNIK;TEK;FGFR2;FGFR1
GO_Biological_Process_2023,T Cell Mediated Immunity (GO:0002456),8/20,0.0007452416654552537,0.0091117932807503,0,0,5.4602882551364615,39.3239149256927,JAG1;CADM1;CRTAM;PRF1;CTSH;BTN3A3;C4BPA;EMP2
GO_Biological_Process_2023,Calcium-Mediated Signaling Using Intracellular Calcium Source (GO:0035584),8/20,0.0007452416654552537,0.0091117932807503,0,0,5.4602882551364615,39.3239149256927,SELP;PRNP;PTGFR;DMTN;FKBP1B;KDR;PRKACA;CLU
GO_Biological_Process_2023,Limb Morphogenesis (GO:0035108),8/20,0.0007452416654552537,0.0091117932807503,0,0,5.4602882551364615,39.3239149256927,SKI;TGFB2;CYP26B1;PTCH1;TBX5;PCSK5;TBX4;TBX3
GO_Biological_Process_2023,Microglial Cell Activation (GO:0001774),8/20,0.0007452416654552537,0.0091117932807503,0,0,5.4602882551364615,39.3239149256927,CX3CR1;C1QA;TYROBP;C5AR1;JAK2;CLU;CX3CL1;SNCA
GO_Biological_Process_2023,Negative Regulation Of Small GTPase Mediated Signal Transduction (GO:0051058),8/20,0.0007452416654552537,0.0091117932807503,0,0,5.4602882551364615,39.3239149256927,TGFB2;SPRY4;DAB2IP;SPRY1;SLIT2;ARHGAP25;FBP1;CGNL1
GO_Biological_Process_2023,Positive Regulation Of Phospholipase Activity (GO:0010518),8/20,0.0007452416654552537,0.0091117932807503,0,0,5.4602882551364615,39.3239149256927,PDGFRB;PDGFRA;FLT1;AGTR1;PLA2G5;FGF2;FGFR2;FGFR1
GO_Biological_Process_2023,Regulation Of Cardiac Muscle Cell Proliferation (GO:0060043),8/20,0.0007452416654552537,0.0091117932807503,0,0,5.4602882551364615,39.3239149256927,TGFBR3;MEF2C;ERBB4;TBX5;ZFPM2;FGF2;FGFR2;TBX2
GO_Biological_Process_2023,Regulation Of Cardiac Muscle Contraction By Calcium Ion Signaling (GO:0010882),8/20,0.0007452416654552537,0.0091117932807503,0,0,5.4602882551364615,39.3239149256927,FKBP1B;CASQ2;ATP1A2;DMD;CACNA1C;CALM1;PRKACA;SLC8A1
GO_Biological_Process_2023,Regulation Of Fibroblast Migration (GO:0010762),8/20,0.0007452416654552537,0.0091117932807503,0,0,5.4602882551364615,39.3239149256927,DMTN;TGFB1;PRKCE;HYAL2;PRR5L;FGF2;CORO1C;DDR2
GO_Biological_Process_2023,Metal Ion Transport (GO:0030001),33/171,0.0007986102754135419,0.0097184689887762,0,0,1.9673457826693912,14.03236429831272,RAMP2;CALCRL;RAMP3;TUSC3;CACNA1D;ATP1A2;KCNA5;CLU;SLC4A4;AQP1;KCNMB1;NIPAL3;KCNMB4;SCN7A;KCNN2;FYN;KCNJ2;SCN1A;KCNJ5;NDFIP2;NDFIP1;KCNJ8;CACNA2D1;SLC11A1;CAV1;TRPC1;KCNJ15;KCNJ16;KCNAB1;SCNN1G;SCNN1B;SCN4B;KCNK3
GO_Biological_Process_2023,Actin Filament Organization (GO:0007015),29/144,0.0007993643399016579,0.0097184689887762,0,0,2.0734950221127244,14.787531430268096,HIP1;PLA2G1B;LMOD1;NEDD9;CORO1C;TTN;CNN1;FLNA;CGNL1;ZBED3;DMTN;GSN;TPM4;NEBL;TPM2;SHROOM2;DSTN;COBL;EMP2;ARHGAP25;SHROOM4;ENAH;MYO1B;MYO1C;ABI2;RUFY3;MYO5B;ELMO1;NOSTRIN
GO_Biological_Process_2023,Cell-Cell Junction Organization (GO:0045216),17/68,0.0008030457904242506,0.009728968985507,0,0,2.73548883756736,19.496099270326155,TGFB2;NLGN4X;TGFB1;F2R;CDH6;GJC1;TJP1;CDH5;CLDN5;GJA4;CDH11;MYADM;CDH13;DCHS1;TLN1;LIMS2;TJP2
GO_Biological_Process_2023,Response To Type II Interferon (GO:0034341),19/80,0.0008047363132127003,0.009728968985507,0,0,2.5570359928150794,18.2188709532795,CCL14;CD74;CCL23;CCL21;DAPK1;SLC11A1;DAPK3;AQP4;CX3CL1;CASP1;SIRPA;XCL1;CD47;CALM1;TLR4;GBP4;HLA-DPA1;CCL15;SNCA
GO_Biological_Process_2023,Endothelial Cell Migration (GO:0043542),12/40,0.0008281358430472145,0.0099284286071993,0,0,3.5134957208689928,24.93293687800309,CDH5;NR4A1;STARD13;EGR3;SOX18;TNFSF12;PXN;ID1;S100A12;CDH13;EMP2;FSTL1
GO_Biological_Process_2023,Positive Regulation Of Monoatomic Ion Transport (GO:0043270),12/40,0.0008281358430472145,0.0099284286071993,0,0,3.5134957208689928,24.93293687800309,TRPC6;WFS1;FHL1;F2R;CACNA1D;ANK2;ANO6;ANK3;GPD1L;LILRA2;SCN4B;MYLK
GO_Biological_Process_2023,Positive Regulation Of Wound Healing (GO:0090303),12/40,0.0008281358430472145,0.0099284286071993,0,0,3.5134957208689928,24.93293687800309,FOXC2;KANK1;DUOX1;ANXA1;DMTN;APOH;PRKCE;F2R;EMILIN1;FERMT2;MYLK;HBEGF
GO_Biological_Process_2023,Negative Regulation Of Gene Expression (GO:0010629),56/336,0.000836259737768278,0.0099980527097171,0,0,1.6498588899341486,11.691842661795985,ACVRL1;TRIM71;GSK3B;BTG2;SPI1;CITED2;FGF2;MECP2;ZFP36;GPER1;HEY2;KDR;EMILIN1;CD34;SH3GL2;MEF2C;IGFBP5;DAPK1;SLC11A1;DAPK3;UPK3B;FOXP1;CLDN5;KAT2B;OLFM1;SFRP1;APLNR;MYADM;PPARG;PGR;ENG;RBMS3;PTGER4;SLC24A3;LRP1;PDGFB;GATA2;PPM1D;ZFP36L2;FXR1;ATOH8;N4BP1;MSR1;NDFIP2;TGFB2;NDFIP1;TGFB1;WWP2;KLF4;APLN;BMP4;BMP2;RGCC;SYT11;ID2;CCDC3
GO_Biological_Process_2023,Positive Regulation Of Actin Filament Bundle Assembly (GO:0032233),14/51,0.0008456661533432054,0.0100443617491156,0,0,3.103296100528573,21.95701745470229,ARHGEF10;ARHGEF15;MYOC;LIMCH1;SYNPO2;PXN;SORBS3;CX3CL1;PPM1F;SFRP1;RGCC;CD47;SYNPO;FERMT2
GO_Biological_Process_2023,Cell Surface Receptor Signaling Pathway Involved In Heart Development (GO:0061311),7/16,0.0008536293978504811,0.0100443617491156,0,0,6.368480204342274,44.9997665807746,BMP4;HEYL;BMP2;JAG1;TGFB1;HEY1;HEY2
GO_Biological_Process_2023,Membrane Depolarization During Cardiac Muscle Cell Action Potential (GO:0086012),7/16,0.0008536293978504811,0.0100443617491156,0,0,6.368480204342274,44.9997665807746,CACNA2D1;ATP1A2;CACNA1D;CACNA1C;SCN4B;SLC8A1;KCNJ2
GO_Biological_Process_2023,Cellular Response To Insulin Stimulus (GO:0032869),22/99,0.0008551211377104086,0.0100443617491156,0,0,2.346693121693121,16.577667758520246,GSK3B;FOXC2;CAV2;PLA2G1B;INSIG1;RARRES2;PDE3B;IGF2;GAB1;PIK3R3;PCSK9;FOXO4;PIK3R1;SORBS1;FOXO1;KAT2B;FER;PDK4;INPP5K;PPARG;ZNF106;VAMP2
GO_Biological_Process_2023,Lamellipodium Assembly (GO:0030032),9/25,0.0008616433291779936,0.0100443617491156,0,0,4.608202945236999,32.51856353378603,P2RY12;DMTN;ABLIM3;PTPRO;S1PR1;CDH13;PARVB;VCL;ARHGEF6
GO_Biological_Process_2023,Ventricular Cardiac Muscle Tissue Development (GO:0003229),9/25,0.0008616433291779936,0.0100443617491156,0,0,4.608202945236999,32.51856353378603,FKBP1A;TGFBR3;TGFB1;TNNC1;ID2;TNNT2;TBX5;FGFR2;SMAD7
GO_Biological_Process_2023,Atrial Cardiac Muscle Cell Action Potential (GO:0086014),6/12,0.000863405516432327,0.0100443617491156,0,0,8.185661764705882,57.746783013738856,GJC1;KCNJ5;GJA1;KCNA5;KCNN2;CACNA1C
GO_Biological_Process_2023,Negative Regulation Of Cell Cycle Phase Transition (GO:1901988),6/12,0.000863405516432327,0.0100443617491156,0,0,8.185661764705882,57.746783013738856,RGCC;APC;SUSD2;PTEN;APBB2;ZFP36L2
GO_Biological_Process_2023,Positive Regulation Of Vascular Endothelial Cell Proliferation (GO:1905564),6/12,0.000863405516432327,0.0100443617491156,0,0,8.185661764705882,57.746783013738856,AKT3;IGF2;HMGB1;FGF2;APLN;FGFR1
GO_Biological_Process_2023,Relaxation Of Cardiac Muscle (GO:0055119),6/12,0.000863405516432327,0.0100443617491156,0,0,8.185661764705882,57.746783013738856,RGS2;GSN;PLN;ATP1A2;KCNJ2;SLC8A1
GO_Biological_Process_2023,Adherens Junction Organization (GO:0034332),11/35,0.0008798599717696931,0.0102082678445107,0,0,3.756602180254875,26.430505473146,CDH6;TJP1;CDH5;RAMP2;CDH11;CDH13;DCHS1;FERMT2;VCL;JAM3;SMAD7
GO_Biological_Process_2023,Negative Regulation Of Epithelial To Mesenchymal Transition (GO:0010719),10/30,0.0008980977152758592,0.0103365059710149,0,0,4.097145488029466,28.742424830288385,PPP2CA;SFRP1;PTEN;DAB2IP;SPRY1;GATA3;TBX5;BMP5;SMAD7;FOXA2
GO_Biological_Process_2023,Positive Regulation Of Locomotion (GO:0040017),10/30,0.0008980977152758592,0.0103365059710149,0,0,4.097145488029466,28.742424830288385,P2RY12;PDGFRB;DUOX1;TGFB1;CCL21;SPOCK2;RARRES2;PDGFB;BVES;PPM1F
GO_Biological_Process_2023,Regulation Of Potassium Ion Transport (GO:0043266),10/30,0.0008980977152758592,0.0103365059710149,0,0,4.097145488029466,28.742424830288385,KCNE1;FHL1;CASQ2;CACNA1D;KCNA5;KCNN2;ANK2;KCNAB1;NOS1;ANK3
GO_Biological_Process_2023,Regulation Of Calcium Ion Transport (GO:0051924),15/57,0.0009060492609167244,0.010400288856693,0,0,2.929659173313996,20.526413489026524,TRPC6;WFS1;CACNA2D1;F2R;ANK2;CACNA1D;LILRB2;LILRA2;MYLK;CD4;PLN;INPP5K;NOS1;EFHB;CD33
GO_Biological_Process_2023,Response To Molecule Of Bacterial Origin (GO:0002237),17/69,0.0009589360511543804,0.0109781644476984,0,0,2.682732279268076,18.644147414069167,SLC11A1;F2R;IRAK3;SMAD6;CXCL2;SELE;FOXP1;SELP;FER;IL6;SLPI;NOS1;JAK2;TRIB1;TLR4;S100A8;SNCA
GO_Biological_Process_2023,Intracellular Calcium Ion Homeostasis (GO:0006874),28/139,0.0009706414186880526,0.0110827734472424,0,0,2.0736446753159843,14.38602076845314,CCL14;SLC24A3;PTH1R;SLC8A1;CDH5;EDNRA;PLN;GPER1;PRKACA;CCL15;EDN1;CCL23;TRPC6;DMPK;TMEM178A;CAV2;WFS1;CAV1;TRPC1;ANK2;TMEM64;CXCL12;VAPB;FKBP1B;CASQ2;RGN;ATP13A4;MICU3
GO_Biological_Process_2023,Negative Regulation Of Protein Kinase Activity (GO:0006469),20/88,0.0010732083067401,0.0122215489495791,0,0,2.4147031615606465,16.509573503871913,CDKN1C;PTPN1;WWTR1;CAV1;PTPRO;DAB2IP;ADARB1;SLC8A1;PPM1F;CORO1C;PTPRB;UBASH3B;CAMK2N1;HYAL2;GNAQ;SH3BP5;INPP5K;TRIB1;TRIB2;SNCA
GO_Biological_Process_2023,Cellular Response To Nerve Growth Factor Stimulus (GO:1990090),8/21,0.0010894805154023,0.0123417267834034,0,0,5.039983016063973,34.383037744779244,EHD1;NTRK2;RAP1A;BDNF;MAGI2;TMEM108;RAPGEF2;SH3GL2
GO_Biological_Process_2023,Peptide Catabolic Process (GO:0043171),8/21,0.0010894805154023,0.0123417267834034,0,0,5.039983016063973,34.383037744779244,ENPEP;MME;CPQ;ERAP1;DPEP2;CTSH;TRHDE;NAALADL1
GO_Biological_Process_2023,Regulation Of Phagocytosis (GO:0050764),15/58,0.0011006533163147,0.0124031846298025,0,0,2.861366587609062,19.49120385710866,TUB;FCER1G;SLC11A1;SFTPD;FPR2;PLA2G5;GATA2;SIRPB1;FGR;HCK;SYT11;SIRPA;CD47;GAS6;TGM2
GO_Biological_Process_2023,Renal System Development (GO:0072001),15/58,0.0011006533163147,0.0124031846298025,0,0,2.861366587609062,19.49120385710866,MYOCD;TGFB2;MME;FOXF1;WFS1;PCSK9;TCF21;LRP4;GATA3;PCSK5;BMP4;SOX17;HYAL2;AGTR1;ITGA8
GO_Biological_Process_2023,Wnt Signaling Pathway (GO:0016055),18/76,0.0011303468907527,0.0126716290402303,0,0,2.547007457454267,17.28203321993783,FZD1;TCF7L2;TCF7L1;WNT2B;FZD4;LRRK2;FZD7;DIXDC1;PTEN;FZD8;NID1;NR4A2;SFRP1;FRZB;SFRP5;WNT2;FERMT2;WLS
GO_Biological_Process_2023,Positive Regulation Of Protein Secretion (GO:0050714),18/76,0.0011303468907527,0.0126716290402303,0,0,2.547007457454267,17.28203321993783,TCF7L2;TGFB2;TGFB1;PLA2G1B;ACSL4;FRMD4A;MYRIP;SYTL4;BMP6;TTN;GPER1;ANG;PPARG;TLR4;MYH10;CD33;ABCG1;WLS
GO_Biological_Process_2023,Neutrophil Chemotaxis (GO:0030593),17/70,0.0011398421587897,0.0127449708739294,0,0,2.6319665344895204,17.836483160950532,CCL14;EDN1;CCL23;TGFB2;FCER1G;CCL21;PLA2G1B;PPBP;CXCL3;CXCL2;CX3CL1;CXCR2;XCL1;S100A12;S100A8;CCL15;PF4
GO_Biological_Process_2023,Negative Regulation Of Endothelial Cell Apoptotic Process (GO:2000352),9/26,0.0011913536972926,0.0132865182364729,0,0,4.336888552015376,29.19881801303521,SEMA5A;CDH5;RAMP2;KDR;NDNF;GATA3;TEK;GATA2;GAS6
GO_Biological_Process_2023,Cellular Response To cAMP (GO:0071320),10/31,0.0011974703756447,0.0133203147971202,0,0,3.9018240813820926,26.24969306089555,KCNE1;RAP1A;DMTN;IGFBP5;AQP9;PDE2A;INPP5K;RAPGEF2;CFTR;AQP1
GO_Biological_Process_2023,Positive Regulation Of Metabolic Process (GO:0009893),23/108,0.0012227446550184,0.0135664933960398,0,0,2.2224831757621994,14.9054328589089,THRA;EPAS1;APLP2;CAV1;TRPV2;G0S2;ADRB1;ADRB2;ADIPOR2;CNKSR2;GJA1;FABP4;APC;FABP5;SCD;PRDM16;LEPR;ALPL;CD36;JAK2;PPARGC1A;PPARGC1B;CMKLR1
GO_Biological_Process_2023,Actin Cytoskeleton Reorganization (GO:0031532),14/53,0.0012767233572767,0.0141290718205294,0,0,2.9438215536001517,19.61603234246804,PTPN1;ANXA1;DMTN;NEDD9;PARVA;PARVB;SYDE1;FGF7;FER;S1PR1;FLNA;PHACTR1;THSD7A;TNIK
GO_Biological_Process_2023,Protein Autophosphorylation (GO:0046777),31/162,0.0013043707912261,0.0142814567205543,0,0,1.945826723590306,12.924248242335317,GSK3B;FLT1;FLT4;LRRK2;GRK5;ERBB4;MKNK2;KDR;RIOK2;FYN;JAK2;PDGFRB;PDGFRA;MAP3K3;NTRK2;DAPK1;DAPK2;DAPK3;FGR;HCK;FER;PEAK1;ULK2;PRKD1;SIK2;TNIK;TEK;FGFR4;FGFR2;FGFR1;DDR2
GO_Biological_Process_2023,Cell Migration Involved In Sprouting Angiogenesis (GO:0002042),7/17,0.0013152143049947,0.0142814567205543,0,0,5.731310344827587,38.02011242232478,EFNB2;NR4A1;EGR3;KDR;PIK3R3;SLIT2;FGF2
GO_Biological_Process_2023,Muscle Tissue Morphogenesis (GO:0060415),7/17,0.0013152143049947,0.0142814567205543,0,0,5.731310344827587,38.02011242232478,BMP4;TGFBR3;BMP2;EFEMP2;HEY2;MYLK;TTN
GO_Biological_Process_2023,Positive Regulation Of SMAD Protein Signal Transduction (GO:0060391),7/17,0.0013152143049947,0.0142814567205543,0,0,5.731310344827587,38.02011242232478,BMP4;DAB2;BMPR2;TGFB1;PPARG;JAK2;BMP6
GO_Biological_Process_2023,Positive Regulation Of Macrophage Derived Foam Cell Differentiation (GO:0010744),7/17,0.0013152143049947,0.0142814567205543,0,0,5.731310344827587,38.02011242232478,MSR1;PRKCH;AGTR1;PLA2G5;CD36;ALOX15B;PF4
GO_Biological_Process_2023,Positive Regulation Of Stem Cell Differentiation (GO:2000738),7/17,0.0013152143049947,0.0142814567205543,0,0,5.731310344827587,38.02011242232478,TGFB2;LTBP2;PTN;TBX5;SOX6;RBM24;SOX5
GO_Biological_Process_2023,Regulation Of Cartilage Development (GO:0061035),7/17,0.0013152143049947,0.0142814567205543,0,0,5.731310344827587,38.02011242232478,BMP4;BMP2;BMPR2;ZBTB16;SOX6;TAPT1;SOX5
GO_Biological_Process_2023,Amine Metabolic Process (GO:0009308),5/9,0.0013280642591113,0.0142814567205543,0,0,10.228525493798806,67.75408878811261,AOC3;SULT1A1;MAOA;INMT;SULT1A2
GO_Biological_Process_2023,Negative Regulation Of Sodium Ion Transmembrane Transport (GO:1902306),5/9,0.0013280642591113,0.0142814567205543,0,0,10.228525493798806,67.75408878811261,HECW2;NEDD4;PRKCE;NEDD4L;PCSK9
GO_Biological_Process_2023,Positive Regulation Of Smooth Muscle Contraction (GO:0045987),5/9,0.0013280642591113,0.0142814567205543,0,0,10.228525493798806,67.75408878811261,MYOCD;GPER1;F2R;PROK2;SPX
GO_Biological_Process_2023,Positive Regulation Of Protein Binding (GO:0032092),15/59,0.001329301936903,0.0142814567205543,0,0,2.796178210345261,18.51937163505841,GSK3B;TCF7L2;CSF3;LRP1;BDNF;LRRK2;CAV1;ADD1;PPP2CA;BMP4;FKBP1A;CLDN5;TIAM1;BMP2;RAPGEF2
GO_Biological_Process_2023,Branching Morphogenesis Of An Epithelial Tube (GO:0048754),12/42,0.0013335095130638,0.0142814567205543,0,0,3.27889400921659,21.706085150092125,BMP4;NOTCH4;TIE1;KDR;TCF21;SEMA3E;SLIT2;NPNT;FGF2;RASIP1;TGFBR2;ENG
GO_Biological_Process_2023,Monocyte Chemotaxis (GO:0002548),12/42,0.0013335095130638,0.0142814567205543,0,0,3.27889400921659,21.706085150092125,CCL14;CCL23;IL6;FLT1;CCL21;PTPRO;PDGFB;S100A12;XCL1;CTSG;CX3CL1;CCL15
GO_Biological_Process_2023,Kidney Development (GO:0001822),17/71,0.001348875641929,0.0143392789915418,0,0,2.5830810024805406,17.07024919502461,ROBO2;KANK2;TGFB2;MME;WFS1;ZBTB16;PCSK9;TCF21;LRP4;GATA3;PCSK5;BMP4;SOX17;HYAL2;AGTR1;ITGA8;CTSH
GO_Biological_Process_2023,Negative Regulation Of Supramolecular Fiber Organization (GO:1902904),17/71,0.001348875641929,0.0143392789915418,0,0,2.5830810024805406,17.07024919502461,KANK1;PLEKHH2;MID1IP1;CLU;CDH5;NAV3;MAP2;MYADM;EMILIN1;SLIT2;CRYAB;SHANK3;LDLR;KANK4;KANK3;CLASP2;SNCA
GO_Biological_Process_2023,Regulation Of Hydrolase Activity (GO:0051336),17/71,0.001348875641929,0.0143392789915418,0,0,2.5830810024805406,17.07024919502461,NTRK2;CAV1;RDX;DAB2IP;RASIP1;ARHGAP44;FGD4;FGD5;CHN2;CHN1;PLXNA2;NOS1;BVES;RAPGEF6;PRKG1;EPHA3;TBC1D15
GO_Biological_Process_2023,Negative Regulation Of DNA-binding Transcription Factor Activity (GO:0043433),29/149,0.0013993333382127,0.0148391220828654,0,0,1.9865381638024464,13.055050737727653,SPI1;LRRK2;ARRB1;TCEAL7;FLNA;MAP2K5;CMKLR1;PRNP;TCF7L2;PTGIS;WFS1;PTCH1;CTNNBIP1;DAB2IP;IRAK3;WWP2;KLF4;MTURN;SMAD7;HEYL;SFRP5;ID2;ID1;ID3;XCL1;NUPR1;TRIB1;GAS6;FOXA2
GO_Biological_Process_2023,Adenylate Cyclase-Modulating G Protein-Coupled Receptor Signaling Pathway (GO:0007188),31/163,0.0014458897992773,0.0152513011856988,0,0,1.930976430976431,12.626713523755368,PTGER4;PTGFR;VIPR1;RAMP2;CALCRL;RAMP3;FPR1;ADCY4;CACNA1D;ADRB2;FPR2;PTH1R;GNAI1;GNAI2;AKAP12;GRK5;TBXA2R;CNR1;GPER1;GNA11;WASF2;P2RY12;PTGIR;PDE2A;NPY1R;GPR4;MARCO;ADCY9;GPR161;GNAQ;PF4
GO_Biological_Process_2023,Negative Regulation Of Cell Activation (GO:0050866),6/13,0.0014558702707386,0.0152513011856988,0,0,7.015887605042017,45.82884027265409,PDGFRA;THBD;GPER1;PDGFB;EMILIN1;LDLR
GO_Biological_Process_2023,Negative Regulation Of Cell Migration Involved In Sprouting Angiogenesis (GO:0090051),6/13,0.0014558702707386,0.0152513011856988,0,0,7.015887605042017,45.82884027265409,STARD13;TBXA2R;MMRN2;KLF4;MEOX2;MAP2K5
GO_Biological_Process_2023,Negative Regulation Of Myoblast Differentiation (GO:0045662),6/13,0.0014558702707386,0.0152513011856988,0,0,7.015887605042017,45.82884027265409,BMP4;TGFB1;SOSTDC1;PRICKLE1;DLL1;TBX3
GO_Biological_Process_2023,Relaxation Of Muscle (GO:0090075),6/13,0.0014558702707386,0.0152513011856988,0,0,7.015887605042017,45.82884027265409,RGS2;GSN;PLN;ATP1A2;SLC8A1;KCNJ2
GO_Biological_Process_2023,Myelination (GO:0042552),13/48,0.0014681271766905,0.0152760881955246,0,0,3.045234802081275,19.866404501392488,ARHGEF10;MYRF;MYOC;LGI4;PLLP;AMIGO1;SKI;NFASC;EPB41L3;PMP22;MAL;TPPP;GPM6B
GO_Biological_Process_2023,Muscle Cell Differentiation (GO:0042692),11/37,0.001468854634185,0.0152760881955246,0,0,3.467243028735429,22.6177705534276,MEF2C;MYOCD;TMEM204;ACTN2;HEY2;GATA6;RORA;DMD;ACTN4;BVES;SYNE1
GO_Biological_Process_2023,Muscle Tissue Development (GO:0060537),11/37,0.001468854634185,0.0152760881955246,0,0,3.467243028735429,22.6177705534276,MEF2C;CSRP2;CSRP1;CAV1;PTCH1;DMD;PGM5;CFLAR;MYOZ1;BVES;ENG
GO_Biological_Process_2023,Negative Regulation Of Apoptotic Process (GO:0043066),74/482,0.001539923547837,0.0159767068088091,0,0,1.4979582914759833,9.70081161171947,GSK3B;TFRC;CITED2;FLT4;CLU;CX3CL1;AQP1;CCND2;LAMP3;ARHGDIA;KDR;PDK4;PROK2;CTSH;USP47;MEF2C;PRKCH;ANXA1;TSC22D1;HGF;F2R;HCK;RNF144B;SFRP1;CAT;FKBP8;ITGA5;CARD16;NUPR1;GAS6;IL6ST;CRYAB;CD44;CX3CR1;GATA6;PIK3R3;NDNF;SEMA3E;PIK3R1;FSTL1;DLL1;FOXO1;SOCS2;SOCS3;GRK5;ERBB4;APOH;PDPN;FLNA;BNIP2;PPARGC1A;MAP2K5;SNCA;NTRK2;CD74;EGR3;TSLP;ANGPT1;BDNF;WFS1;CAV1;DHCR24;CFLAR;KLF4;SMAD6;TBX3;TJP1;BMP4;NR4A2;DAB2;IL6;FAS;TEK;BCL2L2
GO_Biological_Process_2023,Positive Regulation Of Phosphatase Activity (GO:0010922),8/22,0.0015496525740606,0.0159988270031272,0,0,4.679721382573269,30.27650817065479,PDGFRB;PPP1R15A;MEF2C;BMP2;ITGA1;MAGI2;MTMR9;CALM1
GO_Biological_Process_2023,Regulation Of Cardiac Muscle Cell Membrane Repolarization (GO:0099623),8/22,0.0015496525740606,0.0159988270031272,0,0,4.679721382573269,30.27650817065479,KCNE1;CACNA2D1;GJA5;FLNA;ANK2;CACNA1D;KCNA5;SCN4B
GO_Biological_Process_2023,Mesenchymal Cell Differentiation (GO:0048762),14/54,0.0015531762081349,0.0159988270031272,0,0,2.870064575645757,18.562008548377914,GSK3B;MEF2C;TGFB2;TGFB1;FOXF2;HGF;NOTCH4;TGFBR3;HEYL;BMP2;HEY2;S100A4;FGFR2;FGFR1
GO_Biological_Process_2023,Regulation Of Defense Response (GO:0031347),21/97,0.0015728341423519,0.0160542032811582,0,0,2.268576925887138,14.643382981737249,ANXA1;APLP2;ERAP1;GATA6;PTGS2;SAMHD1;AGER;SELE;FOXP1;FGR;BST1;HCK;ALOX5;AGTR1;CASP1;XCL1;CARD16;GGT1;JAK2;N4BP1;MGLL
GO_Biological_Process_2023,Amide Transport (GO:0042886),10/32,0.0015734309517909,0.0160542032811582,0,0,3.7242591662481166,24.038218589170217,SLC14A1;GJA1;VAPA;SLC1A1;PDPN;FOLR3;FOLR1;SLC38A5;DISP1;ABCG2
GO_Biological_Process_2023,Negative Regulation Of Osteoblast Differentiation (GO:0045668),10/32,0.0015734309517909,0.0160542032811582,0,0,3.7242591662481166,24.038218589170217,GDF10;SKI;CDK6;PTCH1;TWIST2;CRIM1;PPARG;TMEM64;LIMD1;SMAD6
GO_Biological_Process_2023,Regulation Of Transmembrane Transport (GO:0034762),10/32,0.0015734309517909,0.0160542032811582,0,0,3.7242591662481166,24.038218589170217,KCNJ5;KCNJ8;PRKCB;NEDD4;KCNJ15;NEDD4L;KCNJ16;WWP2;KCNJ2;SNCA
GO_Biological_Process_2023,Regulation Of Endocytosis (GO:0030100),16/66,0.0016061388163649,0.0163319765131924,0,0,2.6250046168051706,16.889075560803537,PTPN1;HIP1;MCTP1;LRP1;STON1;STON2;DLL1;FGR;HCK;DAB2;SYT11;GPC3;CDH13;PRKD1;EPHA3;SNCA
GO_Biological_Process_2023,Positive Regulation Of Nitric Oxide Biosynthetic Process (GO:0045429),9/27,0.0016157910035062,0.0163319765131924,0,0,4.095720202485044,26.32700545106672,EDN1;HBB;CD36;AGTR2;PTGS2;KLF4;CLU;TLR4;KLF2
GO_Biological_Process_2023,Positive Regulation Of Response To Wounding (GO:1903036),9/27,0.0016157910035062,0.0163319765131924,0,0,4.095720202485044,26.32700545106672,KANK1;DUOX1;ANXA1;DMTN;PRKCE;PTN;SCARF1;MYLK;HBEGF
GO_Biological_Process_2023,Respiratory Tube Development (GO:0030323),9/27,0.0016157910035062,0.0163319765131924,0,0,4.095720202485044,26.32700545106672,BMP4;CEBPA;CCDC39;FGF7;FOXF1;PDPN;TCF21;PCSK5;FGFR2
GO_Biological_Process_2023,Positive Regulation Of Receptor-Mediated Endocytosis (GO:0048260),12/43,0.0016686365990841,0.0167508506638304,0,0,3.172944849115505,20.29335692212374,CCL14;RAB21;DAB2;HIP1;ANGPT1;CCL21;SGIP1;MAGI2;PCSK9;ARRB1;CLU;SELE
GO_Biological_Process_2023,Response To Amyloid-Beta (GO:1904645),12/43,0.0016686365990841,0.0167508506638304,0,0,3.172944849115505,20.29335692212374,GSK3B;PRNP;GJA1;RAMP3;LRP1;CACNA2D1;FYN;ADRB2;FPR2;CD36;AGER;TLR4
GO_Biological_Process_2023,Positive Regulation Of Protein Serine/Threonine Kinase Activity (GO:0071902),24/117,0.0016688752978329,0.0167508506638304,0,0,2.119644832431463,13.556411838433483,PDGFRB;MEF2C;EDN1;TGFB1;FLT1;PLA2G1B;LRRK2;PDGFB;DAB2IP;ADRB2;FGF2;GHR;PPP2CA;CCND2;RGCC;CCND1;S100A12;RAPGEF2;CALM1;TLR4;MAP2K5;FERMT2;FGFR1;SNCA
GO_Biological_Process_2023,Positive Regulation Of Canonical Wnt Signaling Pathway (GO:0090263),19/85,0.0017392474007912,0.0173743136075864,0,0,2.3626556830440326,15.01302959291496,SEMA5A;USP47;KANK1;TGFB1;LRRK2;CAV1;DAPK3;DKK2;PPM1A;SCEL;HHEX;SFRP1;ZEB2;DAAM2;GPC3;LGR5;FGFR2;WLS;ZBED3
GO_Biological_Process_2023,Cellular Response To Laminar Fluid Shear Stress (GO:0071499),4/6,0.0017672204990107,0.0173743136075864,0,0,16.359963269054177,103.6951291161663,KLF4;KLF2;MAP2K5;SREBF2
GO_Biological_Process_2023,Definitive Hemopoiesis (GO:0060216),4/6,0.0017672204990107,0.0173743136075864,0,0,16.359963269054177,103.6951291161663,MFAP5;TGFBR3;TEK;ZFP36L2
GO_Biological_Process_2023,Forebrain Neuron Development (GO:0021884),4/6,0.0017672204990107,0.0173743136075864,0,0,16.359963269054177,103.6951291161663,CCL14;LHX6;RAPGEF2;FGFR2
GO_Biological_Process_2023,Gland Morphogenesis (GO:0022612),4/6,0.0017672204990107,0.0173743136075864,0,0,16.359963269054177,103.6951291161663,TGFB2;TGFB1;MSN;FGFR2
GO_Biological_Process_2023,Glandular Epithelial Cell Development (GO:0002068),4/6,0.0017672204990107,0.0173743136075864,0,0,16.359963269054177,103.6951291161663,CDK6;DLL1;BMP6;BMP5
GO_Biological_Process_2023,Heart Trabecula Formation (GO:0060347),4/6,0.0017672204990107,0.0173743136075864,0,0,16.359963269054177,103.6951291161663,FKBP1A;TGFBR3;HEY1;TEK
GO_Biological_Process_2023,Regulation Of Extracellular Matrix Assembly (GO:1901201),4/6,0.0017672204990107,0.0173743136075864,0,0,16.359963269054177,103.6951291161663,RGCC;TGFB1;TIE1;EMILIN1
GO_Biological_Process_2023,Type B Pancreatic Cell Development (GO:0003323),4/6,0.0017672204990107,0.0173743136075864,0,0,16.359963269054177,103.6951291161663,CDK6;DLL1;BMP6;BMP5
GO_Biological_Process_2023,Regulation Of Cell Communication (GO:0010646),13/49,0.0018017298672611,0.0176733320615893,0,0,2.960478459095333,18.70728717998115,PTPN1;ANXA1;LRRC32;LTBP1;SLC8A1;SOCS2;LURAP1L;GRK5;GJA5;VEPH1;CASQ2;IGFBP7;MGLL
GO_Biological_Process_2023,Heart Looping (GO:0001947),11/38,0.0018662182655629,0.0182230724754971,0,0,3.3386389613934524,20.97947710307624,CCDC39;NDRG4;MEF2C;SOX17;SOX18;APLNR;DLL1;FOLR1;TBX2;TGFBR2;ENG
GO_Biological_Process_2023,Response To cAMP (GO:0051591),11/38,0.0018662182655629,0.0182230724754971,0,0,3.3386389613934524,20.97947710307624,DUOX1;KCNE1;RAP1A;DMTN;IGFBP5;AQP9;PDE2A;INPP5K;RAPGEF2;CFTR;AQP1
GO_Biological_Process_2023,Positive Regulation Of Neuron Projection Development (GO:0010976),20/92,0.0019067343199863,0.0185766711626663,0,0,2.2800390584849417,14.278432877683027,FZD1;NTRK2;NDRG4;BDNF;MAGI2;DAB2IP;COBL;NDNF;VLDLR;PTN;CX3CL1;BMP5;RAP1A;RAPGEF2;ITGA6;ROR1;PRKD1;SCARF1;EPHA3;DDR2
GO_Biological_Process_2023,Ureteric Bud Development (GO:0001657),7/18,0.0019509304432924,0.0189644499847976,0,0,5.2099895506792055,32.50746341365602,ROBO2;BMP4;GPC3;TCF21;SLIT2;NPNT;FGFR2
GO_Biological_Process_2023,Plasma Membrane Bounded Cell Projection Organization (GO:0120036),26/132,0.0020174365404672,0.019566867659903,0,0,2.0150523331116323,12.50526891540337,GPM6A;GSK3B;BTG2;RASGRF1;PTPRM;HMGB1;FRY;TTC29;AGER;FLRT3;MAP2;TMEM108;MAP4;SH3GL2;MYOC;CCL21;LAMB1;RAB11A;EHD1;GPRIN2;IL6;VAPA;NEDD4;RAPGEF2;CNTN4;FRYL
GO_Biological_Process_2023,Positive Regulation Of Protein Dephosphorylation (GO:0035307),10/33,0.0020396101498643,0.0196858501484439,0,0,3.562134678517095,22.067412195069743,PPP1R15A;PDGFRB;PPP1R16B;CDH5;TGFB1;ITGA1;MAGI2;CAMTA1;LILRB2;CALM1
GO_Biological_Process_2023,Ventricular Cardiac Muscle Tissue Morphogenesis (GO:0055010),10/33,0.0020396101498643,0.0196858501484439,0,0,3.562134678517095,22.067412195069743,FKBP1A;TGFBR3;TGFB2;TGFB1;TNNC1;TNNT2;ZFPM2;FGFR2;SMAD7;ENG
GO_Biological_Process_2023,Positive Regulation Of Programmed Cell Death (GO:0043068),42/245,0.002043387596502,0.0196858501484439,0,0,1.703029326458266,10.547109706983951,LRRK2;PRF1;HMGB1;NLRC4;FOXO3;CLU;FOXO1;IFIT2;RASSF2;CALHM2;ADAMTSL4;FRZB;FAM162A;RPS6KA2;GPER1;TNFSF10;SAP18;EMILIN1;SLIT2;HOXA5;TGM2;SNCA;KLF11;JUN;GADD45B;DAPK1;DAPK2;DAPK3;DAB2IP;ANO6;CFLAR;RHOB;BMP4;OLFM1;SFRP1;BMP2;IL6;LATS2;APC;FAS;ITGA6;MNDA
GO_Biological_Process_2023,Nervous System Development (GO:0007399),67/433,0.002052470157716,0.0197293122510074,0,0,1.510527199679624,9.348216683489824,SEMA5A;TRIM71;ROBO2;SH3GL3;COX7B;PTEN;PCSK9;VLDLR;LDB2;FGF2;ZDHHC2;NRGN;EDNRB;SOX6;SH3GL2;CDON;MEF2C;SEMA6A;APLP2;MAMDC2;TMOD2;GFRA1;DNM3;OLFM1;ZEB2;NAV3;FEZ1;NINJ2;ALDH1A2;MAL;RAPGEF5;NBL1;SHANK3;SHANK2;GPM6A;SHC3;C3ORF70;PTN;FLRT3;ERBB4;SPOCK2;SLITRK6;WNT2;GPM6B;SPTBN1;ARNT2;EGR2;JAG1;GSN;TGFB1;BDNF;CNTN6;ZBTB16;LSAMP;CRIM1;CABLES1;PCDHB10;NFASC;FGF14;APC;PCDHB16;PMP22;DCHS1;PCDHB4;FAT4;CNTN4;NES
GO_Biological_Process_2023,Cellular Response To Ketone (GO:1901655),12/44,0.0020699983344295,0.019853584025329,0,0,3.0736175115207374,18.99559392407488,PTGER4;PTGFR;SCNN1G;SFRP1;GNG2;SCNN1B;KLF9;MSN;GAS6;GNAI1;CFTR;AQP1
GO_Biological_Process_2023,Regulation Of Cellular Response To Transforming Growth Factor Beta Stimulus (GO:1903844),8/23,0.0021511281679085,0.0203378612773017,0,0,4.367494633547992,26.824116266957404,TGFB1;LATS2;LTBP4;PPARG;FOLR1;DKK3;SMAD7;ENG
GO_Biological_Process_2023,Response To BMP (GO:0071772),8/23,0.0021511281679085,0.0203378612773017,0,0,4.367494633547992,26.824116266957404,ACVRL1;BMP4;TMEM100;BMP2;SFRP1;BMPR2;SMAD9;BMP6
GO_Biological_Process_2023,Positive Regulation Of Fibroblast Proliferation (GO:0048146),9/28,0.0021533189931566,0.0203378612773017,0,0,3.879937995010536,23.82570949165905,CD74;PDGFRA;CDK6;PLA2G1B;PDGFB;GAS6;WNT2;AQP1;DDR2
GO_Biological_Process_2023,Positive Regulation Of Nitric Oxide Metabolic Process (GO:1904407),9/28,0.0021533189931566,0.0203378612773017,0,0,3.879937995010536,23.82570949165905,EDN1;HBB;CD36;AGTR2;PTGS2;KLF4;CLU;TLR4;KLF2
GO_Biological_Process_2023,Regulation Of Chemotaxis (GO:0050920),9/28,0.0021533189931566,0.0203378612773017,0,0,3.879937995010536,23.82570949165905,EFNB2;P2RY12;PDGFRB;PDGFRA;TGFB1;CCL21;RARRES2;PDGFB;PPM1F
GO_Biological_Process_2023,Regulation Of Monoatomic Ion Transport (GO:0043269),9/28,0.0021533189931566,0.0203378612773017,0,0,3.879937995010536,23.82570949165905,KCNJ5;PXK;KCNJ8;NEDD4;KCNJ15;NEDD4L;KCNJ16;WWP2;KCNJ2
GO_Biological_Process_2023,Regulation Of Neuron Projection Development (GO:0010975),32/174,0.0021534760434955,0.0203378612773017,0,0,1.8527088110055685,11.376877079103377,GSK3B;KANK1;NDRG4;LRRK2;PTPRO;PTEN;NDNF;PTN;CX3CL1;ARHGAP44;EFNB2;RAP1A;CHN1;TNR;SCARF1;MFSD2A;FZD1;NTNG1;NTRK2;BDNF;DCC;MAGI2;DAB2IP;KIF26A;RUFY3;RAPGEF2;ROR1;ITGA6;PRKD1;SHANK3;EPHA3;DDR2
GO_Biological_Process_2023,Positive Regulation Of Fat Cell Differentiation (GO:0045600),13/50,0.0021954977608002,0.0206894505144409,0,0,2.8803035400545776,17.631335958904696,RARRES2;ZBTB16;SOX13;ADIRF;TMEM64;PTGS2;ZFP36;SFRP1;BMP2;FRZB;ID2;PPARG;CMKLR1
GO_Biological_Process_2023,Cellular Response To Peptide (GO:1901653),14/56,0.0022564974523999,0.021217958615595,0,0,2.733087330873309,16.655274220462505,GSK3B;PRNP;LRP1;CACNA2D1;CAV1;ADRB2;FPR2;AGER;GJA1;GPER1;FYN;CD36;VIM;TLR4
GO_Biological_Process_2023,Positive Regulation Of Cellular Component Organization (GO:0051130),23/113,0.0022906641821745,0.0213841787332746,0,0,2.098420050434872,12.75611390523718,PPP1R15A;GSK3B;TGFB2;TGFB1;TFRC;AHNAK;LRP1;DAB2IP;LRP4;ATP10A;CLU;SPIDR;DLL1;ADD1;CDH5;DAB2;HYAL1;TAL1;GPC3;HAS3;TPPP;SHANK3;SNCA
GO_Biological_Process_2023,Ethanol Metabolic Process (GO:0006067),6/14,0.0023138117396754,0.0213841787332746,0,0,6.138556985294118,37.25403687239563,SULT1A1;ADH1C;ADH1B;ADH1A;SULT1A2;SULT1C4
GO_Biological_Process_2023,Hyaluronan Metabolic Process (GO:0030212),6/14,0.0023138117396754,0.0213841787332746,0,0,6.138556985294118,37.25403687239563,TGFB1;HYAL1;HYAL2;HAS3;FGF2;CD44
GO_Biological_Process_2023,Membrane Repolarization During Cardiac Muscle Cell Action Potential (GO:0086013),6/14,0.0023138117396754,0.0213841787332746,0,0,6.138556985294118,37.25403687239563,KCNJ5;KCNE1;KCNJ8;KCNA5;KCNN2;KCNJ2
GO_Biological_Process_2023,Pathway-Restricted SMAD Protein Phosphorylation (GO:0060389),6/14,0.0023138117396754,0.0213841787332746,0,0,6.138556985294118,37.25403687239563,TGFBR3;TGFB2;BMP2;TGFB1;SMAD7;TGFBR2
GO_Biological_Process_2023,Prostanoid Biosynthetic Process (GO:0046457),6/14,0.0023138117396754,0.0213841787332746,0,0,6.138556985294118,37.25403687239563,CD74;EDN1;PTGIS;PTGS2;PTGDS;PTGS1
GO_Biological_Process_2023,Regulation Of Cholesterol Storage (GO:0010885),6/14,0.0023138117396754,0.0213841787332746,0,0,6.138556985294118,37.25403687239563,EHD1;MSR1;PPARG;SREBF2;ABCG1;CES1
GO_Biological_Process_2023,Smooth Muscle Contraction (GO:0006939),6/14,0.0023138117396754,0.0213841787332746,0,0,6.138556985294118,37.25403687239563,EDNRA;SMTN;APBB2;MYH11;SLC8A1;MYLK
GO_Biological_Process_2023,Angiogenesis Involved In Wound Healing (GO:0060055),5/10,0.0024179330417924,0.0221097436618139,0,0,8.182361047312815,49.29743428681862,MCAM;KDR;NDNF;GATA2;CD34
GO_Biological_Process_2023,Negative Regulation Of Sodium Ion Transmembrane Transporter Activity (GO:2000650),5/10,0.0024179330417924,0.0221097436618139,0,0,8.182361047312815,49.29743428681862,HECW2;NEDD4;PRKCE;NEDD4L;PCSK9
GO_Biological_Process_2023,Positive Regulation Of Dendrite Development (GO:1900006),5/10,0.0024179330417924,0.0221097436618139,0,0,8.182361047312815,49.29743428681862,DAB2IP;COBL;PTN;VLDLR;BMP5
GO_Biological_Process_2023,Regulation Of Lamellipodium Morphogenesis (GO:2000392),5/10,0.0024179330417924,0.0221097436618139,0,0,8.182361047312815,49.29743428681862,KANK1;PDPN;ENPP2;CD44;CORO1C
GO_Biological_Process_2023,Response To Prostaglandin E (GO:0034695),5/10,0.0024179330417924,0.0221097436618139,0,0,8.182361047312815,49.29743428681862,PTGER4;TGFBR3;SFRP1;GNG2;CCL21
GO_Biological_Process_2023,Regulation Of Interleukin-8 Production (GO:0032677),18/81,0.0024313530124212,0.0221854537031926,0,0,2.3442038552944284,14.110483569557127,FCN1;CD74;ANXA1;PLA2G1B;F2R;ARRB1;HMGB1;LILRA2;KLF4;IL6;HYAL2;CNTN1;TLR8;IL17D;TLR4;CD33;TLR3;MAP2K5
GO_Biological_Process_2023,Cellular Response To Hormone Stimulus (GO:0032870),20/94,0.0024965420685641,0.0227322269365463,0,0,2.2181663624771857,13.293135351066685,ROBO2;MEF2C;RAMP2;THRB;RAMP3;CAV1;LMO2;RDX;ATP1A2;TFPI;GHR;SOCS2;SFRP1;NR4A3;GPER1;KLF9;CTSH;INPP5K;ADTRP;SLIT2
GO_Biological_Process_2023,Regulation Of Plasma Membrane Bounded Cell Projection Assembly (GO:0120032),17/75,0.0025375952208628,0.0230573915226194,0,0,2.4043959544477183,14.36996477425697,PPP1R16B;DMTN;MYO10;IFT140;CAV1;RDX;DCDC2;TBC1D2B;CLU;FXR1;TBC1D1;TBC1D2;FER;DAAM2;PODXL;TBC1D15;CDKL1
GO_Biological_Process_2023,Regulation Of DNA Biosynthetic Process (GO:2000278),10/34,0.0026108800219756,0.0236734415437956,0,0,3.4135205647636586,20.30385223826255,PDGFRB;HMBOX1;BMPR2;DACH1;RGCC;HGF;JADE1;PDGFB;FGFR4;FGF2
GO_Biological_Process_2023,Negative Regulation Of MAP Kinase Activity (GO:0043407),13/51,0.002657283403848,0.0239432884572194,0,0,2.804348353594914,16.631050371157063,PTPN1;DUSP1;SPRY4;DAB2IP;IRAK3;BMP4;RGS2;BMP2;HYAL2;INPP5K;PPARG;SPRY1;SH2B3
GO_Biological_Process_2023,Positive Regulation Of Protein Localization To Cell Periphery (GO:1904377),13/51,0.002657283403848,0.0239432884572194,0,0,2.804348353594914,16.631050371157063,PRKCH;RAMP3;LRP1;STAC;PRKCE;PIK3R1;SORBS1;GNAI1;NKD2;GPER1;EPB41L2;EPHA3;SPTBN1
GO_Biological_Process_2023,Regulation Of Substrate Adhesion-Dependent Cell Spreading (GO:1900024),13/51,0.002657283403848,0.0239432884572194,0,0,2.804348353594914,16.631050371157063,KANK1;DMTN;MYOC;SPRY4;NEDD9;FBLN1;ACTN4;CORO1C;PDPN;MYADM;FLNA;FERMT2;LIMS2
GO_Biological_Process_2023,Striated Muscle Contraction (GO:0006941),14/57,0.0026961793023825,0.0242431455605894,0,0,2.6693769844675197,15.791819572349988,DTNA;CCDC78;STAC;TNNC1;ATP1A2;RCSD1;SLC8A1;KLHL41;TTN;TNNT2;CASQ2;DMD;NOS1;SCN4B
GO_Biological_Process_2023,Regulation Of Cell Growth (GO:0001558),39/227,0.0027724671841505,0.0248772731118372,0,0,1.7066202678686668,10.048610301731417,ACVRL1;BMPR2;TFRC;NPR1;FHL1;FAM107A;JADE1;LTBP4;WFDC1;PRDM11;RASGRP2;RERG;PPP2CA;SOCS2;GJA1;SOX17;HYAL1;FRZB;CCDC85B;HYAL2;PLCE1;DACT3;MSX1;SLIT2;ROS1;MFSD2A;USP47;TGFB2;TGFB1;SMARCA2;SFRP1;KIF26A;AGTR1;SCGB3A1;PRKCQ;CHPT1;AGTR2;FBP1;S100A8
GO_Biological_Process_2023,Regulation Of Smooth Muscle Cell Migration (GO:0014910),7/19,0.0028007116180175,0.0250785712517919,0,0,4.775555555555556,28.070150821275647,PDGFRB;NDRG4;IGFBP5;LRP1;PDGFB;SLIT2;TRIB1
GO_Biological_Process_2023,Positive Regulation Of Calcium Ion Transport (GO:0051928),9/29,0.002823981097484,0.0251305204468885,0,0,3.685734008283479,21.63381254157095,PDGFRB;TRPC6;CXCL12;WFS1;F2R;PDGFB;CACNA1D;LILRA2;MYLK
GO_Biological_Process_2023,Regulation Of Blood Coagulation (GO:0030193),9/29,0.002823981097484,0.0251305204468885,0,0,3.685734008283479,21.63381254157095,THBD;EDN1;DMTN;APOH;CAV1;F2R;EMILIN1;TFPI;FOXA2
GO_Biological_Process_2023,Regulation Of Neuron Migration (GO:2001222),9/29,0.002823981097484,0.0251305204468885,0,0,3.685734008283479,21.63381254157095,NTNG1;SRGAP2C;IGSF10;SEMA6A;KIF26A;DAB2IP;RAPGEF2;PHACTR1;CX3CL1
GO_Biological_Process_2023,Regulation Of Muscle Cell Differentiation (GO:0051147),8/24,0.0029216580048463,0.025851005505009,0,0,4.094296228150874,23.892691503363466,MYOCD;LAMA2;LAMB2;ID2;IGF2;LAMB1;NID1;FGFR2
GO_Biological_Process_2023,Notch Signaling Pathway (GO:0007219),11/40,0.0029229125779528,0.025851005505009,0,0,3.1080385647802538,18.135948004895543,HEYL;BMP2;APH1B;JAG1;HEY1;NOTCH4;HEY2;SORBS2;SUSD5;ZNF423;DLL1
GO_Biological_Process_2023,Negative Regulation Of Mitotic Cell Cycle Phase Transition (GO:1901991),11/40,0.0029229125779528,0.025851005505009,0,0,3.1080385647802538,18.135948004895543,KANK2;USP47;RGCC;APC;USP44;FHL1;FAM107A;JADE1;PTEN;KLF4;ZFP36L2
GO_Biological_Process_2023,Apoptotic Process (GO:0006915),39/228,0.0030008229028376,0.0264317380584634,0,0,1.6974942411246658,9.860521211500748,PPP1R15A;CSRNP1;HIP1;PRUNE2;PRF1;JADE1;FOXO1;IFIT2;FXR1;PPP2CA;FAM162A;BNIP2;JAK2;IFT57;SEMA6A;DMPK;DAPK1;DAPK2;PRKCE;TNFSF12;MAGI3;ZBTB16;DAPK3;TNFRSF19;EMP1;EMP2;DHCR24;EMP3;CFLAR;ALOX15B;RHOB;TGFBR2;GZMH;SFRP5;ELMO1;PMP22;FAS;MAL;ARHGEF6
GO_Biological_Process_2023,Cellular Response To Lipid (GO:0071396),39/228,0.0030008229028376,0.0264317380584634,0,0,1.6974942411246658,9.860521211500748,CX3CR1;CD274;GSK3B;PID1;RAMP3;INSIG1;RORA;ATP1A2;HMGB1;CXCL3;TFPI;CXCL2;GNAI1;AQP1;ZFP36;GPER1;PDK4;CASP1;SIRPA;CTSG;WNT2;MEF2C;FZD4;FZD7;DAB2IP;MSN;PPBP;LILRB2;DEFA1;SSTR1;SFRP1;IL6;ADTRP;CARD16;VIM;TLR4;CFTR;EPHA3;PF4
GO_Biological_Process_2023,Calcium Ion Homeostasis (GO:0055074),21/102,0.0030070828446191,0.0264329318887503,0,0,2.127941453716558,12.35649814143372,CCL14;EDN1;CCL23;SLC24A3;DMPK;WFS1;CAV1;ANK2;PTH1R;SLC8A1;CDH5;EDNRA;CXCL12;PLN;VAPB;CASQ2;RGN;ATP13A4;ALPL;CCL15;SNCA
GO_Biological_Process_2023,Cellular Response To Peptide Hormone Stimulus (GO:0071375),19/89,0.003035316042877,0.0266246058778623,0,0,2.2271448385179315,12.911737964937474,PLA2G1B;INSIG1;CAV1;PDE3B;PCSK9;PIK3R1;SORBS1;FOXO1;NR4A2;KAT2B;SCNN1G;NR4A1;FER;NR4A3;GPER1;SCNN1B;INPP5K;PPARG;VAMP2
GO_Biological_Process_2023,Neuron Projection Development (GO:0031175),34/192,0.0030412258335927,0.0266246058778623,0,0,1.7692053838719564,10.253420266401925,GPM6A;GSK3B;BTG2;LRRK2;RASGRF1;PTEN;PTPRM;HMGB1;FRY;AGER;FLRT3;MAP2;EPB41L3;TMEM108;MAP4;SH3GL2;GPM6B;MYOC;BDNF;DAB2IP;LAMB1;RAB11A;EHD1;GPRIN2;IL6;VAPA;NEDD4;RAPGEF2;TNIK;CNTN4;NBL1;SHANK3;FRYL;GAS7
GO_Biological_Process_2023,Regulation Of Actin Filament Polymerization (GO:0030833),16/70,0.0030632262553484,0.0267088576122903,0,0,2.430012653466024,14.06560964737928,KANK1;CSF3;CCL21;PRKCE;LMOD1;ARHGAP18;ARHGAP28;HCK;FER;DAAM2;MYADM;ESAM;SLIT2;KANK4;NCK1;KANK3
GO_Biological_Process_2023,Regulation Of Actin Filament-Based Process (GO:0032970),16/70,0.0030632262553484,0.0267088576122903,0,0,2.430012653466024,14.06560964737928,PDGFRB;DMTN;LRP1;ODAM;DAPK3;FAM107A;ARHGAP18;NEDD9;CORO2B;ARHGAP44;HCK;BST1;DAAM2;ESAM;EPHA3;GPM6B
GO_Biological_Process_2023,T Cell Differentiation (GO:0030217),12/46,0.0031095774127278,0.0269496709103079,0,0,2.892491190024397,16.6991281066381,CD4;SPI1;ANXA1;FCER1G;TGFB1;USP44;LEPR;SOX13;PIK3R3;GATA3;PIK3R1;ZFP36L2
GO_Biological_Process_2023,Positive Regulation Of Cell-Cell Adhesion (GO:0022409),12/46,0.0031095774127278,0.0269496709103079,0,0,2.892491190024397,16.6991281066381,MAGI1;TJP1;CITED2;PODXL;ANK3;CD47;AGER;CX3CL1;CD44;FSTL3;SMAD7;FOXA2
GO_Biological_Process_2023,Regulation Of Fibroblast Proliferation (GO:0048145),12/46,0.0031095774127278,0.0269496709103079,0,0,2.892491190024397,16.6991281066381,SKI;CD74;PDGFRA;SFRP1;CDK6;PLA2G1B;PDGFB;DAB2IP;GAS6;WNT2;AQP1;DDR2
GO_Biological_Process_2023,Extracellular Structure Organization (GO:0043062),22/109,0.0031417443920429,0.0271195375921146,0,0,2.075787569178374,11.962716214117744,ECM2;COL13A1;COL14A1;TEX14;NDNF;NPNT;THSD4;ADAMTS15;ADAMTS5;COL4A2;ADAMTS1;ADAMTSL4;SPOCK2;COL4A3;MMP28;COL4A6;COL4A5;MMP19;SLC39A8;ADAMTS8;RECK;MATN3
GO_Biological_Process_2023,Negative Regulation Of Developmental Process (GO:0051093),22/109,0.0031417443920429,0.0271195375921146,0,0,2.075787569178374,11.962716214117744,KANK1;SPI1;TGFB1;TFRC;ARHGEF15;DCC;NOTCH4;SMARCA2;DLL1;TBX2;BMP4;SRGAP2C;SFRP1;BMP2;CDK6;HEY1;NFIB;SFRP5;SAP30L;HEY2;PPARG;GAS6
GO_Biological_Process_2023,Negative Regulation Of Response To Stimulus (GO:0048585),13/52,0.0031954999289181,0.0275284983896422,0,0,2.7322883049024127,15.699760652766589,PTPN1;MCTP1;WFS1;HHIP;APLP2;KLF4;CLU;UBASH3B;KIF26A;ALOX5;SLIT2;SH2B3;MAP2K5
GO_Biological_Process_2023,Dendrite Morphogenesis (GO:0048813),10/35,0.0033032899037499,0.028287696874176,0,0,3.2767955801104973,18.71979695595167,MEF2A;MAP2;SDC2;PTEN;LRP4;MAP6;DCDC2;PHACTR1;PTN;SHANK3
GO_Biological_Process_2023,Endoderm Formation (GO:0001706),10/35,0.0033032899037499,0.028287696874176,0,0,3.2767955801104973,18.71979695595167,SOX17;COL4A2;DUSP1;COL12A1;LAMA3;COL6A1;ITGA7;LAMB1;ITGA5;SOX7
GO_Biological_Process_2023,Skeletal Muscle Organ Development (GO:0060538),10/35,0.0033032899037499,0.028287696874176,0,0,3.2767955801104973,18.71979695595167,FXR1;MEF2C;DES;CAV1;TCF21;DMD;CFLAR;MYOZ1;BVES;DISP1
GO_Biological_Process_2023,Positive Regulation Of Peptidyl-Tyrosine Phosphorylation (GO:0050731),25/130,0.0033992124134855,0.0290514866863437,0,0,1.955206746583659,11.113808707605957,CSF3;PDGFB;NEDD9;GHR;FGF7;ERBB4;ENPP2;JAK2;PRNP;CD74;PTPN1;ACE;TGFB1;TSLP;ANGPT1;HGF;IGF2;BMP6;IL6;PECAM1;CSPG4;ITGA5;IL6ST;GAS6;CD44
GO_Biological_Process_2023,Generation Of Neurons (GO:0048699),31/172,0.003438831999305,0.0293320136541512,0,0,1.8068027076306252,10.249311319098934,GPM6A;RTN1;WNT2B;PCSK9;LRP4;NDNF;WNT2;NEO1;IER2;FZD1;IRX1;IRX2;NTRK2;MEF2C;TGFB2;NLGN4X;FZD4;DCC;FZD7;DCDC2;FZD8;ACSL4;CFLAR;POMGNT2;EML1;NR4A2;PTPRD;CDK6;LHX6;RAPGEF2;FGFR1
GO_Biological_Process_2023,Positive Regulation Of Proteasomal Protein Catabolic Process (GO:1901800),19/90,0.0034624111159328,0.0294150200336899,0,0,2.195652881691444,12.440108312449372,GSK3B;CEBPA;LRRK2;RNF180;ECSCR;DAB2IP;AXIN2;PRICKLE1;CLU;CBFA2T3;PIAS1;NKD2;SMAD7;SH3RF3;RNF144B;DAB2;NUPR1;TRIB1;TRIB2
GO_Biological_Process_2023,Ras Protein Signal Transduction (GO:0007265),27/144,0.0034699065584981,0.0294150200336899,0,0,1.895520257005176,10.73552087003996,RASGRF1;RASGRP2;ARHGAP5;FGF2;ARHGAP6;ART4;RAP1A;RRAS;ARHGDIA;PDPN;PLCE1;CTNNAL1;ARHGAP29;RHOB;CNKSR2;TIAM1;DOK2;MRAS;DOK6;AGTR1;ELMO1;ARHGEF3;CDH13;RAPGEF2;RAPGEF5;RAPGEF6;RAPGEF4
GO_Biological_Process_2023,Digestive Tract Morphogenesis (GO:0048546),6/15,0.0035030862598045,0.0294150200336899,0,0,5.456188725490196,30.849896202640892,PDGFRA;SOX17;FOXF1;ID2;TCF21;FGFR2
GO_Biological_Process_2023,Platelet-Derived Growth Factor Receptor Signaling Pathway (GO:0048008),6/15,0.0035030862598045,0.0294150200336899,0,0,5.456188725490196,30.849896202640892,PDGFRB;PDGFRA;PTPN1;FER;NR4A3;PDGFB
GO_Biological_Process_2023,Positive Regulation Of Collagen Biosynthetic Process (GO:0032967),6/15,0.0035030862598045,0.0294150200336899,0,0,5.456188725490196,30.849896202640892,BMP4;TGFB1;RGCC;F2R;VIM;LARP6
GO_Biological_Process_2023,Positive Regulation Of Sprouting Angiogenesis (GO:1903672),6/15,0.0035030862598045,0.0294150200336899,0,0,5.456188725490196,30.849896202640892,TJP1;ITGA5;KLF4;DLL1;FGF2;FUT1
GO_Biological_Process_2023,Regulation Of Activin Receptor Signaling Pathway (GO:0032925),6/15,0.0035030862598045,0.0294150200336899,0,0,5.456188725490196,30.849896202640892,FKBP1A;SKI;FST;MAGI2;FSTL3;SMAD7
GO_Biological_Process_2023,Vasodilation (GO:0042311),6/15,0.0035030862598045,0.0294150200336899,0,0,5.456188725490196,30.849896202640892,GPER1;ADRB1;ADRB2;AGTR2;NOS1;KLF2
GO_Biological_Process_2023,Myeloid Leukocyte Differentiation (GO:0002573),16/71,0.0035619474464467,0.0298511945220662,0,0,2.385696298161672,13.449238462455876,CEBPA;IL33;CSF3;SPI1;GAB2;GATA3;CBFA2T3;FOXP1;OSCAR;TGFBR2;BMP4;IL1RL1;BMP2;CD4;TYROBP;PPARG
GO_Biological_Process_2023,Lymphocyte Migration (GO:0072676),11/41,0.0036074567109685,0.0301739983808916,0,0,3.0042683863043145,16.898265416901452,CCL14;CCL23;CCL21;CRTAM;S1PR1;NEDD9;MSN;XCL1;GATA3;CX3CL1;CCL15
GO_Biological_Process_2023,Prostaglandin Metabolic Process (GO:0006693),9/30,0.0036493619762545,0.0304066530685613,0,0,3.510025639339952,19.70248619502177,CD74;HPGDS;EDN1;PTGIS;HPGD;PTGS2;PTGDS;PTGS1;CES1
GO_Biological_Process_2023,Regulation Of Macrophage Derived Foam Cell Differentiation (GO:0010743),9/30,0.0036493619762545,0.0304066530685613,0,0,3.510025639339952,19.70248619502177,MSR1;PRKCH;AGTR1;PPARG;PLA2G5;CD36;ALOX15B;ABCG1;PF4
GO_Biological_Process_2023,Regulation Of Interleukin-1 Beta Production (GO:0032651),18/84,0.0036921737581943,0.0307040885170847,0,0,2.237271046882877,12.532163036265104,CX3CR1;EGR1;F2R;NLRC4;LILRA2;CX3CL1;FOXP1;IL6;TYROBP;CASP1;SIRPA;TLR8;MNDA;CD36;CARD16;JAK2;TLR4;CD33
GO_Biological_Process_2023,Amine Transport (GO:0015837),4/7,0.0037670745431797,0.0307929805461431,0,0,10.906029996939088,60.871532691724695,SLC44A1;SLC44A2;AQP9;SLC18A2
GO_Biological_Process_2023,Cell Migration Involved In Heart Development (GO:0060973),4/7,0.0037670745431797,0.0307929805461431,0,0,10.906029996939088,60.871532691724695,PDGFRB;FLRT3;TBX5;FOLR1
GO_Biological_Process_2023,Mitral Valve Development (GO:0003174),4/7,0.0037670745431797,0.0307929805461431,0,0,10.906029996939088,60.871532691724695,BMPR2;GJA5;AXIN2;SMAD6
GO_Biological_Process_2023,Positive Regulation Of Extracellular Matrix Disassembly (GO:0090091),4/7,0.0037670745431797,0.0307929805461431,0,0,10.906029996939088,60.871532691724695,IL6;PDPN;CLASP2;DDR2
GO_Biological_Process_2023,Positive Regulation Of Fibroblast Migration (GO:0010763),4/7,0.0037670745431797,0.0307929805461431,0,0,10.906029996939088,60.871532691724695,DMTN;TGFB1;PRKCE;DDR2
GO_Biological_Process_2023,Positive Regulation Of Vascular Associated Smooth Muscle Cell Migration (GO:1904754),4/7,0.0037670745431797,0.0307929805461431,0,0,10.906029996939088,60.871532691724695,DOCK4;NR4A3;IGFBP5;PDGFB
GO_Biological_Process_2023,Regulation Of Epithelial To Mesenchymal Transition Involved In Endocardial Cushion Formation (GO:1905005),4/7,0.0037670745431797,0.0307929805461431,0,0,10.906029996939088,60.871532691724695,TGFB2;TGFB1;ENG;TGFBR2
GO_Biological_Process_2023,Regulation Of Mesenchymal Stem Cell Differentiation (GO:2000739),4/7,0.0037670745431797,0.0307929805461431,0,0,10.906029996939088,60.871532691724695,PDGFRA;LTBP2;SOX6;SOX5
GO_Biological_Process_2023,"Regulation Of Wound Healing, Spreading Of Epidermal Cells (GO:1903689)",4/7,0.0037670745431797,0.0307929805461431,0,0,10.906029996939088,60.871532691724695,PTEN;PHLDB2;FERMT2;CLASP2
GO_Biological_Process_2023,Cellular Response To Chemokine (GO:1990869),14/59,0.0037870410972384,0.0308976736780362,0,0,2.550451004510045,14.221749086672524,CCL14;CCL23;CCL21;DUSP1;PPBP;CXCL3;CXCL2;CX3CL1;CXCL12;LRCH1;XCL1;SH2B3;CCL15;PF4
GO_Biological_Process_2023,Positive Regulation Of DNA-binding Transcription Factor Activity (GO:0051091),41/246,0.0038564733515807,0.0314047905385329,0,0,1.6453059318075665,9.144613910697013,CX3CR1;CSF3;BEX1;TFRC;PLA2G1B;RTKN2;PTEN;NLRC4;CLU;AGER;CX3CL1;S100A12;CD36;PPARGC1A;WNT2;PPARGC1B;FZD1;EDN1;MYOCD;PRKCH;PRKCB;FZD4;ANXA3;CAV1;IRAK3;CFLAR;MID2;BMP2;FER;IL6;RGCC;SLCO3A1;PRKCQ;PPARG;ROR1;PRKD1;CARD16;TLR4;IL18R1;S100A8;DDR2
GO_Biological_Process_2023,Leukotriene Metabolic Process (GO:0006691),7/20,0.0039075066428467,0.0315820199822593,0,0,4.407957559681698,24.441489021759725,PLA2G1B;ALOX5;ALOX5AP;DPEP2;PLA2G5;LTC4S;GGT1
GO_Biological_Process_2023,Negative Regulation Of Cyclin-Dependent Protein Kinase Activity (GO:1904030),7/20,0.0039075066428467,0.0315820199822593,0,0,4.407957559681698,24.441489021759725,CDKN1C;CEBPA;MYOCD;HHEX;LATS2;PTEN;NR2F2
GO_Biological_Process_2023,Regulation Of Membrane Depolarization (GO:0003254),7/20,0.0039075066428467,0.0315820199822593,0,0,4.407957559681698,24.441489021759725,LRRK2;GJA5;FHL1;NEDD4L;GPD1L;TBX5;SMAD7
GO_Biological_Process_2023,Regulation Of Smooth Muscle Contraction (GO:0006940),7/20,0.0039075066428467,0.0315820199822593,0,0,4.407957559681698,24.441489021759725,CNN1;MYOCD;CAV1;DAPK3;F2R;PLCE1;PROK2
GO_Biological_Process_2023,Cellular Response To UV-B (GO:0071493),5/11,0.0040365658088574,0.0319666385890437,0,0,6.818251416322156,37.58466316700605,MFAP4;MME;HYAL1;HYAL2;CRIP1
GO_Biological_Process_2023,Cellular Response To Fluid Shear Stress (GO:0071498),5/11,0.0040365658088574,0.0319666385890437,0,0,6.818251416322156,37.58466316700605,MEF2C;KLF4;KLF2;MAP2K5;SREBF2
GO_Biological_Process_2023,Cellular Response To Growth Hormone Stimulus (GO:0071378),5/11,0.0040365658088574,0.0319666385890437,0,0,6.818251416322156,37.58466316700605,GHR;SOCS2;PXN;PIK3R1;JAK2
GO_Biological_Process_2023,Cellular Response To Thyroid Hormone Stimulus (GO:0097067),5/11,0.0040365658088574,0.0319666385890437,0,0,6.818251416322156,37.58466316700605,THRB;KLF9;LMO2;RDX;CTSH
GO_Biological_Process_2023,Negative Regulation Of Nitrogen Compound Metabolic Process (GO:0051172),5/11,0.0040365658088574,0.0319666385890437,0,0,6.818251416322156,37.58466316700605,EDN1;EDNRB;TGFB1;LILRB2;LDLR
GO_Biological_Process_2023,Negative Regulation Of Platelet-Derived Growth Factor Receptor Signaling Pathway (GO:0010642),5/11,0.0040365658088574,0.0319666385890437,0,0,6.818251416322156,37.58466316700605,NDRG4;PTGIR;LRP1;APOD;SNCA
GO_Biological_Process_2023,Neutrophil Activation Involved In Immune Response (GO:0002283),5/11,0.0040365658088574,0.0319666385890437,0,0,6.818251416322156,37.58466316700605,FCER1G;TYROBP;LILRA2;DNASE1L3;VAMP2
GO_Biological_Process_2023,Podocyte Differentiation (GO:0072112),5/11,0.0040365658088574,0.0319666385890437,0,0,6.818251416322156,37.58466316700605,JAG1;PODXL;MAGI2;PTPRO;KLF15
GO_Biological_Process_2023,Positive Regulation Of Vascular Permeability (GO:0043117),5/11,0.0040365658088574,0.0319666385890437,0,0,6.818251416322156,37.58466316700605,TJP1;TGFB1;PDE2A;BMP6;TJP2
GO_Biological_Process_2023,Regulation Of Muscle System Process (GO:0090257),5/11,0.0040365658088574,0.0319666385890437,0,0,6.818251416322156,37.58466316700605,TNNC1;ATP1A2;DMD;PPP1R12B;MYL9
GO_Biological_Process_2023,Regulation Of Phospholipase C Activity (GO:1900274),5/11,0.0040365658088574,0.0319666385890437,0,0,6.818251416322156,37.58466316700605,PDGFRB;PDGFRA;FLT1;FGF2;FGFR1
GO_Biological_Process_2023,Regulation Of Protein Binding (GO:0043393),23/118,0.0040624821078922,0.0321129538052431,0,0,1.9874162014577896,10.942636365383295,GSK3B;TCF7L2;CSF3;LRP1;CAV1;LRRK2;CTNNBIP1;PDGFB;ADD1;IFIT2;BMP4;PPP2CA;FKBP1A;CLDN5;TIAM1;BMP2;DAB2;SLPI;RAPGEF2;CARD16;EFHB;PRKACA;NES
GO_Biological_Process_2023,Blood Vessel Diameter Maintenance (GO:0097746),10/36,0.0041339785657017,0.0326183756664878,0,0,3.1505879019691174,17.29204896702126,EDNRA;EDN1;EDNRB;NPR1;GPER1;AGTR1;KCNMB4;NOS1;AGTR2;KLF2
GO_Biological_Process_2023,Determination Of Heart Left/Right Asymmetry (GO:0061371),11/42,0.0044143430692507,0.0345150447226198,0,0,2.9071930580526293,15.765406335981789,CCDC39;NDRG4;MEF2C;SOX17;SOX18;APLNR;DLL1;FOLR1;TBX2;TGFBR2;ENG
GO_Biological_Process_2023,Embryonic Heart Tube Morphogenesis (GO:0003143),11/42,0.0044143430692507,0.0345150447226198,0,0,2.9071930580526293,15.765406335981789,CCDC39;NDRG4;MEF2C;SOX17;SOX18;APLNR;DLL1;FOLR1;TBX2;TGFBR2;ENG
GO_Biological_Process_2023,Positive Regulation Of Calcium Ion Transmembrane Transport (GO:1904427),11/42,0.0044143430692507,0.0345150447226198,0,0,2.9071930580526293,15.765406335981789,RAMP3;PLA2G1B;GPER1;CAV1;TRPC1;F2R;APLNR;XCL1;ANK2;CX3CL1;SNCA
GO_Biological_Process_2023,Regulation Of Axonogenesis (GO:0050770),11/42,0.0044143430692507,0.0345150447226198,0,0,2.9071930580526293,15.765406335981789,ROBO2;GSK3B;NTRK2;TIAM1;RUFY3;CHN1;PTEN;PLXNA2;LRP4;MAP6;SLIT2
GO_Biological_Process_2023,Skeletal Muscle Tissue Development (GO:0007519),11/42,0.0044143430692507,0.0345150447226198,0,0,2.9071930580526293,15.765406335981789,SKI;EGR2;MEF2C;CAV2;CAV1;TCF21;DMD;CFLAR;MYOZ1;BVES;KLHL41
GO_Biological_Process_2023,Positive Regulation Of Cytoskeleton Organization (GO:0051495),17/79,0.0044935323878774,0.0350706795408302,0,0,2.2487670416449377,12.15484708400932,SEMA5A;CSF3;EDN1;GSN;CCL21;PRKCE;SYNPO2;LMOD1;SORBS3;CX3CL1;HCK;FER;CFL2;TEK;SYNPO;NES;NCK1
GO_Biological_Process_2023,Negative Regulation Of ERK1 And ERK2 Cascade (GO:0070373),12/48,0.0045354371206939,0.035333838651471,0,0,2.731490015360983,14.738666181518388,PTPN1;SEMA6A;GPER1;PTEN;DAB2IP;SIRPA;TIMP3;FBLN1;EMILIN1;SPRY1;SYNJ2BP;TLR4
GO_Biological_Process_2023,Positive Regulation Of Extrinsic Apoptotic Signaling Pathway (GO:2001238),9/31,0.0046524110998438,0.0359853159622333,0,0,3.350290758482199,17.992299900732274,SFRP1;GPER1;HYAL2;CAV1;TNFSF12;TNFSF10;G0S2;AGTR2;TLR4
GO_Biological_Process_2023,Regulation Of Cell Morphogenesis (GO:0022604),9/31,0.0046524110998438,0.0359853159622333,0,0,3.350290758482199,17.992299900732274,NTNG1;MACF1;SPARC;PDPN;MYO9A;CD44;FERMT2;MFSD2A;SH3D19
GO_Biological_Process_2023,Regulation Of Long-Term Synaptic Potentiation (GO:1900271),9/31,0.0046524110998438,0.0359853159622333,0,0,3.350290758482199,17.992299900732274,FXR1;GSK3B;TYROBP;FAM107A;PTN;LILRB2;AGER;ZDHHC2;SHANK3
GO_Biological_Process_2023,Regulation Of Response To Biotic Stimulus (GO:0002831),9/31,0.0046524110998438,0.0359853159622333,0,0,3.350290758482199,17.992299900732274,FGR;DAPK1;ERAP1;GATA6;CD36;SAMHD1;CX3CL1;N4BP1;FOXP1
GO_Biological_Process_2023,Regulation Of Rho Protein Signal Transduction (GO:0035023),16/73,0.0047600522931774,0.0367520316589512,0,0,2.30172846705869,12.30848520888876,KANK2;KANK1;STARD13;MYOC;HEG1;STARD8;ARHGEF28;CUL3;F2R;ARRB1;GPR4;RASIP1;AKAP13;ARHGDIA;ARHGEF3;SCAI
GO_Biological_Process_2023,Response To Calcium Ion (GO:0051592),21/106,0.004829961877002,0.037225206180609,0,0,2.027345727740425,10.811665896876468,MEF2A;MEF2C;CLIC4;DMTN;CAV1;TRPC1;ANXA11;SYT15;RASGRP2;CLU;ADD1;TTN;ITPKB;SYT11;KCNMB1;TNNT2;NEDD4;ALOX5AP;CASQ2;KCNMB4;CALM1
GO_Biological_Process_2023,Brain Development (GO:0007420),30/169,0.0049640375532616,0.0381903495184978,0,0,1.7730536760182931,9.406999835967316,ROBO2;CCL14;CX3CR1;NDRG4;RTN1;AMIGO1;PTEN;PCDH18;SLC6A4;APOD;SOX6;MFSD2A;ARNT2;EGR2;PTCH1;SHROOM2;EML1;MEIS2;PBX1;SHROOM4;TGFBR2;MEIS1;NFASC;NFIB;CNTN1;RAPGEF2;AGTR2;CNTN4;NES;SHANK3
GO_Biological_Process_2023,Negative Regulation Of Protein Polymerization (GO:0032272),8/26,0.0050909608203157,0.0386298344247611,0,0,3.638965552489012,19.21478868636429,KANK1;CDH5;MAP2;MYADM;SLIT2;KANK4;SNCA;KANK3
GO_Biological_Process_2023,Regulation Of Myeloid Cell Differentiation (GO:0045637),8/26,0.0050909608203157,0.0386298344247611,0,0,3.638965552489012,19.21478868636429,CSF3;MEF2C;MEIS1;SPI1;CDK6;ZBTB16;MEIS2;HOXA5
GO_Biological_Process_2023,Regulation Of Tumor Necrosis Factor Production (GO:0032680),24/127,0.0050925085488642,0.0386298344247611,0,0,1.9127743235826051,10.099419222648343,CX3CR1;IL33;IRAK3;HMGB1;LILRA2;CLU;AGER;CX3CL1;FOXP1;HLA-E;FXR1;ZFP36;IL6;FCGR3A;TYROBP;SYT11;SIRPA;CD47;JAK2;GAS6;TLR4;CD33;TLR3;PF4
GO_Biological_Process_2023,Negative Regulation Of Phosphatase Activity (GO:0010923),6/16,0.0050927654744414,0.0386298344247611,0,0,4.910294117647059,25.926030240317782,PPP1R15A;FKBP1A;GSK3B;TGFB2;CRY2;FKBP1B
GO_Biological_Process_2023,Pharyngeal System Development (GO:0060037),6/16,0.0050927654744414,0.0386298344247611,0,0,4.910294117647059,25.926030240317782,TGFB2;BMPR2;PTCH1;GATA3;FOLR1;BMP5
GO_Biological_Process_2023,Positive Regulation Of Collagen Metabolic Process (GO:0010714),6/16,0.0050927654744414,0.0386298344247611,0,0,4.910294117647059,25.926030240317782,BMP4;TGFB1;RGCC;F2R;VIM;LARP6
GO_Biological_Process_2023,Regulation Of Interleukin-1 Production (GO:0032652),6/16,0.0050927654744414,0.0386298344247611,0,0,4.910294117647059,25.926030240317782,F2R;SIRPA;HMGB1;GAS6;TLR4;FOXP1
GO_Biological_Process_2023,Regulation Of Osteoblast Proliferation (GO:0033688),6/16,0.0050927654744414,0.0386298344247611,0,0,4.910294117647059,25.926030240317782,MN1;BMP2;SFRP1;NPR3;TMEM119;FGFR2
GO_Biological_Process_2023,Positive Regulation Of Stress Fiber Assembly (GO:0051496),11/43,0.0053581817127427,0.0405717759161363,0,0,2.8161849378166743,14.72619881711906,ARHGEF10;SFRP1;RGCC;ARHGEF15;MYOC;LIMCH1;PXN;CD47;SORBS3;PPM1F;FERMT2
GO_Biological_Process_2023,Regulation Of Gene Expression (GO:0010468),150/1127,0.0053741191415575,0.0406211877670096,0,0,1.2724504146551794,6.650030221301432,ZNF331;PID1;SPI1;TFRC;WWC1;JADE1;ZBTB20;RORA;PRDM2;ETS1;CLU;FGF2;ACTG2;SLC8A1;CDH5;GJA1;FGF7;EFEMP1;SOX17;LAMP3;KDR;WWC3;SIRPA;SLC39A8;SOX6;SOX7;SH3GL2;HOXA5;MEF2C;MBNL2;SLC11A1;DAPK3;SOX13;RFX3;ANK2;MITF;ANK3;HIC1;FOXP1;CLDN5;OLFM1;SFRP1;TYROBP;APLNR;MYADM;PRKCQ;PGR;ADTRP;ENY2;PDGFB;PIK3R3;GATA3;FOXO4;GATA2;ZBTB4;HNRNPDL;ZNF423;PPARGC1A;PPARGC1B;BTNL9;EGR1;MSR1;WWTR1;NDFIP2;TGFB2;NDFIP1;TGFB1;FZD7;EPHX2;RDX;PDE2A;IGF2;MSN;FOXN3;SMARCA2;BMP6;BMP4;BMP2;IL6;RGCC;CDK6;ID2;CNTN1;TMEM119;FGFR4;TRIM71;ACVRL1;GSK3B;CALCOCO1;BMPR2;BNC2;CITED2;AFF3;LIMD1;MECP2;GPER1;HEY2;CTSH;EMILIN1;CD36;CD34;PEG3;SFTPD;BTN3A3;UPK3B;ACTA2;KAT2B;NR5A2;SETBP1;PPARG;GAS6;TLR4;TLR3;ENG;RBMS3;CEBPA;RAMP2;RAMP3;SLC24A3;LRP1;AHNAK;CRIP1;DLL1;PPM1F;TTN;PPP2CA;SAP30L;ATOH8;APBB2;ZNF462;NTRK2;CD74;IL33;ARNT2;TCF7L1;GSN;ANGPT1;ODAM;SORT1;NFYB;CNBP;HOXB-AS3;WWP2;KLF4;APLN;NFIA;BCL6B;CCDC3;SSBP2;PF4
GO_Biological_Process_2023,Regulation Of Interleukin-6 Production (GO:0032675),22/114,0.0055179902755638,0.0416357448065268,0,0,1.9624194847020933,10.204074163553232,CD74;IL33;TSLP;F2R;ARRB1;IRAK3;HMGB1;LILRB2;LILRA2;AGER;CX3CL1;IL6;TYROBP;SYT11;HYAL2;SIRPA;TLR8;CD47;GAS6;IL17D;TLR4;TLR3
GO_Biological_Process_2023,Regulation Of Calcium Ion Transmembrane Transporter Activity (GO:1901019),9/32,0.0058572322517522,0.0440414884992384,0,0,3.204445867264251,16.471102021612865,FKBP1A;PLN;AHNAK;FKBP1B;DMD;ANK2;NOS1;PRKACA;CALM1
GO_Biological_Process_2023,Respiratory System Development (GO:0060541),9/32,0.0058572322517522,0.0440414884992384,0,0,3.204445867264251,16.471102021612865,BMP4;CEBPA;CCDC39;FGF7;FOXF1;PDPN;TCF21;FGFR2;DISP1
GO_Biological_Process_2023,Response To Tumor Necrosis Factor (GO:0034612),21/108,0.0060381187499505,0.045322644390933,0,0,1.980516682889467,10.119772381295494,CCL14;CCL23;PID1;CCL21;LRRK2;DAB2IP;GATA3;NPNT;AFF3;SELE;ZFP36L2;CX3CL1;ZFP36;SFRP1;HYAL1;GPER1;HYAL2;INPP5K;XCL1;JAK2;CCL15
GO_Biological_Process_2023,Cellular Component Assembly (GO:0022607),42/260,0.0061083457797801,0.0457701742804356,0,0,1.5844979850810257,8.077928040487363,RTN1;ELN;FAM107A;NEDD9;LIN7A;RSPH9;ADD1;THSD4;SLC9A3R2;CALD1;TSPAN4;HAS3;REPS2;DMD;PPARGC1A;GPM6B;SPTBN1;WASF3;FZD1;MAGI1;CD74;RSPH4A;DMTN;GSN;TGFB1;NLGN4X;SHROOM2;PDE4DIP;MITF;ANK3;PARVB;MYO9A;AIF1L;PTPRD;TIAM1;MYO1B;RSPH1;APC;FAS;TLCD2;GAS6;VAMP2
GO_Biological_Process_2023,Regulation Of BMP Signaling Pathway (GO:0030510),16/75,0.0062676010541871,0.0462657329687895,0,0,2.223453370267775,11.27815950482628,BMPR2;FST;CRIM1;SMAD6;CHRDL1;FSTL1;FSTL3;SMAD7;BMP4;SKI;CDH5;SOSTDC1;PPARG;ZNF423;NBL1;ENG
GO_Biological_Process_2023,Cardiac Right Ventricle Morphogenesis (GO:0003215),5/12,0.0063031165397702,0.0462657329687895,0,0,5.843887394185971,29.609289004845188,TGFB2;JAG1;HEY2;GATA3;ZFPM2
GO_Biological_Process_2023,Defense Response To Tumor Cell (GO:0002357),5/12,0.0063031165397702,0.0462657329687895,0,0,5.843887394185971,29.609289004845188,SPI1;DAPK1;PRF1;KLF4;RBMS3
GO_Biological_Process_2023,Dendrite Self-Avoidance (GO:0070593),5/12,0.0063031165397702,0.0462657329687895,0,0,5.843887394185971,29.609289004845188,ROBO4;CNTN6;PALLD;NEXN;CNTN4
GO_Biological_Process_2023,Endothelium Development (GO:0003158),5/12,0.0063031165397702,0.0462657329687895,0,0,5.843887394185971,29.609289004845188,JAG1;KDR;PECAM1;CD34;FSTL1
GO_Biological_Process_2023,Lipoprotein Localization (GO:0044872),5/12,0.0063031165397702,0.0462657329687895,0,0,5.843887394185971,29.609289004845188,LRP1;PRKCB;PPARG;CD36;ZDHHC3
GO_Biological_Process_2023,Negative Regulation Of Complement Activation (GO:0045916),5/12,0.0063031165397702,0.0462657329687895,0,0,5.843887394185971,29.609289004845188,SERPING1;C4BPA;CD59;SVEP1;VSIG4
GO_Biological_Process_2023,Negative Regulation Of Substrate Adhesion-Dependent Cell Spreading (GO:1900025),5/12,0.0063031165397702,0.0462657329687895,0,0,5.843887394185971,29.609289004845188,KANK1;DMTN;SPRY4;FBLN1;CORO1C
GO_Biological_Process_2023,Regulation Of Chemokine (C-X-C Motif) Ligand 2 Production (GO:2000341),5/12,0.0063031165397702,0.0462657329687895,0,0,5.843887394185971,29.609289004845188,HMGB1;KLF4;TLR4;MAP2K5;FOXP1
GO_Biological_Process_2023,Regulation Of Platelet-Derived Growth Factor Receptor Signaling Pathway (GO:0010640),5/12,0.0063031165397702,0.0462657329687895,0,0,5.843887394185971,29.609289004845188,NDRG4;PTGIR;CNTN1;APOD;SNCA
GO_Biological_Process_2023,Response To Interleukin-6 (GO:0070741),5/12,0.0063031165397702,0.0462657329687895,0,0,5.843887394185971,29.609289004845188,PID1;PTGIS;SELPLG;ST3GAL6;FOXA2
GO_Biological_Process_2023,Response To Thyroid Hormone (GO:0097066),5/12,0.0063031165397702,0.0462657329687895,0,0,5.843887394185971,29.609289004845188,THRB;KLF9;LMO2;RDX;CTSH
GO_Biological_Process_2023,Blood Circulation (GO:0008015),12/50,0.0064409588670403,0.0471345544622054,0,0,2.5874363327674024,13.053817750269545,ACVRL1;SGCD;CYB5R3;PLN;CXCL12;NPR1;ELN;COL4A3;AGTR1;OLR1;SERPING1;SGCG
GO_Biological_Process_2023,Embryonic Organ Morphogenesis (GO:0048562),11/44,0.0064542450619007,0.0471345544622054,0,0,2.730692461231383,13.770929092301635,MFAP5;PDGFRA;EFEMP1;SOX17;FOXF1;ID2;HOXA3;TCF21;FGFR2;HOXA4;FBN1
GO_Biological_Process_2023,Positive Regulation Of Leukocyte Cell-Cell Adhesion (GO:1903039),11/44,0.0064542450619007,0.0471345544622054,0,0,2.730692461231383,13.770929092301635,NFAT5;IL6;NR4A3;SIRPA;PRKCQ;CD47;HLA-DOA;ETS1;SIRPB1;CD44;HLA-DPA1
GO_Biological_Process_2023,Negative Regulation Of Cellular Response To Insulin Stimulus (GO:1900077),8/27,0.0065541937555658,0.04770303583309,0,0,3.447247373262964,17.331553829096585,KANK1;PTPN1;PID1;PRKCB;APLP2;INPP5K;PRKCQ;NCK1
GO_Biological_Process_2023,Positive Regulation Of Immune System Process (GO:0002684),8/27,0.0065541937555658,0.04770303583309,0,0,3.447247373262964,17.331553829096585,TGFB2;C6;C7;RSAD2;PLA2G1B;LILRB2;C8B;CFP
GO_Biological_Process_2023,Cellular Response To Organic Substance (GO:0071310),17/82,0.0066572035615443,0.0483618187199302,0,0,2.144615384615385,10.748931909161753,ROBO2;NFAT5;CSF3;EDN1;RAMP2;PID1;RAMP3;TGFB1;IGFBP5;MME;SLC1A1;GHR;SOCS2;CLEC3B;CASP1;INPP5K;SLIT2
GO_Biological_Process_2023,Regulation Of Monoatomic Ion Transmembrane Transporter Activity (GO:0032412),15/69,0.0066671181970246,0.0483618187199302,0,0,2.2770855765779623,11.409491136911807,MEF2C;TRPC6;DAPK1;FHL1;NEDD4L;ANK2;CACNA1D;WWP2;FXYD3;NEDD4;FXYD1;FXYD6;GPD1L;UTRN;SCN4B
GO_Biological_Process_2023,Positive Regulation Of Cysteine-Type Endopeptidase Activity Involved In Apoptotic Process (GO:0043280),21/109,0.0067292999849494,0.0487309710319492,0,0,1.9579003828194017,9.79201616138657,HIP1;GSN;DAPK1;F2R;HMGB1;NLRC4;UACA;PPM1F;FAM162A;GPER1;COL4A3;TNFSF10;CNTN1;CASP1;FAS;PPARG;IFT57;JAK2;SOX7;S100A8;SNCA
GO_Biological_Process_2023,Schwann Cell Development (GO:0014044),4/8,0.0068855719705224,0.048798240763177,0,0,8.179063360881543,40.71805258069139,SKI;ARHGEF10;MYOC;LGI4
GO_Biological_Process_2023,T Cell Mediated Cytotoxicity (GO:0001913),4/8,0.0068855719705224,0.048798240763177,0,0,8.179063360881543,40.71805258069139,CRTAM;PRF1;CTSH;EMP2
GO_Biological_Process_2023,Collagen-Activated Signaling Pathway (GO:0038065),4/8,0.0068855719705224,0.048798240763177,0,0,8.179063360881543,40.71805258069139,UBASH3B;COL4A6;JAK2;DDR2
GO_Biological_Process_2023,Cyclooxygenase Pathway (GO:0019371),4/8,0.0068855719705224,0.048798240763177,0,0,8.179063360881543,40.71805258069139,PTGIS;PTGDS;PTGS2;PTGS1
GO_Biological_Process_2023,Embryonic Digestive Tract Morphogenesis (GO:0048557),4/8,0.0068855719705224,0.048798240763177,0,0,8.179063360881543,40.71805258069139,PDGFRA;FOXF1;ID2;TCF21
GO_Biological_Process_2023,Hyaluronan Catabolic Process (GO:0030214),4/8,0.0068855719705224,0.048798240763177,0,0,8.179063360881543,40.71805258069139,TGFB1;HYAL1;HYAL2;FGF2
GO_Biological_Process_2023,Negative Regulation Of Transporter Activity (GO:0032410),4/8,0.0068855719705224,0.048798240763177,0,0,8.179063360881543,40.71805258069139,NDFIP2;NDFIP1;WWP2;SNCA
GO_Biological_Process_2023,Peripheral Nervous System Axon Ensheathment (GO:0032292),4/8,0.0068855719705224,0.048798240763177,0,0,8.179063360881543,40.71805258069139,SKI;ARHGEF10;MYOC;LGI4
GO_Biological_Process_2023,Presynaptic Membrane Assembly (GO:0097105),4/8,0.0068855719705224,0.048798240763177,0,0,8.179063360881543,40.71805258069139,PTPRD;NLGN4X;PTEN;LRP4
GO_Biological_Process_2023,Regulation Of DNA-templated Transcription Initiation (GO:2000142),4/8,0.0068855719705224,0.048798240763177,0,0,8.179063360881543,40.71805258069139,JUN;THRA;MITF;PPM1D
GO_Biological_Process_2023,Regulation Of Urine Volume (GO:0035809),4/8,0.0068855719705224,0.048798240763177,0,0,8.179063360881543,40.71805258069139,NPR1;HYAL2;NPR3;INPP5K
GO_Biological_Process_2023,Type B Pancreatic Cell Differentiation (GO:0003309),4/8,0.0068855719705224,0.048798240763177,0,0,8.179063360881543,40.71805258069139,CDK6;DLL1;BMP6;BMP5
GO_Biological_Process_2023,Unsaturated Fatty Acid Biosynthetic Process (GO:0006636),4/8,0.0068855719705224,0.048798240763177,0,0,8.179063360881543,40.71805258069139,FADS3;SCD;SCD5;ALOX15B
GO_Biological_Process_2023,Negative Regulation Of Axonogenesis (GO:0050771),7/22,0.0070744013922889,0.0497218692939323,0,0,3.819800766283525,18.912874290552093,DCC;MAP2;RUFY3;PTEN;SEMA3G;LRP4;ULK2
GO_Biological_Process_2023,Negative Regulation Of Myeloid Cell Differentiation (GO:0045638),7/22,0.0070744013922889,0.0497218692939323,0,0,3.819800766283525,18.912874290552093,MEIS1;ZFP36;CDK6;ZBTB16;MEIS2;HOXA5;PF4
GO_Biological_Process_2023,Positive Regulation Of Cholesterol Efflux (GO:0010875),7/22,0.0070744013922889,0.0497218692939323,0,0,3.819800766283525,18.912874290552093,LRP1;ABCA3;CAV1;PTCH1;PPARG;ABCA8;CES1
GO_Biological_Process_2023,Positive Regulation Of Receptor Internalization (GO:0002092),7/22,0.0070744013922889,0.0497218692939323,0,0,3.819800766283525,18.912874290552093,CCL14;ANGPT1;MAGI2;PCSK9;ARRB1;SELE;APLN
GO_Biological_Process_2023,Growth Hormone Receptor Signaling Pathway (GO:0060396),6/17,0.0071532537208844,0.0497218692939323,0,0,4.46365307486631,22.051285177756046,GHR;SOCS2;PTPN1;PXN;PIK3R1;JAK2
GO_Biological_Process_2023,Hippo Signaling (GO:0035329),6/17,0.0071532537208844,0.0497218692939323,0,0,4.46365307486631,22.051285177756046,WWTR1;LATS2;AMOTL2;DCHS1;AMOTL1;FAT4
GO_Biological_Process_2023,Negative Regulation Of Rho Protein Signal Transduction (GO:0035024),6/17,0.0071532537208844,0.0497218692939323,0,0,4.46365307486631,22.051285177756046,KANK1;MYOC;CUL3;HEG1;RASIP1;SCAI
GO_Biological_Process_2023,Negative Regulation Of Calcium Ion Transport (GO:0051926),6/17,0.0071532537208844,0.0497218692939323,0,0,4.46365307486631,22.051285177756046,PLN;INPP5K;ATP1A2;LILRB2;NOS1;CD33
GO_Biological_Process_2023,Prostaglandin Biosynthetic Process (GO:0001516),6/17,0.0071532537208844,0.0497218692939323,0,0,4.46365307486631,22.051285177756046,CD74;EDN1;PTGIS;PTGS2;PTGDS;PTGS1
GO_Biological_Process_2023,Regulation Of Receptor Recycling (GO:0001919),6/17,0.0071532537208844,0.0497218692939323,0,0,4.46365307486631,22.051285177756046,RAMP3;PCSK9;BVES;LDLR;OPTN;SNCA
GO_Biological_Process_2023,Regulation Of Receptor Signaling Pathway Via STAT (GO:1904892),6/17,0.0071532537208844,0.0497218692939323,0,0,4.46365307486631,22.051285177756046,IL6;TGFB1;TSLP;PPARG;IL7R;JAK2
GO_Biological_Process_2023,Regulation Of Ras Protein Signal Transduction (GO:0046578),16/76,0.0071541429174077,0.0497218692939323,0,0,2.18627269929209,10.800326314967323,KANK2;KANK1;STARD13;TGFB2;STARD8;ARHGEF28;RASGRF1;RDX;SPRY4;DAB2IP;DENND3;SYDE1;ARHGDIA;PLCE1;SPRY1;FBP1
GO_Biological_Process_2023,Epithelial Tube Morphogenesis (GO:0060562),9/33,0.0072888436436542,0.0505766063762247,0,0,3.070754716981132,15.112444101161808,ACVRL1;BMP4;MEF2C;SOX17;PODXL;GATA3;SLIT2;RASIP1;RHOB
GO_Biological_Process_2023,Inorganic Cation Import Across Plasma Membrane (GO:0098659),20/103,0.0073700158009826,0.0510577659663583,0,0,1.9766392117963063,9.705961551685224,KCNJ5;SLC12A4;KCNJ8;CACNA2D1;TRPV2;KCNJ15;KCNJ16;CACNA1D;ABCC9;ATP1A2;CACNA1C;CLU;SLC8A1;SCNN1G;SCNN1B;SLC9A9;SCN7A;SLC39A8;KCNJ2;SCN1A
GO_Biological_Process_2023,Positive Regulation Of Protein Kinase Activity (GO:0045860),26/145,0.0074428711031312,0.0514798584633247,0,0,1.7936031555479337,8.789549759209736,CAB39L;LRRK2;PDGFB;NEDD9;ADRB2;CLU;PPP2CA;RASSF2;RAP1A;SNCA;EGR1;PRNP;PTPN1;TGFB2;ACE;CCL21;SLC11A1;DAB2IP;EMP2;AXIN2;TGFBR2;CD4;RAPGEF2;CALM1;GAS6;DDR2
GO_Biological_Process_2023,External Encapsulating Structure Organization (GO:0045229),21/110,0.0074838373563267,0.0516803872478497,0,0,1.9357923142115852,9.47572196746293,ECM2;COL13A1;COL14A1;NDNF;NPNT;THSD4;ADAMTS15;ADAMTS5;COL4A2;ADAMTS1;ADAMTSL4;SPOCK2;COL4A3;MMP28;COL4A6;COL4A5;MMP19;SLC39A8;ADAMTS8;RECK;MATN3
GO_Biological_Process_2023,Phospholipase C-activating G Protein-Coupled Receptor Signaling Pathway (GO:0007200),17/83,0.0075418562001625,0.0518322473883781,0,0,2.1120022394849185,10.32196097678806,CX3CR1;P2RY12;F2R;C5AR1;FPR1;GPR4;PTH1R;FPR2;ANO1;GNA11;GNAQ;CXCR2;P2RY1;AGTR1;PLCE1;CMKLR1;TGM2
GO_Biological_Process_2023,Positive Regulation Of Proteasomal Ubiquitin-Dependent Protein Catabolic Process (GO:0032436),17/83,0.0075418562001625,0.0518322473883781,0,0,2.1120022394849185,10.32196097678806,GSK3B;CEBPA;LRRK2;RNF180;CAV1;AXIN2;PRICKLE1;CLU;CBFA2T3;PIAS1;NKD2;SMAD7;SH3RF3;RNF144B;DAB2;TRIB1;TRIB2
GO_Biological_Process_2023,Positive Regulation Of Ubiquitin-Dependent Protein Catabolic Process (GO:2000060),17/83,0.0075418562001625,0.0518322473883781,0,0,2.1120022394849185,10.32196097678806,GSK3B;CEBPA;LRRK2;RNF180;PTEN;AXIN2;PRICKLE1;CLU;CBFA2T3;PIAS1;NKD2;SMAD7;SH3RF3;RNF144B;DAB2;TRIB1;TRIB2
GO_Biological_Process_2023,Positive Regulation Of Protein Localization To Plasma Membrane (GO:1903078),12/51,0.0076051688215191,0.0521842744573556,0,0,2.5209500177242115,12.299531497277258,PRKCH;RAMP3;LRP1;STAC;GPER1;PRKCE;PIK3R1;SORBS1;ZDHHC2;EPHA3;SPTBN1;NKD2
GO_Biological_Process_2023,Digestive Tract Development (GO:0048565),10/39,0.0076409839501145,0.0523468043312609,0,0,2.824188734362101,13.765742333436853,CCDC39;TGFB2;PKDCC;EDNRB;FOXF1;RARRES2;GATA6;COBL;PCSK5;FGFR2
GO_Biological_Process_2023,Regulation Of Immune Response (GO:0050776),16/77,0.0081386090155361,0.0555922090617053,0,0,2.1503110667090506,10.345438976032536,TGFB2;RSAD2;PLA2G1B;APLP2;SPNS2;ERAP1;C8B;CFP;SAMHD1;FGR;FKBP1A;FCGR3A;FCGR3B;C6;C7;N4BP1
GO_Biological_Process_2023,Neuron Projection Morphogenesis (GO:0048812),26/146,0.008140471762511,0.0555922090617053,0,0,1.778555967841682,8.556467612697618,GPM6A;NRN1;SDC2;LRRK2;PTEN;LRP4;FLRT3;MAP2;EPB41L3;SLITRK6;MAP6;MEF2A;NTNG1;BDNF;DCC;SPAG6;APLP2;DAB2IP;DCDC2;ANK3;TNIK;CNTN4;NBL1;SHANK3;FGFR2;GAS7
GO_Biological_Process_2023,Apoptotic Cell Clearance (GO:0043277),8/28,0.0083145475424898,0.0563353017164621,0,0,3.2747010119595217,15.68499452991893,FCN1;FCN3;ANXA1;TYROBP;LRP1;HMGB1;GAS6;TGM2
GO_Biological_Process_2023,Negative Regulation Of Cytoskeleton Organization (GO:0051494),8/28,0.0083145475424898,0.0563353017164621,0,0,3.2747010119595217,15.68499452991893,IQCJ-SCHIP1;KANK1;PLEKHH2;MYADM;SLIT2;SHANK3;KANK4;KANK3
GO_Biological_Process_2023,Regulation Of Protein Targeting To Membrane (GO:0090313),8/28,0.0083145475424898,0.0563353017164621,0,0,3.2747010119595217,15.68499452991893,PRNP;KCNE1;DMTN;MYO1C;INPP5K;FYN;ANK3;SLC51B
GO_Biological_Process_2023,Regulation Of Sodium Ion Transmembrane Transport (GO:1902305),8/28,0.0083145475424898,0.0563353017164621,0,0,3.2747010119595217,15.68499452991893,FXYD3;FXYD1;NEDD4L;FXYD6;NOS1;GPD1L;UTRN;SCN4B
GO_Biological_Process_2023,Vascular Endothelial Growth Factor Receptor Signaling Pathway (GO:0048010),8/28,0.0083145475424898,0.0563353017164621,0,0,3.2747010119595217,15.68499452991893,FLT1;FLT4;KDR;DAB2IP;VEGFC;CLEC14A;FYN;PRKD1
GO_Biological_Process_2023,Eye Development (GO:0001654),13/58,0.0085657981583561,0.057856001332496,0,0,2.36718405819374,11.267743951797147,TGFB2;SHROOM2;CACNA1C;CHRDL1;MEIS2;PBX1;SKI;RS1;MEIS1;EFEMP1;CPAMD8;FREM2;FBN1
GO_Biological_Process_2023,Glycosaminoglycan Biosynthetic Process (GO:0006024),13/58,0.0085657981583561,0.057856001332496,0,0,2.36718405819374,11.267743951797147,CSGALNACT1;CHST9;GALNT5;CHST7;ANGPT1;EXT1;HYAL1;DSEL;UST;HAS3;B3GNT2;ST3GAL6;ST3GAL1
GO_Biological_Process_2023,Protein Phosphorylation (GO:0006468),72/500,0.0085873197482937,0.0579107375525562,0,0,1.386455242060504,6.596017295579055,ACVRL1;GSK3B;BMPR2;FLT1;GMFG;FLT4;LRRK2;EFEMP1;AKT3;KDR;PDK4;RIOK2;CTSG;PRKACA;JAK2;ROS1;PRKG1;PDGFRB;PDGFRA;PRKCH;DAPK1;PRKCB;DAPK2;PRKCE;DAPK3;IRAK3;TGFBR2;FGR;TGFBR3;HCK;LATS2;PEAK1;ULK2;PRKCQ;PIK3C3;PRKD1;ERG;TNIK;SIK2;GAS6;TRIB1;TRIB2;TLR4;EPHA3;TLR3;CDKL1;DDR2;PXK;PKDCC;PDGFB;GRK5;ERBB4;MKNK2;FYN;NTRK2;MAP3K3;TGFB2;TGFB1;DMPK;DAB2IP;SMAD7;BMP4;SNRK;BMP2;FER;CDK6;ABI2;TEK;FGFR4;CDK14;FGFR2;FGFR1
GO_Biological_Process_2023,Epithelium Development (GO:0060429),27/154,0.0087437078329666,0.0588733900266523,0,0,1.7452801578456985,8.271617329919042,TRIM71;KANK2;NDRG4;TAGLN;GATA6;TCF21;DLL1;DMBT1;SOX17;SOX18;KDR;JAK2;WNT2;CD34;MFSD2A;TGFB1;KRT4;PTCH1;TBX5;TBX2;BMP2;BDH2;ALDH1A2;PPARG;VCL;FGFR2;CES1
GO_Biological_Process_2023,Rho Protein Signal Transduction (GO:0007266),12/52,0.0089280717539111,0.0599277724570459,0,0,2.45778801843318,11.59720754128054,ARHGDIA;RHOJ;PDPN;AGTR1;ARHGEF3;CDH13;ARHGAP29;ARHGAP5;ARHGAP6;CTNNAL1;RHOB;RHOBTB2
GO_Biological_Process_2023,Icosanoid Metabolic Process (GO:0006690),12/52,0.0089280717539111,0.0599277724570459,0,0,2.45778801843318,11.59720754128054,PTGIS;HPGD;ALOX5;PLA2G4C;CASP1;DPEP2;ABHD6;NLRC4;GGT1;LTC4S;ALOX15B;MGLL
GO_Biological_Process_2023,Cellular Response To Hydrogen Peroxide (GO:0070301),9/34,0.0089729139134194,0.0600420100004933,0,0,2.947758858720663,13.894393453941955,EDN1;IL6;ANXA1;CAT;SIRPA;FYN;CLU;AQP1;RHOB
GO_Biological_Process_2023,Embryonic Limb Morphogenesis (GO:0030326),9/34,0.0089729139134194,0.0600420100004933,0,0,2.947758858720663,13.894393453941955,SKI;CYP26B1;TGFB2;PTCH1;CACNA1C;TBX5;TBX4;TBX3;TBX2
GO_Biological_Process_2023,Cellular Response To Organonitrogen Compound (GO:0071417),20/105,0.0091325858758619,0.0608084097468513,0,0,1.92991239048811,9.062687938240632,P2RY12;EGR1;GABRB2;MEF2C;KCNE1;DMTN;IGFBP5;AQP9;PDE2A;CLU;AQP1;SFRP1;RAP1A;P2RY1;INPP5K;RAPGEF2;SLIT2;FOLR1;LAMTOR3;CFTR
GO_Biological_Process_2023,Cardiac Conduction (GO:0061337),11/46,0.0091668506911712,0.0608084097468513,0,0,2.5743633611897083,12.07932861892295,MEF2A;KCNJ5;KCNE1;CACNA2D1;CAV1;CACNA1D;KCNA5;ANK2;CACNA1C;SCN4B;KCNJ2
GO_Biological_Process_2023,Response To Hydrogen Peroxide (GO:0042542),11/46,0.0091668506911712,0.0608084097468513,0,0,2.5743633611897083,12.07932861892295,EDN1;IL6;ANXA1;CAT;HBB;SIRPA;FYN;HBA1;CLU;AQP1;RHOB
GO_Biological_Process_2023,Regulation Of Cytosolic Calcium Ion Concentration (GO:0051480),10/40,0.0092136773399586,0.0608084097468513,0,0,2.7298956414978512,12.79520167688256,PLN;TRPC6;CAV2;TMEM178A;GPER1;CAV1;TRPC1;FKBP1B;TMEM64;PRKACA
GO_Biological_Process_2023,Regulation Of Microtubule Cytoskeleton Organization (GO:0070507),10/40,0.0092136773399586,0.0608084097468513,0,0,2.7298956414978512,12.79520167688256,GSK3B;FAM107A;MAP6;TPPP;MPDZ;MAPRE2;PHLDB2;BICD2;EPHA3;CLASP2
GO_Biological_Process_2023,Regulation Of Protein Kinase Activity (GO:0045859),22/119,0.0092139230874776,0.0608084097468513,0,0,1.8607388316151203,8.721356514343148,WWTR1;CCL21;LRRK2;C5AR1;AXIN2;PPM1F;TTN;FGR;CD4;RASSF2;RAP1A;UBASH3B;CAMK2N1;GNAQ;PLCE1;INPP5K;RAPGEF2;TRIB1;GAS6;TRIB2;DDR2;SNCA
GO_Biological_Process_2023,Negative Regulation Of Actin Filament Polymerization (GO:0030837),7/23,0.0092283383651963,0.0608084097468513,0,0,3.580862068965517,16.778044257847675,KANK1;GSN;TMSB15A;MYADM;SLIT2;KANK4;KANK3
GO_Biological_Process_2023,Positive Regulation Of Epithelial Cell Apoptotic Process (GO:1904037),7/23,0.0092283383651963,0.0608084097468513,0,0,3.580862068965517,16.778044257847675,IL6;GSN;RGCC;PLA2G1B;GPER1;ECSCR;ANO6
GO_Biological_Process_2023,Positive Regulation Of Neuron Apoptotic Process (GO:0043525),7/23,0.0092283383651963,0.0608084097468513,0,0,3.580862068965517,16.778044257847675,BACE1;PRNP;TGFB2;TYROBP;PCSK9;NUPR1;FOXO3
GO_Biological_Process_2023,Regulation Of Cell Junction Assembly (GO:1901888),7/23,0.0092283383651963,0.0608084097468513,0,0,3.580862068965517,16.778044257847675,TJP1;MEF2C;PRKCH;MYO1C;RAP1A;RAPGEF2;PRKACA
GO_Biological_Process_2023,Branching Involved In Blood Vessel Morphogenesis (GO:0001569),5/13,0.009332654126282,0.0610299018318683,0,0,5.113114377583831,23.89990243838715,NOTCH4;KDR;SEMA3E;TGFBR2;ENG
GO_Biological_Process_2023,Interleukin-6-Mediated Signaling Pathway (GO:0070102),5/13,0.009332654126282,0.0610299018318683,0,0,5.113114377583831,23.89990243838715,FER;IL6;SPI1;IL6ST;JAK2
GO_Biological_Process_2023,Membrane Depolarization During Action Potential (GO:0086010),5/13,0.009332654126282,0.0610299018318683,0,0,5.113114377583831,23.89990243838715,CACNA1D;CACNA1C;SCN4B;SLC8A1;KCNJ2
GO_Biological_Process_2023,Negative Regulation Of Fibroblast Growth Factor Receptor Signaling Pathway (GO:0040037),5/13,0.009332654126282,0.0610299018318683,0,0,5.113114377583831,23.89990243838715,SPRY4;SPRY1;GATA3;SHISA2;FGF2
GO_Biological_Process_2023,Regulation Of Nitric-Oxide Synthase Biosynthetic Process (GO:0051769),5/13,0.009332654126282,0.0610299018318683,0,0,5.113114377583831,23.89990243838715,IL33;EDN1;KDR;JAK2;TLR4
GO_Biological_Process_2023,Response To Interleukin-1 (GO:0070555),17/85,0.0095940945277588,0.0626446474762588,0,0,2.0496535796766744,9.523935743179544,CCL14;CCL23;ANXA1;PTGIS;CCL21;DAB2IP;IRAK3;SELE;CX3CL1;SFRP1;HYAL1;HYAL2;SIRPA;XCL1;CD47;CCL15;SNCA
GO_Biological_Process_2023,Endothelial Cell Proliferation (GO:0001935),6/18,0.0097544217867936,0.0631185673640202,0,0,4.091452205882353,18.943565196412468,SEMA5A;BMP4;BMPR2;PROK2;TEK;CD34
GO_Biological_Process_2023,Icosanoid Biosynthetic Process (GO:0046456),6/18,0.0097544217867936,0.0631185673640202,0,0,4.091452205882353,18.943565196412468,PLA2G1B;ALOX5AP;CASP1;NLRC4;PLA2G5;LTC4S
GO_Biological_Process_2023,Positive Regulation Of Focal Adhesion Assembly (GO:0051894),6/18,0.0097544217867936,0.0631185673640202,0,0,4.091452205882353,18.943565196412468,SFRP1;MYOC;KDR;TEK;PPM1F;FERMT2
GO_Biological_Process_2023,Positive Regulation Of Phosphoprotein Phosphatase Activity (GO:0032516),6/18,0.0097544217867936,0.0631185673640202,0,0,4.091452205882353,18.943565196412468,PDGFRB;PPP1R15A;ITGA1;MAGI2;CALM1;CD33
GO_Biological_Process_2023,Regulation Of Cell-Cell Adhesion Mediated By Cadherin (GO:2000047),6/18,0.0097544217867936,0.0631185673640202,0,0,4.091452205882353,18.943565196412468,TJP1;RGCC;NOTCH4;BMP6;PPM1F;FOXA2
GO_Biological_Process_2023,Regulation Of Epithelial Cell Differentiation (GO:0030856),6/18,0.0097544217867936,0.0631185673640202,0,0,4.091452205882353,18.943565196412468,CAV1;MAFF;GATA3;ALOX15B;DLL1;APOLD1
GO_Biological_Process_2023,Anterior/Posterior Pattern Specification (GO:0009952),13/59,0.0099163185854905,0.0639743363452573,0,0,2.3155932407240365,10.683159697623028,BMPR2;PCSK5;SKI;HEYL;HHEX;BMP2;HEY1;HEY2;HOXA3;HOXA5;HOXA4;WLS;HOXB5
GO_Biological_Process_2023,Chordate Embryonic Development (GO:0043009),13/59,0.0099163185854905,0.0639743363452573,0,0,2.3155932407240365,10.683159697623028,TRIM71;ARNT2;TGFB1;FOXF1;PTCH1;IGF2;GATA3;PCSK5;BMP5;BMP2;ALDH1A2;FGFR2;FGFR1
GO_Biological_Process_2023,Regulation Of G1/S Transition Of Mitotic Cell Cycle (GO:2000045),20/106,0.0101331973694022,0.0652759400691641,0,0,1.907363982531248,8.758497869951926,KANK2;SMARCE1;CDKN2B;ANXA1;APLP2;RDX;FHL1;FAM107A;JADE1;PTEN;UBE2E2;KLF4;SMARCA2;PPP2CA;CCND2;RGCC;APC;ADAMTS1;HYAL1;ID2
GO_Biological_Process_2023,Positive Regulation Of Dephosphorylation (GO:0035306),8/29,0.0104061961130715,0.0662556417983317,0,0,3.118587637446883,14.237456139983529,PPP1R16B;CDH5;BMP2;TGFB1;MTMR9;CAMTA1;LILRB2;CALM1
GO_Biological_Process_2023,Regulation Of Monoatomic Ion Transmembrane Transport (GO:0034765),8/29,0.0104061961130715,0.0662556417983317,0,0,3.118587637446883,14.237456139983529,KCNJ5;KCNJ8;NEDD4;KCNJ15;NEDD4L;KCNJ16;WWP2;KCNJ2
GO_Biological_Process_2023,Regulation Of Muscle Contraction (GO:0006937),8/29,0.0104061961130715,0.0662556417983317,0,0,3.118587637446883,14.237456139983529,CNN1;CAV1;TNNC1;DAPK3;PLCE1;ATP1A2;PPP1R12B;MYL9
GO_Biological_Process_2023,Cellular Response To Alcohol (GO:0097306),12/53,0.0104233818852372,0.0662556417983317,0,0,2.397707092278296,10.942424820114404,PTGER4;SCNN1G;PTGFR;SFRP1;GNG2;SCNN1B;PTCH1;KLF9;SPIDR;CFTR;GNAI1;CES1
GO_Biological_Process_2023,Negative Regulation Of Cysteine-Type Endopeptidase Activity (GO:2000117),12/53,0.0104233818852372,0.0662556417983317,0,0,2.397707092278296,10.942424820114404,CAST;USP47;LAMP3;HGF;DHCR24;CARD16;GAS6;KLF4;CD44;MAP2K5;AQP1;SNCA
GO_Biological_Process_2023,Positive Regulation Of Protein Localization To Membrane (GO:1905477),16/79,0.0104308186122648,0.0662556417983317,0,0,2.0818127189318325,9.49929171492114,PRNP;PRKCH;RAMP3;LRP1;STAC;PRKCE;ANK3;PIK3R1;SORBS1;SLC51B;NKD2;MYO1C;GPER1;FYN;EPHA3;SPTBN1
GO_Biological_Process_2023,Regulation Of Cell Differentiation (GO:0045595),32/193,0.0105617038508793,0.0662556417983317,0,0,1.6323096923299147,7.427858985328351,GSK3B;CASZ1;CEBPD;NOTCH4;GATA3;DLL1;PPP2CA;HEY1;ALOX5;SPOCK2;HEY2;TNR;PRKACA;CLASP2;SMARCE1;TGFB1;BDNF;IGF2;EMP2;KLF4;ALOX15B;SMARCA2;KLHL41;SMAD7;TIAM1;CDK6;APC;ID2;PHLDB2;EPHA3;FGFR2;FGFR1
GO_Biological_Process_2023,One-Carbon Compound Transport (GO:0019755),9/35,0.0109354796868687,0.0662556417983317,0,0,2.834224220326383,12.798627499481302,SLC14A1;CA2;HBG1;CA4;HBB;SLC39A8;HBA1;SLC4A4;CFTR
GO_Biological_Process_2023,Platelet Aggregation (GO:0070527),9/35,0.0109354796868687,0.0662556417983317,0,0,2.834224220326383,12.798627499481302,P2RY12;PDGFRA;CSRP1;UBASH3B;HBB;FLNA;TLN1;MYL9;VCL
GO_Biological_Process_2023,Regulation Of Cardiac Muscle Contraction (GO:0055117),9/35,0.0109354796868687,0.0662556417983317,0,0,2.834224220326383,12.798627499481302,RGS2;PLN;GJA5;ANK2;NOS1;PRKACA;CALM1;SLC8A1;SMAD7
GO_Biological_Process_2023,"CD4-positive, Alpha-Beta T Cell Activation (GO:0035710)",3/5,0.0109423554451302,0.0662556417983317,0,0,12.264341441027996,55.37490218658549,RSAD2;NKG7;HMGB1
GO_Biological_Process_2023,Cell Junction Disassembly (GO:0150146),3/5,0.0109423554451302,0.0662556417983317,0,0,12.264341441027996,55.37490218658549,C1QB;CX3CR1;CX3CL1
GO_Biological_Process_2023,Cellular Response To Granulocyte Macrophage Colony-Stimulating Factor Stimulus (GO:0097011),3/5,0.0109423554451302,0.0662556417983317,0,0,12.264341441027996,55.37490218658549,ZFP36;NPR2;ZFP36L2
GO_Biological_Process_2023,Cholesterol Import (GO:0070508),3/5,0.0109423554451302,0.0662556417983317,0,0,12.264341441027996,55.37490218658549,STARD4;CD36;LDLR
GO_Biological_Process_2023,Epithelial Tube Formation (GO:0072175),3/5,0.0109423554451302,0.0662556417983317,0,0,12.264341441027996,55.37490218658549,PODXL;GATA3;FGFR2
GO_Biological_Process_2023,Forebrain Neuron Differentiation (GO:0021879),3/5,0.0109423554451302,0.0662556417983317,0,0,12.264341441027996,55.37490218658549,LHX6;RAPGEF2;SHANK3
GO_Biological_Process_2023,Glomerulus Vasculature Development (GO:0072012),3/5,0.0109423554451302,0.0662556417983317,0,0,12.264341441027996,55.37490218658549,PECAM1;TEK;CD34
GO_Biological_Process_2023,Ketone Body Biosynthetic Process (GO:0046951),3/5,0.0109423554451302,0.0662556417983317,0,0,12.264341441027996,55.37490218658549,ACSS3;HMGCS2;HMGCLL1
GO_Biological_Process_2023,Natural Killer Cell Degranulation (GO:0043320),3/5,0.0109423554451302,0.0662556417983317,0,0,12.264341441027996,55.37490218658549,FCGR3A;NKG7;VAMP2
GO_Biological_Process_2023,Negative Regulation Of PERK-mediated Unfolded Protein Response (GO:1903898),3/5,0.0109423554451302,0.0662556417983317,0,0,12.264341441027996,55.37490218658549,PPP1R15A;PTPN1;NCK1
GO_Biological_Process_2023,Negative Regulation Of Excitatory Postsynaptic Potential (GO:0090394),3/5,0.0109423554451302,0.0662556417983317,0,0,12.264341441027996,55.37490218658549,NLGN4X;LRRK2;PTEN
GO_Biological_Process_2023,Negative Regulation Of Monocyte Chemotaxis (GO:0090027),3/5,0.0109423554451302,0.0662556417983317,0,0,12.264341441027996,55.37490218658549,DUSP1;SLIT2;NBL1
GO_Biological_Process_2023,Negative Regulation Of Protein Kinase Activity By Regulation Of Protein Phosphorylation (GO:0044387),3/5,0.0109423554451302,0.0662556417983317,0,0,12.264341441027996,55.37490218658549,ADARB1;PPM1F;CORO1C
GO_Biological_Process_2023,Negative Regulation Of Transcription From RNA Polymerase II Promoter In Response To Stress (GO:0097201),3/5,0.0109423554451302,0.0662556417983317,0,0,12.264341441027996,55.37490218658549,JUN;CITED2;NCK1
GO_Biological_Process_2023,Podocyte Cell Migration (GO:0090521),3/5,0.0109423554451302,0.0662556417983317,0,0,12.264341441027996,55.37490218658549,KANK2;KANK1;DAAM2
GO_Biological_Process_2023,Positive Regulation Of Cholesterol Storage (GO:0010886),3/5,0.0109423554451302,0.0662556417983317,0,0,12.264341441027996,55.37490218658549,EHD1;MSR1;SREBF2
GO_Biological_Process_2023,Positive Regulation Of Extrinsic Apoptotic Signaling Pathway Via Death Domain Receptors (GO:1902043),3/5,0.0109423554451302,0.0662556417983317,0,0,12.264341441027996,55.37490218658549,SFRP1;PTEN;TIMP3
GO_Biological_Process_2023,Positive Regulation Of Focal Adhesion Disassembly (GO:0120183),3/5,0.0109423554451302,0.0662556417983317,0,0,12.264341441027996,55.37490218658549,IQSEC1;PIK3R1;MAPRE2
GO_Biological_Process_2023,Positive Regulation Of Peroxisome Proliferator Activated Receptor Signaling Pathway (GO:0035360),3/5,0.0109423554451302,0.0662556417983317,0,0,12.264341441027996,55.37490218658549,BMP2;PTGIS;CITED2
GO_Biological_Process_2023,Positive Regulation Of Protein Catabolic Process In The Vacuole (GO:1904352),3/5,0.0109423554451302,0.0662556417983317,0,0,12.264341441027996,55.37490218658549,LRP1;RNF128;LDLR
GO_Biological_Process_2023,Positive Regulation Of Vascular Associated Smooth Muscle Cell Differentiation (GO:1905065),3/5,0.0109423554451302,0.0662556417983317,0,0,12.264341441027996,55.37490218658549,EFEMP2;GPER1;ENG
GO_Biological_Process_2023,Regulation Of Circadian Sleep/Wake Cycle (GO:0042749),3/5,0.0109423554451302,0.0662556417983317,0,0,12.264341441027996,55.37490218658549,FXR1;PER3;PTGDS
GO_Biological_Process_2023,"Regulation Of Circadian Sleep/Wake Cycle, Sleep (GO:0045187)",3/5,0.0109423554451302,0.0662556417983317,0,0,12.264341441027996,55.37490218658549,FXR1;PER3;PTGDS
GO_Biological_Process_2023,Regulation Of Focal Adhesion Disassembly (GO:0120182),3/5,0.0109423554451302,0.0662556417983317,0,0,12.264341441027996,55.37490218658549,IQSEC1;PIK3R1;MAPRE2
GO_Biological_Process_2023,Regulation Of Glutamate Receptor Signaling Pathway (GO:1900449),3/5,0.0109423554451302,0.0662556417983317,0,0,12.264341441027996,55.37490218658549,PRNP;FYN;SHANK3
GO_Biological_Process_2023,Regulation Of Glycogen (Starch) Synthase Activity (GO:2000465),3/5,0.0109423554451302,0.0662556417983317,0,0,12.264341441027996,55.37490218658549,GSK3B;IGF2;INPP5K
GO_Biological_Process_2023,Regulation Of Renal Sodium Excretion (GO:0035813),3/5,0.0109423554451302,0.0662556417983317,0,0,12.264341441027996,55.37490218658549,NPR1;AGTR1;SPX
GO_Biological_Process_2023,Regulation Of Type B Pancreatic Cell Proliferation (GO:0061469),3/5,0.0109423554451302,0.0662556417983317,0,0,12.264341441027996,55.37490218658549,NR4A1;NR4A3;NUPR1
GO_Biological_Process_2023,Regulation Of Ventricular Cardiac Muscle Cell Membrane Depolarization (GO:0060373),3/5,0.0109423554451302,0.0662556417983317,0,0,12.264341441027996,55.37490218658549,GJA5;GPD1L;SMAD7
GO_Biological_Process_2023,Response To Granulocyte Macrophage Colony-Stimulating Factor (GO:0097012),3/5,0.0109423554451302,0.0662556417983317,0,0,12.264341441027996,55.37490218658549,ZFP36;NPR2;ZFP36L2
GO_Biological_Process_2023,Retinal Ganglion Cell Axon Guidance (GO:0031290),3/5,0.0109423554451302,0.0662556417983317,0,0,12.264341441027996,55.37490218658549,ROBO2;PTPRM;SLIT2
GO_Biological_Process_2023,Tight Junction Organization (GO:0120193),3/5,0.0109423554451302,0.0662556417983317,0,0,12.264341441027996,55.37490218658549,CLDN11;CLDN5;MPDZ
GO_Biological_Process_2023,Positive Regulation Of Cellular Component Biogenesis (GO:0044089),18/93,0.0110107154231888,0.0662556417983317,0,0,1.967800369685767,8.8725882282884,GSK3B;PDCD6IP;TGFB1;TFRC;SYNPO2;DAB2IP;CLU;SPIDR;CX3CL1;CDH5;RGCC;HYAL1;TAL1;TPR;HAS3;EMILIN1;TPPP;SYNPO
GO_Biological_Process_2023,Heart Contraction (GO:0060047),10/41,0.0110221387421691,0.0662556417983317,0,0,2.641685973979683,11.908322574667007,SGCD;TNNC1;TNNT2;CASQ2;ATP1A2;DMD;SCN4B;SLC8A1;SGCG;TTN
GO_Biological_Process_2023,Non-Canonical Wnt Signaling Pathway (GO:0035567),10/41,0.0110221387421691,0.0662556417983317,0,0,2.641685973979683,11.908322574667007,FZD1;TIAM1;SFRP1;FRZB;FZD4;FZD7;SFRP5;PRICKLE2;FZD8;PRICKLE1
GO_Biological_Process_2023,Regulation Of Chemokine Production (GO:0032642),10/41,0.0110221387421691,0.0662556417983317,0,0,2.641685973979683,11.908322574667007,CD74;EGR1;IL33;IL6;TSLP;AGER;ALOX15B;TLR4;TLR3;FOXP1
GO_Biological_Process_2023,Regulation Of Heart Rate By Cardiac Conduction (GO:0086091),10/41,0.0110221387421691,0.0662556417983317,0,0,2.641685973979683,11.908322574667007,KCNJ5;KCNE1;CACNA2D1;CAV1;CACNA1D;KCNA5;ANK2;CACNA1C;SCN4B;KCNJ2
GO_Biological_Process_2023,Regulation Of Microtubule-Based Process (GO:0032886),10/41,0.0110221387421691,0.0662556417983317,0,0,2.641685973979683,11.908322574667007,GSK3B;MACF1;FAM107A;MAP6;TPPP;MPDZ;PHLDB2;BICD2;EPHA3;CLASP2
GO_Biological_Process_2023,Actin-Mediated Cell Contraction (GO:0070252),4/9,0.0113315920463559,0.0669044477046134,0,0,6.542883379247016,29.31316896603691,GSN;PDPN;EMP2;PARVA
GO_Biological_Process_2023,Adherens Junction Assembly (GO:0034333),4/9,0.0113315920463559,0.0669044477046134,0,0,6.542883379247016,29.31316896603691,RAMP2;VCL;JAM3;SMAD7
GO_Biological_Process_2023,Cellular Response To Prostaglandin Stimulus (GO:0071379),4/9,0.0113315920463559,0.0669044477046134,0,0,6.542883379247016,29.31316896603691,PTGER4;PTGFR;SFRP1;GNG2
GO_Biological_Process_2023,Cellular Response To Purine-Containing Compound (GO:0071415),4/9,0.0113315920463559,0.0669044477046134,0,0,6.542883379247016,29.31316896603691,P2RY1;CASQ2;CLU;SLC8A1
GO_Biological_Process_2023,Embryonic Eye Morphogenesis (GO:0048048),4/9,0.0113315920463559,0.0669044477046134,0,0,6.542883379247016,29.31316896603691,MFAP5;EFEMP1;FBN1;TBX2
GO_Biological_Process_2023,Mitral Valve Morphogenesis (GO:0003183),4/9,0.0113315920463559,0.0669044477046134,0,0,6.542883379247016,29.31316896603691,BMPR2;DCHS1;AXIN2;SMAD6
GO_Biological_Process_2023,Myelin Maintenance (GO:0043217),4/9,0.0113315920463559,0.0669044477046134,0,0,6.542883379247016,29.31316896603691,MYRF;EPB41L3;PTEN;CLU
GO_Biological_Process_2023,Negative Regulation Of Establishment Of Protein Localization (GO:1904950),4/9,0.0113315920463559,0.0669044477046134,0,0,6.542883379247016,29.31316896603691,NDFIP2;NDFIP1;WWP2;PPM1F
GO_Biological_Process_2023,Neuron Remodeling (GO:0016322),4/9,0.0113315920463559,0.0669044477046134,0,0,6.542883379247016,29.31316896603691,C1QA;ANKS1A;SCARF1;CX3CL1
GO_Biological_Process_2023,Presynaptic Membrane Organization (GO:0097090),4/9,0.0113315920463559,0.0669044477046134,0,0,6.542883379247016,29.31316896603691,PTPRD;NLGN4X;PTEN;LRP4
GO_Biological_Process_2023,Regulation Of Dendritic Cell Apoptotic Process (GO:2000668),4/9,0.0113315920463559,0.0669044477046134,0,0,6.542883379247016,29.31316896603691,CXCL12;CCL21;RAPGEF2;GAS6
GO_Biological_Process_2023,Smooth Muscle Tissue Development (GO:0048745),4/9,0.0113315920463559,0.0669044477046134,0,0,6.542883379247016,29.31316896603691,EFEMP2;PTCH1;ENG;MYLK
GO_Biological_Process_2023,Vasoconstriction (GO:0042310),4/9,0.0113315920463559,0.0669044477046134,0,0,6.542883379247016,29.31316896603691,EDN1;EDNRA;EDNRB;SLC8A1
GO_Biological_Process_2023,Regulation Of Extrinsic Apoptotic Signaling Pathway (GO:2001236),13/60,0.0114272506015948,0.0673770677547587,0,0,2.266197777189213,10.133879818875869,TCF7L2;CAV1;TNFSF12;G0S2;CFLAR;BMP4;GPER1;HYAL2;TNFSF10;ITGA6;AGTR2;TLR4;FGFR1
GO_Biological_Process_2023,Positive Regulation Of Transferase Activity (GO:0051347),25/143,0.0117220524676948,0.0690209801508469,0,0,1.7385257301808066,7.729978068386596,FLT1;FLT4;HMBOX1;ERBB4;KDR;ROS1;PDGFRB;PDGFRA;CD74;NTRK2;TGFB1;UBE2I;TIE1;IGF2;KLF4;CD4;AGTR1;PRKCQ;ROR1;SERINC1;TEK;FGFR4;FGFR2;FGFR1;DDR2
GO_Biological_Process_2023,Negative Regulation Of Ion Transmembrane Transporter Activity (GO:0032413),7/24,0.0118252121026623,0.0693445861889819,0,0,3.370033806626098,14.954597162468437,PLN;PRKCE;HECW2;NEDD4;CASQ2;NEDD4L;PCSK9
GO_Biological_Process_2023,Positive Regulation Of Vascular Endothelial Growth Factor Production (GO:0010575),7/24,0.0118252121026623,0.0693445861889819,0,0,3.370033806626098,14.954597162468437,CCBE1;IL6;TGFB1;FLT4;RORA;PTGS2;IL6ST
GO_Biological_Process_2023,Regulation Of Ryanodine-Sensitive Calcium-Release Channel Activity (GO:0060314),7/24,0.0118252121026623,0.0693445861889819,0,0,3.370033806626098,14.954597162468437,FKBP1A;FKBP1B;CASQ2;DMD;NOS1;CALM1;PRKACA
GO_Biological_Process_2023,Glucose Homeostasis (GO:0042593),17/87,0.012067891460231,0.070671668307133,0,0,1.9908677004289013,8.794074646330037,CEBPA;TCF7L2;WFS1;APLP2;PIK3R1;ADIPOR2;FOXO1;HK3;IL6;ALOX5;CRY2;LEPR;PDK4;INPP5K;PPARG;FGFR4;PPARGC1A
GO_Biological_Process_2023,Positive Regulation Of Leukocyte Chemotaxis (GO:0002690),12/54,0.0121050449625619,0.0707931897810535,0,0,2.340487162606978,10.33122156020129,IL6;CXCL12;RARRES2;XCL1;NEDD9;VEGFC;ANO6;HMGB1;FPR2;PTN;GAS6;CMKLR1
GO_Biological_Process_2023,Cellular Defense Response (GO:0006968),11/48,0.0126836076762672,0.074076387998335,0,0,2.4349347043957823,10.634443043040864,CX3CR1;TYROBP;NCF2;GNLY;RAB23;C5AR1;CXCR2;PRF1;DCDC2;MNDA;LILRB2
GO_Biological_Process_2023,Negative Regulation Of Peptidyl-Tyrosine Phosphorylation (GO:0050732),8/30,0.0128632312202447,0.0746025403322187,0,0,2.976666387889939,12.958566856652316,PPP2CA;SOCS3;SFRP1;DMTN;HYAL2;CAV1;SH3BP5;SH2B3
GO_Biological_Process_2023,Regulation Of Apoptotic Process (GO:0042981),96/705,0.0128949514360501,0.0746025403322187,0,0,1.3004548266888334,5.658174141758513,GSK3B;HIP1;TFRC;CITED2;FLT4;PCSK9;HMGB1;CLU;CX3CL1;AQP1;IFIT2;RASSF2;CCND2;ADAMTSL4;FAM162A;RPS6KA2;ARHGDIA;GPER1;KDR;TNFSF10;PROK2;CTSH;EMILIN1;IFT57;HOXA5;TGM2;KLF11;USP47;MEF2C;ANXA1;TSC22D1;DAPK1;ACTN2;DAPK2;HGF;DAPK3;ANO6;ACTN4;RHOB;OLFM1;HCK;RNF144B;SFRP1;LATS2;CAT;FKBP8;GAS1;ITGA6;NUPR1;GAS6;IL6ST;CRYAB;CD44;BEX1;GATA6;NLRC4;PIK3R1;FOXO3;FSTL1;FOXO1;SOCS2;SOCS3;CALHM2;GRK5;FRZB;ERBB4;PDPN;FLNA;SAP18;BNIP2;FYN;SLIT2;SNCA;EGR1;CD74;JUN;EGR3;TSLP;ANGPT1;GADD45B;WFS1;DAB2IP;DHCR24;CFLAR;SMAD6;TBX3;TJP1;BMP4;DAB2;BMP2;IL6;APC;FAS;MNDA;TEK;BCL2L2
GO_Biological_Process_2023,Cellular Response To Catecholamine Stimulus (GO:0071870),6/19,0.0129638334682956,0.0746025403322187,0,0,3.776513009049774,16.411184113851366,GNG2;NR4A3;LRRK2;PRKACA;SNCA;TGM2
GO_Biological_Process_2023,Eye Morphogenesis (GO:0048592),6/19,0.0129638334682956,0.0746025403322187,0,0,3.776513009049774,16.411184113851366,MFAP5;SKI;EFEMP1;SHROOM2;NKD1;FBN1
GO_Biological_Process_2023,Leukocyte Adhesion To Vascular Endothelial Cell (GO:0061756),6/19,0.0129638334682956,0.0746025403322187,0,0,3.776513009049774,16.411184113851366,CX3CR1;SELP;SELPLG;SLC39A8;SELE;JAM2
GO_Biological_Process_2023,Leukotriene Biosynthetic Process (GO:0019370),6/19,0.0129638334682956,0.0746025403322187,0,0,3.776513009049774,16.411184113851366,GGTLC1;PLA2G1B;ALOX5AP;PLA2G5;LTC4S;GGT1
GO_Biological_Process_2023,Negative Regulation Of Calcium Ion Transmembrane Transport (GO:1903170),6/19,0.0129638334682956,0.0746025403322187,0,0,3.776513009049774,16.411184113851366,FKBP1A;PLN;SESTD1;FKBP1B;ATP1A2;NOS1
GO_Biological_Process_2023,Negative Regulation Of Cyclin-Dependent Protein Serine/Threonine Kinase Activity (GO:0045736),6/19,0.0129638334682956,0.0746025403322187,0,0,3.776513009049774,16.411184113851366,CEBPA;MYOCD;HHEX;LATS2;PTEN;NR2F2
GO_Biological_Process_2023,Negative Regulation Of Protein Dephosphorylation (GO:0035308),6/19,0.0129638334682956,0.0746025403322187,0,0,3.776513009049774,16.411184113851366,PPP1R15A;PPP1R16B;FKBP1A;GSK3B;CRY2;FKBP1B
GO_Biological_Process_2023,Receptor Clustering (GO:0043113),6/19,0.0129638334682956,0.0746025403322187,0,0,3.776513009049774,16.411184113851366,PIGR;MAGI2;LRP4;FLNA;PTN;ITGAL
GO_Biological_Process_2023,Regulation Of Vascular Endothelial Growth Factor Signaling Pathway (GO:1900746),6/19,0.0129638334682956,0.0746025403322187,0,0,3.776513009049774,16.411184113851366,CCBE1;SEMA6A;MYO1C;DAB2IP;DLL1;DCN
GO_Biological_Process_2023,Positive Regulation Of Cell Junction Assembly (GO:1901890),13/61,0.0131104744512174,0.075045204388104,0,0,2.2188604579683417,9.61730405094803,CLSTN2;MYOC;BDNF;CAV1;TBX5;PPM1F;PTPRD;CLDN5;SFRP1;KDR;SLITRK6;TEK;FERMT2
GO_Biological_Process_2023,Positive Regulation Of Interleukin-8 Production (GO:0032757),13/61,0.0131104744512174,0.075045204388104,0,0,2.2188604579683417,9.61730405094803,FCN1;CD74;PLA2G1B;F2R;HMGB1;LILRA2;IL6;HYAL2;CNTN1;TLR8;IL17D;TLR4;TLR3
GO_Biological_Process_2023,Neural Crest Cell Migration (GO:0001755),9/36,0.0132026505805097,0.075045204388104,0,0,2.7290995551464947,11.80973530469103,SEMA5A;SEMA6A;ERBB4;SEMA6D;SEMA3G;SEMA3E;RADIL;FOLR1;CORO1C
GO_Biological_Process_2023,Negative Regulation Of Receptor Signaling Pathway Via STAT (GO:1904893),5/14,0.0132320205142138,0.075045204388104,0,0,4.544735364671056,19.65650577976883,SOCS3;LEPROT;CAV1;PPARG;SH2B3
GO_Biological_Process_2023,Positive Regulation Of Endothelial Cell Chemotaxis (GO:2001028),5/14,0.0132320205142138,0.075045204388104,0,0,4.544735364671056,19.65650577976883,SEMA5A;KDR;PRKD1;FGF2;FGFR1
GO_Biological_Process_2023,Regulation Of Integrin Activation (GO:0033623),5/14,0.0132320205142138,0.075045204388104,0,0,4.544735364671056,19.65650577976883,PTGER4;SELP;RASIP1;FERMT2;JAM3
GO_Biological_Process_2023,Regulation Of Neuron Projection Arborization (GO:0150011),5/14,0.0132320205142138,0.075045204388104,0,0,4.544735364671056,19.65650577976883,NTNG1;MACF1;FZD4;MYO9A;MFSD2A
GO_Biological_Process_2023,Regulation Of Non-Canonical Wnt Signaling Pathway (GO:2000050),5/14,0.0132320205142138,0.075045204388104,0,0,4.544735364671056,19.65650577976883,TIAM1;SFRP1;DAAM2;GPC3;RSPO3
GO_Biological_Process_2023,Renal Water Homeostasis (GO:0003091),5/14,0.0132320205142138,0.075045204388104,0,0,4.544735364671056,19.65650577976883,WFS1;MYO5B;AQP4;PRKACA;AQP1
GO_Biological_Process_2023,Striated Muscle Tissue Development (GO:0014706),5/14,0.0132320205142138,0.075045204388104,0,0,4.544735364671056,19.65650577976883,BMPR2;SGCD;PGM5;SGCG;TBX2
GO_Biological_Process_2023,Vascular Endothelial Growth Factor Signaling Pathway (GO:0038084),5/14,0.0132320205142138,0.075045204388104,0,0,4.544735364671056,19.65650577976883,MYO1C;FLT4;GAB1;KDR;VEGFC
GO_Biological_Process_2023,Positive Regulation Of NF-kappaB Transcription Factor Activity (GO:0051092),26/152,0.0135352293077199,0.0766641072075057,0,0,1.6932885708395913,7.285305352609448,CX3CR1;TFRC;PLA2G1B;RTKN2;NLRC4;CLU;AGER;CX3CL1;S100A12;CD36;PRKCH;PRKCB;CAV1;IRAK3;CFLAR;MID2;FER;IL6;SLCO3A1;PRKCQ;ROR1;CARD16;PRKD1;TLR4;S100A8;IL18R1
GO_Biological_Process_2023,Neuron Migration (GO:0001764),12/55,0.0139871452148691,0.0791199459336503,0,0,2.2859286250133963,9.760038735440618,NR4A2;GPM6A;NTRK2;MEF2C;DCC;RAPGEF2;DCDC2;NDNF;SEMA3E;POMGNT2;NEO1;FGFR1
GO_Biological_Process_2023,Positive Regulation Of Neurogenesis (GO:0050769),15/75,0.0144191384098586,0.0814568080850131,0,0,2.0486848177203507,8.684782422804313,ROBO2;CX3CR1;NTRK2;MME;AMIGO1;NAP1L1;CX3CL1;PTPRD;TIAM1;GPER1;PLXNA2;MAP6;SLIT2;SHANK3;TGM2
GO_Biological_Process_2023,Intracellular Monoatomic Cation Homeostasis (GO:0030003),31/190,0.0145694033653154,0.0821980979407865,0,0,1.6006274688677784,6.768784034814941,CCL14;SLC24A3;TFRC;ATP1A2;PTH1R;SLC8A1;CDH5;EDNRA;PLN;ATP6V0A2;SLC39A8;KCNJ2;CCL15;PRNP;EDN1;CCL23;NDFIP1;SCARA5;DMPK;SLC11A1;CAV1;CYBRD1;ANK2;BMP6;SCNN1G;CXCL12;VAPB;SCNN1B;CASQ2;RGN;ATP13A4
GO_Biological_Process_2023,Regulation Of Cellular Component Organization (GO:0051128),26/153,0.0146638782570758,0.0826231051665005,0,0,1.679860634303829,7.09298990541391,HIP1;TFRC;PRDM5;FAM107A;JADE1;LTBP4;STON1;WFDC1;STON2;RASGRP2;SOCS2;RAP1A;PLCE1;CD36;ROS1;PTPN1;DAB2IP;IRAK3;AXIN2;TJP1;NEDD4;AGTR1;CDH13;RAPGEF2;PRKCQ;CHPT1
GO_Biological_Process_2023,Cellular Response To Lipopolysaccharide (GO:0071222),22/124,0.0146980212415342,0.0827075093591419,0,0,1.7690268700072622,7.465368404675611,CX3CR1;CD274;MEF2C;TGFB1;PRKCE;DAB2IP;DEFA1;PPBP;HMGB1;LILRB2;CXCL3;CXCL2;HCK;ZFP36;IL6;CASP1;SIRPA;CTSG;CARD16;VIM;TLR4;PF4
GO_Biological_Process_2023,Heterophilic Cell-Cell Adhesion Via Plasma Membrane Cell Adhesion Molecules (GO:0007157),11/49,0.0147856415351796,0.0828245057082674,0,0,2.3707241387670006,9.990465595800716,PTPRD;SELP;CADM1;AMIGO1;CRTAM;DCHS1;HMCN1;FAT4;ITGAL;SCARF1;SELE
GO_Biological_Process_2023,Negative Regulation Of Cysteine-Type Endopeptidase Activity Involved In Apoptotic Process (GO:0043154),11/49,0.0147856415351796,0.0828245057082674,0,0,2.3707241387670006,9.990465595800716,USP47;LAMP3;HGF;DHCR24;CARD16;GAS6;KLF4;CD44;MAP2K5;AQP1;SNCA
GO_Biological_Process_2023,Cardiac Conduction System Development (GO:0003161),7/25,0.0149107138404364,0.0828245057082674,0,0,3.182630906768838,13.385112113187231,GJA1;HEY1;GJA5;HEY2;GATA6;MSX1;TBX5
GO_Biological_Process_2023,Myotube Differentiation (GO:0014902),7/25,0.0149107138404364,0.0828245057082674,0,0,3.182630906768838,13.385112113187231,SKI;ADAMTS15;ADAMTS5;MEF2C;SORT1;NOS1;JAM2
GO_Biological_Process_2023,Negative Regulation Of Intracellular Protein Transport (GO:0090317),7/25,0.0149107138404364,0.0828245057082674,0,0,3.182630906768838,13.385112113187231,KCNE1;DMTN;INSIG1;LRRK2;RAB23;INPP5K;APOD
GO_Biological_Process_2023,Negative Regulation Of Protein Localization To Membrane (GO:1905476),7/25,0.0149107138404364,0.0828245057082674,0,0,3.182630906768838,13.385112113187231,KCNE1;DAB2;PID1;DMTN;TGFB1;INPP5K;LZTFL1
GO_Biological_Process_2023,Negative Regulation Of Protein Transport (GO:0051224),7/25,0.0149107138404364,0.0828245057082674,0,0,3.182630906768838,13.385112113187231,NDFIP2;PKDCC;NDFIP1;RSAD2;WWP2;ADTRP;PPM1F
GO_Biological_Process_2023,Regulation Of Actin Cytoskeleton Reorganization (GO:2000249),7/25,0.0149107138404364,0.0828245057082674,0,0,3.182630906768838,13.385112113187231,PDGFRA;HCK;ARHGDIA;DAPK3;SEMA3E;TEK;CLU
GO_Biological_Process_2023,Regulation Of Biomineral Tissue Development (GO:0070167),7/25,0.0149107138404364,0.0828245057082674,0,0,3.182630906768838,13.385112113187231,TGFB1;HEY1;HEY2;S1PR1;SGMS2;GAS6;DDR2
GO_Biological_Process_2023,Regulation Of Monocyte Chemotaxis (GO:0090025),7/25,0.0149107138404364,0.0828245057082674,0,0,3.182630906768838,13.385112113187231,CXCL12;DUSP1;ANO6;FPR2;HMGB1;SLIT2;NBL1
GO_Biological_Process_2023,Cell Junction Organization (GO:0034330),13/62,0.0149779713875396,0.082878108344386,0,0,2.173455274225873,9.131065378027325,C1QA;TGFB2;NLGN4X;TGFB1;LRP4;SEMA3E;MYO9A;TJP1;APBB2;LIMS2;RAB8B;SNCA;TJP2
GO_Biological_Process_2023,Phosphatidylinositol-Mediated Signaling (GO:0048015),13/62,0.0149779713875396,0.082878108344386,0,0,2.173455274225873,9.131065378027325,PDGFRB;PDGFRA;EDN1;PTEN;GAB2;GATA3;PIK3R1;FCGR3A;PLCB4;INPP5A;PLCE1;PIK3C3;FGFR1
GO_Biological_Process_2023,Positive Regulation Of Apoptotic Signaling Pathway (GO:2001235),13/62,0.0149779713875396,0.082878108344386,0,0,2.173455274225873,9.131065378027325,CAV1;TNFSF12;DAB2IP;G0S2;GPER1;HYAL2;TNFSF10;CTSH;FAS;AGTR2;NUPR1;TLR4;S100A8
GO_Biological_Process_2023,Regulation Of Transcription By RNA Polymerase II (GO:0006357),251/2028,0.0150268463786187,0.0830420857491913,0,0,1.1733712927163271,4.925715201980112,SPI1;PID1;EDNRB;ZNF608;SOX17;SOX18;HOXA3;ZNF844;MYOZ1;SOX6;JUNB;HOXA5;IER2;PKNOX2;HOXA4;SOX5;MEF2A;MEF2C;PRKCB;SLC11A1;RFX2;SOX13;EBF1;RFX3;EID1;PRKD1;ZFPM2;ATF3;HOXB5;CASZ1;BEX1;TSHZ3;EPAS1;GATA6;TWIST2;GATA3;PIK3R1;GATA2;ZNF25;ZBTB4;ZNF704;PRDM16;ZBED2;HIVEP3;PPARGC1A;PPARGC1B;ZSCAN18;ZBED3;EGR1;WWTR1;JUN;EGR2;JAG1;EGR3;JUND;FOXF2;FOXF1;PDE2A;NR2F1;IGF2;NFATC3;NR2F2;SMARCA2;PBX1;FLI1;ID2;ID1;ID4;CREBRF;ID3;ACVRL1;CSRNP1;CITED2;TCF21;ADIRF;ZNF44;HIF3A;MEOX2;CX3CL1;MECP2;HEY1;HYAL2;HEY2;EDN1;LEFTY1;ZHX3;SFTPC;FOS;SREBF2;KAT2B;TOX2;ZEB2;NR5A2;TAL1;PPARG;TLR4;TLR3;JDP2;VGLL3;ENG;KANK2;FOXC2;NFIX;SATB1;FSTL3;PURA;APBB2;MSX1;IL33;ARNT2;PCGF5;NFYB;DMRT2;DAB2IP;WWP2;SKI;HEYL;PER3;NFIA;NFIB;NFIC;FOSB;PF4;FOXA2;CSF3;PRDM6;WWC1;PRDM5;JADE1;ZBTB20;PRDM2;RORA;ETS1;FGF2;ETS2;NR3C2;ZFP36;DACH1;CCND1;WWC3;FST;HGF;LMO2;LMO7;MITF;HIC1;FOXP2;PIAS1;FOXP1;PGR;ERG;ENY2;NOTCH4;FOXO4;FOXO3;FOXO1;HMBOX1;NACC2;TPR;CAMTA1;NDN;WNT2;MAP2K5;CBX7;MGAM;UBE2I;TGFB1;WFS1;CAV1;ZBTB16;PTCH1;SMAD9;SMAD6;BMP6;BMP5;SMAD7;BMP4;NR4A2;NR4A1;DAB2;BMP2;IL6;RGCC;NR4A3;MAFF;LHX6;TCF4;FGFR2;CALCOCO1;BMPR2;THRB;THRA;ARRB1;LDB2;HMGB1;HHEX;GPER1;NOS1;LRRFIP1;NCK1;ACTR3;KLF11;MYOCD;KLF13;PEG3;ABHD14B;ETV1;KLF15;ETV5;DCN;PPM1A;ELF5;CRY2;CDH13;ITGA6;FBP1;CREB5;CEBPA;NFAT5;CEBPD;ZBTB47;ZBTB46;PLA2G1B;PPM1D;DLL1;DNAJB4;SAP30L;ATOH8;SAP18;JAZF1;SNCA;IRX1;SMARCE1;TCF7L2;IRX2;TCF7L1;CNBP;TBX5;KLF4;TBX4;MEIS2;TBX3;KLF2;TBX2;KLF6;MEIS1;TEF;BCL6B;KLF9;SSBP2;SSBP3
GO_Biological_Process_2023,Positive Regulation Of Supramolecular Fiber Organization (GO:1902905),18/96,0.0151222437973943,0.0834624095007085,0,0,1.8917958197070952,7.929629639959034,SEMA5A;CSF3;EDN1;GSN;CCL21;PRKCE;SYNPO2;LMOD1;SLAIN2;CLU;CX3CL1;HCK;EFEMP2;FER;NAV3;CFL2;SYNPO;NCK1
GO_Biological_Process_2023,Negative Regulation Of BMP Signaling Pathway (GO:0030514),10/43,0.0154291715687079,0.0849391638909991,0,0,2.481304760310285,10.350751154677669,SKI;CRIM1;SOSTDC1;PPARG;SMAD6;CHRDL1;NBL1;FSTL3;SMAD7;FBN1
GO_Biological_Process_2023,Regulation Of Cell-Cell Adhesion (GO:0022407),10/43,0.0154291715687079,0.0849391638909991,0,0,2.481304760310285,10.350751154677669,MAGI1;JAG1;TGFB1;CITED2;PODXL;CD47;ZDHHC2;FSTL3;PTPRG;SMAD7
GO_Biological_Process_2023,Regulation Of Dendrite Morphogenesis (GO:0048814),8/31,0.0157191734418945,0.0864254172932699,0,0,2.847086116555338,11.823590118167248,PTPRD;GSK3B;SDC2;HECW2;NEDD4;NEDD4L;RAPGEF2;TNIK
GO_Biological_Process_2023,Positive Regulation Of Signaling (GO:0023056),9/37,0.0158003075453585,0.0866507336286751,0,0,2.6314837946223126,10.914673422604924,EDN1;RAMP3;RIMS3;CLSTN2;GATA6;GATA3;BVES;SNCA;WLS
GO_Biological_Process_2023,Regulation Of Phosphoprotein Phosphatase Activity (GO:0043666),9/37,0.0158003075453585,0.0866507336286751,0,0,2.6314837946223126,10.914673422604924,PPP1R15A;PDGFRB;FKBP1A;GSK3B;ITGA1;MAGI2;CRY2;FKBP1B;CALM1
GO_Biological_Process_2023,Peptide Metabolic Process (GO:0006518),12/56,0.0160838078338284,0.0879818943102706,0,0,2.2338500209467957,9.22567155414826,BACE1;ENPEP;ACE;MME;CPQ;ERAP1;MGAT3;DMD;GGT1;PCSK5;TRHDE;NAALADL1
GO_Biological_Process_2023,Regulation Of Mitotic Nuclear Division (GO:0007088),12/56,0.0160838078338284,0.0879818943102706,0,0,2.2338500209467957,9.22567155414826,PDGFRB;BMP4;TOM1L2;EDN1;RGCC;DUSP1;CAV2;USP44;CCDC8;DAPK3;PDGFB;IGF2
GO_Biological_Process_2023,Positive Regulation Of Vascular Associated Smooth Muscle Cell Proliferation (GO:1904707),6/20,0.0168451238551429,0.0915661896206513,0,0,3.50656512605042,14.319739139489863,JUN;GJA1;NR4A3;IGFBP5;PDGFB;FGF2
GO_Biological_Process_2023,Regulation Of Calcium Ion Transmembrane Transport (GO:1903169),6/20,0.0168451238551429,0.0915661896206513,0,0,3.50656512605042,14.319739139489863,PRNP;UBASH3B;CACNA2D1;ATP1A2;FYN;NOS1
GO_Biological_Process_2023,Response To Ketone (GO:1901654),6/20,0.0168451238551429,0.0915661896206513,0,0,3.50656512605042,14.319739139489863,TGFBR3;TGFB2;TGFB1;CCL21;CAV1;SLIT2
GO_Biological_Process_2023,Striated Muscle Cell Differentiation (GO:0051146),6/20,0.0168451238551429,0.0915661896206513,0,0,3.50656512605042,14.319739139489863,SKI;MEF2C;MYOCD;BMP2;SORT1;BVES
GO_Biological_Process_2023,Xenobiotic Transport (GO:0042908),6/20,0.0168451238551429,0.0915661896206513,0,0,3.50656512605042,14.319739139489863,SLC22A4;GJA1;ABCB1;SLC15A2;ABCA8;ABCG2
GO_Biological_Process_2023,Notch Signaling Involved In Heart Development (GO:0061314),4/10,0.017274046347353,0.0920429432533032,0,0,5.452096724823997,22.12760778983925,HEYL;JAG1;HEY1;HEY2
GO_Biological_Process_2023,Cellular Response To Increased Oxygen Levels (GO:0036295),4/10,0.017274046347353,0.0920429432533032,0,0,5.452096724823997,22.12760778983925,CAV1;ATP6V0A2;FAS;FOXO1
GO_Biological_Process_2023,Embryonic Appendage Morphogenesis (GO:0035113),4/10,0.017274046347353,0.0920429432533032,0,0,5.452096724823997,22.12760778983925,SKI;TGFB2;PTCH1;TBX5
GO_Biological_Process_2023,Epithelial Cell Apoptotic Process (GO:1904019),4/10,0.017274046347353,0.0920429432533032,0,0,5.452096724823997,22.12760778983925,BMPR2;GSN;COL4A3;DAB2IP
GO_Biological_Process_2023,Establishment Of Endothelial Intestinal Barrier (GO:0090557),4/10,0.017274046347353,0.0920429432533032,0,0,5.452096724823997,22.12760778983925,TJP1;RAPGEF2;RAPGEF6;TJP2
GO_Biological_Process_2023,Negative Regulation Of Activin Receptor Signaling Pathway (GO:0032926),4/10,0.017274046347353,0.0920429432533032,0,0,5.452096724823997,22.12760778983925,SKI;FST;MAGI2;FSTL3
GO_Biological_Process_2023,Negative Regulation Of Hemostasis (GO:1900047),4/10,0.017274046347353,0.0920429432533032,0,0,5.452096724823997,22.12760778983925,THBD;EDN1;APOH;TFPI
GO_Biological_Process_2023,Negative Regulation Of Response To Cytokine Stimulus (GO:0060761),4/10,0.017274046347353,0.0920429432533032,0,0,5.452096724823997,22.12760778983925,IRAK3;KLF4;SH2B3;MAP2K5
GO_Biological_Process_2023,Negative Regulation Of Sprouting Angiogenesis (GO:1903671),4/10,0.017274046347353,0.0920429432533032,0,0,5.452096724823997,22.12760778983925,SEMA6A;ALOX5;SYNJ2BP;KLF2
GO_Biological_Process_2023,Positive Regulation Of Chondrocyte Differentiation (GO:0032332),4/10,0.017274046347353,0.0920429432533032,0,0,5.452096724823997,22.12760778983925,PKDCC;ZBTB16;SOX6;SOX5
GO_Biological_Process_2023,Positive Regulation Of Nitric-Oxide Synthase Biosynthetic Process (GO:0051770),4/10,0.017274046347353,0.0920429432533032,0,0,5.452096724823997,22.12760778983925,IL33;KDR;JAK2;TLR4
GO_Biological_Process_2023,Positive Regulation Of Non-Canonical Wnt Signaling Pathway (GO:2000052),4/10,0.017274046347353,0.0920429432533032,0,0,5.452096724823997,22.12760778983925,DAB2;SFRP1;RSPO3;NKD1
GO_Biological_Process_2023,Regulation Of Gene Expression By Genomic Imprinting (GO:0006349),4/10,0.017274046347353,0.0920429432533032,0,0,5.452096724823997,22.12760778983925,DIRAS3;MECP2;PCGF5;IGF2
GO_Biological_Process_2023,Regulation Of Mitochondrial Depolarization (GO:0051900),4/10,0.017274046347353,0.0920429432533032,0,0,5.452096724823997,22.12760778983925,MYOC;LRRK2;KDR;DCN
GO_Biological_Process_2023,Regulation Of Opsonization (GO:1903027),4/10,0.017274046347353,0.0920429432533032,0,0,5.452096724823997,22.12760778983925,FCN1;FCN3;PLA2G5;CFP
GO_Biological_Process_2023,Response To Sterol (GO:0036314),4/10,0.017274046347353,0.0920429432533032,0,0,5.452096724823997,22.12760778983925,TGFB1;INSIG1;RORA;TGFBR2
GO_Biological_Process_2023,Positive Regulation Of Protein Transport (GO:0051222),14/70,0.0177162828908451,0.0936504610123316,0,0,2.04820110701107,8.260950382997333,TGFB2;TGFB1;PLA2G1B;FRMD4A;PRR5L;SYTL4;BMP6;TTN;RUFY3;TPR;ANG;MYH10;CD33;VAMP2
GO_Biological_Process_2023,Regulation Of G Protein-Coupled Receptor Signaling Pathway (GO:0008277),14/70,0.0177162828908451,0.0936504610123316,0,0,2.04820110701107,8.260950382997333,EDN1;RAMP3;RGS16;ZDHHC3;RGS5;RGS2;GRK5;GPER1;GNG7;PLCE1;NMT2;KCTD12;RGS9;MGLL
GO_Biological_Process_2023,Sulfur Compound Biosynthetic Process (GO:0044272),14/70,0.0177162828908451,0.0936504610123316,0,0,2.04820110701107,8.260950382997333,CSGALNACT1;CHST9;CHST7;ANGPT1;PAPSS2;EXT1;GGTLC1;DSEL;UST;B3GNT2;ST3GAL6;GGT1;CDO1;ST3GAL1
GO_Biological_Process_2023,Negative Regulation Of Intracellular Signal Transduction (GO:1902532),36/231,0.0178323764860682,0.0936504610123316,0,0,1.5160656677898057,6.104801615472381,SPI1;LRP1;WWC1;RTKN2;PDE3B;PTEN;RORA;LIMD1;UACA;PPP2CA;HYAL2;GPER1;WWC3;INPP5K;SLC39A8;SLIT2;SH2B3;CGNL1;EPM2A;DUSP1;CAV1;PDE2A;MAGI2;DAB2IP;ARHGAP25;PPM1A;MYO1C;PIK3IP1;SFRP5;VEPH1;APLNR;MYADM;PPARG;GPD1L;BCL2L2;SHANK2
GO_Biological_Process_2023,Cellular Response To Tumor Necrosis Factor (GO:0071356),21/119,0.0178402193611438,0.0936504610123316,0,0,1.7571230250545382,7.074704182536341,CCL14;CCL23;PID1;CCL21;LRRK2;DAB2IP;ACTN4;GATA3;NPNT;FOXO3;ZFP36L2;CX3CL1;ZFP36;SFRP1;HYAL1;GPER1;HYAL2;INPP5K;XCL1;JAK2;CCL15
GO_Biological_Process_2023,Bone Development (GO:0060348),10/44,0.0180688595039299,0.0936504610123316,0,0,2.408189795255119,9.665426978335873,PTGER4;SKI;CYP26B1;GJA1;MYOC;OGN;SBDS;BMP6;FGFR2;TGM2
GO_Biological_Process_2023,Positive Regulation Of Biosynthetic Process (GO:0009891),10/44,0.0180688595039299,0.0936504610123316,0,0,2.408189795255119,9.665426978335873,BMP4;TGFB1;RGCC;F2R;ZBTB20;CD36;SORBS1;VIM;TLR4;LARP6
GO_Biological_Process_2023,Regulation Of Insulin Receptor Signaling Pathway (GO:0046626),10/44,0.0180688595039299,0.0936504610123316,0,0,2.408189795255119,9.665426978335873,KANK1;PTPN1;PID1;PRKCB;IGF2;INPP5K;PRKCQ;SORBS1;SIK2;NCK1
GO_Biological_Process_2023,Amyloid-Beta Metabolic Process (GO:0050435),5/15,0.0180964977952466,0.0936504610123316,0,0,4.090032154340836,16.409359726657726,BACE1;ACE;APH1B;MME;MGAT3
GO_Biological_Process_2023,Cardiac Myofibril Assembly (GO:0055003),5/15,0.0180964977952466,0.0936504610123316,0,0,4.090032154340836,16.409359726657726,MEF2A;PDGFRB;PDGFRA;NEBL;TTN
GO_Biological_Process_2023,Cellular Response To Corticosteroid Stimulus (GO:0071384),5/15,0.0180964977952466,0.0936504610123316,0,0,4.090032154340836,16.409359726657726,ZFP36;ANXA1;GPER1;FAM107A;ZFP36L2
GO_Biological_Process_2023,Defense Response To Protozoan (GO:0042832),5/15,0.0180964977952466,0.0936504610123316,0,0,4.090032154340836,16.409359726657726,SLC11A1;NKG7;DEFA1;GBP4;PF4
GO_Biological_Process_2023,Gas Transport (GO:0015669),5/15,0.0180964977952466,0.0936504610123316,0,0,4.090032154340836,16.409359726657726,HBG1;CA2;HBB;HBA1;CYGB
GO_Biological_Process_2023,Negative Regulation Of Phagocytosis (GO:0050765),5/15,0.0180964977952466,0.0936504610123316,0,0,4.090032154340836,16.409359726657726,SYT11;SIRPA;HMGB1;CD47;CD300LF
GO_Biological_Process_2023,Negative Regulation Of Platelet Activation (GO:0010544),5/15,0.0180964977952466,0.0936504610123316,0,0,4.090032154340836,16.409359726657726,PDGFRA;THBD;PDGFB;SH2B3;PRKG1
GO_Biological_Process_2023,Neurotrophin Signaling Pathway (GO:0038179),5/15,0.0180964977952466,0.0936504610123316,0,0,4.090032154340836,16.409359726657726,RAP1A;BDNF;SORT1;MAGI2;RAPGEF2
GO_Biological_Process_2023,Positive Regulation Of Cell Activation (GO:0050867),5/15,0.0180964977952466,0.0936504610123316,0,0,4.090032154340836,16.409359726657726,SELP;FLNA;LILRA2;JAK2;TLR4
GO_Biological_Process_2023,Positive Regulation Of Muscle Cell Differentiation (GO:0051149),5/15,0.0180964977952466,0.0936504610123316,0,0,4.090032154340836,16.409359726657726,MYOCD;LAMA2;LAMB2;LAMB1;NID1
GO_Biological_Process_2023,Positive Regulation Of Potassium Ion Transport (GO:0043268),5/15,0.0180964977952466,0.0936504610123316,0,0,4.090032154340836,16.409359726657726,KCNE1;AMIGO1;FHL1;FLNA;ANK2
GO_Biological_Process_2023,Presynapse Assembly (GO:0099054),5/15,0.0180964977952466,0.0936504610123316,0,0,4.090032154340836,16.409359726657726,FZD1;PTPRD;NLGN4X;PTEN;LRP4
GO_Biological_Process_2023,Receptor Catabolic Process (GO:0032801),5/15,0.0180964977952466,0.0936504610123316,0,0,4.090032154340836,16.409359726657726,TGFB1;NEDD4;SNX25;PCSK9;GPRASP1
GO_Biological_Process_2023,Regulation Of Bicellular Tight Junction Assembly (GO:2000810),5/15,0.0180964977952466,0.0936504610123316,0,0,4.090032154340836,16.409359726657726,TJP1;CLDN5;PRKCH;MYO1C;PRKACA
GO_Biological_Process_2023,Regulation Of miRNA-mediated Gene Silencing (GO:0060964),5/15,0.0180964977952466,0.0936504610123316,0,0,4.090032154340836,16.409359726657726,TRIM71;FXR1;ZFP36;PPARG;LIMD1
GO_Biological_Process_2023,Regulation Of Monocyte Differentiation (GO:0045655),5/15,0.0180964977952466,0.0936504610123316,0,0,4.090032154340836,16.409359726657726,CD74;CD4;CDK6;CTNNBIP1;FOXP1
GO_Biological_Process_2023,Small GTPase Mediated Signal Transduction (GO:0007264),20/112,0.0181207176017174,0.0936634936155836,0,0,1.7823673732051644,7.148539712243357,DIRAS3;RRAD;RASGRF1;ARHGAP18;RASGRP2;FGF2;RERG;ART4;CNKSR2;TIAM1;DOK2;ARHGAP31;MRAS;RRAS;DOK6;PLCE1;RAPGEF2;RAPGEF5;RAPGEF6;RAPGEF4
GO_Biological_Process_2023,Cell Morphogenesis Involved In Neuron Differentiation (GO:0048667),15/77,0.0181573119914738,0.0937403810468912,0,0,1.982374919987496,7.946710529864285,MEF2A;NTNG1;MEF2C;DCC;APLP2;SDC2;LRP4;DCDC2;ANK3;MAP2;SLITRK6;MAP6;CNTN4;FGFR2;MFSD2A
GO_Biological_Process_2023,Chemokine-Mediated Signaling Pathway (GO:0070098),12/57,0.0184090981323328,0.094926723463738,0,0,2.1840860215053763,8.725227684122524,CCL14;CCL23;CXCL12;CCL21;XCL1;PPBP;CXCL3;CXCL2;SH2B3;CX3CL1;CCL15;PF4
GO_Biological_Process_2023,Positive Regulation Of MAP Kinase Activity (GO:0043406),17/91,0.0185015909098197,0.0949751876456121,0,0,1.882828787216778,7.512295858313239,PDGFRB;PTPN1;EDN1;MEF2C;FLT1;TGFB1;PLA2G1B;LRRK2;PDGFB;DAB2IP;FGF2;GHR;S100A12;TLR4;MAP2K5;SASH1;FGFR1
GO_Biological_Process_2023,Cardiac Muscle Cell Development (GO:0055013),7/26,0.0185285236324386,0.0949751876456121,0,0,3.0149546279491832,12.02497744379218,PDGFRB;PDGFRA;HEY2;MYH11;SORBS2;SLC8A1;TTN
GO_Biological_Process_2023,Negative Regulation Of Insulin Receptor Signaling Pathway (GO:0046627),7/26,0.0185285236324386,0.0949751876456121,0,0,3.0149546279491832,12.02497744379218,KANK1;PTPN1;PID1;PRKCB;INPP5K;PRKCQ;NCK1
GO_Biological_Process_2023,Regulation Of Actin Filament Bundle Assembly (GO:0032231),7/26,0.0185285236324386,0.0949751876456121,0,0,3.0149546279491832,12.02497744379218,PTGER4;SYNPO2;RDX;ASAP3;SYNPO;SHANK3;CX3CL1
GO_Biological_Process_2023,Regulation Of Vascular Endothelial Growth Factor Production (GO:0010574),7/26,0.0185285236324386,0.0949751876456121,0,0,3.0149546279491832,12.02497744379218,CCBE1;IL6;TGFB1;FLT4;RORA;PTGS2;IL6ST
GO_Biological_Process_2023,Negative Regulation Of Programmed Cell Death (GO:0043069),55/381,0.0187290885413698,0.0955624584394133,0,0,1.3874491276344747,5.5188250757478645,GSK3B;TFRC;CITED2;FLT4;CX3CL1;AQP1;CCND2;ARHGDIA;KDR;PROK2;CTSH;TMEM109;USP47;ANXA1;TSC22D1;HGF;HCK;RNF144B;SFRP1;CAT;FKBP8;NUPR1;GAS6;IL6ST;CRYAB;CD44;KANK2;GATA6;PIK3R1;FSTL1;FOXO1;SOCS2;SOCS3;GRK5;ERBB4;PDPN;FLNA;BNIP2;SNCA;CD74;EGR3;TSLP;ANGPT1;WFS1;DHCR24;CFLAR;SMAD6;TBX3;TJP1;BMP4;DAB2;IL6;FAS;TEK;BCL2L2
GO_Biological_Process_2023,Calcium-Dependent Cell-Cell Adhesion Via Plasma Membrane Cell Adhesion Molecules (GO:0016339),9/38,0.018753800347123,0.0955624584394133,0,0,2.540600155513592,10.102337942981167,CDH6;SELP;CDH5;CDH11;PCDHB16;CDH13;DCHS1;PCDHB4;PCDHB10
GO_Biological_Process_2023,Establishment Of Protein Localization To Plasma Membrane (GO:0061951),9/38,0.018753800347123,0.0955624584394133,0,0,2.540600155513592,10.102337942981167,GGA2;MACF1;RILPL2;KIF13A;RDX;ANK3;SPTBN1;OPTN;VAMP2
GO_Biological_Process_2023,Fatty Acid Transport (GO:0015908),9/38,0.018753800347123,0.0955624584394133,0,0,2.540600155513592,10.102337942981167,RBP7;FABP4;FABP5;SLCO3A1;SLCO2A1;PPARG;CD36;SLC27A3;MFSD2A
GO_Biological_Process_2023,Positive Regulation Of Axonogenesis (GO:0050772),9/38,0.018753800347123,0.0955624584394133,0,0,2.540600155513592,10.102337942981167,ROBO2;MACF1;NTRK2;TIAM1;BDNF;RUFY3;PLXNA2;MAP6;SLIT2
GO_Biological_Process_2023,Mesenchymal Cell Migration (GO:0090497),8/32,0.0190064921994044,0.0965082592148581,0,0,2.7283042011652867,10.812200423469184,SEMA5A;SEMA6A;ERBB4;SEMA6D;SEMA3G;SEMA3E;RADIL;CORO1C
GO_Biological_Process_2023,Negative Regulation Of G1/S Transition Of Mitotic Cell Cycle (GO:2000134),8/32,0.0190064921994044,0.0965082592148581,0,0,2.7283042011652867,10.812200423469184,KANK2;APC;NACC2;FHL1;FAM107A;JADE1;PTEN;KLF4
GO_Biological_Process_2023,Regulation Of Cholesterol Efflux (GO:0010874),8/32,0.0190064921994044,0.0965082592148581,0,0,2.7283042011652867,10.812200423469184,LRP1;ABCA3;CAV1;PTCH1;PPARG;ABCA8;SREBF2;CES1
GO_Biological_Process_2023,AV Node Cell To Bundle Of His Cell Communication (GO:0086067),3/6,0.0201175178578165,0.0979991050500406,0,0,8.1757687012391,31.93589589344011,GJC1;GJD3;GJA5
GO_Biological_Process_2023,Angiotensin-Activated Signaling Pathway (GO:0038166),3/6,0.0201175178578165,0.0979991050500406,0,0,8.1757687012391,31.93589589344011,CA2;CAV1;AGTR1
GO_Biological_Process_2023,Calcitonin Family Receptor Signaling Pathway (GO:0097646),3/6,0.0201175178578165,0.0979991050500406,0,0,8.1757687012391,31.93589589344011,RAMP2;CALCRL;RAMP3
GO_Biological_Process_2023,Cellular Hyperosmotic Response (GO:0071474),3/6,0.0201175178578165,0.0979991050500406,0,0,8.1757687012391,31.93589589344011,NFAT5;RCSD1;AQP1
GO_Biological_Process_2023,Cellular Response To Monoamine Stimulus (GO:0071868),3/6,0.0201175178578165,0.0979991050500406,0,0,8.1757687012391,31.93589589344011,GNG2;NR4A3;TGM2
GO_Biological_Process_2023,Cellular Response To Prostaglandin E Stimulus (GO:0071380),3/6,0.0201175178578165,0.0979991050500406,0,0,8.1757687012391,31.93589589344011,PTGER4;SFRP1;GNG2
GO_Biological_Process_2023,Dorsal Aorta Development (GO:0035907),3/6,0.0201175178578165,0.0979991050500406,0,0,8.1757687012391,31.93589589344011,HEY1;HEY2;ENG
GO_Biological_Process_2023,Dorsal Aorta Morphogenesis (GO:0035912),3/6,0.0201175178578165,0.0979991050500406,0,0,8.1757687012391,31.93589589344011,HEY1;HEY2;ENG
GO_Biological_Process_2023,Gap Junction Assembly (GO:0016264),3/6,0.0201175178578165,0.0979991050500406,0,0,8.1757687012391,31.93589589344011,GJC1;GJD3;GJA5
GO_Biological_Process_2023,Glomerular Epithelial Cell Development (GO:0072310),3/6,0.0201175178578165,0.0979991050500406,0,0,8.1757687012391,31.93589589344011,JAG1;PODXL;MAGI2
GO_Biological_Process_2023,Hemostasis (GO:0007599),3/6,0.0201175178578165,0.0979991050500406,0,0,8.1757687012391,31.93589589344011,P2RY12;VWF;FLI1
GO_Biological_Process_2023,Interleukin-3-Mediated Signaling Pathway (GO:0038156),3/6,0.0201175178578165,0.0979991050500406,0,0,8.1757687012391,31.93589589344011,FCER1G;IL3RA;JAK2
GO_Biological_Process_2023,Ketone Body Metabolic Process (GO:1902224),3/6,0.0201175178578165,0.0979991050500406,0,0,8.1757687012391,31.93589589344011,ACSS3;HMGCS2;HMGCLL1
GO_Biological_Process_2023,Locomotor Rhythm (GO:0045475),3/6,0.0201175178578165,0.0979991050500406,0,0,8.1757687012391,31.93589589344011,EGR1;ID2;PTEN
GO_Biological_Process_2023,Maintenance Of Protein Location In Extracellular Region (GO:0071694),3/6,0.0201175178578165,0.0979991050500406,0,0,8.1757687012391,31.93589589344011,LTBP1;NBL1;FBN1
GO_Biological_Process_2023,Membrane Biogenesis (GO:0044091),3/6,0.0201175178578165,0.0979991050500406,0,0,8.1757687012391,31.93589589344011,SERINC1;TLCD2;SPTBN1
GO_Biological_Process_2023,Negative Regulation Of Cardiocyte Differentiation (GO:1905208),3/6,0.0201175178578165,0.0979991050500406,0,0,8.1757687012391,31.93589589344011,FZD7;HEY2;SOX6
GO_Biological_Process_2023,Negative Regulation Of Dendritic Cell Apoptotic Process (GO:2000669),3/6,0.0201175178578165,0.0979991050500406,0,0,8.1757687012391,31.93589589344011,CXCL12;CCL21;GAS6
GO_Biological_Process_2023,Negative Regulation Of Heart Rate (GO:0010459),3/6,0.0201175178578165,0.0979991050500406,0,0,8.1757687012391,31.93589589344011,PLN;FKBP1B;SPX
GO_Biological_Process_2023,Pharyngeal Arch Artery Morphogenesis (GO:0061626),3/6,0.0201175178578165,0.0979991050500406,0,0,8.1757687012391,31.93589589344011,TGFB2;BMPR2;FOLR1
GO_Biological_Process_2023,Podocyte Development (GO:0072015),3/6,0.0201175178578165,0.0979991050500406,0,0,8.1757687012391,31.93589589344011,JAG1;PODXL;MAGI2
GO_Biological_Process_2023,Positive Regulation Of B Cell Receptor Signaling Pathway (GO:0050861),3/6,0.0201175178578165,0.0979991050500406,0,0,8.1757687012391,31.93589589344011,PRKCH;PRKCB;FOXP1
GO_Biological_Process_2023,Positive Regulation Of Blood Circulation (GO:1903524),3/6,0.0201175178578165,0.0979991050500406,0,0,8.1757687012391,31.93589589344011,TGFB2;ATP1A2;APLN
GO_Biological_Process_2023,Positive Regulation Of Membrane Depolarization (GO:1904181),3/6,0.0201175178578165,0.0979991050500406,0,0,8.1757687012391,31.93589589344011,MYOC;KDR;DCN
GO_Biological_Process_2023,Positive Regulation Of Unsaturated Fatty Acid Biosynthetic Process (GO:2001280),3/6,0.0201175178578165,0.0979991050500406,0,0,8.1757687012391,31.93589589344011,CD74;ANXA1;PTGS2
GO_Biological_Process_2023,Regulation Of I-kappaB Phosphorylation (GO:1903719),3/6,0.0201175178578165,0.0979991050500406,0,0,8.1757687012391,31.93589589344011,CX3CR1;SIRPA;CX3CL1
GO_Biological_Process_2023,Regulation Of Aldosterone Biosynthetic Process (GO:0032347),3/6,0.0201175178578165,0.0979991050500406,0,0,8.1757687012391,31.93589589344011,BMP6;BMP5;DKK3
GO_Biological_Process_2023,Regulation Of Blood-Brain Barrier Permeability (GO:1905603),3/6,0.0201175178578165,0.0979991050500406,0,0,8.1757687012391,31.93589589344011,TJP1;SH3GL2;TJP2
GO_Biological_Process_2023,Regulation Of Microglial Cell Migration (GO:1904139),3/6,0.0201175178578165,0.0979991050500406,0,0,8.1757687012391,31.93589589344011,CX3CR1;P2RY12;CX3CL1
GO_Biological_Process_2023,Regulation Of Skeletal Muscle Contraction (GO:0014819),3/6,0.0201175178578165,0.0979991050500406,0,0,8.1757687012391,31.93589589344011,DMPK;DMD;KCNJ2
GO_Biological_Process_2023,Regulation Of Skeletal Muscle Satellite Cell Proliferation (GO:0014842),3/6,0.0201175178578165,0.0979991050500406,0,0,8.1757687012391,31.93589589344011,ANGPT1;CFLAR;FGF2
GO_Biological_Process_2023,Regulation Of Smooth Muscle Cell Differentiation (GO:0051150),3/6,0.0201175178578165,0.0979991050500406,0,0,8.1757687012391,31.93589589344011,MYOCD;FOXO4;FGFR2
GO_Biological_Process_2023,Regulation Of Systemic Arterial Blood Pressure By Renin-Angiotensin (GO:0003081),3/6,0.0201175178578165,0.0979991050500406,0,0,8.1757687012391,31.93589589344011,ENPEP;AGTR1;AGTR2
GO_Biological_Process_2023,Synaptic Signaling (GO:0099536),3/6,0.0201175178578165,0.0979991050500406,0,0,8.1757687012391,31.93589589344011,DTNA;DPYSL2;UTRN
GO_Biological_Process_2023,Vascular Associated Smooth Muscle Cell Development (GO:0097084),3/6,0.0201175178578165,0.0979991050500406,0,0,8.1757687012391,31.93589589344011,RAMP2;HEY2;ENG
GO_Biological_Process_2023,Vascular Associated Smooth Muscle Contraction (GO:0014829),3/6,0.0201175178578165,0.0979991050500406,0,0,8.1757687012391,31.93589589344011,EDNRA;EDNRB;SLC8A1
GO_Biological_Process_2023,Cellular Response To Metal Ion (GO:0071248),23/135,0.0201974151355947,0.0982773886417441,0,0,1.6841378283596904,6.571843722363346,MEF2A;PRNP;MEF2C;JUN;CLIC4;DMTN;LRRK2;MT1M;SYT15;ANK3;FOS;RASGRP2;CLU;BMP6;ADD1;AQP1;ITPKB;SYT11;ALOX5AP;ZNF658;FBP1;MT1E;SNCA
GO_Biological_Process_2023,Regulation Of Neuron Death (GO:1901214),12/58,0.0209769185322022,0.101840697845877,0,0,2.1364856742135845,8.256091161771103,EFNB2;C1QA;EGR1;PRNP;MEF2C;TYROBP;LRRK2;PCSK9;FYN;DHCR24;CLU;SNCA
GO_Biological_Process_2023,Response To Organic Cyclic Compound (GO:0014070),12/58,0.0209769185322022,0.101840697845877,0,0,2.1364856742135845,8.256091161771103,PAQR8;SOCS2;SFRP1;ANXA1;TGFB1;IGFBP5;SLC1A1;TPR;ALPL;FGFR4;CLU;TLR3
GO_Biological_Process_2023,Negative Regulation Of Interleukin-2 Production (GO:0032703),6/21,0.0214565717476899,0.1037027588611757,0,0,3.272610294117647,12.57246650884292,PRNP;ZFP36;NAV3;SFTPD;XCL1;VSIG4
GO_Biological_Process_2023,Positive Regulation Of Blood Coagulation (GO:0030194),6/21,0.0214565717476899,0.1037027588611757,0,0,3.272610294117647,12.57246650884292,THBD;DMTN;APOH;F2R;CNTN1;EMILIN1
GO_Biological_Process_2023,Regulation Of Cardiac Conduction (GO:1903779),6/21,0.0214565717476899,0.1037027588611757,0,0,3.272610294117647,12.57246650884292,TRPC1;GJA5;ANK2;TBX5;PRKACA;SLC8A1
GO_Biological_Process_2023,Regulation Of Lipopolysaccharide-Mediated Signaling Pathway (GO:0031664),6/21,0.0214565717476899,0.1037027588611757,0,0,3.272610294117647,12.57246650884292,CARD16;CD36;LILRA2;TRIB1;CX3CL1;SASH1
GO_Biological_Process_2023,Fibroblast Growth Factor Receptor Signaling Pathway (GO:0008543),9/39,0.0220876496965466,0.1062768072355576,0,0,2.455775425678785,9.363225003855224,TRIM71;KL;FGF7;RAB14;FLRT3;FGFR4;FGF2;FGFR2;FGFR1
GO_Biological_Process_2023,Odontogenesis (GO:0042476),9/39,0.0220876496965466,0.1062768072355576,0,0,2.455775425678785,9.363225003855224,BMP4;TGFB2;BMP2;ODAM;LAMB1;MSX1;AXIN2;FGFR2;AQP1
GO_Biological_Process_2023,Positive Regulation Of Intracellular Transport (GO:0032388),9/39,0.0220876496965466,0.1062768072355576,0,0,2.455775425678785,9.363225003855224,EHD1;EHD2;PGAP1;ACTN2;NEDD4;RUFY3;TPR;PRR5L;VAMP2
GO_Biological_Process_2023,Regulation Of Protein Tyrosine Kinase Activity (GO:0061097),9/39,0.0220876496965466,0.1062768072355576,0,0,2.455775425678785,9.363225003855224,PRNP;PTPN1;ACE;HYAL2;CAV1;PDGFB;SH3BP5;NEDD9;GAS6
GO_Biological_Process_2023,Activation Of Phospholipase C Activity (GO:0007202),7/27,0.02271954539658,0.1086454885948547,0,0,2.8640459770114943,10.839067045790944,P2RY12;EDNRA;GNAQ;C5AR1;ANG;ARHGAP6;SELE
GO_Biological_Process_2023,Cardiac Muscle Cell Differentiation (GO:0055007),7/27,0.02271954539658,0.1086454885948547,0,0,2.8640459770114943,10.839067045790944,AKAP13;MEF2C;MYOCD;BMP2;MYH11;SLC8A1;TTN
GO_Biological_Process_2023,Cardiac Muscle Contraction (GO:0060048),8/33,0.0227561449698212,0.1086454885948547,0,0,2.61902483900644,9.907561605029484,GSN;TNNC1;TNNT2;CASQ2;DMD;SCN4B;SLC8A1;TTN
GO_Biological_Process_2023,Inositol Lipid-Mediated Signaling (GO:0048017),8/33,0.0227561449698212,0.1086454885948547,0,0,2.61902483900644,9.907561605029484,PDGFRB;PDGFRA;INPP5A;PLCB4;PLCE1;PIK3C3;GAB2;FGFR1
GO_Biological_Process_2023,Lung Development (GO:0030324),8/33,0.0227561449698212,0.1086454885948547,0,0,2.61902483900644,9.907561605029484,BMP4;CEBPA;CCDC39;FGF7;FOXF1;PDPN;TCF21;FGFR2
GO_Biological_Process_2023,Positive Regulation Of Nitrogen Compound Metabolic Process (GO:0051173),8/33,0.0227561449698212,0.1086454885948547,0,0,2.61902483900644,9.907561605029484,TGFB1;WFS1;PDGFB;AGTR1;GATA3;KLF4;MAP2K5;KLF2
GO_Biological_Process_2023,Positive Regulation Of Release Of Sequestered Calcium Ion Into Cytosol (GO:0051281),8/33,0.0227561449698212,0.1086454885948547,0,0,2.61902483900644,9.907561605029484,GPER1;TRPC1;F2R;APLNR;XCL1;CALM1;CX3CL1;SNCA
GO_Biological_Process_2023,Positive Regulation Of Macromolecule Biosynthetic Process (GO:0010557),21/122,0.0230781305751804,0.1100610072513577,0,0,1.7046426067872869,6.424576105685586,PDGFRB;IL33;TGFB2;CCL21;HGF;CIRBP;PDGFB;IGF2;SAMD4A;SORBS1;KLF4;FGF2;LARP6;FXR1;IL6;RGCC;KDR;VIM;FGFR4;JAK2;TLR4
GO_Biological_Process_2023,Positive Regulation Of Nucleic Acid-Templated Transcription (GO:1903508),76/557,0.0236636472250374,0.1126255312076121,0,0,1.3007208391823777,4.869658553771523,CDKN1C;ACVRL1;CALCOCO1;CITED2;TGFB1I1;RORA;FGF2;ETS1;FGF7;HHEX;LBH;SOX17;SOX18;NOS1;MEF2C;MYOCD;F2R;RFX3;MITF;FOS;RGMB;KAT2B;PPM1A;SFRP1;NR5A2;TAL1;WAC;PPARG;CREB5;FOXC2;ENY2;CASZ1;MYRF;NOTCH4;GATA6;PDGFB;GATA3;PRDM11;FOXO3;FOXO1;ERBB4;PRDM16;ATOH8;HAS3;INPP5K;HIVEP3;ZNF423;PPARGC1A;FZD1;EGR1;ARNT2;CD74;JUN;EGR2;TGFB1;FOXF2;FZD4;FOXF1;FZD7;ZBTB16;CNBP;NR2F2;KLF4;TBX5;SMARCA2;FLI1;KLF2;BMP4;KLF6;BMP2;IL6;CD4;NFIB;ID2;TCF4;FOXA2
GO_Biological_Process_2023,Chondroitin Sulfate Metabolic Process (GO:0030204),5/16,0.0240072958088515,0.1126255312076121,0,0,3.718002254979747,13.865908325107378,CSGALNACT1;CHST9;CHST7;DSEL;NDNF
GO_Biological_Process_2023,Innate Immune Response-Activating Signaling Pathway (GO:0002758),5/16,0.0240072958088515,0.1126255312076121,0,0,3.718002254979747,13.865908325107378,HCK;CASP1;NLRC4;LILRA2;CLEC4E
GO_Biological_Process_2023,Mesonephric Tubule Development (GO:0072164),5/16,0.0240072958088515,0.1126255312076121,0,0,3.718002254979747,13.865908325107378,ROBO2;TCF21;SLIT2;NPNT;FGFR2
GO_Biological_Process_2023,Negative Regulation Of Cytokine Production Involved In Immune Response (GO:0002719),5/16,0.0240072958088515,0.1126255312076121,0,0,3.718002254979747,13.865908325107378,TGFB2;TGFB1;XCL1;IRAK3;SMAD7
GO_Biological_Process_2023,Negative Regulation Of Receptor Signaling Pathway Via JAK-STAT (GO:0046426),5/16,0.0240072958088515,0.1126255312076121,0,0,3.718002254979747,13.865908325107378,PPP2CA;SOCS3;LEPROT;CAV1;SH2B3
GO_Biological_Process_2023,Positive Regulation Of Positive Chemotaxis (GO:0050927),5/16,0.0240072958088515,0.1126255312076121,0,0,3.718002254979747,13.865908325107378,CXCL12;CNTN1;KDR;VEGFC;CDH13
GO_Biological_Process_2023,Positive Regulation Of Smooth Muscle Cell Migration (GO:0014911),5/16,0.0240072958088515,0.1126255312076121,0,0,3.718002254979747,13.865908325107378,PDGFRB;DOCK4;NR4A3;IGFBP5;PDGFB
GO_Biological_Process_2023,Regulation Of Blood Vessel Endothelial Cell Proliferation Involved In Sprouting Angiogenesis (GO:1903587),5/16,0.0240072958088515,0.1126255312076121,0,0,3.718002254979747,13.865908325107378,PPP1R16B;MMRN2;APLNR;GATA2;FGF2
GO_Biological_Process_2023,Regulation Of Fatty Acid Oxidation (GO:0046320),5/16,0.0240072958088515,0.1126255312076121,0,0,3.718002254979747,13.865908325107378,NR4A3;ACADL;APLP2;PDK4;PPARGC1A
GO_Biological_Process_2023,Regulation Of Nucleocytoplasmic Transport (GO:0046822),5/16,0.0240072958088515,0.1126255312076121,0,0,3.718002254979747,13.865908325107378,BMP4;GSK3B;TGFB1;NEDD4;TPR
GO_Biological_Process_2023,Regulation Of Protein Kinase A Signaling (GO:0010738),5/16,0.0240072958088515,0.1126255312076121,0,0,3.718002254979747,13.865908325107378,AKAP12;RAMP3;LRRK2;AKAP7;ADRB2
GO_Biological_Process_2023,Regulation Of Steroid Biosynthetic Process (GO:0050810),5/16,0.0240072958088515,0.1126255312076121,0,0,3.718002254979747,13.865908325107378,EGR1;BMP2;FGFR4;BMP5;CES1
GO_Biological_Process_2023,Regulation Of Transforming Growth Factor Beta Production (GO:0071634),5/16,0.0240072958088515,0.1126255312076121,0,0,3.718002254979747,13.865908325107378,TGFB2;XCL1;LRRC32;PTGS2;LTBP1
GO_Biological_Process_2023,Response To UV-B (GO:0010224),5/16,0.0240072958088515,0.1126255312076121,0,0,3.718002254979747,13.865908325107378,MFAP4;MME;HYAL1;HYAL2;CRIP1
GO_Biological_Process_2023,Central Nervous System Development (GO:0007417),42/283,0.0241531956624319,0.1131869625179766,0,0,1.4314072982510568,5.329614020236555,ROBO2;CCL14;CX3CR1;C1QA;SH3GL3;COX7B;NDRG4;RTN1;SHC3;MYRF;AMIGO1;PTEN;PCDH18;DLL1;APOD;TPPP;SOX6;SPTBN1;SH3GL2;MFSD2A;ARNT2;EGR2;GSN;CNTN6;APLP2;PTCH1;ZBTB16;SHROOM2;EML1;MEIS2;PBX1;SHROOM4;TGFBR2;NR4A2;MEIS1;NFASC;NFIB;CNTN1;MAL;AGTR2;CNTN4;NES
GO_Biological_Process_2023,Epithelial Cell Migration (GO:0010631),10/46,0.0243203985478673,0.1134776650082111,0,0,2.27414569265398,8.451725641316168,KANK2;KANK1;STARD13;ZEB2;DAAM2;TNFSF12;PXN;S100A12;CDH13;FSTL1
GO_Biological_Process_2023,Homotypic Cell-Cell Adhesion (GO:0034109),10/46,0.0243203985478673,0.1134776650082111,0,0,2.27414569265398,8.451725641316168,P2RY12;PDGFRA;CSRP1;UBASH3B;HBB;FLNA;TLN1;MYL9;VCL;TJP2
GO_Biological_Process_2023,Negative Regulation Of Cold-Induced Thermogenesis (GO:0120163),10/46,0.0243203985478673,0.1134776650082111,0,0,2.27414569265398,8.451725641316168,FOXC2;ADAMTS5;LAMA4;PLCL1;NPR3;ALDH1A1;ID1;ZNF423;TLR4;IL18R1
GO_Biological_Process_2023,Regulation Of Interleukin-10 Production (GO:0032653),10/46,0.0243203985478673,0.1134776650082111,0,0,2.27414569265398,8.451725641316168,CD274;IL6;TYROBP;TSLP;XCL1;HMGB1;CD47;DLL1;TLR4;TRIB2
GO_Biological_Process_2023,Positive Regulation Of I-kappaB kinase/NF-kappaB Signaling (GO:0043123),28/175,0.0246566609402593,0.1144100962571268,0,0,1.5626298801786267,5.785962461989648,TFRC;SLC44A2;CX3CL1;AKAP13;GJA1;TNFSF10;CASP1;S100A12;FLNA;WLS;CD74;MAP3K3;NDFIP2;NDFIP1;CCL21;PRKCB;F2R;TNFRSF19;CFLAR;MID2;FKBP1A;PPM1A;CD4;VAPA;ROR1;S100A4;CARD16;PRKD1
GO_Biological_Process_2023,Carbon Dioxide Transport (GO:0015670),4/11,0.0248383364673141,0.1144100962571268,0,0,4.672963400236127,17.26831471374995,CA2;HBG1;HBB;HBA1
GO_Biological_Process_2023,Central Nervous System Myelination (GO:0022010),4/11,0.0248383364673141,0.1144100962571268,0,0,4.672963400236127,17.26831471374995,MYRF;PTEN;CLU;GPM6B
GO_Biological_Process_2023,Complement Receptor Mediated Signaling Pathway (GO:0002430),4/11,0.0248383364673141,0.1144100962571268,0,0,4.672963400236127,17.26831471374995,C5AR1;FPR1;FPR2;CMKLR1
GO_Biological_Process_2023,Lipoprotein Transport (GO:0042953),4/11,0.0248383364673141,0.1144100962571268,0,0,4.672963400236127,17.26831471374995,LRP1;PRKCB;PPARG;CD36
GO_Biological_Process_2023,Negative Regulation Of Bone Remodeling (GO:0046851),4/11,0.0248383364673141,0.1144100962571268,0,0,4.672963400236127,17.26831471374995,IL6;SFRP1;UBASH3B;TMEM119
GO_Biological_Process_2023,Negative Regulation Of calcineurin-NFAT Signaling Cascade (GO:0070885),4/11,0.0248383364673141,0.1144100962571268,0,0,4.672963400236127,17.26831471374995,GSK3B;PRNP;RCAN1;MYOZ1
GO_Biological_Process_2023,Negative Regulation Of Calcineurin-Mediated Signaling (GO:0106057),4/11,0.0248383364673141,0.1144100962571268,0,0,4.672963400236127,17.26831471374995,GSK3B;PRNP;RCAN1;MYOZ1
GO_Biological_Process_2023,Negative Regulation Of Heart Contraction (GO:0045822),4/11,0.0248383364673141,0.1144100962571268,0,0,4.672963400236127,17.26831471374995,PLN;FKBP1B;ATP1A2;SPX
GO_Biological_Process_2023,Negative Regulation Of Voltage-Gated Potassium Channel Activity (GO:1903817),4/11,0.0248383364673141,0.1144100962571268,0,0,4.672963400236127,17.26831471374995,KCNE1;CAV1;KCNAB1;KCNRG
GO_Biological_Process_2023,Regulation Of Cell Activation (GO:0050865),4/11,0.0248383364673141,0.1144100962571268,0,0,4.672963400236127,17.26831471374995,IL6;FCER1G;GNAQ;LILRA2
GO_Biological_Process_2023,Regulation Of Keratinocyte Migration (GO:0051547),4/11,0.0248383364673141,0.1144100962571268,0,0,4.672963400236127,17.26831471374995,FGF7;IQSEC1;PTEN;MAPRE2
GO_Biological_Process_2023,Regulation Of Protein Localization To Plasma Membrane (GO:1903076),15/80,0.0250936674744295,0.1154629731552643,0,0,1.890561215434312,6.966982297152058,PID1;PRKCH;RAMP3;TGFB1;LRP1;STAC;PRKCE;PIK3R1;SORBS1;ZDHHC2;NKD2;DAB2;GPER1;EPHA3;SPTBN1
GO_Biological_Process_2023,Negative Regulation Of Metabolic Process (GO:0009892),11/53,0.0258744170444398,0.1186758596852308,0,0,2.1444583360751026,7.836924184365761,ADAMTS5;FOXC2;LAMA4;PLCL1;ALDH1A1;NPR3;ID1;CCDC3;ZNF423;TLR4;IL18R1
GO_Biological_Process_2023,Regulation Of Receptor Signaling Pathway Via JAK-STAT (GO:0046425),11/53,0.0258744170444398,0.1186758596852308,0,0,2.1444583360751026,7.836924184365761,GHR;SOCS3;LEPROT;IL6;ERBB4;CAV1;F2R;JAK2;CALM1;IL7R;SH2B3
GO_Biological_Process_2023,Tight Junction Assembly (GO:0120192),11/53,0.0258744170444398,0.1186758596852308,0,0,2.1444583360751026,7.836924184365761,CLDN22;CLDN11;CDH5;CLDN5;RAMP2;PDCD6IP;APC;PECAM1;CLDN18;ESAM;MPDZ
GO_Biological_Process_2023,Regulation Of Proteasomal Ubiquitin-Dependent Protein Catabolic Process (GO:0032434),19/109,0.0263156814377348,0.1205716359716175,0,0,1.730271741922227,6.2940196443954495,GSK3B;CEBPA;FOXF2;RNF180;LRRK2;AXIN2;PRICKLE1;CLU;CBFA2T3;PIAS1;SMAD7;NKD2;SH3RF3;RNF144B;DAB2;WAC;TRIB1;TRIB2;N4BP1
GO_Biological_Process_2023,Negative Regulation Of Response To External Stimulus (GO:0032102),24/146,0.0266527263806708,0.1219863913668878,0,0,1.6131512177334812,5.847453502108834,PTGER4;PTGIS;PTEN;RORA;IRAK3;FPR2;GATA3;LILRA2;KLF4;FGF2;FXR1;CDH5;PPP6C;MYO1C;MMRN1;CD109;GPER1;ALOX5;SIRPA;SLC39A8;PPARG;CARD16;TEK;TRIB1
GO_Biological_Process_2023,Fc Receptor Mediated Stimulatory Signaling Pathway (GO:0002431),6/22,0.0268498937319053,0.1224990923328787,0,0,3.0678998161764706,11.09810738559316,FGR;HCK;FCER1G;NR4A3;PRKCE;FYN
GO_Biological_Process_2023,Mammary Gland Development (GO:0030879),6/22,0.0268498937319053,0.1224990923328787,0,0,3.0678998161764706,11.09810738559316,ERBB4;CAV1;NOTCH4;JAK2;WNT2;TBX3
GO_Biological_Process_2023,Regulation Of Neural Precursor Cell Proliferation (GO:2000177),6/22,0.0268498937319053,0.1224990923328787,0,0,3.0678998161764706,11.09810738559316,TRIM71;LRRK2;ID2;NAP1L1;GATA2;NES
GO_Biological_Process_2023,Homophilic Cell Adhesion Via Plasma Membrane Adhesion Molecules (GO:0007156),12/60,0.026894321302074,0.1225722183101918,0,0,2.047235023041474,7.402474528663859,ROBO2;ROBO4;CADM1;PALLD;CNTN6;PECAM1;PTPRM;CDH13;NEXN;ESAM;HMCN1;CNTN4
GO_Biological_Process_2023,Regulation Of Neurogenesis (GO:0050767),13/67,0.0274965422490986,0.1245089897661981,0,0,1.971654457592678,7.085524802673983,CX3CR1;MME;APLP2;NAP1L1;DLL1;CX3CL1;FXR1;HEYL;IL6;HEY1;GPER1;HEY2;TGM2
GO_Biological_Process_2023,Golgi To Plasma Membrane Protein Transport (GO:0043001),7/28,0.027521217849155,0.1245089897661981,0,0,2.727509578544061,9.799390996022169,GGA2;MACF1;KIF13A;ANK3;SPTBN1;OPTN;VAMP2
GO_Biological_Process_2023,Cell-Substrate Junction Assembly (GO:0007044),7/28,0.027521217849155,0.1245089897661981,0,0,2.727509578544061,9.799390996022169,DST;ACTN2;PEAK1;CDH11;ITGA6;SORBS1;FERMT2
GO_Biological_Process_2023,Fatty Acid Derivative Biosynthetic Process (GO:1901570),7/28,0.027521217849155,0.1245089897661981,0,0,2.727509578544061,9.799390996022169,GGTLC1;ACSS3;ALOX5;HMGCS2;FAR2;GGT1;HMGCLL1
GO_Biological_Process_2023,Hematopoietic Progenitor Cell Differentiation (GO:0002244),7/28,0.027521217849155,0.1245089897661981,0,0,2.727509578544061,9.799390996022169,BMP4;SFRP1;TGFB1;FST;TMEM190;SBDS;FSTL3
GO_Biological_Process_2023,Negative Regulation Of Signaling (GO:0023057),7/28,0.027521217849155,0.1245089897661981,0,0,2.727509578544061,9.799390996022169,PTPN1;UBASH3B;KIF26A;HHIP;PCSK9;LDLR;OPTN
GO_Biological_Process_2023,Sterol Biosynthetic Process (GO:0016126),7/28,0.027521217849155,0.1245089897661981,0,0,2.727509578544061,9.799390996022169,HMGCS1;FAXDC2;INSIG1;MSMO1;DHCR24;LSS;CES1
GO_Biological_Process_2023,Positive Regulation Of Lymphocyte Proliferation (GO:0050671),14/74,0.0277729582891628,0.1254874950438074,0,0,1.9112238622386224,6.849238535110464,CD274;CD74;MEF2C;ANXA1;TFRC;LILRB2;HLA-E;BST1;FCGR3A;IL6;JAK2;IL6ST;HLA-DPA1;NCK1
GO_Biological_Process_2023,Cellular Response To Interleukin-1 (GO:0071347),15/81,0.0277956546019184,0.1254874950438074,0,0,1.861811469564123,6.670638848467945,CCL14;EGR1;CCL23;PTGIS;CCL21;DAB2IP;IRAK3;CX3CL1;SFRP1;HYAL1;HYAL2;SIRPA;XCL1;CD47;CCL15
GO_Biological_Process_2023,Bicellular Tight Junction Assembly (GO:0070830),10/47,0.0279701545318334,0.1261433510547471,0,0,2.2125578617291324,7.913472607958068,CLDN22;CLDN11;CDH5;CLDN5;RAMP2;PDCD6IP;APC;PECAM1;CLDN18;ESAM
GO_Biological_Process_2023,Adenylate Cyclase-Activating G Protein-Coupled Receptor Signaling Pathway (GO:0007189),19/110,0.0286686414372699,0.1291585140326274,0,0,1.711161238207008,6.077961532442231,PTGER4;PTGFR;PTGIR;RAMP2;CALCRL;RAMP3;ADCY4;ADRB1;GPR4;ADRB2;PTH1R;ADCY9;GNG2;TBXA2R;GPR161;GNAQ;GPER1;RAPGEF2;PF4
GO_Biological_Process_2023,Apical Junction Assembly (GO:0043297),11/54,0.0293968181648797,0.1322810885244035,0,0,2.0944693796664278,7.386918783476029,CLDN22;CLDN11;CDH5;CLDN5;RAMP2;PDCD6IP;APC;PECAM1;CLDN18;ESAM;VCL
GO_Biological_Process_2023,Response To Cytokine (GO:0034097),21/125,0.0294230410063548,0.1322810885244035,0,0,1.6551899049585306,5.836161872970919,CD274;NFAT5;CD74;CSF3;PID1;ANXA1;MME;SLC11A1;LIFR;IRAK3;AFF3;SELE;SELP;LAMP3;ALDH1A2;TIMP2;TIMP3;IL6ST;JAK2;SNCA;FOXA2
GO_Biological_Process_2023,Visual System Development (GO:0150063),9/41,0.0299886414394267,0.1346836383481434,0,0,2.3020306028531983,8.073075347150759,C1QA;RS1;TGFB2;MEIS1;CPAMD8;CHRDL1;MEIS2;PBX1;FREM2
GO_Biological_Process_2023,Cellular Response To Glucocorticoid Stimulus (GO:0071385),5/17,0.0310298241784759,0.1372179520023587,0,0,3.407977338845506,11.835245740766196,ZFP36;KLF9;FAM107A;ZFP36L2;AQP1
GO_Biological_Process_2023,Central Nervous System Neuron Development (GO:0021954),5/17,0.0310298241784759,0.1372179520023587,0,0,3.407977338845506,11.835245740766196,NTRK2;MAP2;PTEN;LHX6;RAPGEF2
GO_Biological_Process_2023,Embryo Development Ending In Birth Or Egg Hatching (GO:0009792),5/17,0.0310298241784759,0.1372179520023587,0,0,3.407977338845506,11.835245740766196,SCEL;TGFB2;NR5A2;RAI2;FGFR1
GO_Biological_Process_2023,Embryonic Heart Tube Development (GO:0035050),5/17,0.0310298241784759,0.1372179520023587,0,0,3.407977338845506,11.835245740766196,NDRG4;SOX17;CITED2;SOX18;TBX2
GO_Biological_Process_2023,Filopodium Assembly (GO:0046847),5/17,0.0310298241784759,0.1372179520023587,0,0,3.407977338845506,11.835245740766196,DNM3;FMNL3;FGD4;FGD5;SPAG6
GO_Biological_Process_2023,Leukocyte Tethering Or Rolling (GO:0050901),5/17,0.0310298241784759,0.1372179520023587,0,0,3.407977338845506,11.835245740766196,CX3CR1;SELP;SELPLG;SELE;JAM2
GO_Biological_Process_2023,Motile Cilium Assembly (GO:0044458),5/17,0.0310298241784759,0.1372179520023587,0,0,3.407977338845506,11.835245740766196,CCDC39;RSPH9;ZMYND10;SPATA6;ENKD1
GO_Biological_Process_2023,Myeloid Cell Activation Involved In Immune Response (GO:0002275),5/17,0.0310298241784759,0.1372179520023587,0,0,3.407977338845506,11.835245740766196,FCER1G;MYO1C;TYROBP;LILRA2;DNASE1L3
GO_Biological_Process_2023,Neuron Maturation (GO:0042551),5/17,0.0310298241784759,0.1372179520023587,0,0,3.407977338845506,11.835245740766196,C1QA;LGI4;ANKS1A;SCARF1;CX3CL1
GO_Biological_Process_2023,Positive Regulation Of Cell Adhesion Mediated By Integrin (GO:0033630),5/17,0.0310298241784759,0.1372179520023587,0,0,3.407977338845506,11.835245740766196,P2RY12;FOXC2;TGFB2;CCL21;PODXL
GO_Biological_Process_2023,Positive Regulation Of Glial Cell Differentiation (GO:0045687),5/17,0.0310298241784759,0.1372179520023587,0,0,3.407977338845506,11.835245740766196,EGR2;BMP2;TGFB1;ID2;PTN
GO_Biological_Process_2023,Positive Regulation Of Leukocyte Adhesion To Vascular Endothelial Cell (GO:1904996),5/17,0.0310298241784759,0.1372179520023587,0,0,3.407977338845506,11.835245740766196,SELP;NFAT5;IL6;ETS1;SELE
GO_Biological_Process_2023,Positive Regulation Of Potassium Ion Transmembrane Transport (GO:1901381),5/17,0.0310298241784759,0.1372179520023587,0,0,3.407977338845506,11.835245740766196,KCNE1;AMIGO1;FLNA;ANK2;ANO6
GO_Biological_Process_2023,Regulation Of Adenylate Cyclase Activity (GO:0045761),5/17,0.0310298241784759,0.1372179520023587,0,0,3.407977338845506,11.835245740766196,EDNRB;PALM;CACNA1D;CACNA1C;GNAI2
GO_Biological_Process_2023,Regulation Of Delayed Rectifier Potassium Channel Activity (GO:1902259),5/17,0.0310298241784759,0.1372179520023587,0,0,3.407977338845506,11.835245740766196,KCNE1;KCNAB1;ANK3;KCNRG;VAMP2
GO_Biological_Process_2023,Cytoskeleton Organization (GO:0007010),19/111,0.0311760204064097,0.1376883822256837,0,0,1.692466180224728,5.869652209874059,SEMA6A;DMTN;KRT4;DST;ARAP3;NEDD9;LIMD1;FMNL3;FGD4;FGD5;DES;PALLD;DPYSL2;EPB41L3;RANBP10;PLCE1;TNIK;WASF3;SH3D19
GO_Biological_Process_2023,Positive Regulation Of Cytokine Production (GO:0001819),46/320,0.0313459604562497,0.1376883822256837,0,0,1.3789059296317558,4.774696020617048,PTGER4;FCN1;CD274;PLA2G1B;FLT4;RORA;GATA3;HMGB1;LILRA2;PTGS2;AGER;HYAL2;CASP1;JAK2;SPTBN1;HLA-DPA1;CCBE1;EGR1;CD74;IL33;ANXA1;FCER1G;TGFB1;CADM1;TSLP;SLC11A1;F2R;CRTAM;LILRB2;ALOX15B;HLA-E;FOXP1;FGR;IL6;CD4;TYROBP;RGCC;CNTN1;TLR8;XCL1;PRKCQ;IL17D;IL6ST;TLR4;TLR3;IL18R1
GO_Biological_Process_2023,Positive Regulation Of Developmental Process (GO:0051094),35/233,0.0315718079832261,0.1376883822256837,0,0,1.4506970026299324,5.0128700141962,GSK3B;BMPR2;TFRC;PDGFB;VLDLR;PTN;CORO1C;SYDE1;GJA1;SAP30L;KDR;ENPP2;SOX6;TAPT1;SOX5;ZBED3;CLASP2;SMARCE1;FZD4;FST;ZBTB16;DAB2IP;COBL;SMARCA2;DCN;BMP5;BMP4;BMP2;MMRN2;TMEM119;PPARG;PHLDB2;SHANK3;FOXA2;FGFR1
GO_Biological_Process_2023,Action Potential (GO:0001508),8/35,0.0317561618467481,0.1376883822256837,0,0,2.424750417390712,8.364585131742984,KCNE1;GNA11;GPER1;GNAQ;KCNMB4;DMD;ANK3;KCNJ2
GO_Biological_Process_2023,Negative Regulation Of Cell Cycle G1/S Phase Transition (GO:1902807),8/35,0.0317561618467481,0.1376883822256837,0,0,2.424750417390712,8.364585131742984,KANK2;APC;SUSD2;FHL1;FAM107A;JADE1;PTEN;KLF4
GO_Biological_Process_2023,Positive Regulation Of Reactive Oxygen Species Metabolic Process (GO:2000379),10/48,0.031992934139286,0.1376883822256837,0,0,2.154211495589803,7.415313428187602,PDGFRB;PID1;TGFB1;TYROBP;PDGFB;AGTR1;FPR2;CD36;TLR4;TGFBR2
GO_Biological_Process_2023,Atrial Cardiac Muscle Cell To AV Node Cell Signaling (GO:0086026),3/7,0.0323803771916286,0.1376883822256837,0,0,6.131482331344653,21.03222713695724,GJC1;GJA1;KCNA5
GO_Biological_Process_2023,Cellular Response To Interferon-Alpha (GO:0035457),3/7,0.0323803771916286,0.1376883822256837,0,0,6.131482331344653,21.03222713695724,TPR;GATA3;GAS6
GO_Biological_Process_2023,Dermatan Sulfate Proteoglycan Biosynthetic Process (GO:0050651),3/7,0.0323803771916286,0.1376883822256837,0,0,6.131482331344653,21.03222713695724,CSGALNACT1;DSEL;UST
GO_Biological_Process_2023,Ethanol Oxidation (GO:0006069),3/7,0.0323803771916286,0.1376883822256837,0,0,6.131482331344653,21.03222713695724,ADH1C;ADH1B;ADH1A
GO_Biological_Process_2023,Folic Acid Transport (GO:0015884),3/7,0.0323803771916286,0.1376883822256837,0,0,6.131482331344653,21.03222713695724,PDPN;FOLR3;FOLR1
GO_Biological_Process_2023,Hyperosmotic Response (GO:0006972),3/7,0.0323803771916286,0.1376883822256837,0,0,6.131482331344653,21.03222713695724,NFAT5;RCSD1;TLR3
GO_Biological_Process_2023,Immunological Synapse Formation (GO:0001771),3/7,0.0323803771916286,0.1376883822256837,0,0,6.131482331344653,21.03222713695724,CCL21;PRF1;MSN
GO_Biological_Process_2023,Leukocyte Aggregation (GO:0070486),3/7,0.0323803771916286,0.1376883822256837,0,0,6.131482331344653,21.03222713695724,CD44;JAM2;S100A8
GO_Biological_Process_2023,Monosaccharide Biosynthetic Process (GO:0046364),3/7,0.0323803771916286,0.1376883822256837,0,0,6.131482331344653,21.03222713695724,DSEL;UST;RGN
GO_Biological_Process_2023,Negative Regulation Of SMAD Protein Signal Transduction (GO:0060392),3/7,0.0323803771916286,0.1376883822256837,0,0,6.131482331344653,21.03222713695724,LRP1;VEPH1;PPARG
GO_Biological_Process_2023,Negative Regulation Of Glial Cell Apoptotic Process (GO:0034351),3/7,0.0323803771916286,0.1376883822256837,0,0,6.131482331344653,21.03222713695724,PRKCH;GAS6;DLL1
GO_Biological_Process_2023,Negative Regulation Of Intracellular Transport (GO:0032387),3/7,0.0323803771916286,0.1376883822256837,0,0,6.131482331344653,21.03222713695724,PLN;INSIG1;CRYAB
GO_Biological_Process_2023,Negative Regulation Of Microglial Cell Activation (GO:1903979),3/7,0.0323803771916286,0.1376883822256837,0,0,6.131482331344653,21.03222713695724,SYT11;LDLR;CX3CL1
GO_Biological_Process_2023,Negative Regulation Of Muscle Cell Differentiation (GO:0051148),3/7,0.0323803771916286,0.1376883822256837,0,0,6.131482331344653,21.03222713695724,ID2;IGF2;FOXO4
GO_Biological_Process_2023,Negative Regulation Of Nitric Oxide Biosynthetic Process (GO:0045019),3/7,0.0323803771916286,0.1376883822256837,0,0,6.131482331344653,21.03222713695724,PTGIS;CAV1;SIRPA
GO_Biological_Process_2023,Negative Regulation Of Nitric Oxide Metabolic Process (GO:1904406),3/7,0.0323803771916286,0.1376883822256837,0,0,6.131482331344653,21.03222713695724,PTGIS;CAV1;SIRPA
GO_Biological_Process_2023,Negative Regulation Of Phospholipase Activity (GO:0010519),3/7,0.0323803771916286,0.1376883822256837,0,0,6.131482331344653,21.03222713695724,RGS2;ANXA1;ANXA8
GO_Biological_Process_2023,Negative Regulation Of Vascular Associated Smooth Muscle Cell Differentiation (GO:1905064),3/7,0.0323803771916286,0.1376883822256837,0,0,6.131482331344653,21.03222713695724,HEY2;NFATC3;PDGFB
GO_Biological_Process_2023,Peptidyl-Tyrosine Dephosphorylation Involved In Inactivation Of Protein Kinase Activity (GO:1990264),3/7,0.0323803771916286,0.1376883822256837,0,0,6.131482331344653,21.03222713695724,PTPN1;PTPRB;PTPRO
GO_Biological_Process_2023,Positive Regulation Of T-helper 2 Cell Cytokine Production (GO:2000553),3/7,0.0323803771916286,0.1376883822256837,0,0,6.131482331344653,21.03222713695724,IL6;RSAD2;XCL1
GO_Biological_Process_2023,Positive Regulation Of Calcium Ion Import (GO:0090280),3/7,0.0323803771916286,0.1376883822256837,0,0,6.131482331344653,21.03222713695724,PDGFRB;CXCL12;PDGFB
GO_Biological_Process_2023,Positive Regulation Of Cell Migration By Vascular Endothelial Growth Factor Signaling Pathway (GO:0038089),3/7,0.0323803771916286,0.1376883822256837,0,0,6.131482331344653,21.03222713695724,MYO1C;KDR;PRKD1
GO_Biological_Process_2023,Positive Regulation Of Endocytic Recycling (GO:2001137),3/7,0.0323803771916286,0.1376883822256837,0,0,6.131482331344653,21.03222713695724,EHD1;EHD2;ZDHHC2
GO_Biological_Process_2023,Positive Regulation Of Epithelial Tube Formation (GO:1905278),3/7,0.0323803771916286,0.1376883822256837,0,0,6.131482331344653,21.03222713695724,MMRN2;GATA3;FGF2
GO_Biological_Process_2023,Postsynaptic Density Organization (GO:0097106),3/7,0.0323803771916286,0.1376883822256837,0,0,6.131482331344653,21.03222713695724,PTEN;TMEM108;SHANK3
GO_Biological_Process_2023,Regulation Of Apoptotic Cell Clearance (GO:2000425),3/7,0.0323803771916286,0.1376883822256837,0,0,6.131482331344653,21.03222713695724,HMGB1;CD300LF;TGM2
GO_Biological_Process_2023,Regulation Of Nitric Oxide Metabolic Process (GO:0080164),3/7,0.0323803771916286,0.1376883822256837,0,0,6.131482331344653,21.03222713695724,CX3CR1;SIRPA;JAK2
GO_Biological_Process_2023,Regulation Of Phospholipase A2 Activity (GO:0032429),3/7,0.0323803771916286,0.1376883822256837,0,0,6.131482331344653,21.03222713695724,ANXA1;LRP1;ANXA8
GO_Biological_Process_2023,Regulation Of Positive Chemotaxis (GO:0050926),3/7,0.0323803771916286,0.1376883822256837,0,0,6.131482331344653,21.03222713695724,CNTN1;KDR;CDH13
GO_Biological_Process_2023,Response To Auditory Stimulus (GO:0010996),3/7,0.0323803771916286,0.1376883822256837,0,0,6.131482331344653,21.03222713695724,USP53;ATP1A2;PTN
GO_Biological_Process_2023,Response To Hydroperoxide (GO:0033194),3/7,0.0323803771916286,0.1376883822256837,0,0,6.131482331344653,21.03222713695724,DAPK1;GPX3;PRKD1
GO_Biological_Process_2023,Taurine Metabolic Process (GO:0019530),3/7,0.0323803771916286,0.1376883822256837,0,0,6.131482331344653,21.03222713695724,GHR;FMO3;CDO1
GO_Biological_Process_2023,Ventricular Cardiac Muscle Cell Membrane Repolarization (GO:0099625),3/7,0.0323803771916286,0.1376883822256837,0,0,6.131482331344653,21.03222713695724,KCNJ5;KCNE1;KCNJ8
GO_Biological_Process_2023,Regulation Of Striated Muscle Contraction (GO:0006942),7/29,0.0329669132142906,0.1397913698594141,0,0,2.603385579937304,8.883404658943501,GJA5;ATP1A2;DMD;NOS1;PRKACA;CALM1;SMAD7
GO_Biological_Process_2023,Response To Steroid Hormone (GO:0048545),7/29,0.0329669132142906,0.1397913698594141,0,0,2.603385579937304,8.883404658943501,PAQR8;TGFB2;TGFB1;CAV1;ATP1A2;ADTRP;TFPI
GO_Biological_Process_2023,Immune Response-Activating Cell Surface Receptor Signaling Pathway (GO:0002429),6/23,0.0330692744732302,0.1397913698594141,0,0,2.8872729238754324,9.843148484549705,FCER1G;C5AR1;FPR1;FPR2;LILRA2;CMKLR1
GO_Biological_Process_2023,Long-Chain Fatty Acid Transport (GO:0015909),6/23,0.0330692744732302,0.1397913698594141,0,0,2.8872729238754324,9.843148484549705,FABP4;FABP5;PPARG;SPX;CD36;MFSD2A
GO_Biological_Process_2023,Protein Localization To Cell Junction (GO:1902414),6/23,0.0330692744732302,0.1397913698594141,0,0,2.8872729238754324,9.843148484549705,TJP1;HEG1;CGNL1;FERMT2;JAM3;TJP2
GO_Biological_Process_2023,Regulation Of Cardiac Muscle Hypertrophy (GO:0010611),6/23,0.0330692744732302,0.1397913698594141,0,0,2.8872729238754324,9.843148484549705,MEF2A;EDN1;RGS2;NR4A3;IL6ST;LMCD1
GO_Biological_Process_2023,Calcium Ion Transmembrane Import Into Cytosol (GO:0097553),15/83,0.033835503248752,0.1415397425192527,0,0,1.806848720106409,6.118431786151399,CCL21;CACNA2D1;F2R;TRPV2;CACNA1D;CACNA1C;CLU;FGF2;SLC8A1;PLCB4;PLCE1;XCL1;FLNA;SCN7A;SCN1A
GO_Biological_Process_2023,Calcium Ion Transport (GO:0006816),19/112,0.0338432347434338,0.1415397425192527,0,0,1.6741731665001318,5.668777395516344,RAMP2;MCOLN3;CALCRL;TRPC6;RAMP3;SLC24A3;CACNA2D1;CAV1;TRPC1;TRPV2;CACNA1D;ANO6;CACNA1C;CLU;NALCN;SLC8A1;FKBP1A;FYN;GAS6
GO_Biological_Process_2023,Axonal Fasciculation (GO:0007413),4/12,0.0341059620528319,0.1415397425192527,0,0,4.088613406795225,13.812493450791962,SEMA5A;CRTAC1;CNTN4;EPHA3
GO_Biological_Process_2023,Cell-Cell Junction Maintenance (GO:0045217),4/12,0.0341059620528319,0.1415397425192527,0,0,4.088613406795225,13.812493450791962,TJP1;F2R;MYADM;FERMT2
GO_Biological_Process_2023,Endochondral Bone Morphogenesis (GO:0060350),4/12,0.0341059620528319,0.1415397425192527,0,0,4.088613406795225,13.812493450791962,MEF2C;BMPR2;COL13A1;TMEM119
GO_Biological_Process_2023,Granulocyte Activation (GO:0036230),4/12,0.0341059620528319,0.1415397425192527,0,0,4.088613406795225,13.812493450791962,PREX1;CXCR2;CTSG;CAMP
GO_Biological_Process_2023,Icosanoid Secretion (GO:0032309),4/12,0.0341059620528319,0.1415397425192527,0,0,4.088613406795225,13.812493450791962,ACE;ANXA1;PLA2G1B;PLA2G5
GO_Biological_Process_2023,Myelination In Peripheral Nervous System (GO:0022011),4/12,0.0341059620528319,0.1415397425192527,0,0,4.088613406795225,13.812493450791962,SKI;ARHGEF10;MYOC;LGI4
GO_Biological_Process_2023,Negative Regulation Of Coagulation (GO:0050819),4/12,0.0341059620528319,0.1415397425192527,0,0,4.088613406795225,13.812493450791962,THBD;EDN1;APOH;TFPI
GO_Biological_Process_2023,Negative Regulation Of Hippo Signaling (GO:0035331),4/12,0.0341059620528319,0.1415397425192527,0,0,4.088613406795225,13.812493450791962,WWC1;WWC3;LIMD1;SHANK2
GO_Biological_Process_2023,Negative Regulation Of Mononuclear Cell Migration (GO:0071676),4/12,0.0341059620528319,0.1415397425192527,0,0,4.088613406795225,13.812493450791962,DUSP1;SLIT2;NBL1;BMP5
GO_Biological_Process_2023,Negative Regulation Of Potassium Ion Transport (GO:0043267),4/12,0.0341059620528319,0.1415397425192527,0,0,4.088613406795225,13.812493450791962,CAV1;CASQ2;NEDD4L;NOS1
GO_Biological_Process_2023,Neutrophil Mediated Immunity (GO:0002446),4/12,0.0341059620528319,0.1415397425192527,0,0,4.088613406795225,13.812493450791962,IL6;ANXA3;PLA2G1B;VAMP2
GO_Biological_Process_2023,Positive Regulation Of Alcohol Biosynthetic Process (GO:1902932),4/12,0.0341059620528319,0.1415397425192527,0,0,4.088613406795225,13.812493450791962,PTH1R;BMP6;SREBF2;SNCA
GO_Biological_Process_2023,Positive Regulation Of Cellular Extravasation (GO:0002693),4/12,0.0341059620528319,0.1415397425192527,0,0,4.088613406795225,13.812493450791962,CD47;AGER;LYVE1;JAM3
GO_Biological_Process_2023,Positive Regulation Of Neuron Migration (GO:2001224),4/12,0.0341059620528319,0.1415397425192527,0,0,4.088613406795225,13.812493450791962,SRGAP2C;SEMA6A;DAB2IP;RAPGEF2
GO_Biological_Process_2023,Positive Regulation Of Sodium Ion Transport (GO:0010765),4/12,0.0341059620528319,0.1415397425192527,0,0,4.088613406795225,13.812493450791962,ANK3;GPD1L;NOS1;SCN4B
GO_Biological_Process_2023,Regulation Of Cell Communication By Electrical Coupling (GO:0010649),4/12,0.0341059620528319,0.1415397425192527,0,0,4.088613406795225,13.812493450791962,CAV1;CASQ2;CALM1;SLC8A1
GO_Biological_Process_2023,Regulation Of Sensory Perception (GO:0051931),4/12,0.0341059620528319,0.1415397425192527,0,0,4.088613406795225,13.812493450791962,TMEM100;F2R;SPX;MGLL
GO_Biological_Process_2023,Positive Regulation Of Interleukin-6 Production (GO:0032755),14/76,0.0341418103921181,0.1415524050455157,0,0,1.8493631710510652,6.245729469467295,CD74;IL33;TSLP;F2R;HMGB1;LILRB2;LILRA2;IL6;TYROBP;HYAL2;TLR8;IL17D;TLR4;TLR3
GO_Biological_Process_2023,Positive Regulation Of Stress-Activated MAPK Cascade (GO:0032874),18/105,0.0348059418304272,0.1441674135701764,0,0,1.6952323283829434,5.692534494947545,TGFB2;SPI1;GADD45B;CCL21;FZD7;FLT4;TNFRSF19;DAB2IP;HMGB1;MTURN;BMP4;SH3RF3;BMP2;RASSF2;TNIK;IGFBP6;TLR3;SASH1
GO_Biological_Process_2023,Positive Regulation Of Protein-Containing Complex Assembly (GO:0031334),17/98,0.0357043286244282,0.1477467711821976,0,0,1.719436603655233,5.72999384887091,GSK3B;TGFB1;TFRC;DAB2IP;CLU;SPIDR;RASIP1;PPP2CA;CDH5;TPPP3;TAL1;PRKD1;TPPP;CD36;TLR4;FERMT2;SNCA
GO_Biological_Process_2023,Positive Regulation Of Binding (GO:0051099),16/91,0.0365107578511992,0.1509391100438466,0,0,1.747540781779009,5.784619193720327,GSK3B;TCF7L2;CSF3;LRP1;LRRK2;CAV1;HMGB1;BMP4;FKBP1A;SKI;CLDN5;TIAM1;HMBOX1;BMP2;RAPGEF2;PPARG
GO_Biological_Process_2023,Negative Regulation Of Protein Kinase B Signaling (GO:0051898),8/36,0.0370571706440747,0.1527590721106272,0,0,2.3380207648836904,7.704464410349438,PPP2CA;GPER1;HYAL2;SFRP5;MAGI2;PTEN;INPP5K;SH2B3
GO_Biological_Process_2023,Negative Regulation Of Sequestering Of Calcium Ion (GO:0051283),8/36,0.0370571706440747,0.1527590721106272,0,0,2.3380207648836904,7.704464410349438,PLCB4;CCL21;F2R;FLNA;PLCE1;XCL1;CLU;FGF2
GO_Biological_Process_2023,Regulation Of Intracellular Protein Transport (GO:0033157),8/36,0.0370571706440747,0.1527590721106272,0,0,2.3380207648836904,7.704464410349438,BMP4;GSK3B;PTPN1;TGFB1;RUFY3;TPR;PRR5L;VAMP2
GO_Biological_Process_2023,Monoatomic Cation Homeostasis (GO:0055080),14/77,0.0376939239393216,0.1552356638569774,0,0,1.8199056990569904,5.966117443881853,SLC12A4;WFS1;SLC11A1;CAV1;CYBRD1;ANK3;SLC8A1;BMP6;SCNN1G;SCNN1B;ALPL;SLC39A8;NEO1;SNCA
GO_Biological_Process_2023,Regulation Of Notch Signaling Pathway (GO:0008593),13/70,0.0379630589920505,0.1561950072542326,0,0,1.8675677205923984,6.109078692983444,EGFL7;TGFB2;JAG1;ARRB1;WWP2;GATA2;SYNJ2BP;DLL1;SREBF2;TSPAN14;HEY1;MFNG;IL6ST
GO_Biological_Process_2023,Negative Regulation Of Blood Coagulation (GO:0030195),7/30,0.039085431817093,0.1601153604572384,0,0,2.490054972513743,8.07277183954061,THBD;PDGFRA;CPB2;EDN1;APOH;PDGFB;TFPI
GO_Biological_Process_2023,Positive Regulation Of Cell Communication (GO:0010647),7/30,0.039085431817093,0.1601153604572384,0,0,2.490054972513743,8.07277183954061,EDN1;RIMS3;CLSTN2;GATA6;GATA3;ANK3;WLS
GO_Biological_Process_2023,T-helper Cell Differentiation (GO:0042093),5/18,0.0392126821138324,0.1601153604572384,0,0,3.1456485636549947,10.187985206281695,PTGER4;IL6;GATA3;HMGB1;FOXP1
GO_Biological_Process_2023,Cardiac Atrium Morphogenesis (GO:0003209),5/18,0.0392126821138324,0.1601153604572384,0,0,3.1456485636549947,10.187985206281695,TGFB2;BMP2;BMPR2;HEY2;ENG
GO_Biological_Process_2023,Nitric Oxide Mediated Signal Transduction (GO:0007263),5/18,0.0392126821138324,0.1601153604572384,0,0,3.1456485636549947,10.187985206281695,FPR1;NDNF;AGTR2;CD36;NOS1
GO_Biological_Process_2023,Positive Regulation Of Natural Killer Cell Activation (GO:0032816),5/18,0.0392126821138324,0.1601153604572384,0,0,3.1456485636549947,10.187985206281695,FCGR3A;TYROBP;GAS6;JAK2;HLA-E
GO_Biological_Process_2023,Regulation Of Ventricular Cardiac Muscle Cell Membrane Repolarization (GO:0060307),5/18,0.0392126821138324,0.1601153604572384,0,0,3.1456485636549947,10.187985206281695,KCNE1;CACNA2D1;GJA5;ANK2;SCN4B
GO_Biological_Process_2023,Ureteric Bud Morphogenesis (GO:0060675),5/18,0.0392126821138324,0.1601153604572384,0,0,3.1456485636549947,10.187985206281695,BMP4;TCF21;GATA3;NPNT;FGF2
GO_Biological_Process_2023,Regulation Of Cell Adhesion (GO:0030155),23/144,0.0395069602729832,0.1611644995635121,0,0,1.5580790004555216,5.034587040162836,SEMA5A;ACVRL1;LAMA2;ANGPT1;DUSP1;LAMB2;PDE3B;FBLN1;GPR4;LAMB1;NID1;ZDHHC2;FUT1;DLL1;PPP2CA;CXCL12;PODXL;HYAL1;MYADM;PLXNA2;TNR;CDH13;TGM2
GO_Biological_Process_2023,Learning (GO:0007612),9/43,0.0396723131530372,0.1615336826118006,0,0,2.1663734062423865,6.991107380701308,NTRK2;CLDN5;NLGN4X;SYT11;NRXN3;FYN;PTN;SHANK3;SHANK2
GO_Biological_Process_2023,Skeletal System Morphogenesis (GO:0048705),9/43,0.0396723131530372,0.1615336826118006,0,0,2.1663734062423865,6.991107380701308,SKI;PDGFRA;CYP26B1;HHIP;HOXA3;TBX4;FGFR2;HOXA4;FGFR1
GO_Biological_Process_2023,Positive Regulation Of Protein Catabolic Process (GO:0045732),16/92,0.0398896785553635,0.1622656481102251,0,0,1.724449628225689,5.55555188467784,GSK3B;TNFSF12;RDX;ECSCR;DAB2IP;PCSK9;MSN;C4BPA;FOXO1;NKD1;RNF128;APC;NEDD4;GPC3;NUPR1;SH3D19
GO_Biological_Process_2023,Fc-gamma Receptor Signaling Pathway (GO:0038094),6/24,0.040150636890436,0.1624087617798707,0,0,2.7267156862745097,8.766709891502204,FGR;HCK;FCGR3A;FCER1G;PRKCE;FYN
GO_Biological_Process_2023,Amyloid Fibril Formation (GO:1990000),6/24,0.040150636890436,0.1624087617798707,0,0,2.7267156862745097,8.766709891502204,BACE1;FKBP1A;GSN;CD36;CAMP;SNCA
GO_Biological_Process_2023,Neuromuscular Junction Development (GO:0007528),6/24,0.040150636890436,0.1624087617798707,0,0,2.7267156862745097,8.766709891502204,PPFIBP1;LRRK2;NEDD4;F2R;LRP4;PDZRN3
GO_Biological_Process_2023,Positive Regulation Of Cellular Response To Transforming Growth Factor Beta Stimulus (GO:1903846),6/24,0.040150636890436,0.1624087617798707,0,0,2.7267156862745097,8.766709891502204,CDKN1C;CDKN2B;DAB2;ZEB2;CITED2;TGFB1I1
GO_Biological_Process_2023,Positive Regulation Of Transforming Growth Factor Beta Receptor Signaling Pathway (GO:0030511),6/24,0.040150636890436,0.1624087617798707,0,0,2.7267156862745097,8.766709891502204,CDKN1C;CDKN2B;DAB2;ZEB2;CITED2;TGFB1I1
GO_Biological_Process_2023,Secondary Alcohol Biosynthetic Process (GO:1902653),6/24,0.040150636890436,0.1624087617798707,0,0,2.7267156862745097,8.766709891502204,HMGCS1;INSIG1;DHCR24;MSMO1;LSS;CES1
GO_Biological_Process_2023,Plasma Membrane Bounded Cell Projection Morphogenesis (GO:0120039),10/50,0.0412215167086139,0.1665843315677695,0,0,2.0462707182320443,6.52513764820773,GPM6A;SNX1;SNX2;BDNF;LRRK2;EPB41L3;DAB2IP;TNIK;NBL1;GAS7
GO_Biological_Process_2023,Regulation Of Innate Immune Response (GO:0045088),14/78,0.0415025089130636,0.1675629826649045,0,0,1.7913687730627306,5.700137939926058,PTPN1;CFH;APLP2;ERAP1;SH2D1B;IRAK3;FPR2;SAMHD1;HLA-E;FGR;PPP6C;MYO1C;TLR8;N4BP1
GO_Biological_Process_2023,Positive Regulation Of Interleukin-1 Beta Production (GO:0032731),11/57,0.0419973625817232,0.1692841224632818,0,0,1.9575431077644043,6.205702265220769,EGR1;IL6;TYROBP;CASP1;TLR8;MNDA;CD36;NLRC4;JAK2;LILRA2;TLR4
GO_Biological_Process_2023,Negative Regulation Of Protein Binding (GO:0032091),13/71,0.0420072509634325,0.1692841224632818,0,0,1.835264940144036,5.817630253895914,GSK3B;LRRK2;CAV1;CTNNBIP1;PDGFB;ADRB2;IFIT2;DAB2;SLPI;MAP2;CARD16;EFHB;NES
GO_Biological_Process_2023,Positive Regulation Of Interleukin-1 Production (GO:0032732),12/64,0.0422089643196847,0.1699383302273874,0,0,1.889330024813896,5.979961265938796,EGR1;IL6;TYROBP;CASP1;TLR8;MNDA;HMGB1;CD36;NLRC4;JAK2;LILRA2;TLR4
GO_Biological_Process_2023,Calcium Ion Import Across Plasma Membrane (GO:0098703),8/37,0.0429211384858187,0.1723233801905057,0,0,2.2572724677219806,7.106775951294866,CACNA2D1;TRPV2;SCN7A;CACNA1D;CACNA1C;CLU;SLC8A1;SCN1A
GO_Biological_Process_2023,Positive Regulation Of Receptor Signaling Pathway Via STAT (GO:1904894),8/37,0.0429211384858187,0.1723233801905057,0,0,2.2572724677219806,7.106775951294866,GHR;IL6;TGFB1;TSLP;ERBB4;F2R;JAK2;IL7R
GO_Biological_Process_2023,Regulation Of Cellular Component Biogenesis (GO:0044087),8/37,0.0429211384858187,0.1723233801905057,0,0,2.2572724677219806,7.106775951294866,TJP1;RAP1A;TIE1;RDX;DAB2IP;MSN;RAPGEF2;CD36
GO_Biological_Process_2023,Negative Regulation Of Binding (GO:0051100),15/86,0.0446031697641835,0.1778284091426898,0,0,1.7302105201583289,5.380868815397196,GSK3B;JUN;LRRK2;CAV1;CTNNBIP1;PDGFB;ARHGAP28;IFIT2;DAB2;PLN;SLPI;CARD16;EFHB;JAK2;NES
GO_Biological_Process_2023,Atrial Septum Development (GO:0003283),4/13,0.045116336425219,0.1778284091426898,0,0,3.634118967452301,11.26035712838842,TGFB2;BMPR2;GJA5;HEY2
GO_Biological_Process_2023,Cardiac Left Ventricle Morphogenesis (GO:0003214),4/13,0.045116336425219,0.1778284091426898,0,0,3.634118967452301,11.26035712838842,FOXF1;HEY2;TBX5;TGFBR2
GO_Biological_Process_2023,Cardiocyte Differentiation (GO:0035051),4/13,0.045116336425219,0.1778284091426898,0,0,3.634118967452301,11.26035712838842,MYOCD;TGFB2;BMP2;GATA6
GO_Biological_Process_2023,Embryonic Hemopoiesis (GO:0035162),4/13,0.045116336425219,0.1778284091426898,0,0,3.634118967452301,11.26035712838842,TAL1;KDR;SH2B3;TGFBR2
GO_Biological_Process_2023,Immune Response-Regulating Cell Surface Receptor Signaling Pathway (GO:0002768),4/13,0.045116336425219,0.1778284091426898,0,0,3.634118967452301,11.26035712838842,FGR;PIGR;FPR2;LILRB2
GO_Biological_Process_2023,Lipid Oxidation (GO:0034440),4/13,0.045116336425219,0.1778284091426898,0,0,3.634118967452301,11.26035712838842,ALOX5;ADIPOR2;ALOX15B;PPARGC1A
GO_Biological_Process_2023,Mature B Cell Differentiation Involved In Immune Response (GO:0002313),4/13,0.045116336425219,0.1778284091426898,0,0,3.634118967452301,11.26035712838842,DOCK11;IL6;MFNG;DLL1
GO_Biological_Process_2023,Microvillus Organization (GO:0032528),4/13,0.045116336425219,0.1778284091426898,0,0,3.634118967452301,11.26035712838842,RAP1A;RAPGEF2;TNIK;RAPGEF6
GO_Biological_Process_2023,Negative Regulation Of Endoplasmic Reticulum Unfolded Protein Response (GO:1900102),4/13,0.045116336425219,0.1778284091426898,0,0,3.634118967452301,11.26035712838842,PPP1R15A;PTPN1;WFS1;NCK1
GO_Biological_Process_2023,Regulation Of T-helper 17 Type Immune Response (GO:2000316),4/13,0.045116336425219,0.1778284091426898,0,0,3.634118967452301,11.26035712838842,PRKCQ;JAK2;JUNB;SMAD7
GO_Biological_Process_2023,Regulation Of cAMP-dependent Protein Kinase Activity (GO:2000479),4/13,0.045116336425219,0.1778284091426898,0,0,3.634118967452301,11.26035712838842,PKIA;RAPGEF2;ADRB2;PKIG
GO_Biological_Process_2023,Regulation Of Cell Projection Organization (GO:0031344),4/13,0.045116336425219,0.1778284091426898,0,0,3.634118967452301,11.26035712838842,NTNG1;MACF1;MYO9A;MFSD2A
GO_Biological_Process_2023,Regulation Of Humoral Immune Response (GO:0002920),4/13,0.045116336425219,0.1778284091426898,0,0,3.634118967452301,11.26035712838842,CFH;SPNS2;GATA6;CD59
GO_Biological_Process_2023,Regulation Of Lamellipodium Organization (GO:1902743),4/13,0.045116336425219,0.1778284091426898,0,0,3.634118967452301,11.26035712838842,FER;DMTN;PDPN;CD44
GO_Biological_Process_2023,Regulation Of Myoblast Fusion (GO:1901739),4/13,0.045116336425219,0.1778284091426898,0,0,3.634118967452301,11.26035712838842,EHD1;EHD2;SCGB3A1;CFLAR
GO_Biological_Process_2023,Response To Chemokine (GO:1990868),4/13,0.045116336425219,0.1778284091426898,0,0,3.634118967452301,11.26035712838842,CXCL12;LRCH1;DUSP1;SH2B3
GO_Biological_Process_2023,Response To Nerve Growth Factor (GO:1990089),4/13,0.045116336425219,0.1778284091426898,0,0,3.634118967452301,11.26035712838842,EHD1;RAP1A;MAGI2;RAPGEF2
GO_Biological_Process_2023,Secondary Palate Development (GO:0062009),4/13,0.045116336425219,0.1778284091426898,0,0,3.634118967452301,11.26035712838842,TGFBR3;TGFB2;LRRC32;TGFBR2
GO_Biological_Process_2023,Sodium-Independent Organic Anion Transport (GO:0043252),4/13,0.045116336425219,0.1778284091426898,0,0,3.634118967452301,11.26035712838842,SLCO3A1;SLCO2B1;SLCO2A1;SLCO4C1
GO_Biological_Process_2023,Neural Crest Cell Development (GO:0014032),9/44,0.0452274917690993,0.1779415264133388,0,0,2.1043586877917297,6.515200035321577,SEMA5A;SEMA6A;ERBB4;SEMA6D;SEMA3G;SEMA3E;RADIL;TAPT1;CORO1C
GO_Biological_Process_2023,Response To Unfolded Protein (GO:0006986),9/44,0.0452274917690993,0.1779415264133388,0,0,2.1043586877917297,6.515200035321577,PTPN1;ERP44;HSPB8;DNAJB4;HSPB7;HSPB2;DAB2IP;HSPA2;OPTN
GO_Biological_Process_2023,Regulation Of Neuron Differentiation (GO:0045664),14/79,0.045575451483863,0.1789584259309423,0,0,1.7637099063298325,5.447017074612795,MEF2C;CASZ1;BDNF;LRRK2;DLL1;TIAM1;HEYL;BMP2;HEY1;ID2;TCF4;CNTN4;NBL1;FGFR1
GO_Biological_Process_2023,Response To Insulin (GO:0032868),14/79,0.045575451483863,0.1789584259309423,0,0,1.7637099063298325,5.447017074612795,PLA2G1B;SORT1;INSIG1;PDE3B;PCSK9;PIK3R1;SORBS1;FOXO1;KAT2B;FER;INPP5K;PPARG;VAMP2;ZBED3
GO_Biological_Process_2023,Endodermal Cell Differentiation (GO:0035987),7/31,0.0459005971977648,0.1789584259309423,0,0,2.386168582375479,7.352446731679217,COL4A2;COL12A1;LAMA3;COL6A1;ITGA7;LAMB1;ITGA5
GO_Biological_Process_2023,Leukocyte Cell-Cell Adhesion (GO:0007159),7/31,0.0459005971977648,0.1789584259309423,0,0,2.386168582375479,7.352446731679217,SELP;PECAM1;OLR1;MSN;ITGAL;SELE;JAM2
GO_Biological_Process_2023,Negative Regulation Of Chemotaxis (GO:0050922),7/31,0.0459005971977648,0.1789584259309423,0,0,2.386168582375479,7.352446731679217,ROBO2;SEMA5A;SEMA6A;SEMA6D;SEMA3G;SEMA3E;SLIT2
GO_Biological_Process_2023,Negative Regulation Of Intracellular Steroid Hormone Receptor Signaling Pathway (GO:0033144),7/31,0.0459005971977648,0.1789584259309423,0,0,2.386168582375479,7.352446731679217,KANK2;HEYL;DAB2;SFRP1;CRY2;TCF21;FOXP1
GO_Biological_Process_2023,Positive Regulation Of G1/S Transition Of Mitotic Cell Cycle (GO:1900087),7/31,0.0459005971977648,0.1789584259309423,0,0,2.386168582375479,7.352446731679217,CCND2;ANXA1;RGCC;ADAMTS1;HYAL1;RDX;UBE2E2
GO_Biological_Process_2023,Positive Regulation Of Cholesterol Transport (GO:0032376),7/31,0.0459005971977648,0.1789584259309423,0,0,2.386168582375479,7.352446731679217,LRP1;ABCA3;CAV1;PTCH1;PPARG;ABCA8;CES1
GO_Biological_Process_2023,Positive Regulation Of Mononuclear Cell Migration (GO:0071677),7/31,0.0459005971977648,0.1789584259309423,0,0,2.386168582375479,7.352446731679217,CXCL12;ANO6;FPR2;HMGB1;CD47;GAS6;JAM2
GO_Biological_Process_2023,Regulation Of Protein Localization To Cell Surface (GO:2000008),7/31,0.0459005971977648,0.1789584259309423,0,0,2.386168582375479,7.352446731679217,LEPROT;TYROBP;ACTN2;BDNF;NEDD4L;GPD1L;GPM6B
GO_Biological_Process_2023,Cholesterol Homeostasis (GO:0042632),13/72,0.0463443133422965,0.1805045300558569,0,0,1.8040571692023972,5.541444262069496,INSIG1;CAV1;CNBP;EPHX2;PCSK9;RORA;CYP39A1;EHD1;FGFR4;LDLR;ABCG1;CES1;GPIHBP1
GO_Biological_Process_2023,Cholesterol Transport (GO:0030301),10/51,0.0464557554491372,0.1805045300558569,0,0,1.9962493823833265,6.126998228576902,STX12;MSR1;STARD4;CAV1;CD36;ABCA8;CLU;LDLR;ABCG1;CES1
GO_Biological_Process_2023,Inorganic Anion Transport (GO:0015698),11/58,0.0469170447311771,0.1805045300558569,0,0,1.915785450375844,5.861104660939461,CLIC5;SLC34A2;CLIC4;SLC26A2;CLIC3;CLCN4;FXYD3;SLC11A1;FXYD1;ANO6;ANO5
GO_Biological_Process_2023,Angiotensin Maturation (GO:0002003),3/8,0.0476772855105831,0.1805045300558569,0,0,4.904910509407985,14.927115081541771,CPA3;ENPEP;CTSG
GO_Biological_Process_2023,"Complement Activation, Lectin Pathway (GO:0001867)",3/8,0.0476772855105831,0.1805045300558569,0,0,4.904910509407985,14.927115081541771,FCN1;FCN3;MASP1
GO_Biological_Process_2023,Endochondral Ossification (GO:0001958),3/8,0.0476772855105831,0.1805045300558569,0,0,4.904910509407985,14.927115081541771,MEF2C;COL13A1;TMEM119
GO_Biological_Process_2023,Epithelial To Mesenchymal Transition Involved In Endocardial Cushion Formation (GO:0003198),3/8,0.0476772855105831,0.1805045300558569,0,0,4.904910509407985,14.927115081541771,HEYL;HEY2;ENG
GO_Biological_Process_2023,Integrin Activation (GO:0033622),3/8,0.0476772855105831,0.1805045300558569,0,0,4.904910509407985,14.927115081541771,CXCL12;CX3CL1;FERMT2
GO_Biological_Process_2023,Negative Regulation Of Cholesterol Storage (GO:0010887),3/8,0.0476772855105831,0.1805045300558569,0,0,4.904910509407985,14.927115081541771,PPARG;ABCG1;CES1
GO_Biological_Process_2023,Negative Regulation Of Mitotic Nuclear Division (GO:0045839),3/8,0.0476772855105831,0.1805045300558569,0,0,4.904910509407985,14.927115081541771,BMP4;TOM1L2;USP44
GO_Biological_Process_2023,Negative Regulation Of Smooth Muscle Cell Differentiation (GO:0051151),3/8,0.0476772855105831,0.1805045300558569,0,0,4.904910509407985,14.927115081541771,NFATC3;PDGFB;FOXO4
GO_Biological_Process_2023,"Phototransduction, Visible Light (GO:0007603)",3/8,0.0476772855105831,0.1805045300558569,0,0,4.904910509407985,14.927115081541771,DMBT1;GNA11;GNAQ
GO_Biological_Process_2023,Positive Regulation Of Blood Pressure (GO:0045777),3/8,0.0476772855105831,0.1805045300558569,0,0,4.904910509407985,14.927115081541771,TBXA2R;ID2;SPX
GO_Biological_Process_2023,Positive Regulation Of Blood Vessel Endothelial Cell Proliferation Involved In Sprouting Angiogenesis (GO:1903589),3/8,0.0476772855105831,0.1805045300558569,0,0,4.904910509407985,14.927115081541771,PPP1R16B;APLNR;GATA2
GO_Biological_Process_2023,Positive Regulation Of Early Endosome To Late Endosome Transport (GO:2000643),3/8,0.0476772855105831,0.1805045300558569,0,0,4.904910509407985,14.927115081541771,RAB21;RDX;MSN
GO_Biological_Process_2023,Positive Regulation Of Inositol Phosphate Biosynthetic Process (GO:0060732),3/8,0.0476772855105831,0.1805045300558569,0,0,4.904910509407985,14.927115081541771,GPER1;PTH1R;SNCA
GO_Biological_Process_2023,Positive Regulation Of Opsonization (GO:1903028),3/8,0.0476772855105831,0.1805045300558569,0,0,4.904910509407985,14.927115081541771,FCN1;FCN3;PLA2G5
GO_Biological_Process_2023,Positive Regulation Of Protein Localization To Early Endosome (GO:1902966),3/8,0.0476772855105831,0.1805045300558569,0,0,4.904910509407985,14.927115081541771,RDX;MGAT3;MSN
GO_Biological_Process_2023,Positive Regulation Of Protein Localization To Endosome (GO:1905668),3/8,0.0476772855105831,0.1805045300558569,0,0,4.904910509407985,14.927115081541771,RDX;MGAT3;MSN
GO_Biological_Process_2023,Regulation Of Angiotensin Levels In Blood (GO:0002002),3/8,0.0476772855105831,0.1805045300558569,0,0,4.904910509407985,14.927115081541771,CPA3;ENPEP;CTSG
GO_Biological_Process_2023,Regulation Of Cell Killing (GO:0031341),3/8,0.0476772855105831,0.1805045300558569,0,0,4.904910509407985,14.927115081541771,TGFB2;CFH;CD59
GO_Biological_Process_2023,Regulation Of Defense Response To Bacterium (GO:1900424),3/8,0.0476772855105831,0.1805045300558569,0,0,4.904910509407985,14.927115081541771,MMRN2;EMILIN1;FOXP1
GO_Biological_Process_2023,Regulation Of Dendritic Spine Maintenance (GO:1902950),3/8,0.0476772855105831,0.1805045300558569,0,0,4.904910509407985,14.927115081541771,PRNP;NEDD9;FYN
GO_Biological_Process_2023,Regulation Of Endothelial Cell Differentiation (GO:0045601),3/8,0.0476772855105831,0.1805045300558569,0,0,4.904910509407985,14.927115081541771,TMEM100;NOTCH4;ATOH8
GO_Biological_Process_2023,Regulation Of Fibroblast Apoptotic Process (GO:2000269),3/8,0.0476772855105831,0.1805045300558569,0,0,4.904910509407985,14.927115081541771,SFRP1;GAS6;PRDM11
GO_Biological_Process_2023,Regulation Of Gap Junction Assembly (GO:1903596),3/8,0.0476772855105831,0.1805045300558569,0,0,4.904910509407985,14.927115081541771,CAV1;APLNR;TBX5
GO_Biological_Process_2023,Regulation Of Lysosomal Protein Catabolic Process (GO:1905165),3/8,0.0476772855105831,0.1805045300558569,0,0,4.904910509407985,14.927115081541771,LRP1;MGAT3;LDLR
GO_Biological_Process_2023,Regulation Of Macrophage Migration (GO:1905521),3/8,0.0476772855105831,0.1805045300558569,0,0,4.904910509407985,14.927115081541771,CX3CR1;P2RY12;EMILIN1
GO_Biological_Process_2023,Regulation Of Morphogenesis Of An Epithelium (GO:1905330),3/8,0.0476772855105831,0.1805045300558569,0,0,4.904910509407985,14.927115081541771,GJA1;MMRN2;FOXP1
GO_Biological_Process_2023,Regulation Of Protein Localization To Early Endosome (GO:1902965),3/8,0.0476772855105831,0.1805045300558569,0,0,4.904910509407985,14.927115081541771,RDX;MGAT3;MSN
GO_Biological_Process_2023,Regulation Of Skeletal Muscle Cell Differentiation (GO:2001014),3/8,0.0476772855105831,0.1805045300558569,0,0,4.904910509407985,14.927115081541771,MEF2C;MYOCD;KLHL41
GO_Biological_Process_2023,Skeletal Myofibril Assembly (GO:0014866),3/8,0.0476772855105831,0.1805045300558569,0,0,4.904910509407985,14.927115081541771,MYH11;CFLAR;TTN
GO_Biological_Process_2023,Synapse Pruning (GO:0098883),3/8,0.0476772855105831,0.1805045300558569,0,0,4.904910509407985,14.927115081541771,C1QB;CX3CR1;CX3CL1
GO_Biological_Process_2023,Carbohydrate Biosynthetic Process (GO:0016051),6/25,0.0481211471363351,0.1810731220927834,0,0,2.583059210526316,7.837088304006874,EXT1;B3GALT2;ST3GAL6;FUT1;ST6GALNAC5;ST6GALNAC6
GO_Biological_Process_2023,Cholesterol Biosynthetic Process (GO:0006695),6/25,0.0481211471363351,0.1810731220927834,0,0,2.583059210526316,7.837088304006874,HMGCS1;INSIG1;MSMO1;DHCR24;LSS;CES1
GO_Biological_Process_2023,Positive Regulation Of Striated Muscle Cell Differentiation (GO:0051155),6/25,0.0481211471363351,0.1810731220927834,0,0,2.583059210526316,7.837088304006874,EFNB2;EDN1;MEF2C;MYOCD;TGFB1;RBM24
GO_Biological_Process_2023,Regulation Of Hippo Signaling (GO:0035330),6/25,0.0481211471363351,0.1810731220927834,0,0,2.583059210526316,7.837088304006874,IQCJ-SCHIP1;WWC1;WWC3;LIMD1;MOB3B;SHANK2
GO_Biological_Process_2023,Regulation Of Myelination (GO:0031641),6/25,0.0481211471363351,0.1810731220927834,0,0,2.583059210526316,7.837088304006874,EGR2;MYRF;LGI4;PTN;TPPP;JAM2
GO_Biological_Process_2023,Regulation Of Neutrophil Chemotaxis (GO:0090022),6/25,0.0481211471363351,0.1810731220927834,0,0,2.583059210526316,7.837088304006874,CD74;CCL21;DAPK2;XCL1;SLIT2;JAM3
GO_Biological_Process_2023,Regulation Of Protein Processing (GO:0070613),6/25,0.0481211471363351,0.1810731220927834,0,0,2.583059210526316,7.837088304006874,CCBE1;PRNP;LRRK2;GAS1;NLRC4;NKD2
GO_Biological_Process_2023,Inositol Phosphate-Mediated Signaling (GO:0048016),5/19,0.0485872816102793,0.1820336001996228,0,0,2.920795327777413,8.833634338692537,NFAT5;EDN1;INPP5A;NFATC3;PLCE1
GO_Biological_Process_2023,Mesoderm Development (GO:0007498),5/19,0.0485872816102793,0.1820336001996228,0,0,2.920795327777413,8.833634338692537,FOXC2;HCK;TIE1;JAK2;TBX3
GO_Biological_Process_2023,Negative Regulation Of Axon Extension Involved In Axon Guidance (GO:0048843),5/19,0.0485872816102793,0.1820336001996228,0,0,2.920795327777413,8.833634338692537,SEMA5A;SEMA6A;SEMA6D;SEMA3G;SEMA3E
GO_Biological_Process_2023,Regulation Of Cellular Response To Growth Factor Stimulus (GO:0090287),5/19,0.0485872816102793,0.1820336001996228,0,0,2.920795327777413,8.833634338692537,TMEM204;FST;SLIT2;FSTL1;FSTL3
GO_Biological_Process_2023,Response To Fatty Acid (GO:0070542),5/19,0.0485872816102793,0.1820336001996228,0,0,2.920795327777413,8.833634338692537,PID1;SCD;PDK4;FOXO3;FOXO1
GO_Biological_Process_2023,Regulation Of Type II Interferon Production (GO:0032649),15/87,0.0486767336440718,0.1822105658350511,0,0,1.7060836794339331,5.156730240063836,CD274;PRNP;SLC11A1;CRTAM;HMGB1;SIRPA;TLR8;XCL1;CD47;JAK2;GAS6;TLR4;TLR3;IL18R1;HLA-DPA1
GO_Biological_Process_2023,Cellular Response To Molecule Of Bacterial Origin (GO:0071219),19/117,0.0497553772433874,0.186086835513397,0,0,1.5883080000377403,4.765935332875396,CX3CR1;CD274;MEF2C;DAB2IP;DEFA1;PPBP;HMGB1;LILRB2;CXCL3;CXCL2;ZFP36;IL6;CASP1;SIRPA;CTSG;CARD16;VIM;TLR4;PF4
GO_Biological_Process_2023,Cellular Response To Reactive Oxygen Species (GO:0034614),13/73,0.0509823247729841,0.1903457731143594,0,0,1.773889657292147,5.279585709283822,PDGFRA;EDN1;JUN;ANXA1;PXN;FOS;CLU;AQP1;RHOB;FER;IL6;SIRPA;FYN
GO_Biological_Process_2023,Sterol Homeostasis (GO:0055092),13/73,0.0509823247729841,0.1903457731143594,0,0,1.773889657292147,5.279585709283822,INSIG1;CAV1;CNBP;EPHX2;PCSK9;RORA;CYP39A1;EHD1;FGFR4;LDLR;ABCG1;CES1;GPIHBP1
GO_Biological_Process_2023,Response To Reactive Oxygen Species (GO:0000302),12/66,0.0517838407950115,0.1931711813926273,0,0,1.8191500256016384,5.385915880746407,PDGFRA;JUN;FER;HYAL1;HYAL2;CAT;PXN;HBB;APOD;FYN;FOS;HBA1
GO_Biological_Process_2023,Adenylate Cyclase-Inhibiting G Protein-Coupled Receptor Signaling Pathway (GO:0007193),10/52,0.0521196072303778,0.1942558072593359,0,0,1.9486100149083572,5.756611108614918,AKAP12;P2RY12;MARCO;PDE2A;NPY1R;ADCY4;FLNA;FPR2;GNAI1;GNAI2
GO_Biological_Process_2023,Cilium Assembly (GO:0060271),35/243,0.0531690920563178,0.1979963773210248,0,0,1.3801682132492563,4.049797262876655,ARL6;RSPH9;SPATA6;CDC14A;ABLIM1;ABLIM3;ARL13B;RAB23;TEKT1;FLNA;IFT57;CC2D2A;RAB8B;ENKD1;DYNC2H1;ACTR3;CCDC39;RSPH4A;DNAI2;GSN;IFT140;RAB3IP;RFX2;RFX3;DCDC2;PARVA;FHDC1;TMEM231;EHD1;EHD2;RSPH1;RILPL2;TMEM237;ZMYND10;DZIP1
GO_Biological_Process_2023,Defense Response To Bacterium (GO:0042742),30/204,0.0554163263113379,0.2061869520342538,0,0,1.41360082040764,4.089378997184925,COLEC12;PLA2G1B;FPR2;NLRC4;CFP;AQP1;DMBT1;GNLY;CASP1;S100A12;CTSG;CAMP;GBP4;FCER1G;ANXA3;SLC11A1;RARRES2;SFTPD;DEFA1;LYZ;HLA-E;SELP;FGR;IL6;SLPI;ANG;TLR4;OPTN;TLR3;S100A8
GO_Biological_Process_2023,Negative Regulation Of Inflammatory Response (GO:0050728),18/111,0.0556900140729493,0.2070267878887591,0,0,1.585325860115676,4.578348838620476,PTGER4;IL33;PTGIS;RORA;FPR2;GATA3;KLF4;FXR1;FGR;CDH5;HCK;GPER1;ALOX5;SIRPA;SLC39A8;PPARG;FYN;TEK
GO_Biological_Process_2023,Gland Development (GO:0048732),13/74,0.055928586262867,0.2077347489763634,0,0,1.744711244133052,5.031188305244387,CEBPA;ANXA1;CITED2;NOTCH4;CAV1;PCSK9;TCF21;COBL;MSN;TBX3;DKK3;TGFBR3;FGFR2
GO_Biological_Process_2023,Negative Regulation Of Lymphocyte Proliferation (GO:0050672),8/39,0.0564052873704633,0.2091453782568041,0,0,2.1114045760750213,6.070694342250463,CD274;TYROBP;LST1;SFTPD;MNDA;PLA2G5;VSIG4;LILRB2
GO_Biological_Process_2023,Release Of Sequestered Calcium Ion Into Cytosol (GO:0051209),8/39,0.0564052873704633,0.2091453782568041,0,0,2.1114045760750213,6.070694342250463,PLCB4;CCL21;F2R;FLNA;PLCE1;XCL1;CLU;FGF2
GO_Biological_Process_2023,Camera-Type Eye Development (GO:0043010),6/26,0.0569989422465875,0.2103600026175951,0,0,2.453768382352941,7.029365662545921,SKI;EFEMP1;SHROOM2;CACNA1C;NES;FBN1
GO_Biological_Process_2023,Cell-Cell Adhesion Mediated By Cadherin (GO:0044331),6/26,0.0569989422465875,0.2103600026175951,0,0,2.453768382352941,7.029365662545921,CDH6;CDH5;FER;CDH11;CDH13;DCHS1
GO_Biological_Process_2023,Plasma Membrane Invagination (GO:0099024),6/26,0.0569989422465875,0.2103600026175951,0,0,2.453768382352941,7.029365662545921,MSR1;MARCO;GSN;ELMO1;CD36;ARHGAP25
GO_Biological_Process_2023,Regulation Of Vasoconstriction (GO:0019229),6/26,0.0569989422465875,0.2103600026175951,0,0,2.453768382352941,7.029365662545921,BMPR2;TBXA2R;CAV1;F2R;AGTR1;KCNMB4
GO_Biological_Process_2023,Response To Glucocorticoid (GO:0051384),6/26,0.0569989422465875,0.2103600026175951,0,0,2.453768382352941,7.029365662545921,ZFP36;IL6;ANXA1;FAM107A;SLIT2;ZFP36L2
GO_Biological_Process_2023,Neuron Differentiation (GO:0030182),26/173,0.0570253019144083,0.2103600026175951,0,0,1.449667436547903,4.152224765520254,ATP8A2;RTN1;WNT2B;PCSK9;ERBB4;DMD;WNT2;IER2;FZD1;IRX1;IRX2;NTRK2;MEF2C;TGFB2;NLGN4X;FZD4;FZD7;FZD8;ACSL4;CFLAR;PBX1;NR4A2;PTPRD;ID2;LHX6;FOXA2
GO_Biological_Process_2023,Regulation Of Nervous System Development (GO:0051960),9/46,0.0578350515477295,0.2107740540432762,0,0,1.9903856917202525,5.672918198515103,CX3CR1;FXR1;HEYL;HEY1;LGI4;HEY2;PTN;DLL1;CX3CL1
GO_Biological_Process_2023,T Cell Proliferation (GO:0042098),4/14,0.0578700773960339,0.2107740540432762,0,0,3.2705234159779613,9.319535783497791,CADM1;SLC11A1;CRTAM;MSN
GO_Biological_Process_2023,"Blood Coagulation, Fibrin Clot Formation (GO:0072378)",4/14,0.0578700773960339,0.2107740540432762,0,0,3.2705234159779613,9.319535783497791,THBD;F8;FLNA;FBLN1
GO_Biological_Process_2023,Bone Morphogenesis (GO:0060349),4/14,0.0578700773960339,0.2107740540432762,0,0,3.2705234159779613,9.319535783497791,SKI;CYP26B1;BMPR2;FGFR2
GO_Biological_Process_2023,Cardiac Cell Development (GO:0055006),4/14,0.0578700773960339,0.2107740540432762,0,0,3.2705234159779613,9.319535783497791,JAG1;MYH11;SLC8A1;TTN
GO_Biological_Process_2023,Mammary Gland Epithelium Development (GO:0061180),4/14,0.0578700773960339,0.2107740540432762,0,0,3.2705234159779613,9.319535783497791,ERBB4;ID2;JAK2;WNT2
GO_Biological_Process_2023,Microvillus Assembly (GO:0030033),4/14,0.0578700773960339,0.2107740540432762,0,0,3.2705234159779613,9.319535783497791,RAP1A;RAPGEF2;TNIK;RAPGEF6
GO_Biological_Process_2023,Negative Regulation Of Androgen Receptor Signaling Pathway (GO:0060766),4/14,0.0578700773960339,0.2107740540432762,0,0,3.2705234159779613,9.319535783497791,HEYL;SFRP1;TCF21;FOXP1
GO_Biological_Process_2023,Negative Regulation Of Peptidyl-Threonine Phosphorylation (GO:0010801),4/14,0.0578700773960339,0.2107740540432762,0,0,3.2705234159779613,9.319535783497791,DMTN;INPP5K;CALM1;SMAD7
GO_Biological_Process_2023,Neuron Cell-Cell Adhesion (GO:0007158),4/14,0.0578700773960339,0.2107740540432762,0,0,3.2705234159779613,9.319535783497791,NLGN4X;NINJ2;NRXN3;CNTN4
GO_Biological_Process_2023,Protein Activation Cascade (GO:0072376),4/14,0.0578700773960339,0.2107740540432762,0,0,3.2705234159779613,9.319535783497791,THBD;F8;FLNA;FBLN1
GO_Biological_Process_2023,Regulation Of Mast Cell Degranulation (GO:0043304),4/14,0.0578700773960339,0.2107740540432762,0,0,3.2705234159779613,9.319535783497791,FGR;FER;GAB2;UNC13D
GO_Biological_Process_2023,Regulation Of Microglial Cell Activation (GO:1903978),4/14,0.0578700773960339,0.2107740540432762,0,0,3.2705234159779613,9.319535783497791,IL6;SYT11;LDLR;CX3CL1
GO_Biological_Process_2023,Regulation Of Sensory Perception Of Pain (GO:0051930),4/14,0.0578700773960339,0.2107740540432762,0,0,3.2705234159779613,9.319535783497791,TMEM100;F2R;SPX;MGLL
GO_Biological_Process_2023,Response To Muscle Stretch (GO:0035994),4/14,0.0578700773960339,0.2107740540432762,0,0,3.2705234159779613,9.319535783497791,GSN;DMD;SLC8A1;TTN
GO_Biological_Process_2023,Positive Regulation Of Chemokine Production (GO:0032722),10/53,0.0582231439921901,0.2118811884235184,0,0,1.903186431967108,5.41165797753423,CD74;EGR1;IL33;IL6;TSLP;HMGB1;TLR4;AGER;ALOX15B;TLR3
GO_Biological_Process_2023,Ameboidal-Type Cell Migration (GO:0001667),5/20,0.0591680112208437,0.2138769986843899,0,0,2.7259225233501763,7.707203106764874,PDLIM1;GPC3;AMOTL2;AMOTL1;TNS1
GO_Biological_Process_2023,Cellular Response To Copper Ion (GO:0071280),5/20,0.0591680112208437,0.2138769986843899,0,0,2.7259225233501763,7.707203106764874,PRNP;MT1M;AQP1;MT1E;SNCA
GO_Biological_Process_2023,Epithelial Cilium Movement Involved In Extracellular Fluid Movement (GO:0003351),5/20,0.0591680112208437,0.2138769986843899,0,0,2.7259225233501763,7.707203106764874,CCDC39;SPAG6;RFX3;AQP4;ROPN1L
GO_Biological_Process_2023,Hydrogen Peroxide Catabolic Process (GO:0042744),5/20,0.0591680112208437,0.2138769986843899,0,0,2.7259225233501763,7.707203106764874,GPX3;HBG1;CAT;HBB;HBA1
GO_Biological_Process_2023,Negative Regulation Of miRNA Transcription (GO:1902894),5/20,0.0591680112208437,0.2138769986843899,0,0,2.7259225233501763,7.707203106764874,TGFB1;NFIB;NFATC3;PDGFB;PPARG
GO_Biological_Process_2023,Negative Regulation Of Phosphoprotein Phosphatase Activity (GO:0032515),5/20,0.0591680112208437,0.2138769986843899,0,0,2.7259225233501763,7.707203106764874,PPP1R15A;FKBP1A;GSK3B;CRY2;FKBP1B
GO_Biological_Process_2023,Positive Regulation Of Epithelial Cell Differentiation (GO:0030858),5/20,0.0591680112208437,0.2138769986843899,0,0,2.7259225233501763,7.707203106764874,BMP4;TMEM100;ATOH8;RFX3;FGF2
GO_Biological_Process_2023,Positive Regulation Of Protein Processing (GO:0010954),5/20,0.0591680112208437,0.2138769986843899,0,0,2.7259225233501763,7.707203106764874,CCBE1;CLEC3B;GSN;NLRC4;NKD2
GO_Biological_Process_2023,Actin Filament Bundle Assembly (GO:0051017),7/33,0.0616895618752062,0.2222472028826295,0,0,2.20236958443855,6.135009993684683,MYO1B;DMTN;CALD1;FAM107A;SHROOM2;NEDD9;AIF1L
GO_Biological_Process_2023,Actin Filament Bundle Organization (GO:0061572),7/33,0.0616895618752062,0.2222472028826295,0,0,2.20236958443855,6.135009993684683,MYO1B;DMTN;CALD1;FAM107A;SHROOM2;NEDD9;AIF1L
GO_Biological_Process_2023,Regulation Of Lamellipodium Assembly (GO:0010591),7/33,0.0616895618752062,0.2222472028826295,0,0,2.20236958443855,6.135009993684683,ACTR3;FER;DMTN;PLCE1;PIK3R1;SLIT2;WASF2
GO_Biological_Process_2023,Regulation Of Protein Polymerization (GO:0032271),7/33,0.0616895618752062,0.2222472028826295,0,0,2.20236958443855,6.135009993684683,TPPP3;MAP2;DAAM2;ARHGAP18;ARHGAP28;ESAM;TPPP
GO_Biological_Process_2023,Regulation Of Neuron Apoptotic Process (GO:0043523),17/105,0.0623961806094305,0.224605434120352,0,0,1.5820386311148436,4.388972592430928,EGR1;PRNP;NTRK2;MEF2C;TGFB2;BDNF;WFS1;F2R;PCSK9;NDNF;SEMA3E;FOXO3;CLU;BACE1;NUPR1;IL6ST;PPARGC1A
GO_Biological_Process_2023,Skin Development (GO:0043588),12/68,0.0627326324405479,0.2256283680111706,0,0,1.753982883475971,4.856556748548781,SCEL;CLIC4;CSTA;ANXA1;JAG1;GATA6;TXNIP;ITGA6;DHCR24;CFLAR;DLL1;FGFR1
GO_Biological_Process_2023,Negative Regulation Of Protein Localization (GO:1903828),8/40,0.0640502998207943,0.2279144097845639,0,0,2.045308187672493,5.620683961251039,GSK3B;LEPROT;SPI1;LATS2;NEDD4L;CORO2B;GPM6B;LZTFL1
GO_Biological_Process_2023,Synaptic Vesicle Endocytosis (GO:0048488),8/40,0.0640502998207943,0.2279144097845639,0,0,2.045308187672493,5.620683961251039,DNM3;SH3GL3;NLGN4X;STON1;STON2;SH3GL2;VAMP2;SNCA
GO_Biological_Process_2023,Regulation Of Exocytosis (GO:0017157),10/54,0.0647745857658541,0.2279144097845639,0,0,1.8598275573413692,5.090054074092692,RAB21;LGI3;STXBP6;SYTL4;UNC13D;CFTR;VAMP2;RAB8B;CLASP2;SNCA
GO_Biological_Process_2023,Regulation Of Myoblast Differentiation (GO:0045661),10/54,0.0647745857658541,0.2279144097845639,0,0,1.8598275573413692,5.090054074092692,SMARCE1;BMP4;MEF2C;TGFB1;SOSTDC1;RBM24;DLL1;SMARCA2;KLHL41;TBX3
GO_Biological_Process_2023,Regulation Of Interleukin-2 Production (GO:0032663),9/47,0.0649083212740204,0.2279144097845639,0,0,1.9378981277399665,5.29972396941407,PRNP;ZFP36;CD4;NAV3;SFTPD;XCL1;VSIG4;CD34;SPTBN1
GO_Biological_Process_2023,I-kappaB Phosphorylation (GO:0007252),3/9,0.065850155004947,0.2279144097845639,0,0,4.087195961450207,11.118699570108715,DAB2IP;TLR4;TLR3
GO_Biological_Process_2023,SNARE Complex Assembly (GO:0035493),3/9,0.065850155004947,0.2279144097845639,0,0,4.087195961450207,11.118699570108715,STXBP6;VAMP2;SNCA
GO_Biological_Process_2023,Apical Protein Localization (GO:0045176),3/9,0.065850155004947,0.2279144097845639,0,0,4.087195961450207,11.118699570108715,SHROOM2;MAL;JAM3
GO_Biological_Process_2023,Arachidonate Transport (GO:1903963),3/9,0.065850155004947,0.2279144097845639,0,0,4.087195961450207,11.118699570108715,ANXA1;PLA2G1B;PLA2G5
GO_Biological_Process_2023,Arachidonic Acid Secretion (GO:0050482),3/9,0.065850155004947,0.2279144097845639,0,0,4.087195961450207,11.118699570108715,ANXA1;PLA2G1B;PLA2G5
GO_Biological_Process_2023,Calcium Ion Transport Into Cytosol (GO:0060402),3/9,0.065850155004947,0.2279144097845639,0,0,4.087195961450207,11.118699570108715,CACNA2D1;CACNA1C;SLC8A1
GO_Biological_Process_2023,Camera-Type Eye Morphogenesis (GO:0048593),3/9,0.065850155004947,0.2279144097845639,0,0,4.087195961450207,11.118699570108715,SKI;SHROOM2;TBX2
GO_Biological_Process_2023,Endothelial Tube Morphogenesis (GO:0061154),3/9,0.065850155004947,0.2279144097845639,0,0,4.087195961450207,11.118699570108715,BMP4;STARD13;RHOB
GO_Biological_Process_2023,Excitatory Synapse Assembly (GO:1904861),3/9,0.065850155004947,0.2279144097845639,0,0,4.087195961450207,11.118699570108715,SRGAP2C;PTEN;SHANK3
GO_Biological_Process_2023,Granulocyte Migration (GO:0097530),3/9,0.065850155004947,0.2279144097845639,0,0,4.087195961450207,11.118699570108715,ANXA1;EMP2;JAM3
GO_Biological_Process_2023,Mesenchymal To Epithelial Transition (GO:0060231),3/9,0.065850155004947,0.2279144097845639,0,0,4.087195961450207,11.118699570108715,BMP4;FZD7;GATA3
GO_Biological_Process_2023,Myelin Assembly (GO:0032288),3/9,0.065850155004947,0.2279144097845639,0,0,4.087195961450207,11.118699570108715,EPB41L3;PMP22;TPPP
GO_Biological_Process_2023,Negative Regulation Of Bone Resorption (GO:0045779),3/9,0.065850155004947,0.2279144097845639,0,0,4.087195961450207,11.118699570108715,IL6;UBASH3B;TMEM119
GO_Biological_Process_2023,Negative Regulation Of Cell-Cell Adhesion Mediated By Cadherin (GO:2000048),3/9,0.065850155004947,0.2279144097845639,0,0,4.087195961450207,11.118699570108715,RGCC;NOTCH4;PPM1F
GO_Biological_Process_2023,Negative Regulation Of Delayed Rectifier Potassium Channel Activity (GO:1902260),3/9,0.065850155004947,0.2279144097845639,0,0,4.087195961450207,11.118699570108715,KCNE1;KCNAB1;KCNRG
GO_Biological_Process_2023,Negative Regulation Of Heterotypic Cell-Cell Adhesion (GO:0034115),3/9,0.065850155004947,0.2279144097845639,0,0,4.087195961450207,11.118699570108715,MYADM;KLF4;MAP2K5
GO_Biological_Process_2023,Negative Regulation Of Leukocyte Migration (GO:0002686),3/9,0.065850155004947,0.2279144097845639,0,0,4.087195961450207,11.118699570108715,EMILIN1;SLIT2;BMP5
GO_Biological_Process_2023,Negative Regulation Of Potassium Ion Transmembrane Transporter Activity (GO:1901017),3/9,0.065850155004947,0.2279144097845639,0,0,4.087195961450207,11.118699570108715,CASQ2;NEDD4L;KCNAB1
GO_Biological_Process_2023,Negative Regulation Of Protein Localization To Cell Surface (GO:2000009),3/9,0.065850155004947,0.2279144097845639,0,0,4.087195961450207,11.118699570108715,LEPROT;NEDD4L;GPM6B
GO_Biological_Process_2023,Negative Regulation Of Protein Maturation (GO:1903318),3/9,0.065850155004947,0.2279144097845639,0,0,4.087195961450207,11.118699570108715,PRNP;LRRK2;GAS1
GO_Biological_Process_2023,Negative Regulation Of Transcription By Competitive Promoter Binding (GO:0010944),3/9,0.065850155004947,0.2279144097845639,0,0,4.087195961450207,11.118699570108715,HHEX;DACH1;SMAD7
GO_Biological_Process_2023,Negative Regulation Of Tyrosine Phosphorylation Of STAT Protein (GO:0042532),3/9,0.065850155004947,0.2279144097845639,0,0,4.087195961450207,11.118699570108715,PPP2CA;SOCS3;SH2B3
GO_Biological_Process_2023,Negative Regulation Of Vascular Endothelial Growth Factor Signaling Pathway (GO:1900747),3/9,0.065850155004947,0.2279144097845639,0,0,4.087195961450207,11.118699570108715,SEMA6A;DAB2IP;DCN
GO_Biological_Process_2023,Nerve Growth Factor Signaling Pathway (GO:0038180),3/9,0.065850155004947,0.2279144097845639,0,0,4.087195961450207,11.118699570108715,RAP1A;MAGI2;RAPGEF2
GO_Biological_Process_2023,Peptidyl-Serine Dephosphorylation (GO:0070262),3/9,0.065850155004947,0.2279144097845639,0,0,4.087195961450207,11.118699570108715,PPP2CA;PPM1F;NCK1
GO_Biological_Process_2023,Positive Regulation Of Keratinocyte Migration (GO:0051549),3/9,0.065850155004947,0.2279144097845639,0,0,4.087195961450207,11.118699570108715,FGF7;IQSEC1;MAPRE2
GO_Biological_Process_2023,Positive Regulation Of Lipase Activity (GO:0060193),3/9,0.065850155004947,0.2279144097845639,0,0,4.087195961450207,11.118699570108715,PLA2G5;FGFR2;FGFR1
GO_Biological_Process_2023,Positive Regulation Of miRNA-mediated Gene Silencing (GO:2000637),3/9,0.065850155004947,0.2279144097845639,0,0,4.087195961450207,11.118699570108715,FXR1;ZFP36;LIMD1
GO_Biological_Process_2023,Positive Regulation Of Monocyte Differentiation (GO:0045657),3/9,0.065850155004947,0.2279144097845639,0,0,4.087195961450207,11.118699570108715,CD74;CD4;CTNNBIP1
GO_Biological_Process_2023,Positive Regulation Of Myoblast Fusion (GO:1901741),3/9,0.065850155004947,0.2279144097845639,0,0,4.087195961450207,11.118699570108715,EHD1;EHD2;SCGB3A1
GO_Biological_Process_2023,Positive Regulation Of Platelet Activation (GO:0010572),3/9,0.065850155004947,0.2279144097845639,0,0,4.087195961450207,11.118699570108715,SELP;JAK2;TLR4
GO_Biological_Process_2023,Positive Regulation Of Receptor Recycling (GO:0001921),3/9,0.065850155004947,0.2279144097845639,0,0,4.087195961450207,11.118699570108715,RAMP3;BVES;SNCA
GO_Biological_Process_2023,Positive Regulation Of Sodium Ion Transmembrane Transport (GO:1902307),3/9,0.065850155004947,0.2279144097845639,0,0,4.087195961450207,11.118699570108715,FXYD1;DMD;NOS1
GO_Biological_Process_2023,Primary Alcohol Catabolic Process (GO:0034310),3/9,0.065850155004947,0.2279144097845639,0,0,4.087195961450207,11.118699570108715,SULT1A1;SULT1A2;SULT1C4
GO_Biological_Process_2023,Regulation Of PERK-mediated Unfolded Protein Response (GO:1903897),3/9,0.065850155004947,0.2279144097845639,0,0,4.087195961450207,11.118699570108715,PPP1R15A;PTPN1;NCK1
GO_Biological_Process_2023,Regulation Of Cell-Cell Adhesion Involved In Gastrulation (GO:0070587),3/9,0.065850155004947,0.2279144097845639,0,0,4.087195961450207,11.118699570108715,MYADM;KLF4;MAP2K5
GO_Biological_Process_2023,Regulation Of Cellular Extravasation (GO:0002691),3/9,0.065850155004947,0.2279144097845639,0,0,4.087195961450207,11.118699570108715,BST1;LYVE1;JAM3
GO_Biological_Process_2023,Regulation Of Complement-Dependent Cytotoxicity (GO:1903659),3/9,0.065850155004947,0.2279144097845639,0,0,4.087195961450207,11.118699570108715,TGFB2;CFH;CD59
GO_Biological_Process_2023,Regulation Of Long-Term Synaptic Depression (GO:1900452),3/9,0.065850155004947,0.2279144097845639,0,0,4.087195961450207,11.118699570108715,LILRB2;AGER;SHANK3
GO_Biological_Process_2023,Regulation Of Myeloid Leukocyte Mediated Immunity (GO:0002886),3/9,0.065850155004947,0.2279144097845639,0,0,4.087195961450207,11.118699570108715,FER;DNASE1L3;UNC13D
GO_Biological_Process_2023,Response To Platelet-Derived Growth Factor (GO:0036119),3/9,0.065850155004947,0.2279144097845639,0,0,4.087195961450207,11.118699570108715,FER;HYAL1;PDGFB
GO_Biological_Process_2023,Sequestering Of Extracellular Ligand From Receptor (GO:0035581),3/9,0.065850155004947,0.2279144097845639,0,0,4.087195961450207,11.118699570108715,LTBP1;NBL1;FBN1
GO_Biological_Process_2023,In Utero Embryonic Development (GO:0001701),6/27,0.0667930634241439,0.2308077355793475,0,0,2.3367909663865545,6.323720999091359,ARNT2;BMP2;FOXF1;PDGFB;IGF2;FGFR2
GO_Biological_Process_2023,Negative Regulation Of Neurogenesis (GO:0050768),6/27,0.0667930634241439,0.2308077355793475,0,0,2.3367909663865545,6.323720999091359,IL6;RUFY3;PTEN;LRP4;RAPGEF2;PTN
GO_Biological_Process_2023,Potassium Ion Transport (GO:0006813),19/122,0.0703695401217423,0.2429719481323521,0,0,1.5107792575037369,4.00960026038475,KCNJ5;KCNE1;SLC12A4;SLC24A3;KCNJ8;KCNJ15;KCNJ16;ABCC9;KCNAB1;ATP1A2;KCNA5;NALCN;AQP1;KCNMB1;SLC9A9;KCNMB4;KCNN2;KCNJ2;KCNK3
GO_Biological_Process_2023,Membrane Protein Proteolysis (GO:0033619),7/34,0.0706838985447516,0.2432788725033077,0,0,2.1206811409110258,5.6188241561600485,BACE1;NAPSA;APH1B;TGFB1;ERAP1;CTSH;PRKCQ
GO_Biological_Process_2023,Negative Regulation Of Mitotic Cell Cycle (GO:0045930),7/34,0.0706838985447516,0.2432788725033077,0,0,2.1206811409110258,5.6188241561600485,CDKN1C;BMP4;TOM1L2;BTG2;RGCC;GAS1;ZFP36L2
GO_Biological_Process_2023,Regulation Of calcineurin-NFAT Signaling Cascade (GO:0070884),7/34,0.0706838985447516,0.2432788725033077,0,0,2.1206811409110258,5.6188241561600485,GSK3B;PRNP;RCAN1;CAMTA1;EFHB;MYOZ1;LMCD1
GO_Biological_Process_2023,Semaphorin-Plexin Signaling Pathway (GO:0071526),7/34,0.0706838985447516,0.2432788725033077,0,0,2.1206811409110258,5.6188241561600485,SEMA5A;SEMA6A;SEMA6D;SEMA3G;PLXNA2;FLNA;SEMA3E
GO_Biological_Process_2023,Focal Adhesion Assembly (GO:0048041),5/21,0.070952845912848,0.243428046867927,0,0,2.555408819476344,6.760946728634632,ACTN2;PEAK1;CDH11;SORBS1;FERMT2
GO_Biological_Process_2023,Negative Regulation Of miRNA Metabolic Process (GO:2000629),5/21,0.070952845912848,0.243428046867927,0,0,2.555408819476344,6.760946728634632,TGFB1;NFIB;NFATC3;PDGFB;PPARG
GO_Biological_Process_2023,Negative Regulation Of Osteoclast Differentiation (GO:0045671),5/21,0.070952845912848,0.243428046867927,0,0,2.555408819476344,6.760946728634632,TMEM178A;TLR4;TLR3;FSTL3;FBN1
GO_Biological_Process_2023,Positive Regulation Of Heart Contraction (GO:0045823),5/21,0.070952845912848,0.243428046867927,0,0,2.555408819476344,6.760946728634632,EDN1;TGFB2;RGS2;ATP1A2;APLN
GO_Biological_Process_2023,Organic Substance Transport (GO:0071702),29/201,0.0715866465408694,0.2452397000558419,0,0,1.381884660668186,3.643818039371373,SLC22A4;RAMP2;RAMP3;CALCRL;AQP9;AQP4;CACNA1D;CLU;AQP1;SLC6A4;SLCO2B1;PDPN;FYN;SLC18A2;MFSD2A;ABCA6;CACNA2D1;ABCA3;CAV1;TRPC1;SPNS2;ABCA9;ABCA8;SCAMP1;DISP1;SLCO2A1;TXNIP;VAMP2;ABCG2
GO_Biological_Process_2023,Positive Regulation Of T Cell Activation (GO:0050870),17/107,0.072022259700693,0.2452397000558419,0,0,1.546707723890172,4.0690478158247245,SMARCE1;CD274;ANXA1;TFRC;GATA3;LILRB2;SMARCA2;SIRPB1;IL6;SIRPA;PRKCQ;CD47;HLA-DOA;IL6ST;JAK2;HLA-DPA1;NCK1
GO_Biological_Process_2023,Positive Regulation Of Response To Biotic Stimulus (GO:0002833),8/41,0.0723076767867776,0.2452397000558419,0,0,1.98321764099133,5.209565631863859,MYO1C;MMRN2;SH2D1B;TLR8;EMILIN1;FPR2;SASH1;BMP6
GO_Biological_Process_2023,3'-UTR-mediated mRNA Destabilization (GO:0061158),4/15,0.0723332108830136,0.2452397000558419,0,0,2.9730361465898656,7.808595917432899,TRIM71;ZFP36;RBM24;ZFP36L2
GO_Biological_Process_2023,3'-Phosphoadenosine 5'-Phosphosulfate Metabolic Process (GO:0050427),4/15,0.0723332108830136,0.2452397000558419,0,0,2.9730361465898656,7.808595917432899,SULT1A1;PAPSS2;SULT1A2;SULT1C4
GO_Biological_Process_2023,Adenylate Cyclase-Activating Adrenergic Receptor Signaling Pathway (GO:0071880),4/15,0.0723332108830136,0.2452397000558419,0,0,2.9730361465898656,7.808595917432899,AKAP13;RAPGEF2;ADRB1;ADRB2
GO_Biological_Process_2023,Astrocyte Development (GO:0014002),4/15,0.0723332108830136,0.2452397000558419,0,0,2.9730361465898656,7.808595917432899,C1QA;CDK6;C5AR1;DLL1
GO_Biological_Process_2023,Dendritic Cell Chemotaxis (GO:0002407),4/15,0.0723332108830136,0.2452397000558419,0,0,2.9730361465898656,7.808595917432899,CCL21;CXCR2;HMGB1;CLU
GO_Biological_Process_2023,Ganglioside Biosynthetic Process (GO:0001574),4/15,0.0723332108830136,0.2452397000558419,0,0,2.9730361465898656,7.808595917432899,ST6GALNAC3;ST3GAL1;ST6GALNAC5;ST6GALNAC6
GO_Biological_Process_2023,Glycosaminoglycan Catabolic Process (GO:0006027),4/15,0.0723332108830136,0.2452397000558419,0,0,2.9730361465898656,7.808595917432899,TGFB1;HYAL1;HYAL2;FGF2
GO_Biological_Process_2023,Positive Regulation Of Cyclin-Dependent Protein Serine/Threonine Kinase Activity (GO:0045737),4/15,0.0723332108830136,0.2452397000558419,0,0,2.9730361465898656,7.808595917432899,CCND2;RGCC;CCND1;PDGFB
GO_Biological_Process_2023,Positive Regulation Of Endothelial Cell Apoptotic Process (GO:2000353),4/15,0.0723332108830136,0.2452397000558419,0,0,2.9730361465898656,7.808595917432899,RGCC;GPER1;ECSCR;ANO6
GO_Biological_Process_2023,Positive Regulation Of Syncytium Formation By Plasma Membrane Fusion (GO:0060143),4/15,0.0723332108830136,0.2452397000558419,0,0,2.9730361465898656,7.808595917432899,EHD1;EHD2;TYROBP;SCGB3A1
GO_Biological_Process_2023,Protein Localization To Cell-Cell Junction (GO:0150105),4/15,0.0723332108830136,0.2452397000558419,0,0,2.9730361465898656,7.808595917432899,TJP1;CDH5;CGNL1;TJP2
GO_Biological_Process_2023,Regulation Of Lipoprotein Lipase Activity (GO:0051004),4/15,0.0723332108830136,0.2452397000558419,0,0,2.9730361465898656,7.808595917432899,SORT1;APOH;PCSK5;GPIHBP1
GO_Biological_Process_2023,Cellular Response To Mechanical Stimulus (GO:0071260),9/48,0.0725041843637745,0.2456264204976851,0,0,1.888102233707388,4.954589847062063,PTGER4;PDE2A;CASP1;PIEZO2;FAS;TLR8;TLR4;TLR3;AQP1
GO_Biological_Process_2023,Antimicrobial Humoral Response (GO:0019730),16/100,0.0752689013637697,0.2547926104204158,0,0,1.5595128171305457,4.033973442336348,TSLP;PLA2G1B;SLC11A1;RARRES2;DEFA1;PPBP;LYZ;CXCL3;CXCL2;HLA-E;SLPI;GNLY;S100A12;CTSG;CAMP;PF4
GO_Biological_Process_2023,Positive Regulation Of Protein Localization (GO:1903829),14/85,0.0759294053948921,0.2568270483419705,0,0,1.6141182890702146,4.161118255713452,GSK3B;TCF7L2;WWTR1;TGFB1;TFRC;NEDD9;CORO2B;TYROBP;APC;SYT11;PECAM1;FYN;GPD1L;FERMT2
GO_Biological_Process_2023,Positive Regulation Of Mitotic Cell Cycle Phase Transition (GO:1901992),11/63,0.0773388108784102,0.2613894344175557,0,0,1.7310881196187506,4.430822813694527,MECP2;CCND2;ANXA1;RGCC;CCND1;ADAMTS1;HYAL1;CUL3;RDX;UBE2E2;RAB11A
GO_Biological_Process_2023,Limb Development (GO:0060173),6/28,0.0775035741865496,0.2615366897491386,0,0,2.230447860962567,5.704217005695003,KAT2B;PTCH1;RSPO2;LRP4;PCSK5;TBX4
GO_Biological_Process_2023,Negative Regulation Of Type II Interferon Production (GO:0032689),6/28,0.0775035741865496,0.2615366897491386,0,0,2.230447860962567,5.704217005695003,CD274;PRNP;XCL1;HMGB1;GAS6;TLR4
GO_Biological_Process_2023,Protein Dephosphorylation (GO:0006470),19/124,0.0800318418321879,0.2698573666779089,0,0,1.4818351936243752,3.7421239076832657,PPP1R15A;PTPN1;PPM1L;DUSP1;PTPRO;PTEN;PTPRM;PPM1D;PTPN13;MTMR6;PPM1F;PTPRG;PTPRD;PPP2CA;PPP6C;PPM1A;PTPRB;UBASH3B;NCK1
GO_Biological_Process_2023,Liver Development (GO:0001889),7/35,0.0804158387067402,0.2705181292738042,0,0,2.0448275862068965,5.154078155695931,TGFBR3;CEBPA;CCDC39;IL6;CITED2;PCSK9;COBL
GO_Biological_Process_2023,Positive Regulation Of Cell Development (GO:0010720),7/35,0.0804158387067402,0.2705181292738042,0,0,2.0448275862068965,5.154078155695931,CX3CR1;BMP4;MME;GPER1;RFX3;NAP1L1;TGM2
GO_Biological_Process_2023,Positive Regulation Of Substrate Adhesion-Dependent Cell Spreading (GO:1900026),7/35,0.0804158387067402,0.2705181292738042,0,0,2.0448275862068965,5.154078155695931,DMTN;MYOC;MYADM;NEDD9;FLNA;FERMT2;LIMS2
GO_Biological_Process_2023,Negative Regulation Of Tumor Necrosis Factor Superfamily Cytokine Production (GO:1903556),9/49,0.0806264906785214,0.2710155247418214,0,0,1.840796134376438,4.634992156652339,FXR1;CD274;SYT11;SIRPA;IRAK3;GAS6;TLR4;CX3CL1;CD33
GO_Biological_Process_2023,Keratinocyte Differentiation (GO:0030216),8/42,0.0811805084941635,0.2720303374695728,0,0,1.924779479409059,4.833275454955859,SCEL;CLIC4;CSTA;ANXA1;JAG1;TXNIP;CFLAR;FGFR1
GO_Biological_Process_2023,Monoatomic Cation Transport (GO:0006812),8/42,0.0811805084941635,0.2720303374695728,0,0,1.924779479409059,4.833275454955859,ANO1;NDFIP2;NDFIP1;TRPC6;SLC11A1;PIEZO2;ATP1A2;ANO6
GO_Biological_Process_2023,Potassium Ion Import Across Plasma Membrane (GO:1990573),8/42,0.0811805084941635,0.2720303374695728,0,0,1.924779479409059,4.833275454955859,KCNJ5;SLC12A4;KCNJ8;KCNJ15;KCNJ16;ATP1A2;ABCC9;KCNJ2
GO_Biological_Process_2023,Regulation Of Osteoclast Differentiation (GO:0045670),8/42,0.0811805084941635,0.2720303374695728,0,0,1.924779479409059,4.833275454955859,UBASH3B;TMEM178A;NEDD9;TMEM64;TLR4;TLR3;FSTL3;FBN1
GO_Biological_Process_2023,Cellular Response To Salt (GO:1902075),17/109,0.082591499855947,0.2765437652275155,0,0,1.5129129430665729,3.772975690435293,MEF2A;P2RY12;EGR1;MEF2C;CLIC4;DMTN;PDGFB;SYT15;RASGRP2;CLU;ADD1;ITPKB;SYT11;P2RY1;ALOX5AP;FYN;TGM2
GO_Biological_Process_2023,Cellular Response To Cadmium Ion (GO:0071276),5/22,0.0839243116547271,0.2797045012369129,0,0,2.4049555513523737,5.959094914398551,JUN;SLC11A1;SLC39A8;FOS;MT1E
GO_Biological_Process_2023,Cytoskeleton-Dependent Intracellular Transport (GO:0030705),5/22,0.0839243116547271,0.2797045012369129,0,0,2.4049555513523737,5.959094914398551,DYNC1I2;MYO10;KIF13A;KIF1C;MAP6
GO_Biological_Process_2023,Glucose Transmembrane Transport (GO:1904659),5/22,0.0839243116547271,0.2797045012369129,0,0,2.4049555513523737,5.959094914398551,SLC2A14;SORT1;SLC2A12;SLC2A3;PPBP
GO_Biological_Process_2023,Hexose Transmembrane Transport (GO:0008645),5/22,0.0839243116547271,0.2797045012369129,0,0,2.4049555513523737,5.959094914398551,SLC2A14;SLC5A9;SLC2A12;SLC2A3;PPBP
GO_Biological_Process_2023,Oligosaccharide Biosynthetic Process (GO:0009312),5/22,0.0839243116547271,0.2797045012369129,0,0,2.4049555513523737,5.959094914398551,B3GALT2;ST3GAL6;FUT1;ST6GALNAC5;ST6GALNAC6
GO_Biological_Process_2023,Regulation Of Mononuclear Cell Migration (GO:0071675),5/22,0.0839243116547271,0.2797045012369129,0,0,2.4049555513523737,5.959094914398551,RARRES2;MSN;SLIT2;BMP5;CMKLR1
GO_Biological_Process_2023,Positive Regulation Of Cysteine-Type Endopeptidase Activity (GO:2001056),11/64,0.0846299144842271,0.2804057548463892,0,0,1.6983304798240964,4.1939718830294535,DAPK1;GPER1;F2R;CASP1;TNFSF10;FYN;HMGB1;NLRC4;SOX7;UACA;PPM1F
GO_Biological_Process_2023,Response To Metal Ion (GO:0010038),11/64,0.0846299144842271,0.2804057548463892,0,0,1.6983304798240964,4.1939718830294535,PPP2CA;TRPC1;TNNT2;CAV1;NEDD4;SLC30A4;ANXA11;CALM1;CRIP1;TTN;SNCA
GO_Biological_Process_2023,Positive Regulation Of Catabolic Process (GO:0009896),13/79,0.0854783271262327,0.2804057548463892,0,0,1.6120820934098945,3.9649036876691706,GSK3B;TNFSF12;RDX;PTEN;DAB2IP;MSN;C4BPA;CLU;FOXO1;NKD1;APC;NEDD4;GPC3
GO_Biological_Process_2023,Positive Regulation Of Protein Modification By Small Protein Conjugation Or Removal (GO:1903322),13/79,0.0854783271262327,0.2804057548463892,0,0,1.6120820934098945,3.9649036876691706,GSK3B;NDFIP2;NDFIP1;ANGPT1;WFS1;LRRK2;CUL3;CAV1;FAM107A;PRICKLE1;PIAS1;SMAD7;FKBP1A
GO_Biological_Process_2023,Regulation Of Cyclin-Dependent Protein Serine/Threonine Kinase Activity (GO:0000079),13/79,0.0854783271262327,0.2804057548463892,0,0,1.6120820934098945,3.9649036876691706,DIRAS3;CEBPA;MYOCD;CDKN2B;PTEN;PDGFB;NR2F2;HHEX;CCND2;LATS2;RGCC;CCND1;APC
GO_Biological_Process_2023,Regulation Of Protein Secretion (GO:0050708),16/102,0.0865964452439144,0.2804057548463892,0,0,1.5230732890978975,3.726193489676081,TGFB2;TGFB1;RSAD2;PLA2G1B;RFX3;FRMD4A;KCNA5;SYTL4;BMP6;TTN;IL6;ALOX5;ANG;ADTRP;MYH10;CD33
GO_Biological_Process_2023,Acidic Amino Acid Transport (GO:0015800),3/10,0.0866685071744863,0.2804057548463892,0,0,3.5031141414803644,8.567442596700388,GJA1;SLC1A1;SLC6A13
GO_Biological_Process_2023,Actin Filament Depolymerization (GO:0030042),3/10,0.0866685071744863,0.2804057548463892,0,0,3.5031141414803644,8.567442596700388,GSN;CFL2;DSTN
GO_Biological_Process_2023,Arginine Metabolic Process (GO:0006525),3/10,0.0866685071744863,0.2804057548463892,0,0,3.5031141414803644,8.567442596700388,SLC39A8;NOS1;ART4
GO_Biological_Process_2023,Atrial Septum Morphogenesis (GO:0060413),3/10,0.0866685071744863,0.2804057548463892,0,0,3.5031141414803644,8.567442596700388,TGFB2;BMPR2;HEY2
GO_Biological_Process_2023,Basement Membrane Organization (GO:0071711),3/10,0.0866685071744863,0.2804057548463892,0,0,3.5031141414803644,8.567442596700388,RAMP2;HMCN1;NID1
GO_Biological_Process_2023,Cardiac Muscle Cell Membrane Repolarization (GO:0099622),3/10,0.0866685071744863,0.2804057548463892,0,0,3.5031141414803644,8.567442596700388,KCNJ5;KCNE1;KCNJ2
GO_Biological_Process_2023,Midbrain Dopaminergic Neuron Differentiation (GO:1904948),3/10,0.0866685071744863,0.2804057548463892,0,0,3.5031141414803644,8.567442596700388,FZD1;NR4A2;WNT2
GO_Biological_Process_2023,Negative Regulation Of Activated T Cell Proliferation (GO:0046007),3/10,0.0866685071744863,0.2804057548463892,0,0,3.5031141414803644,8.567442596700388,CD274;PRNP;CRTAM
GO_Biological_Process_2023,Negative Regulation Of Adenylate Cyclase Activity (GO:0007194),3/10,0.0866685071744863,0.2804057548463892,0,0,3.5031141414803644,8.567442596700388,EDNRB;PALM;GNAI2
GO_Biological_Process_2023,Negative Regulation Of Autophagosome Assembly (GO:1902902),3/10,0.0866685071744863,0.2804057548463892,0,0,3.5031141414803644,8.567442596700388,LRRK2;TMEM39A;NUPR1
GO_Biological_Process_2023,Negative Regulation Of Dephosphorylation (GO:0035305),3/10,0.0866685071744863,0.2804057548463892,0,0,3.5031141414803644,8.567442596700388,PPP1R15A;PPP1R16B;INPP5K
GO_Biological_Process_2023,Negative Regulation Of Glycolytic Process (GO:0045820),3/10,0.0866685071744863,0.2804057548463892,0,0,3.5031141414803644,8.567442596700388,NUPR1;CBFA2T3;FBP1
GO_Biological_Process_2023,Negative Regulation Of Homotypic Cell-Cell Adhesion (GO:0034111),3/10,0.0866685071744863,0.2804057548463892,0,0,3.5031141414803644,8.567442596700388,RDX;SH2B3;PRKG1
GO_Biological_Process_2023,Negative Regulation Of Lipopolysaccharide-Mediated Signaling Pathway (GO:0031665),3/10,0.0866685071744863,0.2804057548463892,0,0,3.5031141414803644,8.567442596700388,CARD16;LILRA2;TRIB1
GO_Biological_Process_2023,Neuron Projection Fasciculation (GO:0106030),3/10,0.0866685071744863,0.2804057548463892,0,0,3.5031141414803644,8.567442596700388,SEMA5A;CRTAC1;CNTN4
GO_Biological_Process_2023,Oxygen Transport (GO:0015671),3/10,0.0866685071744863,0.2804057548463892,0,0,3.5031141414803644,8.567442596700388,HBG1;HBB;HBA1
GO_Biological_Process_2023,Positive Regulation Of Actin Nucleation (GO:0051127),3/10,0.0866685071744863,0.2804057548463892,0,0,3.5031141414803644,8.567442596700388,GSN;WASF2;WASF3
GO_Biological_Process_2023,Positive Regulation Of Cholesterol Metabolic Process (GO:0090205),3/10,0.0866685071744863,0.2804057548463892,0,0,3.5031141414803644,8.567442596700388,STARD4;SREBF2;CES1
GO_Biological_Process_2023,Positive Regulation Of Defense Response To Bacterium (GO:1900426),3/10,0.0866685071744863,0.2804057548463892,0,0,3.5031141414803644,8.567442596700388,MMRN2;EMILIN1;PGC
GO_Biological_Process_2023,Positive Regulation Of Integrin Activation (GO:0033625),3/10,0.0866685071744863,0.2804057548463892,0,0,3.5031141414803644,8.567442596700388,P2RY12;FERMT2;RASIP1
GO_Biological_Process_2023,Positive Regulation Of Macrophage Differentiation (GO:0045651),3/10,0.0866685071744863,0.2804057548463892,0,0,3.5031141414803644,8.567442596700388,TGFB1;ID2;PF4
GO_Biological_Process_2023,Positive Regulation Of Post-Transcriptional Gene Silencing By RNA (GO:1900370),3/10,0.0866685071744863,0.2804057548463892,0,0,3.5031141414803644,8.567442596700388,FXR1;ZFP36;LIMD1
GO_Biological_Process_2023,Positive Regulation Of Transforming Growth Factor Beta Production (GO:0071636),3/10,0.0866685071744863,0.2804057548463892,0,0,3.5031141414803644,8.567442596700388,GATA6;XCL1;PTGS2
GO_Biological_Process_2023,Regulation Of T-helper 2 Cell Cytokine Production (GO:2000551),3/10,0.0866685071744863,0.2804057548463892,0,0,3.5031141414803644,8.567442596700388,IL6;RSAD2;XCL1
GO_Biological_Process_2023,Regulation Of Calcium Ion Import Across Plasma Membrane (GO:1905664),3/10,0.0866685071744863,0.2804057548463892,0,0,3.5031141414803644,8.567442596700388,PRNP;RAMP3;FYN
GO_Biological_Process_2023,Regulation Of Calcium Ion Transmembrane Transport Via High Voltage-Gated Calcium Channel (GO:1902514),3/10,0.0866685071744863,0.2804057548463892,0,0,3.5031141414803644,8.567442596700388,SESTD1;CACNA2D1;NOS1
GO_Biological_Process_2023,Regulation Of Melanin Biosynthetic Process (GO:0048021),3/10,0.0866685071744863,0.2804057548463892,0,0,3.5031141414803644,8.567442596700388,ZEB2;TYRP1;RAPGEF2
GO_Biological_Process_2023,Regulation Of Mitotic Sister Chromatid Separation (GO:0010965),3/10,0.0866685071744863,0.2804057548463892,0,0,3.5031141414803644,8.567442596700388,DUSP1;USP44;TPR
GO_Biological_Process_2023,Regulation Of Peptidyl-Lysine Acetylation (GO:2000756),3/10,0.0866685071744863,0.2804057548463892,0,0,3.5031141414803644,8.567442596700388,MYOCD;NFYB;KLF15
GO_Biological_Process_2023,Regulation Of Peroxisome Proliferator Activated Receptor Signaling Pathway (GO:0035358),3/10,0.0866685071744863,0.2804057548463892,0,0,3.5031141414803644,8.567442596700388,BMP2;PTGIS;CITED2
GO_Biological_Process_2023,Signal Release (GO:0023061),3/10,0.0866685071744863,0.2804057548463892,0,0,3.5031141414803644,8.567442596700388,PCSK5;TGM2;WLS
GO_Biological_Process_2023,Steroid Hormone Mediated Signaling Pathway (GO:0043401),3/10,0.0866685071744863,0.2804057548463892,0,0,3.5031141414803644,8.567442596700388,BMP4;CALCOCO1;GPER1
GO_Biological_Process_2023,Surfactant Homeostasis (GO:0043129),3/10,0.0866685071744863,0.2804057548463892,0,0,3.5031141414803644,8.567442596700388,NAPSA;SFTPD;CTSH
GO_Biological_Process_2023,Protein-Containing Complex Assembly (GO:0065003),44/328,0.0868788448143143,0.2808757260064274,0,0,1.2705964505461205,3.1043729856720423,HIP1;ARL6;CUL3;LRRK2;PXN;LIN7A;RSPH9;ADRB2;CLU;COX7A1;HIGD1B;CX3CL1;SLC9A3R2;PPP6C;TSPAN4;CASP1;REPS2;DMD;STXBP6;PPARGC1A;WASF3;NCK1;SNCA;MAGI1;CD74;CCDC39;RSPH4A;DMTN;TGFB1;ANGPT1;MID1IP1;PDE4DIP;ANO6;MITF;FKBP1A;TIAM1;CXCL12;APC;CASQ2;FAS;TCF4;FMOD;FERMT2;VAMP2
GO_Biological_Process_2023,Heart Process (GO:0003015),4/16,0.0884418616510129,0.2835921804500535,0,0,2.7251300887664525,6.609557423426435,RAMP3;SGCD;FYN;SGCG
GO_Biological_Process_2023,Lymphocyte Mediated Immunity (GO:0002449),4/16,0.0884418616510129,0.2835921804500535,0,0,2.7251300887664525,6.609557423426435,JAG1;BTN3A3;C4BPA;KLRD1
GO_Biological_Process_2023,Negative Regulation Of Amyloid-Beta Formation (GO:1902430),4/16,0.0884418616510129,0.2835921804500535,0,0,2.7251300887664525,6.609557423426435,NTRK2;PRNP;RTN1;CLU
GO_Biological_Process_2023,Negative Regulation Of Anoikis (GO:2000811),4/16,0.0884418616510129,0.2835921804500535,0,0,2.7251300887664525,6.609557423426435,CAV1;PDK4;PIK3R3;ITGA5
GO_Biological_Process_2023,Negative Regulation Of Biosynthetic Process (GO:0009890),4/16,0.0884418616510129,0.2835921804500535,0,0,2.7251300887664525,6.609557423426435,IL6;GPER1;EMILIN1;SLC18A2
GO_Biological_Process_2023,Negative Regulation Of Chemokine Production (GO:0032682),4/16,0.0884418616510129,0.2835921804500535,0,0,2.7251300887664525,6.609557423426435,IL6;SIRPA;KLF4;MAP2K5
GO_Biological_Process_2023,Negative Regulation Of Interleukin-10 Production (GO:0032693),4/16,0.0884418616510129,0.2835921804500535,0,0,2.7251300887664525,6.609557423426435,CD274;TYROBP;DLL1;TRIB2
GO_Biological_Process_2023,Positive Regulation Of Lymphocyte Migration (GO:2000403),4/16,0.0884418616510129,0.2835921804500535,0,0,2.7251300887664525,6.609557423426435,CXCL12;CCL21;NEDD9;JAM2
GO_Biological_Process_2023,Positive Regulation Of Muscle Hypertrophy (GO:0014742),4/16,0.0884418616510129,0.2835921804500535,0,0,2.7251300887664525,6.609557423426435,MEF2A;EDN1;NR4A3;IL6ST
GO_Biological_Process_2023,Protein Kinase A Signaling (GO:0010737),4/16,0.0884418616510129,0.2835921804500535,0,0,2.7251300887664525,6.609557423426435,EDNRA;RDX;PRKACA;TTN
GO_Biological_Process_2023,Sulfation (GO:0051923),4/16,0.0884418616510129,0.2835921804500535,0,0,2.7251300887664525,6.609557423426435,SULT1A1;UST;SULT1A2;SULT1C4
GO_Biological_Process_2023,Cellular Response To Hypoxia (GO:0071456),12/72,0.0889371193259697,0.2847149251357181,0,0,1.6366820276497696,3.960485206038784,SFRP1;PTGIS;TGFB1;RGCC;FAM162A;EPAS1;GATA6;RORA;PPARG;NDNF;PTGS2;AQP1
GO_Biological_Process_2023,Negative Regulation Of Plasma Membrane Bounded Cell Projection Assembly (GO:0120033),6/29,0.0891218405603232,0.2847149251357181,0,0,2.133351982097187,5.157913568938408,ARHGAP44;KANK1;SRGAP2C;CCL21;SLIT2;ARHGAP24
GO_Biological_Process_2023,Peptidyl-Tyrosine Dephosphorylation (GO:0035335),6/29,0.0891218405603232,0.2847149251357181,0,0,2.133351982097187,5.157913568938408,PTPN1;PTPRB;UBASH3B;DUSP1;PTPRO;PTPN13
GO_Biological_Process_2023,Regulation Of Developmental Growth (GO:0048638),6/29,0.0891218405603232,0.2847149251357181,0,0,2.133351982097187,5.157913568938408,GHR;GSK3B;OLFM1;LATS2;DLL1;MFSD2A
GO_Biological_Process_2023,Tube Closure (GO:0060606),6/29,0.0891218405603232,0.2847149251357181,0,0,2.133351982097187,5.157913568938408,SKI;TGFB2;TGFB1;COBL;PRICKLE1;FOLR1
GO_Biological_Process_2023,Negative Regulation Of Cell Projection Organization (GO:0031345),9/50,0.089276367189436,0.2849976337201226,0,0,1.795797649646998,4.338680292191512,EFNB2;KANK1;PRNP;DCC;PTPRO;PTEN;TNR;RAPGEF2;FYN
GO_Biological_Process_2023,Intracellular Glucose Homeostasis (GO:0001678),8/43,0.0906681007943589,0.2864203108329017,0,0,1.8696806413457747,4.488261272566276,HK3;GPER1;ZBTB20;PIK3R1;PRKACA;GAS6;PPARGC1A;FOXO1
GO_Biological_Process_2023,Negative Regulation Of T Cell Proliferation (GO:0042130),7/36,0.0908817297601571,0.2864203108329017,0,0,1.9742053111375344,4.734531854325288,CD274;PRNP;CRTAM;SFTPD;PLA2G5;VSIG4;LILRB2
GO_Biological_Process_2023,Positive Regulation Of Myeloid Cell Differentiation (GO:0045639),7/36,0.0908817297601571,0.2864203108329017,0,0,1.9742053111375344,4.734531854325288,CSF3;TAL1;FAXDC2;FOXO3;ETS1;HOXA5;MTURN
GO_Biological_Process_2023,Regulation Of Erythrocyte Differentiation (GO:0045646),7/36,0.0908817297601571,0.2864203108329017,0,0,1.9742053111375344,4.734531854325288,ZFP36;SPI1;CDK6;TAL1;FOXO3;ETS1;HOXA5
GO_Biological_Process_2023,Positive Regulation Of T Cell Proliferation (GO:0042102),11/65,0.092330198547013,0.2864203108329017,0,0,1.6667860859477626,3.970924523908802,CD274;IL6;ANXA1;TFRC;IGF2;HMGB1;LILRB2;JAK2;IL6ST;HLA-DPA1;NCK1
GO_Biological_Process_2023,Positive Regulation Of Cell Cycle (GO:0045787),11/65,0.092330198547013,0.2864203108329017,0,0,1.6667860859477626,3.970924523908802,TGFB2;CCND2;RGCC;CCND1;CITED2;TAL1;PDGFB;NUPR1;MEIS2;TBX3;FGFR2
GO_Biological_Process_2023,Calcium Ion Transmembrane Transport (GO:0070588),13/80,0.0923776921357706,0.2864203108329017,0,0,1.5879317107409012,3.782246517335655,MCOLN3;TRPC6;SLC24A3;CACNA2D1;TRPC1;TRPV2;CACNA1D;CACNA1C;CLU;NALCN;SLC8A1;FKBP1A;GAS6
GO_Biological_Process_2023,Positive Regulation Of Immune Response (GO:0050778),13/80,0.0923776921357706,0.2864203108329017,0,0,1.5879317107409012,3.782246517335655,CD74;TGFB2;RSAD2;PLA2G1B;SH2D1B;FPR2;C8B;CFP;C6;MYO1C;C7;TLR8;IL6ST
GO_Biological_Process_2023,His-Purkinje System Development (GO:0003164),2/5,0.0950973830916469,0.2864203108329017,0,0,5.448012232415902,12.818376431930387,ID2;TBX5
GO_Biological_Process_2023,L-ascorbic Acid Metabolic Process (GO:0019852),2/5,0.0950973830916469,0.2864203108329017,0,0,5.448012232415902,12.818376431930387,RGN;SLC2A3
GO_Biological_Process_2023,Adiponectin-Activated Signaling Pathway (GO:0033211),2/5,0.0950973830916469,0.2864203108329017,0,0,5.448012232415902,12.818376431930387,APLP2;ADIPOR2
GO_Biological_Process_2023,Amylin Receptor Signaling Pathway (GO:0097647),2/5,0.0950973830916469,0.2864203108329017,0,0,5.448012232415902,12.818376431930387,RAMP2;RAMP3
GO_Biological_Process_2023,Autocrine Signaling (GO:0035425),2/5,0.0950973830916469,0.2864203108329017,0,0,5.448012232415902,12.818376431930387,CX3CR1;FZD1
GO_Biological_Process_2023,Blood Vessel Endothelial Cell Proliferation Involved In Sprouting Angiogenesis (GO:0002043),2/5,0.0950973830916469,0.2864203108329017,0,0,5.448012232415902,12.818376431930387,BMP4;SEMA5A
GO_Biological_Process_2023,Bradykinin Catabolic Process (GO:0010815),2/5,0.0950973830916469,0.2864203108329017,0,0,5.448012232415902,12.818376431930387,MME;CTSH
GO_Biological_Process_2023,Cell-Cell Signaling Involved In Cardiac Conduction (GO:0086019),2/5,0.0950973830916469,0.2864203108329017,0,0,5.448012232415902,12.818376431930387,CASQ2;TBX5
GO_Biological_Process_2023,Choline Metabolic Process (GO:0019695),2/5,0.0950973830916469,0.2864203108329017,0,0,5.448012232415902,12.818376431930387,BCHE;SLC44A1
GO_Biological_Process_2023,Cilium Disassembly (GO:0061523),2/5,0.0950973830916469,0.2864203108329017,0,0,5.448012232415902,12.818376431930387,NEDD9;MAP4
GO_Biological_Process_2023,Dendrite Extension (GO:0097484),2/5,0.0950973830916469,0.2864203108329017,0,0,5.448012232415902,12.818376431930387,TMEM108;SH3GL2
GO_Biological_Process_2023,Dermatan Sulfate Metabolic Process (GO:0030205),2/5,0.0950973830916469,0.2864203108329017,0,0,5.448012232415902,12.818376431930387,DSEL;UST
GO_Biological_Process_2023,Dermatan Sulfate Proteoglycan Metabolic Process (GO:0050655),2/5,0.0950973830916469,0.2864203108329017,0,0,5.448012232415902,12.818376431930387,CSGALNACT1;DSEL
GO_Biological_Process_2023,Ear Development (GO:0043583),2/5,0.0950973830916469,0.2864203108329017,0,0,5.448012232415902,12.818376431930387,SHROOM2;GATA3
GO_Biological_Process_2023,Endothelin Receptor Signaling Pathway (GO:0086100),2/5,0.0950973830916469,0.2864203108329017,0,0,5.448012232415902,12.818376431930387,EDN1;EDNRB
GO_Biological_Process_2023,Epithelial Tube Branching Involved In Lung Morphogenesis (GO:0060441),2/5,0.0950973830916469,0.2864203108329017,0,0,5.448012232415902,12.818376431930387,CTSH;FGFR2
GO_Biological_Process_2023,Establishment Of Lymphocyte Polarity (GO:0001767),2/5,0.0950973830916469,0.2864203108329017,0,0,5.448012232415902,12.818376431930387,CCL21;CRTAM
GO_Biological_Process_2023,Glomerular Epithelial Cell Differentiation (GO:0072311),2/5,0.0950973830916469,0.2864203108329017,0,0,5.448012232415902,12.818376431930387,PTPRO;KLF15
GO_Biological_Process_2023,Glycosylceramide Metabolic Process (GO:0006677),2/5,0.0950973830916469,0.2864203108329017,0,0,5.448012232415902,12.818376431930387,ST6GALNAC3;ST6GALNAC6
GO_Biological_Process_2023,Hydrogen Peroxide Biosynthetic Process (GO:0050665),2/5,0.0950973830916469,0.2864203108329017,0,0,5.448012232415902,12.818376431930387,DUOX1;MAOB
GO_Biological_Process_2023,Inflammatory Response To Wounding (GO:0090594),2/5,0.0950973830916469,0.2864203108329017,0,0,5.448012232415902,12.818376431930387,IL6;TLR3
GO_Biological_Process_2023,Negative Regulation Of Cardiac Muscle Cell Differentiation (GO:2000726),2/5,0.0950973830916469,0.2864203108329017,0,0,5.448012232415902,12.818376431930387,FZD7;SOX6
GO_Biological_Process_2023,Negative Regulation Of Cell Size (GO:0045792),2/5,0.0950973830916469,0.2864203108329017,0,0,5.448012232415902,12.818376431930387,RDX;PTEN
GO_Biological_Process_2023,Negative Regulation Of Cellular Extravasation (GO:0002692),2/5,0.0950973830916469,0.2864203108329017,0,0,5.448012232415902,12.818376431930387,PTGER4;CXCL12
GO_Biological_Process_2023,Negative Regulation Of Chemokine-Mediated Signaling Pathway (GO:0070100),2/5,0.0950973830916469,0.2864203108329017,0,0,5.448012232415902,12.818376431930387,SLIT2;SH2B3
GO_Biological_Process_2023,Negative Regulation Of Glycogen Biosynthetic Process (GO:0045719),2/5,0.0950973830916469,0.2864203108329017,0,0,5.448012232415902,12.818376431930387,GSK3B;INPP5K
GO_Biological_Process_2023,Negative Regulation Of Insulin-Like Growth Factor Receptor Signaling Pathway (GO:0043569),2/5,0.0950973830916469,0.2864203108329017,0,0,5.448012232415902,12.818376431930387,IGFBP5;BMP5
GO_Biological_Process_2023,Negative Regulation Of Lamellipodium Organization (GO:1902744),2/5,0.0950973830916469,0.2864203108329017,0,0,5.448012232415902,12.818376431930387,KANK1;SLIT2
GO_Biological_Process_2023,Negative Regulation Of Mast Cell Activation (GO:0033004),2/5,0.0950973830916469,0.2864203108329017,0,0,5.448012232415902,12.818376431930387,FER;CD300LF
GO_Biological_Process_2023,Negative Regulation Of Morphogenesis Of An Epithelium (GO:1905331),2/5,0.0950973830916469,0.2864203108329017,0,0,5.448012232415902,12.818376431930387,NKD1;TBX2
GO_Biological_Process_2023,Negative Regulation Of Myeloid Leukocyte Mediated Immunity (GO:0002887),2/5,0.0950973830916469,0.2864203108329017,0,0,5.448012232415902,12.818376431930387,CX3CR1;SPI1
GO_Biological_Process_2023,Negative Regulation Of Protein Targeting To Membrane (GO:0090315),2/5,0.0950973830916469,0.2864203108329017,0,0,5.448012232415902,12.818376431930387,KCNE1;INPP5K
GO_Biological_Process_2023,Plasma Membrane Raft Assembly (GO:0044854),2/5,0.0950973830916469,0.2864203108329017,0,0,5.448012232415902,12.818376431930387,CAV2;EMP2
GO_Biological_Process_2023,Plasma Membrane Raft Organization (GO:0044857),2/5,0.0950973830916469,0.2864203108329017,0,0,5.448012232415902,12.818376431930387,COLEC12;EMP2
GO_Biological_Process_2023,Positive Regulation Of I-kappaB Phosphorylation (GO:1903721),2/5,0.0950973830916469,0.2864203108329017,0,0,5.448012232415902,12.818376431930387,CX3CR1;CX3CL1
GO_Biological_Process_2023,Positive Regulation Of T-helper 1 Cell Cytokine Production (GO:2000556),2/5,0.0950973830916469,0.2864203108329017,0,0,5.448012232415902,12.818376431930387,XCL1;IL18R1
GO_Biological_Process_2023,"Positive Regulation Of Wnt Signaling Pathway, Planar Cell Polarity Pathway (GO:2000096)",2/5,0.0950973830916469,0.2864203108329017,0,0,5.448012232415902,12.818376431930387,RSPO3;NKD1
GO_Biological_Process_2023,Positive Regulation Of Animal Organ Morphogenesis (GO:0110110),2/5,0.0950973830916469,0.2864203108329017,0,0,5.448012232415902,12.818376431930387,GATA3;CD34
GO_Biological_Process_2023,Positive Regulation Of Antigen Processing And Presentation (GO:0002579),2/5,0.0950973830916469,0.2864203108329017,0,0,5.448012232415902,12.818376431930387,CCL21;SLC11A1
GO_Biological_Process_2023,Positive Regulation Of Dendritic Cell Antigen Processing And Presentation (GO:0002606),2/5,0.0950973830916469,0.2864203108329017,0,0,5.448012232415902,12.818376431930387,CCL21;SLC11A1
GO_Biological_Process_2023,Positive Regulation Of Endothelial Cell Development (GO:1901552),2/5,0.0950973830916469,0.2864203108329017,0,0,5.448012232415902,12.818376431930387,CDH5;CLDN5
GO_Biological_Process_2023,Positive Regulation Of Establishment Of Endothelial Barrier (GO:1903142),2/5,0.0950973830916469,0.2864203108329017,0,0,5.448012232415902,12.818376431930387,CDH5;CLDN5
GO_Biological_Process_2023,Positive Regulation Of Gap Junction Assembly (GO:1903598),2/5,0.0950973830916469,0.2864203108329017,0,0,5.448012232415902,12.818376431930387,CAV1;TBX5
GO_Biological_Process_2023,Positive Regulation Of Microglial Cell Migration (GO:1904141),2/5,0.0950973830916469,0.2864203108329017,0,0,5.448012232415902,12.818376431930387,P2RY12;CX3CL1
GO_Biological_Process_2023,Positive Regulation Of Vesicle Fusion (GO:0031340),2/5,0.0950973830916469,0.2864203108329017,0,0,5.448012232415902,12.818376431930387,ANXA1;SNCA
GO_Biological_Process_2023,Postsynaptic Density Assembly (GO:0097107),2/5,0.0950973830916469,0.2864203108329017,0,0,5.448012232415902,12.818376431930387,PTEN;SHANK3
GO_Biological_Process_2023,Protein Localization To Membrane Raft (GO:1903044),2/5,0.0950973830916469,0.2864203108329017,0,0,5.448012232415902,12.818376431930387,MYADM;ZDHHC2
GO_Biological_Process_2023,Protein Localization To Non-Motile Cilium (GO:0097499),2/5,0.0950973830916469,0.2864203108329017,0,0,5.448012232415902,12.818376431930387,ARL13B;ZDHHC3
GO_Biological_Process_2023,Protein Repair (GO:0030091),2/5,0.0950973830916469,0.2864203108329017,0,0,5.448012232415902,12.818376431930387,MSRB2;MSRB3
GO_Biological_Process_2023,Regulation Of T-helper 1 Cell Cytokine Production (GO:2000554),2/5,0.0950973830916469,0.2864203108329017,0,0,5.448012232415902,12.818376431930387,XCL1;IL18R1
GO_Biological_Process_2023,Regulation Of Blood Vessel Remodeling (GO:0060312),2/5,0.0950973830916469,0.2864203108329017,0,0,5.448012232415902,12.818376431930387,TGFB1;FLT4
GO_Biological_Process_2023,Regulation Of Endothelial Cell-Matrix Adhesion Via Fibronectin (GO:1904904),2/5,0.0950973830916469,0.2864203108329017,0,0,5.448012232415902,12.818376431930387,RRAS;FUT1
GO_Biological_Process_2023,Regulation Of Growth Hormone Receptor Signaling Pathway (GO:0060398),2/5,0.0950973830916469,0.2864203108329017,0,0,5.448012232415902,12.818376431930387,LEPROT;JAK2
GO_Biological_Process_2023,Regulation Of Hyaluronan Biosynthetic Process (GO:1900125),2/5,0.0950973830916469,0.2864203108329017,0,0,5.448012232415902,12.818376431930387,TGFB1;PDGFB
GO_Biological_Process_2023,Regulation Of Mitotic Spindle Checkpoint (GO:1903504),2/5,0.0950973830916469,0.2864203108329017,0,0,5.448012232415902,12.818376431930387,DUSP1;USP44
GO_Biological_Process_2023,Regulation Of Morphogenesis Of A Branching Structure (GO:0060688),2/5,0.0950973830916469,0.2864203108329017,0,0,5.448012232415902,12.818376431930387,LRRK2;FGFR2
GO_Biological_Process_2023,Regulation Of Natural Killer Cell Mediated Immunity (GO:0002715),2/5,0.0950973830916469,0.2864203108329017,0,0,5.448012232415902,12.818376431930387,KLRB1;SH2D1B
GO_Biological_Process_2023,Regulation Of Resting Membrane Potential (GO:0060075),2/5,0.0950973830916469,0.2864203108329017,0,0,5.448012232415902,12.818376431930387,NALCN;KCNJ2
GO_Biological_Process_2023,Regulation Of Retinal Ganglion Cell Axon Guidance (GO:0090259),2/5,0.0950973830916469,0.2864203108329017,0,0,5.448012232415902,12.818376431930387,PTPRO;SLIT2
GO_Biological_Process_2023,Regulation Of Superoxide Metabolic Process (GO:0090322),2/5,0.0950973830916469,0.2864203108329017,0,0,5.448012232415902,12.818376431930387,BST1;FBLN5
GO_Biological_Process_2023,Renal Filtration Cell Differentiation (GO:0061318),2/5,0.0950973830916469,0.2864203108329017,0,0,5.448012232415902,12.818376431930387,PTPRO;KLF15
GO_Biological_Process_2023,Renal System Process Involved In Regulation Of Blood Volume (GO:0001977),2/5,0.0950973830916469,0.2864203108329017,0,0,5.448012232415902,12.818376431930387,PTPRO;EMP2
GO_Biological_Process_2023,Response To cGMP (GO:0070305),2/5,0.0950973830916469,0.2864203108329017,0,0,5.448012232415902,12.818376431930387,PDE2A;RAPGEF2
GO_Biological_Process_2023,Response To Catecholamine (GO:0071869),2/5,0.0950973830916469,0.2864203108329017,0,0,5.448012232415902,12.818376431930387,GNG2;NR4A3
GO_Biological_Process_2023,Response To Peptidoglycan (GO:0032494),2/5,0.0950973830916469,0.2864203108329017,0,0,5.448012232415902,12.818376431930387,IL6;IRAK3
GO_Biological_Process_2023,Ruffle Assembly (GO:0097178),2/5,0.0950973830916469,0.2864203108329017,0,0,5.448012232415902,12.818376431930387,INPP5K;AIF1L
GO_Biological_Process_2023,Signal Complex Assembly (GO:0007172),2/5,0.0950973830916469,0.2864203108329017,0,0,5.448012232415902,12.818376431930387,PXN;NCK1
GO_Biological_Process_2023,Sphingomyelin Biosynthetic Process (GO:0006686),2/5,0.0950973830916469,0.2864203108329017,0,0,5.448012232415902,12.818376431930387,VAPA;SGMS2
GO_Biological_Process_2023,Striated Muscle Hypertrophy (GO:0014897),2/5,0.0950973830916469,0.2864203108329017,0,0,5.448012232415902,12.818376431930387,MYOC;TTN
GO_Biological_Process_2023,Synaptic Vesicle Uncoating (GO:0016191),2/5,0.0950973830916469,0.2864203108329017,0,0,5.448012232415902,12.818376431930387,SH3GL3;SH3GL2
GO_Biological_Process_2023,Transmembrane Receptor Protein Tyrosine Phosphatase Signaling Pathway (GO:0007185),2/5,0.0950973830916469,0.2864203108329017,0,0,5.448012232415902,12.818376431930387,PTPRD;PTN
GO_Biological_Process_2023,Vascular Endothelial Growth Factor Receptor-2 Signaling Pathway (GO:0036324),2/5,0.0950973830916469,0.2864203108329017,0,0,5.448012232415902,12.818376431930387,DAB2IP;KDR
GO_Biological_Process_2023,Ventricular Cardiac Muscle Cell Development (GO:0055015),2/5,0.0950973830916469,0.2864203108329017,0,0,5.448012232415902,12.818376431930387,MEF2A;HEY2
GO_Biological_Process_2023,Memory (GO:0007613),10/58,0.095555127492259,0.2875982777242608,0,0,1.7044582565991406,4.002156527669121,PRNP;CAMK2N1;BDNF;SYT11;RASGRF1;EIF4EBP2;VLDLR;PTN;SHANK3;LDLR
GO_Biological_Process_2023,Cellular Response To Decreased Oxygen Levels (GO:0036294),12/73,0.0964036391486837,0.2899499000457972,0,0,1.6097605197552316,3.765570042491482,SFRP1;PTGIS;TGFB1;RGCC;FAM162A;EPAS1;GATA6;RORA;PPARG;NDNF;PTGS2;AQP1
GO_Biological_Process_2023,Regulation Of I-kappaB kinase/NF-kappaB Signaling (GO:0043122),32/232,0.0977149395357558,0.2936758533662481,0,0,1.311106976744186,3.049242569980154,TFRC;SLC44A2;RORA;CX3CL1;AKAP13;GJA1;TNFSF10;CASP1;S100A12;FLNA;SLC39A8;WLS;CD74;MAP3K3;NDFIP2;NDFIP1;CCL21;PRKCB;F2R;TNFRSF19;DAB2IP;CFLAR;MID2;FKBP1A;PPM1A;CD4;VAPA;ROR1;S100A4;PRKD1;CARD16;OPTN
GO_Biological_Process_2023,Hepaticobiliary System Development (GO:0061008),5/23,0.0980507193467941,0.2936758533662481,0,0,2.271219313019956,5.274385359450841,TGFBR3;CEBPA;CITED2;COBL;PCSK9
GO_Biological_Process_2023,Positive Regulation Of Protein Targeting To Membrane (GO:0090314),5/23,0.0980507193467941,0.2936758533662481,0,0,2.271219313019956,5.274385359450841,PRNP;MYO1C;FYN;ANK3;SLC51B
GO_Biological_Process_2023,Regulation Of T Cell Migration (GO:2000404),5/23,0.0980507193467941,0.2936758533662481,0,0,2.271219313019956,5.274385359450841,CXCL12;LRCH1;CCL21;SPNS2;APOD
GO_Biological_Process_2023,Regulation Of Axon Extension Involved In Axon Guidance (GO:0048841),5/23,0.0980507193467941,0.2936758533662481,0,0,2.271219313019956,5.274385359450841,SEMA5A;SEMA6A;SEMA6D;SEMA3G;SEMA3E
GO_Biological_Process_2023,Regulation Of Cholesterol Metabolic Process (GO:0090181),5/23,0.0980507193467941,0.2936758533662481,0,0,2.271219313019956,5.274385359450841,STARD4;ACADL;EPHX2;ABCG1;CES1
GO_Biological_Process_2023,Negative Regulation Of Defense Response (GO:0031348),17/112,0.1002501577323339,0.3000552571239622,0,0,1.4648887808435638,3.369371113035243,PTGER4;PTGIS;RORA;IRAK3;FPR2;GATA3;KLF4;FXR1;CDH5;PPP6C;MYO1C;GPER1;ALOX5;SIRPA;SLC39A8;PPARG;TEK
GO_Biological_Process_2023,Lymphocyte Chemotaxis (GO:0048247),8/44,0.1007660184353453,0.3007649623561206,0,0,1.817642849841562,4.171406908542221,CCL14;CCL23;CCL21;XCL1;DEFA1;GAS6;CX3CL1;CCL15
GO_Biological_Process_2023,Negative Regulation Of Immune System Process (GO:0002683),8/44,0.1007660184353453,0.3007649623561206,0,0,1.817642849841562,4.171406908542221,GPER1;TSC22D3;DAB2IP;IRAK3;LILRB2;ADTRP;LILRA2;IL17D
GO_Biological_Process_2023,Phosphatidylinositol Phosphate Biosynthetic Process (GO:0046854),8/44,0.1007660184353453,0.3007649623561206,0,0,1.817642849841562,4.171406908542221,SOCS2;ITPKB;SOCS3;TTC7B;PIK3R3;PIK3C3;PIK3R1;EFR3B
GO_Biological_Process_2023,Positive Regulation Of Nucleocytoplasmic Transport (GO:0046824),8/44,0.1007660184353453,0.3007649623561206,0,0,1.817642849841562,4.171406908542221,GSK3B;TGFB1;HYAL2;NEDD4;TPR;FLNA;PIK3R1;GAS6
GO_Biological_Process_2023,Immunoglobulin Mediated Immune Response (GO:0016064),6/30,0.1016309492120633,0.3018851870607469,0,0,2.0443474264705883,4.674210617932894,CD74;FCER1G;FCER1A;TLR8;HLA-DOA;HLA-DPA1
GO_Biological_Process_2023,Innate Immune Response Activating Cell Surface Receptor Signaling Pathway (GO:0002220),6/30,0.1016309492120633,0.3018851870607469,0,0,2.0443474264705883,4.674210617932894,FCN1;FCN3;TYROBP;FYN;KLRD1;LILRA2
GO_Biological_Process_2023,Negative Regulation Of Axon Extension (GO:0030517),6/30,0.1016309492120633,0.3018851870607469,0,0,2.0443474264705883,4.674210617932894,SEMA5A;SEMA6A;MAP2;SEMA6D;SEMA3G;SEMA3E
GO_Biological_Process_2023,Negative Regulation Of Calcium Ion Transmembrane Transporter Activity (GO:1901020),6/30,0.1016309492120633,0.3018851870607469,0,0,2.0443474264705883,4.674210617932894,FKBP1A;PLN;FKBP1B;CASQ2;ATP1A2;CALM1
GO_Biological_Process_2023,Negative Regulation Of Myeloid Leukocyte Differentiation (GO:0002762),6/30,0.1016309492120633,0.3018851870607469,0,0,2.0443474264705883,4.674210617932894,CDK6;TMEM178A;TLR4;TLR3;FSTL3;FBN1
GO_Biological_Process_2023,"Phagocytosis, Engulfment (GO:0006911)",6/30,0.1016309492120633,0.3018851870607469,0,0,2.0443474264705883,4.674210617932894,MSR1;MARCO;GSN;ELMO1;CD36;ARHGAP25
GO_Biological_Process_2023,Regulation Of Vasculature Development (GO:1901342),6/30,0.1016309492120633,0.3018851870607469,0,0,2.0443474264705883,4.674210617932894,IL6;SFRP1;EMP2;TSPAN12;ETS1;FGF2
GO_Biological_Process_2023,Regulation Of p38MAPK Cascade (GO:1900744),7/37,0.1020725396840531,0.3029883640140119,0,0,1.908291187739464,4.354857019283839,BMP4;BMP2;SPI1;GADD45B;DUSP1;DAB2IP;SASH1
GO_Biological_Process_2023,Negative Regulation Of Neuron Apoptotic Process (GO:0043524),12/74,0.1042375230899501,0.3092021647121821,0,0,1.583707447599227,3.5808941578693565,CX3CR1;NTRK2;MEF2C;BDNF;WFS1;F2R;NDNF;SEMA3E;IL6ST;CLU;PPARGC1A;CX3CL1
GO_Biological_Process_2023,Regulation Of Cell Death (GO:0010941),10/59,0.1044001574385036,0.3094718952641358,0,0,1.669579433983538,3.7724549604422175,HBG1;LRRK2;HBB;TMEM109;DHCR24;AXIN2;HBA1;CLU;CRYAB;SNCA
GO_Biological_Process_2023,cGMP-mediated Signaling (GO:0019934),4/17,0.1061071149720589,0.309850005561168,0,0,2.5153634244543337,5.642730306210443,GUCY1A2;PDE2A;CD36;AQP1
GO_Biological_Process_2023,Carbohydrate Derivative Transport (GO:1901264),4/17,0.1061071149720589,0.309850005561168,0,0,2.5153634244543337,5.642730306210443,SLC15A2;VLDLR;SLC15A3;MFSD2A
GO_Biological_Process_2023,Carboxylic Acid Biosynthetic Process (GO:0046394),4/17,0.1061071149720589,0.309850005561168,0,0,2.5153634244543337,5.642730306210443,CASP1;RGN;NLRC4;CDO1
GO_Biological_Process_2023,Cellular Response To Alkaloid (GO:0071312),4/17,0.1061071149720589,0.309850005561168,0,0,2.5153634244543337,5.642730306210443,CASQ2;SPIDR;SLC8A1;TGM2
GO_Biological_Process_2023,Cellular Response To Unfolded Protein (GO:0034620),4/17,0.1061071149720589,0.309850005561168,0,0,2.5153634244543337,5.642730306210443,PTPN1;HSPB8;DAB2IP;OPTN
GO_Biological_Process_2023,Mesenchyme Development (GO:0060485),4/17,0.1061071149720589,0.309850005561168,0,0,2.5153634244543337,5.642730306210443,BMP4;BMPR2;FOXF1;FGFR2
GO_Biological_Process_2023,Negative Regulation Of Cellular Senescence (GO:2000773),4/17,0.1061071149720589,0.309850005561168,0,0,2.5153634244543337,5.642730306210443,MAP3K3;CDK6;PTEN;TBX2
GO_Biological_Process_2023,Negative Regulation Of Interleukin-8 Production (GO:0032717),4/17,0.1061071149720589,0.309850005561168,0,0,2.5153634244543337,5.642730306210443,ARRB1;KLF4;CD33;MAP2K5
GO_Biological_Process_2023,Negative Regulation Of Striated Muscle Cell Differentiation (GO:0051154),4/17,0.1061071149720589,0.309850005561168,0,0,2.5153634244543337,5.642730306210443,BMP2;FZD7;TMEM119;SOX6
GO_Biological_Process_2023,Neural Tube Development (GO:0021915),4/17,0.1061071149720589,0.309850005561168,0,0,2.5153634244543337,5.642730306210443,TRIM71;TGFB1;ARL13B;PTCH1
GO_Biological_Process_2023,Peptidyl-Threonine Dephosphorylation (GO:0035970),4/17,0.1061071149720589,0.309850005561168,0,0,2.5153634244543337,5.642730306210443,PPP2CA;PPM1A;PPM1D;PPM1F
GO_Biological_Process_2023,Positive Chemotaxis (GO:0050918),4/17,0.1061071149720589,0.309850005561168,0,0,2.5153634244543337,5.642730306210443,SEMA5A;FGF7;FPR2;CX3CL1
GO_Biological_Process_2023,Positive Regulation By Host Of Viral Process (GO:0044794),4/17,0.1061071149720589,0.309850005561168,0,0,2.5153634244543337,5.642730306210443,EEF1A1;VAPA;CAV2;PIK3C3
GO_Biological_Process_2023,Positive Regulation Of Alpha-Beta T Cell Proliferation (GO:0046641),4/17,0.1061071149720589,0.309850005561168,0,0,2.5153634244543337,5.642730306210443,XCL1;JAK2;HLA-E;TGFBR2
GO_Biological_Process_2023,Positive Regulation Of Cardiac Muscle Hypertrophy (GO:0010613),4/17,0.1061071149720589,0.309850005561168,0,0,2.5153634244543337,5.642730306210443,MEF2A;EDN1;NR4A3;IL6ST
GO_Biological_Process_2023,Positive Regulation Of Fatty Acid Metabolic Process (GO:0045923),4/17,0.1061071149720589,0.309850005561168,0,0,2.5153634244543337,5.642730306210443,KAT2B;NR4A3;MID1IP1;PPARGC1A
GO_Biological_Process_2023,Regulation Of Establishment Of Cell Polarity (GO:2000114),4/17,0.1061071149720589,0.309850005561168,0,0,2.5153634244543337,5.642730306210443,KANK1;CDH5;GSN;RUFY3
GO_Biological_Process_2023,Regulation Of Glucose Transmembrane Transport (GO:0010827),4/17,0.1061071149720589,0.309850005561168,0,0,2.5153634244543337,5.642730306210443,NR4A3;PLA2G1B;PRKCB;INPP5K
GO_Biological_Process_2023,Regulation Of Leukocyte Chemotaxis (GO:0002688),4/17,0.1061071149720589,0.309850005561168,0,0,2.5153634244543337,5.642730306210443,IL6;XCL1;PTN;SLIT2
GO_Biological_Process_2023,Response To Interferon-Alpha (GO:0035455),4/17,0.1061071149720589,0.309850005561168,0,0,2.5153634244543337,5.642730306210443,LAMP3;TPR;GATA3;GAS6
GO_Biological_Process_2023,Toll-Like Receptor 4 Signaling Pathway (GO:0034142),4/17,0.1061071149720589,0.309850005561168,0,0,2.5153634244543337,5.642730306210443,MYO1C;PRKCE;TRIL;TLR4
GO_Biological_Process_2023,Ventricular Cardiac Muscle Cell Action Potential (GO:0086005),4/17,0.1061071149720589,0.309850005561168,0,0,2.5153634244543337,5.642730306210443,KCNE1;KCNJ8;NEDD4L;GPD1L
GO_Biological_Process_2023,Positive Regulation Of Tumor Necrosis Factor Superfamily Cytokine Production (GO:1903557),13/82,0.1071772022940386,0.3125467900926814,0,0,1.54173097867848,3.443104191646656,IL33;HMGB1;LILRA2;CLU;AGER;HLA-E;FCGR3A;IL6;TYROBP;JAK2;TLR4;TLR3;PF4
GO_Biological_Process_2023,Regulation Of Phosphorylation (GO:0042325),13/82,0.1071772022940386,0.3125467900926814,0,0,1.54173097867848,3.443104191646656,CDKN1C;CDKN2B;FZD7;EMP2;LDB2;CORO1C;PPP2CA;BMP4;CDH5;FER;ROPN1L;ANG;ITGA6
GO_Biological_Process_2023,Arachidonic Acid Metabolic Process (GO:0019369),9/52,0.1081497431370623,0.3125467900926814,0,0,1.7120795385224583,3.808073227464925,PTGIS;CYP2U1;PLA2G4C;ABHD6;PTGDS;PTGS2;ALOX15B;MGLL;PTGS1
GO_Biological_Process_2023,Regulation Of Protein Localization To Nucleus (GO:1900180),9/52,0.1081497431370623,0.3125467900926814,0,0,1.7120795385224583,3.808073227464925,BMP4;GSK3B;TCF7L2;WWTR1;LATS2;TGFB1;TFRC;TPR;FERMT2
GO_Biological_Process_2023,Activation Of Cysteine-Type Endopeptidase Activity Involved In Apoptotic Process (GO:0006919),11/67,0.1089559475931168,0.3125467900926814,0,0,1.6070770546818451,3.5625871034626453,HIP1;FAM162A;F2R;COL4A3;CNTN1;PPARG;NLRC4;IFT57;JAK2;S100A8;SNCA
GO_Biological_Process_2023,Extrinsic Apoptotic Signaling Pathway (GO:0097191),11/67,0.1089559475931168,0.3125467900926814,0,0,1.6070770546818451,3.5625871034626453,GSK3B;TGFB2;TGFB1;SORT1;TNFSF12;DAB2IP;G0S2;FAS;JAK2;TLR3;BCL2L2
GO_Biological_Process_2023,Brain Morphogenesis (GO:0048854),3/11,0.1098548379449948,0.3125467900926814,0,0,3.065052776502983,6.769461584767622,PTEN;SHANK3;SLC6A4
GO_Biological_Process_2023,cGMP Metabolic Process (GO:0046068),3/11,0.1098548379449948,0.3125467900926814,0,0,3.065052776502983,6.769461584767622,NPR1;NPR2;PDE2A
GO_Biological_Process_2023,Catecholamine Biosynthetic Process (GO:0042423),3/11,0.1098548379449948,0.3125467900926814,0,0,3.065052776502983,6.769461584767622,TGFB2;GATA3;SNCA
GO_Biological_Process_2023,Desensitization Of G Protein-Coupled Receptor Signaling Pathway (GO:0002029),3/11,0.1098548379449948,0.3125467900926814,0,0,3.065052776502983,6.769461584767622,DMBT1;ARRB1;ADRB2
GO_Biological_Process_2023,Digestive System Development (GO:0055123),3/11,0.1098548379449948,0.3125467900926814,0,0,3.065052776502983,6.769461584767622,FOXF1;COBL;FGFR2
GO_Biological_Process_2023,Leukotriene D4 Metabolic Process (GO:1901748),3/11,0.1098548379449948,0.3125467900926814,0,0,3.065052776502983,6.769461584767622,GGTLC1;DPEP2;GGT1
GO_Biological_Process_2023,Melanocyte Differentiation (GO:0030318),3/11,0.1098548379449948,0.3125467900926814,0,0,3.065052776502983,6.769461584767622,MEF2C;TYRP1;MITF
GO_Biological_Process_2023,"Negative Regulation Of CD4-positive, Alpha-Beta T Cell Activation (GO:2000515)",3/11,0.1098548379449948,0.3125467900926814,0,0,3.065052776502983,6.769461584767622,CD274;XCL1;HMGB1
GO_Biological_Process_2023,Negative Regulation Of Amyloid Fibril Formation (GO:1905907),3/11,0.1098548379449948,0.3125467900926814,0,0,3.065052776502983,6.769461584767622,CLU;CRYAB;LDLR
GO_Biological_Process_2023,Negative Regulation Of Cellular Response To Vascular Endothelial Growth Factor Stimulus (GO:1902548),3/11,0.1098548379449948,0.3125467900926814,0,0,3.065052776502983,6.769461584767622,SEMA6A;DAB2IP;DCN
GO_Biological_Process_2023,Negative Regulation Of Cyclase Activity (GO:0031280),3/11,0.1098548379449948,0.3125467900926814,0,0,3.065052776502983,6.769461584767622,EDNRB;PALM;GNAI2
GO_Biological_Process_2023,Negative Regulation Of Glucose Transmembrane Transport (GO:0010829),3/11,0.1098548379449948,0.3125467900926814,0,0,3.065052776502983,6.769461584767622,PID1;PRKCB;INPP5K
GO_Biological_Process_2023,Negative Regulation Of Leukocyte Apoptotic Process (GO:2000107),3/11,0.1098548379449948,0.3125467900926814,0,0,3.065052776502983,6.769461584767622,CXCL12;CCL21;GAS6
GO_Biological_Process_2023,Negative Regulation Of Leukocyte Chemotaxis (GO:0002689),3/11,0.1098548379449948,0.3125467900926814,0,0,3.065052776502983,6.769461584767622,DUSP1;SLIT2;NBL1
GO_Biological_Process_2023,Negative Regulation Of Microtubule Polymerization (GO:0031115),3/11,0.1098548379449948,0.3125467900926814,0,0,3.065052776502983,6.769461584767622,CDH5;MAP2;SNCA
GO_Biological_Process_2023,Negative Regulation Of Potassium Ion Transmembrane Transport (GO:1901380),3/11,0.1098548379449948,0.3125467900926814,0,0,3.065052776502983,6.769461584767622,CAV1;CASQ2;NEDD4L
GO_Biological_Process_2023,Negative Regulation Of Release Of Sequestered Calcium Ion Into Cytosol (GO:0051280),3/11,0.1098548379449948,0.3125467900926814,0,0,3.065052776502983,6.769461584767622,FKBP1A;FKBP1B;CASQ2
GO_Biological_Process_2023,Negative Regulation Of Ryanodine-Sensitive Calcium-Release Channel Activity (GO:0060315),3/11,0.1098548379449948,0.3125467900926814,0,0,3.065052776502983,6.769461584767622,FKBP1A;FKBP1B;CASQ2
GO_Biological_Process_2023,Positive Regulation Of Behavior (GO:0048520),3/11,0.1098548379449948,0.3125467900926814,0,0,3.065052776502983,6.769461584767622,MEF2C;NR4A3;SGIP1
GO_Biological_Process_2023,Positive Regulation Of Coagulation (GO:0050820),3/11,0.1098548379449948,0.3125467900926814,0,0,3.065052776502983,6.769461584767622,DMTN;F2R;EMILIN1
GO_Biological_Process_2023,Positive Regulation Of Cytoplasmic Transport (GO:1903651),3/11,0.1098548379449948,0.3125467900926814,0,0,3.065052776502983,6.769461584767622,RAB21;RDX;MSN
GO_Biological_Process_2023,Positive Regulation Of Endoplasmic Reticulum Unfolded Protein Response (GO:1900103),3/11,0.1098548379449948,0.3125467900926814,0,0,3.065052776502983,6.769461584767622,PTPN1;DAB2IP;PIK3R1
GO_Biological_Process_2023,Positive Regulation Of Hemostasis (GO:1900048),3/11,0.1098548379449948,0.3125467900926814,0,0,3.065052776502983,6.769461584767622,DMTN;F2R;EMILIN1
GO_Biological_Process_2023,Positive Regulation Of Muscle Contraction (GO:0045933),3/11,0.1098548379449948,0.3125467900926814,0,0,3.065052776502983,6.769461584767622,MYOCD;F2R;PROK2
GO_Biological_Process_2023,Positive Regulation Of Myelination (GO:0031643),3/11,0.1098548379449948,0.3125467900926814,0,0,3.065052776502983,6.769461584767622,EGR2;MYRF;TPPP
GO_Biological_Process_2023,Positive Regulation Of Protein Maturation (GO:1903319),3/11,0.1098548379449948,0.3125467900926814,0,0,3.065052776502983,6.769461584767622,CCBE1;NLRC4;NKD2
GO_Biological_Process_2023,Presynapse Organization (GO:0099172),3/11,0.1098548379449948,0.3125467900926814,0,0,3.065052776502983,6.769461584767622,FZD1;PTPRD;NLGN4X
GO_Biological_Process_2023,Regulation Of Astrocyte Differentiation (GO:0048710),3/11,0.1098548379449948,0.3125467900926814,0,0,3.065052776502983,6.769461584767622,BMP2;IL6;ID2
GO_Biological_Process_2023,Regulation Of Cell Communication By Electrical Coupling Involved In Cardiac Conduction (GO:1901844),3/11,0.1098548379449948,0.3125467900926814,0,0,3.065052776502983,6.769461584767622,GJD3;CAV1;TBX5
GO_Biological_Process_2023,Regulation Of Epithelial Cell Apoptotic Process (GO:1904035),3/11,0.1098548379449948,0.3125467900926814,0,0,3.065052776502983,6.769461584767622,ZFP36;NUPR1;TEK
GO_Biological_Process_2023,Regulation Of Leukocyte Tethering Or Rolling (GO:1903236),3/11,0.1098548379449948,0.3125467900926814,0,0,3.065052776502983,6.769461584767622,SELP;CXCL12;SELE
GO_Biological_Process_2023,Regulation Of Mesenchymal Cell Proliferation (GO:0010464),3/11,0.1098548379449948,0.3125467900926814,0,0,3.065052776502983,6.769461584767622,CTNNBIP1;FGFR2;TGFBR2
GO_Biological_Process_2023,Retinoic Acid Receptor Signaling Pathway (GO:0048384),3/11,0.1098548379449948,0.3125467900926814,0,0,3.065052776502983,6.769461584767622,THRB;THRA;PPARG
GO_Biological_Process_2023,MAPK Cascade (GO:0000165),15/98,0.1111265921808194,0.3159567667011966,0,0,1.4790588287622108,3.2496183475219382,MEF2A;PTGER4;MAP3K3;MEF2C;TGFB1;LRRK2;ZFP36L2;ZFP36;KDR;CTSH;RAPGEF2;TNIK;SHANK3;MAP2K5;FGFR1
GO_Biological_Process_2023,Epidermal Growth Factor Receptor Signaling Pathway (GO:0007173),8/45,0.1114661708287282,0.3165052587478889,0,0,1.7684179119321717,3.879969263293924,PIGR;SHC3;EFEMP1;TGFB1;REPS2;GAB1;PLCE1;HBEGF
GO_Biological_Process_2023,Regulation Of Apoptotic Signaling Pathway (GO:2001233),8/45,0.1114661708287282,0.3165052587478889,0,0,1.7684179119321717,3.879969263293924,CX3CR1;NR4A2;BDNF;DAPK2;DAB2IP;CTSH;FAS;CX3CL1
GO_Biological_Process_2023,Defense Response To Gram-negative Bacterium (GO:0050829),12/75,0.1124371364548729,0.3190523872052805,0,0,1.558481457098969,3.4058445964791813,SELP;IL6;DMBT1;SLC11A1;RARRES2;CTSG;DEFA1;LYZ;TLR4;CAMP;OPTN;AQP1
GO_Biological_Process_2023,Dicarboxylic Acid Transport (GO:0006835),5/24,0.1132875907580333,0.3193659318822154,0,0,2.151560573459372,4.68572378821028,GJA1;SLC1A1;PDPN;FOLR3;FOLR1
GO_Biological_Process_2023,Eosinophil Chemotaxis (GO:0048245),5/24,0.1132875907580333,0.3193659318822154,0,0,2.151560573459372,4.68572378821028,CCL14;CCL23;XCL1;CX3CL1;CCL15
GO_Biological_Process_2023,Eosinophil Migration (GO:0072677),5/24,0.1132875907580333,0.3193659318822154,0,0,2.151560573459372,4.68572378821028,CCL14;CCL23;XCL1;CX3CL1;CCL15
GO_Biological_Process_2023,Positive Regulation Of BMP Signaling Pathway (GO:0030513),5/24,0.1132875907580333,0.3193659318822154,0,0,2.151560573459372,4.68572378821028,BMP4;CDH5;BMPR2;ZNF423;ENG
GO_Biological_Process_2023,Positive Regulation Of Natural Killer Cell Mediated Immunity (GO:0002717),5/24,0.1132875907580333,0.3193659318822154,0,0,2.151560573459372,4.68572378821028,CADM1;CRTAM;SH2D1B;KLRD1;HLA-E
GO_Biological_Process_2023,Positive Regulation Of p38MAPK Cascade (GO:1900745),5/24,0.1132875907580333,0.3193659318822154,0,0,2.151560573459372,4.68572378821028,BMP4;BMP2;SPI1;GADD45B;SASH1
GO_Biological_Process_2023,Protein Kinase B Signaling (GO:0043491),5/24,0.1132875907580333,0.3193659318822154,0,0,2.151560573459372,4.68572378821028,TGFB1;PTEN;KDR;PIK3R3;GAS6
GO_Biological_Process_2023,Regulation Of Heterotypic Cell-Cell Adhesion (GO:0034114),5/24,0.1132875907580333,0.3193659318822154,0,0,2.151560573459372,4.68572378821028,MYADM;KLF4;AGER;CD44;MAP2K5
GO_Biological_Process_2023,Regulation Of Ruffle Assembly (GO:1900027),5/24,0.1132875907580333,0.3193659318822154,0,0,2.151560573459372,4.68572378821028,P2RY12;KANK1;CAV1;RDX;ARHGAP24
GO_Biological_Process_2023,Response To Copper Ion (GO:0046688),5/24,0.1132875907580333,0.3193659318822154,0,0,2.151560573459372,4.68572378821028,PRNP;MT1M;AQP1;MT1E;SNCA
GO_Biological_Process_2023,Membrane Assembly (GO:0071709),7/38,0.1139740737313678,0.3204639102440285,0,0,1.8466295884315904,4.010481110882509,PTPRD;NLGN4X;PTEN;LRP4;EMP2;TLCD2;SPTBN1
GO_Biological_Process_2023,Positive Regulation Of Protein Tyrosine Kinase Activity (GO:0061098),7/38,0.1139740737313678,0.3204639102440285,0,0,1.8466295884315904,4.010481110882509,PRNP;PTPN1;ACE;PDGFB;NEDD9;GAS6;HBEGF
GO_Biological_Process_2023,Regulation Of Neurotransmitter Secretion (GO:0046928),7/38,0.1139740737313678,0.3204639102440285,0,0,1.8466295884315904,4.010481110882509,MEF2C;MCTP1;RIMS3;SYT11;LRRK2;GPER1;KCNMB4
GO_Biological_Process_2023,Regulation Of Protein Import Into Nucleus (GO:0042306),7/38,0.1139740737313678,0.3204639102440285,0,0,1.8466295884315904,4.010481110882509,BMP4;TGFB1;HYAL2;RAB23;TPR;FLNA;PIK3R1
GO_Biological_Process_2023,Negative Chemotaxis (GO:0050919),6/31,0.1150062396012668,0.322107027981225,0,0,1.9624632352941176,4.244354442263771,SEMA6A;SEMA6D;SEMA3G;SEMA3E;UNC5C;SLIT2
GO_Biological_Process_2023,Negative Regulation Of Microtubule Polymerization Or Depolymerization (GO:0031111),6/31,0.1150062396012668,0.322107027981225,0,0,1.9624632352941176,4.244354442263771,CDH5;NAV3;MAP2;MID1IP1;CLASP2;SNCA
GO_Biological_Process_2023,Phospholipid Translocation (GO:0045332),6/31,0.1150062396012668,0.322107027981225,0,0,1.9624632352941176,4.244354442263771,ABCB1;ATP8A2;PLSCR4;ATP10A;ANO6;MFSD2A
GO_Biological_Process_2023,Positive Regulation Of Lamellipodium Organization (GO:1902745),6/31,0.1150062396012668,0.322107027981225,0,0,1.9624632352941176,4.244354442263771,ACTR3;ENPP2;PLCE1;PIK3R1;WASF2;CORO1C
GO_Biological_Process_2023,Presynaptic Endocytosis (GO:0140238),6/31,0.1150062396012668,0.322107027981225,0,0,1.9624632352941176,4.244354442263771,DNM3;NLGN4X;STON1;STON2;VAMP2;SNCA
GO_Biological_Process_2023,Response To Estradiol (GO:0032355),6/31,0.1150062396012668,0.322107027981225,0,0,1.9624632352941176,4.244354442263771,SOCS2;SFRP1;RAMP3;TGFB1;GPER1;SSTR1
GO_Biological_Process_2023,Cilium Organization (GO:0044782),31/228,0.1166222700260196,0.326421347232361,0,0,1.2890970319553885,2.77003107510679,ARL6;NEDD9;TTC29;CDC14A;ABLIM1;ABLIM3;ARL13B;RAB23;TEKT1;FLNA;MAP4;IFT57;CC2D2A;RAB8B;DYNC2H1;ACTR3;DNAI2;GSN;IFT140;RAB3IP;RFX2;RFX3;DCDC2;PARVA;FHDC1;TMEM231;EHD1;EHD2;RILPL2;TMEM237;DZIP1
GO_Biological_Process_2023,Nitrogen Compound Transport (GO:0071705),23/163,0.1190951838696502,0.3331269044597606,0,0,1.3451796466618142,2.8623166222934744,SLC22A4;SLC26A2;EDN1;RAMP2;SLC15A2;CALCRL;RAMP3;SLC11A1;AQP9;SLC6A13;HBB;HBA1;SCAMP1;AQP1;SLC6A4;PDPN;SLC19A3;TXNIP;SLC15A3;SLC38A5;SLC18A2;VAMP2;ABCG2
GO_Biological_Process_2023,Positive Regulation Of Protein Metabolic Process (GO:0051247),27/196,0.1211806042219773,0.3387406009210196,0,0,1.3084281772127568,2.7614026666707003,GSK3B;C4BPA;LILRA2;CLU;NKD1;FOXO1;FXR1;GPC3;MAP2K5;TGFB1;WFS1;TNFSF12;RDX;CIRBP;DAB2IP;SAMD4A;MSN;KLF4;LARP6;KLF2;IL6;APC;NEDD4;AGTR1;VIM;IL17D;FGFR4
GO_Biological_Process_2023,Negative Regulation Of Cellular Metabolic Process (GO:0031324),8/46,0.1227569366453821,0.3427030650462284,0,0,1.7217837602285382,3.611525810604228,MAP3K3;CDK6;AKT3;PTEN;NUPR1;CBFA2T3;FBP1;TBX2
GO_Biological_Process_2023,Regulation Of mRNA Catabolic Process (GO:0061013),8/46,0.1227569366453821,0.3427030650462284,0,0,1.7217837602285382,3.611525810604228,FXR1;ZFP36;RBM8A;PRR5L;VIM;ZC3H14;RBM24;ZFP36L2
GO_Biological_Process_2023,Adrenergic Receptor Signaling Pathway (GO:0071875),4/18,0.125219819563678,0.3445195527610595,0,0,2.3355634264725174,4.852563999129411,AKAP13;RAPGEF2;ADRB1;ADRB2
GO_Biological_Process_2023,Branching Involved In Ureteric Bud Morphogenesis (GO:0001658),4/18,0.125219819563678,0.3445195527610595,0,0,2.3355634264725174,4.852563999129411,BMP4;TCF21;NPNT;FGF2
GO_Biological_Process_2023,Dendritic Cell Migration (GO:0036336),4/18,0.125219819563678,0.3445195527610595,0,0,2.3355634264725174,4.852563999129411,CCL21;CXCR2;HMGB1;CLU
GO_Biological_Process_2023,Energy Reserve Metabolic Process (GO:0006112),4/18,0.125219819563678,0.3445195527610595,0,0,2.3355634264725174,4.852563999129411,GSK3B;PID1;PPP1R3C;LEPR
GO_Biological_Process_2023,Glycerolipid Catabolic Process (GO:0046503),4/18,0.125219819563678,0.3445195527610595,0,0,2.3355634264725174,4.852563999129411,PLA2G4C;ABHD6;PNPLA6;MGLL
GO_Biological_Process_2023,Intracellular Sodium Ion Homeostasis (GO:0006883),4/18,0.125219819563678,0.3445195527610595,0,0,2.3355634264725174,4.852563999129411,SCNN1G;SCNN1B;ATP1A2;SLC8A1
GO_Biological_Process_2023,Myoblast Fusion (GO:0007520),4/18,0.125219819563678,0.3445195527610595,0,0,2.3355634264725174,4.852563999129411,ADAMTS15;ADAMTS5;NOS1;JAM2
GO_Biological_Process_2023,Negative Regulation Of Amyloid Precursor Protein Catabolic Process (GO:1902992),4/18,0.125219819563678,0.3445195527610595,0,0,2.3355634264725174,4.852563999129411,NTRK2;PRNP;RTN1;CLU
GO_Biological_Process_2023,Negative Regulation Of Lipid Storage (GO:0010888),4/18,0.125219819563678,0.3445195527610595,0,0,2.3355634264725174,4.852563999129411,IL6;PPARG;ABCG1;CES1
GO_Biological_Process_2023,Negative Regulation Of Viral Entry Into Host Cell (GO:0046597),4/18,0.125219819563678,0.3445195527610595,0,0,2.3355634264725174,4.852563999129411,FCN1;FCN3;GSN;MID2
GO_Biological_Process_2023,Positive Regulation Of NLRP3 Inflammasome Complex Assembly (GO:1900227),4/18,0.125219819563678,0.3445195527610595,0,0,2.3355634264725174,4.852563999129411,PPP2CA;CD36;PRKD1;TLR4
GO_Biological_Process_2023,Positive Regulation Of Cyclin-Dependent Protein Kinase Activity (GO:1904031),4/18,0.125219819563678,0.3445195527610595,0,0,2.3355634264725174,4.852563999129411,CCND2;RGCC;CCND1;PDGFB
GO_Biological_Process_2023,Positive Regulation Of Interleukin-4 Production (GO:0032753),4/18,0.125219819563678,0.3445195527610595,0,0,2.3355634264725174,4.852563999129411,FCER1G;PRKCQ;GATA3;HLA-E
GO_Biological_Process_2023,Positive Regulation Of Macrophage Migration (GO:1905523),4/18,0.125219819563678,0.3445195527610595,0,0,2.3355634264725174,4.852563999129411,P2RY12;RARRES2;CX3CL1;CMKLR1
GO_Biological_Process_2023,Positive Regulation Of Monocyte Chemotaxis (GO:0090026),4/18,0.125219819563678,0.3445195527610595,0,0,2.3355634264725174,4.852563999129411,CXCL12;ANO6;FPR2;HMGB1
GO_Biological_Process_2023,Positive Regulation Of Neutrophil Chemotaxis (GO:0090023),4/18,0.125219819563678,0.3445195527610595,0,0,2.3355634264725174,4.852563999129411,CD74;CCL21;DAPK2;XCL1
GO_Biological_Process_2023,Regulation Of cAMP-mediated Signaling (GO:0043949),4/18,0.125219819563678,0.3445195527610595,0,0,2.3355634264725174,4.852563999129411,PDE2A;PDE3B;RAPGEF2;GNAI1
GO_Biological_Process_2023,Regulation Of Epidermal Cell Differentiation (GO:0045604),4/18,0.125219819563678,0.3445195527610595,0,0,2.3355634264725174,4.852563999129411,BMP4;ZFP36;MAFF;DLL1
GO_Biological_Process_2023,Regulation Of Establishment Or Maintenance Of Cell Polarity (GO:0032878),4/18,0.125219819563678,0.3445195527610595,0,0,2.3355634264725174,4.852563999129411,KANK1;CDH5;RUFY3;TEK
GO_Biological_Process_2023,Renal Absorption (GO:0070293),4/18,0.125219819563678,0.3445195527610595,0,0,2.3355634264725174,4.852563999129411,GSN;SLC15A2;HYAL2;HBB
GO_Biological_Process_2023,Response To Axon Injury (GO:0048678),4/18,0.125219819563678,0.3445195527610595,0,0,2.3355634264725174,4.852563999129411,P2RY12;TYROBP;FLRT3;FOLR1
GO_Biological_Process_2023,Response To Cholesterol (GO:0070723),4/18,0.125219819563678,0.3445195527610595,0,0,2.3355634264725174,4.852563999129411,TGFB1;PTCH1;TGFBR2;CES1
GO_Biological_Process_2023,Neuron Projection Extension (GO:1990138),7/39,0.1265672501595386,0.3445195527610595,0,0,1.7888218390804598,3.697461630753668,SEMA5A;NRN1;FLRT3;SPAG6;TMEM108;ULK2;SH3GL2
GO_Biological_Process_2023,Vitamin Transport (GO:0051180),7/39,0.1265672501595386,0.3445195527610595,0,0,1.7888218390804598,3.697461630753668,SLC2A14;PDPN;SLC19A3;SLC2A3;FOLR3;FOLR1;ABCG2
GO_Biological_Process_2023,Organelle Assembly (GO:0070925),42/322,0.1267184076776507,0.3445195527610595,0,0,1.2292990654205609,2.539471155319609,SRPX;STX12;ARL6;CDC14A;FXR1;ABLIM1;ABLIM3;ARL13B;MAP1LC3C;RAB23;TEKT1;AP1S2;FLNA;SYNPO;IFT57;CC2D2A;CD34;RAB8B;AP1M1;DYNC2H1;ACTR3;GABARAPL1;DNAI2;GSN;PDCD6IP;IFT140;RAB3IP;RFX2;RFX3;DCDC2;PARVA;FHDC1;RAB11A;TMEM231;EHD1;EHD2;RILPL2;TMEM237;ULK2;PIK3C3;DZIP1;STAM2
GO_Biological_Process_2023,Lipid Transport (GO:0006869),16/108,0.1268149224644446,0.3445195527610595,0,0,1.4232606688345577,2.939071081313576,ABCA6;ABCA3;SPNS2;ABCA9;ABCA8;SLC51B;RBP7;FABP4;FABP5;VAPA;SLCO2B1;SLCO2A1;CD36;SLC27A3;LDLR;MFSD2A
GO_Biological_Process_2023,Cellular Response To Calcium Ion (GO:0071277),11/69,0.1271953948640209,0.3445195527610595,0,0,1.5514858876411632,3.1992117367074866,MEF2A;ITPKB;CLIC4;MEF2C;DMTN;SYT11;ALOX5AP;SYT15;RASGRP2;CLU;ADD1
GO_Biological_Process_2023,ERBB Signaling Pathway (GO:0038127),9/54,0.1290794926270277,0.3445195527610595,0,0,1.6358030372756558,3.3490234672448533,PIGR;EFEMP1;SHC3;TGFB1;ERBB4;GAB1;REPS2;PLCE1;HBEGF
GO_Biological_Process_2023,Epidermal Cell Differentiation (GO:0009913),9/54,0.1290794926270277,0.3445195527610595,0,0,1.6358030372756558,3.3490234672448533,SCEL;CLIC4;CSTA;ANXA1;JAG1;GATA6;TXNIP;CFLAR;FGFR1
GO_Biological_Process_2023,Regulation Of Lipid Metabolic Process (GO:0019216),9/54,0.1290794926270277,0.3445195527610595,0,0,1.6358030372756558,3.3490234672448533,C1QTNF2;CAV1;MID1IP1;RARRES2;ID2;RORA;PPARG;CCDC3;FGFR4
GO_Biological_Process_2023,Glycosphingolipid Metabolic Process (GO:0006687),6/32,0.1292159263240443,0.3445195527610595,0,0,1.8868778280542984,3.861062297906914,GALC;B3GALNT1;ST8SIA1;ST6GALNAC3;ST6GALNAC5;ST6GALNAC6
GO_Biological_Process_2023,Neural Tube Closure (GO:0001843),6/32,0.1292159263240443,0.3445195527610595,0,0,1.8868778280542984,3.861062297906914,SKI;TGFB2;TGFB1;COBL;PRICKLE1;FOLR1
GO_Biological_Process_2023,Cellular Response To Steroid Hormone Stimulus (GO:0071383),5/25,0.1295792083391107,0.3445195527610595,0,0,2.043867707854846,4.176567909983422,BMP4;GPER1;ATP1A2;ADTRP;TFPI
GO_Biological_Process_2023,Metanephros Development (GO:0001656),5/25,0.1295792083391107,0.3445195527610595,0,0,2.043867707854846,4.176567909983422,ROBO2;BMP4;SOX17;PTCH1;CTSH
GO_Biological_Process_2023,Negative Regulation Of Response To Wounding (GO:1903035),5/25,0.1295792083391107,0.3445195527610595,0,0,2.043867707854846,4.176567909983422,IL33;MMRN1;ALOX5;CD109;FGF2
GO_Biological_Process_2023,Osteoclast Differentiation (GO:0030316),5/25,0.1295792083391107,0.3445195527610595,0,0,2.043867707854846,4.176567909983422,BMP2;TYROBP;GAB2;FOXP1;OSCAR
GO_Biological_Process_2023,Regulation Of Cell Size (GO:0008361),5/25,0.1295792083391107,0.3445195527610595,0,0,2.043867707854846,4.176567909983422,EDN1;RDX;PTEN;MSN;ARHGAP5
GO_Biological_Process_2023,Regulation Of Chondrocyte Differentiation (GO:0032330),5/25,0.1295792083391107,0.3445195527610595,0,0,2.043867707854846,4.176567909983422,PKDCC;EFEMP1;ZBTB16;SOX6;SOX5
GO_Biological_Process_2023,Regulation Of Glycogen Biosynthetic Process (GO:0005979),5/25,0.1295792083391107,0.3445195527610595,0,0,2.043867707854846,4.176567909983422,GSK3B;PPP1R3C;IGF2;INPP5K;SORBS1
GO_Biological_Process_2023,Regulation Of Keratinocyte Proliferation (GO:0010837),5/25,0.1295792083391107,0.3445195527610595,0,0,2.043867707854846,4.176567909983422,FGF7;ZFP36;KLF9;PRKD1;FGFR2
GO_Biological_Process_2023,Response To Zinc Ion (GO:0010043),5/25,0.1295792083391107,0.3445195527610595,0,0,2.043867707854846,4.176567909983422,MT1M;SLC30A4;ZNF658;CRIP1;MT1E
GO_Biological_Process_2023,Sterol Transport (GO:0015918),5/25,0.1295792083391107,0.3445195527610595,0,0,2.043867707854846,4.176567909983422,MSR1;VAPA;CAV1;CD36;LDLR
GO_Biological_Process_2023,"Wound Healing, Spreading Of Cells (GO:0044319)",5/25,0.1295792083391107,0.3445195527610595,0,0,2.043867707854846,4.176567909983422,PDPN;FLNA;ITGA5;ARHGAP24;CD44
GO_Biological_Process_2023,Chloride Transport (GO:0006821),12/77,0.1299206390393716,0.3445195527610595,0,0,1.5103580290677066,3.082386217631916,CLIC5;GABRB2;CLIC4;SLC12A4;CLIC3;CLCN4;FXYD3;SLC1A1;FXYD1;ANO6;ANO5;CFTR
GO_Biological_Process_2023,Positive Regulation Of JNK Cascade (GO:0046330),12/77,0.1299206390393716,0.3445195527610595,0,0,1.5103580290677066,3.082386217631916,SH3RF3;RASSF2;CCL21;GADD45B;FLT4;FZD7;TNFRSF19;DAB2IP;HMGB1;TNIK;MTURN;TLR3
GO_Biological_Process_2023,Regulation Of T Cell Proliferation (GO:0042129),12/77,0.1299206390393716,0.3445195527610595,0,0,1.5103580290677066,3.082386217631916,CD274;IL6;ANXA1;TFRC;SFTPD;VSIG4;PLA2G5;LILRB2;JAK2;IL6ST;HLA-DPA1;NCK1
GO_Biological_Process_2023,G Protein-Coupled Receptor Internalization (GO:0002031),2/6,0.1325873441001204,0.3445195527610595,0,0,4.085779816513761,8.25537389006909,DMBT1;ARRB1
GO_Biological_Process_2023,IRE1-mediated Unfolded Protein Response (GO:0036498),2/6,0.1325873441001204,0.3445195527610595,0,0,4.085779816513761,8.25537389006909,PTPN1;VAPB
GO_Biological_Process_2023,SA Node Cell Action Potential (GO:0086015),2/6,0.1325873441001204,0.3445195527610595,0,0,4.085779816513761,8.25537389006909,CACNA1D;KCNA5
GO_Biological_Process_2023,SMAD Protein Complex Assembly (GO:0007183),2/6,0.1325873441001204,0.3445195527610595,0,0,4.085779816513761,8.25537389006909,FKBP1A;TGFB1
GO_Biological_Process_2023,TRAIL-activated Apoptotic Signaling Pathway (GO:0036462),2/6,0.1325873441001204,0.3445195527610595,0,0,4.085779816513761,8.25537389006909,SPI1;ZDHHC3
GO_Biological_Process_2023,Actin Filament Reorganization (GO:0090527),2/6,0.1325873441001204,0.3445195527610595,0,0,4.085779816513761,8.25537389006909,DMTN;NEDD9
GO_Biological_Process_2023,Adherens Junction Maintenance (GO:0034334),2/6,0.1325873441001204,0.3445195527610595,0,0,4.085779816513761,8.25537389006909,TJP1;FERMT2
GO_Biological_Process_2023,Atrioventricular Valve Formation (GO:0003190),2/6,0.1325873441001204,0.3445195527610595,0,0,4.085779816513761,8.25537389006909,OLFM1;HEY1
GO_Biological_Process_2023,Cardiac Pacemaker Cell Development (GO:0060926),2/6,0.1325873441001204,0.3445195527610595,0,0,4.085779816513761,8.25537389006909,TBX5;TBX3
GO_Biological_Process_2023,Cellular Response To Caffeine (GO:0071313),2/6,0.1325873441001204,0.3445195527610595,0,0,4.085779816513761,8.25537389006909,CASQ2;SLC8A1
GO_Biological_Process_2023,Cholesterol Catabolic Process (GO:0006707),2/6,0.1325873441001204,0.3445195527610595,0,0,4.085779816513761,8.25537389006909,CYP27A1;SCARF1
GO_Biological_Process_2023,Choline Transport (GO:0015871),2/6,0.1325873441001204,0.3445195527610595,0,0,4.085779816513761,8.25537389006909,SLC44A1;SLC44A2
GO_Biological_Process_2023,Clathrin Coat Disassembly (GO:0072318),2/6,0.1325873441001204,0.3445195527610595,0,0,4.085779816513761,8.25537389006909,SH3GL3;SH3GL2
GO_Biological_Process_2023,Copper Ion Import (GO:0015677),2/6,0.1325873441001204,0.3445195527610595,0,0,4.085779816513761,8.25537389006909,STEAP4;SLC31A2
GO_Biological_Process_2023,Dendrite Arborization (GO:0140059),2/6,0.1325873441001204,0.3445195527610595,0,0,4.085779816513761,8.25537389006909,PHACTR1;PTN
GO_Biological_Process_2023,Ethanol Catabolic Process (GO:0006068),2/6,0.1325873441001204,0.3445195527610595,0,0,4.085779816513761,8.25537389006909,SULT1A2;SULT1C4
GO_Biological_Process_2023,Hyaluronan Biosynthetic Process (GO:0030213),2/6,0.1325873441001204,0.3445195527610595,0,0,4.085779816513761,8.25537389006909,HYAL1;HAS3
GO_Biological_Process_2023,Long-Chain Fatty Acid Catabolic Process (GO:0042758),2/6,0.1325873441001204,0.3445195527610595,0,0,4.085779816513761,8.25537389006909,ACADL;ADTRP
GO_Biological_Process_2023,Lymphocyte Migration Into Lymphoid Organs (GO:0097021),2/6,0.1325873441001204,0.3445195527610595,0,0,4.085779816513761,8.25537389006909,CRTAM;NEDD9
GO_Biological_Process_2023,Lymphoid Progenitor Cell Differentiation (GO:0002320),2/6,0.1325873441001204,0.3445195527610595,0,0,4.085779816513761,8.25537389006909,BMP4;SPI1
GO_Biological_Process_2023,Macrophage Derived Foam Cell Differentiation (GO:0010742),2/6,0.1325873441001204,0.3445195527610595,0,0,4.085779816513761,8.25537389006909,TGFB1;PPARG
GO_Biological_Process_2023,Marginal Zone B Cell Differentiation (GO:0002315),2/6,0.1325873441001204,0.3445195527610595,0,0,4.085779816513761,8.25537389006909,DOCK11;MFNG
GO_Biological_Process_2023,Monoacylglycerol Catabolic Process (GO:0052651),2/6,0.1325873441001204,0.3445195527610595,0,0,4.085779816513761,8.25537389006909,ABHD6;MGLL
GO_Biological_Process_2023,Negative Regulation Of RIG-I Signaling Pathway (GO:0039536),2/6,0.1325873441001204,0.3445195527610595,0,0,4.085779816513761,8.25537389006909,RNF125;SEC14L1
GO_Biological_Process_2023,Negative Regulation Of Dendritic Spine Development (GO:0061000),2/6,0.1325873441001204,0.3445195527610595,0,0,4.085779816513761,8.25537389006909,SRGAP2C;PTEN
GO_Biological_Process_2023,Negative Regulation Of Glycogen Metabolic Process (GO:0070874),2/6,0.1325873441001204,0.3445195527610595,0,0,4.085779816513761,8.25537389006909,GSK3B;INPP5K
GO_Biological_Process_2023,Negative Regulation Of Lipoprotein Particle Clearance (GO:0010985),2/6,0.1325873441001204,0.3445195527610595,0,0,4.085779816513761,8.25537389006909,PCSK9;LDLR
GO_Biological_Process_2023,Negative Regulation Of Membrane Protein Ectodomain Proteolysis (GO:0051045),2/6,0.1325873441001204,0.3445195527610595,0,0,4.085779816513761,8.25537389006909,TIMP2;TIMP3
GO_Biological_Process_2023,Negative Regulation Of miRNA Processing (GO:1903799),2/6,0.1325873441001204,0.3445195527610595,0,0,4.085779816513761,8.25537389006909,IL6;HOXB-AS3
GO_Biological_Process_2023,Negative Regulation Of Ruffle Assembly (GO:1900028),2/6,0.1325873441001204,0.3445195527610595,0,0,4.085779816513761,8.25537389006909,KANK1;ARHGAP24
GO_Biological_Process_2023,Negative Regulation Of Steroid Metabolic Process (GO:0045939),2/6,0.1325873441001204,0.3445195527610595,0,0,4.085779816513761,8.25537389006909,BMP2;BMP5
GO_Biological_Process_2023,Phospholipase C-activating Dopamine Receptor Signaling Pathway (GO:0060158),2/6,0.1325873441001204,0.3445195527610595,0,0,4.085779816513761,8.25537389006909,GNA11;GNAQ
GO_Biological_Process_2023,Placenta Blood Vessel Development (GO:0060674),2/6,0.1325873441001204,0.3445195527610595,0,0,4.085779816513761,8.25537389006909,HEY1;HEY2
GO_Biological_Process_2023,Positive Regulation Of IRE1-mediated Unfolded Protein Response (GO:1903896),2/6,0.1325873441001204,0.3445195527610595,0,0,4.085779816513761,8.25537389006909,PTPN1;DAB2IP
GO_Biological_Process_2023,Positive Regulation Of Chemokine (C-X-C Motif) Ligand 2 Production (GO:2000343),2/6,0.1325873441001204,0.3445195527610595,0,0,4.085779816513761,8.25537389006909,HMGB1;TLR4
GO_Biological_Process_2023,Positive Regulation Of Cysteine-Type Endopeptidase Activity Involved In Apoptotic Signaling Pathway (GO:2001269),2/6,0.1325873441001204,0.3445195527610595,0,0,4.085779816513761,8.25537389006909,GSN;JAK2
GO_Biological_Process_2023,Positive Regulation Of Fibroblast Apoptotic Process (GO:2000271),2/6,0.1325873441001204,0.3445195527610595,0,0,4.085779816513761,8.25537389006909,SFRP1;PRDM11
GO_Biological_Process_2023,Positive Regulation Of Gliogenesis (GO:0014015),2/6,0.1325873441001204,0.3445195527610595,0,0,4.085779816513761,8.25537389006909,IL6;PRKCH
GO_Biological_Process_2023,Positive Regulation Of Hormone Metabolic Process (GO:0032352),2/6,0.1325873441001204,0.3445195527610595,0,0,4.085779816513761,8.25537389006909,EGR1;GATA3
GO_Biological_Process_2023,Positive Regulation Of Interleukin-5 Production (GO:0032754),2/6,0.1325873441001204,0.3445195527610595,0,0,4.085779816513761,8.25537389006909,TSLP;GATA3
GO_Biological_Process_2023,Positive Regulation Of Lamellipodium Morphogenesis (GO:2000394),2/6,0.1325873441001204,0.3445195527610595,0,0,4.085779816513761,8.25537389006909,ENPP2;CORO1C
GO_Biological_Process_2023,Positive Regulation Of Leukocyte Tethering Or Rolling (GO:1903238),2/6,0.1325873441001204,0.3445195527610595,0,0,4.085779816513761,8.25537389006909,SELP;SELE
GO_Biological_Process_2023,Positive Regulation Of Lipoprotein Lipase Activity (GO:0051006),2/6,0.1325873441001204,0.3445195527610595,0,0,4.085779816513761,8.25537389006909,APOH;GPIHBP1
GO_Biological_Process_2023,Positive Regulation Of Mast Cell Activation (GO:0033005),2/6,0.1325873441001204,0.3445195527610595,0,0,4.085779816513761,8.25537389006909,NR4A3;TSLP
GO_Biological_Process_2023,Positive Regulation Of Receptor Catabolic Process (GO:2000646),2/6,0.1325873441001204,0.3445195527610595,0,0,4.085779816513761,8.25537389006909,PTPN1;PCSK9
GO_Biological_Process_2023,Positive Regulation Of Steroid Metabolic Process (GO:0045940),2/6,0.1325873441001204,0.3445195527610595,0,0,4.085779816513761,8.25537389006909,STARD4;CES1
GO_Biological_Process_2023,Protein Localization To Basolateral Plasma Membrane (GO:1903361),2/6,0.1325873441001204,0.3445195527610595,0,0,4.085779816513761,8.25537389006909,CAV1;LIN7A
GO_Biological_Process_2023,Regulation Of T Cell Tolerance Induction (GO:0002664),2/6,0.1325873441001204,0.3445195527610595,0,0,4.085779816513761,8.25537389006909,LILRB2;TGFBR2
GO_Biological_Process_2023,Regulation Of Adiponectin Secretion (GO:0070163),2/6,0.1325873441001204,0.3445195527610595,0,0,4.085779816513761,8.25537389006909,RAB11FIP1;PPARG
GO_Biological_Process_2023,Regulation Of Atrial Cardiac Muscle Cell Membrane Repolarization (GO:0060372),2/6,0.1325873441001204,0.3445195527610595,0,0,4.085779816513761,8.25537389006909,FLNA;KCNA5
GO_Biological_Process_2023,Regulation Of Bile Acid Metabolic Process (GO:1904251),2/6,0.1325873441001204,0.3445195527610595,0,0,4.085779816513761,8.25537389006909,FGFR4;CES1
GO_Biological_Process_2023,Regulation Of Cardiac Muscle Cell Membrane Potential (GO:0086036),2/6,0.1325873441001204,0.3445195527610595,0,0,4.085779816513761,8.25537389006909,PLN;FXYD1
GO_Biological_Process_2023,Regulation Of Cardiac Muscle Hypertrophy In Response To Stress (GO:1903242),2/6,0.1325873441001204,0.3445195527610595,0,0,4.085779816513761,8.25537389006909,PPARG;FOXO1
GO_Biological_Process_2023,Regulation Of Cell Adhesion Molecule Production (GO:0060353),2/6,0.1325873441001204,0.3445195527610595,0,0,4.085779816513761,8.25537389006909,CAV1;NOTCH4
GO_Biological_Process_2023,Regulation Of Collagen Fibril Organization (GO:1904026),2/6,0.1325873441001204,0.3445195527610595,0,0,4.085779816513761,8.25537389006909,EFEMP2;EMILIN1
GO_Biological_Process_2023,Regulation Of Cortisol Biosynthetic Process (GO:2000064),2/6,0.1325873441001204,0.3445195527610595,0,0,4.085779816513761,8.25537389006909,BMP5;DKK3
GO_Biological_Process_2023,Regulation Of Endothelial Cell Chemotaxis To Fibroblast Growth Factor (GO:2000544),2/6,0.1325873441001204,0.3445195527610595,0,0,4.085779816513761,8.25537389006909,FGF2;FGFR1
GO_Biological_Process_2023,Regulation Of Glial Cell Apoptotic Process (GO:0034350),2/6,0.1325873441001204,0.3445195527610595,0,0,4.085779816513761,8.25537389006909,PRKCH;DLL1
GO_Biological_Process_2023,Regulation Of Inositol Phosphate Biosynthetic Process (GO:0010919),2/6,0.1325873441001204,0.3445195527610595,0,0,4.085779816513761,8.25537389006909,PTH1R;SNCA
GO_Biological_Process_2023,Regulation Of Metallopeptidase Activity (GO:1905048),2/6,0.1325873441001204,0.3445195527610595,0,0,4.085779816513761,8.25537389006909,LRP1;TIMP2
GO_Biological_Process_2023,Regulation Of Microtubule Binding (GO:1904526),2/6,0.1325873441001204,0.3445195527610595,0,0,4.085779816513761,8.25537389006909,PPP2CA;MAP2
GO_Biological_Process_2023,Regulation Of Prostaglandin Biosynthetic Process (GO:0031392),2/6,0.1325873441001204,0.3445195527610595,0,0,4.085779816513761,8.25537389006909,CD74;PTGS2
GO_Biological_Process_2023,Regulation Of Transforming Growth Factor Beta1 Production (GO:0032908),2/6,0.1325873441001204,0.3445195527610595,0,0,4.085779816513761,8.25537389006909,TYROBP;GATA6
GO_Biological_Process_2023,Regulation Of Transforming Growth Factor Beta2 Production (GO:0032909),2/6,0.1325873441001204,0.3445195527610595,0,0,4.085779816513761,8.25537389006909,TGFB2;GATA6
GO_Biological_Process_2023,Regulation Of Vascular Associated Smooth Muscle Cell Differentiation (GO:1905063),2/6,0.1325873441001204,0.3445195527610595,0,0,4.085779816513761,8.25537389006909,NFATC3;PDGFB
GO_Biological_Process_2023,Regulation Of Vitamin D Receptor Signaling Pathway (GO:0070562),2/6,0.1325873441001204,0.3445195527610595,0,0,4.085779816513761,8.25537389006909,KANK2;MN1
GO_Biological_Process_2023,Response To Caffeine (GO:0031000),2/6,0.1325873441001204,0.3445195527610595,0,0,4.085779816513761,8.25537389006909,CASQ2;SLC8A1
GO_Biological_Process_2023,Smooth Muscle Cell Migration (GO:0014909),2/6,0.1325873441001204,0.3445195527610595,0,0,4.085779816513761,8.25537389006909,PDGFRB;PARVA
GO_Biological_Process_2023,Sterol Catabolic Process (GO:0016127),2/6,0.1325873441001204,0.3445195527610595,0,0,4.085779816513761,8.25537389006909,CYP27A1;SCARF1
GO_Biological_Process_2023,Negative Regulation Of Kinase Activity (GO:0033673),10/62,0.1336414755060504,0.3452403326211042,0,0,1.57299192520187,3.165795086992245,CDKN1C;WWTR1;UBASH3B;CAMK2N1;GNAQ;INPP5K;TRIB1;TRIB2;PPM1F;SNCA
GO_Biological_Process_2023,Cellular Response To Oxidative Stress (GO:0034599),17/117,0.1345281701001489,0.3452403326211042,0,0,1.391251732101617,2.790825457295293,PDGFRA;JUN;DAPK1;LRRK2;PXN;PRR5L;FOS;FOXO3;FOXO1;ZFP36L2;ETV5;FER;ALDH3B1;MGAT3;PRKD1;PPARGC1A;SNCA
GO_Biological_Process_2023,Golgi To Plasma Membrane Transport (GO:0006893),8/47,0.1346233227572803,0.3452403326211042,0,0,1.6775411034840657,3.363930568981005,GGA2;MACF1;KIF13A;EXOC6B;ANK3;SPTBN1;OPTN;VAMP2
GO_Biological_Process_2023,Negative Regulation Of Tumor Necrosis Factor Production (GO:0032720),8/47,0.1346233227572803,0.3452403326211042,0,0,1.6775411034840657,3.363930568981005,FXR1;SYT11;SIRPA;IRAK3;GAS6;TLR4;CX3CL1;CD33
GO_Biological_Process_2023,Positive Regulation Of Lymphocyte Activation (GO:0051251),8/47,0.1346233227572803,0.3452403326211042,0,0,1.6775411034840657,3.363930568981005,IL6;TYROBP;SIRPA;PRKCQ;CD47;HLA-DOA;SIRPB1;HLA-DPA1
GO_Biological_Process_2023,Astrocyte Activation (GO:0048143),3/12,0.1351044767833746,0.3452403326211042,0,0,2.724338381520575,5.453326930101487,C1QA;LRP1;C5AR1
GO_Biological_Process_2023,Atrial Cardiac Muscle Tissue Development (GO:0003228),3/12,0.1351044767833746,0.3452403326211042,0,0,2.724338381520575,5.453326930101487,BMP4;TBX5;ENG
GO_Biological_Process_2023,Detection Of Calcium Ion (GO:0005513),3/12,0.1351044767833746,0.3452403326211042,0,0,2.724338381520575,5.453326930101487,KCNMB1;CASQ2;KCNMB4
GO_Biological_Process_2023,Glucose Import (GO:0046323),3/12,0.1351044767833746,0.3452403326211042,0,0,2.724338381520575,5.453326930101487,SLC2A14;SORT1;SLC2A3
GO_Biological_Process_2023,Granulocyte Differentiation (GO:0030851),3/12,0.1351044767833746,0.3452403326211042,0,0,2.724338381520575,5.453326930101487,CEBPA;CSF3;TAL1
GO_Biological_Process_2023,Multicellular Organismal-Level Iron Ion Homeostasis (GO:0060586),3/12,0.1351044767833746,0.3452403326211042,0,0,2.724338381520575,5.453326930101487,SLC11A1;CYBRD1;NEO1
GO_Biological_Process_2023,Negative Regulation Of Alcohol Biosynthetic Process (GO:1902931),3/12,0.1351044767833746,0.3452403326211042,0,0,2.724338381520575,5.453326930101487,BMP2;BMP5;DKK3
GO_Biological_Process_2023,Negative Regulation Of Cardiac Muscle Hypertrophy (GO:0010614),3/12,0.1351044767833746,0.3452403326211042,0,0,2.724338381520575,5.453326930101487,RGS2;PPARG;FOXO1
GO_Biological_Process_2023,Negative Regulation Of Stem Cell Differentiation (GO:2000737),3/12,0.1351044767833746,0.3452403326211042,0,0,2.724338381520575,5.453326930101487,GSK3B;JAG1;ZFP36L2
GO_Biological_Process_2023,Polysaccharide Biosynthetic Process (GO:0000271),3/12,0.1351044767833746,0.3452403326211042,0,0,2.724338381520575,5.453326930101487,EXT1;NDST1;HAS3
GO_Biological_Process_2023,"Positive Regulation Of CD4-positive, Alpha-Beta T Cell Activation (GO:2000516)",3/12,0.1351044767833746,0.3452403326211042,0,0,2.724338381520575,5.453326930101487,XCL1;PRKCQ;TGFBR2
GO_Biological_Process_2023,Positive Regulation Of T-helper 1 Type Immune Response (GO:0002827),3/12,0.1351044767833746,0.3452403326211042,0,0,2.724338381520575,5.453326930101487,SLC11A1;XCL1;IL18R1
GO_Biological_Process_2023,Positive Regulation Of Neuroinflammatory Response (GO:0150078),3/12,0.1351044767833746,0.3452403326211042,0,0,2.724338381520575,5.453326930101487,IL33;IL6;NUPR1
GO_Biological_Process_2023,Positive Regulation Of Protein Export From Nucleus (GO:0046827),3/12,0.1351044767833746,0.3452403326211042,0,0,2.724338381520575,5.453326930101487,GSK3B;TPR;GAS6
GO_Biological_Process_2023,Positive Regulation Of Purine Nucleotide Biosynthetic Process (GO:1900373),3/12,0.1351044767833746,0.3452403326211042,0,0,2.724338381520575,5.453326930101487,PID1;NOS1;PPARGC1A
GO_Biological_Process_2023,Positive Regulation Of Reactive Oxygen Species Biosynthetic Process (GO:1903428),3/12,0.1351044767833746,0.3452403326211042,0,0,2.724338381520575,5.453326930101487,DUOXA1;CD36;TLR4
GO_Biological_Process_2023,Positive Regulation Of Vasoconstriction (GO:0045907),3/12,0.1351044767833746,0.3452403326211042,0,0,2.724338381520575,5.453326930101487,TBXA2R;CAV1;F2R
GO_Biological_Process_2023,Quaternary Ammonium Group Transport (GO:0015697),3/12,0.1351044767833746,0.3452403326211042,0,0,2.724338381520575,5.453326930101487,SLC22A4;SLC44A1;SLC44A2
GO_Biological_Process_2023,Regulation Of Actin Filament Organization (GO:0110053),3/12,0.1351044767833746,0.3452403326211042,0,0,2.724338381520575,5.453326930101487,CSF3;CXCL12;RDX
GO_Biological_Process_2023,Regulation Of Actomyosin Structure Organization (GO:0110020),3/12,0.1351044767833746,0.3452403326211042,0,0,2.724338381520575,5.453326930101487,PTGER4;AKAP13;ASAP3
GO_Biological_Process_2023,Regulation Of Lymphocyte Migration (GO:2000401),3/12,0.1351044767833746,0.3452403326211042,0,0,2.724338381520575,5.453326930101487,SPNS2;MSN;JAM2
GO_Biological_Process_2023,Secretion (GO:0046903),3/12,0.1351044767833746,0.3452403326211042,0,0,2.724338381520575,5.453326930101487,NPR1;FBLN5;UNC13D
GO_Biological_Process_2023,Sphingomyelin Metabolic Process (GO:0006684),3/12,0.1351044767833746,0.3452403326211042,0,0,2.724338381520575,5.453326930101487,VAPA;ABCA8;SGMS2
GO_Biological_Process_2023,Positive Regulation Of Protein Polymerization (GO:0032273),11/70,0.1369069229133006,0.3496392185170447,0,0,1.525103638876094,3.032598398867546,HCK;CSF3;FER;TPPP3;NAV3;CCL21;PRKCE;LMOD1;SLAIN2;TPPP;NCK1
GO_Biological_Process_2023,Cellular Response To Nutrient Levels (GO:0031669),12/78,0.1391949338607767,0.3550622544581043,0,0,1.4873900293255131,2.9329545415878755,SFRP1;CDKN2B;BMPR2;MAP1LC3C;LRRK2;LAMP2;FAM107A;PDK4;PCSK9;SREBF2;FOXO1;MFSD2A
GO_Biological_Process_2023,Positive Regulation Of Tumor Necrosis Factor Production (GO:0032760),12/78,0.1391949338607767,0.3550622544581043,0,0,1.4873900293255131,2.9329545415878755,IL33;FCGR3A;IL6;TYROBP;HMGB1;JAK2;LILRA2;CLU;TLR4;TLR3;HLA-E;PF4
GO_Biological_Process_2023,Positive Regulation Of Cell Cycle G1/S Phase Transition (GO:1902808),7/40,0.1398284253525441,0.356046893110077,0,0,1.7345175896900036,3.412384345208346,CCND2;ANXA1;RGCC;ADAMTS1;HYAL1;RDX;UBE2E2
GO_Biological_Process_2023,Positive Regulation Of Myeloid Leukocyte Differentiation (GO:0002763),7/40,0.1398284253525441,0.356046893110077,0,0,1.7345175896900036,3.412384345208346,CD74;CD4;ID2;CTNNBIP1;NEDD9;TMEM64;PF4
GO_Biological_Process_2023,Regulation Of Protein Dephosphorylation (GO:0035304),7/40,0.1398284253525441,0.356046893110077,0,0,1.7345175896900036,3.412384345208346,PPP1R15A;PPP1R16B;CDH5;TGFB1;CAMTA1;LILRB2;CALM1
GO_Biological_Process_2023,Regulation Of Mitotic Cell Cycle Phase Transition (GO:1901990),13/86,0.1407318082993038,0.358135898950351,0,0,1.456924155440611,2.8568815108575047,SMARCE1;CDKN2B;APLP2;CUL3;SMARCA2;CDC14A;ZFP36L2;PPP2CA;CDK6;RGCC;HECW2;ID2;RIOK2
GO_Biological_Process_2023,Positive Regulation Of Intracellular Protein Transport (GO:0090316),18/126,0.1416762766592784,0.3603269358052126,0,0,1.3639864448552064,2.6655167221229776,PRNP;GSK3B;LEPROT;TGFB1;PRR5L;ANK3;PIK3R1;SLC51B;ZDHHC2;SREBF2;MYO1C;RUFY3;HYAL2;TPR;FLNA;FYN;GAS6;VAMP2
GO_Biological_Process_2023,Activation Of GTPase Activity (GO:0090630),15/102,0.1421689942209923,0.3613671254757378,0,0,1.410737870566332,2.7519811414300204,ARHGEF10;ARHGEF26;ARHGEF15;CCL21;RASGRF1;ARHGAP29;TBC1D2B;ARHGAP25;ARHGAP24;CORO1C;SYDE1;TIAM1;TBC1D1;TBC1D2;TBC1D15
GO_Biological_Process_2023,Protein Localization (GO:0008104),45/351,0.1423867985194841,0.3617077236080596,0,0,1.2050978557075616,2.3489863706773177,FCN1;STX12;ARL6;CCDC68;LRRK2;STX11;FBLN5;GGA2;RAB21;GJA1;SNX1;FGF7;HHEX;DUOXA1;RAB23;HEY2;KIF13A;MGAT3;FLNA;DMD;WLS;GPIHBP1;JAM3;CNTLN;CD74;ANGPT1;HEG1;CAV1;SHROOM2;ANK2;EMP2;ANK3;AXIN2;DNAJC15;PARD3B;EHD1;REEP1;ANO1;RAB14;ID1;MAL;ESAM;LAMTOR3;FERMT2;VCL
GO_Biological_Process_2023,Regulation Of Cytokine Production (GO:0001817),23/167,0.1435668839430529,0.364490982998951,0,0,1.3075176264731614,2.537831909969755,BTNL9;PTGER4;IL33;ANXA1;CADM1;TRIL;SLC11A1;CRTAM;SFTPD;ZBTB20;BTN3A3;GATA3;FOXP1;FGR;IL6;RGCC;SYT11;ALOX5;BCL6B;SIRPA;CD47;ACKR1;N4BP1
GO_Biological_Process_2023,Regulation Of DNA-templated Transcription (GO:0006355),224/1922,0.1441574426097443,0.3650799086239591,0,0,1.086082166004348,2.103577401754005,SPI1;ZNF608;SOX17;SOX18;HOXA3;ZNF844;SOX6;JUNB;SOX7;HOXA5;PKNOX2;HOXA4;SOX5;MEF2C;PRKCB;DAPK3;RFX2;SOX13;EBF1;RFX3;DKK3;EID1;SFRP1;PRKCQ;ZFPM2;ATF3;HOXB5;CASZ1;TSHZ3;EPAS1;GATA6;PDGFB;TWIST2;GATA3;PRDM11;ZBTB4;ZNF704;PRDM16;INPP5K;HIVEP3;PPARGC1A;PPARGC1B;ZSCAN18;ZBED3;FZD1;EGR1;WWTR1;JUN;EGR2;EGR3;JUND;FOXF2;FOXF1;FZD4;FZD7;IGF2;NFATC3;NR2F2;SMARCA2;PBX1;FLI1;ID2;ID1;ID4;CREBRF;ID3;CDK14;CDKN1C;ACVRL1;CSRNP1;CITED2;TGFB1I1;TCF21;ZNF44;HIF3A;LIMD1;MEOX2;MECP2;HEY1;HEY2;ZHX3;SFTPC;FOS;RGMB;CBFA2T3;KAT2B;TOX2;ZEB2;NR5A2;TAL1;WAC;PPARG;GAS6;CRYAB;JDP2;VGLL3;ENG;FOXC2;NFIX;MYRF;SATB1;PRICKLE1;FSTL3;PPP2CA;PURA;TCEAL7;HAS3;APBB2;MSX1;RUNX1T1;CD74;ARNT2;PCGF5;NFYB;DMRT2;DAB2IP;WWP2;HEYL;NFIA;NFIB;NFIC;FOSB;FOXA2;ZNF331;WWC1;PRDM5;JADE1;PRDM2;RORA;ETS1;FGF2;ETS2;NR3C2;FGF7;EFEMP1;DACH1;WWC3;SLC39A8;F2R;MITF;HIC1;FOXP2;PIAS1;FOXP1;PGR;ERG;ENY2;NOTCH4;FOXO4;FOXO3;FOXO1;ZFP36L2;HMBOX1;NACC2;CAMTA1;ZNF423;MGAM;UBE2I;TGFB1;ZBTB16;SMAD9;FOXN3;SMAD6;SMAD7;BMP4;NR4A2;NR4A1;BMP2;IL6;NR4A3;MAFF;ZNF658;LHX6;TCF4;CALCOCO1;THRA;BNC2;ARRB1;HMGB1;HHEX;LBH;NOS1;LRRFIP1;KLF11;USP47;MYOCD;KLF13;ETV1;KLF15;ETV5;PPM1A;SETBP1;ELF5;CRY2;XCL1;CREB5;CEBPA;NFAT5;CEBPD;ZBTB47;ZBTB46;PPM1F;CCDC85B;ERBB4;SAP30L;ATOH8;SAP18;IRX1;SMARCE1;TCF7L2;IRX2;TCF7L1;CNBP;TBX5;KLF4;TBX4;TBX3;KLF2;TBX2;CD4;KLF6;TEF;KLF9;SSBP2
GO_Biological_Process_2023,Glycolipid Metabolic Process (GO:0006664),6/33,0.1442217896672498,0.3650799086239591,0,0,1.816891339869281,3.5182337654041085,GALC;B3GALNT1;PGAP1;ST3GAL6;ST6GALNAC3;ST6GALNAC6
GO_Biological_Process_2023,Negative Regulation Of Endocytosis (GO:0045806),6/33,0.1442217896672498,0.3650799086239591,0,0,1.816891339869281,3.5182337654041085,MCTP1;SYT11;CAV1;SIRPA;PRKD1;EPHA3
GO_Biological_Process_2023,Positive Regulation Of Notch Signaling Pathway (GO:0045747),6/33,0.1442217896672498,0.3650799086239591,0,0,1.816891339869281,3.5182337654041085,ROBO2;TGFB2;TSPAN14;JAG1;IL6ST;DLL1
GO_Biological_Process_2023,Regulation Of Cell Adhesion Mediated By Integrin (GO:0033628),6/33,0.1442217896672498,0.3650799086239591,0,0,1.816891339869281,3.5182337654041085,P2RY12;FOXC2;TGFB2;CCL21;PDE3B;JAM3
GO_Biological_Process_2023,Calcium-Independent Cell-Cell Adhesion Via Plasma Membrane Cell-Adhesion Molecules (GO:0016338),4/19,0.1456551709118076,0.3654928591019546,0,0,2.1797367615549432,4.1992918483260135,CLDN11;CLDN22;CLDN5;CLDN18
GO_Biological_Process_2023,Cyclic Nucleotide Biosynthetic Process (GO:0009190),4/19,0.1456551709118076,0.3654928591019546,0,0,2.1797367615549432,4.1992918483260135,ADCY9;NPR1;NPR2;ADCY4
GO_Biological_Process_2023,Dopamine Metabolic Process (GO:0042417),4/19,0.1456551709118076,0.3654928591019546,0,0,2.1797367615549432,4.1992918483260135,TGFB2;MAOB;MAOA;SNCA
GO_Biological_Process_2023,Glycosphingolipid Biosynthetic Process (GO:0006688),4/19,0.1456551709118076,0.3654928591019546,0,0,2.1797367615549432,4.1992918483260135,ST8SIA1;ST6GALNAC3;ST6GALNAC5;ST6GALNAC6
GO_Biological_Process_2023,Oligodendrocyte Differentiation (GO:0048709),4/19,0.1456551709118076,0.3654928591019546,0,0,2.1797367615549432,4.1992918483260135,MYRF;SOX13;TPPP;SOX6
GO_Biological_Process_2023,Phosphatidylcholine Biosynthetic Process (GO:0006656),4/19,0.1456551709118076,0.3654928591019546,0,0,2.1797367615549432,4.1992918483260135,SLC44A1;SLC44A2;CHPT1;MFSD2A
GO_Biological_Process_2023,Regulation Of B Cell Differentiation (GO:0045577),4/19,0.1456551709118076,0.3654928591019546,0,0,2.1797367615549432,4.1992918483260135,SFRP1;SPI1;ID2;ZFP36L2
GO_Biological_Process_2023,Regulation Of Early Endosome To Late Endosome Transport (GO:2000641),4/19,0.1456551709118076,0.3654928591019546,0,0,2.1797367615549432,4.1992918483260135,RAB21;DAB2;RDX;MSN
GO_Biological_Process_2023,Regulation Of Fibroblast Growth Factor Receptor Signaling Pathway (GO:0040036),4/19,0.1456551709118076,0.3654928591019546,0,0,2.1797367615549432,4.1992918483260135,SPRY4;SPRY1;SHISA2;FGF2
GO_Biological_Process_2023,Regulation Of Granulocyte Chemotaxis (GO:0071622),4/19,0.1456551709118076,0.3654928591019546,0,0,2.1797367615549432,4.1992918483260135,BST1;RARRES2;CMKLR1;JAM3
GO_Biological_Process_2023,Regulation Of Insulin-Like Growth Factor Receptor Signaling Pathway (GO:0043567),4/19,0.1456551709118076,0.3654928591019546,0,0,2.1797367615549432,4.1992918483260135,IGFBP5;IGFBP4;IGFBP6;BMP5
GO_Biological_Process_2023,Regulation Of Megakaryocyte Differentiation (GO:0045652),4/19,0.1456551709118076,0.3654928591019546,0,0,2.1797367615549432,4.1992918483260135,MEF2C;FAXDC2;MTURN;PF4
GO_Biological_Process_2023,Regulation Of Neuroinflammatory Response (GO:0150077),4/19,0.1456551709118076,0.3654928591019546,0,0,2.1797367615549432,4.1992918483260135,IL33;IL6;NUPR1;PTGS2
GO_Biological_Process_2023,Regulation Of Tissue Remodeling (GO:0034103),4/19,0.1456551709118076,0.3654928591019546,0,0,2.1797367615549432,4.1992918483260135,TGFB1;FLT4;LEPR;DDR2
GO_Biological_Process_2023,Water Transport (GO:0006833),4/19,0.1456551709118076,0.3654928591019546,0,0,2.1797367615549432,4.1992918483260135,AQP9;PDPN;AQP4;CFTR
GO_Biological_Process_2023,Fc Receptor Signaling Pathway (GO:0038093),5/26,0.1468602297719613,0.36681062019432,0,0,1.9464313056412277,3.7337884932025927,PIGR;FCGR3A;FER;FCER1G;PRKCQ
GO_Biological_Process_2023,"Wnt Signaling Pathway, Planar Cell Polarity Pathway (GO:0060071)",5/26,0.1468602297719613,0.36681062019432,0,0,1.9464313056412277,3.7337884932025927,TIAM1;FZD7;MAGI2;PRICKLE2;PRICKLE1
GO_Biological_Process_2023,Cellular Response To Xenobiotic Stimulus (GO:0071466),5/26,0.1468602297719613,0.36681062019432,0,0,1.9464313056412277,3.7337884932025927,MEF2C;TFRC;GAS6;FBP1;PPM1F
GO_Biological_Process_2023,Positive Regulation Of Adenylate Cyclase Activity (GO:0045762),5/26,0.1468602297719613,0.36681062019432,0,0,1.9464313056412277,3.7337884932025927,EDNRA;ADRB1;CACNA1D;ADRB2;CACNA1C
GO_Biological_Process_2023,Positive Regulation Of Nuclear Division (GO:0051785),5/26,0.1468602297719613,0.36681062019432,0,0,1.9464313056412277,3.7337884932025927,PDGFRB;EDN1;RGCC;PDGFB;IGF2
GO_Biological_Process_2023,Protein Targeting To Lysosome (GO:0006622),5/26,0.1468602297719613,0.36681062019432,0,0,1.9464313056412277,3.7337884932025927,PXK;NEDD4;LAMP2;PIK3C3;CLU
GO_Biological_Process_2023,Regulation Of Cardiac Muscle Cell Contraction (GO:0086004),5/26,0.1468602297719613,0.36681062019432,0,0,1.9464313056412277,3.7337884932025927,PLN;GJA5;CAV1;ANK2;CACNA1C
GO_Biological_Process_2023,Regulation Of Reactive Oxygen Species Biosynthetic Process (GO:1903426),5/26,0.1468602297719613,0.36681062019432,0,0,1.9464313056412277,3.7337884932025927,ALOX5;CD36;TLR4;SLC18A2;SNCA
GO_Biological_Process_2023,Positive Regulation Of Actin Filament Polymerization (GO:0030838),7/41,0.1537297593368749,0.383746466916109,0,0,1.6834077079107506,3.1522803004974045,HCK;CSF3;FER;CCL21;PRKCE;LMOD1;NCK1
GO_Biological_Process_2023,Plasma Membrane Organization (GO:0007009),11/72,0.1574737051674959,0.3928650355508165,0,0,1.4749341166343228,2.726410974118787,COLEC12;EHD2;SYT11;PLSCR4;EPB41L3;ANK2;ANO6;TLCD2;ANK3;SYTL4;SPTBN1
GO_Biological_Process_2023,Regulation Of Organelle Assembly (GO:1902115),12/80,0.1587754918907751,0.3956553250580748,0,0,1.443480618053673,2.656385524740021,HCK;TBC1D1;TBC1D2;PDCD6IP;GSN;IFT140;RDX;DCDC2;MSN;TBC1D2B;TBC1D15;CDKL1
GO_Biological_Process_2023,Wound Healing (GO:0042060),12/80,0.1587754918907751,0.3956553250580748,0,0,1.443480618053673,2.656385524740021,PDGFRA;MACF1;TGFB2;DST;ODAM;SYT11;SLC11A1;FZD7;CFLAR;MYOZ1;FGF2;SYTL4
GO_Biological_Process_2023,Regulation Of Protein Metabolic Process (GO:0051246),14/96,0.1595653208115298,0.3962085164928424,0,0,1.3967239672396723,2.563410158847071,EDN1;ACE;TGFB1;WFS1;LILRB2;FOXO3;KLF4;ZDHHC2;KLF2;FKBP1A;EDNRB;AGTR1;LDLR;MAP2K5
GO_Biological_Process_2023,Cellular Response To Glucose Stimulus (GO:0071333),6/34,0.1599799130511636,0.3962085164928424,0,0,1.751903886554622,3.2107265425991365,PTPRN2;GPER1;ZBTB20;PRKACA;GAS6;AGER
GO_Biological_Process_2023,Negative Regulation Of Interleukin-6 Production (GO:0032715),6/34,0.1599799130511636,0.3962085164928424,0,0,1.751903886554622,3.2107265425991365,SYT11;SIRPA;IRAK3;GAS6;TLR4;CX3CL1
GO_Biological_Process_2023,Positive Regulation Of Carbohydrate Metabolic Process (GO:0045913),6/34,0.1599799130511636,0.3962085164928424,0,0,1.751903886554622,3.2107265425991365,PRKCE;PDGFB;ZBTB20;PTH1R;SLC4A4;SNCA
GO_Biological_Process_2023,Regulation Of Interleukin-17 Production (GO:0032660),6/34,0.1599799130511636,0.3962085164928424,0,0,1.751903886554622,3.2107265425991365,PRNP;IL6;TGFB1;PRKCQ;JAK2;TLR4
GO_Biological_Process_2023,Regulation Of Metal Ion Transport (GO:0010959),6/34,0.1599799130511636,0.3962085164928424,0,0,1.751903886554622,3.2107265425991365,CD4;PLN;CACNA2D1;KCNA5;NOS1;ANK3
GO_Biological_Process_2023,Response To Estrogen (GO:0043627),6/34,0.1599799130511636,0.3962085164928424,0,0,1.751903886554622,3.2107265425991365,GSTM3;SLC34A2;SFRP1;CITED2;CAV1;GATA3
GO_Biological_Process_2023,Antibacterial Humoral Response (GO:0019731),8/49,0.1600072855067248,0.3962085164928424,0,0,1.5955303251284585,2.923866648789541,DMBT1;SLPI;PLA2G1B;SFTPD;CTSG;DEFA1;CAMP;HLA-E
GO_Biological_Process_2023,Neurogenesis (GO:0022008),8/49,0.1600072855067248,0.3962085164928424,0,0,1.5955303251284585,2.923866648789541,TGFB2;CDK6;ERBB4;PCSK9;LRP4;DCHS1;FAT4;WNT2
GO_Biological_Process_2023,Positive Regulation Of Nervous System Development (GO:0051962),8/49,0.1600072855067248,0.3962085164928424,0,0,1.5955303251284585,2.923866648789541,CX3CR1;PTPRD;CLSTN2;MME;GPER1;SLITRK6;NAP1L1;TGM2
GO_Biological_Process_2023,Unsaturated Fatty Acid Metabolic Process (GO:0033559),8/49,0.1600072855067248,0.3962085164928424,0,0,1.5955303251284585,2.923866648789541,FADS3;SCD;ALOX5;PLA2G4C;SCD5;ABHD6;ALOX15B;MGLL
GO_Biological_Process_2023,GTP Metabolic Process (GO:0046039),3/13,0.1621009292032588,0.3963895809865523,0,0,2.451766865534649,4.46107836468925,LRRK2;RAB23;GIMAP7
GO_Biological_Process_2023,Amyloid Precursor Protein Catabolic Process (GO:0042987),3/13,0.1621009292032588,0.3963895809865523,0,0,2.451766865534649,4.46107836468925,BACE1;APH1B;ABCG1
GO_Biological_Process_2023,Chondroitin Sulfate Biosynthetic Process (GO:0030206),3/13,0.1621009292032588,0.3963895809865523,0,0,2.451766865534649,4.46107836468925,CSGALNACT1;CHST9;CHST7
GO_Biological_Process_2023,Extracellular Transport (GO:0006858),3/13,0.1621009292032588,0.3963895809865523,0,0,2.451766865534649,4.46107836468925,SPAG6;WWP2;ROPN1L
GO_Biological_Process_2023,Killing By Host Of Symbiont Cells (GO:0051873),3/13,0.1621009292032588,0.3963895809865523,0,0,2.451766865534649,4.46107836468925,DEFA1;CAMP;PF4
GO_Biological_Process_2023,Microtubule-Based Transport (GO:0099111),3/13,0.1621009292032588,0.3963895809865523,0,0,2.451766865534649,4.46107836468925,DYNC1I2;SPAG6;ROPN1L
GO_Biological_Process_2023,Negative Regulation Of Interleukin-12 Production (GO:0032695),3/13,0.1621009292032588,0.3963895809865523,0,0,2.451766865534649,4.46107836468925,TLR8;IRAK3;CMKLR1
GO_Biological_Process_2023,Negative Regulation Of Lyase Activity (GO:0051350),3/13,0.1621009292032588,0.3963895809865523,0,0,2.451766865534649,4.46107836468925,EDNRB;PALM;GNAI2
GO_Biological_Process_2023,Negative Regulation Of Neuroinflammatory Response (GO:0150079),3/13,0.1621009292032588,0.3963895809865523,0,0,2.451766865534649,4.46107836468925,SYT11;LDLR;CX3CL1
GO_Biological_Process_2023,Negative Regulation Of Translational Initiation (GO:0045947),3/13,0.1621009292032588,0.3963895809865523,0,0,2.451766865534649,4.46107836468925,TPR;EIF4EBP2;C8ORF88
GO_Biological_Process_2023,Positive Regulation Of Cyclase Activity (GO:0031281),3/13,0.1621009292032588,0.3963895809865523,0,0,2.451766865534649,4.46107836468925,CACNA1D;CACNA1C;NOS1
GO_Biological_Process_2023,Positive Regulation Of Glycoprotein Biosynthetic Process (GO:0010560),3/13,0.1621009292032588,0.3963895809865523,0,0,2.451766865534649,4.46107836468925,IL33;CCL21;SLC51B
GO_Biological_Process_2023,Positive Regulation Of Superoxide Anion Generation (GO:0032930),3/13,0.1621009292032588,0.3963895809865523,0,0,2.451766865534649,4.46107836468925,TGFB1;TYROBP;FPR2
GO_Biological_Process_2023,Positive Regulation Of Type 2 Immune Response (GO:0002830),3/13,0.1621009292032588,0.3963895809865523,0,0,2.451766865534649,4.46107836468925,IL6;RSAD2;XCL1
GO_Biological_Process_2023,Purine Ribonucleoside Bisphosphate Metabolic Process (GO:0034035),3/13,0.1621009292032588,0.3963895809865523,0,0,2.451766865534649,4.46107836468925,SULT1A1;SULT1A2;SULT1C4
GO_Biological_Process_2023,Regulation Of Cellular Ketone Metabolic Process (GO:0010565),3/13,0.1621009292032588,0.3963895809865523,0,0,2.451766865534649,4.46107836468925,PDK4;FGFR4;CES1
GO_Biological_Process_2023,Regulation Of Gastrulation (GO:0010470),3/13,0.1621009292032588,0.3963895809865523,0,0,2.451766865534649,4.46107836468925,PHLDB2;CLASP2;FOXA2
GO_Biological_Process_2023,Regulation Of Immune Effector Process (GO:0002697),3/13,0.1621009292032588,0.3963895809865523,0,0,2.451766865534649,4.46107836468925,CFH;C4BPA;CD59
GO_Biological_Process_2023,Regulation Of Macrophage Cytokine Production (GO:0010935),3/13,0.1621009292032588,0.3963895809865523,0,0,2.451766865534649,4.46107836468925,TGFB2;TGFB1;IRAK3
GO_Biological_Process_2023,Regulation Of Nitrogen Compound Metabolic Process (GO:0051171),3/13,0.1621009292032588,0.3963895809865523,0,0,2.451766865534649,4.46107836468925,ALDH2;LDLR;MFSD2A
GO_Biological_Process_2023,Regulation Of Response To Endoplasmic Reticulum Stress (GO:1905897),3/13,0.1621009292032588,0.3963895809865523,0,0,2.451766865534649,4.46107836468925,WFS1;NUPR1;CLU
GO_Biological_Process_2023,Response To Progesterone (GO:0032570),3/13,0.1621009292032588,0.3963895809865523,0,0,2.451766865534649,4.46107836468925,TGFB2;TGFB1;CAV1
GO_Biological_Process_2023,Protein Localization To Organelle (GO:0033365),19/137,0.1634561534350336,0.3994772130382815,0,0,1.317614424410541,2.386477079547021,PPP1R15A;TUB;ARL6;IFT140;LRRK2;ANK2;RCSD1;BICD2;RAB11A;BMP4;EHD1;HHEX;VAPA;FKBP8;MSX1;ZNF423;OPTN;SGCG;CNTLN
GO_Biological_Process_2023,Cell Surface Receptor Signaling Pathway Involved In Cell-Cell Signaling (GO:1905114),5/27,0.1650573176907364,0.4019656767569275,0,0,1.8578527581743016,3.3468520473596586,BMP4;BMP2;FZD4;FERMT2;WLS
GO_Biological_Process_2023,Negative Regulation Of Notch Signaling Pathway (GO:0045746),5/27,0.1650573176907364,0.4019656767569275,0,0,1.8578527581743016,3.3468520473596586,EGFL7;HEY1;ARRB1;WWP2;GATA2
GO_Biological_Process_2023,Peptide Cross-Linking (GO:0018149),5/27,0.1650573176907364,0.4019656767569275,0,0,1.8578527581743016,3.3468520473596586,CSTA;ANXA1;NDNF;TGM2;FGFR1
GO_Biological_Process_2023,Positive Regulation Of Filopodium Assembly (GO:0051491),5/27,0.1650573176907364,0.4019656767569275,0,0,1.8578527581743016,3.3468520473596586,GPM6A;DOCK11;CCL21;PALM;PIK3R1
GO_Biological_Process_2023,Regulation Of Actin Polymerization Or Depolymerization (GO:0008064),5/27,0.1650573176907364,0.4019656767569275,0,0,1.8578527581743016,3.3468520473596586,CXCL12;DAAM2;ARHGAP18;ARHGAP28;ESAM
GO_Biological_Process_2023,Antimicrobial Humoral Immune Response Mediated By Antimicrobial Peptide (GO:0061844),10/65,0.1667586160493233,0.4019656767569275,0,0,1.48694123556002,2.6634209252344587,TSLP;GNLY;PLA2G1B;S100A12;DEFA1;PPBP;CXCL3;CXCL2;CAMP;PF4
GO_Biological_Process_2023,Fc-gamma Receptor Signaling Pathway Involved In Phagocytosis (GO:0038096),4/20,0.167276967092935,0.4019656767569275,0,0,2.043388429752066,3.653791749680239,FGR;HCK;PRKCE;FYN
GO_Biological_Process_2023,Cellular Response To Estradiol Stimulus (GO:0071392),4/20,0.167276967092935,0.4019656767569275,0,0,2.043388429752066,3.653791749680239,SFRP1;RAMP3;GPER1;SSTR1
GO_Biological_Process_2023,Lipopolysaccharide-Mediated Signaling Pathway (GO:0031663),4/20,0.167276967092935,0.4019656767569275,0,0,2.043388429752066,3.653791749680239,HCK;TGFB1;PRKCE;TLR4
GO_Biological_Process_2023,Long-Term Memory (GO:0007616),4/20,0.167276967092935,0.4019656767569275,0,0,2.043388429752066,3.653791749680239,PRNP;CAMK2N1;RASGRF1;LDLR
GO_Biological_Process_2023,Myoblast Differentiation (GO:0045445),4/20,0.167276967092935,0.4019656767569275,0,0,2.043388429752066,3.653791749680239,TCF7L2;MYOCD;JAG1;EPAS1
GO_Biological_Process_2023,Negative Regulation Of B Cell Activation (GO:0050869),4/20,0.167276967092935,0.4019656767569275,0,0,2.043388429752066,3.653791749680239,SFRP1;TYROBP;ID2;MNDA
GO_Biological_Process_2023,Negative Regulation Of Phosphate Metabolic Process (GO:0045936),4/20,0.167276967092935,0.4019656767569275,0,0,2.043388429752066,3.653791749680239,CDKN1C;BMP4;CDKN2B;INPP5K
GO_Biological_Process_2023,Negative Regulation Of Protein Localization To Cell Periphery (GO:1904376),4/20,0.167276967092935,0.4019656767569275,0,0,2.043388429752066,3.653791749680239,DAB2;PID1;TGFB1;LZTFL1
GO_Biological_Process_2023,Negative Regulation Of Protein Localization To Plasma Membrane (GO:1903077),4/20,0.167276967092935,0.4019656767569275,0,0,2.043388429752066,3.653791749680239,DAB2;PID1;PKDCC;TGFB1
GO_Biological_Process_2023,Negative Regulation Of Viral Life Cycle (GO:1903901),4/20,0.167276967092935,0.4019656767569275,0,0,2.043388429752066,3.653791749680239,FCN1;FCN3;GSN;MID2
GO_Biological_Process_2023,Peripheral Nervous System Development (GO:0007422),4/20,0.167276967092935,0.4019656767569275,0,0,2.043388429752066,3.653791749680239,GSTM3;EGR2;NFASC;PMP22
GO_Biological_Process_2023,Positive Regulation Of Leukocyte Activation (GO:0002696),4/20,0.167276967092935,0.4019656767569275,0,0,2.043388429752066,3.653791749680239,CEBPA;IL33;TSLP;TLR4
GO_Biological_Process_2023,Regulation Of Calcium Ion Import (GO:0090279),4/20,0.167276967092935,0.4019656767569275,0,0,2.043388429752066,3.653791749680239,PDGFRB;CXCL12;PLN;PDGFB
GO_Biological_Process_2023,Regulation Of Protein Ubiquitination (GO:0031396),16/113,0.1673536734519068,0.4019656767569275,0,0,1.3495159493960076,2.4124566550724365,GSK3B;NDFIP2;NDFIP1;FOXF2;ANGPT1;WFS1;CUL3;CAV1;LRRK2;FAM107A;ARRB1;PRICKLE1;SMAD7;FKBP1A;N4BP1;SASH1
GO_Biological_Process_2023,Collagen Fibril Organization (GO:0030199),7/42,0.1682396123335713,0.4019656767569275,0,0,1.6352183908045976,2.9145577471093693,COLGALT2;CRTAP;TGFB2;COL14A1;COL12A1;DPT;DDR2
GO_Biological_Process_2023,Activation Of Protein Kinase Activity (GO:0032147),12/81,0.1690650083972524,0.4019656767569275,0,0,1.422480464836706,2.528419158317848,TGFB2;ANGPT1;CAB39L;SLC11A1;PDGFB;EMP2;ANG;ADRB2;JAK2;GAS6;TLR3;TGFBR2
GO_Biological_Process_2023,Cellular Response To Chemical Stress (GO:0062197),13/89,0.1692242919758665,0.4019656767569275,0,0,1.3991774040911409,2.485681014990814,LRRK2;CAV1;PRR5L;FOXO3;ETV5;FOXO1;ZFP36L2;ALDH3B1;MGAT3;FAS;PRKD1;PPARGC1A;SNCA
GO_Biological_Process_2023,Positive Regulation Of Peptidyl-Serine Phosphorylation (GO:0033138),13/89,0.1692242919758665,0.4019656767569275,0,0,1.3991774040911409,2.485681014990814,CSF3;RAMP3;TGFB1;TFRC;BDNF;CAV1;SH2D3C;IL6;NOS1;PRKD1;GAS6;CD44;SNCA
GO_Biological_Process_2023,ER Overload Response (GO:0006983),2/7,0.1726701493761223,0.4019656767569275,0,0,3.268440366972477,5.7405976523390985,GSK3B;WFS1
GO_Biological_Process_2023,SREBP Signaling Pathway (GO:0032933),2/7,0.1726701493761223,0.4019656767569275,0,0,3.268440366972477,5.7405976523390985,INSIG1;SREBF2
GO_Biological_Process_2023,T-helper 17 Cell Lineage Commitment (GO:0072540),2/7,0.1726701493761223,0.4019656767569275,0,0,3.268440366972477,5.7405976523390985,SOCS3;IL6
GO_Biological_Process_2023,UV Protection (GO:0009650),2/7,0.1726701493761223,0.4019656767569275,0,0,3.268440366972477,5.7405976523390985,MFAP4;SCARA3
GO_Biological_Process_2023,Aldehyde Catabolic Process (GO:0046185),2/7,0.1726701493761223,0.4019656767569275,0,0,3.268440366972477,5.7405976523390985,ALDH2;ALDH3B1
GO_Biological_Process_2023,Axon Ensheathment In Central Nervous System (GO:0032291),2/7,0.1726701493761223,0.4019656767569275,0,0,3.268440366972477,5.7405976523390985,MYRF;GPM6B
GO_Biological_Process_2023,"Blood Coagulation, Intrinsic Pathway (GO:0007597)",2/7,0.1726701493761223,0.4019656767569275,0,0,3.268440366972477,5.7405976523390985,F8;FLNA
GO_Biological_Process_2023,Cardiac Atrium Development (GO:0003230),2/7,0.1726701493761223,0.4019656767569275,0,0,3.268440366972477,5.7405976523390985,GJA5;ENG
GO_Biological_Process_2023,Catecholamine Catabolic Process (GO:0042424),2/7,0.1726701493761223,0.4019656767569275,0,0,3.268440366972477,5.7405976523390985,MAOB;MAOA
GO_Biological_Process_2023,Cellular Response To Epinephrine Stimulus (GO:0071872),2/7,0.1726701493761223,0.4019656767569275,0,0,3.268440366972477,5.7405976523390985,PRKACA;SNCA
GO_Biological_Process_2023,Cellular Response To Leptin Stimulus (GO:0044320),2/7,0.1726701493761223,0.4019656767569275,0,0,3.268440366972477,5.7405976523390985,NR4A3;LEPR
GO_Biological_Process_2023,Dopamine Catabolic Process (GO:0042420),2/7,0.1726701493761223,0.4019656767569275,0,0,3.268440366972477,5.7405976523390985,MAOB;MAOA
GO_Biological_Process_2023,Foam Cell Differentiation (GO:0090077),2/7,0.1726701493761223,0.4019656767569275,0,0,3.268440366972477,5.7405976523390985,TGFB1;PPARG
GO_Biological_Process_2023,Galactosylceramide Metabolic Process (GO:0006681),2/7,0.1726701493761223,0.4019656767569275,0,0,3.268440366972477,5.7405976523390985,GALC;B3GALT2
GO_Biological_Process_2023,"Heparan Sulfate Proteoglycan Biosynthetic Process, Polysaccharide Chain Biosynthetic Process (GO:0015014)",2/7,0.1726701493761223,0.4019656767569275,0,0,3.268440366972477,5.7405976523390985,EXT1;NDST1
GO_Biological_Process_2023,Inhibition Of Cysteine-Type Endopeptidase Activity (GO:0097340),2/7,0.1726701493761223,0.4019656767569275,0,0,3.268440366972477,5.7405976523390985,CAST;CARD16
GO_Biological_Process_2023,Lipoxygenase Pathway (GO:0019372),2/7,0.1726701493761223,0.4019656767569275,0,0,3.268440366972477,5.7405976523390985,HPGD;ALOX5
GO_Biological_Process_2023,Mammary Gland Epithelial Cell Differentiation (GO:0060644),2/7,0.1726701493761223,0.4019656767569275,0,0,3.268440366972477,5.7405976523390985,ERBB4;ID2
GO_Biological_Process_2023,Melanin Biosynthetic Process (GO:0042438),2/7,0.1726701493761223,0.4019656767569275,0,0,3.268440366972477,5.7405976523390985,TRPC1;TYRP1
GO_Biological_Process_2023,Myeloid Leukocyte Mediated Immunity (GO:0002444),2/7,0.1726701493761223,0.4019656767569275,0,0,3.268440366972477,5.7405976523390985,IL6;PLA2G1B
GO_Biological_Process_2023,Negative Regulation Of T Cell Apoptotic Process (GO:0070233),2/7,0.1726701493761223,0.4019656767569275,0,0,3.268440366972477,5.7405976523390985,TSC22D3;PRKCQ
GO_Biological_Process_2023,Negative Regulation Of Cell Cycle G2/M Phase Transition (GO:1902750),2/7,0.1726701493761223,0.4019656767569275,0,0,3.268440366972477,5.7405976523390985,USP47;FHL1
GO_Biological_Process_2023,Negative Regulation Of Fatty Acid Oxidation (GO:0046322),2/7,0.1726701493761223,0.4019656767569275,0,0,3.268440366972477,5.7405976523390985,APLP2;MFSD2A
GO_Biological_Process_2023,Negative Regulation Of Keratinocyte Proliferation (GO:0010839),2/7,0.1726701493761223,0.4019656767569275,0,0,3.268440366972477,5.7405976523390985,KLF9;FGFR2
GO_Biological_Process_2023,Negative Regulation Of Neural Precursor Cell Proliferation (GO:2000178),2/7,0.1726701493761223,0.4019656767569275,0,0,3.268440366972477,5.7405976523390985,PTN;GATA2
GO_Biological_Process_2023,Negative Regulation Of Osteoblast Proliferation (GO:0033689),2/7,0.1726701493761223,0.4019656767569275,0,0,3.268440366972477,5.7405976523390985,MN1;SFRP1
GO_Biological_Process_2023,Neuron Projection Arborization (GO:0140058),2/7,0.1726701493761223,0.4019656767569275,0,0,3.268440366972477,5.7405976523390985,PHACTR1;PTN
GO_Biological_Process_2023,Norepinephrine Metabolic Process (GO:0042415),2/7,0.1726701493761223,0.4019656767569275,0,0,3.268440366972477,5.7405976523390985,RNF180;GATA3
GO_Biological_Process_2023,Pericardium Development (GO:0060039),2/7,0.1726701493761223,0.4019656767569275,0,0,3.268440366972477,5.7405976523390985,TBX5;BMP5
GO_Biological_Process_2023,Plasma Membrane To Endosome Transport (GO:0048227),2/7,0.1726701493761223,0.4019656767569275,0,0,3.268440366972477,5.7405976523390985,SORT1;RAB11A
GO_Biological_Process_2023,Positive Regulation By Host Of Viral Genome Replication (GO:0044829),2/7,0.1726701493761223,0.4019656767569275,0,0,3.268440366972477,5.7405976523390985,VAPA;PIK3C3
GO_Biological_Process_2023,Positive Regulation Of Arp2/3 Complex-Mediated Actin Nucleation (GO:2000601),2/7,0.1726701493761223,0.4019656767569275,0,0,3.268440366972477,5.7405976523390985,WASF2;WASF3
GO_Biological_Process_2023,Positive Regulation Of Apoptotic Cell Clearance (GO:2000427),2/7,0.1726701493761223,0.4019656767569275,0,0,3.268440366972477,5.7405976523390985,CD300LF;C2
GO_Biological_Process_2023,Positive Regulation Of Astrocyte Differentiation (GO:0048711),2/7,0.1726701493761223,0.4019656767569275,0,0,3.268440366972477,5.7405976523390985,BMP2;ID2
GO_Biological_Process_2023,Positive Regulation Of Dendritic Cell Chemotaxis (GO:2000510),2/7,0.1726701493761223,0.4019656767569275,0,0,3.268440366972477,5.7405976523390985,CCL21;GAS6
GO_Biological_Process_2023,Positive Regulation Of Glial Cell Migration (GO:1903977),2/7,0.1726701493761223,0.4019656767569275,0,0,3.268440366972477,5.7405976523390985,P2RY12;CX3CL1
GO_Biological_Process_2023,Positive Regulation Of Gluconeogenesis (GO:0045722),2/7,0.1726701493761223,0.4019656767569275,0,0,3.268440366972477,5.7405976523390985,PPARGC1A;FOXO1
GO_Biological_Process_2023,Positive Regulation Of Melanin Biosynthetic Process (GO:0048023),2/7,0.1726701493761223,0.4019656767569275,0,0,3.268440366972477,5.7405976523390985,ZEB2;TYRP1
GO_Biological_Process_2023,Positive Regulation Of Microtubule Nucleation (GO:0090063),2/7,0.1726701493761223,0.4019656767569275,0,0,3.268440366972477,5.7405976523390985,MECP2;PDE4DIP
GO_Biological_Process_2023,Positive Regulation Of Myeloid Cell Apoptotic Process (GO:0033034),2/7,0.1726701493761223,0.4019656767569275,0,0,3.268440366972477,5.7405976523390985,MEF2C;ANXA1
GO_Biological_Process_2023,Positive Regulation Of Natural Killer Cell Proliferation (GO:0032819),2/7,0.1726701493761223,0.4019656767569275,0,0,3.268440366972477,5.7405976523390985,JAK2;HLA-E
GO_Biological_Process_2023,Positive Regulation Of Secondary Metabolite Biosynthetic Process (GO:1900378),2/7,0.1726701493761223,0.4019656767569275,0,0,3.268440366972477,5.7405976523390985,ZEB2;TYRP1
GO_Biological_Process_2023,"Positive Regulation Of Synaptic Transmission, GABAergic (GO:0032230)",2/7,0.1726701493761223,0.4019656767569275,0,0,3.268440366972477,5.7405976523390985,NALCN;ZDHHC3
GO_Biological_Process_2023,Positive Regulation Of Triglyceride Lipase Activity (GO:0061365),2/7,0.1726701493761223,0.4019656767569275,0,0,3.268440366972477,5.7405976523390985,APOH;GPIHBP1
GO_Biological_Process_2023,Positive Regulation Of Vascular Endothelial Growth Factor Signaling Pathway (GO:1900748),2/7,0.1726701493761223,0.4019656767569275,0,0,3.268440366972477,5.7405976523390985,CCBE1;MYO1C
GO_Biological_Process_2023,Regulation Of Chaperone-Mediated Autophagy (GO:1904714),2/7,0.1726701493761223,0.4019656767569275,0,0,3.268440366972477,5.7405976523390985,EEF1A1;SNCA
GO_Biological_Process_2023,Regulation Of Chemokine-Mediated Signaling Pathway (GO:0070099),2/7,0.1726701493761223,0.4019656767569275,0,0,3.268440366972477,5.7405976523390985,SLIT2;SH2B3
GO_Biological_Process_2023,Regulation Of Collateral Sprouting (GO:0048670),2/7,0.1726701493761223,0.4019656767569275,0,0,3.268440366972477,5.7405976523390985,DCC;ULK2
GO_Biological_Process_2023,Regulation Of Dopamine Receptor Signaling Pathway (GO:0060159),2/7,0.1726701493761223,0.4019656767569275,0,0,3.268440366972477,5.7405976523390985,LRRK2;PALM
GO_Biological_Process_2023,Regulation Of Extent Of Cell Growth (GO:0061387),2/7,0.1726701493761223,0.4019656767569275,0,0,3.268440366972477,5.7405976523390985,GSK3B;OLFM1
GO_Biological_Process_2023,Regulation Of Extracellular Matrix Constituent Secretion (GO:0003330),2/7,0.1726701493761223,0.4019656767569275,0,0,3.268440366972477,5.7405976523390985,BMP2;RGCC
GO_Biological_Process_2023,Regulation Of Leukocyte Degranulation (GO:0043300),2/7,0.1726701493761223,0.4019656767569275,0,0,3.268440366972477,5.7405976523390985,FER;UNC13D
GO_Biological_Process_2023,Regulation Of Leukocyte Proliferation (GO:0070663),2/7,0.1726701493761223,0.4019656767569275,0,0,3.268440366972477,5.7405976523390985,HHEX;JAK2
GO_Biological_Process_2023,Regulation Of Lipase Activity (GO:0060191),2/7,0.1726701493761223,0.4019656767569275,0,0,3.268440366972477,5.7405976523390985,PCSK5;SNCA
GO_Biological_Process_2023,Regulation Of Myeloid Leukocyte Differentiation (GO:0002761),2/7,0.1726701493761223,0.4019656767569275,0,0,3.268440366972477,5.7405976523390985,UBASH3B;FOXP1
GO_Biological_Process_2023,Regulation Of Natural Killer Cell Mediated Cytotoxicity Directed Against Tumor Cell Target (GO:0002858),2/7,0.1726701493761223,0.4019656767569275,0,0,3.268440366972477,5.7405976523390985,TGFB1;CRTAM
GO_Biological_Process_2023,Regulation Of Protein Localization To Cell Cortex (GO:1904776),2/7,0.1726701493761223,0.4019656767569275,0,0,3.268440366972477,5.7405976523390985,EPB41L2;GNAI1
GO_Biological_Process_2023,Regulation Of Protein Localization To Cilium (GO:1903564),2/7,0.1726701493761223,0.4019656767569275,0,0,3.268440366972477,5.7405976523390985,GSK3B;LZTFL1
GO_Biological_Process_2023,Regulation Of Transforming Growth Factor Beta Activation (GO:1901388),2/7,0.1726701493761223,0.4019656767569275,0,0,3.268440366972477,5.7405976523390985,LRRC32;LTBP1
GO_Biological_Process_2023,Response To Epinephrine (GO:0071871),2/7,0.1726701493761223,0.4019656767569275,0,0,3.268440366972477,5.7405976523390985,PRKACA;SNCA
GO_Biological_Process_2023,Sialylation (GO:0097503),2/7,0.1726701493761223,0.4019656767569275,0,0,3.268440366972477,5.7405976523390985,ST6GALNAC2;ST3GAL1
GO_Biological_Process_2023,Spleen Development (GO:0048536),2/7,0.1726701493761223,0.4019656767569275,0,0,3.268440366972477,5.7405976523390985,CITED2;TCF21
GO_Biological_Process_2023,Sulfur Amino Acid Biosynthetic Process (GO:0000097),2/7,0.1726701493761223,0.4019656767569275,0,0,3.268440366972477,5.7405976523390985,CDO1;GGT1
GO_Biological_Process_2023,Ventricular Trabecula Myocardium Morphogenesis (GO:0003222),2/7,0.1726701493761223,0.4019656767569275,0,0,3.268440366972477,5.7405976523390985,TGFB2;ENG
GO_Biological_Process_2023,"G Protein-Coupled Receptor Signaling Pathway, Coupled To Cyclic Nucleotide Second Messenger (GO:0007187)",8/50,0.1734798435853533,0.4031981717363409,0,0,1.5574538923204977,2.728182422972389,VIPR1;PTGIR;ANXA1;CALCRL;CNR1;NPY1R;PTH1R;AGTR2
GO_Biological_Process_2023,Positive Regulation Of Transport (GO:0051050),8/50,0.1734798435853533,0.4031981717363409,0,0,1.5574538923204977,2.728182422972389,GSK3B;DAB2;ANXA1;LRP1;GPC3;INPP5K;DLL1;SNCA
GO_Biological_Process_2023,Regulation Of Interleukin-12 Production (GO:0032655),8/50,0.1734798435853533,0.4031981717363409,0,0,1.5574538923204977,2.728182422972389,TLR8;IRAK3;HMGB1;CD47;TLR4;TLR3;CMKLR1;FOXP1
GO_Biological_Process_2023,Positive Regulation Of Mitotic Nuclear Division (GO:0045840),6/35,0.1764414487886562,0.4092000499580012,0,0,1.691398326572008,2.934180635078592,PDGFRB;EDN1;RGCC;CUL3;PDGFB;IGF2
GO_Biological_Process_2023,Regulation Of G2/M Transition Of Mitotic Cell Cycle (GO:0010389),6/35,0.1764414487886562,0.4092000499580012,0,0,1.691398326572008,2.934180635078592,MECP2;USP47;CDK6;CCND1;FHL1;RAB11A
GO_Biological_Process_2023,Regulation Of Axon Extension (GO:0030516),6/35,0.1764414487886562,0.4092000499580012,0,0,1.691398326572008,2.934180635078592,GSK3B;MACF1;OLFM1;MAP2;RUFY3;SEMA3G
GO_Biological_Process_2023,Regulation Of Sodium Ion Transport (GO:0002028),6/35,0.1764414487886562,0.4092000499580012,0,0,1.691398326572008,2.934180635078592,NEDD4;NEDD4L;NOS1;ANK3;GPD1L;SCN4B
GO_Biological_Process_2023,Negative Regulation Of Macromolecule Biosynthetic Process (GO:0010558),14/98,0.1785610268431719,0.4138933361198335,0,0,1.3633148831488315,2.3487527578583727,TRIM71;GSK3B;FCN3;BTG2;EDN1;TGFB1;BMPR2;IGFBP5;DAPK1;DAPK3;FXR1;DACH1;INPP5K;PF4
GO_Biological_Process_2023,Negative Regulation Of Apoptotic Signaling Pathway (GO:2001234),12/82,0.1796743477835636,0.416250394543135,0,0,1.4020803159973667,2.406824033533068,CX3CR1;BMP4;NR4A2;TCF7L2;BDNF;HGF;RTKN2;ITGA6;CFLAR;CLU;CX3CL1;BCL2L2
GO_Biological_Process_2023,Energy Derivation By Oxidation Of Organic Compounds (GO:0015980),7/43,0.1833229640859494,0.4237523467797247,0,0,1.58970625798212,2.696945967329713,COX7B;PID1;NR4A3;UQCRB;COX4I2;LEPR;PPARGC1A
GO_Biological_Process_2023,Modulation Of Chemical Synaptic Transmission (GO:0050804),17/123,0.1834043203228224,0.4237523467797247,0,0,1.3120571702470696,2.225330521632134,GRIA1;CX3CR1;GSK3B;MEF2C;PXK;MCTP1;NLGN4X;CLSTN2;LRRK2;PTEN;ATP1A2;AGER;FXR1;RIMS3;TMEM108;EIF4EBP2;KCNMB4
GO_Biological_Process_2023,Organonitrogen Compound Biosynthetic Process (GO:1901566),17/123,0.1834043203228224,0.4237523467797247,0,0,1.3120571702470696,2.225330521632134,MOCS2;SLC44A1;PPM1L;SLC44A2;SPNS2;PLA2G4C;SGMS2;FMO3;PCSK5;SPTLC3;ALDH3B1;DMD;CHPT1;PRKD1;CDO1;MFSD2A;SULT1A2
GO_Biological_Process_2023,Diterpenoid Metabolic Process (GO:0016101),5/28,0.1840907437933233,0.4237523467797247,0,0,1.776976693095804,3.007224694571119,LRP1;ADH1B;CYP4V2;RARRES2;ALDH1A1
GO_Biological_Process_2023,Glycosaminoglycan Metabolic Process (GO:0030203),5/28,0.1840907437933233,0.4237523467797247,0,0,1.776976693095804,3.007224694571119,EXT1;CHST9;GALNT5;HYAL1;HYAL2
GO_Biological_Process_2023,Positive Regulation Of Protein Import Into Nucleus (GO:0042307),5/28,0.1840907437933233,0.4237523467797247,0,0,1.776976693095804,3.007224694571119,TGFB1;HYAL2;TPR;FLNA;PIK3R1
GO_Biological_Process_2023,Primary Neural Tube Formation (GO:0014020),5/28,0.1840907437933233,0.4237523467797247,0,0,1.776976693095804,3.007224694571119,SKI;TGFB2;TGFB1;COBL;PRICKLE1
GO_Biological_Process_2023,Regulation Of Bone Resorption (GO:0045124),5/28,0.1840907437933233,0.4237523467797247,0,0,1.776976693095804,3.007224694571119,IL6;UBASH3B;S1PR1;TMEM119;TMEM64
GO_Biological_Process_2023,Regulation Of Cardiac Muscle Cell Action Potential (GO:0098901),5/28,0.1840907437933233,0.4237523467797247,0,0,1.776976693095804,3.007224694571119,GJA5;CAV1;ANK2;CACNA1C;CALM1
GO_Biological_Process_2023,Regulation Of Lipid Biosynthetic Process (GO:0046890),5/28,0.1840907437933233,0.4237523467797247,0,0,1.776976693095804,3.007224694571119,GPER1;MID1IP1;PDK4;ZBTB20;SORBS1
GO_Biological_Process_2023,Regulation Of Protein Localization To Membrane (GO:1905475),5/28,0.1840907437933233,0.4237523467797247,0,0,1.776976693095804,3.007224694571119,GSN;GPC3;FYN;ZDHHC2;SPTBN1
GO_Biological_Process_2023,Regulation Of Protein Transport (GO:0051223),5/28,0.1840907437933233,0.4237523467797247,0,0,1.776976693095804,3.007224694571119,PTPN1;NDFIP2;NDFIP1;WWP2;PPM1F
GO_Biological_Process_2023,Positive Regulation Of Autophagy (GO:0010508),15/107,0.1869556218092513,0.4300036902983861,0,0,1.333691137818262,2.2364453390445336,EPM2A;GSK3B;DAPK1;LRRK2;HMGB1;FOXO3;MID2;FOXO1;DCN;SESN1;KDR;WAC;ULK2;PRKD1;OPTN
GO_Biological_Process_2023,Positive Regulation Of Leukocyte Mediated Cytotoxicity (GO:0001912),8/51,0.1874384736436067,0.4300036902983861,0,0,1.521148456387326,2.5468659003876213,SPI1;TYROBP;CADM1;CRTAM;XCL1;KLRD1;CD1C;HLA-E
GO_Biological_Process_2023,Regulation Of Smoothened Signaling Pathway (GO:0008589),8/51,0.1874384736436067,0.4300036902983861,0,0,1.521148456387326,2.5468659003876213,SFRP1;HHIP;PTCH1;GPC3;GAS1;DCDC2;RORA;FGFR2
GO_Biological_Process_2023,Cilium Movement (GO:0003341),9/59,0.1897465148636144,0.4300036902983861,0,0,1.47180855959503,2.446243303729512,CCDC39;DNAI2;RSPH4A;SPAG6;TEKT1;ROPN1L;RSPH9;NME5;TTC29
GO_Biological_Process_2023,Negative Regulation Of Cytokine-Mediated Signaling Pathway (GO:0001960),9/59,0.1897465148636144,0.4300036902983861,0,0,1.47180855959503,2.446243303729512,IL6;IRAK3;PPARG;CARD16;SLIT2;CCDC3;GAS6;SAMHD1;SH2B3
GO_Biological_Process_2023,Negative Regulation Of Protein-Containing Complex Assembly (GO:0031333),9/59,0.1897465148636144,0.4300036902983861,0,0,1.47180855959503,2.446243303729512,PTGER4;GSK3B;PPM1A;THRA;HMGB1;SMAD6;CLU;CRYAB;JAM3
GO_Biological_Process_2023,Lipid Catabolic Process (GO:0016042),4/21,0.1899414707900109,0.4300036902983861,0,0,1.923081078161292,3.1943132532045104,HSD11B1;PLA2G1B;CES1;PLA1A
GO_Biological_Process_2023,Macrophage Differentiation (GO:0030225),4/21,0.1899414707900109,0.4300036902983861,0,0,1.923081078161292,3.1943132532045104,IL33;IL1RL1;CD4;GATA3
GO_Biological_Process_2023,Negative Regulation Of GTPase Activity (GO:0034260),4/21,0.1899414707900109,0.4300036902983861,0,0,1.923081078161292,3.1943132532045104,LRCH1;LRRK2;RDX;DAB2IP
GO_Biological_Process_2023,Negative Regulation Of Biomineral Tissue Development (GO:0070168),4/21,0.1899414707900109,0.4300036902983861,0,0,1.923081078161292,3.1943132532045104,TGFB1;HEY1;HEY2;GAS6
GO_Biological_Process_2023,poly(A)+ mRNA Export From Nucleus (GO:0016973),4/21,0.1899414707900109,0.4300036902983861,0,0,1.923081078161292,3.1943132532045104,ENY2;DDX19B;HHEX;NXF3
GO_Biological_Process_2023,Positive Regulation Of T Cell Cytokine Production (GO:0002726),4/21,0.1899414707900109,0.4300036902983861,0,0,1.923081078161292,3.1943132532045104,IL6;RSAD2;XCL1;IL18R1
GO_Biological_Process_2023,Positive Regulation Of Granulocyte Chemotaxis (GO:0071624),4/21,0.1899414707900109,0.4300036902983861,0,0,1.923081078161292,3.1943132532045104,CD74;CCL21;DAPK2;XCL1
GO_Biological_Process_2023,Positive Regulation Of Natural Killer Cell Mediated Cytotoxicity (GO:0045954),4/21,0.1899414707900109,0.4300036902983861,0,0,1.923081078161292,3.1943132532045104,CADM1;CRTAM;KLRD1;HLA-E
GO_Biological_Process_2023,Regulation Of Anoikis (GO:2000209),4/21,0.1899414707900109,0.4300036902983861,0,0,1.923081078161292,3.1943132532045104,CAV1;PDK4;PIK3R3;ITGA5
GO_Biological_Process_2023,Regulation Of Steroid Metabolic Process (GO:0019218),4/21,0.1899414707900109,0.4300036902983861,0,0,1.923081078161292,3.1943132532045104,ACADL;EPHX2;RORA;ABCG1
GO_Biological_Process_2023,Regulation Of Transferase Activity (GO:0051338),4/21,0.1899414707900109,0.4300036902983861,0,0,1.923081078161292,3.1943132532045104,KAT2B;HMBOX1;EMP2;LDB2
GO_Biological_Process_2023,Sodium Ion Import Across Plasma Membrane (GO:0098719),4/21,0.1899414707900109,0.4300036902983861,0,0,1.923081078161292,3.1943132532045104,SCNN1G;SCNN1B;SLC9A9;SLC8A1
GO_Biological_Process_2023,Epithelial Cell Differentiation (GO:0030855),18/132,0.1900121302913111,0.4300036902983861,0,0,1.2917598988228427,2.1451835076763914,TAGLN;JAG1;ANXA1;KRT4;FZD7;GATA6;TCF21;GATA3;FSTL1;BMP4;DAB2;BDH2;DMBT1;ERBB4;KDR;PPARG;FGFR2;CES1
GO_Biological_Process_2023,Aminoglycan Catabolic Process (GO:0006026),3/14,0.1905275323646002,0.4300036902983861,0,0,2.228753807000709,3.695181470301921,HYAL1;HYAL2;CHI3L2
GO_Biological_Process_2023,Embryonic Cranial Skeleton Morphogenesis (GO:0048701),3/14,0.1905275323646002,0.4300036902983861,0,0,2.228753807000709,3.695181470301921,PDGFRA;FGFR2;TGFBR2
GO_Biological_Process_2023,Endoderm Development (GO:0007492),3/14,0.1905275323646002,0.4300036902983861,0,0,2.228753807000709,3.695181470301921,SOX17;DUSP1;SOX7
GO_Biological_Process_2023,Establishment Of Spindle Localization (GO:0051293),3/14,0.1905275323646002,0.4300036902983861,0,0,2.228753807000709,3.695181470301921,MAP4;CLASP2;ZBED3
GO_Biological_Process_2023,Membrane Raft Organization (GO:0031579),3/14,0.1905275323646002,0.4300036902983861,0,0,2.228753807000709,3.695181470301921,COLEC12;MYADM;EMP2
GO_Biological_Process_2023,Negative Regulation Of T Cell Mediated Immunity (GO:0002710),3/14,0.1905275323646002,0.4300036902983861,0,0,2.228753807000709,3.695181470301921,XCL1;KLRD1;SMAD7
GO_Biological_Process_2023,Negative Regulation Of Blood Pressure (GO:0045776),3/14,0.1905275323646002,0.4300036902983861,0,0,2.228753807000709,3.695181470301921,BMPR2;NOS1;APLN
GO_Biological_Process_2023,Negative Regulation Of Leukocyte Mediated Cytotoxicity (GO:0001911),3/14,0.1905275323646002,0.4300036902983861,0,0,2.228753807000709,3.695181470301921,CX3CR1;KLRD1;HLA-E
GO_Biological_Process_2023,Odontogenesis Of Dentin-Containing Tooth (GO:0042475),3/14,0.1905275323646002,0.4300036902983861,0,0,2.228753807000709,3.695181470301921,BMP2;ODAM;MSX1
GO_Biological_Process_2023,Phagolysosome Assembly (GO:0001845),3/14,0.1905275323646002,0.4300036902983861,0,0,2.228753807000709,3.695181470301921,SRPX;RAB14;PLA2G5
GO_Biological_Process_2023,Positive Regulation Of Acute Inflammatory Response (GO:0002675),3/14,0.1905275323646002,0.4300036902983861,0,0,2.228753807000709,3.695181470301921,IL6;PTGS2;IL6ST
GO_Biological_Process_2023,Positive Regulation Of Adaptive Immune Response Based On Somatic Recombination Of Immune Receptors Built From Immunoglobulin Superfamily Domains (GO:0002824),3/14,0.1905275323646002,0.4300036902983861,0,0,2.228753807000709,3.695181470301921,SLC11A1;PRKCQ;JAK2
GO_Biological_Process_2023,Positive Regulation Of Lyase Activity (GO:0051349),3/14,0.1905275323646002,0.4300036902983861,0,0,2.228753807000709,3.695181470301921,CACNA1D;CACNA1C;NOS1
GO_Biological_Process_2023,Positive Regulation Of Response To Cytokine Stimulus (GO:0060760),3/14,0.1905275323646002,0.4300036902983861,0,0,2.228753807000709,3.695181470301921,CD74;TSLP;GAS6
GO_Biological_Process_2023,Regulation Of Bone Remodeling (GO:0046850),3/14,0.1905275323646002,0.4300036902983861,0,0,2.228753807000709,3.695181470301921,SFRP1;LEPR;S1PR1
GO_Biological_Process_2023,Regulation Of Endothelial Cell Chemotaxis (GO:2001026),3/14,0.1905275323646002,0.4300036902983861,0,0,2.228753807000709,3.695181470301921,SEMA5A;PRKD1;FGF2
GO_Biological_Process_2023,Regulation Of Feeding Behavior (GO:0060259),3/14,0.1905275323646002,0.4300036902983861,0,0,2.228753807000709,3.695181470301921,NR4A3;SGIP1;LEPR
GO_Biological_Process_2023,Regulation Of Superoxide Anion Generation (GO:0032928),3/14,0.1905275323646002,0.4300036902983861,0,0,2.228753807000709,3.695181470301921,TGFB1;TYROBP;FPR2
GO_Biological_Process_2023,Regulation Of NIK/NF-kappaB Signaling (GO:1901222),12/83,0.1905924605052855,0.4300036902983861,0,0,1.3822548192380086,2.291250254954781,PPM1A;NFAT5;SPI1;RASSF2;MYO1C;RTKN2;TLR4;AGER;UACA;TLR3;SASH1;NR3C2
GO_Biological_Process_2023,Cholesterol Metabolic Process (GO:0008203),10/67,0.1908198095515248,0.4302916917577749,0,0,1.434606313204743,2.376318769030552,CYP27A1;ACAA2;HMGCS1;INSIG1;MSMO1;DHCR24;SCARF1;LSS;ABCG1;CES1
GO_Biological_Process_2023,Protein Destabilization (GO:0031648),6/36,0.1935533949495698,0.4357727973929803,0,0,1.6349264705882354,2.684879293719238,PRNP;GSN;SOX17;CUL3;CTSH;SNCA
GO_Biological_Process_2023,Regulation Of Receptor Internalization (GO:0002090),6/36,0.1935533949495698,0.4357727973929803,0,0,1.6349264705882354,2.684879293719238,CCL14;ANGPT1;MAGI2;PCSK9;ARRB1;SELE
GO_Biological_Process_2023,Regulation Of Trans-Synaptic Signaling (GO:0099177),6/36,0.1935533949495698,0.4357727973929803,0,0,1.6349264705882354,2.684879293719238,CX3CR1;GRIA1;PXK;NLGN4X;FABP5;EIF4EBP2
GO_Biological_Process_2023,Protein Stabilization (GO:0050821),27/208,0.1950127615079371,0.4388295509219273,0,0,1.220850905641512,1.995713107474193,STX12;HIP1;PTEN;MTMR9;PIK3R1;CLU;RAB21;RASSF2;SOX17;TMEM88;LAMP2;CDC37L1;FLNA;MSX1;PPARGC1A;GPIHBP1;ZBED3;CRTAP;WFS1;HOXB-AS3;ANK2;PARVA;SMAD7;PER3;TYROBP;GNAQ;CRYAB
GO_Biological_Process_2023,Regulation Of Transport (GO:0051049),7/44,0.1989418473874722,0.4472046944397552,0,0,1.5466542404473438,2.497448676893503,PTPRN2;LRRK2;WWC1;LEPR;RAB11A;VAMP2;SNCA
GO_Biological_Process_2023,Regulation Of Viral Entry Into Host Cell (GO:0046596),7/44,0.1989418473874722,0.4472046944397552,0,0,1.5466542404473438,2.497448676893503,FCN1;CD74;FCN3;CD4;GSN;HMGB1;MID2
GO_Biological_Process_2023,Positive Regulation Of Protein Ubiquitination (GO:0031398),12/84,0.2018073300754356,0.4532801701838833,0,0,1.3629800307219662,2.181370279505127,FKBP1A;GSK3B;NDFIP2;NDFIP1;ANGPT1;WFS1;LRRK2;CUL3;CAV1;FAM107A;PRICKLE1;SMAD7
GO_Biological_Process_2023,Regulation Of Cell Development (GO:0060284),8/52,0.2018546077602928,0.4532801701838833,0,0,1.4864932675420257,2.3786978304585205,CX3CR1;FXR1;HEYL;HEY1;HEY2;PTN;DLL1;CX3CL1
GO_Biological_Process_2023,Response To Retinoic Acid (GO:0032526),9/60,0.2031664066032013,0.455921519825808,0,0,1.44286835765139,2.2995424415920525,GSK3B;FZD4;ALDH1A2;FZD7;GATA6;CTSH;WNT2;EPHA3;AQP1
GO_Biological_Process_2023,JNK Cascade (GO:0007254),5/29,0.2038759344911514,0.455921519825808,0,0,1.7028403001071812,2.707930947651836,PTGER4;LRRK2;SH2D3C;TNFRSF19;TRIB1
GO_Biological_Process_2023,Defense Response To Fungus (GO:0050832),5/29,0.2038759344911514,0.455921519825808,0,0,1.7028403001071812,2.707930947651836,CX3CR1;RARRES2;S100A12;CLEC4E;S100A8
GO_Biological_Process_2023,Heterotypic Cell-Cell Adhesion (GO:0034113),5/29,0.2038759344911514,0.455921519825808,0,0,1.7028403001071812,2.707930947651836,ITGA7;PARVA;LILRB2;ITGA5;JAM3
GO_Biological_Process_2023,Integrated Stress Response Signaling (GO:0140467),5/29,0.2038759344911514,0.455921519825808,0,0,1.7028403001071812,2.707930947651836,CEBPA;JUN;CEBPD;FOS;JUNB
GO_Biological_Process_2023,Modified Amino Acid Transport (GO:0072337),5/29,0.2038759344911514,0.455921519825808,0,0,1.7028403001071812,2.707930947651836,SLC7A7;PDPN;SLC6A13;FOLR3;FOLR1
GO_Biological_Process_2023,Response To Alcohol (GO:0097305),5/29,0.2038759344911514,0.455921519825808,0,0,1.7028403001071812,2.707930947651836,TGFBR3;TGFB1;CCL21;SLIT2;TGFBR2
GO_Biological_Process_2023,Sarcomere Organization (GO:0045214),5/29,0.2038759344911514,0.455921519825808,0,0,1.7028403001071812,2.707930947651836,CSRP2;CSRP1;TNNT2;MYOZ1;TTN
GO_Biological_Process_2023,Protein Processing (GO:0016485),16/117,0.2040530333986208,0.4560812491706099,0,0,1.295777223151678,2.059476379231667,MME;MYRF;PTCH1;PCSK9;PCSK5;PRSS12;PHEX;BACE1;THBD;APH1B;CNTN1;CASP1;CTSH;CTSG;MASP1;GGT1
GO_Biological_Process_2023,Protein-Containing Complex Organization (GO:0043933),17/126,0.210763344436046,0.4643913033735622,0,0,1.2757293895798465,1.9863353644705732,MAGI1;CD74;DMTN;PDE4DIP;MITF;LIN7A;SLC9A3R2;TIAM1;APC;TPR;TSPAN4;REPS2;FAS;DMD;PPARGC1A;VAMP2;WASF3
GO_Biological_Process_2023,Positive Regulation Of Exocytosis (GO:0045921),6/37,0.2112593685257786,0.4643913033735622,0,0,1.5820979601518026,2.4596381246797856,PDCD6IP;SYTL4;UNC13D;CFTR;CLASP2;SNCA
GO_Biological_Process_2023,Positive Regulation Of Receptor Signaling Pathway Via JAK-STAT (GO:0046427),6/37,0.2112593685257786,0.4643913033735622,0,0,1.5820979601518026,2.4596381246797856,GHR;IL6;ERBB4;F2R;JAK2;IL7R
GO_Biological_Process_2023,Defense Response To Gram-positive Bacterium (GO:0050830),12/85,0.213306037990895,0.4643913033735622,0,0,1.3442333186036235,2.076877237184775,FGR;IL6;DMBT1;PLA2G1B;RARRES2;CTSG;ANG;DEFA1;LYZ;CAMP;GBP4;HLA-E
GO_Biological_Process_2023,Fc-epsilon Receptor Signaling Pathway (GO:0038095),4/22,0.213500842436403,0.4643913033735622,0,0,1.816141210080604,2.8043299774107284,FER;FCER1G;NR4A3;PRKCQ
GO_Biological_Process_2023,Cellular Response To Topologically Incorrect Protein (GO:0035967),4/22,0.213500842436403,0.4643913033735622,0,0,1.816141210080604,2.8043299774107284,PTPN1;HSPB8;DAB2IP;OPTN
GO_Biological_Process_2023,Negative Regulation Of Cell Communication (GO:0010648),4/22,0.213500842436403,0.4643913033735622,0,0,1.816141210080604,2.8043299774107284,PTPN1;UBASH3B;KIF26A;HHIP
GO_Biological_Process_2023,Negative Regulation Of Macroautophagy (GO:0016242),4/22,0.213500842436403,0.4643913033735622,0,0,1.816141210080604,2.8043299774107284,LRRK2;FEZ1;TMEM39A;NUPR1
GO_Biological_Process_2023,Placenta Development (GO:0001890),4/22,0.213500842436403,0.4643913033735622,0,0,1.816141210080604,2.8043299774107284,IGF2;PDGFB;ANG;PPARG
GO_Biological_Process_2023,Regulation Of Histone Acetylation (GO:0035065),4/22,0.213500842436403,0.4643913033735622,0,0,1.816141210080604,2.8043299774107284,MYOCD;NFYB;NOS1;PPARGC1A
GO_Biological_Process_2023,Cdc42 Protein Signal Transduction (GO:0032488),2/8,0.2143344477108748,0.4643913033735622,0,0,2.7235474006116207,4.1948557611090855,RHOJ;RHOBTB2
GO_Biological_Process_2023,T-helper 17 Cell Differentiation (GO:0072539),2/8,0.2143344477108748,0.4643913033735622,0,0,2.7235474006116207,4.1948557611090855,SOCS3;IL6
GO_Biological_Process_2023,Alcohol Catabolic Process (GO:0046164),2/8,0.2143344477108748,0.4643913033735622,0,0,2.7235474006116207,4.1948557611090855,CYP27A1;SCARF1
GO_Biological_Process_2023,Amyloid-Beta Formation (GO:0034205),2/8,0.2143344477108748,0.4643913033735622,0,0,2.7235474006116207,4.1948557611090855,BACE1;APH1B
GO_Biological_Process_2023,Apoptotic DNA Fragmentation (GO:0006309),2/8,0.2143344477108748,0.4643913033735622,0,0,2.7235474006116207,4.1948557611090855,DNASE2B;DNASE1L3
GO_Biological_Process_2023,Astral Microtubule Organization (GO:0030953),2/8,0.2143344477108748,0.4643913033735622,0,0,2.7235474006116207,4.1948557611090855,TPPP;RAB11A
GO_Biological_Process_2023,Brown Fat Cell Differentiation (GO:0050873),2/8,0.2143344477108748,0.4643913033735622,0,0,2.7235474006116207,4.1948557611090855,PRDM16;PPARGC1A
GO_Biological_Process_2023,Bundle Of His Cell To Purkinje Myocyte Communication (GO:0086069),2/8,0.2143344477108748,0.4643913033735622,0,0,2.7235474006116207,4.1948557611090855,GJA5;TBX5
GO_Biological_Process_2023,Cardioblast Differentiation (GO:0010002),2/8,0.2143344477108748,0.4643913033735622,0,0,2.7235474006116207,4.1948557611090855,MYOCD;TGFB2
GO_Biological_Process_2023,Cell Surface Pattern Recognition Receptor Signaling Pathway (GO:0002752),2/8,0.2143344477108748,0.4643913033735622,0,0,2.7235474006116207,4.1948557611090855,FCN1;FCN3
GO_Biological_Process_2023,Cellular Response To Platelet-Derived Growth Factor Stimulus (GO:0036120),2/8,0.2143344477108748,0.4643913033735622,0,0,2.7235474006116207,4.1948557611090855,HYAL1;PDGFB
GO_Biological_Process_2023,Cellular Response To Sterol Depletion (GO:0071501),2/8,0.2143344477108748,0.4643913033735622,0,0,2.7235474006116207,4.1948557611090855,INSIG1;SREBF2
GO_Biological_Process_2023,Cilium Movement Involved In Cell Motility (GO:0060294),2/8,0.2143344477108748,0.4643913033735622,0,0,2.7235474006116207,4.1948557611090855,TEKT1;RSPH9
GO_Biological_Process_2023,Dehydroascorbic Acid Transport (GO:0070837),2/8,0.2143344477108748,0.4643913033735622,0,0,2.7235474006116207,4.1948557611090855,SLC2A14;SLC2A3
GO_Biological_Process_2023,Embryonic Forelimb Morphogenesis (GO:0035115),2/8,0.2143344477108748,0.4643913033735622,0,0,2.7235474006116207,4.1948557611090855,TBX5;TBX3
GO_Biological_Process_2023,Embryonic Placenta Development (GO:0001892),2/8,0.2143344477108748,0.4643913033735622,0,0,2.7235474006116207,4.1948557611090855,IGF2;PDGFB
GO_Biological_Process_2023,Endothelial Cell Chemotaxis (GO:0035767),2/8,0.2143344477108748,0.4643913033735622,0,0,2.7235474006116207,4.1948557611090855,NR4A1;EGR3
GO_Biological_Process_2023,Glucan Metabolic Process (GO:0044042),2/8,0.2143344477108748,0.4643913033735622,0,0,2.7235474006116207,4.1948557611090855,GSK3B;PPP1R3C
GO_Biological_Process_2023,Intestinal Epithelial Cell Differentiation (GO:0060575),2/8,0.2143344477108748,0.4643913033735622,0,0,2.7235474006116207,4.1948557611090855,GATA6;IL6ST
GO_Biological_Process_2023,Maintenance Of Apical/Basal Cell Polarity (GO:0035090),2/8,0.2143344477108748,0.4643913033735622,0,0,2.7235474006116207,4.1948557611090855,PDCD6IP;LIN7A
GO_Biological_Process_2023,Maintenance Of Epithelial Cell Apical/Basal Polarity (GO:0045199),2/8,0.2143344477108748,0.4643913033735622,0,0,2.7235474006116207,4.1948557611090855,PDCD6IP;LIN7A
GO_Biological_Process_2023,Manganese Ion Transport (GO:0006828),2/8,0.2143344477108748,0.4643913033735622,0,0,2.7235474006116207,4.1948557611090855,SLC11A1;SLC39A8
GO_Biological_Process_2023,Monocyte Activation (GO:0042117),2/8,0.2143344477108748,0.4643913033735622,0,0,2.7235474006116207,4.1948557611090855,HYAL2;FOXP1
GO_Biological_Process_2023,Negative Regulation Of T Cell Cytokine Production (GO:0002725),2/8,0.2143344477108748,0.4643913033735622,0,0,2.7235474006116207,4.1948557611090855,XCL1;SMAD7
GO_Biological_Process_2023,Negative Regulation Of cAMP-mediated Signaling (GO:0043951),2/8,0.2143344477108748,0.4643913033735622,0,0,2.7235474006116207,4.1948557611090855,PDE2A;PDE3B
GO_Biological_Process_2023,Negative Regulation Of Lipase Activity (GO:0060192),2/8,0.2143344477108748,0.4643913033735622,0,0,2.7235474006116207,4.1948557611090855,RGS2;SORT1
GO_Biological_Process_2023,Negative Regulation Of Platelet Aggregation (GO:0090331),2/8,0.2143344477108748,0.4643913033735622,0,0,2.7235474006116207,4.1948557611090855,SH2B3;PRKG1
GO_Biological_Process_2023,Negative Regulation Of Protein-Containing Complex Disassembly (GO:0043242),2/8,0.2143344477108748,0.4643913033735622,0,0,2.7235474006116207,4.1948557611090855,IRAK3;TMEM39A
GO_Biological_Process_2023,Negative Regulation Of Systemic Arterial Blood Pressure (GO:0003085),2/8,0.2143344477108748,0.4643913033735622,0,0,2.7235474006116207,4.1948557611090855,BMPR2;ADRB2
GO_Biological_Process_2023,Neuronal Action Potential (GO:0019228),2/8,0.2143344477108748,0.4643913033735622,0,0,2.7235474006116207,4.1948557611090855,GPER1;KCNMB4
GO_Biological_Process_2023,Neurotransmitter Reuptake (GO:0098810),2/8,0.2143344477108748,0.4643913033735622,0,0,2.7235474006116207,4.1948557611090855,SLC18A2;SLC6A4
GO_Biological_Process_2023,Positive Regulation Of ATP Biosynthetic Process (GO:2001171),2/8,0.2143344477108748,0.4643913033735622,0,0,2.7235474006116207,4.1948557611090855,PID1;PPARGC1A
GO_Biological_Process_2023,"Positive Regulation Of CD8-positive, Alpha-Beta T Cell Activation (GO:2001187)",2/8,0.2143344477108748,0.4643913033735622,0,0,2.7235474006116207,4.1948557611090855,XCL1;HLA-E
GO_Biological_Process_2023,Positive Regulation Of Actin Cytoskeleton Reorganization (GO:2000251),2/8,0.2143344477108748,0.4643913033735622,0,0,2.7235474006116207,4.1948557611090855,HCK;TEK
GO_Biological_Process_2023,Positive Regulation Of Cell-Cell Adhesion Mediated By Cadherin (GO:2000049),2/8,0.2143344477108748,0.4643913033735622,0,0,2.7235474006116207,4.1948557611090855,TJP1;FOXA2
GO_Biological_Process_2023,Positive Regulation Of Epithelial Cell Proliferation Involved In Wound Healing (GO:0060054),2/8,0.2143344477108748,0.4643913033735622,0,0,2.7235474006116207,4.1948557611090855,ODAM;FZD7
GO_Biological_Process_2023,"Regulation Of CD8-positive, Alpha-Beta T Cell Proliferation (GO:2000564)",2/8,0.2143344477108748,0.4643913033735622,0,0,2.7235474006116207,4.1948557611090855,XCL1;HLA-E
GO_Biological_Process_2023,Regulation Of RNA Biosynthetic Process (GO:2001141),2/8,0.2143344477108748,0.4643913033735622,0,0,2.7235474006116207,4.1948557611090855,FCN3;MITF
GO_Biological_Process_2023,Regulation Of T-helper 1 Type Immune Response (GO:0002825),2/8,0.2143344477108748,0.4643913033735622,0,0,2.7235474006116207,4.1948557611090855,SLC11A1;XCL1
GO_Biological_Process_2023,"Regulation Of Wnt Signaling Pathway, Planar Cell Polarity Pathway (GO:2000095)",2/8,0.2143344477108748,0.4643913033735622,0,0,2.7235474006116207,4.1948557611090855,RSPO3;NKD1
GO_Biological_Process_2023,Regulation Of Dendritic Cell Antigen Processing And Presentation (GO:0002604),2/8,0.2143344477108748,0.4643913033735622,0,0,2.7235474006116207,4.1948557611090855,CCL21;SLC11A1
GO_Biological_Process_2023,Regulation Of Glial Cell Proliferation (GO:0060251),2/8,0.2143344477108748,0.4643913033735622,0,0,2.7235474006116207,4.1948557611090855,IL6;PRKCH
GO_Biological_Process_2023,Regulation Of Glucan Biosynthetic Process (GO:0010962),2/8,0.2143344477108748,0.4643913033735622,0,0,2.7235474006116207,4.1948557611090855,PPP1R3C;INPP5K
GO_Biological_Process_2023,Regulation Of Mitotic Sister Chromatid Segregation (GO:0033047),2/8,0.2143344477108748,0.4643913033735622,0,0,2.7235474006116207,4.1948557611090855,DUSP1;USP44
GO_Biological_Process_2023,Regulation Of Podosome Assembly (GO:0071801),2/8,0.2143344477108748,0.4643913033735622,0,0,2.7235474006116207,4.1948557611090855,HCK;GSN
GO_Biological_Process_2023,Regulation Of Type B Pancreatic Cell Development (GO:2000074),2/8,0.2143344477108748,0.4643913033735622,0,0,2.7235474006116207,4.1948557611090855,GSK3B;RFX3
GO_Biological_Process_2023,Response To Leptin (GO:0044321),2/8,0.2143344477108748,0.4643913033735622,0,0,2.7235474006116207,4.1948557611090855,NR4A3;LEPR
GO_Biological_Process_2023,Response To Magnesium Ion (GO:0032026),2/8,0.2143344477108748,0.4643913033735622,0,0,2.7235474006116207,4.1948557611090855,FBP1;SNCA
GO_Biological_Process_2023,Sensory Perception Of Sour Taste (GO:0050915),2/8,0.2143344477108748,0.4643913033735622,0,0,2.7235474006116207,4.1948557611090855,SCNN1G;SCNN1B
GO_Biological_Process_2023,Serotonin Uptake (GO:0051610),2/8,0.2143344477108748,0.4643913033735622,0,0,2.7235474006116207,4.1948557611090855,SLC18A2;SLC6A4
GO_Biological_Process_2023,Sphingosine-1-Phosphate Receptor Signaling Pathway (GO:0003376),2/8,0.2143344477108748,0.4643913033735622,0,0,2.7235474006116207,4.1948557611090855,SPNS2;S1PR1
GO_Biological_Process_2023,Positive Regulation Of Synaptic Transmission (GO:0050806),11/77,0.2150297598795656,0.4652535262248061,0,0,1.3628128358667282,2.094614494863146,RIMS3;CLSTN2;TSHZ3;GPER1;ZDHHC2;SHANK3;AGER;NALCN;ZDHHC3;SHANK2;VAMP2
GO_Biological_Process_2023,Positive Regulation Of Innate Immune Response (GO:0045089),7/45,0.2150557888828749,0.4652535262248061,0,0,1.5058681185722929,2.314305165814379,SPI1;MYO1C;SH2D1B;TLR8;FPR2;PLA2G5;HLA-E
GO_Biological_Process_2023,Zymogen Activation (GO:0031638),7/45,0.2150557888828749,0.4652535262248061,0,0,1.5058681185722929,2.314305165814379,THBD;APOH;CTSH;NLRC4;MASP1;GGT1;PRSS12
GO_Biological_Process_2023,Establishment Of Protein Localization To Membrane (GO:0090150),10/69,0.2163116942964316,0.467736108508717,0,0,1.3858195211786373,2.1217380275159705,REEP1;MYO1C;ARL6;RAB3IP;RDX;ZDHHC2;ZDHHC3;ZDHHC14;RAB11A;SEC63
GO_Biological_Process_2023,Positive Regulation Of NIK/NF-kappaB Signaling (GO:1901224),8/53,0.2166977378499722,0.4683362226141613,0,0,1.453378309312072,2.2225814095208736,NFAT5;MYO1C;RTKN2;TLR4;AGER;TLR3;SASH1;NR3C2
GO_Biological_Process_2023,B Cell Mediated Immunity (GO:0019724),3/15,0.2200761170264258,0.4711550203799871,0,0,2.04290959155576,3.0925193709704653,CD74;FCER1G;TLR8
GO_Biological_Process_2023,Alpha-Beta T Cell Activation (GO:0046631),3/15,0.2200761170264258,0.4711550203799871,0,0,2.04290959155576,3.0925193709704653,RSAD2;NKG7;HLA-E
GO_Biological_Process_2023,Cellular Response To Sterol (GO:0036315),3/15,0.2200761170264258,0.4711550203799871,0,0,2.04290959155576,3.0925193709704653,INSIG1;PTCH1;RORA
GO_Biological_Process_2023,Cellular Response To Zinc Ion (GO:0071294),3/15,0.2200761170264258,0.4711550203799871,0,0,2.04290959155576,3.0925193709704653,MT1M;ZNF658;MT1E
GO_Biological_Process_2023,Epiboly Involved In Wound Healing (GO:0090505),3/15,0.2200761170264258,0.4711550203799871,0,0,2.04290959155576,3.0925193709704653,PDPN;FLNA;CD44
GO_Biological_Process_2023,Negative Regulation Of Epithelial Cell Differentiation (GO:0030857),3/15,0.2200761170264258,0.4711550203799871,0,0,2.04290959155576,3.0925193709704653,NOTCH4;SPRY1;DLL1
GO_Biological_Process_2023,Negative Regulation Of Macrophage Activation (GO:0043031),3/15,0.2200761170264258,0.4711550203799871,0,0,2.04290959155576,3.0925193709704653,SYT11;LDLR;CX3CL1
GO_Biological_Process_2023,Negative Regulation Of Protein Processing (GO:0010955),3/15,0.2200761170264258,0.4711550203799871,0,0,2.04290959155576,3.0925193709704653,PRNP;LRRK2;GAS1
GO_Biological_Process_2023,Nitric Oxide Biosynthetic Process (GO:0006809),3/15,0.2200761170264258,0.4711550203799871,0,0,2.04290959155576,3.0925193709704653,CYB5B;CYB5R3;NOS1
GO_Biological_Process_2023,Polyol Biosynthetic Process (GO:0046173),3/15,0.2200761170264258,0.4711550203799871,0,0,2.04290959155576,3.0925193709704653,CYP27A1;ITPKB;FGF2
GO_Biological_Process_2023,Positive Regulation Of Transmembrane Transport (GO:0034764),3/15,0.2200761170264258,0.4711550203799871,0,0,2.04290959155576,3.0925193709704653,NR4A3;CA2;ANO6
GO_Biological_Process_2023,Regulation Of Rac Protein Signal Transduction (GO:0035020),3/15,0.2200761170264258,0.4711550203799871,0,0,2.04290959155576,3.0925193709704653,ARHGAP44;RASGRF1;ARHGAP24
GO_Biological_Process_2023,Regulation Of Amyloid Fibril Formation (GO:1905906),3/15,0.2200761170264258,0.4711550203799871,0,0,2.04290959155576,3.0925193709704653,CLU;CRYAB;LDLR
GO_Biological_Process_2023,Regulation Of Amyloid-Beta Clearance (GO:1900221),3/15,0.2200761170264258,0.4711550203799871,0,0,2.04290959155576,3.0925193709704653,MYOCD;LRP1;CLU
GO_Biological_Process_2023,Regulation Of Dephosphorylation (GO:0035303),3/15,0.2200761170264258,0.4711550203799871,0,0,2.04290959155576,3.0925193709704653,PPP1R16B;MTMR9;INPP5K
GO_Biological_Process_2023,Regulation Of Intrinsic Apoptotic Signaling Pathway In Response To DNA Damage (GO:1902229),3/15,0.2200761170264258,0.4711550203799871,0,0,2.04290959155576,3.0925193709704653,CXCL12;NACC2;CLU
GO_Biological_Process_2023,Regulation Of Multicellular Organism Growth (GO:0040014),3/15,0.2200761170264258,0.4711550203799871,0,0,2.04290959155576,3.0925193709704653,GHR;PTCH1;MFSD2A
GO_Biological_Process_2023,Regulation Of Systemic Arterial Blood Pressure By Hormone (GO:0001990),3/15,0.2200761170264258,0.4711550203799871,0,0,2.04290959155576,3.0925193709704653,EDN1;ENPEP;AGTR1
GO_Biological_Process_2023,Retrograde Axonal Transport (GO:0008090),3/15,0.2200761170264258,0.4711550203799871,0,0,2.04290959155576,3.0925193709704653,DST;TMEM108;KIF1C
GO_Biological_Process_2023,Sphingolipid Metabolic Process (GO:0006665),13/94,0.2224368410908328,0.4759729331423077,0,0,1.3124384565909075,1.9727420956517243,B3GALNT1;PPM1L;SPNS2;SGMS2;PPP2CA;GALC;SPTLC3;ALDH3B1;ENPP2;SERINC1;PRKD1;ST6GALNAC3;ST6GALNAC6
GO_Biological_Process_2023,Embryonic Skeletal System Morphogenesis (GO:0048704),5/30,0.2243249329911066,0.4788261180957548,0,0,1.6346348185576485,2.443222762196895,PDGFRA;HOXA3;FGFR2;HOXA4;TGFBR2
GO_Biological_Process_2023,Negative Regulation Of Interleukin-1 Production (GO:0032692),5/30,0.2243249329911066,0.4788261180957548,0,0,1.6346348185576485,2.443222762196895,CX3CR1;CARD16;GAS6;CX3CL1;CD33
GO_Biological_Process_2023,Positive Regulation Of Interleukin-10 Production (GO:0032733),5/30,0.2243249329911066,0.4788261180957548,0,0,1.6346348185576485,2.443222762196895,IL6;TSLP;XCL1;HMGB1;TLR4
GO_Biological_Process_2023,Positive Regulation Of Phosphate Metabolic Process (GO:0045937),5/30,0.2243249329911066,0.4788261180957548,0,0,1.6346348185576485,2.443222762196895,FZD7;ANG;ITGA6;PTH1R;SNCA
GO_Biological_Process_2023,Response To Epidermal Growth Factor (GO:0070849),5/30,0.2243249329911066,0.4788261180957548,0,0,1.6346348185576485,2.443222762196895,EEF1A1;ZFP36;TPR;INPP5K;ZFP36L2
GO_Biological_Process_2023,Organonitrogen Compound Catabolic Process (GO:1901565),11/78,0.2274802538919623,0.4853211941659464,0,0,1.3423967220553152,1.9876758729772392,BCHE;ENPEP;CPQ;ERAP1;ENPP2;DAB2IP;DENND3;PLA2G5;CYP3A5;TRHDE;NAALADL1
GO_Biological_Process_2023,Connective Tissue Development (GO:0061448),6/38,0.2295003620670013,0.4885205977704715,0,0,1.532571231617647,2.25571599691256,HYAL1;HYAL2;ZBTB16;SOX6;CD44;SOX5
GO_Biological_Process_2023,Positive Regulation Of Cation Channel Activity (GO:2001259),6/38,0.2295003620670013,0.4885205977704715,0,0,1.532571231617647,2.25571599691256,EDNRA;EDN1;STAC;ANK2;ANK3;CALM1
GO_Biological_Process_2023,Regulation Of Intracellular Transport (GO:0032386),6/38,0.2295003620670013,0.4885205977704715,0,0,1.532571231617647,2.25571599691256,PTPN1;MAP2;LRRK2;WWC1;GAS1;CRYAB
GO_Biological_Process_2023,Regulation Of Cellular Biosynthetic Process (GO:0031326),10/70,0.2295458230487757,0.4885205977704715,0,0,1.362645794966237,2.005341233461007,CX3CR1;JADE1;PDK4;SIRPA;MITF;CD47;JAK2;FOXO3;FGFR4;CES1
GO_Biological_Process_2023,Sensory Organ Development (GO:0007423),10/70,0.2295458230487757,0.4885205977704715,0,0,1.362645794966237,2.005341233461007,RS1;TGFB2;MEIS1;CPAMD8;SHROOM2;GATA3;CHRDL1;MEIS2;FREM2;PBX1
GO_Biological_Process_2023,Regulation Of T Cell Activation (GO:0050863),9/62,0.2311124599453289,0.491612310066062,0,0,1.3882642030407488,2.03359999415342,CD4;CRTAM;SIRPA;CTSG;PRKCQ;CD47;HLA-DOA;SIRPB1;HLA-DPA1
GO_Biological_Process_2023,Regulation Of Cytokine Production Involved In Inflammatory Response (GO:1900015),7/46,0.2316222500274453,0.4919693066527824,0,0,1.467173592690834,2.145957738950952,IL6;ALOX5;APLP2;SIRPA;APOD;IL17D;TLR4
GO_Biological_Process_2023,Regulation Of Epidermal Growth Factor Receptor Signaling Pathway (GO:0042058),7/46,0.2316222500274453,0.4919693066527824,0,0,1.467173592690834,2.145957738950952,FER;HIP1;GPER1;MVB12B;ITGA1;DAB2IP;CDH13
GO_Biological_Process_2023,Response To Glucose (GO:0009749),7/46,0.2316222500274453,0.4919693066527824,0,0,1.467173592690834,2.145957738950952,TCF7L2;GPER1;ZBTB20;PRKACA;GAS6;VAMP2;ZBED3
GO_Biological_Process_2023,Negative Regulation Of Neuron Projection Development (GO:0010977),8/54,0.2319356938668368,0.4923927470384988,0,0,1.421703131874725,2.0775278591413837,EFNB2;KANK1;DCC;RUFY3;PTPRO;PTEN;TNR;LRP4
GO_Biological_Process_2023,Adaptive Immune Response Based On Somatic Recombination Of Immune Receptors Built From Immunoglobulin Superfamily Domains (GO:0002460),4/23,0.2378061328762133,0.5026303964220064,0,0,1.720458170218936,2.471093218255641,JAG1;BTN3A3;C4BPA;TLR4
GO_Biological_Process_2023,Glial Cell Development (GO:0021782),4/23,0.2378061328762133,0.5026303964220064,0,0,1.720458170218936,2.471093218255641,CDK6;MYRF;TPPP;DLL1
GO_Biological_Process_2023,Negative Regulation Of Neuron Differentiation (GO:0045665),4/23,0.2378061328762133,0.5026303964220064,0,0,1.720458170218936,2.471093218255641,GSK3B;HEY1;CNTN4;DLL1
GO_Biological_Process_2023,Negative Regulation Of Protein Depolymerization (GO:1901880),4/23,0.2378061328762133,0.5026303964220064,0,0,1.720458170218936,2.471093218255641,PLEKHH2;NAV3;MID1IP1;CLASP2
GO_Biological_Process_2023,Positive Regulation Of Lamellipodium Assembly (GO:0010592),4/23,0.2378061328762133,0.5026303964220064,0,0,1.720458170218936,2.471093218255641,ACTR3;PLCE1;PIK3R1;WASF2
GO_Biological_Process_2023,Positive Regulation Of Morphogenesis Of An Epithelium (GO:1905332),4/23,0.2378061328762133,0.5026303964220064,0,0,1.720458170218936,2.471093218255641,BMP4;GJA1;MMRN2;FGF2
GO_Biological_Process_2023,Positive Regulation Of Neutrophil Migration (GO:1902624),4/23,0.2378061328762133,0.5026303964220064,0,0,1.720458170218936,2.471093218255641,CD74;CCL21;DAPK2;XCL1
GO_Biological_Process_2023,Regulation Of Interleukin-4 Production (GO:0032673),4/23,0.2378061328762133,0.5026303964220064,0,0,1.720458170218936,2.471093218255641,FCER1G;PRKCQ;GATA3;HLA-E
GO_Biological_Process_2023,Regulation Of Myotube Differentiation (GO:0010830),4/23,0.2378061328762133,0.5026303964220064,0,0,1.720458170218936,2.471093218255641,DMPK;BDNF;TMEM119;RBM24
GO_Biological_Process_2023,Protein Homooligomerization (GO:0051260),17/129,0.239854229830066,0.5067111384956264,0,0,1.2413477400197954,1.7723018563443282,STEAP4;PDCD6IP;SCARA5;APLP2;PRF1;AQP4;NLRC4;SAMHD1;CLU;ACACB;EHD1;RS1;PEG10;NACC2;ALDH1A2;ALOX5AP;KCNJ2
GO_Biological_Process_2023,Negative Regulation Of Cellular Component Organization (GO:0051129),11/79,0.2402053827445809,0.5072047122923733,0,0,1.3225810821795323,1.8863457641580963,GSK3B;MCTP1;SYT11;RDX;IRAK3;PRKD1;HSPA2;CLU;CRYAB;EPHA3;BMP6
GO_Biological_Process_2023,Antigen Processing And Presentation Of Exogenous Peptide Antigen (GO:0002478),5/31,0.2453477590465368,0.5160433372538269,0,0,1.5716759125119253,2.208328269686228,FCER1G;CTSF;HLA-DOA;HLA-DPA1;HLA-E
GO_Biological_Process_2023,Glutamine Family Amino Acid Metabolic Process (GO:0009064),5/31,0.2453477590465368,0.5160433372538269,0,0,1.5716759125119253,2.208328269686228,SLC39A8;GGT1;RIMKLA;RIMKLB;ART4
GO_Biological_Process_2023,Modulation Of Excitatory Postsynaptic Potential (GO:0098815),5/31,0.2453477590465368,0.5160433372538269,0,0,1.5716759125119253,2.208328269686228,NLGN4X;LRRK2;PTEN;TMEM108;SHANK3
GO_Biological_Process_2023,Organic Cation Transport (GO:0015695),5/31,0.2453477590465368,0.5160433372538269,0,0,1.5716759125119253,2.208328269686228,SLC22A4;SEC14L1;SLC44A1;SLC44A2;SLC19A3
GO_Biological_Process_2023,Positive Regulation Of Rho Protein Signal Transduction (GO:0035025),5/31,0.2453477590465368,0.5160433372538269,0,0,1.5716759125119253,2.208328269686228,AKAP13;F2R;ARHGEF3;ARRB1;GPR4
GO_Biological_Process_2023,Positive Regulation Of Leukocyte Migration (GO:0002687),5/31,0.2453477590465368,0.5160433372538269,0,0,1.5716759125119253,2.208328269686228,IL6;XCL1;PTN;LYVE1;JAM3
GO_Biological_Process_2023,Positive Regulation Of Proteolysis Involved In Protein Catabolic Process (GO:1903052),5/31,0.2453477590465368,0.5160433372538269,0,0,1.5716759125119253,2.208328269686228,ECSCR;PTEN;DAB2IP;NUPR1;CLU
GO_Biological_Process_2023,Regulation Of Macrophage Activation (GO:0043030),5/31,0.2453477590465368,0.5160433372538269,0,0,1.5716759125119253,2.208328269686228,CEBPA;CD74;IL33;IL6;TLR4
GO_Biological_Process_2023,G1/S Transition Of Mitotic Cell Cycle (GO:0000082),9/63,0.2455870993912715,0.5160437784677351,0,0,1.362478907807946,1.913061554360712,TRIM71;PPP6C;KLF11;CCND2;LATS2;CDK6;CCND1;CUL3;CDK14
GO_Biological_Process_2023,Regulation Of Cellular Catabolic Process (GO:0031329),9/63,0.2455870993912715,0.5160437784677351,0,0,1.362478907807946,1.913061554360712,DRAM1;DAPK1;LRRK2;LAMP3;DAPK2;DAPK3;WAC;PIK3C3;NUPR1
GO_Biological_Process_2023,Inorganic Cation Transmembrane Transport (GO:0098662),35/284,0.2459750743192295,0.516607504020338,0,0,1.1502273649792465,1.6132227179862109,KCNE1;SLC24A3;KCNA5;CACNA1D;ATP1A2;CACNA1C;SLC4A4;CLU;NALCN;SLC8A1;AQP1;SLC6A4;ATP6V0A2;KCNN2;SLC39A8;KCNJ2;MCOLN3;SLC12A4;TRPC6;SCARA5;KCNJ8;SLC11A1;TRPC1;SLC30A4;SLC6A13;TRPV2;ANO6;ABCC9;FKBP1A;SCNN1G;SCNN1B;SLC9A9;GAS6;SCN4B;KCNK3
GO_Biological_Process_2023,Phosphatidylcholine Metabolic Process (GO:0046470),8/55,0.2475349228930185,0.5166292946032784,0,0,1.391375834328329,1.9426439548660008,SLC44A1;SLC44A2;PLA2G1B;PLA2G4C;ENPP2;CHPT1;PLA2G5;MFSD2A
GO_Biological_Process_2023,Response To Peptide Hormone (GO:0043434),8/55,0.2475349228930185,0.5166292946032784,0,0,1.391375834328329,1.9426439548660008,TGFBR3;ANXA1;IGFBP5;SORT1;GPER1;CAV1;GNAI1;ZBED3
GO_Biological_Process_2023,Negative Regulation Of Protein Secretion (GO:0050709),6/39,0.2482154733529758,0.5166292946032784,0,0,1.4860461229946524,2.070742956354426,SFRP1;RAB11FIP1;RSAD2;F2R;ADTRP;FOXO1
GO_Biological_Process_2023,Positive Regulation Of Intrinsic Apoptotic Signaling Pathway (GO:2001244),6/39,0.2482154733529758,0.5166292946032784,0,0,1.4860461229946524,2.070742956354426,NACC2;CAV1;MSX1;NUPR1;S100A8;NCK1
GO_Biological_Process_2023,Positive Regulation Of Lipid Biosynthetic Process (GO:0046889),6/39,0.2482154733529758,0.5166292946032784,0,0,1.4860461229946524,2.070742956354426,KAT2B;MID1IP1;ZBTB20;SORBS1;LDLR;MFSD2A
GO_Biological_Process_2023,Cognition (GO:0050890),7/47,0.2485970621627611,0.5166292946032784,0,0,1.4304137931034482,1.9910243097185203,TUSC3;C5AR1;FAM107A;MGAT3;SOBP;SHROOM4;MFSD2A
GO_Biological_Process_2023,Positive Regulation Of Plasma Membrane Bounded Cell Projection Assembly (GO:0120034),12/88,0.2493639361134265,0.5166292946032784,0,0,1.2909531894251758,1.792929827205272,ACTR3;P2RY12;GSK3B;DOCK11;GPM6A;CCL21;APC;PALM;PLCE1;PIK3R1;WASF2;TAPT1
GO_Biological_Process_2023,Dephosphorylation (GO:0016311),19/147,0.2503491259042014,0.5166292946032784,0,0,1.2139895399907537,1.681252695638174,PTPN1;PPM1L;EPHX2;PTPRO;PTEN;PTPRM;PPM1D;PTPN13;MTMR6;PPM1F;PTPRG;PTPRD;PPP2CA;PPP6C;PPM1A;PTPRB;INPP5K;ALPL;FBP1
GO_Biological_Process_2023,acetyl-CoA Metabolic Process (GO:0006084),3/16,0.2504532543987794,0.5166292946032784,0,0,1.8856567938715716,2.6106597467730563,HMGCS1;HMGCS2;ACACB
GO_Biological_Process_2023,Antifungal Innate Immune Response (GO:0061760),3/16,0.2504532543987794,0.5166292946032784,0,0,1.8856567938715716,2.6106597467730563,CX3CR1;RARRES2;CLEC4E
GO_Biological_Process_2023,Apoptotic Nuclear Changes (GO:0030262),3/16,0.2504532543987794,0.5166292946032784,0,0,1.8856567938715716,2.6106597467730563,DNASE2B;GPER1;DNASE1L3
GO_Biological_Process_2023,Autonomic Nervous System Development (GO:0048483),3/16,0.2504532543987794,0.5166292946032784,0,0,1.8856567938715716,2.6106597467730563,EDNRB;KIF26A;GATA3
GO_Biological_Process_2023,Cell Surface Toll-Like Receptor Signaling Pathway (GO:0140895),3/16,0.2504532543987794,0.5166292946032784,0,0,1.8856567938715716,2.6106597467730563,MYO1C;TRIL;TLR4
GO_Biological_Process_2023,Extrinsic Apoptotic Signaling Pathway In Absence Of Ligand (GO:0097192),3/16,0.2504532543987794,0.5166292946032784,0,0,1.8856567938715716,2.6106597467730563,GSK3B;FAS;BCL2L2
GO_Biological_Process_2023,Intracellular Cholesterol Transport (GO:0032367),3/16,0.2504532543987794,0.5166292946032784,0,0,1.8856567938715716,2.6106597467730563,STARD4;LDLR;ABCG1
GO_Biological_Process_2023,Negative Regulation Of ATP-dependent Activity (GO:0032780),3/16,0.2504532543987794,0.5166292946032784,0,0,1.8856567938715716,2.6106597467730563,PXK;PLN;TNNT2
GO_Biological_Process_2023,Negative Regulation Of Inflammatory Response To Antigenic Stimulus (GO:0002862),3/16,0.2504532543987794,0.5166292946032784,0,0,1.8856567938715716,2.6106597467730563,FGR;HCK;FYN
GO_Biological_Process_2023,Negative Regulation Of Natural Killer Cell Mediated Cytotoxicity (GO:0045953),3/16,0.2504532543987794,0.5166292946032784,0,0,1.8856567938715716,2.6106597467730563,TGFB1;KLRD1;HLA-E
GO_Biological_Process_2023,Nitric Oxide Metabolic Process (GO:0046209),3/16,0.2504532543987794,0.5166292946032784,0,0,1.8856567938715716,2.6106597467730563,CYB5B;CYB5R3;NOS1
GO_Biological_Process_2023,Oligodendrocyte Development (GO:0014003),3/16,0.2504532543987794,0.5166292946032784,0,0,1.8856567938715716,2.6106597467730563,MYRF;TPPP;GPM6B
GO_Biological_Process_2023,Phosphatidylinositol Dephosphorylation (GO:0046856),3/16,0.2504532543987794,0.5166292946032784,0,0,1.8856567938715716,2.6106597467730563,PTEN;INPP5K;MTMR6
GO_Biological_Process_2023,Positive Regulation Of Stem Cell Proliferation (GO:2000648),3/16,0.2504532543987794,0.5166292946032784,0,0,1.8856567938715716,2.6106597467730563,GJA1;LTBP2;FERMT2
GO_Biological_Process_2023,Prostanoid Metabolic Process (GO:0006692),3/16,0.2504532543987794,0.5166292946032784,0,0,1.8856567938715716,2.6106597467730563,HPGDS;HPGD;CES1
GO_Biological_Process_2023,Protein Localization To Endoplasmic Reticulum (GO:0070972),3/16,0.2504532543987794,0.5166292946032784,0,0,1.8856567938715716,2.6106597467730563,PPP1R15A;VAPA;LRRK2
GO_Biological_Process_2023,Regulation Of B Cell Receptor Signaling Pathway (GO:0050855),3/16,0.2504532543987794,0.5166292946032784,0,0,1.8856567938715716,2.6106597467730563,PRKCH;PRKCB;FOXP1
GO_Biological_Process_2023,Regulation Of Establishment Of Endothelial Barrier (GO:1903140),3/16,0.2504532543987794,0.5166292946032784,0,0,1.8856567938715716,2.6106597467730563,CDH5;CLDN5;VCL
GO_Biological_Process_2023,Regulation Of Protein Kinase C Signaling (GO:0090036),3/16,0.2504532543987794,0.5166292946032784,0,0,1.8856567938715716,2.6106597467730563,FLT4;MYADM;GPD1L
GO_Biological_Process_2023,Regulation Of Response To Cytokine Stimulus (GO:0060759),3/16,0.2504532543987794,0.5166292946032784,0,0,1.8856567938715716,2.6106597467730563,KLF4;SH2B3;MAP2K5
GO_Biological_Process_2023,Reverse Cholesterol Transport (GO:0043691),3/16,0.2504532543987794,0.5166292946032784,0,0,1.8856567938715716,2.6106597467730563,CLU;ABCG1;CES1
GO_Biological_Process_2023,Ruffle Organization (GO:0031529),3/16,0.2504532543987794,0.5166292946032784,0,0,1.8856567938715716,2.6106597467730563,CCL21;INPP5K;AIF1L
GO_Biological_Process_2023,Regulation Of Protein Catabolic Process (GO:0042176),16/122,0.2545812760709969,0.5166292946032784,0,0,1.234307217895782,1.6886990760094924,GSK3B;TNFSF12;RDX;DAB2IP;MSN;C4BPA;IRAK3;ZDHHC2;FOXO1;NKD1;EEF1A1;APC;NEDD4;GPC3;FLNA;PRKACA
GO_Biological_Process_2023,B Cell Homeostasis (GO:0001782),2/9,0.2567585349684968,0.5166292946032784,0,0,2.334338138925295,3.1738109258849514,DOCK11;MEF2C
GO_Biological_Process_2023,T-helper 1 Type Immune Response (GO:0042088),2/9,0.2567585349684968,0.5166292946032784,0,0,2.334338138925295,3.1738109258849514,HMGB1;TLR4
GO_Biological_Process_2023,Wnt Signaling Pathway Involved In Midbrain Dopaminergic Neuron Differentiation (GO:1904953),2/9,0.2567585349684968,0.5166292946032784,0,0,2.334338138925295,3.1738109258849514,FZD1;WNT2
GO_Biological_Process_2023,Amino Sugar Metabolic Process (GO:0006040),2/9,0.2567585349684968,0.5166292946032784,0,0,2.334338138925295,3.1738109258849514,CSGALNACT1;ST3GAL1
GO_Biological_Process_2023,cAMP Biosynthetic Process (GO:0006171),2/9,0.2567585349684968,0.5166292946032784,0,0,2.334338138925295,3.1738109258849514,ADCY9;ADCY4
GO_Biological_Process_2023,cGMP Biosynthetic Process (GO:0006182),2/9,0.2567585349684968,0.5166292946032784,0,0,2.334338138925295,3.1738109258849514,NPR1;NPR2
GO_Biological_Process_2023,Cell Differentiation In Spinal Cord (GO:0021515),2/9,0.2567585349684968,0.5166292946032784,0,0,2.334338138925295,3.1738109258849514,SOX13;SOX6
GO_Biological_Process_2023,Cellular Response To Oxidised Low-Density Lipoprotein Particle Stimulus (GO:0140052),2/9,0.2567585349684968,0.5166292946032784,0,0,2.334338138925295,3.1738109258849514,CD36;TLR4
GO_Biological_Process_2023,Chondroitin Sulfate Proteoglycan Metabolic Process (GO:0050654),2/9,0.2567585349684968,0.5166292946032784,0,0,2.334338138925295,3.1738109258849514,CSGALNACT1;DSEL
GO_Biological_Process_2023,Dopamine Transport (GO:0015872),2/9,0.2567585349684968,0.5166292946032784,0,0,2.334338138925295,3.1738109258849514,SLC18A2;TGM2
GO_Biological_Process_2023,Epithelial Cilium Movement Involved In Determination Of Left/Right Asymmetry (GO:0060287),2/9,0.2567585349684968,0.5166292946032784,0,0,2.334338138925295,3.1738109258849514,CCDC39;RFX3
GO_Biological_Process_2023,Ether Lipid Biosynthetic Process (GO:0008611),2/9,0.2567585349684968,0.5166292946032784,0,0,2.334338138925295,3.1738109258849514,PLA2G4C;CHPT1
GO_Biological_Process_2023,Forelimb Morphogenesis (GO:0035136),2/9,0.2567585349684968,0.5166292946032784,0,0,2.334338138925295,3.1738109258849514,TBX5;TBX3
GO_Biological_Process_2023,Intestinal Cholesterol Absorption (GO:0030299),2/9,0.2567585349684968,0.5166292946032784,0,0,2.334338138925295,3.1738109258849514,CD36;LDLR
GO_Biological_Process_2023,Iron Ion Transmembrane Transport (GO:0034755),2/9,0.2567585349684968,0.5166292946032784,0,0,2.334338138925295,3.1738109258849514,SCARA5;SLC39A8
GO_Biological_Process_2023,Lipid Import Into Cell (GO:0140354),2/9,0.2567585349684968,0.5166292946032784,0,0,2.334338138925295,3.1738109258849514,SPX;CD36
GO_Biological_Process_2023,Long-Chain Fatty Acid Import Into Cell (GO:0044539),2/9,0.2567585349684968,0.5166292946032784,0,0,2.334338138925295,3.1738109258849514,SPX;CD36
GO_Biological_Process_2023,Microtubule Anchoring (GO:0034453),2/9,0.2567585349684968,0.5166292946032784,0,0,2.334338138925295,3.1738109258849514,BICD2;CLASP2
GO_Biological_Process_2023,Muscle Cell Fate Commitment (GO:0042693),2/9,0.2567585349684968,0.5166292946032784,0,0,2.334338138925295,3.1738109258849514,MEF2C;TBX2
GO_Biological_Process_2023,Negative Regulation Of Cell Adhesion Mediated By Integrin (GO:0033629),2/9,0.2567585349684968,0.5166292946032784,0,0,2.334338138925295,3.1738109258849514,PDE3B;JAM3
GO_Biological_Process_2023,Negative Regulation Of Extracellular Matrix Organization (GO:1903054),2/9,0.2567585349684968,0.5166292946032784,0,0,2.334338138925295,3.1738109258849514,TGFB1;EMILIN1
GO_Biological_Process_2023,Negative Regulation Of Hormone Secretion (GO:0046888),2/9,0.2567585349684968,0.5166292946032784,0,0,2.334338138925295,3.1738109258849514,GJA1;RAB11FIP1
GO_Biological_Process_2023,Negative Regulation Of Lipid Localization (GO:1905953),2/9,0.2567585349684968,0.5166292946032784,0,0,2.334338138925295,3.1738109258849514,IL6;PPARG
GO_Biological_Process_2023,Negative Regulation Of Lymphocyte Apoptotic Process (GO:0070229),2/9,0.2567585349684968,0.5166292946032784,0,0,2.334338138925295,3.1738109258849514,PRKCQ;FOXP1
GO_Biological_Process_2023,Negative Regulation Of Phosphatidylinositol 3-Kinase Signaling (GO:0014067),2/9,0.2567585349684968,0.5166292946032784,0,0,2.334338138925295,3.1738109258849514,PIK3IP1;PTEN
GO_Biological_Process_2023,Negative Regulation Of Protein Autophosphorylation (GO:0031953),2/9,0.2567585349684968,0.5166292946032784,0,0,2.334338138925295,3.1738109258849514,CAV1;ENG
GO_Biological_Process_2023,Negative Regulation Of Toll-Like Receptor 4 Signaling Pathway (GO:0034144),2/9,0.2567585349684968,0.5166292946032784,0,0,2.334338138925295,3.1738109258849514,DAB2IP;LILRA2
GO_Biological_Process_2023,Negative Regulation Of Transforming Growth Factor Beta Production (GO:0071635),2/9,0.2567585349684968,0.5166292946032784,0,0,2.334338138925295,3.1738109258849514,TYROBP;GATA6
GO_Biological_Process_2023,Neuron Projection Regeneration (GO:0031102),2/9,0.2567585349684968,0.5166292946032784,0,0,2.334338138925295,3.1738109258849514,PTN;FOLR1
GO_Biological_Process_2023,Nucleoside Metabolic Process (GO:0009116),2/9,0.2567585349684968,0.5166292946032784,0,0,2.334338138925295,3.1738109258849514,MACROD2;NME5
GO_Biological_Process_2023,Peptidyl-Cysteine Modification (GO:0018198),2/9,0.2567585349684968,0.5166292946032784,0,0,2.334338138925295,3.1738109258849514,NOS1;S100A8
GO_Biological_Process_2023,Positive Regulation Of ATP Metabolic Process (GO:1903580),2/9,0.2567585349684968,0.5166292946032784,0,0,2.334338138925295,3.1738109258849514,PID1;PPARGC1A
GO_Biological_Process_2023,Positive Regulation Of Leukocyte Apoptotic Process (GO:2000108),2/9,0.2567585349684968,0.5166292946032784,0,0,2.334338138925295,3.1738109258849514,MEF2C;RAPGEF2
GO_Biological_Process_2023,Positive Regulation Of Mesenchymal Cell Proliferation (GO:0002053),2/9,0.2567585349684968,0.5166292946032784,0,0,2.334338138925295,3.1738109258849514,FGFR2;TGFBR2
GO_Biological_Process_2023,"Positive Regulation Of Phagocytosis, Engulfment (GO:0060100)",2/9,0.2567585349684968,0.5166292946032784,0,0,2.334338138925295,3.1738109258849514,APLP2;ANO6
GO_Biological_Process_2023,Positive Regulation Of Protein Kinase A Signaling (GO:0010739),2/9,0.2567585349684968,0.5166292946032784,0,0,2.334338138925295,3.1738109258849514,RAMP3;ADRB2
GO_Biological_Process_2023,Positive Regulation Of Skeletal Muscle Tissue Development (GO:0048643),2/9,0.2567585349684968,0.5166292946032784,0,0,2.334338138925295,3.1738109258849514,MEF2C;DLL1
GO_Biological_Process_2023,Positive Regulation Of Vascular Endothelial Growth Factor Receptor Signaling Pathway (GO:0030949),2/9,0.2567585349684968,0.5166292946032784,0,0,2.334338138925295,3.1738109258849514,PRKCB;ITGA5
GO_Biological_Process_2023,Protein Localization To Microtubule (GO:0035372),2/9,0.2567585349684968,0.5166292946032784,0,0,2.334338138925295,3.1738109258849514,MAPRE2;MID2
GO_Biological_Process_2023,Protein Localization To Microtubule Cytoskeleton (GO:0072698),2/9,0.2567585349684968,0.5166292946032784,0,0,2.334338138925295,3.1738109258849514,MAPRE2;MID2
GO_Biological_Process_2023,Receptor Guanylyl Cyclase Signaling Pathway (GO:0007168),2/9,0.2567585349684968,0.5166292946032784,0,0,2.334338138925295,3.1738109258849514,NPR1;NPR2
GO_Biological_Process_2023,"Regulation Of CD4-positive, Alpha-Beta T Cell Proliferation (GO:2000561)",2/9,0.2567585349684968,0.5166292946032784,0,0,2.334338138925295,3.1738109258849514,XCL1;TGFBR2
GO_Biological_Process_2023,"Regulation Of CD8-positive, Alpha-Beta T Cell Activation (GO:2001185)",2/9,0.2567585349684968,0.5166292946032784,0,0,2.334338138925295,3.1738109258849514,CRTAM;HLA-E
GO_Biological_Process_2023,Regulation Of ER To Golgi Vesicle-Mediated Transport (GO:0060628),2/9,0.2567585349684968,0.5166292946032784,0,0,2.334338138925295,3.1738109258849514,PGAP1;LRRK2
GO_Biological_Process_2023,Regulation Of Actin Filament-Based Movement (GO:1903115),2/9,0.2567585349684968,0.5166292946032784,0,0,2.334338138925295,3.1738109258849514,PLN;PDPN
GO_Biological_Process_2023,Regulation Of Bile Acid Biosynthetic Process (GO:0070857),2/9,0.2567585349684968,0.5166292946032784,0,0,2.334338138925295,3.1738109258849514,STARD4;FGFR4
GO_Biological_Process_2023,Regulation Of Cellular Response To Oxidative Stress (GO:1900407),2/9,0.2567585349684968,0.5166292946032784,0,0,2.334338138925295,3.1738109258849514,ALOX5;FBLN5
GO_Biological_Process_2023,Regulation Of Complement Activation (GO:0030449),2/9,0.2567585349684968,0.5166292946032784,0,0,2.334338138925295,3.1738109258849514,CFH;CD59
GO_Biological_Process_2023,Regulation Of Leukocyte Mediated Cytotoxicity (GO:0001910),2/9,0.2567585349684968,0.5166292946032784,0,0,2.334338138925295,3.1738109258849514,KLRB1;DNASE1L3
GO_Biological_Process_2023,Regulation Of Mast Cell Activation (GO:0033003),2/9,0.2567585349684968,0.5166292946032784,0,0,2.334338138925295,3.1738109258849514,TSLP;CD300LF
GO_Biological_Process_2023,Regulation Of Mast Cell Activation Involved In Immune Response (GO:0033006),2/9,0.2567585349684968,0.5166292946032784,0,0,2.334338138925295,3.1738109258849514,FER;UNC13D
GO_Biological_Process_2023,Regulation Of Natural Killer Cell Proliferation (GO:0032817),2/9,0.2567585349684968,0.5166292946032784,0,0,2.334338138925295,3.1738109258849514,JAK2;HLA-E
GO_Biological_Process_2023,Regulation Of Phospholipid Metabolic Process (GO:1903725),2/9,0.2567585349684968,0.5166292946032784,0,0,2.334338138925295,3.1738109258849514,MTMR9;MFSD2A
GO_Biological_Process_2023,Regulation Of Sequestering Of Calcium Ion (GO:0051282),2/9,0.2567585349684968,0.5166292946032784,0,0,2.334338138925295,3.1738109258849514,UBASH3B;FKBP1B
GO_Biological_Process_2023,Regulation Of Tau-Protein Kinase Activity (GO:1902947),2/9,0.2567585349684968,0.5166292946032784,0,0,2.334338138925295,3.1738109258849514,EGR1;CLU
GO_Biological_Process_2023,Response To Interleukin-4 (GO:0070670),2/9,0.2567585349684968,0.5166292946032784,0,0,2.334338138925295,3.1738109258849514,XCL1;GATA3
GO_Biological_Process_2023,Serotonin Transport (GO:0006837),2/9,0.2567585349684968,0.5166292946032784,0,0,2.334338138925295,3.1738109258849514,SLC18A2;SLC6A4
GO_Biological_Process_2023,Skeletal Muscle Tissue Regeneration (GO:0043403),2/9,0.2567585349684968,0.5166292946032784,0,0,2.334338138925295,3.1738109258849514,ANXA1;CFLAR
GO_Biological_Process_2023,"Wound Healing, Spreading Of Epidermal Cells (GO:0035313)",2/9,0.2567585349684968,0.5166292946032784,0,0,2.334338138925295,3.1738109258849514,ITGA5;ARHGAP24
GO_Biological_Process_2023,Organic Anion Transport (GO:0015711),12/89,0.2618532307440134,0.5251763196149507,0,0,1.2741157460051469,1.7072783034197476,SLC2A14;SLCO3A1;SLCO2B1;CA4;SLCO2A1;SLCO4C1;SLC2A3;SLC39A8;SLC4A4;CFTR;SLC25A25;ABCG2
GO_Biological_Process_2023,Regulation Of Vesicle-Mediated Transport (GO:0060627),12/89,0.2618532307440134,0.5251763196149507,0,0,1.2741157460051469,1.7072783034197476,RAB21;PTPN1;HIP1;LRRK2;LGI3;STON1;CDH13;GAS1;STON2;VAMP2;RAB11A;RAB8B
GO_Biological_Process_2023,Sensory Perception Of Mechanical Stimulus (GO:0050954),12/89,0.2618532307440134,0.5251763196149507,0,0,1.2741157460051469,1.7072783034197476,CLIC5;KCNE1;USP53;WFS1;SPNS2;COL4A3;PIEZO2;DCDC2;ROR1;CACNA1D;CDC14A;CCDC50
GO_Biological_Process_2023,Sodium Ion Transport (GO:0006814),12/89,0.2618532307440134,0.5251763196149507,0,0,1.2741157460051469,1.7072783034197476,SCNN1G;SLC24A3;SCNN1B;SLC6A13;SCN7A;ATP1A2;SLC4A4;SCN4B;NALCN;SLC8A1;SLC6A4;SCN1A
GO_Biological_Process_2023,ERK1 And ERK2 Cascade (GO:0070371),4/24,0.2627098410678125,0.5251763196149507,0,0,1.6343434343434344,2.184635239388708,PTGER4;KDR;CTSH;ZFP36L2
GO_Biological_Process_2023,Acylglycerol Catabolic Process (GO:0046464),4/24,0.2627098410678125,0.5251763196149507,0,0,1.6343434343434344,2.184635239388708,PNPLA4;ABHD6;MGLL;GPIHBP1
GO_Biological_Process_2023,Cell Morphogenesis Involved In Differentiation (GO:0000904),4/24,0.2627098410678125,0.5251763196149507,0,0,1.6343434343434344,2.184635239388708,MEF2C;SPI1;ARL13B;RILPL2
GO_Biological_Process_2023,Gliogenesis (GO:0042063),4/24,0.2627098410678125,0.5251763196149507,0,0,1.6343434343434344,2.184635239388708,TGFB2;ANXA1;CDK6;NFIB
GO_Biological_Process_2023,Iron Ion Transport (GO:0006826),4/24,0.2627098410678125,0.5251763196149507,0,0,1.6343434343434344,2.184635239388708,SCARA5;TFRC;HEPH;SLC11A1
GO_Biological_Process_2023,Mononuclear Cell Differentiation (GO:1903131),4/24,0.2627098410678125,0.5251763196149507,0,0,1.6343434343434344,2.184635239388708,BMP4;PPARG;GAS6;CLU
GO_Biological_Process_2023,Negative Regulation Of Ossification (GO:0030279),4/24,0.2627098410678125,0.5251763196149507,0,0,1.6343434343434344,2.184635239388708,MEF2C;SFRP1;LRP4;SMAD6
GO_Biological_Process_2023,Positive Regulation Of Interleukin-17 Production (GO:0032740),4/24,0.2627098410678125,0.5251763196149507,0,0,1.6343434343434344,2.184635239388708,IL6;TGFB1;PRKCQ;JAK2
GO_Biological_Process_2023,Regulation Of Neuroblast Proliferation (GO:1902692),4/24,0.2627098410678125,0.5251763196149507,0,0,1.6343434343434344,2.184635239388708,CX3CR1;LRRK2;PTN;CX3CL1
GO_Biological_Process_2023,Regulation Of Supramolecular Fiber Organization (GO:1902903),4/24,0.2627098410678125,0.5251763196149507,0,0,1.6343434343434344,2.184635239388708,AKAP13;CSF3;EFEMP2;MAP2
GO_Biological_Process_2023,Pattern Recognition Receptor Signaling Pathway (GO:0002221),8/56,0.2634607661334452,0.5261900354613371,0,0,1.3623121741796995,1.8171212068328169,FCN1;FCN3;CASP1;TLR8;NLRC4;CLEC4E;TLR4;TLR3
GO_Biological_Process_2023,Regulation Of Reactive Oxygen Species Metabolic Process (GO:2000377),8/56,0.2634607661334452,0.5261900354613371,0,0,1.3623121741796995,1.8171212068328169,PDGFRB;BST1;PID1;ALOX5;AGTR1;PDGFB;TGFBR2;SNCA
GO_Biological_Process_2023,Oligosaccharide Metabolic Process (GO:0009311),7/48,0.2659348506767572,0.5308856686035542,0,0,1.3954471544715448,1.848275229692451,ST8SIA1;B3GALT2;ST3GAL6;ST6GALNAC3;FUT1;ST6GALNAC5;ST6GALNAC6
GO_Biological_Process_2023,Negative Regulation Of NF-kappaB Transcription Factor Activity (GO:0032088),11/81,0.2664061221678662,0.5314834896002876,0,0,1.2846482858458907,1.699247142873484,TCEAL7;SPI1;PTGIS;LRRK2;DAB2IP;ARRB1;IRAK3;KLF4;MTURN;MAP2K5;CMKLR1
GO_Biological_Process_2023,Cellular Nitrogen Compound Biosynthetic Process (GO:0044271),5/32,0.2668536533092505,0.5314834896002876,0,0,1.5133806291362562,1.9992588741931447,CYB5B;CYB5R3;SPTLC3;NOS1;SULT1A2
GO_Biological_Process_2023,Phosphatidylinositol 3-Kinase Signaling (GO:0014065),5/32,0.2668536533092505,0.5314834896002876,0,0,1.5133806291362562,1.9992588741931447,FCGR3A;EDN1;PTEN;GATA3;PIK3R1
GO_Biological_Process_2023,Regulation Of Natural Killer Cell Mediated Cytotoxicity (GO:0042269),5/32,0.2668536533092505,0.5314834896002876,0,0,1.5133806291362562,1.9992588741931447,KLRB1;CADM1;CRTAM;KLRD1;HLA-E
GO_Biological_Process_2023,Transition Metal Ion Transport (GO:0000041),5/32,0.2668536533092505,0.5314834896002876,0,0,1.5133806291362562,1.9992588741931447,TFRC;HEPH;SLC31A2;SLC11A1;SLC39A8
GO_Biological_Process_2023,Cyclic-Nucleotide-Mediated Signaling (GO:0019935),6/40,0.267342598684482,0.5314834896002876,0,0,1.442257785467128,1.9026615202843904,GUCY1A2;PDE2A;RAPGEF2;CD36;PDE7B;AQP1
GO_Biological_Process_2023,Positive Regulation Of Insulin Secretion (GO:0032024),6/40,0.267342598684482,0.5314834896002876,0,0,1.442257785467128,1.9026615202843904,TCF7L2;ANO1;GPER1;ACSL4;MYRIP;CFTR
GO_Biological_Process_2023,Protein Localization To Cilium (GO:0061512),6/40,0.267342598684482,0.5314834896002876,0,0,1.442257785467128,1.9026615202843904,TUB;EHD1;ARL6;IFT140;ZNF423;CC2D2A
GO_Biological_Process_2023,Retinoid Metabolic Process (GO:0001523),6/40,0.267342598684482,0.5314834896002876,0,0,1.442257785467128,1.9026615202843904,LRP1;ADH1B;CYP4V2;RARRES2;ALDH1A2;ALDH1A1
GO_Biological_Process_2023,Phosphatidylinositol Biosynthetic Process (GO:0006661),13/98,0.2693719931686126,0.5352714192061382,0,0,1.250394597673094,1.640095054312258,TTC7B;PTEN;PIK3R3;PIK3R1;FGF2;EFR3B;MTMR6;SOCS2;ITPKB;SOCS3;INPP5K;PIP5K1B;PIK3C3
GO_Biological_Process_2023,Monocarboxylic Acid Transport (GO:0015718),10/73,0.2709441665499607,0.5381477325493007,0,0,1.2975386594171123,1.6943811357090202,RBP7;FABP4;FABP5;SLCO2B1;SLC6A13;SLC51B;SLC27A3;MFSD2A;SLC16A5;ABCG2
GO_Biological_Process_2023,Positive Regulation Of DNA Biosynthetic Process (GO:2000573),9/65,0.2754031108961548,0.546501069713933,0,0,1.313671027545855,1.6940042710768082,PDGFRB;HMBOX1;RGCC;HGF;PDGFB;PRKCQ;KLF4;FGFR4;FGF2
GO_Biological_Process_2023,Regulation Of Tyrosine Phosphorylation Of STAT Protein (GO:0042509),9/65,0.2754031108961548,0.546501069713933,0,0,1.313671027545855,1.6940042710768082,GHR;PPP2CA;SOCS3;IL6;TSLP;ERBB4;JAK2;IL6ST;SH2B3
GO_Biological_Process_2023,Phosphorylation (GO:0016310),51/429,0.2770759502068824,0.5495679232963716,0,0,1.1041838916076363,1.4171798567719922,ACVRL1;GSK3B;DGKE;BMPR2;GMFG;LRRK2;LIMD1;HK3;AKT3;PDK4;CTSG;PRKACA;JAK2;ROS1;PRKG1;PRKCH;DAPK1;PRKCB;DAPK2;PRKCE;DAPK3;IRAK3;TGFBR2;FGR;HCK;LATS2;PEAK1;PRKCQ;PIK3C3;ERG;TNIK;SIK2;GAS6;TRIB1;TRIB2;EPHA3;CDKL1;PXK;PDGFB;GRK5;MKNK2;FYN;TGFB2;TGFB1;DMPK;SNRK;BMP2;FER;CDK6;CDK14;FGFR1
GO_Biological_Process_2023,Monoatomic Anion Transport (GO:0006820),8/57,0.2796777306847588,0.5537874143679853,0,0,1.3344347858738712,1.7002264470953108,CLIC5;CLIC4;CLIC3;CLCN4;FXYD3;FXYD1;ANO6;ANO5
GO_Biological_Process_2023,Myeloid Cell Differentiation (GO:0030099),8/57,0.2796777306847588,0.5537874143679853,0,0,1.3344347858738712,1.7002264470953108,CEBPA;CDKN2B;SNRK;SPI1;TAL1;ZBTB16;CFLAR;JAK2
GO_Biological_Process_2023,Sodium Ion Transmembrane Transport (GO:0035725),11/82,0.2798434382985562,0.5537874143679853,0,0,1.26648328478471,1.6128981013552326,SCNN1G;SLC24A3;SCNN1B;SLC9A9;SLC6A13;ATP1A2;SLC4A4;SCN4B;NALCN;SLC8A1;SLC6A4
GO_Biological_Process_2023,Rac Protein Signal Transduction (GO:0016601),3/17,0.2813845689779869,0.5537874143679853,0,0,1.7508686815708383,2.2201592186011005,TIAM1;ELMO1;CDH13
GO_Biological_Process_2023,T Cell Migration (GO:0072678),3/17,0.2813845689779869,0.5537874143679853,0,0,1.7508686815708383,2.2201592186011005,S1PR1;MSN;DEFA1
GO_Biological_Process_2023,Embryonic Axis Specification (GO:0000578),3/17,0.2813845689779869,0.5537874143679853,0,0,1.7508686815708383,2.2201592186011005,PTCH1;SMAD6;TBX3
GO_Biological_Process_2023,Embryonic Digit Morphogenesis (GO:0042733),3/17,0.2813845689779869,0.5537874143679853,0,0,1.7508686815708383,2.2201592186011005,MSX1;TBX3;TBX2
GO_Biological_Process_2023,Megakaryocyte Differentiation (GO:0030219),3/17,0.2813845689779869,0.5537874143679853,0,0,1.7508686815708383,2.2201592186011005,TAL1;FLNA;SH2B3
GO_Biological_Process_2023,Negative Regulation Of Fibroblast Proliferation (GO:0048147),3/17,0.2813845689779869,0.5537874143679853,0,0,1.7508686815708383,2.2201592186011005,SKI;SFRP1;DAB2IP
GO_Biological_Process_2023,Negative Regulation Of Leukocyte Activation (GO:0002695),3/17,0.2813845689779869,0.5537874143679853,0,0,1.7508686815708383,2.2201592186011005,GPER1;CD300LF;CD33
GO_Biological_Process_2023,Positive Regulation Of Lymphocyte Chemotaxis (GO:0140131),3/17,0.2813845689779869,0.5537874143679853,0,0,1.7508686815708383,2.2201592186011005,CCL21;NEDD9;XCL1
GO_Biological_Process_2023,Positive Regulation Of Macrophage Activation (GO:0043032),3/17,0.2813845689779869,0.5537874143679853,0,0,1.7508686815708383,2.2201592186011005,CEBPA;IL33;TLR4
GO_Biological_Process_2023,Postsynaptic Membrane Organization (GO:0001941),3/17,0.2813845689779869,0.5537874143679853,0,0,1.7508686815708383,2.2201592186011005,NLGN4X;LRP4;SHANK3
GO_Biological_Process_2023,Regulation Of Inflammatory Response To Antigenic Stimulus (GO:0002861),3/17,0.2813845689779869,0.5537874143679853,0,0,1.7508686815708383,2.2201592186011005,FGR;HCK;FYN
GO_Biological_Process_2023,Regulation Of Mitotic Cell Cycle Spindle Assembly Checkpoint (GO:0090266),3/17,0.2813845689779869,0.5537874143679853,0,0,1.7508686815708383,2.2201592186011005,DUSP1;USP44;TPR
GO_Biological_Process_2023,Response To Acidic pH (GO:0010447),3/17,0.2813845689779869,0.5537874143679853,0,0,1.7508686815708383,2.2201592186011005,SCNN1G;SCNN1B;GPR4
GO_Biological_Process_2023,Sensory Perception Of Taste (GO:0050909),3/17,0.2813845689779869,0.5537874143679853,0,0,1.7508686815708383,2.2201592186011005,SCNN1G;SCNN1B;CD36
GO_Biological_Process_2023,Erythrocyte Differentiation (GO:0030218),7/49,0.2835894435444653,0.5576182407006434,0,0,1.3621455938697318,1.7166136198090176,TGFBR3;DMTN;TAL1;ID2;CFLAR;JAK2;SH2B3
GO_Biological_Process_2023,Regulation Of Mitotic Metaphase/Anaphase Transition (GO:0030071),7/49,0.2835894435444653,0.5576182407006434,0,0,1.3621455938697318,1.7166136198090176,SMARCE1;DUSP1;USP44;HECW2;CUL3;RIOK2;SMARCA2
GO_Biological_Process_2023,Regulation Of Cell Cycle G1/S Phase Transition (GO:1902806),10/74,0.2852329798294045,0.5605945086264617,0,0,1.277192679558011,1.602173028050902,PPP2CA;SMARCE1;MN1;CDKN2B;APC;APLP2;SUSD2;ID2;PTEN;SMARCA2
GO_Biological_Process_2023,Monoatomic Cation Transmembrane Transport (GO:0098655),34/281,0.2860983599998922,0.5620393817749362,0,0,1.1260149729717503,1.4091172196865571,KCNE1;SLC24A3;KCNA5;CACNA1D;ATP1A2;CACNA1C;SLC4A4;CLU;NALCN;SLC8A1;SLC6A4;ATP6V0A2;KCNN2;SLC39A8;KCNJ2;MCOLN3;SLC12A4;TRPC6;SCARA5;KCNJ8;SLC11A1;TRPC1;SLC30A4;SLC6A13;TRPV2;ANO6;ABCC9;FKBP1A;SCNN1G;SCNN1B;SLC9A9;GAS6;SCN4B;KCNK3
GO_Biological_Process_2023,Acylglycerol Metabolic Process (GO:0006639),6/41,0.2868190838967847,0.562431243116094,0,0,1.4009716386554625,1.7496785674067945,DGKE;APOH;CAV1;APOBR;ABHD6;MGLL
GO_Biological_Process_2023,Cellular Response To Retinoic Acid (GO:0071300),6/41,0.2868190838967847,0.562431243116094,0,0,1.4009716386554625,1.7496785674067945,GSK3B;FZD4;FZD7;WNT2;EPHA3;AQP1
GO_Biological_Process_2023,Negative Regulation Of Proteolysis (GO:0045861),6/41,0.2868190838967847,0.562431243116094,0,0,1.4009716386554625,1.7496785674067945,PRNP;CSTA;LRRK2;TIMP2;TIMP3;GAS1
GO_Biological_Process_2023,Stem Cell Differentiation (GO:0048863),6/41,0.2868190838967847,0.562431243116094,0,0,1.4009716386554625,1.7496785674067945,GPM6A;MEF2C;TGFB2;SFRP1;FOXO4;FGFR2
GO_Biological_Process_2023,Cellular Response To Hexose Stimulus (GO:0071331),4/25,0.2880680551105204,0.563089549754079,0,0,1.5564301018846474,1.9370683507685291,GPER1;ZBTB20;PRKACA;GAS6
GO_Biological_Process_2023,Negative Regulation Of Intrinsic Apoptotic Signaling Pathway In Response To DNA Damage (GO:1902230),4/25,0.2880680551105204,0.563089549754079,0,0,1.5564301018846474,1.9370683507685291,CD74;CXCL12;CLU;CD44
GO_Biological_Process_2023,Negative Regulation Of Lipid Biosynthetic Process (GO:0051055),4/25,0.2880680551105204,0.563089549754079,0,0,1.5564301018846474,1.9370683507685291,BMP2;ACADL;GPER1;BMP5
GO_Biological_Process_2023,Negative Regulation Of Response To Endoplasmic Reticulum Stress (GO:1903573),4/25,0.2880680551105204,0.563089549754079,0,0,1.5564301018846474,1.9370683507685291,PTPN1;WFS1;LRRK2;CLU
GO_Biological_Process_2023,Negative Regulation Of Signaling Receptor Activity (GO:2000272),4/25,0.2880680551105204,0.563089549754079,0,0,1.5564301018846474,1.9370683507685291,RAMP3;GPRC5A;CNRIP1;PPARG
GO_Biological_Process_2023,Negative Regulation Of Smoothened Signaling Pathway (GO:0045879),4/25,0.2880680551105204,0.563089549754079,0,0,1.5564301018846474,1.9370683507685291,HHIP;PTCH1;GPR161;GPC3
GO_Biological_Process_2023,Sodium Ion Homeostasis (GO:0055078),4/25,0.2880680551105204,0.563089549754079,0,0,1.5564301018846474,1.9370683507685291,SCNN1G;SCNN1B;ATP1A2;SLC8A1
GO_Biological_Process_2023,Positive Regulation Of DNA Binding (GO:0043388),5/33,0.2887521986819479,0.5631515994176625,0,0,1.4592492945731348,1.8126596318569144,SKI;TGFB1;PPARG;GATA3;HMGB1
GO_Biological_Process_2023,Positive Regulation Of Small Molecule Metabolic Process (GO:0062013),5/33,0.2887521986819479,0.5631515994176625,0,0,1.4592492945731348,1.8126596318569144,STARD4;PRKCE;ZBTB20;SLC4A4;CES1
GO_Biological_Process_2023,Regulation Of G0 To G1 Transition (GO:0070316),5/33,0.2887521986819479,0.5631515994176625,0,0,1.4592492945731348,1.8126596318569144,SMARCE1;CDKN2B;DAB2IP;FOXO4;SMARCA2
GO_Biological_Process_2023,Regulation Of Activated T Cell Proliferation (GO:0046006),5/33,0.2887521986819479,0.5631515994176625,0,0,1.4592492945731348,1.8126596318569144,CD274;PRNP;CRTAM;IGF2;HMGB1
GO_Biological_Process_2023,Regulation Of Amyloid-Beta Formation (GO:1902003),5/33,0.2887521986819479,0.5631515994176625,0,0,1.4592492945731348,1.8126596318569144,NTRK2;PRNP;RTN1;CLU;ABCG1
GO_Biological_Process_2023,Regulation Of Cell Division (GO:0051302),11/83,0.2934790030600018,0.5705375303054505,0,0,1.2488228670863402,1.5309933724956697,KAT2B;TAL1;SUSD2;KIF13A;TXNIP;PIK3C3;KLHL13;CALM1;DLL1;RAB11A;FGFR2
GO_Biological_Process_2023,Positive Regulation Of Type II Interferon Production (GO:0032729),8/58,0.2961497534920161,0.5705375303054505,0,0,1.307672493100276,1.591293617573918,SLC11A1;CRTAM;TLR8;JAK2;TLR4;TLR3;IL18R1;HLA-DPA1
GO_Biological_Process_2023,Cellular Response To Starvation (GO:0009267),16/126,0.2980582360331252,0.5705375303054505,0,0,1.1891547049441786,1.4394318012272784,GABARAPL1;BMPR2;LRRK2;PCSK9;FOXO3;FOXO1;SREBF2;SFRP1;MAP1LC3C;SESN1;LAMP2;PDK4;FAS;PIK3C3;PRKD1;MFSD2A
GO_Biological_Process_2023,Rap Protein Signal Transduction (GO:0032486),2/10,0.2992810399934059,0.5705375303054505,0,0,2.0424311926605503,2.4639322397582943,RAP1A;RAPGEF2
GO_Biological_Process_2023,T-helper Cell Lineage Commitment (GO:0002295),2/10,0.2992810399934059,0.5705375303054505,0,0,2.0424311926605503,2.4639322397582943,SOCS3;IL6
GO_Biological_Process_2023,calcineurin-NFAT Signaling Cascade (GO:0033173),2/10,0.2992810399934059,0.5705375303054505,0,0,2.0424311926605503,2.4639322397582943,NFAT5;NFATC3
GO_Biological_Process_2023,Cellular Response To Forskolin (GO:1904322),2/10,0.2992810399934059,0.5705375303054505,0,0,2.0424311926605503,2.4639322397582943,CFTR;GNAI1
GO_Biological_Process_2023,Cellular Response To Interleukin-12 (GO:0071349),2/10,0.2992810399934059,0.5705375303054505,0,0,2.0424311926605503,2.4639322397582943,SIRPA;JAK2
GO_Biological_Process_2023,Columnar/Cuboidal Epithelial Cell Differentiation (GO:0002065),2/10,0.2992810399934059,0.5705375303054505,0,0,2.0424311926605503,2.4639322397582943,GATA6;ROS1
GO_Biological_Process_2023,Copper Ion Transport (GO:0006825),2/10,0.2992810399934059,0.5705375303054505,0,0,2.0424311926605503,2.4639322397582943,STEAP4;SLC31A2
GO_Biological_Process_2023,Establishment Of Epithelial Cell Apical/Basal Polarity (GO:0045198),2/10,0.2992810399934059,0.5705375303054505,0,0,2.0424311926605503,2.4639322397582943,MSN;MYO9A
GO_Biological_Process_2023,Hematopoietic Stem Cell Proliferation (GO:0071425),2/10,0.2992810399934059,0.5705375303054505,0,0,2.0424311926605503,2.4639322397582943,WNT2B;CD34
GO_Biological_Process_2023,Induction Of Positive Chemotaxis (GO:0050930),2/10,0.2992810399934059,0.5705375303054505,0,0,2.0424311926605503,2.4639322397582943,CXCL12;VEGFC
GO_Biological_Process_2023,Insulin-Like Growth Factor Receptor Signaling Pathway (GO:0048009),2/10,0.2992810399934059,0.5705375303054505,0,0,2.0424311926605503,2.4639322397582943,GHR;PIK3R1
GO_Biological_Process_2023,Mast Cell Activation Involved In Immune Response (GO:0002279),2/10,0.2992810399934059,0.5705375303054505,0,0,2.0424311926605503,2.4639322397582943,NR4A3;FCER1A
GO_Biological_Process_2023,Mast Cell Degranulation (GO:0043303),2/10,0.2992810399934059,0.5705375303054505,0,0,2.0424311926605503,2.4639322397582943,NR4A3;FCER1A
GO_Biological_Process_2023,Mesonephros Development (GO:0001823),2/10,0.2992810399934059,0.5705375303054505,0,0,2.0424311926605503,2.4639322397582943,ZBTB16;GATA3
GO_Biological_Process_2023,Monoamine Transport (GO:0015844),2/10,0.2992810399934059,0.5705375303054505,0,0,2.0424311926605503,2.4639322397582943,SLC18A2;SLC6A4
GO_Biological_Process_2023,Negative Regulation Of B Cell Proliferation (GO:0030889),2/10,0.2992810399934059,0.5705375303054505,0,0,2.0424311926605503,2.4639322397582943,TYROBP;MNDA
GO_Biological_Process_2023,Negative Regulation Of Exocytosis (GO:0045920),2/10,0.2992810399934059,0.5705375303054505,0,0,2.0424311926605503,2.4639322397582943,STXBP6;SNCA
GO_Biological_Process_2023,Negative Regulation Of Hydrogen Peroxide-Induced Cell Death (GO:1903206),2/10,0.2992810399934059,0.5705375303054505,0,0,2.0424311926605503,2.4639322397582943,HGF;LRRK2
GO_Biological_Process_2023,Negative Regulation Of Interleukin-17 Production (GO:0032700),2/10,0.2992810399934059,0.5705375303054505,0,0,2.0424311926605503,2.4639322397582943,PRNP;TLR4
GO_Biological_Process_2023,Negative Regulation Of Lymphocyte Migration (GO:2000402),2/10,0.2992810399934059,0.5705375303054505,0,0,2.0424311926605503,2.4639322397582943,LRCH1;APOD
GO_Biological_Process_2023,Negative Regulation Of Natural Killer Cell Mediated Immunity (GO:0002716),2/10,0.2992810399934059,0.5705375303054505,0,0,2.0424311926605503,2.4639322397582943,KLRD1;HLA-E
GO_Biological_Process_2023,Negative Regulation Of Nuclear Division (GO:0051784),2/10,0.2992810399934059,0.5705375303054505,0,0,2.0424311926605503,2.4639322397582943,BMP4;TOM1L2
GO_Biological_Process_2023,Negative Regulation Of Transmembrane Transport (GO:0034763),2/10,0.2992810399934059,0.5705375303054505,0,0,2.0424311926605503,2.4639322397582943,PRKCB;INPP5K
GO_Biological_Process_2023,Nuclear Pore Complex Assembly (GO:0051292),2/10,0.2992810399934059,0.5705375303054505,0,0,2.0424311926605503,2.4639322397582943,FXR1;TPR
GO_Biological_Process_2023,Phenol-Containing Compound Biosynthetic Process (GO:0046189),2/10,0.2992810399934059,0.5705375303054505,0,0,2.0424311926605503,2.4639322397582943,TRPC1;TYRP1
GO_Biological_Process_2023,Positive Regulation Of Actin Filament Depolymerization (GO:0030836),2/10,0.2992810399934059,0.5705375303054505,0,0,2.0424311926605503,2.4639322397582943,SEMA5A;CFL2
GO_Biological_Process_2023,Positive Regulation Of Interleukin-13 Production (GO:0032736),2/10,0.2992810399934059,0.5705375303054505,0,0,2.0424311926605503,2.4639322397582943,TSLP;HLA-E
GO_Biological_Process_2023,Positive Regulation Of Protein Depolymerization (GO:1901881),2/10,0.2992810399934059,0.5705375303054505,0,0,2.0424311926605503,2.4639322397582943,SEMA5A;NES
GO_Biological_Process_2023,Progesterone Receptor Signaling Pathway (GO:0050847),2/10,0.2992810399934059,0.5705375303054505,0,0,2.0424311926605503,2.4639322397582943,NEDD4;PGR
GO_Biological_Process_2023,Prostaglandin Transport (GO:0015732),2/10,0.2992810399934059,0.5705375303054505,0,0,2.0424311926605503,2.4639322397582943,SLCO3A1;SLCO2A1
GO_Biological_Process_2023,Receptor-Mediated Endocytosis Of Virus By Host Cell (GO:0019065),2/10,0.2992810399934059,0.5705375303054505,0,0,2.0424311926605503,2.4639322397582943,CAV2;CAV1
GO_Biological_Process_2023,Regulation Of Amyloid Precursor Protein Biosynthetic Process (GO:0042984),2/10,0.2992810399934059,0.5705375303054505,0,0,2.0424311926605503,2.4639322397582943,NECAB1;ITM2A
GO_Biological_Process_2023,Regulation Of Axon Regeneration (GO:0048679),2/10,0.2992810399934059,0.5705375303054505,0,0,2.0424311926605503,2.4639322397582943,PTN;SCARF1
GO_Biological_Process_2023,Regulation Of Biosynthetic Process (GO:0009889),2/10,0.2992810399934059,0.5705375303054505,0,0,2.0424311926605503,2.4639322397582943,MID1IP1;SNCA
GO_Biological_Process_2023,Regulation Of Cardiac Muscle Cell Apoptotic Process (GO:0010665),2/10,0.2992810399934059,0.5705375303054505,0,0,2.0424311926605503,2.4639322397582943,NUPR1;ENG
GO_Biological_Process_2023,Regulation Of Coagulation (GO:0050818),2/10,0.2992810399934059,0.5705375303054505,0,0,2.0424311926605503,2.4639322397582943,F2R;FOXA2
GO_Biological_Process_2023,Regulation Of Cysteine-Type Endopeptidase Activity Involved In Apoptotic Signaling Pathway (GO:2001267),2/10,0.2992810399934059,0.5705375303054505,0,0,2.0424311926605503,2.4639322397582943,GSN;FAS
GO_Biological_Process_2023,Regulation Of Dendritic Cell Differentiation (GO:2001198),2/10,0.2992810399934059,0.5705375303054505,0,0,2.0424311926605503,2.4639322397582943,HMGB1;LILRB2
GO_Biological_Process_2023,Regulation Of Glycoprotein Biosynthetic Process (GO:0010559),2/10,0.2992810399934059,0.5705375303054505,0,0,2.0424311926605503,2.4639322397582943,NECAB1;CCL21
GO_Biological_Process_2023,Regulation Of Long-Term Neuronal Synaptic Plasticity (GO:0048169),2/10,0.2992810399934059,0.5705375303054505,0,0,2.0424311926605503,2.4639322397582943,SYNGR1;SHANK3
GO_Biological_Process_2023,Regulation Of Low-Density Lipoprotein Particle Clearance (GO:0010988),2/10,0.2992810399934059,0.5705375303054505,0,0,2.0424311926605503,2.4639322397582943,PCSK9;LDLR
GO_Biological_Process_2023,Regulation Of Microtubule Nucleation (GO:0010968),2/10,0.2992810399934059,0.5705375303054505,0,0,2.0424311926605503,2.4639322397582943,MECP2;PDE4DIP
GO_Biological_Process_2023,"Regulation Of Phagocytosis, Engulfment (GO:0060099)",2/10,0.2992810399934059,0.5705375303054505,0,0,2.0424311926605503,2.4639322397582943,APLP2;ANO6
GO_Biological_Process_2023,Regulation Of Programmed Necrotic Cell Death (GO:0062098),2/10,0.2992810399934059,0.5705375303054505,0,0,2.0424311926605503,2.4639322397582943,CFLAR;NUPR1
GO_Biological_Process_2023,Regulation Of Synapse Maturation (GO:0090128),2/10,0.2992810399934059,0.5705375303054505,0,0,2.0424311926605503,2.4639322397582943,ARHGEF15;DAB2IP
GO_Biological_Process_2023,Regulation Of Toll-Like Receptor 9 Signaling Pathway (GO:0034163),2/10,0.2992810399934059,0.5705375303054505,0,0,2.0424311926605503,2.4639322397582943,RSAD2;HMGB1
GO_Biological_Process_2023,Response To Forskolin (GO:1904321),2/10,0.2992810399934059,0.5705375303054505,0,0,2.0424311926605503,2.4639322397582943,CFTR;GNAI1
GO_Biological_Process_2023,Thyroid Hormone Generation (GO:0006590),2/10,0.2992810399934059,0.5705375303054505,0,0,2.0424311926605503,2.4639322397582943,DUOX1;CPQ
GO_Biological_Process_2023,Intracellular Iron Ion Homeostasis (GO:0006879),7/50,0.3015142601671672,0.5742875317217537,0,0,1.330392943063352,1.59505860984203,NDFIP1;TFRC;SCARA5;SLC11A1;ATP6V0A2;CYBRD1;BMP6
GO_Biological_Process_2023,Regulation Of Mitochondrion Organization (GO:0010821),7/50,0.3015142601671672,0.5742875317217537,0,0,1.330392943063352,1.59505860984203,GSK3B;PID1;LRRK2;PDE2A;FKBP8;PPARGC1A;SREBF2
GO_Biological_Process_2023,Organic Hydroxy Compound Biosynthetic Process (GO:1901617),6/42,0.306582326840935,0.5831684983012232,0,0,1.3619791666666667,1.6102256882904082,CYP27A1;CYP39A1;OSBPL6;FAXDC2;MSMO1;ALOX15B
GO_Biological_Process_2023,Positive Regulation Of Neuron Differentiation (GO:0045666),6/42,0.306582326840935,0.5831684983012232,0,0,1.3619791666666667,1.6102256882904082,HEYL;MEF2C;BMP2;TCF4;NBL1;FGFR1
GO_Biological_Process_2023,Stress-Activated MAPK Cascade (GO:0051403),6/42,0.306582326840935,0.5831684983012232,0,0,1.3619791666666667,1.6102256882904082,PTGER4;ZFP36;LRRK2;SH2D3C;TNFRSF19;TRIB1
GO_Biological_Process_2023,Microtubule Polymerization (GO:0046785),5/34,0.3109543141977471,0.5899681664882792,0,0,1.408851155497125,1.6456921050420217,TPPP3;SLAIN2;MAP4;TPPP;CLASP2
GO_Biological_Process_2023,Negative Regulation Of Cell Cycle Process (GO:0010948),5/34,0.3109543141977471,0.5899681664882792,0,0,1.408851155497125,1.6456921050420217,BMP4;TOM1L2;GPER1;DAB2IP;FOXO4
GO_Biological_Process_2023,Organophosphate Biosynthetic Process (GO:0090407),5/34,0.3109543141977471,0.5899681664882792,0,0,1.408851155497125,1.6456921050420217,ITPKB;MOCS2;TPK1;FGF2;DDR2
GO_Biological_Process_2023,Positive Regulation Of Organelle Organization (GO:0010638),5/34,0.3109543141977471,0.5899681664882792,0,0,1.408851155497125,1.6456921050420217,GSK3B;ANXA1;PLA2G5;PPARGC1A;SORBS3
GO_Biological_Process_2023,Regulation Of JNK Cascade (GO:0046328),14/110,0.3118410044010168,0.5899681664882792,0,0,1.192093327183272,1.3891008428356857,GADD45B;CCL21;FZD7;FLT4;TNFRSF19;DAB2IP;HMGB1;MTURN;TGFBR3;SH3RF3;RASSF2;SIRPA;TNIK;TLR3
GO_Biological_Process_2023,Antigen Processing And Presentation Of Peptide Antigen Via MHC Class I (GO:0002474),3/18,0.3126175154677235,0.5899681664882792,0,0,1.6340523175768702,1.900034907412101,ACE;FCER1G;ERAP1
GO_Biological_Process_2023,Cellular Response To Inorganic Substance (GO:0071241),3/18,0.3126175154677235,0.5899681664882792,0,0,1.6340523175768702,1.900034907412101,SPIDR;FOXO1;AQP1
GO_Biological_Process_2023,Excitatory Postsynaptic Potential (GO:0060079),3/18,0.3126175154677235,0.5899681664882792,0,0,1.6340523175768702,1.900034907412101,GSK3B;MEF2C;LRRK2
GO_Biological_Process_2023,Membrane Repolarization (GO:0086009),3/18,0.3126175154677235,0.5899681664882792,0,0,1.6340523175768702,1.900034907412101,KCNE1;ATP1A2;KCNJ2
GO_Biological_Process_2023,Positive Regulation Of Cytokine Production Involved In Inflammatory Response (GO:1900017),3/18,0.3126175154677235,0.5899681664882792,0,0,1.6340523175768702,1.900034907412101,IL6;IL17D;TLR4
GO_Biological_Process_2023,Positive Regulation Of Nervous System Process (GO:0031646),3/18,0.3126175154677235,0.5899681664882792,0,0,1.6340523175768702,1.900034907412101,EGR2;MYRF;TPPP
GO_Biological_Process_2023,Positive Regulation Of Osteoclast Differentiation (GO:0045672),3/18,0.3126175154677235,0.5899681664882792,0,0,1.6340523175768702,1.900034907412101,TYROBP;NEDD9;TMEM64
GO_Biological_Process_2023,Protein Autoprocessing (GO:0016540),3/18,0.3126175154677235,0.5899681664882792,0,0,1.6340523175768702,1.900034907412101,MYRF;CASP1;PCSK9
GO_Biological_Process_2023,Regulation Of RIG-I Signaling Pathway (GO:0039535),3/18,0.3126175154677235,0.5899681664882792,0,0,1.6340523175768702,1.900034907412101,RNF125;SEC14L1;OASL
GO_Biological_Process_2023,Regulation Of Histone Modification (GO:0031056),3/18,0.3126175154677235,0.5899681664882792,0,0,1.6340523175768702,1.900034907412101,KAT2B;MYOCD;NFYB
GO_Biological_Process_2023,Regulation Of Lymphocyte Activation (GO:0051249),3/18,0.3126175154677235,0.5899681664882792,0,0,1.6340523175768702,1.900034907412101,CD4;CRTAM;KLRD1
GO_Biological_Process_2023,Regulation Of Synaptic Vesicle Exocytosis (GO:2000300),3/18,0.3126175154677235,0.5899681664882792,0,0,1.6340523175768702,1.900034907412101,RAP1A;RIMS3;LRRK2
GO_Biological_Process_2023,Vesicle Transport Along Actin Filament (GO:0030050),3/18,0.3126175154677235,0.5899681664882792,0,0,1.6340523175768702,1.900034907412101,MYO1B;MYO1C;MYO5B
GO_Biological_Process_2023,Phospholipid Transport (GO:0015914),8/59,0.3128404554264958,0.590026729448758,0,0,1.2819597020040767,1.4897165853235748,ATP8A2;ABCB1;VAPA;ABCA3;ATP10A;LDLR;ABCG1;MFSD2A
GO_Biological_Process_2023,Acute Inflammatory Response (GO:0002526),4/26,0.3137422020585959,0.590026729448758,0,0,1.4855997996493864,1.7220829875622026,IL6;CTNNBIP1;CNTN1;ANO6
GO_Biological_Process_2023,Antigen Processing And Presentation Of Exogenous Peptide Antigen Via MHC Class II (GO:0019886),4/26,0.3137422020585959,0.590026729448758,0,0,1.4855997996493864,1.7220829875622026,FCER1G;CTSF;HLA-DOA;HLA-DPA1
GO_Biological_Process_2023,Calcium-Ion Regulated Exocytosis (GO:0017156),4/26,0.3137422020585959,0.590026729448758,0,0,1.4855997996493864,1.7220829875622026,RIMS3;SYT11;SYT15;VAMP2
GO_Biological_Process_2023,Dendritic Spine Organization (GO:0097061),4/26,0.3137422020585959,0.590026729448758,0,0,1.4855997996493864,1.7220829875622026,PRNP;PTEN;FYN;SHANK3
GO_Biological_Process_2023,Negative Regulation Of Interleukin-1 Beta Production (GO:0032691),4/26,0.3137422020585959,0.590026729448758,0,0,1.4855997996493864,1.7220829875622026,CX3CR1;CARD16;CX3CL1;CD33
GO_Biological_Process_2023,Negative Regulation Of Lipid Metabolic Process (GO:0045833),4/26,0.3137422020585959,0.590026729448758,0,0,1.4855997996493864,1.7220829875622026,GPER1;PDE3B;APOD;CCDC3
GO_Biological_Process_2023,Organelle Membrane Fusion (GO:0090174),4/26,0.3137422020585959,0.590026729448758,0,0,1.4855997996493864,1.7220829875622026,STX12;CAV2;SYT11;VAMP2
GO_Biological_Process_2023,Positive Regulation Of Ras Protein Signal Transduction (GO:0046579),7/51,0.3196626782046916,0.6003760309536331,0,0,1.3000835945663531,1.4827309994015303,AKAP13;RASGRF1;F2R;ARHGEF3;ARRB1;GPR4;MAPRE2
GO_Biological_Process_2023,Regulated Exocytosis (GO:0045055),7/51,0.3196626782046916,0.6003760309536331,0,0,1.3000835945663531,1.4827309994015303,SYNGR1;RIMS3;RAB11FIP1;SYT11;SYT15;VAMP2;SNCA
GO_Biological_Process_2023,Regulation Of Synapse Assembly (GO:0051963),7/51,0.3196626782046916,0.6003760309536331,0,0,1.3000835945663531,1.4827309994015303,ROBO2;PTPRD;MEF2C;CLSTN2;BDNF;SLITRK6;SNCA
GO_Biological_Process_2023,Negative Regulation Of Cellular Biosynthetic Process (GO:0031327),17/137,0.3242659580110825,0.6087567963357251,0,0,1.1580677444187837,1.3042057512341527,ACVRL1;TRIM71;FCN3;BTG2;BMPR2;PTGIS;IGFBP5;DAPK1;CAV1;DAPK3;PDGFB;FXR1;DACH1;ACADL;SIRPA;RAPGEF2;FYN
GO_Biological_Process_2023,Ephrin Receptor Signaling Pathway (GO:0048013),6/43,0.326570328562541,0.6125499948178735,0,0,1.3250943958664547,1.4829263258125984,EFNB2;TIAM1;ARHGEF28;CHN1;FYN;EPHA3
GO_Biological_Process_2023,Intracellular Steroid Hormone Receptor Signaling Pathway (GO:0030518),6/43,0.326570328562541,0.6125499948178735,0,0,1.3250943958664547,1.4829263258125984,CALCOCO1;GPER1;NEDD4;PGR;DEFA1;PPARGC1B
GO_Biological_Process_2023,Sphingolipid Biosynthetic Process (GO:0030148),10/77,0.3292338708312685,0.6172777526097979,0,0,1.2197987960748742,1.3551805162083834,PPM1L;VAPA;SPTLC3;ST8SIA1;ALDH3B1;SPNS2;PRKD1;SGMS2;ABCA8;ST6GALNAC5
GO_Biological_Process_2023,Sterol Metabolic Process (GO:0016125),8/60,0.329713383393912,0.6179083641893723,0,0,1.2572358644115773,1.3949428411212064,CYP27A1;CYP39A1;CYP26B1;CYP4V2;FAXDC2;MSMO1;ABCG1;CES1
GO_Biological_Process_2023,Regulation Of Cellular Senescence (GO:2000772),5/35,0.3333731213860285,0.6242248988729281,0,0,1.361812892359516,1.4959418364641075,MAP3K3;CDK6;AKT3;PTEN;TBX2
GO_Biological_Process_2023,Regulation Of Regulated Secretory Pathway (GO:1903305),5/35,0.3333731213860285,0.6242248988729281,0,0,1.361812892359516,1.4959418364641075,RIMS3;SYT11;LRRK2;SYT15;UNC13D
GO_Biological_Process_2023,Cell Cycle G1/S Phase Transition (GO:0044843),7/52,0.3379883749097468,0.6264361036439862,0,0,1.2711213282247764,1.3788409516826556,TRIM71;PPP6C;CCND2;LATS2;CDK6;CCND1;CUL3
GO_Biological_Process_2023,T Cell Activation Involved In Immune Response (GO:0002286),4/27,0.3396004382851452,0.6264361036439862,0,0,1.420928654130235,1.5345823912406376,CD74;FCER1G;SLC11A1;ITGAL
GO_Biological_Process_2023,Amino Acid Import Across Plasma Membrane (GO:0089718),4/27,0.3396004382851452,0.6264361036439862,0,0,1.420928654130235,1.5345823912406376,SLC22A4;SLC1A1;SLC6A13;SLC38A5
GO_Biological_Process_2023,Cellular Response To Epidermal Growth Factor Stimulus (GO:0071364),4/27,0.3396004382851452,0.6264361036439862,0,0,1.420928654130235,1.5345823912406376,EEF1A1;ZFP36;INPP5K;ZFP36L2
GO_Biological_Process_2023,Clathrin-Dependent Endocytosis (GO:0072583),4/27,0.3396004382851452,0.6264361036439862,0,0,1.420928654130235,1.5345823912406376,MAGI2;STON1;STON2;DLL1
GO_Biological_Process_2023,Dorsal/Ventral Pattern Formation (GO:0009953),4/27,0.3396004382851452,0.6264361036439862,0,0,1.420928654130235,1.5345823912406376,ACVRL1;SFRP1;PTCH1;NBL1
GO_Biological_Process_2023,Glycerophospholipid Catabolic Process (GO:0046475),4/27,0.3396004382851452,0.6264361036439862,0,0,1.420928654130235,1.5345823912406376,PLA2G4C;ENPP2;PLA2G5;PNPLA6
GO_Biological_Process_2023,Microtubule Polymerization Or Depolymerization (GO:0031109),4/27,0.3396004382851452,0.6264361036439862,0,0,1.420928654130235,1.5345823912406376,TPPP3;MAP4;TPPP;NCKAP5
GO_Biological_Process_2023,Myeloid Cell Development (GO:0061515),4/27,0.3396004382851452,0.6264361036439862,0,0,1.420928654130235,1.5345823912406376,DMTN;FLNA;SH2B3;FOXP1
GO_Biological_Process_2023,Negative Regulation Of NIK/NF-kappaB Signaling (GO:1901223),4/27,0.3396004382851452,0.6264361036439862,0,0,1.420928654130235,1.5345823912406376,PPM1A;SPI1;MYO1C;UACA
GO_Biological_Process_2023,Regulation Of Androgen Receptor Signaling Pathway (GO:0060765),4/27,0.3396004382851452,0.6264361036439862,0,0,1.420928654130235,1.5345823912406376,HEYL;SFRP1;TCF21;FOXP1
GO_Biological_Process_2023,Regulation Of Extrinsic Apoptotic Signaling Pathway In Absence Of Ligand (GO:2001239),4/27,0.3396004382851452,0.6264361036439862,0,0,1.420928654130235,1.5345823912406376,EYA4;MAP2K5;FGFR1;PF4
GO_Biological_Process_2023,Regulation Of Mitochondrial Fission (GO:0090140),4/27,0.3396004382851452,0.6264361036439862,0,0,1.420928654130235,1.5345823912406376,LRRK2;KDR;PPARG;DCN
GO_Biological_Process_2023,Regulation Of Transcription Regulatory Region DNA Binding (GO:2000677),4/27,0.3396004382851452,0.6264361036439862,0,0,1.420928654130235,1.5345823912406376,TGFB1;HEY1;HEY2;GATA3
GO_Biological_Process_2023,Aspartate Family Amino Acid Catabolic Process (GO:0009068),2/11,0.3413757450812454,0.6264361036439862,0,0,1.8153924566768604,1.95113210389018,ASPA;DDO
GO_Biological_Process_2023,Calcineurin-Mediated Signaling (GO:0097720),2/11,0.3413757450812454,0.6264361036439862,0,0,1.8153924566768604,1.95113210389018,NFAT5;NFATC3
GO_Biological_Process_2023,Cellular Response To Nitrogen Levels (GO:0043562),2/11,0.3413757450812454,0.6264361036439862,0,0,1.8153924566768604,1.95113210389018,GABARAPL1;MAP1LC3C
GO_Biological_Process_2023,Cellular Response To Nitrogen Starvation (GO:0006995),2/11,0.3413757450812454,0.6264361036439862,0,0,1.8153924566768604,1.95113210389018,GABARAPL1;MAP1LC3C
GO_Biological_Process_2023,Erythrocyte Development (GO:0048821),2/11,0.3413757450812454,0.6264361036439862,0,0,1.8153924566768604,1.95113210389018,DMTN;SH2B3
GO_Biological_Process_2023,Intestinal Absorption (GO:0050892),2/11,0.3413757450812454,0.6264361036439862,0,0,1.8153924566768604,1.95113210389018,CD36;TJP2
GO_Biological_Process_2023,Intestinal Lipid Absorption (GO:0098856),2/11,0.3413757450812454,0.6264361036439862,0,0,1.8153924566768604,1.95113210389018,CD36;LDLR
GO_Biological_Process_2023,Macrophage Activation Involved In Immune Response (GO:0002281),2/11,0.3413757450812454,0.6264361036439862,0,0,1.8153924566768604,1.95113210389018,MYO1C;TYROBP
GO_Biological_Process_2023,Macrophage Chemotaxis (GO:0048246),2/11,0.3413757450812454,0.6264361036439862,0,0,1.8153924566768604,1.95113210389018,EDNRB;SFTPD
GO_Biological_Process_2023,Magnesium Ion Transport (GO:0015693),2/11,0.3413757450812454,0.6264361036439862,0,0,1.8153924566768604,1.95113210389018,TUSC3;NIPAL3
GO_Biological_Process_2023,Mast Cell Mediated Immunity (GO:0002448),2/11,0.3413757450812454,0.6264361036439862,0,0,1.8153924566768604,1.95113210389018,NR4A3;FCER1A
GO_Biological_Process_2023,Mitochondrion Distribution (GO:0048311),2/11,0.3413757450812454,0.6264361036439862,0,0,1.8153924566768604,1.95113210389018,MEF2A;LRRK2
GO_Biological_Process_2023,Negative Regulation Of Cell Division (GO:0051782),2/11,0.3413757450812454,0.6264361036439862,0,0,1.8153924566768604,1.95113210389018,SUSD2;TXNIP
GO_Biological_Process_2023,Negative Regulation Of Reactive Oxygen Species Biosynthetic Process (GO:1903427),2/11,0.3413757450812454,0.6264361036439862,0,0,1.8153924566768604,1.95113210389018,FYN;SLC18A2
GO_Biological_Process_2023,Organic Cyclic Compound Catabolic Process (GO:1901361),2/11,0.3413757450812454,0.6264361036439862,0,0,1.8153924566768604,1.95113210389018,HSD11B1;EPHX2
GO_Biological_Process_2023,Phasic Smooth Muscle Contraction (GO:0014821),2/11,0.3413757450812454,0.6264361036439862,0,0,1.8153924566768604,1.95113210389018,EDN1;EDNRB
GO_Biological_Process_2023,Positive Regulation Of Lipid Transport (GO:0032370),2/11,0.3413757450812454,0.6264361036439862,0,0,1.8153924566768604,1.95113210389018,LRP1;ABCA3
GO_Biological_Process_2023,Positive Regulation Of Triglyceride Biosynthetic Process (GO:0010867),2/11,0.3413757450812454,0.6264361036439862,0,0,1.8153924566768604,1.95113210389018,LDLR;MFSD2A
GO_Biological_Process_2023,Regulation Of T Cell Apoptotic Process (GO:0070232),2/11,0.3413757450812454,0.6264361036439862,0,0,1.8153924566768604,1.95113210389018,CD274;PRKCQ
GO_Biological_Process_2023,Regulation Of T-helper 17 Cell Differentiation (GO:2000319),2/11,0.3413757450812454,0.6264361036439862,0,0,1.8153924566768604,1.95113210389018,JUNB;SMAD7
GO_Biological_Process_2023,Regulation Of Actin Filament Depolymerization (GO:0030834),2/11,0.3413757450812454,0.6264361036439862,0,0,1.8153924566768604,1.95113210389018,SEMA5A;PLEKHH2
GO_Biological_Process_2023,Regulation Of Adipose Tissue Development (GO:1904177),2/11,0.3413757450812454,0.6264361036439862,0,0,1.8153924566768604,1.95113210389018,SPI1;PPARG
GO_Biological_Process_2023,Regulation Of Amyloid Precursor Protein Catabolic Process (GO:1902991),2/11,0.3413757450812454,0.6264361036439862,0,0,1.8153924566768604,1.95113210389018,FKBP1A;PRNP
GO_Biological_Process_2023,Regulation Of Endocytic Recycling (GO:2001135),2/11,0.3413757450812454,0.6264361036439862,0,0,1.8153924566768604,1.95113210389018,EHD1;EHD2
GO_Biological_Process_2023,Regulation Of Fatty Acid Metabolic Process (GO:0019217),2/11,0.3413757450812454,0.6264361036439862,0,0,1.8153924566768604,1.95113210389018,CAV1;PDK4
GO_Biological_Process_2023,Regulation Of Glycogen Metabolic Process (GO:0070873),2/11,0.3413757450812454,0.6264361036439862,0,0,1.8153924566768604,1.95113210389018,PPP1R3C;INPP5K
GO_Biological_Process_2023,Regulation Of Homotypic Cell-Cell Adhesion (GO:0034110),2/11,0.3413757450812454,0.6264361036439862,0,0,1.8153924566768604,1.95113210389018,RDX;PRKCQ
GO_Biological_Process_2023,Regulation Of Lipid Kinase Activity (GO:0043550),2/11,0.3413757450812454,0.6264361036439862,0,0,1.8153924566768604,1.95113210389018,PIK3R3;PIK3R1
GO_Biological_Process_2023,Regulation Of Mitochondrial Fusion (GO:0010635),2/11,0.3413757450812454,0.6264361036439862,0,0,1.8153924566768604,1.95113210389018,PID1;TFRC
GO_Biological_Process_2023,Regulation Of Protein Exit From Endoplasmic Reticulum (GO:0070861),2/11,0.3413757450812454,0.6264361036439862,0,0,1.8153924566768604,1.95113210389018,INSIG1;SLC51B
GO_Biological_Process_2023,Regulation Of Response To Oxidative Stress (GO:1902882),2/11,0.3413757450812454,0.6264361036439862,0,0,1.8153924566768604,1.95113210389018,MCTP1;ALOX5
GO_Biological_Process_2023,Regulation Of Ventricular Cardiac Muscle Cell Action Potential (GO:0098911),2/11,0.3413757450812454,0.6264361036439862,0,0,1.8153924566768604,1.95113210389018,CAV1;CACNA1C
GO_Biological_Process_2023,Skeletal Muscle Fiber Development (GO:0048741),2/11,0.3413757450812454,0.6264361036439862,0,0,1.8153924566768604,1.95113210389018,SKI;CAV2
GO_Biological_Process_2023,N-glycan Processing (GO:0006491),3/19,0.3439229495123591,0.6271108787897515,0,0,1.5318379990821478,1.6349883405145902,ST8SIA1;MAN1C1;MAN1A1
GO_Biological_Process_2023,Bicarbonate Transport (GO:0015701),3/19,0.3439229495123591,0.6271108787897515,0,0,1.5318379990821478,1.6349883405145902,SLC39A8;SLC4A4;CFTR
GO_Biological_Process_2023,Cellular Response To Lectin (GO:1990858),3/19,0.3439229495123591,0.6271108787897515,0,0,1.5318379990821478,1.6349883405145902,TYROBP;FYN;KLRD1
GO_Biological_Process_2023,Chondroitin Sulfate Proteoglycan Biosynthetic Process (GO:0050650),3/19,0.3439229495123591,0.6271108787897515,0,0,1.5318379990821478,1.6349883405145902,CSGALNACT1;CHST9;CHST7
GO_Biological_Process_2023,Dopaminergic Neuron Differentiation (GO:0071542),3/19,0.3439229495123591,0.6271108787897515,0,0,1.5318379990821478,1.6349883405145902,NR4A2;WNT2;FOXA2
GO_Biological_Process_2023,Fluid Transport (GO:0042044),3/19,0.3439229495123591,0.6271108787897515,0,0,1.5318379990821478,1.6349883405145902,AQP9;PDPN;AQP4
GO_Biological_Process_2023,Ganglioside Metabolic Process (GO:0001573),3/19,0.3439229495123591,0.6271108787897515,0,0,1.5318379990821478,1.6349883405145902,ST6GALNAC3;ST6GALNAC5;ST6GALNAC6
GO_Biological_Process_2023,Pore Complex Assembly (GO:0046931),3/19,0.3439229495123591,0.6271108787897515,0,0,1.5318379990821478,1.6349883405145902,FXR1;TPR;ANO6
GO_Biological_Process_2023,Positive Regulation Of Axon Extension (GO:0045773),3/19,0.3439229495123591,0.6271108787897515,0,0,1.5318379990821478,1.6349883405145902,SEMA5A;MACF1;RUFY3
GO_Biological_Process_2023,Regulation Of Acute Inflammatory Response (GO:0002673),3/19,0.3439229495123591,0.6271108787897515,0,0,1.5318379990821478,1.6349883405145902,IL6;IL6ST;DNASE1L3
GO_Biological_Process_2023,Regulation Of Nuclear Division (GO:0051783),3/19,0.3439229495123591,0.6271108787897515,0,0,1.5318379990821478,1.6349883405145902,CAV2;CCDC8;DAPK3
GO_Biological_Process_2023,Regulation Of Transcription Involved In G1/S Transition Of Mitotic Cell Cycle (GO:0000083),3/19,0.3439229495123591,0.6271108787897515,0,0,1.5318379990821478,1.6349883405145902,KLF11;ID2;CDK14
GO_Biological_Process_2023,Skeletal Muscle Contraction (GO:0003009),3/19,0.3439229495123591,0.6271108787897515,0,0,1.5318379990821478,1.6349883405145902,STAC;TNNC1;RCSD1
GO_Biological_Process_2023,Stimulatory C-type Lectin Receptor Signaling Pathway (GO:0002223),3/19,0.3439229495123591,0.6271108787897515,0,0,1.5318379990821478,1.6349883405145902,TYROBP;FYN;KLRD1
GO_Biological_Process_2023,Xenobiotic Catabolic Process (GO:0042178),3/19,0.3439229495123591,0.6271108787897515,0,0,1.5318379990821478,1.6349883405145902,GSTM3;NOS1;CYP3A5
GO_Biological_Process_2023,Long-Chain Fatty Acid Metabolic Process (GO:0001676),10/78,0.3441976353770565,0.6273467036686554,0,0,1.2017928718448705,1.281759286385596,ACADL;ALOX5;PLA2G4C;ACSL4;ABHD6;ADTRP;SLC27A3;LTC4S;ALOX15B;MGLL
GO_Biological_Process_2023,Extracellular Matrix Disassembly (GO:0022617),6/44,0.3467221902317206,0.6308823663744124,0,0,1.2901509287925697,1.3665684057505112,ADAMTS15;ADAMTS5;GSN;MMP19;CTSG;TPSAB1
GO_Biological_Process_2023,Positive Regulation Of Cytokine-Mediated Signaling Pathway (GO:0001961),6/44,0.3467221902317206,0.6308823663744124,0,0,1.2901509287925697,1.3665684057505112,CD74;EDN1;TSLP;CASP1;CD300LF;GAS6
GO_Biological_Process_2023,Regulation Of B Cell Proliferation (GO:0030888),6/44,0.3467221902317206,0.6308823663744124,0,0,1.2901509287925697,1.3665684057505112,CD74;BST1;MEF2C;TYROBP;TFRC;MNDA
GO_Biological_Process_2023,Synaptic Vesicle Recycling (GO:0036465),6/44,0.3467221902317206,0.6308823663744124,0,0,1.2901509287925697,1.3665684057505112,DNM3;NLGN4X;STON1;STON2;VAMP2;SNCA
GO_Biological_Process_2023,Regulation Of Insulin Secretion (GO:0050796),11/87,0.3495947488651683,0.6358411024450343,0,0,1.182828674634537,1.2431300560743337,TCF7L2;SFRP1;IL6;GPER1;ALOX5;RFX3;ACSL4;KCNA5;MYRIP;FOXO1;FOXA2
GO_Biological_Process_2023,Negative Regulation Of Extrinsic Apoptotic Signaling Pathway (GO:2001237),9/70,0.3536533583843969,0.6429519354621134,0,0,1.205653587621555,1.2532022251783652,BMP4;GSK3B;TCF7L2;EYA4;ITGA6;CFLAR;MAP2K5;BMP5;PF4
GO_Biological_Process_2023,Protein Modification Process (GO:0036211),81/711,0.3550453580259824,0.6452108485221643,0,0,1.051825661249745,1.089175704995487,ACVRL1;GSK3B;PGAP1;BMPR2;ST6GALNAC2;GMFG;LRRK2;PTPRO;PTEN;JADE1;PTPRM;PHEX;PTPRG;PPP6C;B3GALT2;AKT3;PDK4;CTSG;MACROD2;PRKACA;JAK2;ROS1;PRKG1;TGM2;PRKCH;ANXA1;DAPK1;PRKCB;DAPK2;PRKCE;DAPK3;IRAK3;FBXW2;TGFBR2;FGR;PPM1A;HCK;LATS2;PEAK1;ADPRH;PRKCQ;PIK3C3;ERG;TNIK;SIK2;GAS6;TRIB1;TRIB2;EPHA3;CDKL1;CSTA;PXK;PPM1L;PDGFB;PPM1D;FUT1;MTMR6;PPM1F;PPP2CA;GRK5;MKNK2;ST3GAL6;FYN;ST3GAL1;PTPN1;TGFB2;TGFB1;UBE2I;DMPK;ST8SIA1;WWP2;PTPN13;PTPRD;PTPRB;SNRK;BMP2;FER;CDK6;UST;CDK14;FGFR1
GO_Biological_Process_2023,Negative Regulation Of Organelle Assembly (GO:1902116),5/36,0.3559246855315124,0.6454499759470621,0,0,1.3178093558759465,1.361344674445884,KAT2B;LRRK2;FEZ1;TMEM39A;NUPR1
GO_Biological_Process_2023,Positive Regulation Of Signaling Receptor Activity (GO:2000273),5/36,0.3559246855315124,0.6454499759470621,0,0,1.3178093558759465,1.361344674445884,EDN1;ADRB2;JAK2;SHANK3;HBEGF
GO_Biological_Process_2023,Receptor Signaling Pathway Via JAK-STAT (GO:0007259),5/36,0.3559246855315124,0.6454499759470621,0,0,1.3178093558759465,1.361344674445884,GHR;FER;MYO1C;JAK2;PIAS1
GO_Biological_Process_2023,Regulation Of Glucose Import (GO:0046324),5/36,0.3559246855315124,0.6454499759470621,0,0,1.3178093558759465,1.361344674445884,PID1;PLA2G1B;APLP2;PIK3R1;SORBS1
GO_Biological_Process_2023,Regulation Of Peptidyl-Threonine Phosphorylation (GO:0010799),5/36,0.3559246855315124,0.6454499759470621,0,0,1.3178093558759465,1.361344674445884,DMTN;TGFB1;INPP5K;CALM1;SMAD7
GO_Biological_Process_2023,Glycoprotein Metabolic Process (GO:0009100),7/53,0.3564456420239983,0.6458519693432313,0,0,1.2434182908545728,1.2826773925103074,ERP44;ST8SIA1;FBXO17;MAN1C1;MAN1A1;ST6GALNAC3;ST6GALNAC6
GO_Biological_Process_2023,Protein Homotetramerization (GO:0051289),7/53,0.3564456420239983,0.6458519693432313,0,0,1.2434182908545728,1.2826773925103074,APLP2;ALDH1A2;AQP4;SAMHD1;CLU;ACACB;KCNJ2
GO_Biological_Process_2023,Negative Regulation Of Neuron Death (GO:1901215),11/88,0.3639134334908742,0.6591063277157418,0,0,1.1674014608146344,1.1800552284331776,NTRK2;MEF2C;BDNF;WFS1;F2R;NDNF;SEMA3E;IL6ST;CLU;PPARGC1A;SNCA
GO_Biological_Process_2023,Antigen Processing And Presentation Of Peptide Antigen Via MHC Class II (GO:0002495),4/28,0.3655187148986611,0.6595228986214974,0,0,1.3616467707376798,1.3704127769823715,FCER1G;CTSF;HLA-DOA;HLA-DPA1
GO_Biological_Process_2023,Cellular Response To Osmotic Stress (GO:0071470),4/28,0.3655187148986611,0.6595228986214974,0,0,1.3616467707376798,1.3704127769823715,NFAT5;CASP1;RCSD1;MYLK
GO_Biological_Process_2023,Determination Of Bilateral Symmetry (GO:0009855),4/28,0.3655187148986611,0.6595228986214974,0,0,1.3616467707376798,1.3704127769823715,DNAI2;LEFTY1;CITED2;DLL1
GO_Biological_Process_2023,Mucosal Immune Response (GO:0002385),4/28,0.3655187148986611,0.6595228986214974,0,0,1.3616467707376798,1.3704127769823715,PIGR;PLA2G1B;DEFA1;CAMP
GO_Biological_Process_2023,Negative Regulation Of Cation Channel Activity (GO:2001258),4/28,0.3655187148986611,0.6595228986214974,0,0,1.3616467707376798,1.3704127769823715,FKBP1A;FKBP1B;CASQ2;KCNAB1
GO_Biological_Process_2023,Phospholipid Catabolic Process (GO:0009395),4/28,0.3655187148986611,0.6595228986214974,0,0,1.3616467707376798,1.3704127769823715,PLA2G4C;ENPP2;PLBD1;PNPLA6
GO_Biological_Process_2023,Protein Depolymerization (GO:0051261),4/28,0.3655187148986611,0.6595228986214974,0,0,1.3616467707376798,1.3704127769823715,GSN;CFL2;DSTN;NCKAP5
GO_Biological_Process_2023,"Regulation Of DNA Damage Response, Signal Transduction By P53 Class Mediator (GO:0043516)",4/28,0.3655187148986611,0.6595228986214974,0,0,1.3616467707376798,1.3704127769823715,CD74;MSX1;HIC1;CD44
GO_Biological_Process_2023,Regulation Of Plasma Membrane Bounded Cell Projection Organization (GO:0120035),4/28,0.3655187148986611,0.6595228986214974,0,0,1.3616467707376798,1.3704127769823715,NTNG1;GSK3B;KIF26A;PTEN
GO_Biological_Process_2023,I-kappaB kinase/NF-kappaB Signaling (GO:0007249),6/45,0.3669785551409067,0.6607757380008985,0,0,1.2569994343891402,1.260081427927539,IRAK1BP1;DAB2IP;TLR8;AZI2;TLR4;TLR3
GO_Biological_Process_2023,Determination Of Left/Right Symmetry (GO:0007368),6/45,0.3669785551409067,0.6607757380008985,0,0,1.2569994343891402,1.260081427927539,CCDC39;DNAI2;LEFTY1;CITED2;RFX3;DLL1
GO_Biological_Process_2023,Negative Regulation Of Response To Biotic Stimulus (GO:0002832),6/45,0.3669785551409067,0.6607757380008985,0,0,1.2569994343891402,1.260081427927539,PPP6C;MYO1C;IRAK3;CARD16;LILRA2;TRIB1
GO_Biological_Process_2023,Positive Regulation Of mRNA Catabolic Process (GO:0061014),6/45,0.3669785551409067,0.6607757380008985,0,0,1.2569994343891402,1.260081427927539,FXR1;BTG2;ZFP36;PRR5L;RBM24;ZFP36L2
GO_Biological_Process_2023,Regulation Of Protein Modification Process (GO:0031399),6/45,0.3669785551409067,0.6607757380008985,0,0,1.2569994343891402,1.260081427927539,PPP2CA;PPP1R16B;CDH5;FER;ROPN1L;CORO1C
GO_Biological_Process_2023,Regulation Of Cilium Assembly (GO:1902017),9/71,0.369704694995321,0.6654067821517121,0,0,1.1861407597642624,1.180270209488957,GSK3B;TBC1D1;TBC1D2;IFT140;DCDC2;TBC1D2B;TAPT1;TBC1D15;CDKL1
GO_Biological_Process_2023,Negative Regulation Of Protein Catabolic Process (GO:0042177),7/54,0.3749896725646263,0.6711912564618505,0,0,1.2168941061384202,1.1935988506335666,LAMP3;TIMP2;DAB2IP;TIMP3;FLNA;IRAK3;SNCA
GO_Biological_Process_2023,Actin Filament-Based Transport (GO:0099515),3/20,0.3750957624156588,0.6711912564618505,0,0,1.441648894527981,1.4136433065750191,MYO1B;MYO1C;MYO5B
GO_Biological_Process_2023,Activation Of Adenylate Cyclase Activity (GO:0007190),3/20,0.3750957624156588,0.6711912564618505,0,0,1.441648894527981,1.4136433065750191,EDNRA;ADRB1;ADRB2
GO_Biological_Process_2023,Anterior/Posterior Axis Specification (GO:0009948),3/20,0.3750957624156588,0.6711912564618505,0,0,1.441648894527981,1.4136433065750191,SKI;TBX3;WLS
GO_Biological_Process_2023,Cell Projection Organization (GO:0030030),3/20,0.3750957624156588,0.6711912564618505,0,0,1.441648894527981,1.4136433065750191,P2RY12;GSN;PARVB
GO_Biological_Process_2023,Cellular Response To pH (GO:0071467),3/20,0.3750957624156588,0.6711912564618505,0,0,1.441648894527981,1.4136433065750191,SCNN1G;HYAL1;SCNN1B
GO_Biological_Process_2023,Cilium-Dependent Cell Motility (GO:0060285),3/20,0.3750957624156588,0.6711912564618505,0,0,1.441648894527981,1.4136433065750191,TEKT1;RFX3;RSPH9
GO_Biological_Process_2023,Long-Term Synaptic Potentiation (GO:0060291),3/20,0.3750957624156588,0.6711912564618505,0,0,1.441648894527981,1.4136433065750191,TSHZ3;SHANK2;VAMP2
GO_Biological_Process_2023,Negative Regulation Of Cytokine Production Involved In Inflammatory Response (GO:1900016),3/20,0.3750957624156588,0.6711912564618505,0,0,1.441648894527981,1.4136433065750191,APLP2;SIRPA;APOD
GO_Biological_Process_2023,Negative Regulation Of Microtubule Depolymerization (GO:0007026),3/20,0.3750957624156588,0.6711912564618505,0,0,1.441648894527981,1.4136433065750191,NAV3;MID1IP1;CLASP2
GO_Biological_Process_2023,Positive Regulation Of Antigen Receptor-Mediated Signaling Pathway (GO:0050857),3/20,0.3750957624156588,0.6711912564618505,0,0,1.441648894527981,1.4136433065750191,PRKCH;PRKCB;FOXP1
GO_Biological_Process_2023,Positive Regulation Of Lipid Storage (GO:0010884),3/20,0.3750957624156588,0.6711912564618505,0,0,1.441648894527981,1.4136433065750191,EHD1;MSR1;SREBF2
GO_Biological_Process_2023,Receptor Metabolic Process (GO:0043112),3/20,0.3750957624156588,0.6711912564618505,0,0,1.441648894527981,1.4136433065750191,TGFB1;NEDD4;SNX25
GO_Biological_Process_2023,Regulation Of Toll-Like Receptor Signaling Pathway (GO:0034121),3/20,0.3750957624156588,0.6711912564618505,0,0,1.441648894527981,1.4136433065750191,IRAK3;CD36;TLR3
GO_Biological_Process_2023,Melanosome Organization (GO:0032438),5/37,0.3785286357814637,0.6724067712272155,0,0,1.2765560404226,1.2401276666386865,TYRP1;KIF13A;AP1S2;SHROOM2;AP1M1
GO_Biological_Process_2023,Negative Regulation Of Transferase Activity (GO:0051348),5/37,0.3785286357814637,0.6724067712272155,0,0,1.2765560404226,1.2401276666386865,CDKN1C;GSK3B;ZFP36;INPP5K;SMAD7
GO_Biological_Process_2023,Positive Regulation Of Immune Effector Process (GO:0002699),5/37,0.3785286357814637,0.6724067712272155,0,0,1.2765560404226,1.2401276666386865,FCN1;FCN3;APLP2;PLA2G5;CFP
GO_Biological_Process_2023,Protein Acylation (GO:0043543),5/37,0.3785286357814637,0.6724067712272155,0,0,1.2765560404226,1.2401276666386865,KAT2B;ZDHHC2;FOXO1;ZDHHC3;ZDHHC14
GO_Biological_Process_2023,DNA Conformation Change (GO:0071103),2/12,0.3826299884462561,0.6724067712272155,0,0,1.6337614678899082,1.5695331490446802,HHEX;HMGB1
GO_Biological_Process_2023,MyD88-dependent Toll-Like Receptor Signaling Pathway (GO:0002755),2/12,0.3826299884462561,0.6724067712272155,0,0,1.6337614678899082,1.5695331490446802,IRAK3;TLR4
GO_Biological_Process_2023,cAMP Metabolic Process (GO:0046058),2/12,0.3826299884462561,0.6724067712272155,0,0,1.6337614678899082,1.5695331490446802,ADCY9;ADCY4
GO_Biological_Process_2023,Calcium Ion Import (GO:0070509),2/12,0.3826299884462561,0.6724067712272155,0,0,1.6337614678899082,1.5695331490446802,CACNA1D;SLC8A1
GO_Biological_Process_2023,Cell Projection Assembly (GO:0030031),2/12,0.3826299884462561,0.6724067712272155,0,0,1.6337614678899082,1.5695331490446802,GSN;PARVB
GO_Biological_Process_2023,Cellular Component Maintenance (GO:0043954),2/12,0.3826299884462561,0.6724067712272155,0,0,1.6337614678899082,1.5695331490446802,PRNP;FYN
GO_Biological_Process_2023,Cellular Response To Acidic pH (GO:0071468),2/12,0.3826299884462561,0.6724067712272155,0,0,1.6337614678899082,1.5695331490446802,SCNN1G;SCNN1B
GO_Biological_Process_2023,Early Endosome To Golgi Transport (GO:0034498),2/12,0.3826299884462561,0.6724067712272155,0,0,1.6337614678899082,1.5695331490446802,SNX1;SNX2
GO_Biological_Process_2023,Lipid Droplet Formation (GO:0140042),2/12,0.3826299884462561,0.6724067712272155,0,0,1.6337614678899082,1.5695331490446802,PLA2G4C;CDS2
GO_Biological_Process_2023,Low-Density Lipoprotein Particle Remodeling (GO:0034374),2/12,0.3826299884462561,0.6724067712272155,0,0,1.6337614678899082,1.5695331490446802,AGTR1;PLA2G5
GO_Biological_Process_2023,Macrophage Migration (GO:1905517),2/12,0.3826299884462561,0.6724067712272155,0,0,1.6337614678899082,1.5695331490446802,EDNRB;SFTPD
GO_Biological_Process_2023,Mesoderm Morphogenesis (GO:0048332),2/12,0.3826299884462561,0.6724067712272155,0,0,1.6337614678899082,1.5695331490446802,BMPR2;TBX3
GO_Biological_Process_2023,Microtubule Anchoring At Microtubule Organizing Center (GO:0072393),2/12,0.3826299884462561,0.6724067712272155,0,0,1.6337614678899082,1.5695331490446802,CCDC68;BICD2
GO_Biological_Process_2023,Negative Regulation By Host Of Viral Transcription (GO:0043922),2/12,0.3826299884462561,0.6724067712272155,0,0,1.6337614678899082,1.5695331490446802,JUN;INPP5K
GO_Biological_Process_2023,Negative Regulation Of Intrinsic Apoptotic Signaling Pathway In Response To DNA Damage By P53 Class Mediator (GO:1902166),2/12,0.3826299884462561,0.6724067712272155,0,0,1.6337614678899082,1.5695331490446802,CD74;CD44
GO_Biological_Process_2023,Negative Regulation Of Locomotion (GO:0040013),2/12,0.3826299884462561,0.6724067712272155,0,0,1.6337614678899082,1.5695331490446802,FBLN1;GATA3
GO_Biological_Process_2023,Negative Regulation Of Macrophage Derived Foam Cell Differentiation (GO:0010745),2/12,0.3826299884462561,0.6724067712272155,0,0,1.6337614678899082,1.5695331490446802,PPARG;ABCG1
GO_Biological_Process_2023,Organophosphate Catabolic Process (GO:0046434),2/12,0.3826299884462561,0.6724067712272155,0,0,1.6337614678899082,1.5695331490446802,ENPP2;PLBD1
GO_Biological_Process_2023,Phosphate Ion Homeostasis (GO:0055062),2/12,0.3826299884462561,0.6724067712272155,0,0,1.6337614678899082,1.5695331490446802,SLC34A2;FGFR4
GO_Biological_Process_2023,Phospholipid Homeostasis (GO:0055091),2/12,0.3826299884462561,0.6724067712272155,0,0,1.6337614678899082,1.5695331490446802,TLCD2;ABCG1
GO_Biological_Process_2023,Positive Regulation By Symbiont Of Entry Into Host (GO:0075294),2/12,0.3826299884462561,0.6724067712272155,0,0,1.6337614678899082,1.5695331490446802,CD74;HMGB1
GO_Biological_Process_2023,Positive Regulation Of T Cell Chemotaxis (GO:0010820),2/12,0.3826299884462561,0.6724067712272155,0,0,1.6337614678899082,1.5695331490446802,CCL21;XCL1
GO_Biological_Process_2023,Positive Regulation Of Fatty Acid Oxidation (GO:0046321),2/12,0.3826299884462561,0.6724067712272155,0,0,1.6337614678899082,1.5695331490446802,NR4A3;PPARGC1A
GO_Biological_Process_2023,Positive Regulation Of Insulin Receptor Signaling Pathway (GO:0046628),2/12,0.3826299884462561,0.6724067712272155,0,0,1.6337614678899082,1.5695331490446802,IGF2;SORBS1
GO_Biological_Process_2023,Positive Regulation Of Myeloid Leukocyte Mediated Immunity (GO:0002888),2/12,0.3826299884462561,0.6724067712272155,0,0,1.6337614678899082,1.5695331490446802,SPI1;TYROBP
GO_Biological_Process_2023,Positive Regulation Of Nuclear-Transcribed mRNA poly(A) Tail Shortening (GO:0060213),2/12,0.3826299884462561,0.6724067712272155,0,0,1.6337614678899082,1.5695331490446802,BTG2;ZFP36
GO_Biological_Process_2023,Positive Regulation Of Protein Localization To Cell Surface (GO:2000010),2/12,0.3826299884462561,0.6724067712272155,0,0,1.6337614678899082,1.5695331490446802,TYROBP;GPD1L
GO_Biological_Process_2023,Positive Regulation Of Sodium Ion Transmembrane Transporter Activity (GO:2000651),2/12,0.3826299884462561,0.6724067712272155,0,0,1.6337614678899082,1.5695331490446802,DMD;ANK3
GO_Biological_Process_2023,Positive Regulation Of Viral Entry Into Host Cell (GO:0046598),2/12,0.3826299884462561,0.6724067712272155,0,0,1.6337614678899082,1.5695331490446802,CD74;HMGB1
GO_Biological_Process_2023,Positive Regulation Of Voltage-Gated Calcium Channel Activity (GO:1901387),2/12,0.3826299884462561,0.6724067712272155,0,0,1.6337614678899082,1.5695331490446802,STAC;CACNA2D1
GO_Biological_Process_2023,Regulation Of Interleukin-5 Production (GO:0032674),2/12,0.3826299884462561,0.6724067712272155,0,0,1.6337614678899082,1.5695331490446802,TSLP;GATA3
GO_Biological_Process_2023,Regulation Of Leukocyte Adhesion To Vascular Endothelial Cell (GO:1904994),2/12,0.3826299884462561,0.6724067712272155,0,0,1.6337614678899082,1.5695331490446802,NFAT5;IL6
GO_Biological_Process_2023,Regulation Of Retinoic Acid Receptor Signaling Pathway (GO:0048385),2/12,0.3826299884462561,0.6724067712272155,0,0,1.6337614678899082,1.5695331490446802,CYP26B1;KLF2
GO_Biological_Process_2023,Regulation Of Tube Diameter (GO:0035296),2/12,0.3826299884462561,0.6724067712272155,0,0,1.6337614678899082,1.5695331490446802,NPR1;AGTR1
GO_Biological_Process_2023,Response To Iron Ion (GO:0010039),2/12,0.3826299884462561,0.6724067712272155,0,0,1.6337614678899082,1.5695331490446802,BMP6;SNCA
GO_Biological_Process_2023,Sodium Ion Export Across Plasma Membrane (GO:0036376),2/12,0.3826299884462561,0.6724067712272155,0,0,1.6337614678899082,1.5695331490446802,ATP1A2;SLC4A4
GO_Biological_Process_2023,Steroid Catabolic Process (GO:0006706),2/12,0.3826299884462561,0.6724067712272155,0,0,1.6337614678899082,1.5695331490446802,HSD11B1;HSD17B6
GO_Biological_Process_2023,Synaptic Membrane Adhesion (GO:0099560),2/12,0.3826299884462561,0.6724067712272155,0,0,1.6337614678899082,1.5695331490446802,NTNG1;PTPRD
GO_Biological_Process_2023,Triglyceride Catabolic Process (GO:0019433),2/12,0.3826299884462561,0.6724067712272155,0,0,1.6337614678899082,1.5695331490446802,PNPLA4;GPIHBP1
GO_Biological_Process_2023,Vascular Process In Circulatory System (GO:0003018),2/12,0.3826299884462561,0.6724067712272155,0,0,1.6337614678899082,1.5695331490446802,NPR1;AGTR1
GO_Biological_Process_2023,Positive Regulation Of Protein Localization To Nucleus (GO:1900182),9/72,0.3858218594457264,0.6777399859046623,0,0,1.1672473867595818,1.1116625060046796,TCF7L2;WWTR1;TGFB1;TFRC;HYAL2;TPR;FLNA;PIK3R1;FERMT2
GO_Biological_Process_2023,Cellular Component Disassembly (GO:0022411),6/46,0.3872819957330316,0.6800281096760638,0,0,1.2255055147058824,1.1625172030474833,ADAMTS15;ADAMTS5;GSN;MMP19;CTSG;TPSAB1
GO_Biological_Process_2023,TOR Signaling (GO:0031929),4/29,0.3913815527581722,0.6851111013517723,0,0,1.3071074380165288,1.226161354658842,EIF4EBP2;PRR5L;GATA3;LAMTOR3
GO_Biological_Process_2023,Negative Regulation Of DNA Binding (GO:0043392),4/29,0.3913815527581722,0.6851111013517723,0,0,1.3071074380165288,1.226161354658842,JUN;HEY1;HEY2;JAK2
GO_Biological_Process_2023,Positive Regulation Of B Cell Proliferation (GO:0030890),4/29,0.3913815527581722,0.6851111013517723,0,0,1.3071074380165288,1.226161354658842,CD74;BST1;MEF2C;TFRC
GO_Biological_Process_2023,Positive Regulation Of Microtubule Polymerization (GO:0031116),4/29,0.3913815527581722,0.6851111013517723,0,0,1.3071074380165288,1.226161354658842,MECP2;NAV3;PDE4DIP;SLAIN2
GO_Biological_Process_2023,Positive Regulation Of Neural Precursor Cell Proliferation (GO:2000179),4/29,0.3913815527581722,0.6851111013517723,0,0,1.3071074380165288,1.226161354658842,CX3CR1;NAP1L1;NES;CX3CL1
GO_Biological_Process_2023,Positive Regulation Of Viral Genome Replication (GO:0045070),4/29,0.3913815527581722,0.6851111013517723,0,0,1.3071074380165288,1.226161354658842,NR5A2;VAPB;TMEM39A;ADARB1
GO_Biological_Process_2023,Regulation Of Establishment Of Planar Polarity (GO:0090175),4/29,0.3913815527581722,0.6851111013517723,0,0,1.3071074380165288,1.226161354658842,TIAM1;FZD7;PRICKLE2;PRICKLE1
GO_Biological_Process_2023,Regulation Of Autophagy (GO:0010506),28/241,0.3914467043404704,0.6851111013517723,0,0,1.074406824730494,1.0076925050408791,GSK3B;LRRK2;MTMR9;HMGB1;FOXO3;RASIP1;FOXO1;DRAM1;LAMP3;ATP6V0A2;LEPR;PRKACA;DAPK1;DAPK2;HGF;DAPK3;SREBF2;MID2;DCN;EEF1A1;NEDD4;WAC;FKBP8;ULK2;PIK3C3;PRKD1;NUPR1;OPTN
GO_Biological_Process_2023,Protein Transport (GO:0015031),36/313,0.39412696832914,0.6895224950581956,0,0,1.062300443104626,0.9890889985226768,MACF1;STX12;RAMP2;RAMP3;CALCRL;TFRC;LRP1;ARL6;PRF1;LTBP2;VLDLR;CLU;STX11;GGA2;RAB21;SNX1;RAB23;KIF13A;LAMP2;CD36;SPTBN1;WLS;GPIHBP1;RAB8B;CD74;PRKCB;ANK3;SCAMP1;DNAJC15;EHD1;RAB14;TXNIP;PPARG;OPTN;VAMP2;ABCG1
GO_Biological_Process_2023,Axon Development (GO:0061564),12/99,0.3953352237270837,0.6913560881710266,0,0,1.1270300333704115,1.045907771141137,SEMA5A;NTNG1;CRTAC1;DCC;APLP2;AMIGO1;SLITRK6;ANK3;CNTN4;FOLR1;GPM6B;FGFR2
GO_Biological_Process_2023,Response To Peptide (GO:1901652),5/38,0.4011086708062503,0.6967827167197583,0,0,1.23780292590582,1.130761304728281,PRNP;RAMP3;ANXA1;FYN;GNAI1
GO_Biological_Process_2023,Aminoglycan Biosynthetic Process (GO:0006023),3/21,0.4059548017095379,0.6967827167197583,0,0,1.361480801590944,1.2273932564790946,EXT1;GALNT5;B3GNT2
GO_Biological_Process_2023,Innate Immune Response In Mucosa (GO:0002227),3/21,0.4059548017095379,0.6967827167197583,0,0,1.361480801590944,1.2273932564790946,PLA2G1B;DEFA1;CAMP
GO_Biological_Process_2023,Modulation By Host Of Viral Genome Replication (GO:0044827),3/21,0.4059548017095379,0.6967827167197583,0,0,1.361480801590944,1.2273932564790946,EEF1A1;VAPA;PIK3C3
GO_Biological_Process_2023,Negative Regulation Of Tumor Necrosis Factor-Mediated Signaling Pathway (GO:0010804),3/21,0.4059548017095379,0.6967827167197583,0,0,1.361480801590944,1.2273932564790946,CARD16;CCDC3;GAS6
GO_Biological_Process_2023,Positive Regulation Of G2/M Transition Of Mitotic Cell Cycle (GO:0010971),3/21,0.4059548017095379,0.6967827167197583,0,0,1.361480801590944,1.2273932564790946,MECP2;CCND1;RAB11A
GO_Biological_Process_2023,Positive Regulation Of Amyloid Precursor Protein Catabolic Process (GO:1902993),3/21,0.4059548017095379,0.6967827167197583,0,0,1.361480801590944,1.2273932564790946,AGER;CLU;ABCG1
GO_Biological_Process_2023,Positive Regulation Of Interferon-Alpha Production (GO:0032727),3/21,0.4059548017095379,0.6967827167197583,0,0,1.361480801590944,1.2273932564790946,TLR8;TLR4;TLR3
GO_Biological_Process_2023,Positive Regulation Of Signal Transduction By P53 Class Mediator (GO:1901798),3/21,0.4059548017095379,0.6967827167197583,0,0,1.361480801590944,1.2273932564790946,RPS20;MSX1;HIC1
GO_Biological_Process_2023,Regulation Of Dendritic Spine Development (GO:0060998),3/21,0.4059548017095379,0.6967827167197583,0,0,1.361480801590944,1.2273932564790946,SRGAP2C;MEF2C;SHANK3
GO_Biological_Process_2023,Regulation Of Membrane Protein Ectodomain Proteolysis (GO:0051043),3/21,0.4059548017095379,0.6967827167197583,0,0,1.361480801590944,1.2273932564790946,TIMP2;TIMP3;SH3D19
GO_Biological_Process_2023,Regulation Of Neurotransmitter Transport (GO:0051588),3/21,0.4059548017095379,0.6967827167197583,0,0,1.361480801590944,1.2273932564790946,MEF2C;MCTP1;KCNMB4
GO_Biological_Process_2023,Response To Cadmium Ion (GO:0046686),3/21,0.4059548017095379,0.6967827167197583,0,0,1.361480801590944,1.2273932564790946,JUN;FOS;MT1E
GO_Biological_Process_2023,Skin Epidermis Development (GO:0098773),3/21,0.4059548017095379,0.6967827167197583,0,0,1.361480801590944,1.2273932564790946,GATA6;DLL1;FGFR1
GO_Biological_Process_2023,Negative Regulation Of Hydrolase Activity (GO:0051346),6/47,0.4075773459915471,0.6967827167197583,0,0,1.1955478837876614,1.0730335862009492,CSTA;LRCH1;LRRK2;RDX;DAB2IP;NOS1
GO_Biological_Process_2023,Positive Regulation Of Cellular Metabolic Process (GO:0031325),7/56,0.4121648207982911,0.6967827167197583,0,0,1.1670935960591131,1.034432353506703,PDGFRB;PID1;PRKCE;AGTR1;PDGFB;GATA3;TGFBR2
GO_Biological_Process_2023,Monocarboxylic Acid Biosynthetic Process (GO:0072330),8/65,0.4155578945581653,0.6967827167197583,0,0,1.1466292225503962,1.0068933458550218,CYP27A1;CYP39A1;OSBPL6;PLA2G1B;ALDH1A2;DSEL;UST;ACACB
GO_Biological_Process_2023,Extrinsic Apoptotic Signaling Pathway Via Death Domain Receptors (GO:0008625),4/30,0.4170825629679955,0.6967827167197583,0,0,1.2567634385816204,1.0990032865337698,SPI1;SORT1;DAB2IP;ZDHHC3
GO_Biological_Process_2023,Negative Regulation Of Carbohydrate Metabolic Process (GO:0045912),4/30,0.4170825629679955,0.6967827167197583,0,0,1.2567634385816204,1.0990032865337698,TGFB1;NUPR1;CBFA2T3;FBP1
GO_Biological_Process_2023,Positive Regulation Of JUN Kinase Activity (GO:0043507),4/30,0.4170825629679955,0.6967827167197583,0,0,1.2567634385816204,1.0990032865337698,PTPN1;EDN1;DAB2IP;SASH1
GO_Biological_Process_2023,Regulation Of Calcium-Mediated Signaling (GO:0050848),4/30,0.4170825629679955,0.6967827167197583,0,0,1.2567634385816204,1.0990032865337698,LRRK2;RGN;CDH13;CMKLR1
GO_Biological_Process_2023,Regulation Of Dendritic Spine Morphogenesis (GO:0061001),4/30,0.4170825629679955,0.6967827167197583,0,0,1.2567634385816204,1.0990032865337698,ARHGAP44;LRRK2;PTEN;SHANK3
GO_Biological_Process_2023,Regulation Of Cell Cycle (GO:0051726),34/298,0.4176899691809248,0.6967827167197583,0,0,1.0524871621240337,0.9188379451728732,PPP1R15A;BEX1;HPGD;CITED2;JADE1;ADARB1;GATA3;PRDM11;TTC28;GRK5;RPS6KA2;GPER1;PRKACA;JUNB;JUN;TGFB2;JUND;TGFB1;GADD45B;DAPK3;DAB2IP;DHCR24;ALOX15B;TBX3;RHOB;BMP4;KAT2B;NR4A1;PPM1A;SFRP1;BMP2;CDK6;NUPR1;FGFR2
GO_Biological_Process_2023,Regulation Of mRNA Stability (GO:0043488),9/74,0.4181410177441757,0.6967827167197583,0,0,1.1312046444121917,0.986338664050766,FXR1;ZFP36;SLC11A1;CIRBP;AXIN2;VIM;RBM24;ZC3H14;ZFP36L2
GO_Biological_Process_2023,Sensory Perception Of Sound (GO:0007605),11/92,0.4217285871181768,0.6967827167197583,0,0,1.1095017941325327,0.9579364490642804,CLIC5;KCNE1;USP53;WFS1;SPNS2;COL4A3;DCDC2;ROR1;CACNA1D;CDC14A;CCDC50
GO_Biological_Process_2023,ATP Transport (GO:0015867),2/13,0.422726167616063,0.6967827167197583,0,0,1.4851542952460384,1.2787633940931595,CD47;SLC25A25
GO_Biological_Process_2023,Body Fluid Secretion (GO:0007589),2/13,0.422726167616063,0.6967827167197583,0,0,1.4851542952460384,1.2787633940931595,NPR1;ERBB4
GO_Biological_Process_2023,Cellular Modified Amino Acid Catabolic Process (GO:0042219),2/13,0.422726167616063,0.6967827167197583,0,0,1.4851542952460384,1.2787633940931595,CDO1;PCYOX1
GO_Biological_Process_2023,Cellular Response To Interleukin-4 (GO:0071353),2/13,0.422726167616063,0.6967827167197583,0,0,1.4851542952460384,1.2787633940931595,XCL1;GATA3
GO_Biological_Process_2023,Cytoplasmic Sequestering Of Protein (GO:0051220),2/13,0.422726167616063,0.6967827167197583,0,0,1.4851542952460384,1.2787633940931595,PTPRM;FLNA
GO_Biological_Process_2023,Endolysosomal Toll-Like Receptor Signaling Pathway (GO:0140894),2/13,0.422726167616063,0.6967827167197583,0,0,1.4851542952460384,1.2787633940931595,SCARA3;TLR8
GO_Biological_Process_2023,Inhibitory Synapse Assembly (GO:1904862),2/13,0.422726167616063,0.6967827167197583,0,0,1.4851542952460384,1.2787633940931595,GABRB2;SRGAP2C
GO_Biological_Process_2023,Intracellular Potassium Ion Homeostasis (GO:0030007),2/13,0.422726167616063,0.6967827167197583,0,0,1.4851542952460384,1.2787633940931595,ATP1A2;KCNJ2
GO_Biological_Process_2023,Intraciliary Retrograde Transport (GO:0035721),2/13,0.422726167616063,0.6967827167197583,0,0,1.4851542952460384,1.2787633940931595,DYNC2H1;IFT140
GO_Biological_Process_2023,Membrane Protein Intracellular Domain Proteolysis (GO:0031293),2/13,0.422726167616063,0.6967827167197583,0,0,1.4851542952460384,1.2787633940931595,TGFB1;APH1B
GO_Biological_Process_2023,Monoacylglycerol Metabolic Process (GO:0046462),2/13,0.422726167616063,0.6967827167197583,0,0,1.4851542952460384,1.2787633940931595,ABHD6;MGLL
GO_Biological_Process_2023,Myeloid Dendritic Cell Activation (GO:0001773),2/13,0.422726167616063,0.6967827167197583,0,0,1.4851542952460384,1.2787633940931595,HMGB1;TGFBR2
GO_Biological_Process_2023,"Negative Regulation Of DNA Damage Response, Signal Transduction By P53 Class Mediator (GO:0043518)",2/13,0.422726167616063,0.6967827167197583,0,0,1.4851542952460384,1.2787633940931595,CD74;CD44
GO_Biological_Process_2023,Negative Regulation Of Toll-Like Receptor Signaling Pathway (GO:0034122),2/13,0.422726167616063,0.6967827167197583,0,0,1.4851542952460384,1.2787633940931595,IRAK3;CD300LF
GO_Biological_Process_2023,Negative Regulation Of Viral Transcription (GO:0032897),2/13,0.422726167616063,0.6967827167197583,0,0,1.4851542952460384,1.2787633940931595,ZFP36;MID2
GO_Biological_Process_2023,Positive Regulation Of T-helper 17 Type Immune Response (GO:2000318),2/13,0.422726167616063,0.6967827167197583,0,0,1.4851542952460384,1.2787633940931595,PRKCQ;JAK2
GO_Biological_Process_2023,Positive Regulation Of Brown Fat Cell Differentiation (GO:0090336),2/13,0.422726167616063,0.6967827167197583,0,0,1.4851542952460384,1.2787633940931595,SOX13;PTGS2
GO_Biological_Process_2023,Positive Regulation Of Cellular Response To Insulin Stimulus (GO:1900078),2/13,0.422726167616063,0.6967827167197583,0,0,1.4851542952460384,1.2787633940931595,IGF2;SORBS1
GO_Biological_Process_2023,Positive Regulation Of Fatty Acid Biosynthetic Process (GO:0045723),2/13,0.422726167616063,0.6967827167197583,0,0,1.4851542952460384,1.2787633940931595,KAT2B;MID1IP1
GO_Biological_Process_2023,Positive Regulation Of Glycogen Biosynthetic Process (GO:0045725),2/13,0.422726167616063,0.6967827167197583,0,0,1.4851542952460384,1.2787633940931595,IGF2;SORBS1
GO_Biological_Process_2023,Positive Regulation Of Granulocyte Macrophage Colony-Stimulating Factor Production (GO:0032725),2/13,0.422726167616063,0.6967827167197583,0,0,1.4851542952460384,1.2787633940931595,LILRA2;IL17D
GO_Biological_Process_2023,Positive Regulation Of Insulin Secretion Involved In Cellular Response To Glucose Stimulus (GO:0035774),2/13,0.422726167616063,0.6967827167197583,0,0,1.4851542952460384,1.2787633940931595,ANO1;CFTR
GO_Biological_Process_2023,Positive Regulation Of Keratinocyte Differentiation (GO:0045618),2/13,0.422726167616063,0.6967827167197583,0,0,1.4851542952460384,1.2787633940931595,PRKCH;ZBED2
GO_Biological_Process_2023,Positive Regulation Of Leukocyte Degranulation (GO:0043302),2/13,0.422726167616063,0.6967827167197583,0,0,1.4851542952460384,1.2787633940931595,FGR;GAB2
GO_Biological_Process_2023,Positive Regulation Of Macrophage Chemotaxis (GO:0010759),2/13,0.422726167616063,0.6967827167197583,0,0,1.4851542952460384,1.2787633940931595,RARRES2;CMKLR1
GO_Biological_Process_2023,Potassium Ion Export Across Plasma Membrane (GO:0097623),2/13,0.422726167616063,0.6967827167197583,0,0,1.4851542952460384,1.2787633940931595,KCNE1;KCNT2
GO_Biological_Process_2023,Regulation Of ERBB Signaling Pathway (GO:1901184),2/13,0.422726167616063,0.6967827167197583,0,0,1.4851542952460384,1.2787633940931595,FER;MVB12B
GO_Biological_Process_2023,Regulation Of IRE1-mediated Unfolded Protein Response (GO:1903894),2/13,0.422726167616063,0.6967827167197583,0,0,1.4851542952460384,1.2787633940931595,PTPN1;DAB2IP
GO_Biological_Process_2023,Regulation Of T Cell Chemotaxis (GO:0010819),2/13,0.422726167616063,0.6967827167197583,0,0,1.4851542952460384,1.2787633940931595,CCL21;XCL1
GO_Biological_Process_2023,Regulation Of Intrinsic Apoptotic Signaling Pathway In Response To DNA Damage By P53 Class Mediator (GO:1902165),2/13,0.422726167616063,0.6967827167197583,0,0,1.4851542952460384,1.2787633940931595,CD74;CD44
GO_Biological_Process_2023,Regulation Of Leukocyte Migration (GO:0002685),2/13,0.422726167616063,0.6967827167197583,0,0,1.4851542952460384,1.2787633940931595,BST1;ANXA1
GO_Biological_Process_2023,Regulation Of Trophoblast Cell Migration (GO:1901163),2/13,0.422726167616063,0.6967827167197583,0,0,1.4851542952460384,1.2787633940931595,SYDE1;GJA1
GO_Biological_Process_2023,Response To UV-A (GO:0070141),2/13,0.422726167616063,0.6967827167197583,0,0,1.4851542952460384,1.2787633940931595,MME;CCND1
GO_Biological_Process_2023,Substrate-Dependent Cell Migration (GO:0006929),2/13,0.422726167616063,0.6967827167197583,0,0,1.4851542952460384,1.2787633940931595,P2RY12;VEGFC
GO_Biological_Process_2023,Positive Regulation Of Lymphocyte Differentiation (GO:0045621),5/39,0.4235929573151072,0.6967827167197583,0,0,1.201329406360615,1.0319206859419747,SMARCE1;SPI1;GATA3;GAS6;SMARCA2
GO_Biological_Process_2023,Positive Regulation Of Pattern Recognition Receptor Signaling Pathway (GO:0062208),5/39,0.4235929573151072,0.6967827167197583,0,0,1.201329406360615,1.0319206859419747,RSAD2;CAV1;HMGB1;TLR3;OASL
GO_Biological_Process_2023,Regulation Of Monoatomic Cation Transmembrane Transport (GO:1904062),5/39,0.4235929573151072,0.6967827167197583,0,0,1.201329406360615,1.0319206859419747,KCNE1;NEDD4L;CACNA1D;KCNN2;KCNAB1
GO_Biological_Process_2023,Regulation Of Receptor-Mediated Endocytosis (GO:0048259),5/39,0.4235929573151072,0.6967827167197583,0,0,1.201329406360615,1.0319206859419747,RAB21;HIP1;CCL21;SGIP1;CLU
GO_Biological_Process_2023,Regulation Of Protein-Containing Complex Assembly (GO:0043254),14/119,0.4247953278982865,0.6967827167197583,0,0,1.089360393603936,0.932653512529853,GSK3B;TGFB1;GSN;TFRC;DAB2IP;CLU;SPIDR;SELP;CDH5;HCK;TAL1;TPPP;CD36;CRYAB
GO_Biological_Process_2023,Potassium Ion Transmembrane Transport (GO:0071805),16/137,0.4259489952103567,0.6967827167197583,0,0,1.080378196469861,0.9220332893462346,KCNJ5;KCNE1;SLC12A4;SLC24A3;KCNJ8;KCNJ15;KCNJ16;ABCC9;ATP1A2;KCNA5;NALCN;KCNT2;SLC9A9;KCNN2;KCNJ2;KCNK3
GO_Biological_Process_2023,Positive Regulation Of Cellular Catabolic Process (GO:0031331),17/146,0.4263499770406543,0.6967827167197583,0,0,1.0767244929015165,0.9179019533247936,GSK3B;PTPN1;DAPK1;LRRK2;ZBTB20;PRR5L;HMGB1;FOXO3;SLC4A4;MID2;FOXO1;DCN;ULK2;PRKD1;OPTN;SH3D19;SNCA
GO_Biological_Process_2023,Chloride Transmembrane Transport (GO:1902476),6/48,0.4278119816202418,0.6967827167197583,0,0,1.1670168067226891,0.9908806816655792,GABRB2;SLC12A4;SLC1A1;ANO6;ANO5;CFTR
GO_Biological_Process_2023,Regulation Of DNA Binding (GO:0051101),6/48,0.4278119816202418,0.6967827167197583,0,0,1.1670168067226891,0.9908806816655792,SKI;JUN;TGFB1;PPARG;HMGB1;JAK2
GO_Biological_Process_2023,Regulation Of Intrinsic Apoptotic Signaling Pathway (GO:2001242),6/48,0.4278119816202418,0.6967827167197583,0,0,1.1670168067226891,0.9908806816655792,CAV1;DAPK2;RTKN2;NUPR1;BCL2L2;S100A8
GO_Biological_Process_2023,Endosome To Lysosome Transport (GO:0008333),7/57,0.4307130075112247,0.6967827167197583,0,0,1.143687356321839,0.9633430558504712,CCL14;PXK;SORT1;KIF13A;DENND3;GPRASP1;RHOB
GO_Biological_Process_2023,Membrane Lipid Biosynthetic Process (GO:0046467),7/57,0.4307130075112247,0.6967827167197583,0,0,1.143687356321839,0.9633430558504712,PPM1L;SPTLC3;ALDH3B1;SPNS2;ST3GAL6;PRKD1;SGMS2
GO_Biological_Process_2023,Negative Regulation Of Immune Response (GO:0050777),8/66,0.432781377655105,0.6967827167197583,0,0,1.1267963074580465,0.9437173505282164,FGR;PPP6C;HCK;FER;SPI1;MYO1C;IRAK3;FYN
GO_Biological_Process_2023,Protein O-linked Glycosylation (GO:0006493),11/93,0.4362171852685997,0.6967827167197583,0,0,1.0959094943321612,0.9091829861648488,B3GALNT1;GALNT5;GALNT13;ST6GALNAC2;GALNT18;B3GALT2;EOGT;B3GNT2;TMTC1;POMGNT2;ST3GAL1
GO_Biological_Process_2023,Dendritic Cell Differentiation (GO:0097028),3/22,0.436342258029499,0.6967827167197583,0,0,1.289751455278858,1.0696274438665083,GAS6;CLU;TGFBR2
GO_Biological_Process_2023,Membrane Protein Ectodomain Proteolysis (GO:0006509),3/22,0.436342258029499,0.6967827167197583,0,0,1.289751455278858,1.0696274438665083,BACE1;ERAP1;PRKCQ
GO_Biological_Process_2023,Natural Killer Cell Activation Involved In Immune Response (GO:0002323),3/22,0.436342258029499,0.6967827167197583,0,0,1.289751455278858,1.0696274438665083,FCGR3A;NKG7;VAMP2
GO_Biological_Process_2023,Natural Killer Cell Mediated Immunity (GO:0002228),3/22,0.436342258029499,0.6967827167197583,0,0,1.289751455278858,1.0696274438665083,FCGR3A;NKG7;KLRD1
GO_Biological_Process_2023,Negative Regulation Of G Protein-Coupled Receptor Signaling Pathway (GO:0045744),3/22,0.436342258029499,0.6967827167197583,0,0,1.289751455278858,1.0696274438665083,RGS2;GPRASP1;SNCA
GO_Biological_Process_2023,Negative Regulation Of Cell Development (GO:0010721),3/22,0.436342258029499,0.6967827167197583,0,0,1.289751455278858,1.0696274438665083,GSK3B;IL6;IL17D
GO_Biological_Process_2023,Negative Regulation Of Extrinsic Apoptotic Signaling Pathway In Absence Of Ligand (GO:2001240),3/22,0.436342258029499,0.6967827167197583,0,0,1.289751455278858,1.0696274438665083,EYA4;MAP2K5;PF4
GO_Biological_Process_2023,Negative Regulation Of Protein Localization To Nucleus (GO:1900181),3/22,0.436342258029499,0.6967827167197583,0,0,1.289751455278858,1.0696274438665083,GSK3B;LATS2;RAB23
GO_Biological_Process_2023,Negative Regulation Of Signal Transduction In Absence Of Ligand (GO:1901099),3/22,0.436342258029499,0.6967827167197583,0,0,1.289751455278858,1.0696274438665083,EYA4;MAP2K5;PF4
GO_Biological_Process_2023,Oxoacid Metabolic Process (GO:0043436),3/22,0.436342258029499,0.6967827167197583,0,0,1.289751455278858,1.0696274438665083,SULT1A1;SULT1A2;SULT1C4
GO_Biological_Process_2023,peptidyl-L-cysteine S-palmitoylation (GO:0018230),3/22,0.436342258029499,0.6967827167197583,0,0,1.289751455278858,1.0696274438665083,ZDHHC2;ZDHHC14;ZDHHC3
GO_Biological_Process_2023,peptidyl-S-diacylglycerol-L-cysteine Biosynthetic Process From Peptidyl-Cysteine (GO:0018231),3/22,0.436342258029499,0.6967827167197583,0,0,1.289751455278858,1.0696274438665083,ZDHHC2;ZDHHC14;ZDHHC3
GO_Biological_Process_2023,Platelet Dense Granule Organization (GO:0060155),3/22,0.436342258029499,0.6967827167197583,0,0,1.289751455278858,1.0696274438665083,F2R;AP1S2;AP1M1
GO_Biological_Process_2023,Positive Regulation Of Cilium Assembly (GO:0045724),3/22,0.436342258029499,0.6967827167197583,0,0,1.289751455278858,1.0696274438665083,GSK3B;ZMYND10;TAPT1
GO_Biological_Process_2023,Positive Regulation Of Protein Autophosphorylation (GO:0031954),3/22,0.436342258029499,0.6967827167197583,0,0,1.289751455278858,1.0696274438665083,RASSF2;PDGFB;CALM1
GO_Biological_Process_2023,Positive Regulation Of Viral Life Cycle (GO:1903902),3/22,0.436342258029499,0.6967827167197583,0,0,1.289751455278858,1.0696274438665083,CD74;CD4;HMGB1
GO_Biological_Process_2023,Regulation Of Dopamine Secretion (GO:0014059),3/22,0.436342258029499,0.6967827167197583,0,0,1.289751455278858,1.0696274438665083,SYT11;SYT15;SNCA
GO_Biological_Process_2023,Regulation Of Protein Export From Nucleus (GO:0046825),3/22,0.436342258029499,0.6967827167197583,0,0,1.289751455278858,1.0696274438665083,GSK3B;TPR;GAS6
GO_Biological_Process_2023,T Cell Activation (GO:0042110),13/111,0.4372452973069925,0.6967827167197583,0,0,1.08373086440662,0.8965281922461623,CD74;CCL21;CRTAM;PIK3R3;MSN;GATA3;PIK3R1;CD1C;FKBP1A;CD4;LEPR;CD44;NCK1
GO_Biological_Process_2023,Negative Regulation Of Protein Metabolic Process (GO:0051248),17/147,0.437860380683664,0.6967827167197583,0,0,1.0683815953100018,0.8823284800289296,TRIM71;PRNP;BTG2;EDN1;CSTA;IGFBP5;DAPK1;DAPK3;DAB2IP;IRAK3;LILRB2;CLU;FXR1;EDNRB;FLNA;CRYAB;LDLR
GO_Biological_Process_2023,Protein Glycosylation (GO:0006486),17/147,0.437860380683664,0.6967827167197583,0,0,1.0683815953100018,0.8823284800289296,B3GALNT1;GALNT5;GALNT13;ST6GALNAC2;TUSC3;ST8SIA1;GALNT18;POMGNT2;FUT1;B3GALT2;EOGT;MAN1C1;MGAT3;B3GNT2;SLC39A8;ST3GAL6;ST3GAL1
GO_Biological_Process_2023,B Cell Chemotaxis (GO:0035754),1/5,0.4387987544124891,0.6967827167197583,0,0,2.0419532324621734,1.6819862596678483,GAS6
GO_Biological_Process_2023,C-terminal Protein Deglutamylation (GO:0035609),1/5,0.4387987544124891,0.6967827167197583,0,0,2.0419532324621734,1.6819862596678483,AGTPBP1
GO_Biological_Process_2023,ISG15-protein Conjugation (GO:0032020),1/5,0.4387987544124891,0.6967827167197583,0,0,2.0419532324621734,1.6819862596678483,UBE2E2
GO_Biological_Process_2023,L-phenylalanine Catabolic Process (GO:0006559),1/5,0.4387987544124891,0.6967827167197583,0,0,2.0419532324621734,1.6819862596678483,QDPR
GO_Biological_Process_2023,L-phenylalanine Metabolic Process (GO:0006558),1/5,0.4387987544124891,0.6967827167197583,0,0,2.0419532324621734,1.6819862596678483,QDPR
GO_Biological_Process_2023,R-loop Processing (GO:0062176),1/5,0.4387987544124891,0.6967827167197583,0,0,2.0419532324621734,1.6819862596678483,NFAT5
GO_Biological_Process_2023,T-helper 2 Cell Differentiation (GO:0045064),1/5,0.4387987544124891,0.6967827167197583,0,0,2.0419532324621734,1.6819862596678483,GATA3
GO_Biological_Process_2023,TORC2 Signaling (GO:0038203),1/5,0.4387987544124891,0.6967827167197583,0,0,2.0419532324621734,1.6819862596678483,PRR5L
GO_Biological_Process_2023,Activation Of Transmembrane Receptor Protein Tyrosine Kinase Activity (GO:0007171),1/5,0.4387987544124891,0.6967827167197583,0,0,2.0419532324621734,1.6819862596678483,ANGPT1
GO_Biological_Process_2023,Adenylate Cyclase-Activating Dopamine Receptor Signaling Pathway (GO:0007191),1/5,0.4387987544124891,0.6967827167197583,0,0,2.0419532324621734,1.6819862596678483,GNG2
GO_Biological_Process_2023,Aminophospholipid Transport (GO:0015917),1/5,0.4387987544124891,0.6967827167197583,0,0,2.0419532324621734,1.6819862596678483,ATP8A2
GO_Biological_Process_2023,"Anterior/Posterior Axis Specification, Embryo (GO:0008595)",1/5,0.4387987544124891,0.6967827167197583,0,0,2.0419532324621734,1.6819862596678483,TBX3
GO_Biological_Process_2023,Aspartate Metabolic Process (GO:0006531),1/5,0.4387987544124891,0.6967827167197583,0,0,2.0419532324621734,1.6819862596678483,DDO
GO_Biological_Process_2023,Astrocyte Differentiation (GO:0048708),1/5,0.4387987544124891,0.6967827167197583,0,0,2.0419532324621734,1.6819862596678483,DLL1
GO_Biological_Process_2023,Attachment Of GPI Anchor To Protein (GO:0016255),1/5,0.4387987544124891,0.6967827167197583,0,0,2.0419532324621734,1.6819862596678483,PGAP1
GO_Biological_Process_2023,Axonemal Central Apparatus Assembly (GO:1904158),1/5,0.4387987544124891,0.6967827167197583,0,0,2.0419532324621734,1.6819862596678483,RSPH9
GO_Biological_Process_2023,Basic Amino Acid Transport (GO:0015802),1/5,0.4387987544124891,0.6967827167197583,0,0,2.0419532324621734,1.6819862596678483,SLC7A7
GO_Biological_Process_2023,Cardiolipin Acyl-Chain Remodeling (GO:0035965),1/5,0.4387987544124891,0.6967827167197583,0,0,2.0419532324621734,1.6819862596678483,PLA2G5
GO_Biological_Process_2023,Cellular Response To Cold (GO:0070417),1/5,0.4387987544124891,0.6967827167197583,0,0,2.0419532324621734,1.6819862596678483,FOXO1
GO_Biological_Process_2023,Cellular Response To Iron Ion (GO:0071281),1/5,0.4387987544124891,0.6967827167197583,0,0,2.0419532324621734,1.6819862596678483,BMP6
GO_Biological_Process_2023,Cellular Response To Magnesium Ion (GO:0071286),1/5,0.4387987544124891,0.6967827167197583,0,0,2.0419532324621734,1.6819862596678483,FBP1
GO_Biological_Process_2023,Cerebral Cortex Cell Migration (GO:0021795),1/5,0.4387987544124891,0.6967827167197583,0,0,2.0419532324621734,1.6819862596678483,LHX6
GO_Biological_Process_2023,Chitin Catabolic Process (GO:0006032),1/5,0.4387987544124891,0.6967827167197583,0,0,2.0419532324621734,1.6819862596678483,CHI3L2
GO_Biological_Process_2023,Chitin Metabolic Process (GO:0006030),1/5,0.4387987544124891,0.6967827167197583,0,0,2.0419532324621734,1.6819862596678483,CHI3L2
GO_Biological_Process_2023,Chondrocyte Development (GO:0002063),1/5,0.4387987544124891,0.6967827167197583,0,0,2.0419532324621734,1.6819862596678483,BMPR2
GO_Biological_Process_2023,Detection Of Molecule Of Bacterial Origin (GO:0032490),1/5,0.4387987544124891,0.6967827167197583,0,0,2.0419532324621734,1.6819862596678483,TLR4
GO_Biological_Process_2023,Detection Of Virus (GO:0009597),1/5,0.4387987544124891,0.6967827167197583,0,0,2.0419532324621734,1.6819862596678483,TLR3
GO_Biological_Process_2023,Embryonic Brain Development (GO:1990403),1/5,0.4387987544124891,0.6967827167197583,0,0,2.0419532324621734,1.6819862596678483,MFSD2A
GO_Biological_Process_2023,Embryonic Hindlimb Morphogenesis (GO:0035116),1/5,0.4387987544124891,0.6967827167197583,0,0,2.0419532324621734,1.6819862596678483,TBX4
GO_Biological_Process_2023,Erythrose 4-Phosphate/Phosphoenolpyruvate Family Amino Acid Catabolic Process (GO:1902222),1/5,0.4387987544124891,0.6967827167197583,0,0,2.0419532324621734,1.6819862596678483,QDPR
GO_Biological_Process_2023,Female Gonad Development (GO:0008585),1/5,0.4387987544124891,0.6967827167197583,0,0,2.0419532324621734,1.6819862596678483,NR2F2
GO_Biological_Process_2023,Galactolipid Biosynthetic Process (GO:0019375),1/5,0.4387987544124891,0.6967827167197583,0,0,2.0419532324621734,1.6819862596678483,B3GALT2
GO_Biological_Process_2023,Galactosylceramide Biosynthetic Process (GO:0006682),1/5,0.4387987544124891,0.6967827167197583,0,0,2.0419532324621734,1.6819862596678483,B3GALT2
GO_Biological_Process_2023,Gamma-Aminobutyric Acid Metabolic Process (GO:0009448),1/5,0.4387987544124891,0.6967827167197583,0,0,2.0419532324621734,1.6819862596678483,ALDH1A1
GO_Biological_Process_2023,Hexose Import Across Plasma Membrane (GO:0140271),1/5,0.4387987544124891,0.6967827167197583,0,0,2.0419532324621734,1.6819862596678483,SLC2A3
GO_Biological_Process_2023,Humoral Immune Response Mediated By Circulating Immunoglobulin (GO:0002455),1/5,0.4387987544124891,0.6967827167197583,0,0,2.0419532324621734,1.6819862596678483,C1QB
GO_Biological_Process_2023,Imitative Learning (GO:0098596),1/5,0.4387987544124891,0.6967827167197583,0,0,2.0419532324621734,1.6819862596678483,SHANK3
GO_Biological_Process_2023,Induction Of Bacterial Agglutination (GO:0043152),1/5,0.4387987544124891,0.6967827167197583,0,0,2.0419532324621734,1.6819862596678483,SFTPD
GO_Biological_Process_2023,Interleukin-27-Mediated Signaling Pathway (GO:0070106),1/5,0.4387987544124891,0.6967827167197583,0,0,2.0419532324621734,1.6819862596678483,OASL
GO_Biological_Process_2023,Interleukin-5-Mediated Signaling Pathway (GO:0038043),1/5,0.4387987544124891,0.6967827167197583,0,0,2.0419532324621734,1.6819862596678483,JAK2
GO_Biological_Process_2023,Intracellular Phosphate Ion Homeostasis (GO:0030643),1/5,0.4387987544124891,0.6967827167197583,0,0,2.0419532324621734,1.6819862596678483,SLC34A2
GO_Biological_Process_2023,Intracellular Water Homeostasis (GO:0009992),1/5,0.4387987544124891,0.6967827167197583,0,0,2.0419532324621734,1.6819862596678483,AQP4
GO_Biological_Process_2023,Leukocyte Apoptotic Process (GO:0071887),1/5,0.4387987544124891,0.6967827167197583,0,0,2.0419532324621734,1.6819862596678483,IL6
GO_Biological_Process_2023,Leukocyte Chemotaxis Involved In Inflammatory Response (GO:0002232),1/5,0.4387987544124891,0.6967827167197583,0,0,2.0419532324621734,1.6819862596678483,PTN
GO_Biological_Process_2023,Lipoprotein Metabolic Process (GO:0042157),1/5,0.4387987544124891,0.6967827167197583,0,0,2.0419532324621734,1.6819862596678483,OLR1
GO_Biological_Process_2023,mRNA 5'-Splice Site Recognition (GO:0000395),1/5,0.4387987544124891,0.6967827167197583,0,0,2.0419532324621734,1.6819862596678483,PSIP1
GO_Biological_Process_2023,Maintenance Of DNA Repeat Elements (GO:0043570),1/5,0.4387987544124891,0.6967827167197583,0,0,2.0419532324621734,1.6819862596678483,TCF7L2
GO_Biological_Process_2023,Mesenchymal Cell Differentiation Involved In Kidney Development (GO:0072161),1/5,0.4387987544124891,0.6967827167197583,0,0,2.0419532324621734,1.6819862596678483,TCF21
GO_Biological_Process_2023,Mesodermal Cell Fate Commitment (GO:0001710),1/5,0.4387987544124891,0.6967827167197583,0,0,2.0419532324621734,1.6819862596678483,KLF4
GO_Biological_Process_2023,Metanephric Collecting Duct Development (GO:0072205),1/5,0.4387987544124891,0.6967827167197583,0,0,2.0419532324621734,1.6819862596678483,PTCH1
GO_Biological_Process_2023,Mitochondrial Protein Catabolic Process (GO:0035694),1/5,0.4387987544124891,0.6967827167197583,0,0,2.0419532324621734,1.6819862596678483,SPATA18
GO_Biological_Process_2023,Morphogenesis Of An Endothelium (GO:0003159),1/5,0.4387987544124891,0.6967827167197583,0,0,2.0419532324621734,1.6819862596678483,RHOB
GO_Biological_Process_2023,Negative Regulation Of Arp2/3 Complex-Mediated Actin Nucleation (GO:0034316),1/5,0.4387987544124891,0.6967827167197583,0,0,2.0419532324621734,1.6819862596678483,GMFG
GO_Biological_Process_2023,Negative Regulation Of Actin Filament Depolymerization (GO:0030835),1/5,0.4387987544124891,0.6967827167197583,0,0,2.0419532324621734,1.6819862596678483,PLEKHH2
GO_Biological_Process_2023,Negative Regulation Of Amyloid Precursor Protein Biosynthetic Process (GO:0042985),1/5,0.4387987544124891,0.6967827167197583,0,0,2.0419532324621734,1.6819862596678483,ITM2A
GO_Biological_Process_2023,Negative Regulation Of Astrocyte Differentiation (GO:0048712),1/5,0.4387987544124891,0.6967827167197583,0,0,2.0419532324621734,1.6819862596678483,LDLR
GO_Biological_Process_2023,Negative Regulation Of Calcium Ion Import (GO:0090281),1/5,0.4387987544124891,0.6967827167197583,0,0,2.0419532324621734,1.6819862596678483,PLN
GO_Biological_Process_2023,Negative Regulation Of Cardiac Muscle Cell Apoptotic Process (GO:0010667),1/5,0.4387987544124891,0.6967827167197583,0,0,2.0419532324621734,1.6819862596678483,NUPR1
GO_Biological_Process_2023,Negative Regulation Of Cardiac Muscle Tissue Growth (GO:0055022),1/5,0.4387987544124891,0.6967827167197583,0,0,2.0419532324621734,1.6819862596678483,TBX5
GO_Biological_Process_2023,Negative Regulation Of Endoplasmic Reticulum Calcium Ion Concentration (GO:0032471),1/5,0.4387987544124891,0.6967827167197583,0,0,2.0419532324621734,1.6819862596678483,TGM2
GO_Biological_Process_2023,Negative Regulation Of Erythrocyte Differentiation (GO:0045647),1/5,0.4387987544124891,0.6967827167197583,0,0,2.0419532324621734,1.6819862596678483,ZFP36
GO_Biological_Process_2023,Negative Regulation Of Fibroblast Migration (GO:0010764),1/5,0.4387987544124891,0.6967827167197583,0,0,2.0419532324621734,1.6819862596678483,HYAL2
GO_Biological_Process_2023,Negative Regulation Of Glial Cell Proliferation (GO:0060253),1/5,0.4387987544124891,0.6967827167197583,0,0,2.0419532324621734,1.6819862596678483,SKI
GO_Biological_Process_2023,Negative Regulation Of Glucocorticoid Receptor Signaling Pathway (GO:2000323),1/5,0.4387987544124891,0.6967827167197583,0,0,2.0419532324621734,1.6819862596678483,CRY2
GO_Biological_Process_2023,Negative Regulation Of Lens Fiber Cell Differentiation (GO:1902747),1/5,0.4387987544124891,0.6967827167197583,0,0,2.0419532324621734,1.6819862596678483,SPRY1
GO_Biological_Process_2023,Negative Regulation Of Lipoprotein Lipase Activity (GO:0051005),1/5,0.4387987544124891,0.6967827167197583,0,0,2.0419532324621734,1.6819862596678483,SORT1
GO_Biological_Process_2023,Negative Regulation Of Meiotic Cell Cycle (GO:0051447),1/5,0.4387987544124891,0.6967827167197583,0,0,2.0419532324621734,1.6819862596678483,DUSP1
GO_Biological_Process_2023,Negative Regulation Of Nervous System Process (GO:0031645),1/5,0.4387987544124891,0.6967827167197583,0,0,2.0419532324621734,1.6819862596678483,JAM2
GO_Biological_Process_2023,Negative Regulation Of Neuron Migration (GO:2001223),1/5,0.4387987544124891,0.6967827167197583,0,0,2.0419532324621734,1.6819862596678483,CX3CL1
GO_Biological_Process_2023,Negative Regulation Of Protein Localization To Chromatin (GO:0120186),1/5,0.4387987544124891,0.6967827167197583,0,0,2.0419532324621734,1.6819862596678483,SPI1
GO_Biological_Process_2023,Negative Regulation Of Sequestering Of Triglyceride (GO:0010891),1/5,0.4387987544124891,0.6967827167197583,0,0,2.0419532324621734,1.6819862596678483,PPARG
GO_Biological_Process_2023,Negative Regulation Of Trophoblast Cell Migration (GO:1901164),1/5,0.4387987544124891,0.6967827167197583,0,0,2.0419532324621734,1.6819862596678483,GJA1
GO_Biological_Process_2023,Nephron Tubule Development (GO:0072080),1/5,0.4387987544124891,0.6967827167197583,0,0,2.0419532324621734,1.6819862596678483,MEF2C
GO_Biological_Process_2023,Neuroblast Proliferation (GO:0007405),1/5,0.4387987544124891,0.6967827167197583,0,0,2.0419532324621734,1.6819862596678483,EML1
GO_Biological_Process_2023,Neurotransmitter Loading Into Synaptic Vesicle (GO:0098700),1/5,0.4387987544124891,0.6967827167197583,0,0,2.0419532324621734,1.6819862596678483,SLC18A2
GO_Biological_Process_2023,Neurotransmitter-Gated Ion Channel Clustering (GO:0072578),1/5,0.4387987544124891,0.6967827167197583,0,0,2.0419532324621734,1.6819862596678483,SHANK3
GO_Biological_Process_2023,Neutrophil Degranulation (GO:0043312),1/5,0.4387987544124891,0.6967827167197583,0,0,2.0419532324621734,1.6819862596678483,VAMP2
GO_Biological_Process_2023,Neutrophil Extravasation (GO:0072672),1/5,0.4387987544124891,0.6967827167197583,0,0,2.0419532324621734,1.6819862596678483,PECAM1
GO_Biological_Process_2023,"Pentose-Phosphate Shunt, Non-Oxidative Branch (GO:0009052)",1/5,0.4387987544124891,0.6967827167197583,0,0,2.0419532324621734,1.6819862596678483,PHACTR1
GO_Biological_Process_2023,Pericardium Morphogenesis (GO:0003344),1/5,0.4387987544124891,0.6967827167197583,0,0,2.0419532324621734,1.6819862596678483,FLRT3
GO_Biological_Process_2023,Photoreceptor Cell Differentiation (GO:0046530),1/5,0.4387987544124891,0.6967827167197583,0,0,2.0419532324621734,1.6819862596678483,NKD1
GO_Biological_Process_2023,Plus-End-Directed Organelle Transport Along Microtubule (GO:0072386),1/5,0.4387987544124891,0.6967827167197583,0,0,2.0419532324621734,1.6819862596678483,KIF13A
GO_Biological_Process_2023,Positive Regulation Of NK T Cell Proliferation (GO:0051142),1/5,0.4387987544124891,0.6967827167197583,0,0,2.0419532324621734,1.6819862596678483,JAK2
GO_Biological_Process_2023,Positive Regulation Of Cell-Cell Adhesion Mediated By Integrin (GO:0033634),1/5,0.4387987544124891,0.6967827167197583,0,0,2.0419532324621734,1.6819862596678483,PODXL
GO_Biological_Process_2023,Positive Regulation Of Cholesterol Biosynthetic Process (GO:0045542),1/5,0.4387987544124891,0.6967827167197583,0,0,2.0419532324621734,1.6819862596678483,SREBF2
GO_Biological_Process_2023,Positive Regulation Of Fever Generation (GO:0031622),1/5,0.4387987544124891,0.6967827167197583,0,0,2.0419532324621734,1.6819862596678483,PTGS2
GO_Biological_Process_2023,Positive Regulation Of Hemoglobin Biosynthetic Process (GO:0046985),1/5,0.4387987544124891,0.6967827167197583,0,0,2.0419532324621734,1.6819862596678483,KLF4
GO_Biological_Process_2023,Positive Regulation Of Intrinsic Apoptotic Signaling Pathway By P53 Class Mediator (GO:1902255),1/5,0.4387987544124891,0.6967827167197583,0,0,2.0419532324621734,1.6819862596678483,MSX1
GO_Biological_Process_2023,Positive Regulation Of Killing Of Cells Of Another Organism (GO:0051712),1/5,0.4387987544124891,0.6967827167197583,0,0,2.0419532324621734,1.6819862596678483,PRF1
GO_Biological_Process_2023,Positive Regulation Of Lipoprotein Particle Clearance (GO:0010986),1/5,0.4387987544124891,0.6967827167197583,0,0,2.0419532324621734,1.6819862596678483,GPIHBP1
GO_Biological_Process_2023,Positive Regulation Of Monoatomic Ion Transmembrane Transport (GO:0034767),1/5,0.4387987544124891,0.6967827167197583,0,0,2.0419532324621734,1.6819862596678483,TRPC6
GO_Biological_Process_2023,Positive Regulation Of Natural Killer Cell Mediated Cytotoxicity Directed Against Tumor Cell Target (GO:0002860),1/5,0.4387987544124891,0.6967827167197583,0,0,2.0419532324621734,1.6819862596678483,CRTAM
GO_Biological_Process_2023,Positive Regulation Of Natural Killer Cell Mediated Immune Response To Tumor Cell (GO:0002857),1/5,0.4387987544124891,0.6967827167197583,0,0,2.0419532324621734,1.6819862596678483,CRTAM
GO_Biological_Process_2023,Positive Regulation Of Osteoblast Proliferation (GO:0033690),1/5,0.4387987544124891,0.6967827167197583,0,0,2.0419532324621734,1.6819862596678483,TMEM119
GO_Biological_Process_2023,Positive Regulation Of Protein Localization To Cilium (GO:1903566),1/5,0.4387987544124891,0.6967827167197583,0,0,2.0419532324621734,1.6819862596678483,GSK3B
GO_Biological_Process_2023,Positive Regulation Of Receptor Binding (GO:1900122),1/5,0.4387987544124891,0.6967827167197583,0,0,2.0419532324621734,1.6819862596678483,BDNF
GO_Biological_Process_2023,Positive Regulation Of Sterol Biosynthetic Process (GO:0106120),1/5,0.4387987544124891,0.6967827167197583,0,0,2.0419532324621734,1.6819862596678483,SREBF2
GO_Biological_Process_2023,Positive Regulation Of Tau-Protein Kinase Activity (GO:1902949),1/5,0.4387987544124891,0.6967827167197583,0,0,2.0419532324621734,1.6819862596678483,EGR1
GO_Biological_Process_2023,Positive Regulation Of Toll-Like Receptor 7 Signaling Pathway (GO:0034157),1/5,0.4387987544124891,0.6967827167197583,0,0,2.0419532324621734,1.6819862596678483,RSAD2
GO_Biological_Process_2023,Positive Regulation Of Transcription Of Notch Receptor Target (GO:0007221),1/5,0.4387987544124891,0.6967827167197583,0,0,2.0419532324621734,1.6819862596678483,NOTCH4
GO_Biological_Process_2023,Positive Regulation Of Translation In Response To Stress (GO:0032056),1/5,0.4387987544124891,0.6967827167197583,0,0,2.0419532324621734,1.6819862596678483,NCK1
GO_Biological_Process_2023,Prepulse Inhibition (GO:0060134),1/5,0.4387987544124891,0.6967827167197583,0,0,2.0419532324621734,1.6819862596678483,PTEN
GO_Biological_Process_2023,Presynaptic Active Zone Organization (GO:1990709),1/5,0.4387987544124891,0.6967827167197583,0,0,2.0419532324621734,1.6819862596678483,CAST
GO_Biological_Process_2023,Protection From Natural Killer Cell Mediated Cytotoxicity (GO:0042270),1/5,0.4387987544124891,0.6967827167197583,0,0,2.0419532324621734,1.6819862596678483,HLA-E
GO_Biological_Process_2023,Protein Sulfation (GO:0006477),1/5,0.4387987544124891,0.6967827167197583,0,0,2.0419532324621734,1.6819862596678483,UST
GO_Biological_Process_2023,Protein Targeting To Vacuole Involved In Autophagy (GO:0071211),1/5,0.4387987544124891,0.6967827167197583,0,0,2.0419532324621734,1.6819862596678483,LAMP2
GO_Biological_Process_2023,Pteridine-Containing Compound Metabolic Process (GO:0042558),1/5,0.4387987544124891,0.6967827167197583,0,0,2.0419532324621734,1.6819862596678483,QDPR
GO_Biological_Process_2023,Purine Deoxyribonucleotide Catabolic Process (GO:0009155),1/5,0.4387987544124891,0.6967827167197583,0,0,2.0419532324621734,1.6819862596678483,SAMHD1
GO_Biological_Process_2023,Regulation Of 3'-UTR-mediated mRNA Stabilization (GO:1905868),1/5,0.4387987544124891,0.6967827167197583,0,0,2.0419532324621734,1.6819862596678483,RBM24
GO_Biological_Process_2023,Regulation Of Apoptotic DNA Fragmentation (GO:1902510),1/5,0.4387987544124891,0.6967827167197583,0,0,2.0419532324621734,1.6819862596678483,IL6
GO_Biological_Process_2023,Regulation Of cGMP-mediated Signaling (GO:0010752),1/5,0.4387987544124891,0.6967827167197583,0,0,2.0419532324621734,1.6819862596678483,PDE2A
GO_Biological_Process_2023,Regulation Of Enamel Mineralization (GO:0070173),1/5,0.4387987544124891,0.6967827167197583,0,0,2.0419532324621734,1.6819862596678483,CFTR
GO_Biological_Process_2023,Regulation Of Establishment Of T Cell Polarity (GO:1903903),1/5,0.4387987544124891,0.6967827167197583,0,0,2.0419532324621734,1.6819862596678483,GSN
GO_Biological_Process_2023,Regulation Of Fat Cell Proliferation (GO:0070344),1/5,0.4387987544124891,0.6967827167197583,0,0,2.0419532324621734,1.6819862596678483,PID1
GO_Biological_Process_2023,Regulation Of Glucagon Secretion (GO:0070092),1/5,0.4387987544124891,0.6967827167197583,0,0,2.0419532324621734,1.6819862596678483,IL6
GO_Biological_Process_2023,Regulation Of Guanylate Cyclase Activity (GO:0031282),1/5,0.4387987544124891,0.6967827167197583,0,0,2.0419532324621734,1.6819862596678483,NOS1
GO_Biological_Process_2023,Regulation Of Hepatocyte Proliferation (GO:2000345),1/5,0.4387987544124891,0.6967827167197583,0,0,2.0419532324621734,1.6819862596678483,PTN
GO_Biological_Process_2023,Regulation Of Histone Deacetylase Activity (GO:1901725),1/5,0.4387987544124891,0.6967827167197583,0,0,2.0419532324621734,1.6819862596678483,PRKD1
GO_Biological_Process_2023,Regulation Of Hormone Biosynthetic Process (GO:0046885),1/5,0.4387987544124891,0.6967827167197583,0,0,2.0419532324621734,1.6819862596678483,EGR1
GO_Biological_Process_2023,Regulation Of Interleukin-1-Mediated Signaling Pathway (GO:2000659),1/5,0.4387987544124891,0.6967827167197583,0,0,2.0419532324621734,1.6819862596678483,IL6
GO_Biological_Process_2023,Regulation Of Keratinocyte Apoptotic Process (GO:1902172),1/5,0.4387987544124891,0.6967827167197583,0,0,2.0419532324621734,1.6819862596678483,ZFP36
GO_Biological_Process_2023,Regulation Of mRNA Binding (GO:1902415),1/5,0.4387987544124891,0.6967827167197583,0,0,2.0419532324621734,1.6819862596678483,LARP6
GO_Biological_Process_2023,Regulation Of mRNA Export From Nucleus (GO:0010793),1/5,0.4387987544124891,0.6967827167197583,0,0,2.0419532324621734,1.6819862596678483,TPR
GO_Biological_Process_2023,Regulation Of Macrophage Apoptotic Process (GO:2000109),1/5,0.4387987544124891,0.6967827167197583,0,0,2.0419532324621734,1.6819862596678483,MEF2C
GO_Biological_Process_2023,Regulation Of Macrophage Proliferation (GO:0120040),1/5,0.4387987544124891,0.6967827167197583,0,0,2.0419532324621734,1.6819862596678483,IL33
GO_Biological_Process_2023,Regulation Of Mast Cell Chemotaxis (GO:0060753),1/5,0.4387987544124891,0.6967827167197583,0,0,2.0419532324621734,1.6819862596678483,VEGFC
GO_Biological_Process_2023,Regulation Of Monoatomic Anion Transport (GO:0044070),1/5,0.4387987544124891,0.6967827167197583,0,0,2.0419532324621734,1.6819862596678483,CA2
GO_Biological_Process_2023,Regulation Of Non-Motile Cilium Assembly (GO:1902855),1/5,0.4387987544124891,0.6967827167197583,0,0,2.0419532324621734,1.6819862596678483,MAP4
GO_Biological_Process_2023,Regulation Of Peptidyl-Cysteine S-nitrosylation (GO:2000169),1/5,0.4387987544124891,0.6967827167197583,0,0,2.0419532324621734,1.6819862596678483,DMD
GO_Biological_Process_2023,Regulation Of Plasma Membrane Repair (GO:1905684),1/5,0.4387987544124891,0.6967827167197583,0,0,2.0419532324621734,1.6819862596678483,SYTL4
GO_Biological_Process_2023,Regulation Of Post-Transcriptional Gene Silencing By RNA (GO:1900368),1/5,0.4387987544124891,0.6967827167197583,0,0,2.0419532324621734,1.6819862596678483,TRIM71
GO_Biological_Process_2023,Regulation Of pre-miRNA Processing (GO:2000631),1/5,0.4387987544124891,0.6967827167197583,0,0,2.0419532324621734,1.6819862596678483,HOXB-AS3
GO_Biological_Process_2023,Regulation Of Protein Autoubiquitination (GO:1902498),1/5,0.4387987544124891,0.6967827167197583,0,0,2.0419532324621734,1.6819862596678483,SASH1
GO_Biological_Process_2023,Regulation Of Relaxation Of Cardiac Muscle (GO:1901897),1/5,0.4387987544124891,0.6967827167197583,0,0,2.0419532324621734,1.6819862596678483,PLN
GO_Biological_Process_2023,"Regulation Of Retrograde Transport, Endosome To Golgi (GO:1905279)",1/5,0.4387987544124891,0.6967827167197583,0,0,2.0419532324621734,1.6819862596678483,LRRK2
GO_Biological_Process_2023,Regulation Of Ribonuclease Activity (GO:0060700),1/5,0.4387987544124891,0.6967827167197583,0,0,2.0419532324621734,1.6819862596678483,OASL
GO_Biological_Process_2023,Regulation Of Ribonucleoprotein Complex Localization (GO:2000197),1/5,0.4387987544124891,0.6967827167197583,0,0,2.0419532324621734,1.6819862596678483,TPR
GO_Biological_Process_2023,Regulation Of Sarcomere Organization (GO:0060297),1/5,0.4387987544124891,0.6967827167197583,0,0,2.0419532324621734,1.6819862596678483,EDN1
GO_Biological_Process_2023,Regulation Of Thymocyte Apoptotic Process (GO:0070243),1/5,0.4387987544124891,0.6967827167197583,0,0,2.0419532324621734,1.6819862596678483,BMP4
GO_Biological_Process_2023,Regulation Of Translation In Response To Endoplasmic Reticulum Stress (GO:0036490),1/5,0.4387987544124891,0.6967827167197583,0,0,2.0419532324621734,1.6819862596678483,NCK1
GO_Biological_Process_2023,Regulation Of Type 2 Immune Response (GO:0002828),1/5,0.4387987544124891,0.6967827167197583,0,0,2.0419532324621734,1.6819862596678483,CD74
GO_Biological_Process_2023,Regulation Of Voltage-Gated Sodium Channel Activity (GO:1905150),1/5,0.4387987544124891,0.6967827167197583,0,0,2.0419532324621734,1.6819862596678483,FGF14
GO_Biological_Process_2023,Reproductive System Development (GO:0061458),1/5,0.4387987544124891,0.6967827167197583,0,0,2.0419532324621734,1.6819862596678483,TBX3
GO_Biological_Process_2023,Response To Bile Acid (GO:1903412),1/5,0.4387987544124891,0.6967827167197583,0,0,2.0419532324621734,1.6819862596678483,FGFR4
GO_Biological_Process_2023,Response To Gonadotropin (GO:0034698),1/5,0.4387987544124891,0.6967827167197583,0,0,2.0419532324621734,1.6819862596678483,TGFBR3
GO_Biological_Process_2023,Response To Manganese Ion (GO:0010042),1/5,0.4387987544124891,0.6967827167197583,0,0,2.0419532324621734,1.6819862596678483,LRRK2
GO_Biological_Process_2023,Response To Testosterone (GO:0033574),1/5,0.4387987544124891,0.6967827167197583,0,0,2.0419532324621734,1.6819862596678483,MSN
GO_Biological_Process_2023,Telencephalon Cell Migration (GO:0022029),1/5,0.4387987544124891,0.6967827167197583,0,0,2.0419532324621734,1.6819862596678483,LRRK2
GO_Biological_Process_2023,Thiamine Transmembrane Transport (GO:0071934),1/5,0.4387987544124891,0.6967827167197583,0,0,2.0419532324621734,1.6819862596678483,SLC19A3
GO_Biological_Process_2023,Thiamine-Containing Compound Metabolic Process (GO:0042723),1/5,0.4387987544124891,0.6967827167197583,0,0,2.0419532324621734,1.6819862596678483,SLC19A3
GO_Biological_Process_2023,Tripartite Regional Subdivision (GO:0007351),1/5,0.4387987544124891,0.6967827167197583,0,0,2.0419532324621734,1.6819862596678483,TBX3
GO_Biological_Process_2023,Venous Blood Vessel Morphogenesis (GO:0048845),1/5,0.4387987544124891,0.6967827167197583,0,0,2.0419532324621734,1.6819862596678483,ENG
GO_Biological_Process_2023,Ventricular Compact Myocardium Morphogenesis (GO:0003223),1/5,0.4387987544124891,0.6967827167197583,0,0,2.0419532324621734,1.6819862596678483,TGFBR3
GO_Biological_Process_2023,Vocal Learning (GO:0042297),1/5,0.4387987544124891,0.6967827167197583,0,0,2.0419532324621734,1.6819862596678483,SHANK3
GO_Biological_Process_2023,Xenobiotic Transport Across Blood-Brain Barrier (GO:1990962),1/5,0.4387987544124891,0.6967827167197583,0,0,2.0419532324621734,1.6819862596678483,ABCG2
GO_Biological_Process_2023,Zymogen Inhibition (GO:0097341),1/5,0.4387987544124891,0.6967827167197583,0,0,2.0419532324621734,1.6819862596678483,CAST
GO_Biological_Process_2023,Negative Regulation Of DNA Biosynthetic Process (GO:2000279),4/31,0.4425247469462529,0.7011515447210086,0,0,1.2101486242900383,0.9865844251365758,ACVRL1;BMPR2;DACH1;STON1
GO_Biological_Process_2023,Non-Motile Cilium Assembly (GO:1905515),4/31,0.4425247469462529,0.7011515447210086,0,0,1.2101486242900383,0.9865844251365758,ARL13B;IFT57;CC2D2A;ENKD1
GO_Biological_Process_2023,Receptor Signaling Pathway Via STAT (GO:0097696),4/31,0.4425247469462529,0.7011515447210086,0,0,1.2101486242900383,0.9865844251365758,GHR;MYO1C;JAK2;PIAS1
GO_Biological_Process_2023,Regulation Of Extrinsic Apoptotic Signaling Pathway Via Death Domain Receptors (GO:1902041),4/31,0.4425247469462529,0.7011515447210086,0,0,1.2101486242900383,0.9865844251365758,GSK3B;SFRP1;CFLAR;BMP5
GO_Biological_Process_2023,Regulation Of Protein Autophosphorylation (GO:0031952),4/31,0.4425247469462529,0.7011515447210086,0,0,1.2101486242900383,0.9865844251365758,RASSF2;PDGFB;CALM1;ENG
GO_Biological_Process_2023,Toll-Like Receptor Signaling Pathway (GO:0002224),4/31,0.4425247469462529,0.7011515447210086,0,0,1.2101486242900383,0.9865844251365758,TLR8;IRAK3;TLR4;TLR3
GO_Biological_Process_2023,Establishment Or Maintenance Of Epithelial Cell Apical/Basal Polarity (GO:0045197),5/40,0.4459144290366248,0.7049694782864735,0,0,1.166940087932279,0.9424537326631162,PDCD6IP;MSN;LIN7A;MYO9A;PARD3B
GO_Biological_Process_2023,Negative Regulation Of Secretion By Cell (GO:1903531),5/40,0.4459144290366248,0.7049694782864735,0,0,1.166940087932279,0.9424537326631162,ANXA1;RSAD2;SYT11;STXBP6;SNCA
GO_Biological_Process_2023,Regulation Of Cytokine-Mediated Signaling Pathway (GO:0001959),5/40,0.4459144290366248,0.7049694782864735,0,0,1.166940087932279,0.9424537326631162,CD74;PTPN1;TSLP;IRAK3;GAS6
GO_Biological_Process_2023,Regulation Of Glycolytic Process (GO:0006110),5/40,0.4459144290366248,0.7049694782864735,0,0,1.166940087932279,0.9424537326631162,ZBTB20;NUPR1;SLC4A4;CBFA2T3;FBP1
GO_Biological_Process_2023,Regulation Of Microtubule Polymerization (GO:0031113),5/40,0.4459144290366248,0.7049694782864735,0,0,1.166940087932279,0.9424537326631162,CDH5;NAV3;MAP2;SLAIN2;SNCA
GO_Biological_Process_2023,Regulation Of Small Molecule Metabolic Process (GO:0062012),5/40,0.4459144290366248,0.7049694782864735,0,0,1.166940087932279,0.9424537326631162,ACADL;EPHX2;PDK4;RORA;ABCG1
GO_Biological_Process_2023,Negative Regulation Of T Cell Activation (GO:0050868),6/49,0.4479360495915104,0.7079062577945658,0,0,1.139812756497948,0.9153890994965987,CD274;SFTPD;CTSG;VSIG4;PLA2G5;LILRB2
GO_Biological_Process_2023,mRNA Transport (GO:0051028),7/58,0.4491824673189112,0.7093565784663085,0,0,1.1211990083389678,0.8973248159682832,HHEX;ZFP36;DDX19B;NXF3;RBM8A;PEG10;TPR
GO_Biological_Process_2023,Positive Regulation Of Mitochondrion Organization (GO:0010822),7/58,0.4491824673189112,0.7093565784663085,0,0,1.1211990083389678,0.8973248159682832,GSK3B;FAM162A;GPER1;KDR;TNFSF10;PPARGC1A;DCN
GO_Biological_Process_2023,Negative Regulation Of Cellular Catabolic Process (GO:0031330),8/67,0.4499470735171112,0.7100444494697814,0,0,1.1076356945722172,0.884585908297824,HGF;LEPR;TIMP2;TIMP3;MTMR9;NUPR1;RASIP1;MFSD2A
GO_Biological_Process_2023,Regulation Of Viral Genome Replication (GO:0045069),8/67,0.4499470735171112,0.7100444494697814,0,0,1.1076356945722172,0.884585908297824,NR5A2;RSAD2;SLPI;VAPB;TMEM39A;ADARB1;N4BP1;OASL
GO_Biological_Process_2023,Vesicle-Mediated Transport (GO:0016192),46/411,0.4501630058988586,0.7101255604749538,0,0,1.0297547586065363,0.8218941539516031,CCL14;STX12;PXK;TINAGL1;HIP1;ARL6;LRRK2;DENND3;ADRB2;STX11;NCALD;CORO1C;RHOBTB2;DPYSL2;KIF13A;AP1S2;REPS2;KIF1C;ANXA8;GPRASP1;BVES;LDLR;AP1M1;RAB2A;SCARA5;SORT1;CAV2;RAB3IP;EXOC6B;ARAP3;RASSF9;TBC1D2B;SYTL4;PRSS12;RAB11A;RHOB;EHD1;DNM3;EHD2;RAB14;SYT11;MYO5B;RHOJ;PIK3C3;PRKD1;VAMP2
GO_Biological_Process_2023,Proteolysis (GO:0006508),37/330,0.4559011279890584,0.7179215170248195,0,0,1.0317270897475677,0.8104002903661774,FCN1;ENPEP;FCN3;CPB2;TINAGL1;CFH;CPQ;CTSW;PCSK5;TRHDE;PHEX;ADAMTS15;ADAMTS5;THBD;APH1B;ADAMTS1;CASP1;NAALAD2;CTSH;OLR1;CTSG;CTSF;TPSAB1;GGT1;ADAMTS8;CPA3;NAPSA;ACE;MME;HGF;PTCH1;ERAP1;PGC;FBXW2;BACE1;CNTN1;MMP19
GO_Biological_Process_2023,MHC Class II Protein Complex Assembly (GO:0002399),2/14,0.4614259240562672,0.7179215170248195,0,0,1.36131498470948,1.0528869524340925,HLA-DOA;HLA-DPA1
GO_Biological_Process_2023,Calcium Ion-Regulated Exocytosis Of Neurotransmitter (GO:0048791),2/14,0.4614259240562672,0.7179215170248195,0,0,1.36131498470948,1.0528869524340925,RIMS3;SYT11
GO_Biological_Process_2023,Cellular Response To ATP (GO:0071318),2/14,0.4614259240562672,0.7179215170248195,0,0,1.36131498470948,1.0528869524340925,P2RY12;P2RY1
GO_Biological_Process_2023,Ceramide Transport (GO:0035627),2/14,0.4614259240562672,0.7179215170248195,0,0,1.36131498470948,1.0528869524340925,ABCB1;VAPA
GO_Biological_Process_2023,Detection Of Mechanical Stimulus Involved In Sensory Perception (GO:0050974),2/14,0.4614259240562672,0.7179215170248195,0,0,1.36131498470948,1.0528869524340925,PIEZO2;SCN1A
GO_Biological_Process_2023,Establishment Of Apical/Basal Cell Polarity (GO:0035089),2/14,0.4614259240562672,0.7179215170248195,0,0,1.36131498470948,1.0528869524340925,MSN;MYO9A
GO_Biological_Process_2023,Formation Of Cytoplasmic Translation Initiation Complex (GO:0001732),2/14,0.4614259240562672,0.7179215170248195,0,0,1.36131498470948,1.0528869524340925,EIF3M;EIF3F
GO_Biological_Process_2023,Genitalia Development (GO:0048806),2/14,0.4614259240562672,0.7179215170248195,0,0,1.36131498470948,1.0528869524340925,FOXF2;TBX3
GO_Biological_Process_2023,Glucosamine-Containing Compound Metabolic Process (GO:1901071),2/14,0.4614259240562672,0.7179215170248195,0,0,1.36131498470948,1.0528869524340925,CHST7;MGAT3
GO_Biological_Process_2023,Icosanoid Transport (GO:0071715),2/14,0.4614259240562672,0.7179215170248195,0,0,1.36131498470948,1.0528869524340925,SLCO3A1;SLCO2A1
GO_Biological_Process_2023,Inner Dynein Arm Assembly (GO:0036159),2/14,0.4614259240562672,0.7179215170248195,0,0,1.36131498470948,1.0528869524340925,CCDC39;ZMYND10
GO_Biological_Process_2023,miRNA-mediated Gene Silencing By Inhibition Of Translation (GO:0035278),2/14,0.4614259240562672,0.7179215170248195,0,0,1.36131498470948,1.0528869524340925,TRIM71;ZFP36
GO_Biological_Process_2023,Monosaccharide Transmembrane Transport (GO:0015749),2/14,0.4614259240562672,0.7179215170248195,0,0,1.36131498470948,1.0528869524340925,SLC5A9;SLC2A12
GO_Biological_Process_2023,Myotube Cell Development (GO:0014904),2/14,0.4614259240562672,0.7179215170248195,0,0,1.36131498470948,1.0528869524340925,SKI;CAV2
GO_Biological_Process_2023,Negative Regulation Of Nucleocytoplasmic Transport (GO:0046823),2/14,0.4614259240562672,0.7179215170248195,0,0,1.36131498470948,1.0528869524340925,RAB23;TPR
GO_Biological_Process_2023,Negative Regulation Of Transcription Regulatory Region DNA Binding (GO:2000678),2/14,0.4614259240562672,0.7179215170248195,0,0,1.36131498470948,1.0528869524340925,HEY1;HEY2
GO_Biological_Process_2023,Nuclear Pore Organization (GO:0006999),2/14,0.4614259240562672,0.7179215170248195,0,0,1.36131498470948,1.0528869524340925,FXR1;TPR
GO_Biological_Process_2023,Pancreas Development (GO:0031016),2/14,0.4614259240562672,0.7179215170248195,0,0,1.36131498470948,1.0528869524340925,TCF7L2;FOXF1
GO_Biological_Process_2023,Peptide Antigen Assembly With MHC Class II Protein Complex (GO:0002503),2/14,0.4614259240562672,0.7179215170248195,0,0,1.36131498470948,1.0528869524340925,HLA-DOA;HLA-DPA1
GO_Biological_Process_2023,Polarized Epithelial Cell Differentiation (GO:0030859),2/14,0.4614259240562672,0.7179215170248195,0,0,1.36131498470948,1.0528869524340925,MSN;MYO9A
GO_Biological_Process_2023,Positive Regulation Of Glycogen Metabolic Process (GO:0070875),2/14,0.4614259240562672,0.7179215170248195,0,0,1.36131498470948,1.0528869524340925,IGF2;SORBS1
GO_Biological_Process_2023,Positive Regulation Of Histone Acetylation (GO:0035066),2/14,0.4614259240562672,0.7179215170248195,0,0,1.36131498470948,1.0528869524340925,NOS1;PPARGC1A
GO_Biological_Process_2023,Positive Regulation Of Long-Term Synaptic Potentiation (GO:1900273),2/14,0.4614259240562672,0.7179215170248195,0,0,1.36131498470948,1.0528869524340925,ZDHHC2;SHANK3
GO_Biological_Process_2023,"Positive Regulation Of Nuclear-Transcribed mRNA Catabolic Process, Deadenylation-Dependent Decay (GO:1900153)",2/14,0.4614259240562672,0.7179215170248195,0,0,1.36131498470948,1.0528869524340925,ZFP36;ZFP36L2
GO_Biological_Process_2023,Positive Regulation Of Transcription From RNA Polymerase II Promoter Involved In Cellular Response To Chemical Stimulus (GO:1901522),2/14,0.4614259240562672,0.7179215170248195,0,0,1.36131498470948,1.0528869524340925,BMP2;SMAD9
GO_Biological_Process_2023,Positive Regulation Of Transporter Activity (GO:0032411),2/14,0.4614259240562672,0.7179215170248195,0,0,1.36131498470948,1.0528869524340925,TRPC6;PPARGC1A
GO_Biological_Process_2023,Protein Homotrimerization (GO:0070207),2/14,0.4614259240562672,0.7179215170248195,0,0,1.36131498470948,1.0528869524340925,STEAP4;SCARA5
GO_Biological_Process_2023,Protein Trimerization (GO:0070206),2/14,0.4614259240562672,0.7179215170248195,0,0,1.36131498470948,1.0528869524340925,STEAP4;SCARA5
GO_Biological_Process_2023,Regulation Of ATP Biosynthetic Process (GO:2001169),2/14,0.4614259240562672,0.7179215170248195,0,0,1.36131498470948,1.0528869524340925,PID1;PPARGC1A
GO_Biological_Process_2023,Regulation Of MHC Class II Biosynthetic Process (GO:0045346),2/14,0.4614259240562672,0.7179215170248195,0,0,1.36131498470948,1.0528869524340925,JAK2;PF4
GO_Biological_Process_2023,Regulation Of Establishment Of Protein Localization (GO:0070201),2/14,0.4614259240562672,0.7179215170248195,0,0,1.36131498470948,1.0528869524340925,CORO2B;SPIDR
GO_Biological_Process_2023,Regulation Of Exit From Mitosis (GO:0007096),2/14,0.4614259240562672,0.7179215170248195,0,0,1.36131498470948,1.0528869524340925,RGCC;CDC14A
GO_Biological_Process_2023,Regulation Of Hemopoiesis (GO:1903706),2/14,0.4614259240562672,0.7179215170248195,0,0,1.36131498470948,1.0528869524340925,PTN;IL17D
GO_Biological_Process_2023,Regulation Of Leukocyte Activation (GO:0002694),2/14,0.4614259240562672,0.7179215170248195,0,0,1.36131498470948,1.0528869524340925,CD74;GPER1
GO_Biological_Process_2023,Regulation Of Macrophage Differentiation (GO:0045649),2/14,0.4614259240562672,0.7179215170248195,0,0,1.36131498470948,1.0528869524340925,ID2;PF4
GO_Biological_Process_2023,Regulation Of Nuclear-Transcribed mRNA poly(A) Tail Shortening (GO:0060211),2/14,0.4614259240562672,0.7179215170248195,0,0,1.36131498470948,1.0528869524340925,BTG2;ZFP36
GO_Biological_Process_2023,Synaptic Vesicle Membrane Organization (GO:0048499),2/14,0.4614259240562672,0.7179215170248195,0,0,1.36131498470948,1.0528869524340925,SYNGR1;STX11
GO_Biological_Process_2023,Axon Extension (GO:0048675),3/23,0.4661226644085058,0.7213285835737222,0,0,1.2251950435979808,0.9351992806960308,SEMA5A;ULK2;SLIT2
GO_Biological_Process_2023,Cell-Cell Signaling By Wnt (GO:0198738),3/23,0.4661226644085058,0.7213285835737222,0,0,1.2251950435979808,0.9351992806960308,FZD4;FERMT2;WLS
GO_Biological_Process_2023,Cellular Lipid Catabolic Process (GO:0044242),3/23,0.4661226644085058,0.7213285835737222,0,0,1.2251950435979808,0.9351992806960308,ACADL;ENPP2;PLBD1
GO_Biological_Process_2023,Cholesterol Efflux (GO:0033344),3/23,0.4661226644085058,0.7213285835737222,0,0,1.2251950435979808,0.9351992806960308,STX12;ABCA8;ABCG1
GO_Biological_Process_2023,Entrainment Of Circadian Clock By Photoperiod (GO:0043153),3/23,0.4661226644085058,0.7213285835737222,0,0,1.2251950435979808,0.9351992806960308,PER3;ID2;CRY2
GO_Biological_Process_2023,Heparan Sulfate Proteoglycan Biosynthetic Process (GO:0015012),3/23,0.4661226644085058,0.7213285835737222,0,0,1.2251950435979808,0.9351992806960308,CSGALNACT1;EXT1;NDST1
GO_Biological_Process_2023,Microtubule Nucleation (GO:0007020),3/23,0.4661226644085058,0.7213285835737222,0,0,1.2251950435979808,0.9351992806960308,SLAIN2;TPPP;CLASP2
GO_Biological_Process_2023,Negative Regulation Of Epidermal Growth Factor Receptor Signaling Pathway (GO:0042059),3/23,0.4661226644085058,0.7213285835737222,0,0,1.2251950435979808,0.9351992806960308,GPRC5A;ITGA1;DAB2IP
GO_Biological_Process_2023,Negative Regulation Of Extrinsic Apoptotic Signaling Pathway Via Death Domain Receptors (GO:1902042),3/23,0.4661226644085058,0.7213285835737222,0,0,1.2251950435979808,0.9351992806960308,GSK3B;CFLAR;BMP5
GO_Biological_Process_2023,Negative Regulation Of Oxidative Stress-Induced Cell Death (GO:1903202),3/23,0.4661226644085058,0.7213285835737222,0,0,1.2251950435979808,0.9351992806960308,LRRK2;FYN;NME5
GO_Biological_Process_2023,Negative Regulation Of Protein Tyrosine Kinase Activity (GO:0061099),3/23,0.4661226644085058,0.7213285835737222,0,0,1.2251950435979808,0.9351992806960308,GPRC5A;HYAL2;SH3BP5
GO_Biological_Process_2023,Potassium Ion Homeostasis (GO:0055075),3/23,0.4661226644085058,0.7213285835737222,0,0,1.2251950435979808,0.9351992806960308,SLC12A4;ATP1A2;KCNJ2
GO_Biological_Process_2023,Regulation Of Cholesterol Transport (GO:0032374),3/23,0.4661226644085058,0.7213285835737222,0,0,1.2251950435979808,0.9351992806960308,OSBPL6;LRP1;ABCA8
GO_Biological_Process_2023,Regulation Of Lipid Catabolic Process (GO:0050994),3/23,0.4661226644085058,0.7213285835737222,0,0,1.2251950435979808,0.9351992806960308,HPGD;RARRES2;PDE3B
GO_Biological_Process_2023,Regulation Of Toll-Like Receptor 4 Signaling Pathway (GO:0034143),3/23,0.4661226644085058,0.7213285835737222,0,0,1.2251950435979808,0.9351992806960308,APLP2;DAB2IP;LILRA2
GO_Biological_Process_2023,Positive Regulation Of Response To Stimulus (GO:0048584),9/77,0.4664281745932713,0.72140552093293,0,0,1.081115833355892,0.8245143277818286,TGFB2;C6;RSAD2;C7;PLA2G1B;EYA4;GATA3;C8B;CFP
GO_Biological_Process_2023,Left/Right Pattern Formation (GO:0060972),4/32,0.4676206071777096,0.72140552093293,0,0,1.1668634395907125,0.8869305436692527,DNAI2;LEFTY1;CITED2;DLL1
GO_Biological_Process_2023,Positive Regulation Of Synapse Assembly (GO:0051965),4/32,0.4676206071777096,0.72140552093293,0,0,1.1668634395907125,0.8869305436692527,PTPRD;CLSTN2;BDNF;SLITRK6
GO_Biological_Process_2023,Proteoglycan Biosynthetic Process (GO:0030166),4/32,0.4676206071777096,0.72140552093293,0,0,1.1668634395907125,0.8869305436692527,CSGALNACT1;EXT1;CHST9;BMPR2
GO_Biological_Process_2023,Purine Ribonucleoside Triphosphate Metabolic Process (GO:0009205),4/32,0.4676206071777096,0.72140552093293,0,0,1.1668634395907125,0.8869305436692527,LRRK2;RAB23;ATP1A2;GIMAP7
GO_Biological_Process_2023,Regulation Of Metaphase/Anaphase Transition Of Cell Cycle (GO:1902099),4/32,0.4676206071777096,0.72140552093293,0,0,1.1668634395907125,0.8869305436692527,SMARCE1;HECW2;RIOK2;SMARCA2
GO_Biological_Process_2023,Positive Regulation Of Developmental Growth (GO:0048639),6/50,0.4679026494673143,0.72140552093293,0,0,1.1138452540106951,0.8459599219804579,GHR;MACF1;BDNF;RUFY3;NEDD4L;DLL1
GO_Biological_Process_2023,Steroid Biosynthetic Process (GO:0006694),6/50,0.4679026494673143,0.72140552093293,0,0,1.1138452540106951,0.8459599219804579,CYP27A1;CYP39A1;OSBPL6;FAXDC2;MSMO1;LSS
GO_Biological_Process_2023,O-glycan Processing (GO:0016266),5/41,0.4680109959713169,0.72140552093293,0,0,1.1344612871944062,0.8613550335478372,GALNT5;GALNT13;ST6GALNAC2;B3GNT2;ST3GAL1
GO_Biological_Process_2023,Regulation Of Release Of Cytochrome C From Mitochondria (GO:0090199),5/41,0.4680109959713169,0.72140552093293,0,0,1.1344612871944062,0.8613550335478372,FAM162A;GPER1;HGF;TNFSF10;CLU
GO_Biological_Process_2023,Synaptic Vesicle Exocytosis (GO:0016079),5/41,0.4680109959713169,0.72140552093293,0,0,1.1344612871944062,0.8613550335478372,RIMS3;SYT11;STX11;VAMP2;SNCA
GO_Biological_Process_2023,Amide Biosynthetic Process (GO:0043604),6/51,0.4876679706303297,0.7276389007672074,0,0,1.089031862745098,0.7820560978956004,VAPA;SPTLC3;DMD;SGMS2;ABCA8;PCSK5
GO_Biological_Process_2023,Microtubule Bundle Formation (GO:0001578),6/51,0.4876679706303297,0.7276389007672074,0,0,1.089031862745098,0.7820560978956004,RSPH4A;RSPH1;TPPP3;RSPH9;TPPP;NCKAP5
GO_Biological_Process_2023,Regulation Of Stress-Activated MAPK Cascade (GO:0032872),6/51,0.4876679706303297,0.7276389007672074,0,0,1.089031862745098,0.7820560978956004,TGFBR3;TGFB2;DAB2IP;FAS;IGFBP6;FOXO1
GO_Biological_Process_2023,Ceramide Biosynthetic Process (GO:0046513),5/42,0.4898256714483892,0.7276389007672074,0,0,1.103738097307229,0.78774419755127,SPTLC3;SGMS2;ST6GALNAC3;ST6GALNAC5;ST6GALNAC6
GO_Biological_Process_2023,Lipid Modification (GO:0030258),5/42,0.4898256714483892,0.7276389007672074,0,0,1.103738097307229,0.78774419755127,DGKE;ALOX5;EPHX2;CYP3A5;ALOX15B
GO_Biological_Process_2023,Carboxylic Acid Metabolic Process (GO:0019752),4/33,0.4922921005926912,0.7276389007672074,0,0,1.126563440043064,0.7983764014919685,CSGALNACT1;PTGIS;SLC2A3;ST3GAL1
GO_Biological_Process_2023,Regulation Of NLRP3 Inflammasome Complex Assembly (GO:1900225),4/33,0.4922921005926912,0.7276389007672074,0,0,1.126563440043064,0.7983764014919685,PPP2CA;CD36;PRKD1;TLR4
GO_Biological_Process_2023,Early Endosome To Late Endosome Transport (GO:0045022),3/24,0.4951816253807679,0.7276389007672074,0,0,1.1667868616009964,0.8200535843949356,PXK;EMP2;PIK3C3
GO_Biological_Process_2023,Lipid Translocation (GO:0034204),3/24,0.4951816253807679,0.7276389007672074,0,0,1.1667868616009964,0.8200535843949356,ABCB1;ATP8A2;ATP10A
GO_Biological_Process_2023,Natural Killer Cell Mediated Cytotoxicity (GO:0042267),3/24,0.4951816253807679,0.7276389007672074,0,0,1.1667868616009964,0.8200535843949356,FCGR3A;NKG7;VAMP2
GO_Biological_Process_2023,Photoperiodism (GO:0009648),3/24,0.4951816253807679,0.7276389007672074,0,0,1.1667868616009964,0.8200535843949356,PER3;ID2;CRY2
GO_Biological_Process_2023,Positive Regulation Of Cell Cycle G2/M Phase Transition (GO:1902751),3/24,0.4951816253807679,0.7276389007672074,0,0,1.1667868616009964,0.8200535843949356,MECP2;CCND1;RAB11A
GO_Biological_Process_2023,Regulation Of Endoplasmic Reticulum Stress-Induced Intrinsic Apoptotic Signaling Pathway (GO:1902235),3/24,0.4951816253807679,0.7276389007672074,0,0,1.1667868616009964,0.8200535843949356,PTPN1;LRRK2;NCK1
GO_Biological_Process_2023,Regulation Of Microtubule Depolymerization (GO:0031114),3/24,0.4951816253807679,0.7276389007672074,0,0,1.1667868616009964,0.8200535843949356,NAV3;MID1IP1;CLASP2
GO_Biological_Process_2023,Response To Hexose (GO:0009746),3/24,0.4951816253807679,0.7276389007672074,0,0,1.1667868616009964,0.8200535843949356,TCF7L2;VAMP2;ZBED3
GO_Biological_Process_2023,Response To Purine-Containing Compound (GO:0014074),3/24,0.4951816253807679,0.7276389007672074,0,0,1.1667868616009964,0.8200535843949356,DUOX1;P2RY1;CLU
GO_Biological_Process_2023,Cellular Response To UV (GO:0034644),9/79,0.4981987155317693,0.7276389007672074,0,0,1.0501084741305635,0.7316696471231064,USP47;MFAP4;MME;HYAL1;HYAL2;NEDD4;CRIP1;N4BP1;AQP1
GO_Biological_Process_2023,Vesicle Fusion (GO:0006906),9/79,0.4981987155317693,0.7276389007672074,0,0,1.0501084741305635,0.7316696471231064,STX12;CAV2;SYT11;PLA2G5;STXBP6;VAMP2;RAB8B;NKD2;SNCA
GO_Biological_Process_2023,DNA Alkylation (GO:0006305),2/15,0.4985566453037783,0.7276389007672074,0,0,1.2565278757939309,0.8745912307003135,FOS;PPM1D
GO_Biological_Process_2023,Golgi To Endosome Transport (GO:0006895),2/15,0.4985566453037783,0.7276389007672074,0,0,1.2565278757939309,0.8745912307003135,RAB14;SORT1
GO_Biological_Process_2023,N-acetylglucosamine Metabolic Process (GO:0006044),2/15,0.4985566453037783,0.7276389007672074,0,0,1.2565278757939309,0.8745912307003135,CHST7;MGAT3
GO_Biological_Process_2023,T Cell Homeostasis (GO:0043029),2/15,0.4985566453037783,0.7276389007672074,0,0,1.2565278757939309,0.8745912307003135,PPP2CA;FAS
GO_Biological_Process_2023,Dendritic Spine Morphogenesis (GO:0060997),2/15,0.4985566453037783,0.7276389007672074,0,0,1.2565278757939309,0.8745912307003135,PTEN;SHANK3
GO_Biological_Process_2023,Intracellular Sterol Transport (GO:0032366),2/15,0.4985566453037783,0.7276389007672074,0,0,1.2565278757939309,0.8745912307003135,STARD4;ABCG1
GO_Biological_Process_2023,Keratan Sulfate Biosynthetic Process (GO:0018146),2/15,0.4985566453037783,0.7276389007672074,0,0,1.2565278757939309,0.8745912307003135,ST3GAL6;ST3GAL1
GO_Biological_Process_2023,Membrane Repolarization During Action Potential (GO:0086011),2/15,0.4985566453037783,0.7276389007672074,0,0,1.2565278757939309,0.8745912307003135,KCNE1;KCNJ2
GO_Biological_Process_2023,Negative Regulation Of Cation Transmembrane Transport (GO:1904063),2/15,0.4985566453037783,0.7276389007672074,0,0,1.2565278757939309,0.8745912307003135,CAV1;NEDD4L
GO_Biological_Process_2023,Negative Regulation Of Endoplasmic Reticulum Stress-Induced Intrinsic Apoptotic Signaling Pathway (GO:1902236),2/15,0.4985566453037783,0.7276389007672074,0,0,1.2565278757939309,0.8745912307003135,PTPN1;LRRK2
GO_Biological_Process_2023,Negative Regulation Of Immune Effector Process (GO:0002698),2/15,0.4985566453037783,0.7276389007672074,0,0,1.2565278757939309,0.8745912307003135,FER;CD47
GO_Biological_Process_2023,Phagosome Maturation (GO:0090382),2/15,0.4985566453037783,0.7276389007672074,0,0,1.2565278757939309,0.8745912307003135,SRPX;RAB14
GO_Biological_Process_2023,"Positive Regulation Of DNA Damage Response, Signal Transduction By P53 Class Mediator (GO:0043517)",2/15,0.4985566453037783,0.7276389007672074,0,0,1.2565278757939309,0.8745912307003135,MSX1;HIC1
GO_Biological_Process_2023,Positive Regulation Of Glucose Metabolic Process (GO:0010907),2/15,0.4985566453037783,0.7276389007672074,0,0,1.2565278757939309,0.8745912307003135,PPARGC1A;FOXO1
GO_Biological_Process_2023,Positive Regulation Of Immunoglobulin Mediated Immune Response (GO:0002891),2/15,0.4985566453037783,0.7276389007672074,0,0,1.2565278757939309,0.8745912307003135,TFRC;XCL1
GO_Biological_Process_2023,Positive Regulation Of Isotype Switching (GO:0045830),2/15,0.4985566453037783,0.7276389007672074,0,0,1.2565278757939309,0.8745912307003135,TGFB1;TFRC
GO_Biological_Process_2023,Positive Regulation Of Secretion (GO:0051047),2/15,0.4985566453037783,0.7276389007672074,0,0,1.2565278757939309,0.8745912307003135,NPR1;AQP1
GO_Biological_Process_2023,Regulation Of Carbohydrate Metabolic Process (GO:0006109),2/15,0.4985566453037783,0.7276389007672074,0,0,1.2565278757939309,0.8745912307003135,PDK4;RORA
GO_Biological_Process_2023,Regulation Of Cholesterol Biosynthetic Process (GO:0045540),2/15,0.4985566453037783,0.7276389007672074,0,0,1.2565278757939309,0.8745912307003135,SREBF2;ABCG1
GO_Biological_Process_2023,Regulation Of Clathrin-Dependent Endocytosis (GO:2000369),2/15,0.4985566453037783,0.7276389007672074,0,0,1.2565278757939309,0.8745912307003135,CCL14;DAB2
GO_Biological_Process_2023,Regulation Of Granulocyte Macrophage Colony-Stimulating Factor Production (GO:0032645),2/15,0.4985566453037783,0.7276389007672074,0,0,1.2565278757939309,0.8745912307003135,LILRA2;IL17D
GO_Biological_Process_2023,Regulation Of Hormone Secretion (GO:0046883),2/15,0.4985566453037783,0.7276389007672074,0,0,1.2565278757939309,0.8745912307003135,EDN1;VAMP2
GO_Biological_Process_2023,Regulation Of Interleukin-13 Production (GO:0032656),2/15,0.4985566453037783,0.7276389007672074,0,0,1.2565278757939309,0.8745912307003135,TSLP;HLA-E
GO_Biological_Process_2023,Regulation Of rRNA Processing (GO:2000232),2/15,0.4985566453037783,0.7276389007672074,0,0,1.2565278757939309,0.8745912307003135,KAT2B;RIOK2
GO_Biological_Process_2023,Regulation Of Systemic Arterial Blood Pressure (GO:0003073),2/15,0.4985566453037783,0.7276389007672074,0,0,1.2565278757939309,0.8745912307003135,BMPR2;SPX
GO_Biological_Process_2023,AV Node Cell Action Potential (GO:0086016),1/6,0.5000410054855275,0.7276389007672074,0,0,1.6334708849151764,1.1321017813651495,SCN4B
GO_Biological_Process_2023,DNA Strand Resection Involved In Replication Fork Processing (GO:0110025),1/6,0.5000410054855275,0.7276389007672074,0,0,1.6334708849151764,1.1321017813651495,SAMHD1
GO_Biological_Process_2023,Adenosine To Inosine Editing (GO:0006382),1/6,0.5000410054855275,0.7276389007672074,0,0,1.6334708849151764,1.1321017813651495,ADARB1
GO_Biological_Process_2023,Aggrephagy (GO:0035973),1/6,0.5000410054855275,0.7276389007672074,0,0,1.6334708849151764,1.1321017813651495,MAP1LC3C
GO_Biological_Process_2023,Aldehyde Biosynthetic Process (GO:0046184),1/6,0.5000410054855275,0.7276389007672074,0,0,1.6334708849151764,1.1321017813651495,DDR2
GO_Biological_Process_2023,Antigen Processing And Presentation Of Endogenous Peptide Antigen Via MHC Class I (GO:0019885),1/6,0.5000410054855275,0.7276389007672074,0,0,1.6334708849151764,1.1321017813651495,ERAP1
GO_Biological_Process_2023,Antigen Processing And Presentation Of Exogenous Peptide Antigen Via MHC Class I (GO:0042590),1/6,0.5000410054855275,0.7276389007672074,0,0,1.6334708849151764,1.1321017813651495,FCER1G
GO_Biological_Process_2023,Autophagosome Membrane Docking (GO:0016240),1/6,0.5000410054855275,0.7276389007672074,0,0,1.6334708849151764,1.1321017813651495,CALM1
GO_Biological_Process_2023,Axon Extension Involved In Axon Guidance (GO:0048846),1/6,0.5000410054855275,0.7276389007672074,0,0,1.6334708849151764,1.1321017813651495,SLIT2
GO_Biological_Process_2023,Cellular Hypotonic Response (GO:0071476),1/6,0.5000410054855275,0.7276389007672074,0,0,1.6334708849151764,1.1321017813651495,MYLK
GO_Biological_Process_2023,Cellular Response To Bacterial Lipopeptide (GO:0071221),1/6,0.5000410054855275,0.7276389007672074,0,0,1.6334708849151764,1.1321017813651495,CD36
GO_Biological_Process_2023,Cellular Response To Hepatocyte Growth Factor Stimulus (GO:0035729),1/6,0.5000410054855275,0.7276389007672074,0,0,1.6334708849151764,1.1321017813651495,HGF
GO_Biological_Process_2023,Cellular Response To Histamine (GO:0071420),1/6,0.5000410054855275,0.7276389007672074,0,0,1.6334708849151764,1.1321017813651495,GABRB2
GO_Biological_Process_2023,Delamination (GO:0060232),1/6,0.5000410054855275,0.7276389007672074,0,0,1.6334708849151764,1.1321017813651495,SPI1
GO_Biological_Process_2023,Dense Core Granule Cytoskeletal Transport (GO:0099519),1/6,0.5000410054855275,0.7276389007672074,0,0,1.6334708849151764,1.1321017813651495,KIF1C
GO_Biological_Process_2023,Detection Of Muscle Stretch (GO:0035995),1/6,0.5000410054855275,0.7276389007672074,0,0,1.6334708849151764,1.1321017813651495,TTN
GO_Biological_Process_2023,Detection Of Stimulus Involved In Sensory Perception Of Pain (GO:0062149),1/6,0.5000410054855275,0.7276389007672074,0,0,1.6334708849151764,1.1321017813651495,SCN1A
GO_Biological_Process_2023,Determination Of Digestive Tract Left/Right Asymmetry (GO:0071907),1/6,0.5000410054855275,0.7276389007672074,0,0,1.6334708849151764,1.1321017813651495,CCDC39
GO_Biological_Process_2023,Development Of Primary Female Sexual Characteristics (GO:0046545),1/6,0.5000410054855275,0.7276389007672074,0,0,1.6334708849151764,1.1321017813651495,NR2F2
GO_Biological_Process_2023,Enteric Nervous System Development (GO:0048484),1/6,0.5000410054855275,0.7276389007672074,0,0,1.6334708849151764,1.1321017813651495,KIF26A
GO_Biological_Process_2023,Epithelial Cell Differentiation Involved In Kidney Development (GO:0035850),1/6,0.5000410054855275,0.7276389007672074,0,0,1.6334708849151764,1.1321017813651495,MEF2C
GO_Biological_Process_2023,Exocrine System Development (GO:0035272),1/6,0.5000410054855275,0.7276389007672074,0,0,1.6334708849151764,1.1321017813651495,FGFR2
GO_Biological_Process_2023,Gamma-Aminobutyric Acid Transport (GO:0015812),1/6,0.5000410054855275,0.7276389007672074,0,0,1.6334708849151764,1.1321017813651495,SLC6A13
GO_Biological_Process_2023,Glucan Catabolic Process (GO:0009251),1/6,0.5000410054855275,0.7276389007672074,0,0,1.6334708849151764,1.1321017813651495,MGAM
GO_Biological_Process_2023,Glutathione Biosynthetic Process (GO:0006750),1/6,0.5000410054855275,0.7276389007672074,0,0,1.6334708849151764,1.1321017813651495,GGT1
GO_Biological_Process_2023,Glycerol-3-Phosphate Metabolic Process (GO:0006072),1/6,0.5000410054855275,0.7276389007672074,0,0,1.6334708849151764,1.1321017813651495,GPD1
GO_Biological_Process_2023,Glycosylceramide Biosynthetic Process (GO:0046476),1/6,0.5000410054855275,0.7276389007672074,0,0,1.6334708849151764,1.1321017813651495,B3GALT2
GO_Biological_Process_2023,Hepatocyte Growth Factor Receptor Signaling Pathway (GO:0048012),1/6,0.5000410054855275,0.7276389007672074,0,0,1.6334708849151764,1.1321017813651495,HGF
GO_Biological_Process_2023,Hindlimb Morphogenesis (GO:0035137),1/6,0.5000410054855275,0.7276389007672074,0,0,1.6334708849151764,1.1321017813651495,TBX4
GO_Biological_Process_2023,Histone H2A-K119 Monoubiquitination (GO:0036353),1/6,0.5000410054855275,0.7276389007672074,0,0,1.6334708849151764,1.1321017813651495,PCGF5
GO_Biological_Process_2023,Histone H4-K12 Acetylation (GO:0043983),1/6,0.5000410054855275,0.7276389007672074,0,0,1.6334708849151764,1.1321017813651495,JADE1
GO_Biological_Process_2023,Host-Mediated Regulation Of Intestinal Microbiota Composition (GO:0048874),1/6,0.5000410054855275,0.7276389007672074,0,0,1.6334708849151764,1.1321017813651495,CX3CR1
GO_Biological_Process_2023,Hypotonic Response (GO:0006971),1/6,0.5000410054855275,0.7276389007672074,0,0,1.6334708849151764,1.1321017813651495,MYLK
GO_Biological_Process_2023,Insulin Secretion Involved In Cellular Response To Glucose Stimulus (GO:0035773),1/6,0.5000410054855275,0.7276389007672074,0,0,1.6334708849151764,1.1321017813651495,PTPRN2
GO_Biological_Process_2023,Leucine Metabolic Process (GO:0006551),1/6,0.5000410054855275,0.7276389007672074,0,0,1.6334708849151764,1.1321017813651495,HMGCLL1
GO_Biological_Process_2023,Lipid Hydroxylation (GO:0002933),1/6,0.5000410054855275,0.7276389007672074,0,0,1.6334708849151764,1.1321017813651495,CYP3A5
GO_Biological_Process_2023,Long-Term Synaptic Depression (GO:0060292),1/6,0.5000410054855275,0.7276389007672074,0,0,1.6334708849151764,1.1321017813651495,SHANK2
GO_Biological_Process_2023,Maintenance Of Lens Transparency (GO:0036438),1/6,0.5000410054855275,0.7276389007672074,0,0,1.6334708849151764,1.1321017813651495,APBB2
GO_Biological_Process_2023,Mitochondrion-Endoplasmic Reticulum Membrane Tethering (GO:1990456),1/6,0.5000410054855275,0.7276389007672074,0,0,1.6334708849151764,1.1321017813651495,CALM1
GO_Biological_Process_2023,Mitotic Nuclear Membrane Disassembly (GO:0007077),1/6,0.5000410054855275,0.7276389007672074,0,0,1.6334708849151764,1.1321017813651495,PRKCB
GO_Biological_Process_2023,"Negative Regulation Of CD4-positive, Alpha-Beta T Cell Proliferation (GO:2000562)",1/6,0.5000410054855275,0.7276389007672074,0,0,1.6334708849151764,1.1321017813651495,XCL1
GO_Biological_Process_2023,Negative Regulation Of T-helper 17 Type Immune Response (GO:2000317),1/6,0.5000410054855275,0.7276389007672074,0,0,1.6334708849151764,1.1321017813651495,SMAD7
GO_Biological_Process_2023,Negative Regulation Of Blood Vessel Endothelial Cell Proliferation Involved In Sprouting Angiogenesis (GO:1903588),1/6,0.5000410054855275,0.7276389007672074,0,0,1.6334708849151764,1.1321017813651495,MMRN2
GO_Biological_Process_2023,Negative Regulation Of Catecholamine Secretion (GO:0033604),1/6,0.5000410054855275,0.7276389007672074,0,0,1.6334708849151764,1.1321017813651495,SYT11
GO_Biological_Process_2023,Negative Regulation Of Centriole Replication (GO:0046600),1/6,0.5000410054855275,0.7276389007672074,0,0,1.6334708849151764,1.1321017813651495,KAT2B
GO_Biological_Process_2023,Negative Regulation Of Establishment Of Protein Localization To Mitochondrion (GO:1903748),1/6,0.5000410054855275,0.7276389007672074,0,0,1.6334708849151764,1.1321017813651495,LRRK2
GO_Biological_Process_2023,Negative Regulation Of Low-Density Lipoprotein Receptor Activity (GO:1905598),1/6,0.5000410054855275,0.7276389007672074,0,0,1.6334708849151764,1.1321017813651495,PCSK9
GO_Biological_Process_2023,Negative Regulation Of Lymphocyte Differentiation (GO:0045620),1/6,0.5000410054855275,0.7276389007672074,0,0,1.6334708849151764,1.1321017813651495,SFRP1
GO_Biological_Process_2023,Negative Regulation Of p38MAPK Cascade (GO:1903753),1/6,0.5000410054855275,0.7276389007672074,0,0,1.6334708849151764,1.1321017813651495,DUSP1
GO_Biological_Process_2023,Negative Regulation Of Response To Reactive Oxygen Species (GO:1901032),1/6,0.5000410054855275,0.7276389007672074,0,0,1.6334708849151764,1.1321017813651495,LRRK2
GO_Biological_Process_2023,Negative Regulation Of Response To Type II Interferon (GO:0060331),1/6,0.5000410054855275,0.7276389007672074,0,0,1.6334708849151764,1.1321017813651495,PPARG
GO_Biological_Process_2023,Negative Regulation Of Retinoic Acid Receptor Signaling Pathway (GO:0048387),1/6,0.5000410054855275,0.7276389007672074,0,0,1.6334708849151764,1.1321017813651495,CYP26B1
GO_Biological_Process_2023,Negative Regulation Of Stress-Activated Protein Kinase Signaling Cascade (GO:0070303),1/6,0.5000410054855275,0.7276389007672074,0,0,1.6334708849151764,1.1321017813651495,FOXO1
GO_Biological_Process_2023,Negative Regulation Of Type II Interferon-Mediated Signaling Pathway (GO:0060336),1/6,0.5000410054855275,0.7276389007672074,0,0,1.6334708849151764,1.1321017813651495,PPARG
GO_Biological_Process_2023,Neuron Projection Extension Involved In Neuron Projection Guidance (GO:1902284),1/6,0.5000410054855275,0.7276389007672074,0,0,1.6334708849151764,1.1321017813651495,SLIT2
GO_Biological_Process_2023,"Neurotransmitter Receptor Transport, Endosome To Postsynaptic Membrane (GO:0098887)",1/6,0.5000410054855275,0.7276389007672074,0,0,1.6334708849151764,1.1321017813651495,RAB11A
GO_Biological_Process_2023,Neurotrophin TRK Receptor Signaling Pathway (GO:0048011),1/6,0.5000410054855275,0.7276389007672074,0,0,1.6334708849151764,1.1321017813651495,SORT1
GO_Biological_Process_2023,Norepinephrine Biosynthetic Process (GO:0042421),1/6,0.5000410054855275,0.7276389007672074,0,0,1.6334708849151764,1.1321017813651495,GATA3
GO_Biological_Process_2023,Nose Development (GO:0043584),1/6,0.5000410054855275,0.7276389007672074,0,0,1.6334708849151764,1.1321017813651495,SKI
GO_Biological_Process_2023,"Nuclear-Transcribed mRNA Catabolic Process, Deadenylation-Independent Decay (GO:0031086)",1/6,0.5000410054855275,0.7276389007672074,0,0,1.6334708849151764,1.1321017813651495,ZFP36
GO_Biological_Process_2023,Nucleobase Catabolic Process (GO:0046113),1/6,0.5000410054855275,0.7276389007672074,0,0,1.6334708849151764,1.1321017813651495,DPYSL2
GO_Biological_Process_2023,Nucleotide Catabolic Process (GO:0009166),1/6,0.5000410054855275,0.7276389007672074,0,0,1.6334708849151764,1.1321017813651495,SAMHD1
GO_Biological_Process_2023,Peptide Transport (GO:0015833),1/6,0.5000410054855275,0.7276389007672074,0,0,1.6334708849151764,1.1321017813651495,DISP1
GO_Biological_Process_2023,Positive Regulation Of ER-associated Ubiquitin-Dependent Protein Catabolic Process (GO:1903071),1/6,0.5000410054855275,0.7276389007672074,0,0,1.6334708849151764,1.1321017813651495,CAV1
GO_Biological_Process_2023,Positive Regulation Of RNA Binding (GO:1905216),1/6,0.5000410054855275,0.7276389007672074,0,0,1.6334708849151764,1.1321017813651495,LARP6
GO_Biological_Process_2023,Positive Regulation Of Amyloid-Beta Clearance (GO:1900223),1/6,0.5000410054855275,0.7276389007672074,0,0,1.6334708849151764,1.1321017813651495,LRP1
GO_Biological_Process_2023,Positive Regulation Of cAMP-mediated Signaling (GO:0043950),1/6,0.5000410054855275,0.7276389007672074,0,0,1.6334708849151764,1.1321017813651495,RAPGEF2
GO_Biological_Process_2023,Positive Regulation Of Cell Killing (GO:0031343),1/6,0.5000410054855275,0.7276389007672074,0,0,1.6334708849151764,1.1321017813651495,PRF1
GO_Biological_Process_2023,Positive Regulation Of Deacetylase Activity (GO:0090045),1/6,0.5000410054855275,0.7276389007672074,0,0,1.6334708849151764,1.1321017813651495,PRKD1
GO_Biological_Process_2023,Positive Regulation Of Endoplasmic Reticulum Stress-Induced Intrinsic Apoptotic Signaling Pathway (GO:1902237),1/6,0.5000410054855275,0.7276389007672074,0,0,1.6334708849151764,1.1321017813651495,NCK1
GO_Biological_Process_2023,Positive Regulation Of Lipopolysaccharide-Mediated Signaling Pathway (GO:0031666),1/6,0.5000410054855275,0.7276389007672074,0,0,1.6334708849151764,1.1321017813651495,SASH1
GO_Biological_Process_2023,Positive Regulation Of mRNA Binding (GO:1902416),1/6,0.5000410054855275,0.7276389007672074,0,0,1.6334708849151764,1.1321017813651495,LARP6
GO_Biological_Process_2023,Positive Regulation Of Mitophagy In Response To Mitochondrial Depolarization (GO:0098779),1/6,0.5000410054855275,0.7276389007672074,0,0,1.6334708849151764,1.1321017813651495,OPTN
GO_Biological_Process_2023,Positive Regulation Of Multicellular Organism Growth (GO:0040018),1/6,0.5000410054855275,0.7276389007672074,0,0,1.6334708849151764,1.1321017813651495,GHR
GO_Biological_Process_2023,Positive Regulation Of Natural Killer Cell Cytokine Production (GO:0002729),1/6,0.5000410054855275,0.7276389007672074,0,0,1.6334708849151764,1.1321017813651495,HLA-E
GO_Biological_Process_2023,Positive Regulation Of Necrotic Cell Death (GO:0010940),1/6,0.5000410054855275,0.7276389007672074,0,0,1.6334708849151764,1.1321017813651495,SLC6A13
GO_Biological_Process_2023,Positive Regulation Of Neurotransmitter Secretion (GO:0001956),1/6,0.5000410054855275,0.7276389007672074,0,0,1.6334708849151764,1.1321017813651495,GPER1
GO_Biological_Process_2023,Positive Regulation Of Pinocytosis (GO:0048549),1/6,0.5000410054855275,0.7276389007672074,0,0,1.6334708849151764,1.1321017813651495,APLP2
GO_Biological_Process_2023,Positive Regulation Of Protein Localization To Centrosome (GO:1904781),1/6,0.5000410054855275,0.7276389007672074,0,0,1.6334708849151764,1.1321017813651495,GSK3B
GO_Biological_Process_2023,Positive Regulation Of Striated Muscle Contraction (GO:0045989),1/6,0.5000410054855275,0.7276389007672074,0,0,1.6334708849151764,1.1321017813651495,RGS2
GO_Biological_Process_2023,Positive Regulation Of Trophoblast Cell Migration (GO:1901165),1/6,0.5000410054855275,0.7276389007672074,0,0,1.6334708849151764,1.1321017813651495,SYDE1
GO_Biological_Process_2023,Protein Catabolic Process In The Vacuole (GO:0007039),1/6,0.5000410054855275,0.7276389007672074,0,0,1.6334708849151764,1.1321017813651495,LAMP2
GO_Biological_Process_2023,Protein Deglutamylation (GO:0035608),1/6,0.5000410054855275,0.7276389007672074,0,0,1.6334708849151764,1.1321017813651495,AGTPBP1
GO_Biological_Process_2023,Protein Localization To Ciliary Membrane (GO:1903441),1/6,0.5000410054855275,0.7276389007672074,0,0,1.6334708849151764,1.1321017813651495,ARL13B
GO_Biological_Process_2023,Protein Localization To Endoplasmic Reticulum Exit Site (GO:0070973),1/6,0.5000410054855275,0.7276389007672074,0,0,1.6334708849151764,1.1321017813651495,LRRK2
GO_Biological_Process_2023,Receptor-Mediated Virion Attachment To Host Cell (GO:0046813),1/6,0.5000410054855275,0.7276389007672074,0,0,1.6334708849151764,1.1321017813651495,GAS6
GO_Biological_Process_2023,Regulation Of NAD(P)H Oxidase Activity (GO:0033860),1/6,0.5000410054855275,0.7276389007672074,0,0,1.6334708849151764,1.1321017813651495,AGTR1
GO_Biological_Process_2023,Regulation Of NK T Cell Proliferation (GO:0051140),1/6,0.5000410054855275,0.7276389007672074,0,0,1.6334708849151764,1.1321017813651495,JAK2
GO_Biological_Process_2023,Regulation Of Rab Protein Signal Transduction (GO:0032483),1/6,0.5000410054855275,0.7276389007672074,0,0,1.6334708849151764,1.1321017813651495,DENND3
GO_Biological_Process_2023,Regulation Of T Cell Mediated Immune Response To Tumor Cell (GO:0002840),1/6,0.5000410054855275,0.7276389007672074,0,0,1.6334708849151764,1.1321017813651495,HMGB1
GO_Biological_Process_2023,Regulation Of T-helper Cell Differentiation (GO:0045622),1/6,0.5000410054855275,0.7276389007672074,0,0,1.6334708849151764,1.1321017813651495,JUNB
GO_Biological_Process_2023,Regulation Of Anion Channel Activity (GO:0010359),1/6,0.5000410054855275,0.7276389007672074,0,0,1.6334708849151764,1.1321017813651495,PRNP
GO_Biological_Process_2023,Regulation Of Atrial Cardiac Muscle Cell Membrane Depolarization (GO:0060371),1/6,0.5000410054855275,0.7276389007672074,0,0,1.6334708849151764,1.1321017813651495,TBX5
GO_Biological_Process_2023,Regulation Of Cellular Response To Insulin Stimulus (GO:1900076),1/6,0.5000410054855275,0.7276389007672074,0,0,1.6334708849151764,1.1321017813651495,PPARG
GO_Biological_Process_2023,Regulation Of Glucocorticoid Receptor Signaling Pathway (GO:2000322),1/6,0.5000410054855275,0.7276389007672074,0,0,1.6334708849151764,1.1321017813651495,CRY2
GO_Biological_Process_2023,Regulation Of Hemoglobin Biosynthetic Process (GO:0046984),1/6,0.5000410054855275,0.7276389007672074,0,0,1.6334708849151764,1.1321017813651495,KLF4
GO_Biological_Process_2023,Regulation Of Histamine Secretion By Mast Cell (GO:1903593),1/6,0.5000410054855275,0.7276389007672074,0,0,1.6334708849151764,1.1321017813651495,VAMP2
GO_Biological_Process_2023,Regulation Of Ketone Biosynthetic Process (GO:0010566),1/6,0.5000410054855275,0.7276389007672074,0,0,1.6334708849151764,1.1321017813651495,EGR1
GO_Biological_Process_2023,Regulation Of Lens Fiber Cell Differentiation (GO:1902746),1/6,0.5000410054855275,0.7276389007672074,0,0,1.6334708849151764,1.1321017813651495,SPRY1
GO_Biological_Process_2023,Regulation Of Muscle Organ Development (GO:0048634),1/6,0.5000410054855275,0.7276389007672074,0,0,1.6334708849151764,1.1321017813651495,TGFB1
GO_Biological_Process_2023,Regulation Of Natural Killer Cell Chemotaxis (GO:2000501),1/6,0.5000410054855275,0.7276389007672074,0,0,1.6334708849151764,1.1321017813651495,XCL1
GO_Biological_Process_2023,Regulation Of Natural Killer Cell Cytokine Production (GO:0002727),1/6,0.5000410054855275,0.7276389007672074,0,0,1.6334708849151764,1.1321017813651495,HLA-E
GO_Biological_Process_2023,Regulation Of Nuclease Activity (GO:0032069),1/6,0.5000410054855275,0.7276389007672074,0,0,1.6334708849151764,1.1321017813651495,OASL
GO_Biological_Process_2023,Regulation Of Nucleotide-Binding Oligomerization Domain Containing 2 Signaling Pathway (GO:0070432),1/6,0.5000410054855275,0.7276389007672074,0,0,1.6334708849151764,1.1321017813651495,SLC15A3
GO_Biological_Process_2023,Regulation Of Osteoclast Development (GO:2001204),1/6,0.5000410054855275,0.7276389007672074,0,0,1.6334708849151764,1.1321017813651495,TYROBP
GO_Biological_Process_2023,Regulation Of Relaxation Of Muscle (GO:1901077),1/6,0.5000410054855275,0.7276389007672074,0,0,1.6334708849151764,1.1321017813651495,PLN
GO_Biological_Process_2023,Regulation Of Respiratory System Process (GO:0044065),1/6,0.5000410054855275,0.7276389007672074,0,0,1.6334708849151764,1.1321017813651495,TSHZ3
GO_Biological_Process_2023,Regulation Of Striated Muscle Cell Differentiation (GO:0051153),1/6,0.5000410054855275,0.7276389007672074,0,0,1.6334708849151764,1.1321017813651495,RBM24
GO_Biological_Process_2023,Regulation Of Striated Muscle Tissue Development (GO:0016202),1/6,0.5000410054855275,0.7276389007672074,0,0,1.6334708849151764,1.1321017813651495,TGFB1
GO_Biological_Process_2023,Regulation Of Toll-Like Receptor 7 Signaling Pathway (GO:0034155),1/6,0.5000410054855275,0.7276389007672074,0,0,1.6334708849151764,1.1321017813651495,RSAD2
GO_Biological_Process_2023,Regulation Of Vascular Associated Smooth Muscle Cell Apoptotic Process (GO:1905459),1/6,0.5000410054855275,0.7276389007672074,0,0,1.6334708849151764,1.1321017813651495,PPARG
GO_Biological_Process_2023,Response To Cocaine (GO:0042220),1/6,0.5000410054855275,0.7276389007672074,0,0,1.6334708849151764,1.1321017813651495,TGM2
GO_Biological_Process_2023,Response To Hepatocyte Growth Factor (GO:0035728),1/6,0.5000410054855275,0.7276389007672074,0,0,1.6334708849151764,1.1321017813651495,HGF
GO_Biological_Process_2023,Response To Increased Oxygen Levels (GO:0036296),1/6,0.5000410054855275,0.7276389007672074,0,0,1.6334708849151764,1.1321017813651495,ATP6V0A2
GO_Biological_Process_2023,Response To Lead Ion (GO:0010288),1/6,0.5000410054855275,0.7276389007672074,0,0,1.6334708849151764,1.1321017813651495,PPP2CA
GO_Biological_Process_2023,Serine Transport (GO:0032329),1/6,0.5000410054855275,0.7276389007672074,0,0,1.6334708849151764,1.1321017813651495,SLC38A5
GO_Biological_Process_2023,Skeletal Muscle Cell Differentiation (GO:0035914),1/6,0.5000410054855275,0.7276389007672074,0,0,1.6334708849151764,1.1321017813651495,KLHL41
GO_Biological_Process_2023,Skeletal Muscle Thin Filament Assembly (GO:0030240),1/6,0.5000410054855275,0.7276389007672074,0,0,1.6334708849151764,1.1321017813651495,TTN
GO_Biological_Process_2023,"Substrate-Dependent Cell Migration, Cell Extension (GO:0006930)",1/6,0.5000410054855275,0.7276389007672074,0,0,1.6334708849151764,1.1321017813651495,P2RY12
GO_Biological_Process_2023,"Synaptic Transmission, Dopaminergic (GO:0001963)",1/6,0.5000410054855275,0.7276389007672074,0,0,1.6334708849151764,1.1321017813651495,SNCA
GO_Biological_Process_2023,Toll-Like Receptor 3 Signaling Pathway (GO:0034138),1/6,0.5000410054855275,0.7276389007672074,0,0,1.6334708849151764,1.1321017813651495,SCARA3
GO_Biological_Process_2023,Ureter Development (GO:0072189),1/6,0.5000410054855275,0.7276389007672074,0,0,1.6334708849151764,1.1321017813651495,SOX17
GO_Biological_Process_2023,White Fat Cell Differentiation (GO:0050872),1/6,0.5000410054855275,0.7276389007672074,0,0,1.6334708849151764,1.1321017813651495,PPARG
GO_Biological_Process_2023,Negative Regulation Of Autophagy (GO:0010507),7/61,0.5037586106459883,0.7325546373140449,0,0,1.058731375053214,0.7259277142038841,LRRK2;HGF;LEPR;MTMR9;NUPR1;RASIP1;SNCA
GO_Biological_Process_2023,Negative Regulation Of Intrinsic Apoptotic Signaling Pathway (GO:2001243),7/61,0.5037586106459883,0.7325546373140449,0,0,1.058731375053214,0.7259277142038841,PTPN1;CXCL12;LRRK2;RTKN2;NME5;CLU;BCL2L2
GO_Biological_Process_2023,Negative Regulation Of Innate Immune Response (GO:0045824),6/52,0.5071913873004967,0.7370498409390384,0,0,1.0652973145780051,0.7231950395878382,PPP6C;MYO1C;SERPING1;IRAK3;VSIG4;SAMHD1
GO_Biological_Process_2023,Positive Regulation Of B Cell Activation (GO:0050871),6/52,0.5071913873004967,0.7370498409390384,0,0,1.0652973145780051,0.7231950395878382,CD74;BST1;MEF2C;IL6;SPI1;TFRC
GO_Biological_Process_2023,Non-Membrane-Bounded Organelle Assembly (GO:0140694),15/135,0.5109241955555962,0.7417813122311342,0,0,1.0208814028610982,0.6855566180052143,TMOD1;STARD9;TMOD2;PLA2G4C;CIRBP;LMOD1;LIMD1;KLHL41;FXR1;PGM5;MYOZ1;MYL9;MAPRE2;CDS2;RPS23
GO_Biological_Process_2023,mRNA Destabilization (GO:0061157),5/43,0.5113066274067711,0.7417813122311342,0,0,1.074631917414114,0.7208478466605017,TRIM71;FXR1;ZFP36;RBM24;ZFP36L2
GO_Biological_Process_2023,Positive Regulation Of Cell Division (GO:0051781),5/43,0.5113066274067711,0.7417813122311342,0,0,1.074631917414114,0.7208478466605017,TAL1;CUL3;PRKCE;CDC14A;FGFR2
GO_Biological_Process_2023,Regulation Of Cellular Component Size (GO:0032535),5/43,0.5113066274067711,0.7417813122311342,0,0,1.074631917414114,0.7208478466605017,PPP1R15A;RDX;PTEN;MSN;ARHGAP5
GO_Biological_Process_2023,Regulation Of Primary Metabolic Process (GO:0080090),5/43,0.5113066274067711,0.7417813122311342,0,0,1.074631917414114,0.7208478466605017,C1QTNF2;ID2;PPARG;FGFR4;LDLR
GO_Biological_Process_2023,Glycoprotein Biosynthetic Process (GO:0009101),9/80,0.5138885192838456,0.7452764950366524,0,0,1.0352598795719554,0.6892231525454641,CSGALNACT1;CHST9;BMPR2;ST6GALNAC2;ST8SIA1;B3GALT2;ST3GAL6;FUT1;ST3GAL1
GO_Biological_Process_2023,Embryonic Skeletal System Development (GO:0048706),4/34,0.5164704600075407,0.7477646780920985,0,0,1.0889501071319254,0.7195098280500766,PDGFRA;HOXA3;PCSK5;HOXA4
GO_Biological_Process_2023,Glial Cell Differentiation (GO:0010001),4/34,0.5164704600075407,0.7477646780920985,0,0,1.0889501071319254,0.7195098280500766,EGR2;MYRF;NFIB;TPPP
GO_Biological_Process_2023,Positive Regulation Of Immunoglobulin Production (GO:0002639),4/34,0.5164704600075407,0.7477646780920985,0,0,1.0889501071319254,0.7195098280500766,IL6;TFRC;XCL1;HLA-E
GO_Biological_Process_2023,Smoothened Signaling Pathway (GO:0007224),4/34,0.5164704600075407,0.7477646780920985,0,0,1.0889501071319254,0.7195098280500766,PTCH1;CC2D2A;DISP1;TMEM231
GO_Biological_Process_2023,Superoxide Metabolic Process (GO:0006801),4/34,0.5164704600075407,0.7477646780920985,0,0,1.0889501071319254,0.7195098280500766,DUOX1;PREX1;NCF2;SOD3
GO_Biological_Process_2023,Glycerophospholipid Biosynthetic Process (GO:0046474),12/108,0.5188527896809475,0.7509619853329877,0,0,1.020852534562212,0.6698171576809442,DGKE;SLC44A1;SLC44A2;PLA2G4C;PTEN;INPP5K;PIP5K1B;CHPT1;FGF2;MTMR6;MFSD2A;CDS2
GO_Biological_Process_2023,Glycerophospholipid Metabolic Process (GO:0006650),7/62,0.5215637411438055,0.7542903441566902,0,0,1.039423197492163,0.6765852824109411,PDGFRB;PLA2G1B;PLA2G4C;ABHD6;SERINC1;PNPLA6;PLA1A
GO_Biological_Process_2023,Regulation Of Embryonic Development (GO:0045995),7/62,0.5215637411438055,0.7542903441566902,0,0,1.039423197492163,0.6765852824109411,KAT2B;SOX17;RAB14;PHLDB2;CLASP2;ZBED3;FOXA2
GO_Biological_Process_2023,Activation Of Protein Kinase B Activity (GO:0032148),3/25,0.5234243699604465,0.7542903441566902,0,0,1.113688514331011,0.7209604360023487,PDGFB;ANG;GAS6
GO_Biological_Process_2023,Bile Acid Biosynthetic Process (GO:0006699),3/25,0.5234243699604465,0.7542903441566902,0,0,1.113688514331011,0.7209604360023487,CYP27A1;CYP39A1;OSBPL6
GO_Biological_Process_2023,"Chemical Synaptic Transmission, Postsynaptic (GO:0099565)",3/25,0.5234243699604465,0.7542903441566902,0,0,1.113688514331011,0.7209604360023487,GSK3B;MEF2C;LRRK2
GO_Biological_Process_2023,Long-Chain Fatty Acid Biosynthetic Process (GO:0042759),3/25,0.5234243699604465,0.7542903441566902,0,0,1.113688514331011,0.7209604360023487,ALOX5;LTC4S;ALOX15B
GO_Biological_Process_2023,Peptide Hormone Secretion (GO:0030072),3/25,0.5234243699604465,0.7542903441566902,0,0,1.113688514331011,0.7209604360023487,EDN1;IL6;ANXA1
GO_Biological_Process_2023,Positive Regulation Of T Cell Migration (GO:2000406),3/25,0.5234243699604465,0.7542903441566902,0,0,1.113688514331011,0.7209604360023487,CXCL12;CCL21;XCL1
GO_Biological_Process_2023,Positive Regulation Of Release Of Cytochrome C From Mitochondria (GO:0090200),3/25,0.5234243699604465,0.7542903441566902,0,0,1.113688514331011,0.7209604360023487,FAM162A;GPER1;TNFSF10
GO_Biological_Process_2023,Proteoglycan Metabolic Process (GO:0006029),3/25,0.5234243699604465,0.7542903441566902,0,0,1.113688514331011,0.7209604360023487,CSGALNACT1;CHST9;BMPR2
GO_Biological_Process_2023,Regulation Of Postsynapse Organization (GO:0099175),3/25,0.5234243699604465,0.7542903441566902,0,0,1.113688514331011,0.7209604360023487,ARHGAP44;LRRK2;SHANK3
GO_Biological_Process_2023,Secretory Granule Organization (GO:0033363),3/25,0.5234243699604465,0.7542903441566902,0,0,1.113688514331011,0.7209604360023487,F2R;AP1S2;AP1M1
GO_Biological_Process_2023,Vesicle-Mediated Transport Between Endosomal Compartments (GO:0098927),3/25,0.5234243699604465,0.7542903441566902,0,0,1.113688514331011,0.7209604360023487,PXK;EMP2;PIK3C3
GO_Biological_Process_2023,Regulation Of Proteasomal Protein Catabolic Process (GO:0061136),6/53,0.5264355155616167,0.7583763969172022,0,0,1.04257274718398,0.6689422323711885,FOXF2;LAMP3;ECSCR;DAB2IP;NUPR1;PRKACA
GO_Biological_Process_2023,Autophagosome Maturation (GO:0097352),5/44,0.5324071854098071,0.7627997450965509,0,0,1.0470183621309024,0.6599845655246079,MAP1LC3C;LAMP2;LIX1L;PIK3C3;CALM1
GO_Biological_Process_2023,Protein Targeting To Membrane (GO:0006612),8/72,0.533903937703729,0.7627997450965509,0,0,1.0208141674333029,0.6406010572082965,MYO1C;ARL6;RAB3IP;ZDHHC2;ZDHHC3;ZDHHC14;RAB8B;SEC63
GO_Biological_Process_2023,Regulation Of Cellular Localization (GO:0060341),8/72,0.533903937703729,0.7627997450965509,0,0,1.0208141674333029,0.6406010572082965,FKBP1A;GSN;RAB14;MAP2;WWC1;TPR;PPM1F;TMEM231
GO_Biological_Process_2023,Cellular Response To Fatty Acid (GO:0071398),2/16,0.5339999666652908,0.7627997450965509,0,0,1.1667103538663173,0.7319468271007448,PID1;PDK4
GO_Biological_Process_2023,Cellular Response To Gamma Radiation (GO:0071480),2/16,0.5339999666652908,0.7627997450965509,0,0,1.1667103538663173,0.7319468271007448,TMEM109;CRYAB
GO_Biological_Process_2023,Dicarboxylic Acid Catabolic Process (GO:0043649),2/16,0.5339999666652908,0.7627997450965509,0,0,1.1667103538663173,0.7319468271007448,ASPA;DDO
GO_Biological_Process_2023,Endoplasmic Reticulum Tubular Network Organization (GO:0071786),2/16,0.5339999666652908,0.7627997450965509,0,0,1.1667103538663173,0.7319468271007448,REEP1;RTN1
GO_Biological_Process_2023,Establishment Of Melanosome Localization (GO:0032401),2/16,0.5339999666652908,0.7627997450965509,0,0,1.1667103538663173,0.7319468271007448,SHROOM2;RAB11A
GO_Biological_Process_2023,"Mitochondrial Electron Transport, Cytochrome C To Oxygen (GO:0006123)",2/16,0.5339999666652908,0.7627997450965509,0,0,1.1667103538663173,0.7319468271007448,COX7B;COX4I2
GO_Biological_Process_2023,Negative Regulation Of RNA Biosynthetic Process (GO:1902679),2/16,0.5339999666652908,0.7627997450965509,0,0,1.1667103538663173,0.7319468271007448,FCN3;INPP5K
GO_Biological_Process_2023,Negative Regulation Of Intrinsic Apoptotic Signaling Pathway By P53 Class Mediator (GO:1902254),2/16,0.5339999666652908,0.7627997450965509,0,0,1.1667103538663173,0.7319468271007448,CD74;CD44
GO_Biological_Process_2023,Negative Regulation Of Release Of Cytochrome C From Mitochondria (GO:0090201),2/16,0.5339999666652908,0.7627997450965509,0,0,1.1667103538663173,0.7319468271007448,HGF;CLU
GO_Biological_Process_2023,Negative Regulation Of Viral-Induced Cytoplasmic Pattern Recognition Receptor Signaling Pathway (GO:0039532),2/16,0.5339999666652908,0.7627997450965509,0,0,1.1667103538663173,0.7319468271007448,RNF125;SEC14L1
GO_Biological_Process_2023,Neuron Projection Organization (GO:0106027),2/16,0.5339999666652908,0.7627997450965509,0,0,1.1667103538663173,0.7319468271007448,GSK3B;PRNP
GO_Biological_Process_2023,Positive Regulation Of Myeloid Leukocyte Cytokine Production Involved In Immune Response (GO:0061081),2/16,0.5339999666652908,0.7627997450965509,0,0,1.1667103538663173,0.7319468271007448,CD74;NR4A3
GO_Biological_Process_2023,Protein O-linked Mannosylation (GO:0035269),2/16,0.5339999666652908,0.7627997450965509,0,0,1.1667103538663173,0.7319468271007448,TMTC1;POMGNT2
GO_Biological_Process_2023,"Protein Alpha-1,2-Demannosylation (GO:0036508)",2/16,0.5339999666652908,0.7627997450965509,0,0,1.1667103538663173,0.7319468271007448,MAN1C1;MAN1A1
GO_Biological_Process_2023,Protein Localization To Mitochondrion (GO:0070585),2/16,0.5339999666652908,0.7627997450965509,0,0,1.1667103538663173,0.7319468271007448,LRRK2;FKBP8
GO_Biological_Process_2023,Regulation Of NMDA Receptor Activity (GO:2000310),2/16,0.5339999666652908,0.7627997450965509,0,0,1.1667103538663173,0.7319468271007448,MEF2C;DAPK1
GO_Biological_Process_2023,Regulation Of Natural Killer Cell Activation (GO:0032814),2/16,0.5339999666652908,0.7627997450965509,0,0,1.1667103538663173,0.7319468271007448,TYROBP;KLRD1
GO_Biological_Process_2023,Regulation Of Secretion (GO:0051046),2/16,0.5339999666652908,0.7627997450965509,0,0,1.1667103538663173,0.7319468271007448,PTPRN2;CES1
GO_Biological_Process_2023,Regulation Of Stem Cell Proliferation (GO:0072091),2/16,0.5339999666652908,0.7627997450965509,0,0,1.1667103538663173,0.7319468271007448,GJA1;FBLN1
GO_Biological_Process_2023,"Regulation Of Synaptic Transmission, GABAergic (GO:0032228)",2/16,0.5339999666652908,0.7627997450965509,0,0,1.1667103538663173,0.7319468271007448,NALCN;ZDHHC3
GO_Biological_Process_2023,Regulation Of Triglyceride Biosynthetic Process (GO:0010866),2/16,0.5339999666652908,0.7627997450965509,0,0,1.1667103538663173,0.7319468271007448,LDLR;MFSD2A
GO_Biological_Process_2023,Regulation Of Organelle Organization (GO:0033043),11/100,0.5359470581215315,0.7627997450965509,0,0,1.0093158540309184,0.6295303784484907,TJP1;SYDE1;CLIC4;ZEB2;SYT11;PDE2A;RDX;MSN;NEXN;PDE4DIP;S100A8
GO_Biological_Process_2023,Inorganic Anion Transmembrane Transport (GO:0098661),7/63,0.539126127899488,0.7627997450965509,0,0,1.0208045977011495,0.6306589316337323,GABRB2;SLC26A2;SLC12A4;SLC1A1;ANO6;ANO5;CFTR
GO_Biological_Process_2023,Phosphatidylinositol Metabolic Process (GO:0046488),7/63,0.539126127899488,0.7627997450965509,0,0,1.0208045977011495,0.6306589316337323,PDGFRB;PGAP1;PTEN;INPP5K;PIP5K1B;FGF2;MTMR6
GO_Biological_Process_2023,Monoatomic Anion Transmembrane Transport (GO:0098656),6/54,0.5453662359962459,0.7627997450965509,0,0,1.0207950367647058,0.6189057006738689,GABRB2;SLC12A4;SLC1A1;ANO6;ANO5;CFTR
GO_Biological_Process_2023,Peptidyl-Serine Modification (GO:0018209),18/166,0.5481088435597844,0.7627997450965509,0,0,0.9930933706349604,0.5971285644022667,GSK3B;GALNT13;PRKCH;DMPK;PRKCB;PRKCE;LRRK2;PDGFB;NDNF;TGFBR2;LATS2;AKT3;MKNK2;ULK2;PRKCQ;PRKD1;PRKACA;GAS6
GO_Biological_Process_2023,Protein Tetramerization (GO:0051262),8/73,0.5501411487693643,0.7627997450965509,0,0,1.0050527209680844,0.6005998065693529,APLP2;ALDH1A2;AQP4;SAMHD1;CLU;ACACB;KCNJ2;SNCA
GO_Biological_Process_2023,cAMP-mediated Signaling (GO:0019933),3/26,0.5507742018753256,0.7627997450965509,0,0,1.0652074146497197,0.6353220319713114,PDE2A;RAPGEF2;PDE7B
GO_Biological_Process_2023,miRNA-mediated Gene Silencing (GO:0035195),3/26,0.5507742018753256,0.7627997450965509,0,0,1.0652074146497197,0.6353220319713114,TRIM71;ZFP36;LIMD1
GO_Biological_Process_2023,Negative Regulation Of Catalytic Activity (GO:0043086),3/26,0.5507742018753256,0.7627997450965509,0,0,1.0652074146497197,0.6353220319713114,PLN;NOS1;NES
GO_Biological_Process_2023,Positive Regulation Of Erythrocyte Differentiation (GO:0045648),3/26,0.5507742018753256,0.7627997450965509,0,0,1.0652074146497197,0.6353220319713114,TAL1;FOXO3;ETS1
GO_Biological_Process_2023,Protein Export From Nucleus (GO:0006611),3/26,0.5507742018753256,0.7627997450965509,0,0,1.0652074146497197,0.6353220319713114,EGR2;TGFB1;TPR
GO_Biological_Process_2023,Regulation Of Fatty Acid Biosynthetic Process (GO:0042304),3/26,0.5507742018753256,0.7627997450965509,0,0,1.0652074146497197,0.6353220319713114,KAT2B;MID1IP1;PDK4
GO_Biological_Process_2023,Regulation Of Interferon-Alpha Production (GO:0032647),3/26,0.5507742018753256,0.7627997450965509,0,0,1.0652074146497197,0.6353220319713114,TLR8;TLR4;TLR3
GO_Biological_Process_2023,Regulation Of Keratinocyte Differentiation (GO:0045616),3/26,0.5507742018753256,0.7627997450965509,0,0,1.0652074146497197,0.6353220319713114,ZFP36;PRKCH;ZBED2
GO_Biological_Process_2023,Organic Hydroxy Compound Transport (GO:0015850),5/45,0.5530857526828016,0.7627997450965509,0,0,1.0207854846118511,0.6045522629172585,SLC44A1;VAPA;SLC44A2;SLCO2B1;SLC51B
GO_Biological_Process_2023,Regulation Of Stem Cell Differentiation (GO:2000736),5/45,0.5530857526828016,0.7627997450965509,0,0,1.0207854846118511,0.6045522629172585,PDGFRA;JAG1;PTN;RBM24;ZFP36L2
GO_Biological_Process_2023,Triglyceride Metabolic Process (GO:0006641),5/45,0.5530857526828016,0.7627997450965509,0,0,1.0207854846118511,0.6045522629172585,APOH;CAV1;APOBR;PNPLA4;GPIHBP1
GO_Biological_Process_2023,Steroid Metabolic Process (GO:0008202),10/92,0.5545274520213517,0.7627997450965509,0,0,0.9958226654089746,0.5871758464664183,CYP27A1;CYP39A1;HSD11B1;CYP26B1;CYP4V2;MSMO1;DHCR24;HSD17B6;LSS;CYP3A5
GO_Biological_Process_2023,ADP Transport (GO:0015866),1/7,0.5546027803783542,0.7627997450965509,0,0,1.3611493198838454,0.8024017878841656,SLC25A25
GO_Biological_Process_2023,L-alanine Transport (GO:0015808),1/7,0.5546027803783542,0.7627997450965509,0,0,1.3611493198838454,0.8024017878841656,SLC38A5
GO_Biological_Process_2023,NADH Metabolic Process (GO:0006734),1/7,0.5546027803783542,0.7627997450965509,0,0,1.3611493198838454,0.8024017878841656,MDH1B
GO_Biological_Process_2023,Notch Receptor Processing (GO:0007220),1/7,0.5546027803783542,0.7627997450965509,0,0,1.3611493198838454,0.8024017878841656,APH1B
GO_Biological_Process_2023,T Cell Apoptotic Process (GO:0070231),1/7,0.5546027803783542,0.7627997450965509,0,0,1.3611493198838454,0.8024017878841656,FAS
GO_Biological_Process_2023,TRIF-dependent Toll-Like Receptor Signaling Pathway (GO:0035666),1/7,0.5546027803783542,0.7627997450965509,0,0,1.3611493198838454,0.8024017878841656,TLR4
GO_Biological_Process_2023,Amino-Acid Betaine Transport (GO:0015838),1/7,0.5546027803783542,0.7627997450965509,0,0,1.3611493198838454,0.8024017878841656,SLC22A4
GO_Biological_Process_2023,Arginine Catabolic Process (GO:0006527),1/7,0.5546027803783542,0.7627997450965509,0,0,1.3611493198838454,0.8024017878841656,NOS1
GO_Biological_Process_2023,Aromatic Amino Acid Transport (GO:0015801),1/7,0.5546027803783542,0.7627997450965509,0,0,1.3611493198838454,0.8024017878841656,SLC38A5
GO_Biological_Process_2023,Aromatic Compound Catabolic Process (GO:0019439),1/7,0.5546027803783542,0.7627997450965509,0,0,1.3611493198838454,0.8024017878841656,EPHX2
GO_Biological_Process_2023,Cardiac Muscle Hypertrophy (GO:0003300),1/7,0.5546027803783542,0.7627997450965509,0,0,1.3611493198838454,0.8024017878841656,TTN
GO_Biological_Process_2023,Cellular Biogenic Amine Catabolic Process (GO:0042402),1/7,0.5546027803783542,0.7627997450965509,0,0,1.3611493198838454,0.8024017878841656,SLC44A1
GO_Biological_Process_2023,Cellular Response To Angiotensin (GO:1904385),1/7,0.5546027803783542,0.7627997450965509,0,0,1.3611493198838454,0.8024017878841656,CA2
GO_Biological_Process_2023,Cellular Response To Nitric Oxide (GO:0071732),1/7,0.5546027803783542,0.7627997450965509,0,0,1.3611493198838454,0.8024017878841656,FOXO1
GO_Biological_Process_2023,Cellular Response To Reactive Nitrogen Species (GO:1902170),1/7,0.5546027803783542,0.7627997450965509,0,0,1.3611493198838454,0.8024017878841656,FOXO1
GO_Biological_Process_2023,Collecting Duct Development (GO:0072044),1/7,0.5546027803783542,0.7627997450965509,0,0,1.3611493198838454,0.8024017878841656,PTCH1
GO_Biological_Process_2023,Coronary Vasculature Morphogenesis (GO:0060977),1/7,0.5546027803783542,0.7627997450965509,0,0,1.3611493198838454,0.8024017878841656,TGFBR3
GO_Biological_Process_2023,Dendritic Spine Maintenance (GO:0097062),1/7,0.5546027803783542,0.7627997450965509,0,0,1.3611493198838454,0.8024017878841656,PRNP
GO_Biological_Process_2023,Diacylglycerol Biosynthetic Process (GO:0006651),1/7,0.5546027803783542,0.7627997450965509,0,0,1.3611493198838454,0.8024017878841656,PLCE1
GO_Biological_Process_2023,Dopamine Uptake (GO:0090494),1/7,0.5546027803783542,0.7627997450965509,0,0,1.3611493198838454,0.8024017878841656,SNCA
GO_Biological_Process_2023,Establishment Of Centrosome Localization (GO:0051660),1/7,0.5546027803783542,0.7627997450965509,0,0,1.3611493198838454,0.8024017878841656,PARD3B
GO_Biological_Process_2023,Fructose Metabolic Process (GO:0006000),1/7,0.5546027803783542,0.7627997450965509,0,0,1.3611493198838454,0.8024017878841656,FBP1
GO_Biological_Process_2023,Fructose Transmembrane Transport (GO:0015755),1/7,0.5546027803783542,0.7627997450965509,0,0,1.3611493198838454,0.8024017878841656,SLC2A3
GO_Biological_Process_2023,Glutathione Catabolic Process (GO:0006751),1/7,0.5546027803783542,0.7627997450965509,0,0,1.3611493198838454,0.8024017878841656,GGT1
GO_Biological_Process_2023,Growth Hormone Receptor Signaling Pathway Via JAK-STAT (GO:0060397),1/7,0.5546027803783542,0.7627997450965509,0,0,1.3611493198838454,0.8024017878841656,PTPN1
GO_Biological_Process_2023,Hepoxilin Biosynthetic Process (GO:0051122),1/7,0.5546027803783542,0.7627997450965509,0,0,1.3611493198838454,0.8024017878841656,ALOX15B
GO_Biological_Process_2023,Hepoxilin Metabolic Process (GO:0051121),1/7,0.5546027803783542,0.7627997450965509,0,0,1.3611493198838454,0.8024017878841656,ALOX15B
GO_Biological_Process_2023,Kidney Epithelium Development (GO:0072073),1/7,0.5546027803783542,0.7627997450965509,0,0,1.3611493198838454,0.8024017878841656,KANK2
GO_Biological_Process_2023,Late Nucleophagy (GO:0044805),1/7,0.5546027803783542,0.7627997450965509,0,0,1.3611493198838454,0.8024017878841656,ULK2
GO_Biological_Process_2023,Malate Metabolic Process (GO:0006108),1/7,0.5546027803783542,0.7627997450965509,0,0,1.3611493198838454,0.8024017878841656,MDH1B
GO_Biological_Process_2023,Myoblast Migration (GO:0051451),1/7,0.5546027803783542,0.7627997450965509,0,0,1.3611493198838454,0.8024017878841656,ANXA1
GO_Biological_Process_2023,Natural Killer Cell Differentiation (GO:0001779),1/7,0.5546027803783542,0.7627997450965509,0,0,1.3611493198838454,0.8024017878841656,PBX1
GO_Biological_Process_2023,Negative Regulation Of B Cell Apoptotic Process (GO:0002903),1/7,0.5546027803783542,0.7627997450965509,0,0,1.3611493198838454,0.8024017878841656,FOXP1
GO_Biological_Process_2023,Negative Regulation Of T Cell Mediated Cytotoxicity (GO:0001915),1/7,0.5546027803783542,0.7627997450965509,0,0,1.3611493198838454,0.8024017878841656,KLRD1
GO_Biological_Process_2023,Negative Regulation Of T-helper 17 Cell Differentiation (GO:2000320),1/7,0.5546027803783542,0.7627997450965509,0,0,1.3611493198838454,0.8024017878841656,SMAD7
GO_Biological_Process_2023,Negative Regulation Of Actin Nucleation (GO:0051126),1/7,0.5546027803783542,0.7627997450965509,0,0,1.3611493198838454,0.8024017878841656,GMFG
GO_Biological_Process_2023,Negative Regulation Of Amyloid-Beta Clearance (GO:1900222),1/7,0.5546027803783542,0.7627997450965509,0,0,1.3611493198838454,0.8024017878841656,MYOCD
GO_Biological_Process_2023,Negative Regulation Of Appetite (GO:0032099),1/7,0.5546027803783542,0.7627997450965509,0,0,1.3611493198838454,0.8024017878841656,SPX
GO_Biological_Process_2023,Negative Regulation Of cAMP-dependent Protein Kinase Activity (GO:2000480),1/7,0.5546027803783542,0.7627997450965509,0,0,1.3611493198838454,0.8024017878841656,PKIG
GO_Biological_Process_2023,Negative Regulation Of Circadian Rhythm (GO:0042754),1/7,0.5546027803783542,0.7627997450965509,0,0,1.3611493198838454,0.8024017878841656,CRY2
GO_Biological_Process_2023,"Negative Regulation Of Complement Activation, Classical Pathway (GO:0045959)",1/7,0.5546027803783542,0.7627997450965509,0,0,1.3611493198838454,0.8024017878841656,SVEP1
GO_Biological_Process_2023,Negative Regulation Of Glucose Import (GO:0046325),1/7,0.5546027803783542,0.7627997450965509,0,0,1.3611493198838454,0.8024017878841656,PID1
GO_Biological_Process_2023,Negative Regulation Of Inflammatory Response To Wounding (GO:0106015),1/7,0.5546027803783542,0.7627997450965509,0,0,1.3611493198838454,0.8024017878841656,IL33
GO_Biological_Process_2023,Negative Regulation Of Leukocyte Proliferation (GO:0070664),1/7,0.5546027803783542,0.7627997450965509,0,0,1.3611493198838454,0.8024017878841656,IL33
GO_Biological_Process_2023,Negative Regulation Of Lipid Kinase Activity (GO:0090219),1/7,0.5546027803783542,0.7627997450965509,0,0,1.3611493198838454,0.8024017878841656,PIK3IP1
GO_Biological_Process_2023,Negative Regulation Of Macrophage Migration (GO:1905522),1/7,0.5546027803783542,0.7627997450965509,0,0,1.3611493198838454,0.8024017878841656,EMILIN1
GO_Biological_Process_2023,Negative Regulation Of miRNA-mediated Gene Silencing (GO:0060965),1/7,0.5546027803783542,0.7627997450965509,0,0,1.3611493198838454,0.8024017878841656,PPARG
GO_Biological_Process_2023,Negative Regulation Of Mitochondrial Fusion (GO:0010637),1/7,0.5546027803783542,0.7627997450965509,0,0,1.3611493198838454,0.8024017878841656,TFRC
GO_Biological_Process_2023,Negative Regulation Of Monooxygenase Activity (GO:0032769),1/7,0.5546027803783542,0.7627997450965509,0,0,1.3611493198838454,0.8024017878841656,SNCA
GO_Biological_Process_2023,Negative Regulation Of Muscle Hypertrophy (GO:0014741),1/7,0.5546027803783542,0.7627997450965509,0,0,1.3611493198838454,0.8024017878841656,RGS2
GO_Biological_Process_2023,Negative Regulation Of Peptidyl-Lysine Acetylation (GO:2000757),1/7,0.5546027803783542,0.7627997450965509,0,0,1.3611493198838454,0.8024017878841656,KLF15
GO_Biological_Process_2023,Negative Regulation Of Striated Muscle Cell Apoptotic Process (GO:0010664),1/7,0.5546027803783542,0.7627997450965509,0,0,1.3611493198838454,0.8024017878841656,NUPR1
GO_Biological_Process_2023,Neuron Fate Specification (GO:0048665),1/7,0.5546027803783542,0.7627997450965509,0,0,1.3611493198838454,0.8024017878841656,DLL1
GO_Biological_Process_2023,"Neurotransmitter Receptor Transport, Endosome To Plasma Membrane (GO:0099639)",1/7,0.5546027803783542,0.7627997450965509,0,0,1.3611493198838454,0.8024017878841656,RAB11A
GO_Biological_Process_2023,Nonribosomal Peptide Biosynthetic Process (GO:0019184),1/7,0.5546027803783542,0.7627997450965509,0,0,1.3611493198838454,0.8024017878841656,GGT1
GO_Biological_Process_2023,Osteoblast Development (GO:0002076),1/7,0.5546027803783542,0.7627997450965509,0,0,1.3611493198838454,0.8024017878841656,LIMD1
GO_Biological_Process_2023,Peroxisome Proliferator Activated Receptor Signaling Pathway (GO:0035357),1/7,0.5546027803783542,0.7627997450965509,0,0,1.3611493198838454,0.8024017878841656,PPARG
GO_Biological_Process_2023,Phosphatidylserine Acyl-Chain Remodeling (GO:0036150),1/7,0.5546027803783542,0.7627997450965509,0,0,1.3611493198838454,0.8024017878841656,PLA1A
GO_Biological_Process_2023,Plasma Membrane Phospholipid Scrambling (GO:0017121),1/7,0.5546027803783542,0.7627997450965509,0,0,1.3611493198838454,0.8024017878841656,PLSCR4
GO_Biological_Process_2023,Platelet Activating Factor Metabolic Process (GO:0046469),1/7,0.5546027803783542,0.7627997450965509,0,0,1.3611493198838454,0.8024017878841656,PLA2G4C
GO_Biological_Process_2023,Positive Regulation Of CoA-transferase Activity (GO:1905920),1/7,0.5546027803783542,0.7627997450965509,0,0,1.3611493198838454,0.8024017878841656,AGTR1
GO_Biological_Process_2023,Positive Regulation Of Adipose Tissue Development (GO:1904179),1/7,0.5546027803783542,0.7627997450965509,0,0,1.3611493198838454,0.8024017878841656,PPARG
GO_Biological_Process_2023,Positive Regulation Of Attachment Of Mitotic Spindle Microtubules To Kinetochore (GO:1902425),1/7,0.5546027803783542,0.7627997450965509,0,0,1.3611493198838454,0.8024017878841656,KAT2B
GO_Biological_Process_2023,Positive Regulation Of Execution Phase Of Apoptosis (GO:1900119),1/7,0.5546027803783542,0.7627997450965509,0,0,1.3611493198838454,0.8024017878841656,PTGIS
GO_Biological_Process_2023,Positive Regulation Of Leukocyte Differentiation (GO:1902107),1/7,0.5546027803783542,0.7627997450965509,0,0,1.3611493198838454,0.8024017878841656,HMGB1
GO_Biological_Process_2023,Positive Regulation Of Membrane Potential (GO:0045838),1/7,0.5546027803783542,0.7627997450965509,0,0,1.3611493198838454,0.8024017878841656,ANK3
GO_Biological_Process_2023,Positive Regulation Of Myotube Differentiation (GO:0010831),1/7,0.5546027803783542,0.7627997450965509,0,0,1.3611493198838454,0.8024017878841656,RBM24
GO_Biological_Process_2023,Positive Regulation Of Neuron Projection Arborization (GO:0150012),1/7,0.5546027803783542,0.7627997450965509,0,0,1.3611493198838454,0.8024017878841656,FZD4
GO_Biological_Process_2023,Positive Regulation Of Oligodendrocyte Differentiation (GO:0048714),1/7,0.5546027803783542,0.7627997450965509,0,0,1.3611493198838454,0.8024017878841656,PTN
GO_Biological_Process_2023,Positive Regulation Of Plasminogen Activation (GO:0010756),1/7,0.5546027803783542,0.7627997450965509,0,0,1.3611493198838454,0.8024017878841656,CLEC3B
GO_Biological_Process_2023,Positive Regulation Of Ryanodine-Sensitive Calcium-Release Channel Activity (GO:0060316),1/7,0.5546027803783542,0.7627997450965509,0,0,1.3611493198838454,0.8024017878841656,CALM1
GO_Biological_Process_2023,Positive Regulation Of Steroid Biosynthetic Process (GO:0010893),1/7,0.5546027803783542,0.7627997450965509,0,0,1.3611493198838454,0.8024017878841656,STARD4
GO_Biological_Process_2023,Positive Regulation Of Tooth Mineralization (GO:0070172),1/7,0.5546027803783542,0.7627997450965509,0,0,1.3611493198838454,0.8024017878841656,CFTR
GO_Biological_Process_2023,"Post-Translational Protein Targeting To Membrane, Translocation (GO:0031204)",1/7,0.5546027803783542,0.7627997450965509,0,0,1.3611493198838454,0.8024017878841656,SEC63
GO_Biological_Process_2023,Postsynaptic Membrane Assembly (GO:0097104),1/7,0.5546027803783542,0.7627997450965509,0,0,1.3611493198838454,0.8024017878841656,NLGN4X
GO_Biological_Process_2023,Proximal/Distal Pattern Formation (GO:0009954),1/7,0.5546027803783542,0.7627997450965509,0,0,1.3611493198838454,0.8024017878841656,DLL1
GO_Biological_Process_2023,Purine-Containing Compound Metabolic Process (GO:0072521),1/7,0.5546027803783542,0.7627997450965509,0,0,1.3611493198838454,0.8024017878841656,MACROD2
GO_Biological_Process_2023,Pyrimidine Nucleobase Catabolic Process (GO:0006208),1/7,0.5546027803783542,0.7627997450965509,0,0,1.3611493198838454,0.8024017878841656,DPYSL2
GO_Biological_Process_2023,Regulation Of ATPase-coupled Calcium Transmembrane Transporter Activity (GO:1901894),1/7,0.5546027803783542,0.7627997450965509,0,0,1.3611493198838454,0.8024017878841656,PLN
GO_Biological_Process_2023,Regulation Of CoA-transferase Activity (GO:1905918),1/7,0.5546027803783542,0.7627997450965509,0,0,1.3611493198838454,0.8024017878841656,AGTR1
GO_Biological_Process_2023,Regulation Of Golgi To Plasma Membrane Protein Transport (GO:0042996),1/7,0.5546027803783542,0.7627997450965509,0,0,1.3611493198838454,0.8024017878841656,PKDCC
GO_Biological_Process_2023,Regulation Of Attachment Of Mitotic Spindle Microtubules To Kinetochore (GO:1902423),1/7,0.5546027803783542,0.7627997450965509,0,0,1.3611493198838454,0.8024017878841656,KAT2B
GO_Biological_Process_2023,Regulation Of Carbohydrate Biosynthetic Process (GO:0043255),1/7,0.5546027803783542,0.7627997450965509,0,0,1.3611493198838454,0.8024017878841656,FBP1
GO_Biological_Process_2023,Regulation Of Cardiac Muscle Cell Action Potential Involved In Regulation Of Contraction (GO:0098909),1/7,0.5546027803783542,0.7627997450965509,0,0,1.3611493198838454,0.8024017878841656,CAV1
GO_Biological_Process_2023,Regulation Of Chemokine (C-C Motif) Ligand 5 Production (GO:0071649),1/7,0.5546027803783542,0.7627997450965509,0,0,1.3611493198838454,0.8024017878841656,SIRPA
GO_Biological_Process_2023,Regulation Of Dendritic Cell Chemotaxis (GO:2000508),1/7,0.5546027803783542,0.7627997450965509,0,0,1.3611493198838454,0.8024017878841656,GAS6
GO_Biological_Process_2023,Regulation Of Dopamine Uptake Involved In Synaptic Transmission (GO:0051584),1/7,0.5546027803783542,0.7627997450965509,0,0,1.3611493198838454,0.8024017878841656,SNCA
GO_Biological_Process_2023,Regulation Of Endodeoxyribonuclease Activity (GO:0032071),1/7,0.5546027803783542,0.7627997450965509,0,0,1.3611493198838454,0.8024017878841656,HMGB1
GO_Biological_Process_2023,Regulation Of Heterochromatin Formation (GO:0031445),1/7,0.5546027803783542,0.7627997450965509,0,0,1.3611493198838454,0.8024017878841656,TPR
GO_Biological_Process_2023,Regulation Of Hydrogen Peroxide-Induced Cell Death (GO:1903205),1/7,0.5546027803783542,0.7627997450965509,0,0,1.3611493198838454,0.8024017878841656,LRRK2
GO_Biological_Process_2023,Regulation Of Lymphocyte Apoptotic Process (GO:0070228),1/7,0.5546027803783542,0.7627997450965509,0,0,1.3611493198838454,0.8024017878841656,CD274
GO_Biological_Process_2023,Regulation Of Mammary Gland Epithelial Cell Proliferation (GO:0033599),1/7,0.5546027803783542,0.7627997450965509,0,0,1.3611493198838454,0.8024017878841656,GATA3
GO_Biological_Process_2023,Regulation Of Microvillus Organization (GO:0032530),1/7,0.5546027803783542,0.7627997450965509,0,0,1.3611493198838454,0.8024017878841656,PODXL
GO_Biological_Process_2023,Regulation Of Protein Glycosylation (GO:0060049),1/7,0.5546027803783542,0.7627997450965509,0,0,1.3611493198838454,0.8024017878841656,SLC51B
GO_Biological_Process_2023,Regulation Of Vascular Wound Healing (GO:0061043),1/7,0.5546027803783542,0.7627997450965509,0,0,1.3611493198838454,0.8024017878841656,FOXC2
GO_Biological_Process_2023,Sinoatrial Node Development (GO:0003163),1/7,0.5546027803783542,0.7627997450965509,0,0,1.3611493198838454,0.8024017878841656,TBX5
GO_Biological_Process_2023,Sodium-Dependent Phosphate Transport (GO:0044341),1/7,0.5546027803783542,0.7627997450965509,0,0,1.3611493198838454,0.8024017878841656,SLC34A2
GO_Biological_Process_2023,Somatic Hypermutation Of Immunoglobulin Genes (GO:0016446),1/7,0.5546027803783542,0.7627997450965509,0,0,1.3611493198838454,0.8024017878841656,SAMHD1
GO_Biological_Process_2023,Sulfur Amino Acid Transport (GO:0000101),1/7,0.5546027803783542,0.7627997450965509,0,0,1.3611493198838454,0.8024017878841656,SLC1A1
GO_Biological_Process_2023,Transcription Initiation At RNA Polymerase I Promoter (GO:0006361),1/7,0.5546027803783542,0.7627997450965509,0,0,1.3611493198838454,0.8024017878841656,UBTF
GO_Biological_Process_2023,Positive Regulation Of Macroautophagy (GO:0016239),7/64,0.5564195632509592,0.7648110939462228,0,0,1.0028392821133294,0.5878971390464097,EPM2A;HSPB8;SESN1;KDR;WAC;DCN;OPTN
GO_Biological_Process_2023,Regulation Of Secretion By Cell (GO:1903530),7/64,0.5564195632509592,0.7648110939462228,0,0,1.0028392821133294,0.5878971390464097,RAB21;MEF2C;MCTP1;LGI3;KCNMB4;VAMP2;RAB8B
GO_Biological_Process_2023,Regulation Of Cell Cycle Process (GO:0010564),14/130,0.5624177669730902,0.772663356395829,0,0,0.9854466217075964,0.5671347278381247,SMARCE1;CDKN2B;CAV2;DAPK3;KLHL13;SMARCA2;RAB11A;SFRP1;APC;GPER1;CCDC8;KIF13A;PIK3C3;CALM1
GO_Biological_Process_2023,COPII-coated Vesicle Budding (GO:0090114),4/36,0.5631172994542598,0.772663356395829,0,0,1.0207759412304866,0.5861982695806984,PPP6C;VAPA;VAPB;CUL3
GO_Biological_Process_2023,Regulation Of T Cell Mediated Cytotoxicity (GO:0001914),4/36,0.5631172994542598,0.772663356395829,0,0,1.0207759412304866,0.5861982695806984,XCL1;KLRD1;CD1C;HLA-E
GO_Biological_Process_2023,Positive Regulation Of Tyrosine Phosphorylation Of STAT Protein (GO:0042531),6/55,0.5639526848288406,0.772663356395829,0,0,0.999906212484994,0.5727312030760917,GHR;IL6;TSLP;ERBB4;JAK2;IL6ST
GO_Biological_Process_2023,Purine Ribonucleotide Biosynthetic Process (GO:0009152),6/55,0.5639526848288406,0.772663356395829,0,0,0.999906212484994,0.5727312030760917,ADCY9;TGFB1;NPR1;NPR2;ADCY4;PAPSS2
GO_Biological_Process_2023,"Regulation Of Synaptic Transmission, Glutamatergic (GO:0051966)",6/55,0.5639526848288406,0.772663356395829,0,0,0.999906212484994,0.5727312030760917,FXR1;MEF2C;TSHZ3;LRRK2;ATP1A2;SHANK3
GO_Biological_Process_2023,G Protein-Coupled Acetylcholine Receptor Signaling Pathway (GO:0007213),2/17,0.5676819979451282,0.772663356395829,0,0,1.088868501529052,0.6165106814894382,GNA11;GNAQ
GO_Biological_Process_2023,Amyloid Precursor Protein Metabolic Process (GO:0042982),2/17,0.5676819979451282,0.772663356395829,0,0,1.088868501529052,0.6165106814894382,BACE1;APH1B
GO_Biological_Process_2023,Carbohydrate Derivative Catabolic Process (GO:1901136),2/17,0.5676819979451282,0.772663356395829,0,0,1.088868501529052,0.6165106814894382,FBXO17;SAMHD1
GO_Biological_Process_2023,Detection Of Visible Light (GO:0009584),2/17,0.5676819979451282,0.772663356395829,0,0,1.088868501529052,0.6165106814894382,GNA11;GNAQ
GO_Biological_Process_2023,Diol Biosynthetic Process (GO:0034312),2/17,0.5676819979451282,0.772663356395829,0,0,1.088868501529052,0.6165106814894382,QDPR;SPTLC3
GO_Biological_Process_2023,Intracellular Estrogen Receptor Signaling Pathway (GO:0030520),2/17,0.5676819979451282,0.772663356395829,0,0,1.088868501529052,0.6165106814894382,DEFA1;PPARGC1B
GO_Biological_Process_2023,Keratan Sulfate Metabolic Process (GO:0042339),2/17,0.5676819979451282,0.772663356395829,0,0,1.088868501529052,0.6165106814894382,ST3GAL6;ST3GAL1
GO_Biological_Process_2023,Membrane Lipid Metabolic Process (GO:0006643),2/17,0.5676819979451282,0.772663356395829,0,0,1.088868501529052,0.6165106814894382,SERINC1;ST3GAL6
GO_Biological_Process_2023,Negative Regulation Of Insulin Secretion (GO:0046676),2/17,0.5676819979451282,0.772663356395829,0,0,1.088868501529052,0.6165106814894382,SFRP1;FOXO1
GO_Biological_Process_2023,Negative Regulation Of Ubiquitin-Protein Transferase Activity (GO:0051444),2/17,0.5676819979451282,0.772663356395829,0,0,1.088868501529052,0.6165106814894382,USP44;SMAD7
GO_Biological_Process_2023,Nicotinamide Nucleotide Metabolic Process (GO:0046496),2/17,0.5676819979451282,0.772663356395829,0,0,1.088868501529052,0.6165106814894382,FMO2;GPD1L
GO_Biological_Process_2023,Positive Regulation Of Amyloid-Beta Formation (GO:1902004),2/17,0.5676819979451282,0.772663356395829,0,0,1.088868501529052,0.6165106814894382,CLU;ABCG1
GO_Biological_Process_2023,Positive Regulation Of Heart Rate (GO:0010460),2/17,0.5676819979451282,0.772663356395829,0,0,1.088868501529052,0.6165106814894382,EDN1;ADRB1
GO_Biological_Process_2023,Positive Regulation Of Peptidyl-Lysine Acetylation (GO:2000758),2/17,0.5676819979451282,0.772663356395829,0,0,1.088868501529052,0.6165106814894382,NOS1;PPARGC1A
GO_Biological_Process_2023,Positive Regulation Of Regulatory T Cell Differentiation (GO:0045591),2/17,0.5676819979451282,0.772663356395829,0,0,1.088868501529052,0.6165106814894382,LILRB2;FOXO3
GO_Biological_Process_2023,Positive Regulation Of Small GTPase Mediated Signal Transduction (GO:0051057),2/17,0.5676819979451282,0.772663356395829,0,0,1.088868501529052,0.6165106814894382,RASGRF1;TGM2
GO_Biological_Process_2023,Regulation Of Aerobic Respiration (GO:1903715),2/17,0.5676819979451282,0.772663356395829,0,0,1.088868501529052,0.6165106814894382,CBFA2T3;COX7A1
GO_Biological_Process_2023,Regulation Of Brown Fat Cell Differentiation (GO:0090335),2/17,0.5676819979451282,0.772663356395829,0,0,1.088868501529052,0.6165106814894382,SOX13;PTGS2
GO_Biological_Process_2023,Regulation Of Cellular Respiration (GO:0043457),2/17,0.5676819979451282,0.772663356395829,0,0,1.088868501529052,0.6165106814894382,PRDM16;CBFA2T3
GO_Biological_Process_2023,Regulation Of Oxidative Phosphorylation (GO:0002082),2/17,0.5676819979451282,0.772663356395829,0,0,1.088868501529052,0.6165106814894382,NUPR1;COX7A1
GO_Biological_Process_2023,Regulation Of Protein Sumoylation (GO:0033233),2/17,0.5676819979451282,0.772663356395829,0,0,1.088868501529052,0.6165106814894382,EGR1;PIAS1
GO_Biological_Process_2023,Regulation Of Tubulin Deacetylation (GO:0090043),2/17,0.5676819979451282,0.772663356395829,0,0,1.088868501529052,0.6165106814894382,KAT2B;TPPP
GO_Biological_Process_2023,Regulation Of Ubiquitin Protein Ligase Activity (GO:1904666),2/17,0.5676819979451282,0.772663356395829,0,0,1.088868501529052,0.6165106814894382,USP44;PTEN
GO_Biological_Process_2023,Regulation Of Viral Transcription (GO:0046782),2/17,0.5676819979451282,0.772663356395829,0,0,1.088868501529052,0.6165106814894382,ZFP36;MID2
GO_Biological_Process_2023,Transepithelial Transport (GO:0070633),2/17,0.5676819979451282,0.772663356395829,0,0,1.088868501529052,0.6165106814894382,SLC1A1;ABCG2
GO_Biological_Process_2023,Negative Regulation Of Amide Metabolic Process (GO:0034249),10/93,0.568781693674701,0.7739160750000029,0,0,0.9837693314695244,0.5551002910665582,TRIM71;FXR1;NTRK2;PRNP;BTG2;RTN1;IGFBP5;DAPK1;DAPK3;CLU
GO_Biological_Process_2023,Regulation Of Protein Serine/Threonine Kinase Activity (GO:0071900),12/112,0.5715748823107989,0.7774715386238286,0,0,0.9797972350230416,0.5480591625596755,DIRAS3;PPP2CA;CDKN2B;CCND2;CCND1;DAB2IP;ADRB2;TRIB1;CALM1;TRIB2;SLC8A1;SNCA
GO_Biological_Process_2023,Fatty Acid Biosynthetic Process (GO:0006633),7/65,0.5734200999208194,0.7797357124317129,0,0,0.9854934601664684,0.5480690534333768,FADS3;PLA2G1B;SCD;ALOX5;SCD5;LTC4S;ACACB
GO_Biological_Process_2023,Peptidyl-Proline Modification (GO:0018208),3/27,0.5771709051971992,0.783108967881519,0,0,1.020766406608536,0.5610304273459098,FKBP1A;FKBP1B;FKBP7
GO_Biological_Process_2023,Positive Regulation Of Calcium Ion Transmembrane Transporter Activity (GO:1901021),3/27,0.5771709051971992,0.783108967881519,0,0,1.020766406608536,0.5610304273459098,STAC;ANK2;CALM1
GO_Biological_Process_2023,Positive Regulation Of Mitotic Cell Cycle (GO:0045931),3/27,0.5771709051971992,0.783108967881519,0,0,1.020766406608536,0.5610304273459098,TAL1;CUL3;MEIS2
GO_Biological_Process_2023,Regulation Of Catecholamine Secretion (GO:0050433),3/27,0.5771709051971992,0.783108967881519,0,0,1.020766406608536,0.5610304273459098,SYT11;SYT15;SNCA
GO_Biological_Process_2023,Regulation Of Insulin Secretion Involved In Cellular Response To Glucose Stimulus (GO:0061178),3/27,0.5771709051971992,0.783108967881519,0,0,1.020766406608536,0.5610304273459098,ANO1;CFTR;FOXA2
GO_Biological_Process_2023,Regulation Of Microtubule Polymerization Or Depolymerization (GO:0031110),3/27,0.5771709051971992,0.783108967881519,0,0,1.020766406608536,0.5610304273459098,MAP2;MAPRE2;CLASP2
GO_Biological_Process_2023,Regulation Of Peptidase Activity (GO:0052547),3/27,0.5771709051971992,0.783108967881519,0,0,1.020766406608536,0.5610304273459098,CSTA;CAV1;CTSH
GO_Biological_Process_2023,Fatty Acid Metabolic Process (GO:0006631),13/122,0.5791595206626969,0.7855601795035198,0,0,0.9737586762597232,0.5318449126092197,HPGD;PLA2G1B;CYP4B1;MSMO1;ACSL4;ACACB;ADIPOR2;ALOX5;CD36;GGT1;SLC27A3;PPARGC1A;CES1
GO_Biological_Process_2023,post-Golgi Vesicle-Mediated Transport (GO:0006892),6/56,0.5821672176063116,0.7890536520865719,0,0,0.9798529411764706,0.5300980474379902,GGA2;MYO1B;RAB14;SORT1;EXOC6B;SCAMP1
GO_Biological_Process_2023,Epidermis Development (GO:0008544),9/85,0.5895891381625391,0.7890536520865719,0,0,0.966878194104682,0.5108301381278645,SCEL;FGF7;FABP5;LAMA3;GATA6;EMP1;SVEP1;DLL1;FGFR2
GO_Biological_Process_2023,Cell Junction Maintenance (GO:0034331),2/18,0.5995650350678363,0.7890536520865719,0,0,1.0207568807339449,0.5221690277474359,F2R;MYADM
GO_Biological_Process_2023,Detection Of Mechanical Stimulus (GO:0050982),2/18,0.5995650350678363,0.7890536520865719,0,0,1.0207568807339449,0.5221690277474359,PIEZO2;TTN
GO_Biological_Process_2023,Epithelial Cell Development (GO:0002064),2/18,0.5995650350678363,0.7890536520865719,0,0,1.0207568807339449,0.5221690277474359,RILPL2;ROS1
GO_Biological_Process_2023,Establishment Of Vesicle Localization (GO:0051650),2/18,0.5995650350678363,0.7890536520865719,0,0,1.0207568807339449,0.5221690277474359,SYT11;RAB11A
GO_Biological_Process_2023,fatty-acyl-CoA Metabolic Process (GO:0035337),2/18,0.5995650350678363,0.7890536520865719,0,0,1.0207568807339449,0.5221690277474359,ACSL4;FAR2
GO_Biological_Process_2023,Melanosome Assembly (GO:1903232),2/18,0.5995650350678363,0.7890536520865719,0,0,1.0207568807339449,0.5221690277474359,AP1S2;AP1M1
GO_Biological_Process_2023,Melanosome Localization (GO:0032400),2/18,0.5995650350678363,0.7890536520865719,0,0,1.0207568807339449,0.5221690277474359,SHROOM2;RAB11A
GO_Biological_Process_2023,Negative Regulation Of ERBB Signaling Pathway (GO:1901185),2/18,0.5995650350678363,0.7890536520865719,0,0,1.0207568807339449,0.5221690277474359,ITGA1;DAB2IP
GO_Biological_Process_2023,Negative Regulation Of Lipid Catabolic Process (GO:0050995),2/18,0.5995650350678363,0.7890536520865719,0,0,1.0207568807339449,0.5221690277474359,PDE3B;MFSD2A
GO_Biological_Process_2023,Negative Regulation Of Nervous System Development (GO:0051961),2/18,0.5995650350678363,0.7890536520865719,0,0,1.0207568807339449,0.5221690277474359,ROBO2;IL6
GO_Biological_Process_2023,Negative Regulation Of Peptide Hormone Secretion (GO:0090278),2/18,0.5995650350678363,0.7890536520865719,0,0,1.0207568807339449,0.5221690277474359,SFRP1;FOXO1
GO_Biological_Process_2023,Negative Regulation Of Signal Transduction By P53 Class Mediator (GO:1901797),2/18,0.5995650350678363,0.7890536520865719,0,0,1.0207568807339449,0.5221690277474359,CD74;CD44
GO_Biological_Process_2023,Neural Crest Cell Differentiation (GO:0014033),2/18,0.5995650350678363,0.7890536520865719,0,0,1.0207568807339449,0.5221690277474359,MEF2C;TAPT1
GO_Biological_Process_2023,Neuron Fate Commitment (GO:0048663),2/18,0.5995650350678363,0.7890536520865719,0,0,1.0207568807339449,0.5221690277474359,ID2;DLL1
GO_Biological_Process_2023,Peptide Antigen Assembly With MHC Protein Complex (GO:0002501),2/18,0.5995650350678363,0.7890536520865719,0,0,1.0207568807339449,0.5221690277474359,HLA-DOA;HLA-DPA1
GO_Biological_Process_2023,Positive Regulation Of Epidermal Cell Differentiation (GO:0045606),2/18,0.5995650350678363,0.7890536520865719,0,0,1.0207568807339449,0.5221690277474359,PRKCH;ZBED2
GO_Biological_Process_2023,Positive Regulation Of Glycolytic Process (GO:0045821),2/18,0.5995650350678363,0.7890536520865719,0,0,1.0207568807339449,0.5221690277474359,ZBTB20;SLC4A4
GO_Biological_Process_2023,Positive Regulation Of Neuroblast Proliferation (GO:0002052),2/18,0.5995650350678363,0.7890536520865719,0,0,1.0207568807339449,0.5221690277474359,CX3CR1;CX3CL1
GO_Biological_Process_2023,Positive Regulation Of Response To Endoplasmic Reticulum Stress (GO:1905898),2/18,0.5995650350678363,0.7890536520865719,0,0,1.0207568807339449,0.5221690277474359,PIK3R1;NCK1
GO_Biological_Process_2023,Positive Regulation Of Stress-Activated Protein Kinase Signaling Cascade (GO:0070304),2/18,0.5995650350678363,0.7890536520865719,0,0,1.0207568807339449,0.5221690277474359,TGFB2;IGFBP6
GO_Biological_Process_2023,Positive Regulation Of Triglyceride Metabolic Process (GO:0090208),2/18,0.5995650350678363,0.7890536520865719,0,0,1.0207568807339449,0.5221690277474359,LDLR;MFSD2A
GO_Biological_Process_2023,Regulation Of T Cell Cytokine Production (GO:0002724),2/18,0.5995650350678363,0.7890536520865719,0,0,1.0207568807339449,0.5221690277474359,XCL1;SMAD7
GO_Biological_Process_2023,Regulation Of Oligodendrocyte Differentiation (GO:0048713),2/18,0.5995650350678363,0.7890536520865719,0,0,1.0207568807339449,0.5221690277474359,DAAM2;PTN
GO_Biological_Process_2023,Vesicle-Mediated Transport In Synapse (GO:0099003),2/18,0.5995650350678363,0.7890536520865719,0,0,1.0207568807339449,0.5221690277474359,VAMP2;SNCA
GO_Biological_Process_2023,Regulation Of Nucleic Acid-Templated Transcription (GO:1903506),48/452,0.6021726492937592,0.7890536520865719,0,0,0.969536128870619,0.4917594689080188,ZNF331;ACVRL1;CEBPA;SPI1;BNC2;WWC1;JADE1;RORA;PRDM2;FOXO4;LIMD1;ZBTB4;PPP2CA;EFEMP1;SOX17;SAP30L;WWC3;SLC39A8;APBB2;ZNF423;SOX6;PPARGC1A;SOX7;PPARGC1B;WWTR1;ARNT2;MEF2C;TCF7L1;NFYB;FZD7;CNBP;DAPK3;SOX13;IGF2;RFX3;MITF;FOXN3;ACTN4;SMARCA2;HIC1;KAT2B;BMP2;NR5A2;NFIA;SETBP1;PRKCQ;SSBP2;ENG
GO_Biological_Process_2023,Membrane Fusion (GO:0061025),3/28,0.6025691500097813,0.7890536520865719,0,0,0.979880679210647,0.4963613491488662,VAPA;STX11;VAMP2
GO_Biological_Process_2023,Negative Regulation Of Mitotic Metaphase/Anaphase Transition (GO:0045841),3/28,0.6025691500097813,0.7890536520865719,0,0,0.979880679210647,0.4963613491488662,USP44;TPR;TEX14
GO_Biological_Process_2023,Regulation Of Glucose Metabolic Process (GO:0010906),3/28,0.6025691500097813,0.7890536520865719,0,0,0.979880679210647,0.4963613491488662,PDK4;RORA;FBP1
GO_Biological_Process_2023,CD40 Signaling Pathway (GO:0023035),1/8,0.6032125055863458,0.7890536520865719,0,0,1.1666339162900374,0.5897167973207976,ITGA5
GO_Biological_Process_2023,DNA Cytosine Deamination (GO:0070383),1/8,0.6032125055863458,0.7890536520865719,0,0,1.1666339162900374,0.5897167973207976,CDADC1
GO_Biological_Process_2023,DNA Topological Change (GO:0006265),1/8,0.6032125055863458,0.7890536520865719,0,0,1.1666339162900374,0.5897167973207976,HMGB1
GO_Biological_Process_2023,Golgi Ribbon Formation (GO:0090161),1/8,0.6032125055863458,0.7890536520865719,0,0,1.1666339162900374,0.5897167973207976,OPTN
GO_Biological_Process_2023,L-arginine Transmembrane Transport (GO:1903826),1/8,0.6032125055863458,0.7890536520865719,0,0,1.1666339162900374,0.5897167973207976,SLC7A7
GO_Biological_Process_2023,MyD88-independent Toll-Like Receptor Signaling Pathway (GO:0002756),1/8,0.6032125055863458,0.7890536520865719,0,0,1.1666339162900374,0.5897167973207976,TLR4
GO_Biological_Process_2023,Acid Secretion (GO:0046717),1/8,0.6032125055863458,0.7890536520865719,0,0,1.1666339162900374,0.5897167973207976,SLC51B
GO_Biological_Process_2023,Actin Filament Network Formation (GO:0051639),1/8,0.6032125055863458,0.7890536520865719,0,0,1.1666339162900374,0.5897167973207976,COBL
GO_Biological_Process_2023,Androgen Biosynthetic Process (GO:0006702),1/8,0.6032125055863458,0.7890536520865719,0,0,1.1666339162900374,0.5897167973207976,HSD17B6
GO_Biological_Process_2023,Anoikis (GO:0043276),1/8,0.6032125055863458,0.7890536520865719,0,0,1.1666339162900374,0.5897167973207976,DAPK2
GO_Biological_Process_2023,Auditory Behavior (GO:0031223),1/8,0.6032125055863458,0.7890536520865719,0,0,1.1666339162900374,0.5897167973207976,SHANK3
GO_Biological_Process_2023,Basic Amino Acid Transmembrane Transport (GO:1990822),1/8,0.6032125055863458,0.7890536520865719,0,0,1.1666339162900374,0.5897167973207976,SLC7A7
GO_Biological_Process_2023,Cellular Response To Hydroxyurea (GO:0072711),1/8,0.6032125055863458,0.7890536520865719,0,0,1.1666339162900374,0.5897167973207976,SPIDR
GO_Biological_Process_2023,Cellular Response To Muramyl Dipeptide (GO:0071225),1/8,0.6032125055863458,0.7890536520865719,0,0,1.1666339162900374,0.5897167973207976,VIM
GO_Biological_Process_2023,Commissural Neuron Axon Guidance (GO:0071679),1/8,0.6032125055863458,0.7890536520865719,0,0,1.1666339162900374,0.5897167973207976,NFIB
GO_Biological_Process_2023,Endosome To Melanosome Transport (GO:0035646),1/8,0.6032125055863458,0.7890536520865719,0,0,1.1666339162900374,0.5897167973207976,AP1M1
GO_Biological_Process_2023,Endosome To Pigment Granule Transport (GO:0043485),1/8,0.6032125055863458,0.7890536520865719,0,0,1.1666339162900374,0.5897167973207976,AP1M1
GO_Biological_Process_2023,Fat-Soluble Vitamin Catabolic Process (GO:0042363),1/8,0.6032125055863458,0.7890536520865719,0,0,1.1666339162900374,0.5897167973207976,CYP26B1
GO_Biological_Process_2023,"Fructose 1,6-Bisphosphate Metabolic Process (GO:0030388)",1/8,0.6032125055863458,0.7890536520865719,0,0,1.1666339162900374,0.5897167973207976,FBP1
GO_Biological_Process_2023,Glucosamine-Containing Compound Catabolic Process (GO:1901072),1/8,0.6032125055863458,0.7890536520865719,0,0,1.1666339162900374,0.5897167973207976,CHI3L2
GO_Biological_Process_2023,Glutamine Transport (GO:0006868),1/8,0.6032125055863458,0.7890536520865719,0,0,1.1666339162900374,0.5897167973207976,SLC38A5
GO_Biological_Process_2023,Glycerol Transmembrane Transport (GO:0015793),1/8,0.6032125055863458,0.7890536520865719,0,0,1.1666339162900374,0.5897167973207976,AQP9
GO_Biological_Process_2023,Immune Response-Inhibiting Cell Surface Receptor Signaling Pathway (GO:0002767),1/8,0.6032125055863458,0.7890536520865719,0,0,1.1666339162900374,0.5897167973207976,LILRB2
GO_Biological_Process_2023,Interleukin-12-Mediated Signaling Pathway (GO:0035722),1/8,0.6032125055863458,0.7890536520865719,0,0,1.1666339162900374,0.5897167973207976,JAK2
GO_Biological_Process_2023,Internal Protein Amino Acid Acetylation (GO:0006475),1/8,0.6032125055863458,0.7890536520865719,0,0,1.1666339162900374,0.5897167973207976,KAT2B
GO_Biological_Process_2023,Lactation (GO:0007595),1/8,0.6032125055863458,0.7890536520865719,0,0,1.1666339162900374,0.5897167973207976,ERBB4
GO_Biological_Process_2023,Learned Vocalization Behavior Or Vocal Learning (GO:0098598),1/8,0.6032125055863458,0.7890536520865719,0,0,1.1666339162900374,0.5897167973207976,SHANK3
GO_Biological_Process_2023,Leptin-Mediated Signaling Pathway (GO:0033210),1/8,0.6032125055863458,0.7890536520865719,0,0,1.1666339162900374,0.5897167973207976,LEPR
GO_Biological_Process_2023,Membrane Lipid Catabolic Process (GO:0046466),1/8,0.6032125055863458,0.7890536520865719,0,0,1.1666339162900374,0.5897167973207976,ENPP2
GO_Biological_Process_2023,Mesodermal Cell Differentiation (GO:0048333),1/8,0.6032125055863458,0.7890536520865719,0,0,1.1666339162900374,0.5897167973207976,ITGA8
GO_Biological_Process_2023,Mitochondrial Fragmentation Involved In Apoptotic Process (GO:0043653),1/8,0.6032125055863458,0.7890536520865719,0,0,1.1666339162900374,0.5897167973207976,ERBB4
GO_Biological_Process_2023,Negative Regulation By Host Of Viral Genome Replication (GO:0044828),1/8,0.6032125055863458,0.7890536520865719,0,0,1.1666339162900374,0.5897167973207976,VAPA
GO_Biological_Process_2023,Negative Regulation Of Alpha-Beta T Cell Differentiation (GO:0046639),1/8,0.6032125055863458,0.7890536520865719,0,0,1.1666339162900374,0.5897167973207976,HMGB1
GO_Biological_Process_2023,Negative Regulation Of Cytoplasmic Translation (GO:2000766),1/8,0.6032125055863458,0.7890536520865719,0,0,1.1666339162900374,0.5897167973207976,RBM24
GO_Biological_Process_2023,Negative Regulation Of Glycoprotein Biosynthetic Process (GO:0010561),1/8,0.6032125055863458,0.7890536520865719,0,0,1.1666339162900374,0.5897167973207976,ITM2A
GO_Biological_Process_2023,Negative Regulation Of Leukocyte Degranulation (GO:0043301),1/8,0.6032125055863458,0.7890536520865719,0,0,1.1666339162900374,0.5897167973207976,SPI1
GO_Biological_Process_2023,Negative Regulation Of Protein Import Into Nucleus (GO:0042308),1/8,0.6032125055863458,0.7890536520865719,0,0,1.1666339162900374,0.5897167973207976,RAB23
GO_Biological_Process_2023,Negative Regulation Of Regulated Secretory Pathway (GO:1903306),1/8,0.6032125055863458,0.7890536520865719,0,0,1.1666339162900374,0.5897167973207976,RAP1A
GO_Biological_Process_2023,Negative Regulation Of Ubiquitin Protein Ligase Activity (GO:1904667),1/8,0.6032125055863458,0.7890536520865719,0,0,1.1666339162900374,0.5897167973207976,USP44
GO_Biological_Process_2023,Neuronal Ion Channel Clustering (GO:0045161),1/8,0.6032125055863458,0.7890536520865719,0,0,1.1666339162900374,0.5897167973207976,MYOC
GO_Biological_Process_2023,Nuclear Membrane Disassembly (GO:0051081),1/8,0.6032125055863458,0.7890536520865719,0,0,1.1666339162900374,0.5897167973207976,PRKCB
GO_Biological_Process_2023,p38MAPK Cascade (GO:0038066),1/8,0.6032125055863458,0.7890536520865719,0,0,1.1666339162900374,0.5897167973207976,ZFP36
GO_Biological_Process_2023,Positive Regulation Of NK T Cell Activation (GO:0051135),1/8,0.6032125055863458,0.7890536520865719,0,0,1.1666339162900374,0.5897167973207976,JAK2
GO_Biological_Process_2023,Positive Regulation Of Adaptive Immune Response (GO:0002821),1/8,0.6032125055863458,0.7890536520865719,0,0,1.1666339162900374,0.5897167973207976,IL6ST
GO_Biological_Process_2023,Positive Regulation Of Calcium Ion Import Across Plasma Membrane (GO:1905665),1/8,0.6032125055863458,0.7890536520865719,0,0,1.1666339162900374,0.5897167973207976,RAMP3
GO_Biological_Process_2023,Positive Regulation Of Calcium Ion Transport Into Cytosol (GO:0010524),1/8,0.6032125055863458,0.7890536520865719,0,0,1.1666339162900374,0.5897167973207976,PLA2G1B
GO_Biological_Process_2023,Positive Regulation Of Chromatin Binding (GO:0035563),1/8,0.6032125055863458,0.7890536520865719,0,0,1.1666339162900374,0.5897167973207976,HMBOX1
GO_Biological_Process_2023,Positive Regulation Of Ligase Activity (GO:0051351),1/8,0.6032125055863458,0.7890536520865719,0,0,1.1666339162900374,0.5897167973207976,MID1IP1
GO_Biological_Process_2023,Positive Regulation Of Mast Cell Degranulation (GO:0043306),1/8,0.6032125055863458,0.7890536520865719,0,0,1.1666339162900374,0.5897167973207976,GAB2
GO_Biological_Process_2023,Positive Regulation Of Megakaryocyte Differentiation (GO:0045654),1/8,0.6032125055863458,0.7890536520865719,0,0,1.1666339162900374,0.5897167973207976,MTURN
GO_Biological_Process_2023,Positive Regulation Of Membrane Invagination (GO:1905155),1/8,0.6032125055863458,0.7890536520865719,0,0,1.1666339162900374,0.5897167973207976,APLP2
GO_Biological_Process_2023,Positive Regulation Of Mitochondrial Calcium Ion Concentration (GO:0051561),1/8,0.6032125055863458,0.7890536520865719,0,0,1.1666339162900374,0.5897167973207976,TGM2
GO_Biological_Process_2023,Positive Regulation Of Protein Kinase C Signaling (GO:0090037),1/8,0.6032125055863458,0.7890536520865719,0,0,1.1666339162900374,0.5897167973207976,FLT4
GO_Biological_Process_2023,Positive Regulation Of Smooth Muscle Cell Apoptotic Process (GO:0034393),1/8,0.6032125055863458,0.7890536520865719,0,0,1.1666339162900374,0.5897167973207976,PPARG
GO_Biological_Process_2023,Positive Regulation Of Synapse Maturation (GO:0090129),1/8,0.6032125055863458,0.7890536520865719,0,0,1.1666339162900374,0.5897167973207976,DAB2IP
GO_Biological_Process_2023,Positive Regulation Of Tumor Necrosis Factor-Mediated Signaling Pathway (GO:1903265),1/8,0.6032125055863458,0.7890536520865719,0,0,1.1666339162900374,0.5897167973207976,CASP1
GO_Biological_Process_2023,Positive Regulation Of Ubiquitin Protein Ligase Activity (GO:1904668),1/8,0.6032125055863458,0.7890536520865719,0,0,1.1666339162900374,0.5897167973207976,PTEN
GO_Biological_Process_2023,Pyrimidine-Containing Compound Catabolic Process (GO:0072529),1/8,0.6032125055863458,0.7890536520865719,0,0,1.1666339162900374,0.5897167973207976,DPYSL2
GO_Biological_Process_2023,Pyrimidine-Containing Compound Metabolic Process (GO:0072527),1/8,0.6032125055863458,0.7890536520865719,0,0,1.1666339162900374,0.5897167973207976,SLC19A3
GO_Biological_Process_2023,Regulation Of DNA Methylation (GO:0044030),1/8,0.6032125055863458,0.7890536520865719,0,0,1.1666339162900374,0.5897167973207976,MECP2
GO_Biological_Process_2023,Regulation Of ER-associated Ubiquitin-Dependent Protein Catabolic Process (GO:1903069),1/8,0.6032125055863458,0.7890536520865719,0,0,1.1666339162900374,0.5897167973207976,CAV1
GO_Biological_Process_2023,"Regulation Of Complement Activation, Classical Pathway (GO:0030450)",1/8,0.6032125055863458,0.7890536520865719,0,0,1.1666339162900374,0.5897167973207976,SVEP1
GO_Biological_Process_2023,Regulation Of Endothelial Cell Development (GO:1901550),1/8,0.6032125055863458,0.7890536520865719,0,0,1.1666339162900374,0.5897167973207976,VCL
GO_Biological_Process_2023,Regulation Of Epidermis Development (GO:0045682),1/8,0.6032125055863458,0.7890536520865719,0,0,1.1666339162900374,0.5897167973207976,MAFF
GO_Biological_Process_2023,Regulation Of Generation Of Precursor Metabolites And Energy (GO:0043467),1/8,0.6032125055863458,0.7890536520865719,0,0,1.1666339162900374,0.5897167973207976,PRDM16
GO_Biological_Process_2023,Regulation Of Interleukin-23 Production (GO:0032667),1/8,0.6032125055863458,0.7890536520865719,0,0,1.1666339162900374,0.5897167973207976,TLR4
GO_Biological_Process_2023,Regulation Of Intrinsic Apoptotic Signaling Pathway By P53 Class Mediator (GO:1902253),1/8,0.6032125055863458,0.7890536520865719,0,0,1.1666339162900374,0.5897167973207976,MSX1
GO_Biological_Process_2023,Regulation Of miRNA Metabolic Process (GO:2000628),1/8,0.6032125055863458,0.7890536520865719,0,0,1.1666339162900374,0.5897167973207976,TGFB1
GO_Biological_Process_2023,Regulation Of Necrotic Cell Death (GO:0010939),1/8,0.6032125055863458,0.7890536520865719,0,0,1.1666339162900374,0.5897167973207976,SLC6A13
GO_Biological_Process_2023,Regulation Of Nephron Tubule Epithelial Cell Differentiation (GO:0072182),1/8,0.6032125055863458,0.7890536520865719,0,0,1.1666339162900374,0.5897167973207976,GATA3
GO_Biological_Process_2023,Regulation Of Neutrophil Migration (GO:1902622),1/8,0.6032125055863458,0.7890536520865719,0,0,1.1666339162900374,0.5897167973207976,JAM3
GO_Biological_Process_2023,Regulation Of Pattern Recognition Receptor Signaling Pathway (GO:0062207),1/8,0.6032125055863458,0.7890536520865719,0,0,1.1666339162900374,0.5897167973207976,CD36
GO_Biological_Process_2023,Regulation Of Pinocytosis (GO:0048548),1/8,0.6032125055863458,0.7890536520865719,0,0,1.1666339162900374,0.5897167973207976,CAV1
GO_Biological_Process_2023,Regulation Of Protein ADP-ribosylation (GO:0010835),1/8,0.6032125055863458,0.7890536520865719,0,0,1.1666339162900374,0.5897167973207976,KAT2B
GO_Biological_Process_2023,Regulation Of Rhodopsin Mediated Signaling Pathway (GO:0022400),1/8,0.6032125055863458,0.7890536520865719,0,0,1.1666339162900374,0.5897167973207976,NMT2
GO_Biological_Process_2023,Regulation Of Vesicle Fusion (GO:0031338),1/8,0.6032125055863458,0.7890536520865719,0,0,1.1666339162900374,0.5897167973207976,ANXA1
GO_Biological_Process_2023,Response To Misfolded Protein (GO:0051788),1/8,0.6032125055863458,0.7890536520865719,0,0,1.1666339162900374,0.5897167973207976,CLU
GO_Biological_Process_2023,Response To Vitamin D (GO:0033280),1/8,0.6032125055863458,0.7890536520865719,0,0,1.1666339162900374,0.5897167973207976,SFRP1
GO_Biological_Process_2023,Selenocysteine Incorporation (GO:0001514),1/8,0.6032125055863458,0.7890536520865719,0,0,1.1666339162900374,0.5897167973207976,SECISBP2L
GO_Biological_Process_2023,Semaphorin-Plexin Signaling Pathway Involved In Axon Guidance (GO:1902287),1/8,0.6032125055863458,0.7890536520865719,0,0,1.1666339162900374,0.5897167973207976,PLXNA2
GO_Biological_Process_2023,Sensory Organ Morphogenesis (GO:0090596),1/8,0.6032125055863458,0.7890536520865719,0,0,1.1666339162900374,0.5897167973207976,SKI
GO_Biological_Process_2023,Sequestering Of Actin Monomers (GO:0042989),1/8,0.6032125055863458,0.7890536520865719,0,0,1.1666339162900374,0.5897167973207976,TMSB15A
GO_Biological_Process_2023,Skin Morphogenesis (GO:0043589),1/8,0.6032125055863458,0.7890536520865719,0,0,1.1666339162900374,0.5897167973207976,ITGA6
GO_Biological_Process_2023,Somite Development (GO:0061053),1/8,0.6032125055863458,0.7890536520865719,0,0,1.1666339162900374,0.5897167973207976,PTCH1
GO_Biological_Process_2023,Translational Readthrough (GO:0006451),1/8,0.6032125055863458,0.7890536520865719,0,0,1.1666339162900374,0.5897167973207976,SECISBP2L
GO_Biological_Process_2023,Tricarboxylic Acid Metabolic Process (GO:0072350),1/8,0.6032125055863458,0.7890536520865719,0,0,1.1666339162900374,0.5897167973207976,IDH3A
GO_Biological_Process_2023,Tyrosine Phosphorylation Of STAT Protein (GO:0007260),1/8,0.6032125055863458,0.7890536520865719,0,0,1.1666339162900374,0.5897167973207976,JAK2
GO_Biological_Process_2023,Lysosomal Transport (GO:0007041),11/105,0.6033079360254141,0.7890536520865719,0,0,0.9553593304389584,0.482769379561611,CCL14;PXK;LRP1;SORT1;NEDD4;KIF13A;PCSK9;PIK3C3;DENND3;GPRASP1;RHOB
GO_Biological_Process_2023,Exocytosis (GO:0006887),9/86,0.6040603061960631,0.7897983282466551,0,0,0.954267545615912,0.48102836896073,SYNGR1;RAB11FIP1;RAB3IP;EXOC6B;PRSS12;SYTL4;VAMP2;STX11;RAB11A
GO_Biological_Process_2023,Negative Regulation Of Type I Interferon Production (GO:0032480),4/38,0.6071837708172444,0.7931613664791849,0,0,0.9606222654350997,0.4792772929383282,RNF125;TYROBP;CUL3;SIRPA
GO_Biological_Process_2023,Positive Regulation Of Myoblast Differentiation (GO:0045663),4/38,0.6071837708172444,0.7931613664791849,0,0,0.9606222654350997,0.4792772929383282,SMARCE1;MEF2C;SMARCA2;RBM24
GO_Biological_Process_2023,Signal Release From Synapse (GO:0099643),4/38,0.6071837708172444,0.7931613664791849,0,0,0.9606222654350997,0.4792772929383282,PTPRN2;LIN7A;VAMP2;SNCA
GO_Biological_Process_2023,Regulation Of Macroautophagy (GO:0016241),10/96,0.6103247504854091,0.7970231839924435,0,0,0.9492911902008652,0.4687258965286655,EPM2A;LRRK2;SESN1;NEDD4;KDR;WAC;ATP6V0A2;PIK3C3;PRKACA;DCN
GO_Biological_Process_2023,Cytoplasmic Microtubule Organization (GO:0031122),5/48,0.6122472621914876,0.7992919490678949,0,0,0.94940765508327,0.4657974864294655,CLIP2;SLAIN2;FYN;TPPP;RAB11A
GO_Biological_Process_2023,Positive Regulation Of Cell Growth (GO:0030307),11/106,0.6162205253138082,0.8042357989883266,0,0,0.945249581808044,0.4576429478895443,MACF1;USP47;SFRP1;TGFB2;EDN1;BDNF;HYAL1;RUFY3;NEDD4L;S100A8;MFSD2A
GO_Biological_Process_2023,Multivesicular Body Assembly (GO:0036258),3/29,0.6269369308618834,0.8158296651245842,0,0,0.942140007766442,0.4398939618139088,PDCD6IP;STAM2;RAB11A
GO_Biological_Process_2023,RNA Transport (GO:0050658),4/39,0.628165562388421,0.8158296651245842,0,0,0.9331234422143512,0.4338571561640689,ZFP36;PEG10;TPR;TGFBR2
GO_Biological_Process_2023,Negative Regulation Of Mitochondrion Organization (GO:0010823),4/39,0.628165562388421,0.8158296651245842,0,0,0.9331234422143512,0.4338571561640689,TFRC;HGF;PPARG;CLU
GO_Biological_Process_2023,Negative Regulation Of Translation (GO:0017148),11/107,0.6289222611798306,0.8158296651245842,0,0,0.9353504529402732,0.4337665473979268,FXR1;TRIM71;ZFP36;BTG2;IGFBP5;DAPK1;DAPK3;TPR;EIF4EBP2;RBM24;C8ORF88
GO_Biological_Process_2023,COPII Vesicle Coating (GO:0048208),2/19,0.6296405501691358,0.8158296651245842,0,0,0.9606583917970858,0.4444065067164476,PPP6C;CUL3
GO_Biological_Process_2023,DNA Catabolic Process (GO:0006308),2/19,0.6296405501691358,0.8158296651245842,0,0,0.9606583917970858,0.4444065067164476,DNASE2B;DNASE1L3
GO_Biological_Process_2023,RNA Destabilization (GO:0050779),2/19,0.6296405501691358,0.8158296651245842,0,0,0.9606583917970858,0.4444065067164476,FXR1;RBM24
GO_Biological_Process_2023,Establishment Of Epithelial Cell Polarity (GO:0090162),2/19,0.6296405501691358,0.8158296651245842,0,0,0.9606583917970858,0.4444065067164476,MSN;MYO9A
GO_Biological_Process_2023,Gastrulation (GO:0007369),2/19,0.6296405501691358,0.8158296651245842,0,0,0.9606583917970858,0.4444065067164476,NR4A3;GPC3
GO_Biological_Process_2023,Glycogen Metabolic Process (GO:0005977),2/19,0.6296405501691358,0.8158296651245842,0,0,0.9606583917970858,0.4444065067164476,GSK3B;PPP1R3C
GO_Biological_Process_2023,Immunoglobulin Production Involved In Immunoglobulin-Mediated Immune Response (GO:0002381),2/19,0.6296405501691358,0.8158296651245842,0,0,0.9606583917970858,0.4444065067164476,HLA-DOA;HLA-DPA1
GO_Biological_Process_2023,Insulin Secretion (GO:0030073),2/19,0.6296405501691358,0.8158296651245842,0,0,0.9606583917970858,0.4444065067164476,ANXA1;PTPRN2
GO_Biological_Process_2023,Linoleic Acid Metabolic Process (GO:0043651),2/19,0.6296405501691358,0.8158296651245842,0,0,0.9606583917970858,0.4444065067164476,ALOX5;ALOX15B
GO_Biological_Process_2023,Neuron Apoptotic Process (GO:0051402),2/19,0.6296405501691358,0.8158296651245842,0,0,0.9606583917970858,0.4444065067164476,FAM162A;FAS
GO_Biological_Process_2023,Positive Regulation Of Activated T Cell Proliferation (GO:0042104),2/19,0.6296405501691358,0.8158296651245842,0,0,0.9606583917970858,0.4444065067164476,IGF2;HMGB1
GO_Biological_Process_2023,Positive Regulation Of calcineurin-NFAT Signaling Cascade (GO:0070886),2/19,0.6296405501691358,0.8158296651245842,0,0,0.9606583917970858,0.4444065067164476,CAMTA1;LMCD1
GO_Biological_Process_2023,Positive Regulation Of Calcineurin-Mediated Signaling (GO:0106058),2/19,0.6296405501691358,0.8158296651245842,0,0,0.9606583917970858,0.4444065067164476,CAMTA1;LMCD1
GO_Biological_Process_2023,Positive Regulation Of Hormone Secretion (GO:0046887),2/19,0.6296405501691358,0.8158296651245842,0,0,0.9606583917970858,0.4444065067164476,EDN1;PPARG
GO_Biological_Process_2023,Positive Regulation Of Mitochondrial Fission (GO:0090141),2/19,0.6296405501691358,0.8158296651245842,0,0,0.9606583917970858,0.4444065067164476,KDR;DCN
GO_Biological_Process_2023,Regulation Of Autophagy Of Mitochondrion (GO:1903146),2/19,0.6296405501691358,0.8158296651245842,0,0,0.9606583917970858,0.4444065067164476,FKBP8;SREBF2
GO_Biological_Process_2023,Regulation Of Lymphocyte Differentiation (GO:0045619),2/19,0.6296405501691358,0.8158296651245842,0,0,0.9606583917970858,0.4444065067164476,CRTAM;ZFP36L2
GO_Biological_Process_2023,Superoxide Anion Generation (GO:0042554),2/19,0.6296405501691358,0.8158296651245842,0,0,0.9606583917970858,0.4444065067164476,DUOX1;NCF2
GO_Biological_Process_2023,Vesicle Docking (GO:0048278),2/19,0.6296405501691358,0.8158296651245842,0,0,0.9606583917970858,0.4444065067164476,STX12;STX11
GO_Biological_Process_2023,"Vesicle Targeting, Rough ER To cis-Golgi (GO:0048207)",2/19,0.6296405501691358,0.8158296651245842,0,0,0.9606583917970858,0.4444065067164476,PPP6C;CUL3
GO_Biological_Process_2023,Mitotic Cytokinesis (GO:0000281),6/59,0.6343497489613125,0.8190128931178031,0,0,0.9242334905660378,0.4206693300118411,PDCD6IP;APC;EXOC6B;MYH10;SPTBN1;RHOB
GO_Biological_Process_2023,Positive Regulation Of Proteolysis (GO:0045862),6/59,0.6343497489613125,0.8190128931178031,0,0,0.9242334905660378,0.4206693300118411,CCBE1;CTSH;NLRC4;FGFR4;SH3D19;NKD2
GO_Biological_Process_2023,Regulation Of Multicellular Organismal Development (GO:2000026),6/59,0.6343497489613125,0.8190128931178031,0,0,0.9242334905660378,0.4206693300118411,KAT2B;SOX17;RAB14;GATA3;PTN;ALOX15B
GO_Biological_Process_2023,Golgi Lumen Acidification (GO:0061795),1/9,0.646519213821213,0.8190128931178031,0,0,1.020747363594681,0.445201373083295,ATP6V0A2
GO_Biological_Process_2023,NAD Biosynthesis Via Nicotinamide Riboside Salvage Pathway (GO:0034356),1/9,0.646519213821213,0.8190128931178031,0,0,1.020747363594681,0.445201373083295,PTGIS
GO_Biological_Process_2023,Aminoglycan Metabolic Process (GO:0006022),1/9,0.646519213821213,0.8190128931178031,0,0,1.020747363594681,0.445201373083295,CHST9
GO_Biological_Process_2023,Aspartate Transmembrane Transport (GO:0015810),1/9,0.646519213821213,0.8190128931178031,0,0,1.020747363594681,0.445201373083295,SLC1A1
GO_Biological_Process_2023,Autophagy Of Peroxisome (GO:0030242),1/9,0.646519213821213,0.8190128931178031,0,0,1.020747363594681,0.445201373083295,PIK3C3
GO_Biological_Process_2023,Axon Regeneration (GO:0031103),1/9,0.646519213821213,0.8190128931178031,0,0,1.020747363594681,0.445201373083295,FOLR1
GO_Biological_Process_2023,Biomineral Tissue Development (GO:0031214),1/9,0.646519213821213,0.8190128931178031,0,0,1.020747363594681,0.445201373083295,DDR2
GO_Biological_Process_2023,Calcium Import Into The Mitochondrion (GO:0036444),1/9,0.646519213821213,0.8190128931178031,0,0,1.020747363594681,0.445201373083295,MICU3
GO_Biological_Process_2023,Carbohydrate Phosphorylation (GO:0046835),1/9,0.646519213821213,0.8190128931178031,0,0,1.020747363594681,0.445201373083295,HK3
GO_Biological_Process_2023,Cell Differentiation Involved In Metanephros Development (GO:0072202),1/9,0.646519213821213,0.8190128931178031,0,0,1.020747363594681,0.445201373083295,TCF21
GO_Biological_Process_2023,Cellular Response To Oxygen Levels (GO:0071453),1/9,0.646519213821213,0.8190128931178031,0,0,1.020747363594681,0.445201373083295,ATP6V0A2
GO_Biological_Process_2023,Chloride Ion Homeostasis (GO:0055064),1/9,0.646519213821213,0.8190128931178031,0,0,1.020747363594681,0.445201373083295,SLC12A4
GO_Biological_Process_2023,Ectoderm Development (GO:0007398),1/9,0.646519213821213,0.8190128931178031,0,0,1.020747363594681,0.445201373083295,ITGA6
GO_Biological_Process_2023,Endodermal Cell Fate Commitment (GO:0001711),1/9,0.646519213821213,0.8190128931178031,0,0,1.020747363594681,0.445201373083295,SOX17
GO_Biological_Process_2023,Fructose 6-Phosphate Metabolic Process (GO:0006002),1/9,0.646519213821213,0.8190128931178031,0,0,1.020747363594681,0.445201373083295,HK3
GO_Biological_Process_2023,Glucan Biosynthetic Process (GO:0009250),1/9,0.646519213821213,0.8190128931178031,0,0,1.020747363594681,0.445201373083295,PPP1R3C
GO_Biological_Process_2023,Glycogen Biosynthetic Process (GO:0005978),1/9,0.646519213821213,0.8190128931178031,0,0,1.020747363594681,0.445201373083295,PPP1R3C
GO_Biological_Process_2023,Hematopoietic Stem Cell Differentiation (GO:0060218),1/9,0.646519213821213,0.8190128931178031,0,0,1.020747363594681,0.445201373083295,SFRP1
GO_Biological_Process_2023,High-Density Lipoprotein Particle Assembly (GO:0034380),1/9,0.646519213821213,0.8190128931178031,0,0,1.020747363594681,0.445201373083295,PRKACA
GO_Biological_Process_2023,Histone Ubiquitination (GO:0016574),1/9,0.646519213821213,0.8190128931178031,0,0,1.020747363594681,0.445201373083295,WAC
GO_Biological_Process_2023,Leucine Transport (GO:0015820),1/9,0.646519213821213,0.8190128931178031,0,0,1.020747363594681,0.445201373083295,SLC7A7
GO_Biological_Process_2023,Leukotriene D4 Biosynthetic Process (GO:1901750),1/9,0.646519213821213,0.8190128931178031,0,0,1.020747363594681,0.445201373083295,GGTLC1
GO_Biological_Process_2023,Lipid Phosphorylation (GO:0046834),1/9,0.646519213821213,0.8190128931178031,0,0,1.020747363594681,0.445201373083295,DGKE
GO_Biological_Process_2023,Lung Epithelium Development (GO:0060428),1/9,0.646519213821213,0.8190128931178031,0,0,1.020747363594681,0.445201373083295,BMP4
GO_Biological_Process_2023,Mitochondrion Morphogenesis (GO:0070584),1/9,0.646519213821213,0.8190128931178031,0,0,1.020747363594681,0.445201373083295,PID1
GO_Biological_Process_2023,Mitotic Nuclear Membrane Organization (GO:0101024),1/9,0.646519213821213,0.8190128931178031,0,0,1.020747363594681,0.445201373083295,UBE2I
GO_Biological_Process_2023,Mitotic Nuclear Membrane Reassembly (GO:0007084),1/9,0.646519213821213,0.8190128931178031,0,0,1.020747363594681,0.445201373083295,UBE2I
GO_Biological_Process_2023,Monoatomic Anion Homeostasis (GO:0055081),1/9,0.646519213821213,0.8190128931178031,0,0,1.020747363594681,0.445201373083295,SLC12A4
GO_Biological_Process_2023,Morphogenesis Of An Epithelial Sheet (GO:0002011),1/9,0.646519213821213,0.8190128931178031,0,0,1.020747363594681,0.445201373083295,BMP5
GO_Biological_Process_2023,Motor Neuron Axon Guidance (GO:0008045),1/9,0.646519213821213,0.8190128931178031,0,0,1.020747363594681,0.445201373083295,SLIT2
GO_Biological_Process_2023,Myeloid Dendritic Cell Differentiation (GO:0043011),1/9,0.646519213821213,0.8190128931178031,0,0,1.020747363594681,0.445201373083295,TGFBR2
GO_Biological_Process_2023,Negative Regulation Of Alpha-Beta T Cell Proliferation (GO:0046642),1/9,0.646519213821213,0.8190128931178031,0,0,1.020747363594681,0.445201373083295,XCL1
GO_Biological_Process_2023,Negative Regulation Of Humoral Immune Response Mediated By Circulating Immunoglobulin (GO:0002924),1/9,0.646519213821213,0.8190128931178031,0,0,1.020747363594681,0.445201373083295,SVEP1
GO_Biological_Process_2023,Negative Regulation Of Muscle Cell Apoptotic Process (GO:0010656),1/9,0.646519213821213,0.8190128931178031,0,0,1.020747363594681,0.445201373083295,APOH
GO_Biological_Process_2023,Negative Regulation Of Protein Exit From Endoplasmic Reticulum (GO:0070862),1/9,0.646519213821213,0.8190128931178031,0,0,1.020747363594681,0.445201373083295,INSIG1
GO_Biological_Process_2023,Negative Regulation Of Receptor Binding (GO:1900121),1/9,0.646519213821213,0.8190128931178031,0,0,1.020747363594681,0.445201373083295,PCSK9
GO_Biological_Process_2023,Negative Regulation Of Transcription By RNA Polymerase I (GO:0016479),1/9,0.646519213821213,0.8190128931178031,0,0,1.020747363594681,0.445201373083295,FLNA
GO_Biological_Process_2023,Neurotransmitter Receptor Transport To Postsynaptic Membrane (GO:0098969),1/9,0.646519213821213,0.8190128931178031,0,0,1.020747363594681,0.445201373083295,RAB11A
GO_Biological_Process_2023,Organic Hydroxy Compound Catabolic Process (GO:1901616),1/9,0.646519213821213,0.8190128931178031,0,0,1.020747363594681,0.445201373083295,HSD17B6
GO_Biological_Process_2023,Peptidyl-Amino Acid Modification (GO:0018193),1/9,0.646519213821213,0.8190128931178031,0,0,1.020747363594681,0.445201373083295,FKBP7
GO_Biological_Process_2023,Peptidyl-Lysine Acetylation (GO:0018394),1/9,0.646519213821213,0.8190128931178031,0,0,1.020747363594681,0.445201373083295,KAT2B
GO_Biological_Process_2023,Peptidyl-Lysine Dimethylation (GO:0018027),1/9,0.646519213821213,0.8190128931178031,0,0,1.020747363594681,0.445201373083295,SETBP1
GO_Biological_Process_2023,Phosphatidylcholine Catabolic Process (GO:0034638),1/9,0.646519213821213,0.8190128931178031,0,0,1.020747363594681,0.445201373083295,PLA2G5
GO_Biological_Process_2023,Phosphatidylethanolamine Acyl-Chain Remodeling (GO:0036152),1/9,0.646519213821213,0.8190128931178031,0,0,1.020747363594681,0.445201373083295,PLA2G4C
GO_Biological_Process_2023,Piecemeal Microautophagy Of The Nucleus (GO:0034727),1/9,0.646519213821213,0.8190128931178031,0,0,1.020747363594681,0.445201373083295,ULK2
GO_Biological_Process_2023,Positive Regulation Of RIG-I Signaling Pathway (GO:1900246),1/9,0.646519213821213,0.8190128931178031,0,0,1.020747363594681,0.445201373083295,OASL
GO_Biological_Process_2023,Positive Regulation Of T Cell Apoptotic Process (GO:0070234),1/9,0.646519213821213,0.8190128931178031,0,0,1.020747363594681,0.445201373083295,CD274
GO_Biological_Process_2023,Positive Regulation Of Hippo Signaling (GO:0035332),1/9,0.646519213821213,0.8190128931178031,0,0,1.020747363594681,0.445201373083295,IQCJ-SCHIP1
GO_Biological_Process_2023,Positive Regulation Of Mitochondrial Membrane Permeability (GO:0035794),1/9,0.646519213821213,0.8190128931178031,0,0,1.020747363594681,0.445201373083295,GSK3B
GO_Biological_Process_2023,Positive Regulation Of Protein Sumoylation (GO:0033235),1/9,0.646519213821213,0.8190128931178031,0,0,1.020747363594681,0.445201373083295,PIAS1
GO_Biological_Process_2023,Positive Regulation Of rRNA Processing (GO:2000234),1/9,0.646519213821213,0.8190128931178031,0,0,1.020747363594681,0.445201373083295,RIOK2
GO_Biological_Process_2023,Postsynapse Assembly (GO:0099068),1/9,0.646519213821213,0.8190128931178031,0,0,1.020747363594681,0.445201373083295,NLGN4X
GO_Biological_Process_2023,Protein O-linked Glycosylation Via Serine (GO:0018242),1/9,0.646519213821213,0.8190128931178031,0,0,1.020747363594681,0.445201373083295,GALNT13
GO_Biological_Process_2023,Protein O-linked Glycosylation Via Threonine (GO:0018243),1/9,0.646519213821213,0.8190128931178031,0,0,1.020747363594681,0.445201373083295,GALNT13
GO_Biological_Process_2023,Regulation Of Actin Filament Length (GO:0030832),1/9,0.646519213821213,0.8190128931178031,0,0,1.020747363594681,0.445201373083295,CXCL12
GO_Biological_Process_2023,Regulation Of Animal Organ Morphogenesis (GO:2000027),1/9,0.646519213821213,0.8190128931178031,0,0,1.020747363594681,0.445201373083295,CITED2
GO_Biological_Process_2023,Regulation Of Cell-Cell Adhesion Mediated By Integrin (GO:0033632),1/9,0.646519213821213,0.8190128931178031,0,0,1.020747363594681,0.445201373083295,PODXL
GO_Biological_Process_2023,Regulation Of Endoplasmic Reticulum Unfolded Protein Response (GO:1900101),1/9,0.646519213821213,0.8190128931178031,0,0,1.020747363594681,0.445201373083295,PIK3R1
GO_Biological_Process_2023,Regulation Of High Voltage-Gated Calcium Channel Activity (GO:1901841),1/9,0.646519213821213,0.8190128931178031,0,0,1.020747363594681,0.445201373083295,CALM1
GO_Biological_Process_2023,Regulation Of Inflammatory Response To Wounding (GO:0106014),1/9,0.646519213821213,0.8190128931178031,0,0,1.020747363594681,0.445201373083295,IL33
GO_Biological_Process_2023,Regulation Of Protein Acetylation (GO:1901983),1/9,0.646519213821213,0.8190128931178031,0,0,1.020747363594681,0.445201373083295,GSK3B
GO_Biological_Process_2023,Regulation Of Protein Localization To Centrosome (GO:1904779),1/9,0.646519213821213,0.8190128931178031,0,0,1.020747363594681,0.445201373083295,GSK3B
GO_Biological_Process_2023,Regulation Of Protein Localization To Chromatin (GO:1905634),1/9,0.646519213821213,0.8190128931178031,0,0,1.020747363594681,0.445201373083295,SPI1
GO_Biological_Process_2023,Regulation Of Receptor Binding (GO:1900120),1/9,0.646519213821213,0.8190128931178031,0,0,1.020747363594681,0.445201373083295,BDNF
GO_Biological_Process_2023,Regulation Of Store-Operated Calcium Entry (GO:2001256),1/9,0.646519213821213,0.8190128931178031,0,0,1.020747363594681,0.445201373083295,EFHB
GO_Biological_Process_2023,Regulation Of Transmembrane Transporter Activity (GO:0022898),1/9,0.646519213821213,0.8190128931178031,0,0,1.020747363594681,0.445201373083295,SNCA
GO_Biological_Process_2023,Regulation Of Viral-Induced Cytoplasmic Pattern Recognition Receptor Signaling Pathway (GO:0039531),1/9,0.646519213821213,0.8190128931178031,0,0,1.020747363594681,0.445201373083295,SLC15A2
GO_Biological_Process_2023,Response To Histamine (GO:0034776),1/9,0.646519213821213,0.8190128931178031,0,0,1.020747363594681,0.445201373083295,GABRB2
GO_Biological_Process_2023,Response To Hydroxyurea (GO:0072710),1/9,0.646519213821213,0.8190128931178031,0,0,1.020747363594681,0.445201373083295,SPIDR
GO_Biological_Process_2023,Synaptic Vesicle Fusion To Presynaptic Active Zone Membrane (GO:0031629),1/9,0.646519213821213,0.8190128931178031,0,0,1.020747363594681,0.445201373083295,STX11
GO_Biological_Process_2023,Telomere Maintenance Via Recombination (GO:0000722),1/9,0.646519213821213,0.8190128931178031,0,0,1.020747363594681,0.445201373083295,PTEN
GO_Biological_Process_2023,Transferrin Transport (GO:0033572),1/9,0.646519213821213,0.8190128931178031,0,0,1.020747363594681,0.445201373083295,TFRC
GO_Biological_Process_2023,Type II Interferon-Mediated Signaling Pathway (GO:0060333),1/9,0.646519213821213,0.8190128931178031,0,0,1.020747363594681,0.445201373083295,JAK2
GO_Biological_Process_2023,Positive Regulation Of Catalytic Activity (GO:0043085),4/40,0.6484156719823337,0.8209334233721773,0,0,0.9071523313947556,0.3929995440038935,CAV1;MID1IP1;IGF2;FGFR4
GO_Biological_Process_2023,Regulation Of Autophagosome Assembly (GO:2000785),4/40,0.6484156719823337,0.8209334233721773,0,0,0.9071523313947556,0.3929995440038935,LRRK2;FEZ1;TMEM39A;NUPR1
GO_Biological_Process_2023,Regulation Of Programmed Cell Death (GO:0043067),20/195,0.6496878857130933,0.8220552246034891,0,0,0.932628518567464,0.4022083660807025,KANK2;BEX1;HIP1;ACTN2;DAPK1;WFS1;DAPK2;LRRK2;DAPK3;ACTN4;CLU;BMP4;GAS1;FAS;TMEM109;FYN;IFT57;CRYAB;BCL2L2;TGM2
GO_Biological_Process_2023,Multivesicular Body Organization (GO:0036257),3/30,0.6502540632058184,0.8220552246034891,0,0,0.9071949416144,0.3904495596091258,PDCD6IP;STAM2;RAB11A
GO_Biological_Process_2023,Phospholipid Dephosphorylation (GO:0046839),3/30,0.6502540632058184,0.8220552246034891,0,0,0.9071949416144,0.3904495596091258,PTEN;INPP5K;MTMR6
GO_Biological_Process_2023,Protein Palmitoylation (GO:0018345),3/30,0.6502540632058184,0.8220552246034891,0,0,0.9071949416144,0.3904495596091258,ZDHHC2;ZDHHC3;ZDHHC14
GO_Biological_Process_2023,Regulation Of Arp2/3 Complex-Mediated Actin Nucleation (GO:0034315),3/30,0.6502540632058184,0.8220552246034891,0,0,0.9071949416144,0.3904495596091258,GMFG;WASF2;WASF3
GO_Biological_Process_2023,Negative Regulation Of Peptidase Activity (GO:0010466),6/60,0.6508620199210459,0.8225828632442853,0,0,0.9070669934640524,0.3895468233084378,CSTA;LRP1;SPOCK2;TIMP2;TIMP3;SERPING1
GO_Biological_Process_2023,Regulation Of Cytokinesis (GO:0032465),8/80,0.6562002153789845,0.8278708081572792,0,0,0.906981498517837,0.3821016280448776,PRKCE;CUL3;KIF13A;PIK3C3;KLHL13;CALM1;CDC14A;RAB11A
GO_Biological_Process_2023,DNA Methylation (GO:0006306),2/20,0.6579232789572447,0.8278708081572792,0,0,0.9072375127420998,0.3798303640040436,FOS;PPM1D
GO_Biological_Process_2023,Endoplasmic Reticulum Calcium Ion Homeostasis (GO:0032469),2/20,0.6579232789572447,0.8278708081572792,0,0,0.9072375127420998,0.3798303640040436,WFS1;TGM2
GO_Biological_Process_2023,Gamma-Aminobutyric Acid Signaling Pathway (GO:0007214),2/20,0.6579232789572447,0.8278708081572792,0,0,0.9072375127420998,0.3798303640040436,GABRB2;GNAI2
GO_Biological_Process_2023,Mesoderm Formation (GO:0001707),2/20,0.6579232789572447,0.8278708081572792,0,0,0.9072375127420998,0.3798303640040436,BMPR2;ITGA8
GO_Biological_Process_2023,Negative Regulation Of Reproductive Process (GO:2000242),2/20,0.6579232789572447,0.8278708081572792,0,0,0.9072375127420998,0.3798303640040436,GJA1;DUSP1
GO_Biological_Process_2023,Nuclear-Transcribed mRNA poly(A) Tail Shortening (GO:0000289),2/20,0.6579232789572447,0.8278708081572792,0,0,0.9072375127420998,0.3798303640040436,ZFP36;SAMD4A
GO_Biological_Process_2023,Phosphatidylglycerol Metabolic Process (GO:0046471),2/20,0.6579232789572447,0.8278708081572792,0,0,0.9072375127420998,0.3798303640040436,PLA2G1B;CDS2
GO_Biological_Process_2023,Phosphatidylserine Metabolic Process (GO:0006658),2/20,0.6579232789572447,0.8278708081572792,0,0,0.9072375127420998,0.3798303640040436,SERINC1;PLA1A
GO_Biological_Process_2023,Positive Regulation Of Embryonic Development (GO:0040019),2/20,0.6579232789572447,0.8278708081572792,0,0,0.9072375127420998,0.3798303640040436,FOXA2;ZBED3
GO_Biological_Process_2023,Regulation Of Macrophage Chemotaxis (GO:0010758),2/20,0.6579232789572447,0.8278708081572792,0,0,0.9072375127420998,0.3798303640040436,RARRES2;CMKLR1
GO_Biological_Process_2023,Regulation Of Mitotic Spindle Assembly (GO:1901673),2/20,0.6579232789572447,0.8278708081572792,0,0,0.9072375127420998,0.3798303640040436,PDCD6IP;TPR
GO_Biological_Process_2023,Regulation Of Protein Localization To Cell Periphery (GO:1904375),2/20,0.6579232789572447,0.8278708081572792,0,0,0.9072375127420998,0.3798303640040436,ZDHHC2;SPTBN1
GO_Biological_Process_2023,Response To ATP (GO:0033198),2/20,0.6579232789572447,0.8278708081572792,0,0,0.9072375127420998,0.3798303640040436,P2RY12;P2RY1
GO_Biological_Process_2023,Sensory Perception Of Pain (GO:0019233),2/20,0.6579232789572447,0.8278708081572792,0,0,0.9072375127420998,0.3798303640040436,MME;PROK2
GO_Biological_Process_2023,Peptidyl-Serine Phosphorylation (GO:0018105),16/158,0.6620724494086142,0.8328489337358144,0,0,0.919511529007842,0.3791884299230341,GSK3B;PRKCH;DMPK;PRKCB;PRKCE;LRRK2;PDGFB;TGFBR2;LATS2;AKT3;MKNK2;ULK2;PRKCQ;PRKD1;PRKACA;GAS6
GO_Biological_Process_2023,Sensory Perception (GO:0007600),5/51,0.6665714302946424,0.8382009483957445,0,0,0.88733997723233,0.3599121694125027,MME;C5AR1;PENK;TRPV2;PROK2
GO_Biological_Process_2023,Autophagosome Organization (GO:1905037),6/61,0.6669096517124622,0.8382009483957445,0,0,0.8905247326203208,0.3607521898315055,STX12;GABARAPL1;MAP1LC3C;RAB23;ULK2;PIK3C3
GO_Biological_Process_2023,Negative Regulation Of Viral Process (GO:0048525),6/61,0.6669096517124622,0.8382009483957445,0,0,0.8905247326203208,0.3607521898315055,ZFP36;RSAD2;SLPI;MID2;N4BP1;OASL
GO_Biological_Process_2023,Axoneme Assembly (GO:0035082),4/41,0.667918863456715,0.8384926744267546,0,0,0.8825850644032462,0.3562012482061311,CCDC39;RSPH4A;RSPH1;RSPH9
GO_Biological_Process_2023,Negative Regulation Of mRNA Catabolic Process (GO:1902373),4/41,0.667918863456715,0.8384926744267546,0,0,0.8825850644032462,0.3562012482061311,SLC11A1;CIRBP;AXIN2;RBM24
GO_Biological_Process_2023,Positive Regulation Of Viral Process (GO:0048524),4/41,0.667918863456715,0.8384926744267546,0,0,0.8825850644032462,0.3562012482061311,NR5A2;VAPB;TMEM39A;ADARB1
GO_Biological_Process_2023,Protein Localization To Lysosome (GO:0061462),4/41,0.667918863456715,0.8384926744267546,0,0,0.8825850644032462,0.3562012482061311,PXK;RNF128;NEDD4;PIK3C3
GO_Biological_Process_2023,Positive Regulation Of Growth (GO:0045927),8/81,0.6700939358224632,0.8407440297598338,0,0,0.8945066854860052,0.3581044572285968,USP47;SFRP1;TGFB2;HYAL1;WFS1;S100A8;PPM1F;MFSD2A
GO_Biological_Process_2023,acyl-CoA Metabolic Process (GO:0006637),3/31,0.672510755460978,0.8407440297598338,0,0,0.8747459516160755,0.3470442371475751,HMGCS1;HMGCS2;ACACB
GO_Biological_Process_2023,Bile Acid Metabolic Process (GO:0008206),3/31,0.672510755460978,0.8407440297598338,0,0,0.8747459516160755,0.3470442371475751,CYP27A1;CYP39A1;OSBPL6
GO_Biological_Process_2023,Central Nervous System Neuron Differentiation (GO:0021953),3/31,0.672510755460978,0.8407440297598338,0,0,0.8747459516160755,0.3470442371475751,NR4A2;NTRK2;MAP2
GO_Biological_Process_2023,Positive Regulation Of Glucose Transmembrane Transport (GO:0010828),3/31,0.672510755460978,0.8407440297598338,0,0,0.8747459516160755,0.3470442371475751,NR4A3;PIK3R1;SORBS1
GO_Biological_Process_2023,Regulation Of Gluconeogenesis (GO:0006111),3/31,0.672510755460978,0.8407440297598338,0,0,0.8747459516160755,0.3470442371475751,PPARGC1A;FBP1;FOXO1
GO_Biological_Process_2023,Mitotic Cell Cycle Phase Transition (GO:0044772),11/111,0.6774570465920674,0.8407440297598338,0,0,0.8977337632427452,0.3495857220123043,TRIM71;PPP6C;CCND2;CDK6;LATS2;CCND1;CUL3;CDK14;NES;FBXL7;CLASP2
GO_Biological_Process_2023,mRNA Export From Nucleus (GO:0006406),6/62,0.6824824146570262,0.8407440297598338,0,0,0.8745732668067226,0.3341031835523904,HHEX;DDX19B;ENY2;NXF3;RBM8A;TPR
GO_Biological_Process_2023,Negative Regulation Of Catabolic Process (GO:0009895),7/72,0.6826741864593253,0.8407440297598338,0,0,0.8790167992926614,0.3355537336374752,PDE3B;DAB2IP;FLNA;IRAK3;NUPR1;CBFA2T3;FBP1
GO_Biological_Process_2023,Fatty Acid Oxidation (GO:0019395),5/52,0.6835267391278167,0.8407440297598338,0,0,0.8684115364692775,0.3304214736449833,ACAA2;BDH2;CYP4V2;ADIPOR2;PPARGC1A
GO_Biological_Process_2023,Neurotransmitter Transport (GO:0006836),5/52,0.6835267391278167,0.8407440297598338,0,0,0.8684115364692775,0.3304214736449833,PTPRN2;SLC1A1;LIN7A;SLC18A2;SLC6A4
GO_Biological_Process_2023,Antigen Processing And Presentation Of Endogenous Peptide Antigen (GO:0002483),2/21,0.6844462502498324,0.8407440297598338,0,0,0.8594398841139547,0.3258524736122884,ERAP1;HLA-E
GO_Biological_Process_2023,Mitochondrial Calcium Ion Homeostasis (GO:0051560),2/21,0.6844462502498324,0.8407440297598338,0,0,0.8594398841139547,0.3258524736122884,MICU3;TGM2
GO_Biological_Process_2023,Outer Dynein Arm Assembly (GO:0036158),2/21,0.6844462502498324,0.8407440297598338,0,0,0.8594398841139547,0.3258524736122884,DNAI2;ZMYND10
GO_Biological_Process_2023,Plasma Membrane Repair (GO:0001778),2/21,0.6844462502498324,0.8407440297598338,0,0,0.8594398841139547,0.3258524736122884,SYT11;SYTL4
GO_Biological_Process_2023,Positive Regulation Of Smoothened Signaling Pathway (GO:0045880),2/21,0.6844462502498324,0.8407440297598338,0,0,0.8594398841139547,0.3258524736122884,SFRP1;DCDC2
GO_Biological_Process_2023,Positive Regulation Of Transcription Regulatory Region DNA Binding (GO:2000679),2/21,0.6844462502498324,0.8407440297598338,0,0,0.8594398841139547,0.3258524736122884,TGFB1;GATA3
GO_Biological_Process_2023,Protein Mannosylation (GO:0035268),2/21,0.6844462502498324,0.8407440297598338,0,0,0.8594398841139547,0.3258524736122884,TMTC1;POMGNT2
GO_Biological_Process_2023,Regulation Of Lipid Storage (GO:0010883),2/21,0.6844462502498324,0.8407440297598338,0,0,0.8594398841139547,0.3258524736122884,IL6;PPARG
GO_Biological_Process_2023,Sulfur Compound Transport (GO:0072348),2/21,0.6844462502498324,0.8407440297598338,0,0,0.8594398841139547,0.3258524736122884,SLC26A2;SLC19A3
GO_Biological_Process_2023,Zinc Ion Transmembrane Transport (GO:0071577),2/21,0.6844462502498324,0.8407440297598338,0,0,0.8594398841139547,0.3258524736122884,SLC30A4;SLC39A8
GO_Biological_Process_2023,N-acetylneuraminate Metabolic Process (GO:0006054),1/10,0.685101193852024,0.8407440297598338,0,0,0.9072800448316268,0.3431230819025915,ST3GAL1
GO_Biological_Process_2023,SRP-dependent Cotranslational Protein Targeting To Membrane (GO:0006614),1/10,0.685101193852024,0.8407440297598338,0,0,0.9072800448316268,0.3431230819025915,SEC63
GO_Biological_Process_2023,T Cell Chemotaxis (GO:0010818),1/10,0.685101193852024,0.8407440297598338,0,0,0.9072800448316268,0.3431230819025915,DEFA1
GO_Biological_Process_2023,TORC1 Signaling (GO:0038202),1/10,0.685101193852024,0.8407440297598338,0,0,0.9072800448316268,0.3431230819025915,LAMTOR3
GO_Biological_Process_2023,Ammonium Transmembrane Transport (GO:0072488),1/10,0.685101193852024,0.8407440297598338,0,0,0.9072800448316268,0.3431230819025915,SLC12A4
GO_Biological_Process_2023,Aromatic Amino Acid Family Catabolic Process (GO:0009074),1/10,0.685101193852024,0.8407440297598338,0,0,0.9072800448316268,0.3431230819025915,QDPR
GO_Biological_Process_2023,Branched-Chain Amino Acid Transport (GO:0015803),1/10,0.685101193852024,0.8407440297598338,0,0,0.9072800448316268,0.3431230819025915,SLC7A7
GO_Biological_Process_2023,Cellular Response To UV-A (GO:0071492),1/10,0.685101193852024,0.8407440297598338,0,0,0.9072800448316268,0.3431230819025915,MME
GO_Biological_Process_2023,Cellular Response To Cholesterol (GO:0071397),1/10,0.685101193852024,0.8407440297598338,0,0,0.9072800448316268,0.3431230819025915,PTCH1
GO_Biological_Process_2023,Cellular Response To Leucine (GO:0071233),1/10,0.685101193852024,0.8407440297598338,0,0,0.9072800448316268,0.3431230819025915,SESN1
GO_Biological_Process_2023,Fatty Acid Beta-Oxidation Using acyl-CoA Dehydrogenase (GO:0033539),1/10,0.685101193852024,0.8407440297598338,0,0,0.9072800448316268,0.3431230819025915,ACADL
GO_Biological_Process_2023,Glycine Transport (GO:0015816),1/10,0.685101193852024,0.8407440297598338,0,0,0.9072800448316268,0.3431230819025915,SLC38A5
GO_Biological_Process_2023,Heme Catabolic Process (GO:0042167),1/10,0.685101193852024,0.8407440297598338,0,0,0.9072800448316268,0.3431230819025915,SLCO2B1
GO_Biological_Process_2023,"Heparan Sulfate Proteoglycan Biosynthetic Process, Enzymatic Modification (GO:0015015)",1/10,0.685101193852024,0.8407440297598338,0,0,0.9072800448316268,0.3431230819025915,NDST1
GO_Biological_Process_2023,Histone H3-K14 Acetylation (GO:0044154),1/10,0.685101193852024,0.8407440297598338,0,0,0.9072800448316268,0.3431230819025915,KAT2B
GO_Biological_Process_2023,Inositol Phosphate Biosynthetic Process (GO:0032958),1/10,0.685101193852024,0.8407440297598338,0,0,0.9072800448316268,0.3431230819025915,ITPKB
GO_Biological_Process_2023,Megakaryocyte Development (GO:0035855),1/10,0.685101193852024,0.8407440297598338,0,0,0.9072800448316268,0.3431230819025915,SH2B3
GO_Biological_Process_2023,Metanephric Mesenchyme Development (GO:0072075),1/10,0.685101193852024,0.8407440297598338,0,0,0.9072800448316268,0.3431230819025915,TCF21
GO_Biological_Process_2023,Microtubule Anchoring At Centrosome (GO:0034454),1/10,0.685101193852024,0.8407440297598338,0,0,0.9072800448316268,0.3431230819025915,CCDC68
GO_Biological_Process_2023,Mitochondrial Respirasome Assembly (GO:0097250),1/10,0.685101193852024,0.8407440297598338,0,0,0.9072800448316268,0.3431230819025915,HIGD1B
GO_Biological_Process_2023,Mitotic G1/S Transition Checkpoint Signaling (GO:0044819),1/10,0.685101193852024,0.8407440297598338,0,0,0.9072800448316268,0.3431230819025915,WAC
GO_Biological_Process_2023,Monocyte Differentiation (GO:0030224),1/10,0.685101193852024,0.8407440297598338,0,0,0.9072800448316268,0.3431230819025915,PPARG
GO_Biological_Process_2023,Muscle Filament Sliding (GO:0030049),1/10,0.685101193852024,0.8407440297598338,0,0,0.9072800448316268,0.3431230819025915,TNNT2
GO_Biological_Process_2023,Negative Regulation Of T-helper Cell Differentiation (GO:0045623),1/10,0.685101193852024,0.8407440297598338,0,0,0.9072800448316268,0.3431230819025915,SMAD7
GO_Biological_Process_2023,Negative Regulation Of Centrosome Duplication (GO:0010826),1/10,0.685101193852024,0.8407440297598338,0,0,0.9072800448316268,0.3431230819025915,KAT2B
GO_Biological_Process_2023,Negative Regulation Of Cholesterol Transport (GO:0032375),1/10,0.685101193852024,0.8407440297598338,0,0,0.9072800448316268,0.3431230819025915,SREBF2
GO_Biological_Process_2023,Negative Regulation Of Inclusion Body Assembly (GO:0090084),1/10,0.685101193852024,0.8407440297598338,0,0,0.9072800448316268,0.3431230819025915,HSPA2
GO_Biological_Process_2023,Negative Regulation Of Interferon-Beta Production (GO:0032688),1/10,0.685101193852024,0.8407440297598338,0,0,0.9072800448316268,0.3431230819025915,SIRPA
GO_Biological_Process_2023,Negative Regulation Of Intracellular Estrogen Receptor Signaling Pathway (GO:0033147),1/10,0.685101193852024,0.8407440297598338,0,0,0.9072800448316268,0.3431230819025915,KANK2
GO_Biological_Process_2023,Negative Regulation Of Oxidoreductase Activity (GO:0051354),1/10,0.685101193852024,0.8407440297598338,0,0,0.9072800448316268,0.3431230819025915,SNCA
GO_Biological_Process_2023,Negative Regulation Of Programmed Necrotic Cell Death (GO:0062099),1/10,0.685101193852024,0.8407440297598338,0,0,0.9072800448316268,0.3431230819025915,NUPR1
GO_Biological_Process_2023,Negative Regulation Of Steroid Biosynthetic Process (GO:0010894),1/10,0.685101193852024,0.8407440297598338,0,0,0.9072800448316268,0.3431230819025915,BMP5
GO_Biological_Process_2023,Neuron Projection Maintenance (GO:1990535),1/10,0.685101193852024,0.8407440297598338,0,0,0.9072800448316268,0.3431230819025915,PRNP
GO_Biological_Process_2023,Omega-Hydroxylase P450 Pathway (GO:0097267),1/10,0.685101193852024,0.8407440297598338,0,0,0.9072800448316268,0.3431230819025915,CYP2U1
GO_Biological_Process_2023,Positive Regulation Of B Cell Differentiation (GO:0045579),1/10,0.685101193852024,0.8407440297598338,0,0,0.9072800448316268,0.3431230819025915,SPI1
GO_Biological_Process_2023,Positive Regulation Of MHC Class II Biosynthetic Process (GO:0045348),1/10,0.685101193852024,0.8407440297598338,0,0,0.9072800448316268,0.3431230819025915,JAK2
GO_Biological_Process_2023,Positive Regulation Of Attachment Of Spindle Microtubules To Kinetochore (GO:0051987),1/10,0.685101193852024,0.8407440297598338,0,0,0.9072800448316268,0.3431230819025915,KAT2B
GO_Biological_Process_2023,Positive Regulation Of Bone Resorption (GO:0045780),1/10,0.685101193852024,0.8407440297598338,0,0,0.9072800448316268,0.3431230819025915,TMEM64
GO_Biological_Process_2023,Positive Regulation Of Cellular Respiration (GO:1901857),1/10,0.685101193852024,0.8407440297598338,0,0,0.9072800448316268,0.3431230819025915,NUPR1
GO_Biological_Process_2023,Positive Regulation Of Epidermal Growth Factor-Activated Receptor Activity (GO:0045741),1/10,0.685101193852024,0.8407440297598338,0,0,0.9072800448316268,0.3431230819025915,HBEGF
GO_Biological_Process_2023,Positive Regulation Of Lipid Localization (GO:1905954),1/10,0.685101193852024,0.8407440297598338,0,0,0.9072800448316268,0.3431230819025915,LRP1
GO_Biological_Process_2023,Positive Regulation Of Mitochondrial Outer Membrane Permeabilization Involved In Apoptotic Signaling Pathway (GO:1901030),1/10,0.685101193852024,0.8407440297598338,0,0,0.9072800448316268,0.3431230819025915,GSK3B
GO_Biological_Process_2023,Protein Kinase C Signaling (GO:0070528),1/10,0.685101193852024,0.8407440297598338,0,0,0.9072800448316268,0.3431230819025915,PDGFB
GO_Biological_Process_2023,Protein Kinase C-activating G Protein-Coupled Receptor Signaling Pathway (GO:0007205),1/10,0.685101193852024,0.8407440297598338,0,0,0.9072800448316268,0.3431230819025915,F2R
GO_Biological_Process_2023,Protein Localization To Endosome (GO:0036010),1/10,0.685101193852024,0.8407440297598338,0,0,0.9072800448316268,0.3431230819025915,RCSD1
GO_Biological_Process_2023,Purine Ribonucleoside Triphosphate Biosynthetic Process (GO:0009206),1/10,0.685101193852024,0.8407440297598338,0,0,0.9072800448316268,0.3431230819025915,TGFB1
GO_Biological_Process_2023,Regulation Of B Cell Apoptotic Process (GO:0002902),1/10,0.685101193852024,0.8407440297598338,0,0,0.9072800448316268,0.3431230819025915,FOXP1
GO_Biological_Process_2023,Regulation Of Chromatin Binding (GO:0035561),1/10,0.685101193852024,0.8407440297598338,0,0,0.9072800448316268,0.3431230819025915,HMBOX1
GO_Biological_Process_2023,Regulation Of Inclusion Body Assembly (GO:0090083),1/10,0.685101193852024,0.8407440297598338,0,0,0.9072800448316268,0.3431230819025915,HSPA2
GO_Biological_Process_2023,Regulation Of Lipid Transport (GO:0032368),1/10,0.685101193852024,0.8407440297598338,0,0,0.9072800448316268,0.3431230819025915,LRP1
GO_Biological_Process_2023,Regulation Of mRNA Polyadenylation (GO:1900363),1/10,0.685101193852024,0.8407440297598338,0,0,0.9072800448316268,0.3431230819025915,ZC3H14
GO_Biological_Process_2023,"Regulation Of Nuclear-Transcribed mRNA Catabolic Process, Nonsense-Mediated Decay (GO:2000622)",1/10,0.685101193852024,0.8407440297598338,0,0,0.9072800448316268,0.3431230819025915,RBM8A
GO_Biological_Process_2023,Removal Of Superoxide Radicals (GO:0019430),1/10,0.685101193852024,0.8407440297598338,0,0,0.9072800448316268,0.3431230819025915,SOD3
GO_Biological_Process_2023,Response To Corticosteroid (GO:0031960),1/10,0.685101193852024,0.8407440297598338,0,0,0.9072800448316268,0.3431230819025915,IL6
GO_Biological_Process_2023,Response To Leucine (GO:0043201),1/10,0.685101193852024,0.8407440297598338,0,0,0.9072800448316268,0.3431230819025915,SESN1
GO_Biological_Process_2023,Serine Family Amino Acid Biosynthetic Process (GO:0009070),1/10,0.685101193852024,0.8407440297598338,0,0,0.9072800448316268,0.3431230819025915,GGT1
GO_Biological_Process_2023,Urogenital System Development (GO:0001655),1/10,0.685101193852024,0.8407440297598338,0,0,0.9072800448316268,0.3431230819025915,ANXA1
GO_Biological_Process_2023,Very-Low-Density Lipoprotein Particle Assembly (GO:0034379),1/10,0.685101193852024,0.8407440297598338,0,0,0.9072800448316268,0.3431230819025915,MFSD2A
GO_Biological_Process_2023,Amino Acid Transmembrane Transport (GO:0003333),4/42,0.6866654979481343,0.8419455366886782,0,0,0.8593108114639215,0.3230218152917451,SLC22A4;SLC7A7;SLC6A13;SLC38A5
GO_Biological_Process_2023,Lysosome Localization (GO:0032418),4/42,0.6866654979481343,0.8419455366886782,0,0,0.8593108114639215,0.3230218152917451,NR4A3;FCER1A;MAP6;SYTL4
GO_Biological_Process_2023,Negative Regulation Of I-kappaB kinase/NF-kappaB Signaling (GO:0043124),4/42,0.6866654979481343,0.8419455366886782,0,0,0.8593108114639215,0.3230218152917451,PPM1A;DAB2IP;RORA;SLC39A8
GO_Biological_Process_2023,Gonad Development (GO:0008406),5/53,0.6998903929788362,0.8567007759774976,0,0,0.8502717807380187,0.3034037869476931,TGFB2;WNT2B;GATA6;GATA3;NR2F2
GO_Biological_Process_2023,mRNA Stabilization (GO:0048255),5/53,0.6998903929788362,0.8567007759774976,0,0,0.8502717807380187,0.3034037869476931,ZFP36;SLC11A1;CIRBP;AXIN2;RBM24
GO_Biological_Process_2023,Negative Regulation Of Viral Genome Replication (GO:0045071),5/53,0.6998903929788362,0.8567007759774976,0,0,0.8502717807380187,0.3034037869476931,RSAD2;SLPI;INPP5K;N4BP1;OASL
GO_Biological_Process_2023,"Regulation Of Alternative mRNA Splicing, Via Spliceosome (GO:0000381)",5/53,0.6998903929788362,0.8567007759774976,0,0,0.8502717807380187,0.3034037869476931,FXR1;RBM8A;CELF2;SAP18;RBM24
GO_Biological_Process_2023,Regulation Of Cyclin-Dependent Protein Kinase Activity (GO:1904029),5/53,0.6998903929788362,0.8567007759774976,0,0,0.8502717807380187,0.3034037869476931,CDKN1C;DIRAS3;CDKN2B;CCND2;CCND1
GO_Biological_Process_2023,Spermatid Development (GO:0007286),5/53,0.6998903929788362,0.8567007759774976,0,0,0.8502717807380187,0.3034037869476931,FXR1;RSPH1;RFX2;NME5;JAM2
GO_Biological_Process_2023,Neurotransmitter Secretion (GO:0007269),4/43,0.7046510054090401,0.8620390417645741,0,0,0.8372301099573827,0.2930745989965392,PTPRN2;LIN7A;VAMP2;SNCA
GO_Biological_Process_2023,Regulation Of JUN Kinase Activity (GO:0043506),4/43,0.7046510054090401,0.8620390417645741,0,0,0.8372301099573827,0.2930745989965392,PTPN1;EDN1;DAB2IP;SASH1
GO_Biological_Process_2023,NAD Metabolic Process (GO:0019674),2/22,0.7092566224333787,0.8623294871850374,0,0,0.8164220183486238,0.2804718796554561,GPD1L;MDH1B
GO_Biological_Process_2023,Acetylcholine Receptor Signaling Pathway (GO:0095500),2/22,0.7092566224333787,0.8623294871850374,0,0,0.8164220183486238,0.2804718796554561,GNA11;GNAQ
GO_Biological_Process_2023,Acylglycerol Biosynthetic Process (GO:0046463),2/22,0.7092566224333787,0.8623294871850374,0,0,0.8164220183486238,0.2804718796554561,PLCE1;ANG
GO_Biological_Process_2023,Cellular Response To Interferon-Beta (GO:0035458),2/22,0.7092566224333787,0.8623294871850374,0,0,0.8164220183486238,0.2804718796554561,MNDA;CALM1
GO_Biological_Process_2023,Inositol Phosphate Metabolic Process (GO:0043647),2/22,0.7092566224333787,0.8623294871850374,0,0,0.8164220183486238,0.2804718796554561,ITPKB;INPP5A
GO_Biological_Process_2023,Peptidyl-Glutamic Acid Modification (GO:0018200),2/22,0.7092566224333787,0.8623294871850374,0,0,0.8164220183486238,0.2804718796554561,TTLL7;AGTPBP1
GO_Biological_Process_2023,Positive Regulation Of Excitatory Postsynaptic Potential (GO:2000463),2/22,0.7092566224333787,0.8623294871850374,0,0,0.8164220183486238,0.2804718796554561,PTEN;SHANK3
GO_Biological_Process_2023,"Positive Regulation Of Synaptic Transmission, Glutamatergic (GO:0051968)",2/22,0.7092566224333787,0.8623294871850374,0,0,0.8164220183486238,0.2804718796554561,TSHZ3;SHANK3
GO_Biological_Process_2023,Regulation Of Catabolic Process (GO:0009894),2/22,0.7092566224333787,0.8623294871850374,0,0,0.8164220183486238,0.2804718796554561,RARRES2;ZDHHC2
GO_Biological_Process_2023,Regulation Of Regulatory T Cell Differentiation (GO:0045589),2/22,0.7092566224333787,0.8623294871850374,0,0,0.8164220183486238,0.2804718796554561,LILRB2;FOXO3
GO_Biological_Process_2023,Response To Gamma Radiation (GO:0010332),2/22,0.7092566224333787,0.8623294871850374,0,0,0.8164220183486238,0.2804718796554561,TMEM109;CRYAB
GO_Biological_Process_2023,Vesicle Transport Along Microtubule (GO:0047496),2/22,0.7092566224333787,0.8623294871850374,0,0,0.8164220183486238,0.2804718796554561,KIF13A;KIF1C
GO_Biological_Process_2023,Purine Ribonucleotide Metabolic Process (GO:0009150),8/84,0.7096762474854172,0.8623294871850374,0,0,0.8590519537113253,0.2946087769989098,SULT1A1;LRRK2;RAB23;ABHD14B;ATP1A2;GIMAP7;SULT1C4;SULT1A2
GO_Biological_Process_2023,Vesicle Organization (GO:0016050),9/94,0.7097318333707001,0.8623294871850374,0,0,0.8640643187785929,0.2962600737783194,SRPX;STX12;CAV2;SORT1;SYT11;CAV1;ANXA8;CD34;VAMP2
GO_Biological_Process_2023,Response To Endoplasmic Reticulum Stress (GO:0034976),11/114,0.7112930303996633,0.8623294871850374,0,0,0.8714386015124345,0.2968736817708679,PPP1R15A;GSK3B;ERP44;JUN;WFS1;RASGRF1;DAB2IP;PIK3R1;ATF3;CFTR;NCK1
GO_Biological_Process_2023,Monoubiquitinated Protein Deubiquitination (GO:0035520),3/33,0.7138476623712235,0.8623294871850374,0,0,0.8163377696190913,0.275175786410592,USP47;KAT2B;ENY2
GO_Biological_Process_2023,Negative Regulation Of Small Molecule Metabolic Process (GO:0062014),3/33,0.7138476623712235,0.8623294871850374,0,0,0.8163377696190913,0.275175786410592,NUPR1;CBFA2T3;FBP1
GO_Biological_Process_2023,Positive Regulation Of T Cell Mediated Cytotoxicity (GO:0001916),3/33,0.7138476623712235,0.8623294871850374,0,0,0.8163377696190913,0.275175786410592,XCL1;CD1C;HLA-E
GO_Biological_Process_2023,Positive Regulation Of Epidermal Growth Factor Receptor Signaling Pathway (GO:0045742),3/33,0.7138476623712235,0.8623294871850374,0,0,0.8163377696190913,0.275175786410592,HIP1;GPER1;HBEGF
GO_Biological_Process_2023,Positive Regulation Of Interleukin-12 Production (GO:0032735),3/33,0.7138476623712235,0.8623294871850374,0,0,0.8163377696190913,0.275175786410592,HMGB1;TLR4;TLR3
GO_Biological_Process_2023,Positive Regulation Of Telomerase Activity (GO:0051973),3/33,0.7138476623712235,0.8623294871850374,0,0,0.8163377696190913,0.275175786410592,HMBOX1;PRKCQ;KLF4
GO_Biological_Process_2023,Ubiquitin-Dependent Protein Catabolic Process Via The Multivesicular Body Sorting Pathway (GO:0043162),3/33,0.7138476623712235,0.8623294871850374,0,0,0.8163377696190913,0.275175786410592,NEDD4;MVB12B;STAM2
GO_Biological_Process_2023,Endoplasmic Reticulum Organization (GO:0007029),5/54,0.715658148458358,0.8623294871850374,0,0,0.8328724231998725,0.2786396948852096,REEP1;VAPA;CAV2;VAPB;LRRK2
GO_Biological_Process_2023,Golgi To Lysosome Transport (GO:0090160),1/11,0.7194736986453475,0.8623294871850374,0,0,0.816506189821183,0.2688226671897936,SORT1
GO_Biological_Process_2023,P-body Assembly (GO:0033962),1/11,0.7194736986453475,0.8623294871850374,0,0,0.816506189821183,0.2688226671897936,LIMD1
GO_Biological_Process_2023,Actin Crosslink Formation (GO:0051764),1/11,0.7194736986453475,0.8623294871850374,0,0,0.816506189821183,0.2688226671897936,FLNA
GO_Biological_Process_2023,Cell Part Morphogenesis (GO:0032990),1/11,0.7194736986453475,0.8623294871850374,0,0,0.816506189821183,0.2688226671897936,PID1
GO_Biological_Process_2023,Cellular Response To Superoxide (GO:0071451),1/11,0.7194736986453475,0.8623294871850374,0,0,0.816506189821183,0.2688226671897936,SOD3
GO_Biological_Process_2023,Central Nervous System Neuron Axonogenesis (GO:0021955),1/11,0.7194736986453475,0.8623294871850374,0,0,0.816506189821183,0.2688226671897936,PTEN
GO_Biological_Process_2023,Central Nervous System Projection Neuron Axonogenesis (GO:0021952),1/11,0.7194736986453475,0.8623294871850374,0,0,0.816506189821183,0.2688226671897936,NFIB
GO_Biological_Process_2023,Dosage Compensation By Inactivation Of X Chromosome (GO:0009048),1/11,0.7194736986453475,0.8623294871850374,0,0,0.816506189821183,0.2688226671897936,PCGF5
GO_Biological_Process_2023,Endoplasmic Reticulum Membrane Organization (GO:0090158),1/11,0.7194736986453475,0.8623294871850374,0,0,0.816506189821183,0.2688226671897936,VAPB
GO_Biological_Process_2023,Epithelial Cell-Cell Adhesion (GO:0090136),1/11,0.7194736986453475,0.8623294871850374,0,0,0.816506189821183,0.2688226671897936,VCL
GO_Biological_Process_2023,Exit From Mitosis (GO:0010458),1/11,0.7194736986453475,0.8623294871850374,0,0,0.816506189821183,0.2688226671897936,CLASP2
GO_Biological_Process_2023,Fatty Acid Beta-Oxidation Using acyl-CoA Oxidase (GO:0033540),1/11,0.7194736986453475,0.8623294871850374,0,0,0.816506189821183,0.2688226671897936,ACOXL
GO_Biological_Process_2023,Ganglion Development (GO:0061548),1/11,0.7194736986453475,0.8623294871850374,0,0,0.816506189821183,0.2688226671897936,UNC5C
GO_Biological_Process_2023,Heterocycle Biosynthetic Process (GO:0018130),1/11,0.7194736986453475,0.8623294871850374,0,0,0.816506189821183,0.2688226671897936,MOCS2
GO_Biological_Process_2023,Intracellular Copper Ion Homeostasis (GO:0006878),1/11,0.7194736986453475,0.8623294871850374,0,0,0.816506189821183,0.2688226671897936,PRNP
GO_Biological_Process_2023,Lysosomal Microautophagy (GO:0016237),1/11,0.7194736986453475,0.8623294871850374,0,0,0.816506189821183,0.2688226671897936,ULK2
GO_Biological_Process_2023,Maintenance Of Protein Localization In Endoplasmic Reticulum (GO:0035437),1/11,0.7194736986453475,0.8623294871850374,0,0,0.816506189821183,0.2688226671897936,INSIG1
GO_Biological_Process_2023,Mitochondrial Genome Maintenance (GO:0000002),1/11,0.7194736986453475,0.8623294871850374,0,0,0.816506189821183,0.2688226671897936,MEF2A
GO_Biological_Process_2023,Negative Regulation Of RNA Metabolic Process (GO:0051253),1/11,0.7194736986453475,0.8623294871850374,0,0,0.816506189821183,0.2688226671897936,KAT2B
GO_Biological_Process_2023,Negative Regulation Of Fibrinolysis (GO:0051918),1/11,0.7194736986453475,0.8623294871850374,0,0,0.816506189821183,0.2688226671897936,THBD
GO_Biological_Process_2023,Negative Regulation Of Myotube Differentiation (GO:0010832),1/11,0.7194736986453475,0.8623294871850374,0,0,0.816506189821183,0.2688226671897936,TMEM119
GO_Biological_Process_2023,Neurotransmitter Biosynthetic Process (GO:0042136),1/11,0.7194736986453475,0.8623294871850374,0,0,0.816506189821183,0.2688226671897936,NOS1
GO_Biological_Process_2023,Neurotransmitter Uptake (GO:0001504),1/11,0.7194736986453475,0.8623294871850374,0,0,0.816506189821183,0.2688226671897936,SLC18A2
GO_Biological_Process_2023,Pentose-Phosphate Shunt (GO:0006098),1/11,0.7194736986453475,0.8623294871850374,0,0,0.816506189821183,0.2688226671897936,PHACTR1
GO_Biological_Process_2023,Phagosome-Lysosome Fusion (GO:0090385),1/11,0.7194736986453475,0.8623294871850374,0,0,0.816506189821183,0.2688226671897936,PLA2G5
GO_Biological_Process_2023,Phosphatidylinositol-3-Phosphate Biosynthetic Process (GO:0036092),1/11,0.7194736986453475,0.8623294871850374,0,0,0.816506189821183,0.2688226671897936,PIK3C3
GO_Biological_Process_2023,Phospholipid Efflux (GO:0033700),1/11,0.7194736986453475,0.8623294871850374,0,0,0.816506189821183,0.2688226671897936,ABCG1
GO_Biological_Process_2023,Positive Regulation Of Circadian Rhythm (GO:0042753),1/11,0.7194736986453475,0.8623294871850374,0,0,0.816506189821183,0.2688226671897936,RORA
GO_Biological_Process_2023,Positive Regulation Of Keratinocyte Proliferation (GO:0010838),1/11,0.7194736986453475,0.8623294871850374,0,0,0.816506189821183,0.2688226671897936,FGF7
GO_Biological_Process_2023,Positive Regulation Of Metaphase/Anaphase Transition Of Cell Cycle (GO:1902101),1/11,0.7194736986453475,0.8623294871850374,0,0,0.816506189821183,0.2688226671897936,CUL3
GO_Biological_Process_2023,Positive Regulation Of Mitotic Cell Cycle Spindle Assembly Checkpoint (GO:0090267),1/11,0.7194736986453475,0.8623294871850374,0,0,0.816506189821183,0.2688226671897936,TPR
GO_Biological_Process_2023,Positive Regulation Of Mitotic Metaphase/Anaphase Transition (GO:0045842),1/11,0.7194736986453475,0.8623294871850374,0,0,0.816506189821183,0.2688226671897936,CUL3
GO_Biological_Process_2023,Positive Regulation Of Protein Exit From Endoplasmic Reticulum (GO:0070863),1/11,0.7194736986453475,0.8623294871850374,0,0,0.816506189821183,0.2688226671897936,SLC51B
GO_Biological_Process_2023,Positive Regulation Of Pseudopodium Assembly (GO:0031274),1/11,0.7194736986453475,0.8623294871850374,0,0,0.816506189821183,0.2688226671897936,CCL21
GO_Biological_Process_2023,Positive Regulation Of Spindle Checkpoint (GO:0090232),1/11,0.7194736986453475,0.8623294871850374,0,0,0.816506189821183,0.2688226671897936,TPR
GO_Biological_Process_2023,Protein Polyglutamylation (GO:0018095),1/11,0.7194736986453475,0.8623294871850374,0,0,0.816506189821183,0.2688226671897936,TTLL7
GO_Biological_Process_2023,Pyrimidine Nucleobase Metabolic Process (GO:0006206),1/11,0.7194736986453475,0.8623294871850374,0,0,0.816506189821183,0.2688226671897936,DPYSL2
GO_Biological_Process_2023,"Regulation Of CD4-positive, Alpha-Beta T Cell Differentiation (GO:0043370)",1/11,0.7194736986453475,0.8623294871850374,0,0,0.816506189821183,0.2688226671897936,HMGB1
GO_Biological_Process_2023,Regulation Of RNA Export From Nucleus (GO:0046831),1/11,0.7194736986453475,0.8623294871850374,0,0,0.816506189821183,0.2688226671897936,TPR
GO_Biological_Process_2023,Regulation Of T Cell Mediated Immunity (GO:0002709),1/11,0.7194736986453475,0.8623294871850374,0,0,0.816506189821183,0.2688226671897936,HMGB1
GO_Biological_Process_2023,Regulation Of Cytoplasmic Transport (GO:1903649),1/11,0.7194736986453475,0.8623294871850374,0,0,0.816506189821183,0.2688226671897936,LRRK2
GO_Biological_Process_2023,Regulation Of Endosome Size (GO:0051036),1/11,0.7194736986453475,0.8623294871850374,0,0,0.816506189821183,0.2688226671897936,RAB11A
GO_Biological_Process_2023,Regulation Of Microtubule-Based Movement (GO:0060632),1/11,0.7194736986453475,0.8623294871850374,0,0,0.816506189821183,0.2688226671897936,MAP2
GO_Biological_Process_2023,Regulation Of Monocyte Chemotactic Protein-1 Production (GO:0071637),1/11,0.7194736986453475,0.8623294871850374,0,0,0.816506189821183,0.2688226671897936,APOD
GO_Biological_Process_2023,Regulation Of Protein K63-linked Ubiquitination (GO:1900044),1/11,0.7194736986453475,0.8623294871850374,0,0,0.816506189821183,0.2688226671897936,SASH1
GO_Biological_Process_2023,Regulation Of Pseudopodium Assembly (GO:0031272),1/11,0.7194736986453475,0.8623294871850374,0,0,0.816506189821183,0.2688226671897936,CCL21
GO_Biological_Process_2023,Regulation Of Type II Interferon-Mediated Signaling Pathway (GO:0060334),1/11,0.7194736986453475,0.8623294871850374,0,0,0.816506189821183,0.2688226671897936,PPARG
GO_Biological_Process_2023,Response To Nitric Oxide (GO:0071731),1/11,0.7194736986453475,0.8623294871850374,0,0,0.816506189821183,0.2688226671897936,FOXO1
GO_Biological_Process_2023,Sphingoid Metabolic Process (GO:0046519),1/11,0.7194736986453475,0.8623294871850374,0,0,0.816506189821183,0.2688226671897936,SPTLC3
GO_Biological_Process_2023,Sulfate Transport (GO:0008272),1/11,0.7194736986453475,0.8623294871850374,0,0,0.816506189821183,0.2688226671897936,SLC26A2
GO_Biological_Process_2023,Mitotic Spindle Assembly (GO:0090307),4/44,0.7218753692719019,0.8645801846152175,0,0,0.8162534435261708,0.2660192613090822,ARHGEF10;FLNA;RAB11A;CLASP2
GO_Biological_Process_2023,Nucleus Organization (GO:0006997),4/44,0.7218753692719019,0.8645801846152175,0,0,0.8162534435261708,0.2660192613090822,PDCD6IP;DMPK;TPR;SYNE1
GO_Biological_Process_2023,Mitotic Spindle Organization (GO:0007052),8/85,0.7221528187066402,0.8645801846152175,0,0,0.847847644535777,0.2759900953665514,MECP2;ARHGEF10;SBDS;FLNA;MAP4;EML1;RAB11A;CLASP2
GO_Biological_Process_2023,Positive Regulation Of Amide Metabolic Process (GO:0034250),8/85,0.7221528187066402,0.8645801846152175,0,0,0.847847644535777,0.2759900953665514,FXR1;IL6;CIRBP;SAMD4A;VIM;CLU;ABCG1;LARP6
GO_Biological_Process_2023,Autophagosome Assembly (GO:0000045),6/65,0.7262851629297182,0.8690454014983819,0,0,0.8299632352941176,0.2654326627302023,STX12;GABARAPL1;MAP1LC3C;RAB23;ULK2;PIK3C3
GO_Biological_Process_2023,Regulation Of Translational Initiation (GO:0006446),6/65,0.7262851629297182,0.8690454014983819,0,0,0.8299632352941176,0.2654326627302023,CTIF;TPR;EIF4EBP2;C8ORF88;NCK1;EIF1
GO_Biological_Process_2023,Ceramide Metabolic Process (GO:0006672),5/55,0.7308286788860443,0.8736278422428619,0,0,0.8161690399632522,0.2559311959924715,PPP2CA;SPTLC3;SGMS2;ST6GALNAC3;ST6GALNAC6
GO_Biological_Process_2023,Actin Nucleation (GO:0045010),2/23,0.7324122098014019,0.8736278422428619,0,0,0.7775010921799913,0.2421230110210069,ACTR3;LMOD1
GO_Biological_Process_2023,Bile Acid And Bile Salt Transport (GO:0015721),2/23,0.7324122098014019,0.8736278422428619,0,0,0.7775010921799913,0.2421230110210069,SLCO2B1;SLC51B
GO_Biological_Process_2023,Diacylglycerol Metabolic Process (GO:0046339),2/23,0.7324122098014019,0.8736278422428619,0,0,0.7775010921799913,0.2421230110210069,DGKE;PLCE1
GO_Biological_Process_2023,Long-Chain fatty-acyl-CoA Metabolic Process (GO:0035336),2/23,0.7324122098014019,0.8736278422428619,0,0,0.7775010921799913,0.2421230110210069,ACSL4;FAR2
GO_Biological_Process_2023,Negative Regulation Of Lymphocyte Activation (GO:0051250),2/23,0.7324122098014019,0.8736278422428619,0,0,0.7775010921799913,0.2421230110210069,LST1;CTSG
GO_Biological_Process_2023,Positive Regulation Of Oxidoreductase Activity (GO:0051353),2/23,0.7324122098014019,0.8736278422428619,0,0,0.7775010921799913,0.2421230110210069,EDN1;AGTR1
GO_Biological_Process_2023,Protein Targeting To ER (GO:0045047),2/23,0.7324122098014019,0.8736278422428619,0,0,0.7775010921799913,0.2421230110210069,MAN1A1;SEC63
GO_Biological_Process_2023,"Regulation Of Nuclear-Transcribed mRNA Catabolic Process, Deadenylation-Dependent Decay (GO:1900151)",2/23,0.7324122098014019,0.8736278422428619,0,0,0.7775010921799913,0.2421230110210069,ZFP36;ZFP36L2
GO_Biological_Process_2023,Zinc Ion Transport (GO:0006829),2/23,0.7324122098014019,0.8736278422428619,0,0,0.7775010921799913,0.2421230110210069,SLC30A4;SLC39A8
GO_Biological_Process_2023,Apoptotic Mitochondrial Changes (GO:0008637),3/34,0.7329486600466644,0.8736278422428619,0,0,0.789959880975292,0.2454244359625023,ERBB4;CLU;IFIT2
GO_Biological_Process_2023,Establishment Of Mitotic Spindle Localization (GO:0040001),3/34,0.7329486600466644,0.8736278422428619,0,0,0.789959880975292,0.2454244359625023,GJA1;CLASP2;ENKD1
GO_Biological_Process_2023,Protein Targeting To Vacuole (GO:0006623),3/34,0.7329486600466644,0.8736278422428619,0,0,0.789959880975292,0.2454244359625023,PXK;NEDD4;PIK3C3
GO_Biological_Process_2023,Regulation Of Neuronal Synaptic Plasticity (GO:0048168),3/34,0.7329486600466644,0.8736278422428619,0,0,0.789959880975292,0.2454244359625023,SYNGR1;MCTP1;ZDHHC2
GO_Biological_Process_2023,Negative Regulation Of Endopeptidase Activity (GO:0010951),6/66,0.7399030608615423,0.8816735534727821,0,0,0.8160845588235294,0.2458341299340676,SPOCK2;TIMP2;TIMP3;SERPING1;ANXA8;RECK
GO_Biological_Process_2023,Monoatomic Ion Transport (GO:0006811),10/107,0.7432438373975053,0.8839485585560649,0,0,0.8411175029902603,0.2495857290952752,SLC12A4;SLC15A2;TRPC6;SLC24A3;SLC9A9;SLC1A1;PIEZO2;ANO6;SLC15A3;SLC8A1
GO_Biological_Process_2023,Regulation Of Protein Localization (GO:0032880),9/97,0.7442515448315687,0.8839485585560649,0,0,0.8344663849725976,0.2464815126575984,FKBP1A;RAB14;MAP2;BDNF;TPR;GPC3;NEDD9;PPM1F;TMEM231
GO_Biological_Process_2023,Regulation Of Stem Cell Population Maintenance (GO:2000036),5/56,0.7454033156909582,0.8839485585560649,0,0,0.8001206913633621,0.2350993377190612,SMARCE1;SAP30L;PTN;ZC3H13;SMARCA2
GO_Biological_Process_2023,Membrane Organization (GO:0061024),16/167,0.7454584541203543,0.8839485585560649,0,0,0.8642659279778393,0.2538831940870769,PDCD6IP;DMPK;EXOC6B;ANK2;ANK3;STX11;CORO1C;REEP1;SYNGR1;VAPA;VAPB;MYADM;TLCD2;STAM2;SPTBN1;VAMP2
GO_Biological_Process_2023,C-terminal Protein Amino Acid Modification (GO:0018410),1/12,0.7500958133616931,0.8839485585560649,0,0,0.7422366720853654,0.2134333685438659,AGTPBP1
GO_Biological_Process_2023,C4-dicarboxylate Transport (GO:0015740),1/12,0.7500958133616931,0.8839485585560649,0,0,0.7422366720853654,0.2134333685438659,SLC1A1
GO_Biological_Process_2023,DNA Deamination (GO:0045006),1/12,0.7500958133616931,0.8839485585560649,0,0,0.7422366720853654,0.2134333685438659,CDADC1
GO_Biological_Process_2023,NADPH Regeneration (GO:0006740),1/12,0.7500958133616931,0.8839485585560649,0,0,0.7422366720853654,0.2134333685438659,DDR2
GO_Biological_Process_2023,V(D)J Recombination (GO:0033151),1/12,0.7500958133616931,0.8839485585560649,0,0,0.7422366720853654,0.2134333685438659,HMGB1
GO_Biological_Process_2023,Actin-Myosin Filament Sliding (GO:0033275),1/12,0.7500958133616931,0.8839485585560649,0,0,0.7422366720853654,0.2134333685438659,TNNT2
GO_Biological_Process_2023,Adult Locomotory Behavior (GO:0008344),1/12,0.7500958133616931,0.8839485585560649,0,0,0.7422366720853654,0.2134333685438659,FOXA2
GO_Biological_Process_2023,Biogenic Amine Metabolic Process (GO:0006576),1/12,0.7500958133616931,0.8839485585560649,0,0,0.7422366720853654,0.2134333685438659,MAOA
GO_Biological_Process_2023,Cardiolipin Metabolic Process (GO:0032048),1/12,0.7500958133616931,0.8839485585560649,0,0,0.7422366720853654,0.2134333685438659,PLA2G5
GO_Biological_Process_2023,Cellular Response To Leucine Starvation (GO:1990253),1/12,0.7500958133616931,0.8839485585560649,0,0,0.7422366720853654,0.2134333685438659,SESN1
GO_Biological_Process_2023,Detection Of Bacterium (GO:0016045),1/12,0.7500958133616931,0.8839485585560649,0,0,0.7422366720853654,0.2134333685438659,NLRC4
GO_Biological_Process_2023,Epithelial Cell Morphogenesis (GO:0003382),1/12,0.7500958133616931,0.8839485585560649,0,0,0.7422366720853654,0.2134333685438659,RILPL2
GO_Biological_Process_2023,Eye Photoreceptor Cell Differentiation (GO:0001754),1/12,0.7500958133616931,0.8839485585560649,0,0,0.7422366720853654,0.2134333685438659,NKD1
GO_Biological_Process_2023,Fatty Acid Transmembrane Transport (GO:1902001),1/12,0.7500958133616931,0.8839485585560649,0,0,0.7422366720853654,0.2134333685438659,CD36
GO_Biological_Process_2023,Gamma-Delta T Cell Activation (GO:0046629),1/12,0.7500958133616931,0.8839485585560649,0,0,0.7422366720853654,0.2134333685438659,SOX13
GO_Biological_Process_2023,Histone Monoubiquitination (GO:0010390),1/12,0.7500958133616931,0.8839485585560649,0,0,0.7422366720853654,0.2134333685438659,WAC
GO_Biological_Process_2023,"Mitochondrial Electron Transport, Ubiquinol To Cytochrome C (GO:0006122)",1/12,0.7500958133616931,0.8839485585560649,0,0,0.7422366720853654,0.2134333685438659,UQCRB
GO_Biological_Process_2023,Negative Regulation By Host Of Viral Process (GO:0044793),1/12,0.7500958133616931,0.8839485585560649,0,0,0.7422366720853654,0.2134333685438659,VAPA
GO_Biological_Process_2023,Negative Regulation Of Epidermal Growth Factor-Activated Receptor Activity (GO:0007175),1/12,0.7500958133616931,0.8839485585560649,0,0,0.7422366720853654,0.2134333685438659,GPRC5A
GO_Biological_Process_2023,Nuclear Body Organization (GO:0030575),1/12,0.7500958133616931,0.8839485585560649,0,0,0.7422366720853654,0.2134333685438659,ETS1
GO_Biological_Process_2023,Phosphatidylcholine Acyl-Chain Remodeling (GO:0036151),1/12,0.7500958133616931,0.8839485585560649,0,0,0.7422366720853654,0.2134333685438659,PLA2G4C
GO_Biological_Process_2023,Porphyrin-Containing Compound Catabolic Process (GO:0006787),1/12,0.7500958133616931,0.8839485585560649,0,0,0.7422366720853654,0.2134333685438659,SLCO2B1
GO_Biological_Process_2023,Positive Regulation Of ERAD Pathway (GO:1904294),1/12,0.7500958133616931,0.8839485585560649,0,0,0.7422366720853654,0.2134333685438659,CAV1
GO_Biological_Process_2023,Positive Regulation Of Calcium-Mediated Signaling (GO:0050850),1/12,0.7500958133616931,0.8839485585560649,0,0,0.7422366720853654,0.2134333685438659,CDH13
GO_Biological_Process_2023,Positive Regulation Of Cell Morphogenesis Involved In Differentiation (GO:0010770),1/12,0.7500958133616931,0.8839485585560649,0,0,0.7422366720853654,0.2134333685438659,PTPRD
GO_Biological_Process_2023,Positive Regulation Of mRNA Metabolic Process (GO:1903313),1/12,0.7500958133616931,0.8839485585560649,0,0,0.7422366720853654,0.2134333685438659,PRR5L
GO_Biological_Process_2023,Positive Regulation Of Regulated Secretory Pathway (GO:1903307),1/12,0.7500958133616931,0.8839485585560649,0,0,0.7422366720853654,0.2134333685438659,UNC13D
GO_Biological_Process_2023,Positive Regulation Of Ruffle Assembly (GO:1900029),1/12,0.7500958133616931,0.8839485585560649,0,0,0.7422366720853654,0.2134333685438659,P2RY12
GO_Biological_Process_2023,Regulation Of SNARE Complex Assembly (GO:0035542),1/12,0.7500958133616931,0.8839485585560649,0,0,0.7422366720853654,0.2134333685438659,SNCA
GO_Biological_Process_2023,Regulation Of T Cell Differentiation In Thymus (GO:0033081),1/12,0.7500958133616931,0.8839485585560649,0,0,0.7422366720853654,0.2134333685438659,BMP4
GO_Biological_Process_2023,Regulation Of Chromosome Separation (GO:1905818),1/12,0.7500958133616931,0.8839485585560649,0,0,0.7422366720853654,0.2134333685438659,TPR
GO_Biological_Process_2023,Regulation Of Monooxygenase Activity (GO:0032768),1/12,0.7500958133616931,0.8839485585560649,0,0,0.7422366720853654,0.2134333685438659,SNCA
GO_Biological_Process_2023,Regulation Of Transcription From RNA Polymerase II Promoter In Response To Stress (GO:0043618),1/12,0.7500958133616931,0.8839485585560649,0,0,0.7422366720853654,0.2134333685438659,KLF2
GO_Biological_Process_2023,Response To Muramyl Dipeptide (GO:0032495),1/12,0.7500958133616931,0.8839485585560649,0,0,0.7422366720853654,0.2134333685438659,VIM
GO_Biological_Process_2023,Semaphorin-Plexin Signaling Pathway Involved In Neuron Projection Guidance (GO:1902285),1/12,0.7500958133616931,0.8839485585560649,0,0,0.7422366720853654,0.2134333685438659,PLXNA2
GO_Biological_Process_2023,Spinal Cord Development (GO:0021510),1/12,0.7500958133616931,0.8839485585560649,0,0,0.7422366720853654,0.2134333685438659,DLL1
GO_Biological_Process_2023,Cellular Response To Amino Acid Stimulus (GO:0071230),3/35,0.7510285829993258,0.8839485585560649,0,0,0.7652306103717301,0.2190943759547685,SESN1;FYN;LAMTOR3
GO_Biological_Process_2023,Establishment Of Spindle Orientation (GO:0051294),3/35,0.7510285829993258,0.8839485585560649,0,0,0.7652306103717301,0.2190943759547685,GJA1;MAP4;ENKD1
GO_Biological_Process_2023,Neutral Amino Acid Transport (GO:0015804),3/35,0.7510285829993258,0.8839485585560649,0,0,0.7652306103717301,0.2190943759547685,SLC7A7;SLC1A1;SLC38A5
GO_Biological_Process_2023,Regulation Of Postsynaptic Membrane Potential (GO:0060078),3/35,0.7510285829993258,0.8839485585560649,0,0,0.7652306103717301,0.2190943759547685,GSK3B;MEF2C;LRRK2
GO_Biological_Process_2023,Response To Exogenous dsRNA (GO:0043330),3/35,0.7510285829993258,0.8839485585560649,0,0,0.7652306103717301,0.2190943759547685,COLEC12;IRAK3;TLR3
GO_Biological_Process_2023,Protein Secretion (GO:0009306),6/67,0.7530287989001777,0.8841414681697745,0,0,0.8026609209257474,0.2276762201169521,ANXA1;PRF1;LTBP2;PCSK5;RAB8B;WLS
GO_Biological_Process_2023,Positive Regulation Of DNA Metabolic Process (GO:0051054),10/108,0.753635610623029,0.8841414681697745,0,0,0.8324876912090803,0.2354660656057828,PDGFRB;MECP2;RGCC;HGF;EYA4;PDGFB;STON1;HMGB1;FGFR4;FGF2
GO_Biological_Process_2023,Acylglycerol Homeostasis (GO:0055090),2/24,0.7539785982823151,0.8841414681697745,0,0,0.7421184320266889,0.2095677855220024,RORA;GPIHBP1
GO_Biological_Process_2023,Ear Morphogenesis (GO:0042471),2/24,0.7539785982823151,0.8841414681697745,0,0,0.7421184320266889,0.2095677855220024,SOBP;FGFR2
GO_Biological_Process_2023,Endosome Transport Via Multivesicular Body Sorting Pathway (GO:0032509),2/24,0.7539785982823151,0.8841414681697745,0,0,0.7421184320266889,0.2095677855220024,LEPROT;SORT1
GO_Biological_Process_2023,Multivesicular Body Sorting Pathway (GO:0071985),2/24,0.7539785982823151,0.8841414681697745,0,0,0.7421184320266889,0.2095677855220024,SORT1;SYTL4
GO_Biological_Process_2023,Positive Regulation Of ERBB Signaling Pathway (GO:1901186),2/24,0.7539785982823151,0.8841414681697745,0,0,0.7421184320266889,0.2095677855220024,HIP1;GPER1
GO_Biological_Process_2023,Positive Regulation Of Lipid Metabolic Process (GO:0045834),2/24,0.7539785982823151,0.8841414681697745,0,0,0.7421184320266889,0.2095677855220024,ZBTB20;SORBS1
GO_Biological_Process_2023,Positive Regulation Of Peptidyl-Threonine Phosphorylation (GO:0010800),2/24,0.7539785982823151,0.8841414681697745,0,0,0.7421184320266889,0.2095677855220024,TGFB1;CALM1
GO_Biological_Process_2023,Regulation Of AMPA Receptor Activity (GO:2000311),2/24,0.7539785982823151,0.8841414681697745,0,0,0.7421184320266889,0.2095677855220024,MEF2C;SHANK3
GO_Biological_Process_2023,Stress Granule Assembly (GO:0034063),2/24,0.7539785982823151,0.8841414681697745,0,0,0.7421184320266889,0.2095677855220024,CIRBP;RPS23
GO_Biological_Process_2023,Development Of Primary Male Sexual Characteristics (GO:0046546),4/46,0.7540604134228314,0.8841414681697745,0,0,0.7772967772967773,0.21941750317174,TGFB2;WNT2B;GATA6;GATA3
GO_Biological_Process_2023,Male Gonad Development (GO:0008584),4/46,0.7540604134228314,0.8841414681697745,0,0,0.7772967772967773,0.21941750317174,TGFB2;WNT2B;GATA6;GATA3
GO_Biological_Process_2023,Positive Regulation Of Peptide Hormone Secretion (GO:0090277),4/46,0.7540604134228314,0.8841414681697745,0,0,0.7772967772967773,0.21941750317174,TCF7L2;GPER1;ACSL4;MYRIP
GO_Biological_Process_2023,Positive Regulation Of Interferon-Beta Production (GO:0032728),3/36,0.7681114041890361,0.900371760043422,0,0,0.7420000834411115,0.1957548321353073,TLR8;TLR4;TLR3
GO_Biological_Process_2023,Regulation Of T Cell Differentiation (GO:0045580),4/47,0.7690394778126388,0.900471632277118,0,0,0.7591773976551989,0.1993698343715639,SMARCE1;CRTAM;GATA3;SMARCA2
GO_Biological_Process_2023,Response To Organonitrogen Compound (GO:0010243),4/47,0.7690394778126388,0.900471632277118,0,0,0.7591773976551989,0.1993698343715639,IL6;IRAK3;CLU;GPIHBP1
GO_Biological_Process_2023,Secondary Alcohol Metabolic Process (GO:1902652),4/47,0.7690394778126388,0.900471632277118,0,0,0.7591773976551989,0.1993698343715639,CYP27A1;ABCG1;IDH3A;CES1
GO_Biological_Process_2023,Inner Ear Morphogenesis (GO:0042472),2/25,0.774026763275031,0.900471632277118,0,0,0.7098125249301954,0.1818176464425693,SOBP;FGFR2
GO_Biological_Process_2023,Late Endosome To Vacuole Transport Via Multivesicular Body Sorting Pathway (GO:0032511),2/25,0.774026763275031,0.900471632277118,0,0,0.7098125249301954,0.1818176464425693,LEPROT;STAM2
GO_Biological_Process_2023,Organophosphate Ester Transport (GO:0015748),2/25,0.774026763275031,0.900471632277118,0,0,0.7098125249301954,0.1818176464425693,VAPA;LDLR
GO_Biological_Process_2023,Positive Regulation Of Glucose Import (GO:0046326),2/25,0.774026763275031,0.900471632277118,0,0,0.7098125249301954,0.1818176464425693,PIK3R1;SORBS1
GO_Biological_Process_2023,Positive Regulation Of Interleukin-2 Production (GO:0032743),2/25,0.774026763275031,0.900471632277118,0,0,0.7098125249301954,0.1818176464425693,CD4;SPTBN1
GO_Biological_Process_2023,Positive Regulation Of Peptidase Activity (GO:0010952),2/25,0.774026763275031,0.900471632277118,0,0,0.7098125249301954,0.1818176464425693,APH1B;CTSH
GO_Biological_Process_2023,Regulation Of B Cell Activation (GO:0050864),2/25,0.774026763275031,0.900471632277118,0,0,0.7098125249301954,0.1818176464425693,IL6;ZFP36L2
GO_Biological_Process_2023,Regulation Of Synapse Organization (GO:0050807),2/25,0.774026763275031,0.900471632277118,0,0,0.7098125249301954,0.1818176464425693,MEF2C;NEDD4
GO_Biological_Process_2023,Response To dsRNA (GO:0043331),2/25,0.774026763275031,0.900471632277118,0,0,0.7098125249301954,0.1818176464425693,IRAK3;TLR3
GO_Biological_Process_2023,Response To UV (GO:0009411),9/100,0.775846960662822,0.900471632277118,0,0,0.8068199632856788,0.2047709017515683,USP47;MFAP4;SCARA3;CCND1;NEDD4;CAT;CIRBP;N4BP1;AQP1
GO_Biological_Process_2023,ERBB2 Signaling Pathway (GO:0038128),1/13,0.7773765759649077,0.900471632277118,0,0,0.6803454073055174,0.1713316508006346,MYOC
GO_Biological_Process_2023,T Cell Differentiation In Thymus (GO:0033077),1/13,0.7773765759649077,0.900471632277118,0,0,0.6803454073055174,0.1713316508006346,ZFP36L2
GO_Biological_Process_2023,Acute-Phase Response (GO:0006953),1/13,0.7773765759649077,0.900471632277118,0,0,0.6803454073055174,0.1713316508006346,IL6
GO_Biological_Process_2023,Antigen Processing And Presentation Of Endogenous Peptide Antigen Via MHC Class I Via ER Pathway (GO:0002484),1/13,0.7773765759649077,0.900471632277118,0,0,0.6803454073055174,0.1713316508006346,HLA-E
GO_Biological_Process_2023,"Antigen Processing And Presentation Of Endogenous Peptide Antigen Via MHC Class I Via ER Pathway, TAP-independent (GO:0002486)",1/13,0.7773765759649077,0.900471632277118,0,0,0.6803454073055174,0.1713316508006346,HLA-E
GO_Biological_Process_2023,Antigen Processing And Presentation Of Endogenous Peptide Antigen Via MHC Class Ib (GO:0002476),1/13,0.7773765759649077,0.900471632277118,0,0,0.6803454073055174,0.1713316508006346,HLA-E
GO_Biological_Process_2023,Antigen Processing And Presentation Of Peptide Antigen Via MHC Class Ib (GO:0002428),1/13,0.7773765759649077,0.900471632277118,0,0,0.6803454073055174,0.1713316508006346,HLA-E
GO_Biological_Process_2023,Catecholamine Metabolic Process (GO:0006584),1/13,0.7773765759649077,0.900471632277118,0,0,0.6803454073055174,0.1713316508006346,RNF180
GO_Biological_Process_2023,Cellular Response To Arsenic-Containing Substance (GO:0071243),1/13,0.7773765759649077,0.900471632277118,0,0,0.6803454073055174,0.1713316508006346,MKNK2
GO_Biological_Process_2023,Clathrin Coat Assembly (GO:0048268),1/13,0.7773765759649077,0.900471632277118,0,0,0.6803454073055174,0.1713316508006346,HIP1
GO_Biological_Process_2023,Cotranslational Protein Targeting To Membrane (GO:0006613),1/13,0.7773765759649077,0.900471632277118,0,0,0.6803454073055174,0.1713316508006346,SEC63
GO_Biological_Process_2023,Glomerular Filtration (GO:0003094),1/13,0.7773765759649077,0.900471632277118,0,0,0.6803454073055174,0.1713316508006346,MCAM
GO_Biological_Process_2023,Heparan Sulfate Proteoglycan Metabolic Process (GO:0030201),1/13,0.7773765759649077,0.900471632277118,0,0,0.6803454073055174,0.1713316508006346,NDST1
GO_Biological_Process_2023,Membrane Depolarization (GO:0051899),1/13,0.7773765759649077,0.900471632277118,0,0,0.6803454073055174,0.1713316508006346,CAV1
GO_Biological_Process_2023,Negative Regulation Of Cartilage Development (GO:0061037),1/13,0.7773765759649077,0.900471632277118,0,0,0.6803454073055174,0.1713316508006346,EFEMP1
GO_Biological_Process_2023,Negative Regulation Of Receptor Internalization (GO:0002091),1/13,0.7773765759649077,0.900471632277118,0,0,0.6803454073055174,0.1713316508006346,PCSK9
GO_Biological_Process_2023,Negative Regulation Of Secretion (GO:0051048),1/13,0.7773765759649077,0.900471632277118,0,0,0.6803454073055174,0.1713316508006346,SPX
GO_Biological_Process_2023,Nucleotide-Sugar Metabolic Process (GO:0009225),1/13,0.7773765759649077,0.900471632277118,0,0,0.6803454073055174,0.1713316508006346,CSGALNACT1
GO_Biological_Process_2023,Peptidyl-Tyrosine Autophosphorylation (GO:0038083),1/13,0.7773765759649077,0.900471632277118,0,0,0.6803454073055174,0.1713316508006346,KDR
GO_Biological_Process_2023,Plasma Membrane Tubulation (GO:0097320),1/13,0.7773765759649077,0.900471632277118,0,0,0.6803454073055174,0.1713316508006346,EHD2
GO_Biological_Process_2023,Positive Regulation Of Alpha-Beta T Cell Differentiation (GO:0046638),1/13,0.7773765759649077,0.900471632277118,0,0,0.6803454073055174,0.1713316508006346,TGFBR2
GO_Biological_Process_2023,Positive Regulation Of Heterochromatin Formation (GO:0031453),1/13,0.7773765759649077,0.900471632277118,0,0,0.6803454073055174,0.1713316508006346,TPR
GO_Biological_Process_2023,Positive Regulation Of Histone Deacetylation (GO:0031065),1/13,0.7773765759649077,0.900471632277118,0,0,0.6803454073055174,0.1713316508006346,PRKD1
GO_Biological_Process_2023,Positive Regulation Of Potassium Ion Transmembrane Transporter Activity (GO:1901018),1/13,0.7773765759649077,0.900471632277118,0,0,0.6803454073055174,0.1713316508006346,ANK2
GO_Biological_Process_2023,Regulation Of Fatty Acid Beta-Oxidation (GO:0031998),1/13,0.7773765759649077,0.900471632277118,0,0,0.6803454073055174,0.1713316508006346,MFSD2A
GO_Biological_Process_2023,Regulation Of Response To Stress (GO:0080134),1/13,0.7773765759649077,0.900471632277118,0,0,0.6803454073055174,0.1713316508006346,CORO2B
GO_Biological_Process_2023,Regulation Of Short-Term Neuronal Synaptic Plasticity (GO:0048172),1/13,0.7773765759649077,0.900471632277118,0,0,0.6803454073055174,0.1713316508006346,SYNGR1
GO_Biological_Process_2023,Signal Peptide Processing (GO:0006465),1/13,0.7773765759649077,0.900471632277118,0,0,0.6803454073055174,0.1713316508006346,PCSK5
GO_Biological_Process_2023,Sphingoid Biosynthetic Process (GO:0046520),1/13,0.7773765759649077,0.900471632277118,0,0,0.6803454073055174,0.1713316508006346,SPTLC3
GO_Biological_Process_2023,Sphingosine Biosynthetic Process (GO:0046512),1/13,0.7773765759649077,0.900471632277118,0,0,0.6803454073055174,0.1713316508006346,SPTLC3
GO_Biological_Process_2023,Suppression Of Viral Release By Host (GO:0044790),1/13,0.7773765759649077,0.900471632277118,0,0,0.6803454073055174,0.1713316508006346,MID2
GO_Biological_Process_2023,Phospholipid Metabolic Process (GO:0006644),6/69,0.7778143487524636,0.9007369812759948,0,0,0.7770920868347339,0.1952579156498649,PLA2G1B;PLA2G4C;ENPP2;PLBD1;PLA2G5;ALOX15B
GO_Biological_Process_2023,Regulation Of Tumor Necrosis Factor-Mediated Signaling Pathway (GO:0010803),4/48,0.7832932961256445,0.906838483390097,0,0,0.7418816261791469,0.181203157697594,CASP1;CARD16;CCDC3;GAS6
GO_Biological_Process_2023,RNA Stabilization (GO:0043489),3/37,0.784224887275461,0.9069438942874838,0,0,0.7201360580946468,0.1750358769058484,SLC11A1;CIRBP;RBM24
GO_Biological_Process_2023,Axonemal Dynein Complex Assembly (GO:0070286),3/37,0.784224887275461,0.9069438942874838,0,0,0.7201360580946468,0.1750358769058484,CCDC39;DNAI2;ZMYND10
GO_Biological_Process_2023,Negative Regulation Of Stress-Activated MAPK Cascade (GO:0032873),3/37,0.784224887275461,0.9069438942874838,0,0,0.7201360580946468,0.1750358769058484,DUSP1;SIRPA;FOXO1
GO_Biological_Process_2023,Synaptic Vesicle Cycle (GO:0099504),3/37,0.784224887275461,0.9069438942874838,0,0,0.7201360580946468,0.1750358769058484,SLC18A2;VAMP2;SNCA
GO_Biological_Process_2023,Microtubule Cytoskeleton Organization Involved In Mitosis (GO:1902850),5/59,0.7855998034194476,0.9082905843981612,0,0,0.7555419452525561,0.1823181435911968,MECP2;SBDS;MAP4;EML1;CLASP2
GO_Biological_Process_2023,Lymphocyte Differentiation (GO:0030098),8/91,0.7893351183152636,0.9123648555566892,0,0,0.7862914399086687,0.1860084921530206,HHEX;CD4;KLF6;LEPR;PIK3R3;GATA3;PIK3R1;PBX1
GO_Biological_Process_2023,L-amino Acid Transport (GO:0015807),2/26,0.7926311142912219,0.914215897723387,0,0,0.6801987767584098,0.1580763884403258,SLC1A1;SLC38A5
GO_Biological_Process_2023,Mitotic G1 DNA Damage Checkpoint Signaling (GO:0031571),2/26,0.7926311142912219,0.914215897723387,0,0,0.6801987767584098,0.1580763884403258,CCND1;WAC
GO_Biological_Process_2023,Mitotic Spindle Assembly Checkpoint Signaling (GO:0007094),2/26,0.7926311142912219,0.914215897723387,0,0,0.6801987767584098,0.1580763884403258,TPR;TEX14
GO_Biological_Process_2023,Mitotic Spindle Checkpoint Signaling (GO:0071174),2/26,0.7926311142912219,0.914215897723387,0,0,0.6801987767584098,0.1580763884403258,TPR;TEX14
GO_Biological_Process_2023,Positive Regulation Of Microtubule Polymerization Or Depolymerization (GO:0031112),2/26,0.7926311142912219,0.914215897723387,0,0,0.6801987767584098,0.1580763884403258,NAV3;SLAIN2
GO_Biological_Process_2023,Regulation Of Epidermal Growth Factor-Activated Receptor Activity (GO:0007176),2/26,0.7926311142912219,0.914215897723387,0,0,0.6801987767584098,0.1580763884403258,GPRC5A;HBEGF
GO_Biological_Process_2023,Regulation Of Nucleotide-Excision Repair (GO:2000819),2/26,0.7926311142912219,0.914215897723387,0,0,0.6801987767584098,0.1580763884403258,SMARCE1;SMARCA2
GO_Biological_Process_2023,Spindle Assembly Checkpoint Signaling (GO:0071173),2/26,0.7926311142912219,0.914215897723387,0,0,0.6801987767584098,0.1580763884403258,TPR;TEX14
GO_Biological_Process_2023,Cytoskeleton-Dependent Cytokinesis (GO:0061640),7/81,0.7941702236475751,0.914390258591227,0,0,0.7717179248213731,0.1778481475795865,PDCD6IP;APC;EXOC6B;ANK3;MYH10;SPTBN1;RHOB
GO_Biological_Process_2023,Macromolecule Modification (GO:0043412),7/81,0.7941702236475751,0.914390258591227,0,0,0.7717179248213731,0.1778481475795865,UBE2I;ADPRH;ST3GAL6;WWP2;ST3GAL1;PHEX;FBXW2
GO_Biological_Process_2023,Protein Catabolic Process (GO:0030163),9/102,0.7952901136759004,0.914390258591227,0,0,0.7893799266659739,0.1808061365982056,LAMP2;FBXO17;DAB2IP;PCSK9;CTSH;CTSW;DENND3;CTSF;SPATA18
GO_Biological_Process_2023,Fatty Acid Beta-Oxidation (GO:0006635),4/49,0.7968376604359135,0.914390258591227,0,0,0.725354555657586,0.1647311453060982,ACOXL;ACAA2;BDH2;ACADL
GO_Biological_Process_2023,Intrinsic Apoptotic Signaling Pathway In Response To DNA Damage (GO:0008630),4/49,0.7968376604359135,0.914390258591227,0,0,0.725354555657586,0.1647311453060982,TMEM109;CRIP1;HIC1;BCL2L2
GO_Biological_Process_2023,Nuclear Export (GO:0051168),4/49,0.7968376604359135,0.914390258591227,0,0,0.725354555657586,0.1647311453060982,EGR2;TGFB1;UBE2I;TPR
GO_Biological_Process_2023,G2/M Transition Of Mitotic Cell Cycle (GO:0000086),3/38,0.7993998167328699,0.914390258591227,0,0,0.6995214056251229,0.1566186889339335,CDK14;NES;FBXL7
GO_Biological_Process_2023,Import Into Cell (GO:0098657),3/38,0.7993998167328699,0.914390258591227,0,0,0.6995214056251229,0.1566186889339335,SLC22A4;SLC6A13;SLC38A5
GO_Biological_Process_2023,Lymphocyte Proliferation (GO:0046651),3/38,0.7993998167328699,0.914390258591227,0,0,0.6995214056251229,0.1566186889339335,MEF2C;MSN;EMP2
GO_Biological_Process_2023,mRNA Transcription By RNA Polymerase II (GO:0042789),3/38,0.7993998167328699,0.914390258591227,0,0,0.6995214056251229,0.1566186889339335,THRB;C5AR1;PPARG
GO_Biological_Process_2023,Membrane Fission (GO:0090148),3/38,0.7993998167328699,0.914390258591227,0,0,0.6995214056251229,0.1566186889339335,EXOC6B;STAM2;CORO1C
GO_Biological_Process_2023,Positive Regulation Of Production Of Molecular Mediator Of Immune Response (GO:0002702),3/38,0.7993998167328699,0.914390258591227,0,0,0.6995214056251229,0.1566186889339335,IL6;XCL1;HLA-E
GO_Biological_Process_2023,Phosphate-Containing Compound Metabolic Process (GO:0006796),17/184,0.7998254432009649,0.914390258591227,0,0,0.8299345880986295,0.1853756595124649,PFKFB2;TGFB1;PLA2G1B;EPHX2;LRRK2;PLA2G4C;PLA2G5;LIMD1;ALOX15B;PTPRD;HK3;PPM1A;PTPRB;INPP5A;INPP5K;ALPL;FBP1
GO_Biological_Process_2023,2-Oxoglutarate Metabolic Process (GO:0006103),1/14,0.8016804306091759,0.914390258591227,0,0,0.6279758755687229,0.1388110631198701,ADHFE1
GO_Biological_Process_2023,L-glutamate Transmembrane Transport (GO:0015813),1/14,0.8016804306091759,0.914390258591227,0,0,0.6279758755687229,0.1388110631198701,SLC1A1
GO_Biological_Process_2023,"RNA Phosphodiester Bond Hydrolysis, Endonucleolytic (GO:0090502)",1/14,0.8016804306091759,0.914390258591227,0,0,0.6279758755687229,0.1388110631198701,ZC3H12C
GO_Biological_Process_2023,Cellular Response To Exogenous dsRNA (GO:0071360),1/14,0.8016804306091759,0.914390258591227,0,0,0.6279758755687229,0.1388110631198701,COLEC12
GO_Biological_Process_2023,Copper Ion Homeostasis (GO:0055070),1/14,0.8016804306091759,0.914390258591227,0,0,0.6279758755687229,0.1388110631198701,PRNP
GO_Biological_Process_2023,Electron Transport Chain (GO:0022900),1/14,0.8016804306091759,0.914390258591227,0,0,0.6279758755687229,0.1388110631198701,PPARGC1A
GO_Biological_Process_2023,Histone H2A Monoubiquitination (GO:0035518),1/14,0.8016804306091759,0.914390258591227,0,0,0.6279758755687229,0.1388110631198701,PCGF5
GO_Biological_Process_2023,Lipoprotein Biosynthetic Process (GO:0042158),1/14,0.8016804306091759,0.914390258591227,0,0,0.6279758755687229,0.1388110631198701,PIK3C3
GO_Biological_Process_2023,Medium-Chain Fatty Acid Metabolic Process (GO:0051791),1/14,0.8016804306091759,0.914390258591227,0,0,0.6279758755687229,0.1388110631198701,CES1
GO_Biological_Process_2023,Mitochondrial Calcium Ion Transmembrane Transport (GO:0006851),1/14,0.8016804306091759,0.914390258591227,0,0,0.6279758755687229,0.1388110631198701,MICU3
GO_Biological_Process_2023,Mitotic Recombination (GO:0006312),1/14,0.8016804306091759,0.914390258591227,0,0,0.6279758755687229,0.1388110631198701,PTEN
GO_Biological_Process_2023,Negative Regulation Of Chondrocyte Differentiation (GO:0032331),1/14,0.8016804306091759,0.914390258591227,0,0,0.6279758755687229,0.1388110631198701,EFEMP1
GO_Biological_Process_2023,Negative Regulation Of Cilium Assembly (GO:1902018),1/14,0.8016804306091759,0.914390258591227,0,0,0.6279758755687229,0.1388110631198701,MAP4
GO_Biological_Process_2023,"Negative Regulation Of mRNA Splicing, Via Spliceosome (GO:0048025)",1/14,0.8016804306091759,0.914390258591227,0,0,0.6279758755687229,0.1388110631198701,SAP18
GO_Biological_Process_2023,Negative Regulation Of Single Stranded Viral RNA Replication Via Double Stranded DNA Intermediate (GO:0045869),1/14,0.8016804306091759,0.914390258591227,0,0,0.6279758755687229,0.1388110631198701,INPP5K
GO_Biological_Process_2023,Photoreceptor Cell Development (GO:0042461),1/14,0.8016804306091759,0.914390258591227,0,0,0.6279758755687229,0.1388110631198701,MFSD2A
GO_Biological_Process_2023,Positive Regulation Of Exosomal Secretion (GO:1903543),1/14,0.8016804306091759,0.914390258591227,0,0,0.6279758755687229,0.1388110631198701,PDCD6IP
GO_Biological_Process_2023,Positive Regulation Of Heterotypic Cell-Cell Adhesion (GO:0034116),1/14,0.8016804306091759,0.914390258591227,0,0,0.6279758755687229,0.1388110631198701,CD44
GO_Biological_Process_2023,Positive Regulation Of Membrane Protein Ectodomain Proteolysis (GO:0051044),1/14,0.8016804306091759,0.914390258591227,0,0,0.6279758755687229,0.1388110631198701,SH3D19
GO_Biological_Process_2023,Post-Translational Protein Targeting To Endoplasmic Reticulum Membrane (GO:0006620),1/14,0.8016804306091759,0.914390258591227,0,0,0.6279758755687229,0.1388110631198701,SEC63
GO_Biological_Process_2023,Protein Localization To Vacuole (GO:0072665),1/14,0.8016804306091759,0.914390258591227,0,0,0.6279758755687229,0.1388110631198701,RNF128
GO_Biological_Process_2023,Protein Transport To Vacuole Involved In Ubiquitin-Dependent Protein Catabolic Process Via The Multivesicular Body Sorting Pathway (GO:0043328),1/14,0.8016804306091759,0.914390258591227,0,0,0.6279758755687229,0.1388110631198701,STAM2
GO_Biological_Process_2023,Regulation Of Branching Involved In Ureteric Bud Morphogenesis (GO:0090189),1/14,0.8016804306091759,0.914390258591227,0,0,0.6279758755687229,0.1388110631198701,BMP4
GO_Biological_Process_2023,Regulation Of Cell Fate Specification (GO:0042659),1/14,0.8016804306091759,0.914390258591227,0,0,0.6279758755687229,0.1388110631198701,FGF2
GO_Biological_Process_2023,Regulation Of Sequestering Of Triglyceride (GO:0010889),1/14,0.8016804306091759,0.914390258591227,0,0,0.6279758755687229,0.1388110631198701,PPARG
GO_Biological_Process_2023,Respiratory Electron Transport Chain (GO:0022904),1/14,0.8016804306091759,0.914390258591227,0,0,0.6279758755687229,0.1388110631198701,PPARGC1A
GO_Biological_Process_2023,Serine Family Amino Acid Metabolic Process (GO:0009069),1/14,0.8016804306091759,0.914390258591227,0,0,0.6279758755687229,0.1388110631198701,CDO1
GO_Biological_Process_2023,"Synaptic Transmission, GABAergic (GO:0051932)",1/14,0.8016804306091759,0.914390258591227,0,0,0.6279758755687229,0.1388110631198701,GABRB2
GO_Biological_Process_2023,Telomere Capping (GO:0016233),1/14,0.8016804306091759,0.914390258591227,0,0,0.6279758755687229,0.1388110631198701,STON1
GO_Biological_Process_2023,Regulation Of Interferon-Beta Production (GO:0032648),4/50,0.8096903163724803,0.9215370058321808,0,0,0.7095460534195712,0.1497876055394723,SIRPA;TLR8;TLR4;TLR3
GO_Biological_Process_2023,Cellular Response To Acid Chemical (GO:0071229),2/27,0.809867901557336,0.9215370058321808,0,0,0.6529541284403669,0.1376976627265525,LAMTOR3;KLF2
GO_Biological_Process_2023,Chaperone Cofactor-Dependent Protein Refolding (GO:0051085),2/27,0.809867901557336,0.9215370058321808,0,0,0.6529541284403669,0.1376976627265525,DNAJB4;HSPA2
GO_Biological_Process_2023,Cortical Cytoskeleton Organization (GO:0030865),2/27,0.809867901557336,0.9215370058321808,0,0,0.6529541284403669,0.1376976627265525,FMNL3;EPB41L3
GO_Biological_Process_2023,Monoubiquitinated Histone H2A Deubiquitination (GO:0035522),2/27,0.809867901557336,0.9215370058321808,0,0,0.6529541284403669,0.1376976627265525,KAT2B;ENY2
GO_Biological_Process_2023,Monoubiquitinated Histone Deubiquitination (GO:0035521),2/27,0.809867901557336,0.9215370058321808,0,0,0.6529541284403669,0.1376976627265525,KAT2B;ENY2
GO_Biological_Process_2023,Phospholipid Biosynthetic Process (GO:0008654),2/27,0.809867901557336,0.9215370058321808,0,0,0.6529541284403669,0.1376976627265525,VAPA;SGMS2
GO_Biological_Process_2023,Positive Regulation Of Cytosolic Calcium Ion Concentration Involved In Phospholipase C-activating G Protein-Coupled Signaling Pathway (GO:0051482),2/27,0.809867901557336,0.9215370058321808,0,0,0.6529541284403669,0.1376976627265525,F2R;GPR4
GO_Biological_Process_2023,Regulation Of Immunoglobulin Production (GO:0002637),2/27,0.809867901557336,0.9215370058321808,0,0,0.6529541284403669,0.1376976627265525,IL6;HLA-E
GO_Biological_Process_2023,Axonal Transport (GO:0098930),3/39,0.8136693144054632,0.9239139071228568,0,0,0.6800520116261282,0.1402275702241421,RAB21;DST;TMEM108
GO_Biological_Process_2023,Heterochromatin Organization (GO:0070828),3/39,0.8136693144054632,0.9239139071228568,0,0,0.6800520116261282,0.1402275702241421,PRDM16;HMGB1;PPM1D
GO_Biological_Process_2023,Negative Regulation Of Proteasomal Protein Catabolic Process (GO:1901799),3/39,0.8136693144054632,0.9239139071228568,0,0,0.6800520116261282,0.1402275702241421,LAMP3;WAC;N4BP1
GO_Biological_Process_2023,Positive Regulation Of Cytokinesis (GO:0032467),3/39,0.8136693144054632,0.9239139071228568,0,0,0.6800520116261282,0.1402275702241421,CUL3;PRKCE;CDC14A
GO_Biological_Process_2023,Regulation Of Mitotic Spindle Organization (GO:0060236),3/39,0.8136693144054632,0.9239139071228568,0,0,0.6800520116261282,0.1402275702241421,PDCD6IP;TPR;GNAI1
GO_Biological_Process_2023,Regulation Of Protein Targeting To Mitochondrion (GO:1903214),3/39,0.8136693144054632,0.9239139071228568,0,0,0.6800520116261282,0.1402275702241421,LEPROT;LRRK2;SREBF2
GO_Biological_Process_2023,Retina Homeostasis (GO:0001895),3/39,0.8136693144054632,0.9239139071228568,0,0,0.6800520116261282,0.1402275702241421,PIGR;AZGP1;LYZ
GO_Biological_Process_2023,Vesicle Cytoskeletal Trafficking (GO:0099518),3/39,0.8136693144054632,0.9239139071228568,0,0,0.6800520116261282,0.1402275702241421,MYO1B;MYO1C;MYO5B
GO_Biological_Process_2023,Protein-Containing Complex Disassembly (GO:0032984),5/62,0.8206849961631705,0.928049436111778,0,0,0.7156556987323615,0.1414249637948235,GSK3B;MAP1LC3C;LAMP2;LIX1L;PIK3C3
GO_Biological_Process_2023,L-glutamate Import (GO:0051938),1/15,0.823332087783132,0.928049436111778,0,0,0.5830877055086133,0.1133497140111187,SLC1A1
GO_Biological_Process_2023,N-terminal Protein Amino Acid Acetylation (GO:0006474),1/15,0.823332087783132,0.928049436111778,0,0,0.5830877055086133,0.1133497140111187,KAT2B
GO_Biological_Process_2023,Activation Of NF-kappaB-inducing Kinase Activity (GO:0007250),1/15,0.823332087783132,0.928049436111778,0,0,0.5830877055086133,0.1133497140111187,TLR3
GO_Biological_Process_2023,Cellular Response To Estrogen Stimulus (GO:0071391),1/15,0.823332087783132,0.928049436111778,0,0,0.5830877055086133,0.1133497140111187,SFRP1
GO_Biological_Process_2023,Glutamine Family Amino Acid Catabolic Process (GO:0009065),1/15,0.823332087783132,0.928049436111778,0,0,0.5830877055086133,0.1133497140111187,NOS1
GO_Biological_Process_2023,High-Density Lipoprotein Particle Remodeling (GO:0034375),1/15,0.823332087783132,0.928049436111778,0,0,0.5830877055086133,0.1133497140111187,ABCG1
GO_Biological_Process_2023,Histone H4-K5 Acetylation (GO:0043981),1/15,0.823332087783132,0.928049436111778,0,0,0.5830877055086133,0.1133497140111187,JADE1
GO_Biological_Process_2023,Histone H4-K8 Acetylation (GO:0043982),1/15,0.823332087783132,0.928049436111778,0,0,0.5830877055086133,0.1133497140111187,JADE1
GO_Biological_Process_2023,mRNA Methylation (GO:0080009),1/15,0.823332087783132,0.928049436111778,0,0,0.5830877055086133,0.1133497140111187,ZC3H13
GO_Biological_Process_2023,Melanosome Transport (GO:0032402),1/15,0.823332087783132,0.928049436111778,0,0,0.5830877055086133,0.1133497140111187,RAB11A
GO_Biological_Process_2023,miRNA Metabolic Process (GO:0010586),1/15,0.823332087783132,0.928049436111778,0,0,0.5830877055086133,0.1133497140111187,TRIM71
GO_Biological_Process_2023,Midbody Abscission (GO:0061952),1/15,0.823332087783132,0.928049436111778,0,0,0.5830877055086133,0.1133497140111187,PDCD6IP
GO_Biological_Process_2023,Mitotic Chromosome Condensation (GO:0007076),1/15,0.823332087783132,0.928049436111778,0,0,0.5830877055086133,0.1133497140111187,TTN
GO_Biological_Process_2023,Negative Regulation Of mRNA Processing (GO:0050686),1/15,0.823332087783132,0.928049436111778,0,0,0.5830877055086133,0.1133497140111187,SAP18
GO_Biological_Process_2023,Negative Regulation Of Synaptic Transmission (GO:0050805),1/15,0.823332087783132,0.928049436111778,0,0,0.5830877055086133,0.1133497140111187,SHANK2
GO_Biological_Process_2023,Negative Regulation Of Type I Interferon-Mediated Signaling Pathway (GO:0060339),1/15,0.823332087783132,0.928049436111778,0,0,0.5830877055086133,0.1133497140111187,SAMHD1
GO_Biological_Process_2023,Oogenesis (GO:0048477),1/15,0.823332087783132,0.928049436111778,0,0,0.5830877055086133,0.1133497140111187,PTN
GO_Biological_Process_2023,Peptidyl-Lysine Trimethylation (GO:0018023),1/15,0.823332087783132,0.928049436111778,0,0,0.5830877055086133,0.1133497140111187,NFYB
GO_Biological_Process_2023,Pigment Granule Transport (GO:0051904),1/15,0.823332087783132,0.928049436111778,0,0,0.5830877055086133,0.1133497140111187,RAB11A
GO_Biological_Process_2023,Positive Regulation Of Mitotic Sister Chromatid Separation (GO:1901970),1/15,0.823332087783132,0.928049436111778,0,0,0.5830877055086133,0.1133497140111187,CUL3
GO_Biological_Process_2023,Regulation Of Cellular Response To Heat (GO:1900034),1/15,0.823332087783132,0.928049436111778,0,0,0.5830877055086133,0.1133497140111187,GSK3B
GO_Biological_Process_2023,Regulation Of Isotype Switching (GO:0045191),1/15,0.823332087783132,0.928049436111778,0,0,0.5830877055086133,0.1133497140111187,TFRC
GO_Biological_Process_2023,Regulation Of mRNA Metabolic Process (GO:1903311),1/15,0.823332087783132,0.928049436111778,0,0,0.5830877055086133,0.1133497140111187,RBM8A
GO_Biological_Process_2023,Renal Filtration (GO:0097205),1/15,0.823332087783132,0.928049436111778,0,0,0.5830877055086133,0.1133497140111187,MCAM
GO_Biological_Process_2023,Sphingolipid Catabolic Process (GO:0030149),1/15,0.823332087783132,0.928049436111778,0,0,0.5830877055086133,0.1133497140111187,ENPP2
GO_Biological_Process_2023,Stem Cell Development (GO:0048864),1/15,0.823332087783132,0.928049436111778,0,0,0.5830877055086133,0.1133497140111187,TAPT1
GO_Biological_Process_2023,Sympathetic Nervous System Development (GO:0048485),1/15,0.823332087783132,0.928049436111778,0,0,0.5830877055086133,0.1133497140111187,GATA3
GO_Biological_Process_2023,Negative Regulation Of G2/M Transition Of Mitotic Cell Cycle (GO:0010972),2/28,0.8258139296688206,0.9296329995958869,0,0,0.6278052223006352,0.1201530031963354,USP47;FHL1
GO_Biological_Process_2023,Protein Localization To Golgi Apparatus (GO:0034067),2/28,0.8258139296688206,0.9296329995958869,0,0,0.6278052223006352,0.1201530031963354,BICD2;OPTN
GO_Biological_Process_2023,Pyroptosis (GO:0070269),2/28,0.8258139296688206,0.9296329995958869,0,0,0.6278052223006352,0.1201530031963354,CASP1;NLRC4
GO_Biological_Process_2023,Regulation Of Calcium Ion-Dependent Exocytosis (GO:0017158),2/28,0.8258139296688206,0.9296329995958869,0,0,0.6278052223006352,0.1201530031963354,SYT11;SYT15
GO_Biological_Process_2023,Vesicle Coating (GO:0006901),2/28,0.8258139296688206,0.9296329995958869,0,0,0.6278052223006352,0.1201530031963354,PPP6C;CUL3
GO_Biological_Process_2023,L-alpha-amino Acid Transmembrane Transport (GO:1902475),3/40,0.8270682345432595,0.9300746483295228,0,0,0.6616350173027548,0.125623369632149,SLC7A7;SLC1A1;SLC38A5
GO_Biological_Process_2023,Cell Cycle G2/M Phase Transition (GO:0044839),3/40,0.8270682345432595,0.9300746483295228,0,0,0.6616350173027548,0.125623369632149,CDK14;NES;FBXL7
GO_Biological_Process_2023,Nucleic Acid-Templated Transcription (GO:0097659),3/40,0.8270682345432595,0.9300746483295228,0,0,0.6616350173027548,0.125623369632149,MEF2A;NR4A2;THRB
GO_Biological_Process_2023,Positive Regulation Of Stem Cell Population Maintenance (GO:1902459),3/40,0.8270682345432595,0.9300746483295228,0,0,0.6616350173027548,0.125623369632149,SMARCE1;SAP30L;SMARCA2
GO_Biological_Process_2023,Anterograde Trans-Synaptic Signaling (GO:0098916),18/199,0.8317414346434551,0.9350862286848532,0,0,0.8105156197342755,0.1493242608377132,GRIA1;GABRB2;SLC12A4;DTNA;NLGN4X;SLC1A1;PCDHB10;RPS6KA2;KCNMB1;PENK;PCDHB16;PMP22;KCNMB4;PCDHB4;PDE7B;SLC18A2;KCNK3;SNCA
GO_Biological_Process_2023,Cellular Response To Ionizing Radiation (GO:0071479),4/52,0.833399264314199,0.9364621777610214,0,0,0.6799051117232935,0.1239075683962949,TMEM109;SPIDR;CRYAB;RHOB
GO_Biological_Process_2023,Regulation Of Peptide Hormone Secretion (GO:0090276),4/52,0.833399264314199,0.9364621777610214,0,0,0.6799051117232935,0.1239075683962949,IL6;ALOX5;RFX3;KCNA5
GO_Biological_Process_2023,Protein Maturation (GO:0051604),10/117,0.8340983993816751,0.9370038239800388,0,0,0.7620781053682381,0.1382439394375718,BACE1;TSPAN14;APH1B;MME;PTCH1;CNTN1;CASP1;CTSG;PCSK5;PHEX
GO_Biological_Process_2023,Response To Amino Acid Starvation (GO:1990928),3/41,0.8396326347585171,0.9373071147289735,0,0,0.6441873384700852,0.112598034657206,SESN1;FAS;PRKD1
GO_Biological_Process_2023,Alpha-Amino Acid Catabolic Process (GO:1901606),2/29,0.8405455293771026,0.9373071147289735,0,0,0.6045191980971798,0.1050074984241449,HMGCLL1;DDO
GO_Biological_Process_2023,Alpha-Amino Acid Metabolic Process (GO:1901605),2/29,0.8405455293771026,0.9373071147289735,0,0,0.6045191980971798,0.1050074984241449,RIMKLA;RIMKLB
GO_Biological_Process_2023,Carbohydrate Derivative Biosynthetic Process (GO:1901137),2/29,0.8405455293771026,0.9373071147289735,0,0,0.6045191980971798,0.1050074984241449,ST3GAL6;DDR2
GO_Biological_Process_2023,Establishment Of Mitotic Spindle Orientation (GO:0000132),2/29,0.8405455293771026,0.9373071147289735,0,0,0.6045191980971798,0.1050074984241449,GJA1;ENKD1
GO_Biological_Process_2023,Glycolytic Process (GO:0006096),2/29,0.8405455293771026,0.9373071147289735,0,0,0.6045191980971798,0.1050074984241449,PFKFB2;HK3
GO_Biological_Process_2023,Lipid Droplet Organization (GO:0034389),2/29,0.8405455293771026,0.9373071147289735,0,0,0.6045191980971798,0.1050074984241449,PLA2G4C;CDS2
GO_Biological_Process_2023,mRNA Splice Site Recognition (GO:0006376),2/29,0.8405455293771026,0.9373071147289735,0,0,0.6045191980971798,0.1050074984241449,CELF2;PSIP1
GO_Biological_Process_2023,Morphogenesis Of An Epithelium (GO:0002009),2/29,0.8405455293771026,0.9373071147289735,0,0,0.6045191980971798,0.1050074984241449,FGFR2;VCL
GO_Biological_Process_2023,Organic Cyclic Compound Biosynthetic Process (GO:1901362),2/29,0.8405455293771026,0.9373071147289735,0,0,0.6045191980971798,0.1050074984241449,MOCS2;LSS
GO_Biological_Process_2023,Positive Regulation Of Endopeptidase Activity (GO:0010950),2/29,0.8405455293771026,0.9373071147289735,0,0,0.6045191980971798,0.1050074984241449,APH1B;FYN
GO_Biological_Process_2023,Protein Acetylation (GO:0006473),2/29,0.8405455293771026,0.9373071147289735,0,0,0.6045191980971798,0.1050074984241449,KAT2B;FOXO1
GO_Biological_Process_2023,Regulation Of Protein Modification By Small Protein Conjugation Or Removal (GO:1903320),2/29,0.8405455293771026,0.9373071147289735,0,0,0.6045191980971798,0.1050074984241449,EGR1;EPAS1
GO_Biological_Process_2023,Regulation Of Spindle Assembly (GO:0090169),2/29,0.8405455293771026,0.9373071147289735,0,0,0.6045191980971798,0.1050074984241449,PDCD6IP;TPR
GO_Biological_Process_2023,Regulation Of Voltage-Gated Calcium Channel Activity (GO:1901385),2/29,0.8405455293771026,0.9373071147289735,0,0,0.6045191980971798,0.1050074984241449,STAC;DMD
GO_Biological_Process_2023,Response To Interferon-Beta (GO:0035456),2/29,0.8405455293771026,0.9373071147289735,0,0,0.6045191980971798,0.1050074984241449,MNDA;CALM1
GO_Biological_Process_2023,Vacuolar Acidification (GO:0007035),2/29,0.8405455293771026,0.9373071147289735,0,0,0.6045191980971798,0.1050074984241449,SLC11A1;ATP6V0A2
GO_Biological_Process_2023,Negative Regulation Of Cell Death (GO:0060548),5/64,0.8413933214947186,0.9373071147289735,0,0,0.6913183279742765,0.1193879412360276,KANK2;WFS1;TMEM109;FYN;SNCA
GO_Biological_Process_2023,Positive Regulation Of T Cell Differentiation (GO:0045582),5/64,0.8413933214947186,0.9373071147289735,0,0,0.6913183279742765,0.1193879412360276,SMARCE1;GATA3;LILRB2;FOXO3;SMARCA2
GO_Biological_Process_2023,Protein N-linked Glycosylation (GO:0006487),5/64,0.8413933214947186,0.9373071147289735,0,0,0.6913183279742765,0.1193879412360276,TUSC3;MAN1C1;MGAT3;SLC39A8;ST3GAL1
GO_Biological_Process_2023,Activation Of Cysteine-Type Endopeptidase Activity (GO:0097202),1/16,0.8426208538342024,0.9373071147289735,0,0,0.5441846247898517,0.0931851849265265,NLRC4
GO_Biological_Process_2023,"Alternative mRNA Splicing, Via Spliceosome (GO:0000380)",1/16,0.8426208538342024,0.9373071147289735,0,0,0.5441846247898517,0.0931851849265265,RBM17
GO_Biological_Process_2023,Cellular Response To Nitrogen Compound (GO:1901699),1/16,0.8426208538342024,0.9373071147289735,0,0,0.5441846247898517,0.0931851849265265,SPIDR
GO_Biological_Process_2023,Establishment Of Protein Localization To Endoplasmic Reticulum (GO:0072599),1/16,0.8426208538342024,0.9373071147289735,0,0,0.5441846247898517,0.0931851849265265,MAN1A1
GO_Biological_Process_2023,Glycoprotein Catabolic Process (GO:0006516),1/16,0.8426208538342024,0.9373071147289735,0,0,0.5441846247898517,0.0931851849265265,FBXO17
GO_Biological_Process_2023,Intraciliary Anterograde Transport (GO:0035720),1/16,0.8426208538342024,0.9373071147289735,0,0,0.5441846247898517,0.0931851849265265,IFT57
GO_Biological_Process_2023,Maturation Of 5.8S rRNA (GO:0000460),1/16,0.8426208538342024,0.9373071147289735,0,0,0.5441846247898517,0.0931851849265265,NEDD4
GO_Biological_Process_2023,Positive Regulation By Host Of Viral Transcription (GO:0043923),1/16,0.8426208538342024,0.9373071147289735,0,0,0.5441846247898517,0.0931851849265265,JUN
GO_Biological_Process_2023,Positive Regulation Of Telomere Capping (GO:1904355),1/16,0.8426208538342024,0.9373071147289735,0,0,0.5441846247898517,0.0931851849265265,PRKCQ
GO_Biological_Process_2023,Protein Targeting To Peroxisome (GO:0006625),1/16,0.8426208538342024,0.9373071147289735,0,0,0.5441846247898517,0.0931851849265265,RAB8B
GO_Biological_Process_2023,Regulation Of Golgi Organization (GO:1903358),1/16,0.8426208538342024,0.9373071147289735,0,0,0.5441846247898517,0.0931851849265265,PDE4DIP
GO_Biological_Process_2023,Regulation Of Autophagosome Maturation (GO:1901096),1/16,0.8426208538342024,0.9373071147289735,0,0,0.5441846247898517,0.0931851849265265,TMEM39A
GO_Biological_Process_2023,Regulation Of Fibrinolysis (GO:0051917),1/16,0.8426208538342024,0.9373071147289735,0,0,0.5441846247898517,0.0931851849265265,THBD
GO_Biological_Process_2023,Regulation Of Plasminogen Activation (GO:0010755),1/16,0.8426208538342024,0.9373071147289735,0,0,0.5441846247898517,0.0931851849265265,CLEC3B
GO_Biological_Process_2023,Regulation Of Presynapse Assembly (GO:1905606),1/16,0.8426208538342024,0.9373071147289735,0,0,0.5441846247898517,0.0931851849265265,SNCA
GO_Biological_Process_2023,Regulation Of Presynapse Organization (GO:0099174),1/16,0.8426208538342024,0.9373071147289735,0,0,0.5441846247898517,0.0931851849265265,SNCA
GO_Biological_Process_2023,Reticulophagy (GO:0061709),1/16,0.8426208538342024,0.9373071147289735,0,0,0.5441846247898517,0.0931851849265265,ULK2
GO_Biological_Process_2023,Stabilization Of Membrane Potential (GO:0030322),1/16,0.8426208538342024,0.9373071147289735,0,0,0.5441846247898517,0.0931851849265265,KCNK3
GO_Biological_Process_2023,Carboxylic Acid Transport (GO:0046942),4/53,0.8442979274219765,0.9389306505419353,0,0,0.6659920166413673,0.1127190503152038,PDPN;SLC6A13;SLC38A5;SLC16A5
GO_Biological_Process_2023,Protein Targeting (GO:0006605),11/129,0.8450798798685615,0.9395581559795751,0,0,0.7600184246890834,0.1279294353347131,MYO1C;ARL6;LAMP2;RAB3IP;LTBP2;RASSF9;MAN1A1;ZDHHC2;ZDHHC3;ZDHHC14;SEC63
GO_Biological_Process_2023,RNA Export From Nucleus (GO:0006405),5/65,0.8509856503028597,0.9451233120715068,0,0,0.6797580768641862,0.1096857719223484,HHEX;DDX19B;NXF3;RBM8A;TPR
GO_Biological_Process_2023,Cellular Response To Amino Acid Starvation (GO:0034198),3/42,0.851399313562099,0.9451233120715068,0,0,0.6276344123980655,0.1009700784405394,SESN1;FAS;PRKD1
GO_Biological_Process_2023,Cellular Response To Glucose Starvation (GO:0042149),3/42,0.851399313562099,0.9451233120715068,0,0,0.6276344123980655,0.1009700784405394,SESN1;PIK3C3;FOXO3
GO_Biological_Process_2023,Modulation By Host Of Symbiont Process (GO:0051851),3/42,0.851399313562099,0.9451233120715068,0,0,0.6276344123980655,0.1009700784405394,CX3CR1;JUN;INPP5K
GO_Biological_Process_2023,Regulation Of Ubiquitin-Dependent Protein Catabolic Process (GO:2000058),3/42,0.851399313562099,0.9451233120715068,0,0,0.6276344123980655,0.1009700784405394,FOXF2;PTEN;CLU
GO_Biological_Process_2023,Substantia Nigra Development (GO:0021762),3/42,0.851399313562099,0.9451233120715068,0,0,0.6276344123980655,0.1009700784405394,MAOB;NDRG2;CALM1
GO_Biological_Process_2023,Cytoplasmic Translational Initiation (GO:0002183),2/30,0.854137746953883,0.9473873323385436,0,0,0.5828964613368283,0.0919010893711083,EIF3M;EIF3F
GO_Biological_Process_2023,Intrinsic Apoptotic Signaling Pathway In Response To Endoplasmic Reticulum Stress (GO:0070059),2/30,0.854137746953883,0.9473873323385436,0,0,0.5828964613368283,0.0919010893711083,PPP1R15A;DAB2IP
GO_Biological_Process_2023,Positive Regulation Of Protein Targeting To Mitochondrion (GO:1903955),2/30,0.854137746953883,0.9473873323385436,0,0,0.5828964613368283,0.0919010893711083,LEPROT;SREBF2
GO_Biological_Process_2023,Negative Regulation Of Protein Modification By Small Protein Conjugation Or Removal (GO:1903321),4/54,0.8545890893612125,0.9473873323385436,0,0,0.6526354453627181,0.1025515592743914,CAV1;ARRB1;N4BP1;SMAD7
GO_Biological_Process_2023,Negative Regulation Of Protein Ubiquitination (GO:0031397),4/54,0.8545890893612125,0.9473873323385436,0,0,0.6526354453627181,0.1025515592743914,CAV1;ARRB1;N4BP1;SMAD7
GO_Biological_Process_2023,Golgi To Vacuole Transport (GO:0006896),1/17,0.8598044904471907,0.9473873323385436,0,0,0.5101444291609354,0.0770574447182817,SORT1
GO_Biological_Process_2023,NAD Biosynthetic Process (GO:0009435),1/17,0.8598044904471907,0.9473873323385436,0,0,0.5101444291609354,0.0770574447182817,PTGIS
GO_Biological_Process_2023,Base Conversion Or Substitution Editing (GO:0016553),1/17,0.8598044904471907,0.9473873323385436,0,0,0.5101444291609354,0.0770574447182817,ADARB1
GO_Biological_Process_2023,Branched-Chain Amino Acid Catabolic Process (GO:0009083),1/17,0.8598044904471907,0.9473873323385436,0,0,0.5101444291609354,0.0770574447182817,HMGCLL1
GO_Biological_Process_2023,Cellular Response To dsRNA (GO:0071359),1/17,0.8598044904471907,0.9473873323385436,0,0,0.5101444291609354,0.0770574447182817,COLEC12
GO_Biological_Process_2023,Intracellular Zinc Ion Homeostasis (GO:0006882),1/17,0.8598044904471907,0.9473873323385436,0,0,0.5101444291609354,0.0770574447182817,SLC39A8
GO_Biological_Process_2023,Long-Chain fatty-acyl-CoA Biosynthetic Process (GO:0035338),1/17,0.8598044904471907,0.9473873323385436,0,0,0.5101444291609354,0.0770574447182817,ACSL4
GO_Biological_Process_2023,"mRNA Cis Splicing, Via Spliceosome (GO:0045292)",1/17,0.8598044904471907,0.9473873323385436,0,0,0.5101444291609354,0.0770574447182817,PSIP1
GO_Biological_Process_2023,Microtubule Depolymerization (GO:0007019),1/17,0.8598044904471907,0.9473873323385436,0,0,0.5101444291609354,0.0770574447182817,NCKAP5
GO_Biological_Process_2023,ncRNA Metabolic Process (GO:0034660),1/17,0.8598044904471907,0.9473873323385436,0,0,0.5101444291609354,0.0770574447182817,TRIM71
GO_Biological_Process_2023,Negative Regulation Of Oxidative Stress-Induced Intrinsic Apoptotic Signaling Pathway (GO:1902176),1/17,0.8598044904471907,0.9473873323385436,0,0,0.5101444291609354,0.0770574447182817,NME5
GO_Biological_Process_2023,Nuclear Envelope Organization (GO:0006998),1/17,0.8598044904471907,0.9473873323385436,0,0,0.5101444291609354,0.0770574447182817,DMPK
GO_Biological_Process_2023,Peroxisomal Membrane Transport (GO:0015919),1/17,0.8598044904471907,0.9473873323385436,0,0,0.5101444291609354,0.0770574447182817,RAB8B
GO_Biological_Process_2023,Polyol Metabolic Process (GO:0019751),1/17,0.8598044904471907,0.9473873323385436,0,0,0.5101444291609354,0.0770574447182817,INPP5A
GO_Biological_Process_2023,Positive Regulation Of Cell Cycle Phase Transition (GO:1901989),1/17,0.8598044904471907,0.9473873323385436,0,0,0.5101444291609354,0.0770574447182817,CUL3
GO_Biological_Process_2023,Positive Regulation Of Dendrite Extension (GO:1903861),1/17,0.8598044904471907,0.9473873323385436,0,0,0.5101444291609354,0.0770574447182817,NEDD4L
GO_Biological_Process_2023,Positive Regulation Of Dendrite Morphogenesis (GO:0050775),1/17,0.8598044904471907,0.9473873323385436,0,0,0.5101444291609354,0.0770574447182817,PTPRD
GO_Biological_Process_2023,Positive Regulation Of Leukocyte Proliferation (GO:0070665),1/17,0.8598044904471907,0.9473873323385436,0,0,0.5101444291609354,0.0770574447182817,JAK2
GO_Biological_Process_2023,Positive Regulation Of Nitric-Oxide Synthase Activity (GO:0051000),1/17,0.8598044904471907,0.9473873323385436,0,0,0.5101444291609354,0.0770574447182817,NPR3
GO_Biological_Process_2023,Positive Regulation Of Transcription From RNA Polymerase II Promoter In Response To Stress (GO:0036003),1/17,0.8598044904471907,0.9473873323385436,0,0,0.5101444291609354,0.0770574447182817,KLF2
GO_Biological_Process_2023,Regulation Of Hematopoietic Progenitor Cell Differentiation (GO:1901532),1/17,0.8598044904471907,0.9473873323385436,0,0,0.5101444291609354,0.0770574447182817,SPI1
GO_Biological_Process_2023,Regulation Of Single Stranded Viral RNA Replication Via Double Stranded DNA Intermediate (GO:0045091),1/17,0.8598044904471907,0.9473873323385436,0,0,0.5101444291609354,0.0770574447182817,INPP5K
GO_Biological_Process_2023,Sulfur Amino Acid Metabolic Process (GO:0000096),1/17,0.8598044904471907,0.9473873323385436,0,0,0.5101444291609354,0.0770574447182817,CDO1
GO_Biological_Process_2023,Transcription By RNA Polymerase I (GO:0006360),1/17,0.8598044904471907,0.9473873323385436,0,0,0.5101444291609354,0.0770574447182817,UBTF
GO_Biological_Process_2023,Peptidyl-Threonine Modification (GO:0018210),5/66,0.8600907627084643,0.947460881023413,0,0,0.6685768503806562,0.1007661360214278,GSK3B;GALNT13;LRRK2;PRKD1;TGFBR2
GO_Biological_Process_2023,SCF-dependent Proteasomal Ubiquitin-Dependent Protein Catabolic Process (GO:0031146),3/43,0.8624054125991315,0.9490417544053676,0,0,0.6119091326296466,0.0905807881381078,FBXO17;FBXL7;FBXO9
GO_Biological_Process_2023,Glycolipid Biosynthetic Process (GO:0009247),3/43,0.8624054125991315,0.9490417544053676,0,0,0.6119091326296466,0.0905807881381078,ST8SIA1;ST3GAL6;ST6GALNAC5
GO_Biological_Process_2023,mRNA Transcription (GO:0009299),3/43,0.8624054125991315,0.9490417544053676,0,0,0.6119091326296466,0.0905807881381078,THRB;C5AR1;PPARG
GO_Biological_Process_2023,Positive Regulation Of T Cell Mediated Immunity (GO:0002711),3/43,0.8624054125991315,0.9490417544053676,0,0,0.6119091326296466,0.0905807881381078,XCL1;CD1C;HLA-E
GO_Biological_Process_2023,Protein Complex Oligomerization (GO:0051259),8/100,0.8663080957659648,0.9530934849161112,0,0,0.7090116395344186,0.1017535678633276,EHD1;RS1;PDCD6IP;PEG10;NACC2;PRF1;NLRC4;SNCA
GO_Biological_Process_2023,Triglyceride Homeostasis (GO:0070328),2/31,0.8666637164265683,0.9532417431440032,0,0,0.5627649478013287,0.0805340545262399,RORA;GPIHBP1
GO_Biological_Process_2023,Visual Perception (GO:0007601),8/101,0.8732395751752976,0.9557151329152622,0,0,0.7013482901544154,0.0950644877678281,RS1;EFEMP1;WFS1;SFRP5;RGS16;EYA4;ARRB1;MYO9A
GO_Biological_Process_2023,3'-UTR-mediated mRNA Stabilization (GO:0070935),1/18,0.8751126518260233,0.9557151329152622,0,0,0.4801089624295385,0.0640478107418603,ZFP36
GO_Biological_Process_2023,Actin Filament Capping (GO:0051693),1/18,0.8751126518260233,0.9557151329152622,0,0,0.4801089624295385,0.0640478107418603,GSN
GO_Biological_Process_2023,Autophagy Of Nucleus (GO:0044804),1/18,0.8751126518260233,0.9557151329152622,0,0,0.4801089624295385,0.0640478107418603,ULK2
GO_Biological_Process_2023,Barbed-End Actin Filament Capping (GO:0051016),1/18,0.8751126518260233,0.9557151329152622,0,0,0.4801089624295385,0.0640478107418603,GSN
GO_Biological_Process_2023,Glucose 6-Phosphate Metabolic Process (GO:0051156),1/18,0.8751126518260233,0.9557151329152622,0,0,0.4801089624295385,0.0640478107418603,HK3
GO_Biological_Process_2023,Maintenance Of Gastrointestinal Epithelium (GO:0030277),1/18,0.8751126518260233,0.9557151329152622,0,0,0.4801089624295385,0.0640478107418603,TLR4
GO_Biological_Process_2023,Maintenance Of Protein Location In Nucleus (GO:0051457),1/18,0.8751126518260233,0.9557151329152622,0,0,0.4801089624295385,0.0640478107418603,SYNE1
GO_Biological_Process_2023,Mitotic Cytokinetic Process (GO:1902410),1/18,0.8751126518260233,0.9557151329152622,0,0,0.4801089624295385,0.0640478107418603,PDCD6IP
GO_Biological_Process_2023,ncRNA-mediated Post-Transcriptional Gene Silencing (GO:0035194),1/18,0.8751126518260233,0.9557151329152622,0,0,0.4801089624295385,0.0640478107418603,LIMD1
GO_Biological_Process_2023,Negative Regulation Of T Cell Receptor Signaling Pathway (GO:0050860),1/18,0.8751126518260233,0.9557151329152622,0,0,0.4801089624295385,0.0640478107418603,PRNP
GO_Biological_Process_2023,Neuromuscular Synaptic Transmission (GO:0007274),1/18,0.8751126518260233,0.9557151329152622,0,0,0.4801089624295385,0.0640478107418603,DTNA
GO_Biological_Process_2023,Nucleosome Disassembly (GO:0006337),1/18,0.8751126518260233,0.9557151329152622,0,0,0.4801089624295385,0.0640478107418603,SMARCE1
GO_Biological_Process_2023,Positive Regulation Of CREB Transcription Factor Activity (GO:0032793),1/18,0.8751126518260233,0.9557151329152622,0,0,0.4801089624295385,0.0640478107418603,PRKD1
GO_Biological_Process_2023,Positive Regulation Of DNA Replication (GO:0045740),1/18,0.8751126518260233,0.9557151329152622,0,0,0.4801089624295385,0.0640478107418603,STON1
GO_Biological_Process_2023,Positive Regulation Of G Protein-Coupled Receptor Signaling Pathway (GO:0045745),1/18,0.8751126518260233,0.9557151329152622,0,0,0.4801089624295385,0.0640478107418603,GPER1
GO_Biological_Process_2023,Positive Regulation Of Establishment Of Protein Localization (GO:1904951),1/18,0.8751126518260233,0.9557151329152622,0,0,0.4801089624295385,0.0640478107418603,CORO2B
GO_Biological_Process_2023,Regulation Of Adaptive Immune Response (GO:0002819),1/18,0.8751126518260233,0.9557151329152622,0,0,0.4801089624295385,0.0640478107418603,IL6ST
GO_Biological_Process_2023,Regulation Of Cell Cycle G2/M Phase Transition (GO:1902749),1/18,0.8751126518260233,0.9557151329152622,0,0,0.4801089624295385,0.0640478107418603,CDK6
GO_Biological_Process_2023,Regulation Of Dendrite Extension (GO:1903859),1/18,0.8751126518260233,0.9557151329152622,0,0,0.4801089624295385,0.0640478107418603,NEDD4L
GO_Biological_Process_2023,Regulation Of Exosomal Secretion (GO:1903541),1/18,0.8751126518260233,0.9557151329152622,0,0,0.4801089624295385,0.0640478107418603,PDCD6IP
GO_Biological_Process_2023,Regulation Of Lymphocyte Proliferation (GO:0050670),1/18,0.8751126518260233,0.9557151329152622,0,0,0.4801089624295385,0.0640478107418603,LST1
GO_Biological_Process_2023,Regulation Of Mitochondrial Outer Membrane Permeabilization Involved In Apoptotic Signaling Pathway (GO:1901028),1/18,0.8751126518260233,0.9557151329152622,0,0,0.4801089624295385,0.0640478107418603,GSK3B
GO_Biological_Process_2023,Regulation Of Nervous System Process (GO:0031644),1/18,0.8751126518260233,0.9557151329152622,0,0,0.4801089624295385,0.0640478107418603,TMEM108
GO_Biological_Process_2023,Regulation Of Oxidative Stress-Induced Intrinsic Apoptotic Signaling Pathway (GO:1902175),1/18,0.8751126518260233,0.9557151329152622,0,0,0.4801089624295385,0.0640478107418603,NME5
GO_Biological_Process_2023,Regulation Of Protein Deacetylation (GO:0090311),1/18,0.8751126518260233,0.9557151329152622,0,0,0.4801089624295385,0.0640478107418603,KAT2B
GO_Biological_Process_2023,Regulation Of Protein Neddylation (GO:2000434),1/18,0.8751126518260233,0.9557151329152622,0,0,0.4801089624295385,0.0640478107418603,EPAS1
GO_Biological_Process_2023,Response To Organophosphorus (GO:0046683),1/18,0.8751126518260233,0.9557151329152622,0,0,0.4801089624295385,0.0640478107418603,DUOX1
GO_Biological_Process_2023,Neuropeptide Signaling Pathway (GO:0007218),5/68,0.8769041329620848,0.9564183935991196,0,0,0.6472792761263133,0.0850250555149583,CYSLTR1;SORT1;PENK;RAPGEF2;SSTR1
GO_Biological_Process_2023,'De Novo' Post-Translational Protein Folding (GO:0051084),2/32,0.8781941830012305,0.9564183935991196,0,0,0.5439755351681957,0.0706556466131896,DNAJB4;HSPA2
GO_Biological_Process_2023,Chromosome Condensation (GO:0030261),2/32,0.8781941830012305,0.9564183935991196,0,0,0.5439755351681957,0.0706556466131896,GPER1;TTN
GO_Biological_Process_2023,Female Gamete Generation (GO:0007292),2/32,0.8781941830012305,0.9564183935991196,0,0,0.5439755351681957,0.0706556466131896,DIAPH2;PTN
GO_Biological_Process_2023,Gluconeogenesis (GO:0006094),2/32,0.8781941830012305,0.9564183935991196,0,0,0.5439755351681957,0.0706556466131896,PPARGC1A;FBP1
GO_Biological_Process_2023,Heterochromatin Formation (GO:0031507),2/32,0.8781941830012305,0.9564183935991196,0,0,0.5439755351681957,0.0706556466131896,HMGB1;PPM1D
GO_Biological_Process_2023,Intracellular pH Reduction (GO:0051452),2/32,0.8781941830012305,0.9564183935991196,0,0,0.5439755351681957,0.0706556466131896,SLC11A1;ATP6V0A2
GO_Biological_Process_2023,Negative Regulation Of Proteasomal Ubiquitin-Dependent Protein Catabolic Process (GO:0032435),2/32,0.8781941830012305,0.9564183935991196,0,0,0.5439755351681957,0.0706556466131896,WAC;N4BP1
GO_Biological_Process_2023,Positive Regulation Of Telomere Maintenance Via Telomerase (GO:0032212),2/32,0.8781941830012305,0.9564183935991196,0,0,0.5439755351681957,0.0706556466131896,HMBOX1;PRKCQ
GO_Biological_Process_2023,Regulation Of Transcription By RNA Polymerase I (GO:0006356),2/32,0.8781941830012305,0.9564183935991196,0,0,0.5439755351681957,0.0706556466131896,UBTF;FLNA
GO_Biological_Process_2023,Vesicle Budding From Membrane (GO:0006900),2/32,0.8781941830012305,0.9564183935991196,0,0,0.5439755351681957,0.0706556466131896,VAPA;VAPB
GO_Biological_Process_2023,Sensory Perception Of Light Stimulus (GO:0050953),8/102,0.8798735585608354,0.9580056202695676,0,0,0.6938479907612206,0.088796629612859,RS1;EFEMP1;WFS1;SFRP5;RGS16;EYA4;ARRB1;MYO9A
GO_Biological_Process_2023,Regulation Of RNA Metabolic Process (GO:0051252),7/91,0.8801880819230926,0.958106371142514,0,0,0.679463601532567,0.0867129171316634,KAT2B;ENY2;MBNL2;AHNAK;HOXB-AS3;MITF;OASL
GO_Biological_Process_2023,Chromosome Organization (GO:0051276),3/45,0.882284153589302,0.9591784400230297,0,0,0.5827050416311546,0.0729786234535541,TCF7L2;HHEX;AXIN2
GO_Biological_Process_2023,Establishment Of Protein Localization To Extracellular Region (GO:0035592),3/45,0.882284153589302,0.9591784400230297,0,0,0.5827050416311546,0.0729786234535541,PRF1;LTBP2;RAB8B
GO_Biological_Process_2023,Hexose Metabolic Process (GO:0019318),3/45,0.882284153589302,0.9591784400230297,0,0,0.5827050416311546,0.0729786234535541,HK3;APOD;FBP1
GO_Biological_Process_2023,Natural Killer Cell Activation (GO:0030101),3/45,0.882284153589302,0.9591784400230297,0,0,0.5827050416311546,0.0729786234535541,FCGR3A;EMP2;PBX1
GO_Biological_Process_2023,Regulation Of Telomerase Activity (GO:0051972),3/45,0.882284153589302,0.9591784400230297,0,0,0.5827050416311546,0.0729786234535541,HMBOX1;PRKCQ;KLF4
GO_Biological_Process_2023,Regulation Of Endopeptidase Activity (GO:0052548),5/69,0.8846455044084471,0.9592519425735084,0,0,0.637129650895728,0.0780918817584654,APH1B;SPOCK2;TIMP2;TIMP3;SERPING1
GO_Biological_Process_2023,Spindle Assembly (GO:0051225),6/81,0.888601955493478,0.9592519425735084,0,0,0.6523161764705883,0.0770423811727425,ARHGEF10;STARD9;FLNA;MAPRE2;RAB11A;CLASP2
GO_Biological_Process_2023,Arp2/3 Complex-Mediated Actin Nucleation (GO:0034314),1/19,0.888749949117435,0.9592519425735084,0,0,0.453410769779408,0.0534749737906679,ACTR3
GO_Biological_Process_2023,NADP Metabolic Process (GO:0006739),1/19,0.888749949117435,0.9592519425735084,0,0,0.453410769779408,0.0534749737906679,FMO2
GO_Biological_Process_2023,Cellular Response To Misfolded Protein (GO:0071218),1/19,0.888749949117435,0.9592519425735084,0,0,0.453410769779408,0.0534749737906679,CUL3
GO_Biological_Process_2023,Cortical Actin Cytoskeleton Organization (GO:0030866),1/19,0.888749949117435,0.9592519425735084,0,0,0.453410769779408,0.0534749737906679,FMNL3
GO_Biological_Process_2023,Establishment Of Skin Barrier (GO:0061436),1/19,0.888749949117435,0.9592519425735084,0,0,0.453410769779408,0.0534749737906679,FGFR1
GO_Biological_Process_2023,Interleukin-1-Mediated Signaling Pathway (GO:0070498),1/19,0.888749949117435,0.9592519425735084,0,0,0.453410769779408,0.0534749737906679,IRAK3
GO_Biological_Process_2023,Intrinsic Apoptotic Signaling Pathway In Response To DNA Damage By P53 Class Mediator (GO:0042771),1/19,0.888749949117435,0.9592519425735084,0,0,0.453410769779408,0.0534749737906679,TMEM109
GO_Biological_Process_2023,Mitotic Sister Chromatid Cohesion (GO:0007064),1/19,0.888749949117435,0.9592519425735084,0,0,0.453410769779408,0.0534749737906679,PDS5B
GO_Biological_Process_2023,Negative Regulation Of RNA Splicing (GO:0033119),1/19,0.888749949117435,0.9592519425735084,0,0,0.453410769779408,0.0534749737906679,SAP18
GO_Biological_Process_2023,Negative Regulation Of Fatty Acid Metabolic Process (GO:0045922),1/19,0.888749949117435,0.9592519425735084,0,0,0.453410769779408,0.0534749737906679,APLP2
GO_Biological_Process_2023,Negative Regulation Of Leukocyte Cell-Cell Adhesion (GO:1903038),1/19,0.888749949117435,0.9592519425735084,0,0,0.453410769779408,0.0534749737906679,CTSG
GO_Biological_Process_2023,Negative Regulation Of Telomere Maintenance Via Telomerase (GO:0032211),1/19,0.888749949117435,0.9592519425735084,0,0,0.453410769779408,0.0534749737906679,STON1
GO_Biological_Process_2023,Phosphate Ion Transport (GO:0006817),1/19,0.888749949117435,0.9592519425735084,0,0,0.453410769779408,0.0534749737906679,SLC34A2
GO_Biological_Process_2023,Positive Regulation Of Alpha-Beta T Cell Activation (GO:0046635),1/19,0.888749949117435,0.9592519425735084,0,0,0.453410769779408,0.0534749737906679,HLA-E
GO_Biological_Process_2023,Protein Insertion Into Membrane (GO:0051205),1/19,0.888749949117435,0.9592519425735084,0,0,0.453410769779408,0.0534749737906679,REEP1
GO_Biological_Process_2023,Purine Ribonucleotide Transport (GO:0015868),1/19,0.888749949117435,0.9592519425735084,0,0,0.453410769779408,0.0534749737906679,SLC25A25
GO_Biological_Process_2023,Regulation Of Behavior (GO:0050795),1/19,0.888749949117435,0.9592519425735084,0,0,0.453410769779408,0.0534749737906679,LEPR
GO_Biological_Process_2023,Regulation Of Centriole Replication (GO:0046599),1/19,0.888749949117435,0.9592519425735084,0,0,0.453410769779408,0.0534749737906679,KAT2B
GO_Biological_Process_2023,Regulation Of Protein-Containing Complex Disassembly (GO:0043244),1/19,0.888749949117435,0.9592519425735084,0,0,0.453410769779408,0.0534749737906679,IRAK3
GO_Biological_Process_2023,Release Of Cytochrome C From Mitochondria (GO:0001836),1/19,0.888749949117435,0.9592519425735084,0,0,0.453410769779408,0.0534749737906679,CLU
GO_Biological_Process_2023,Sphingosine Metabolic Process (GO:0006670),1/19,0.888749949117435,0.9592519425735084,0,0,0.453410769779408,0.0534749737906679,SPTLC3
GO_Biological_Process_2023,Steroid Hormone Biosynthetic Process (GO:0120178),1/19,0.888749949117435,0.9592519425735084,0,0,0.453410769779408,0.0534749737906679,HSD17B6
GO_Biological_Process_2023,tRNA Metabolic Process (GO:0006399),1/19,0.888749949117435,0.9592519425735084,0,0,0.453410769779408,0.0534749737906679,ANG
GO_Biological_Process_2023,Positive Regulation Of RNA Metabolic Process (GO:0051254),2/33,0.888797154390978,0.9592519425735084,0,0,0.5263983427049423,0.0620551225703036,RIOK2;PIK3R1
GO_Biological_Process_2023,Positive Regulation Of Cytokine Production Involved In Immune Response (GO:0002720),2/33,0.888797154390978,0.9592519425735084,0,0,0.5263983427049423,0.0620551225703036,XCL1;HLA-E
GO_Biological_Process_2023,Positive Regulation Of Establishment Of Protein Localization To Mitochondrion (GO:1903749),2/33,0.888797154390978,0.9592519425735084,0,0,0.5263983427049423,0.0620551225703036,LEPROT;SREBF2
GO_Biological_Process_2023,Regulation Of Type I Interferon-Mediated Signaling Pathway (GO:0060338),2/33,0.888797154390978,0.9592519425735084,0,0,0.5263983427049423,0.0620551225703036,PTPN1;SAMHD1
GO_Biological_Process_2023,Peptidyl-Threonine Phosphorylation (GO:0018107),4/58,0.8901431138759892,0.9602243637812472,0,0,0.6041560384994729,0.0703074670260484,GSK3B;LRRK2;PRKD1;TGFBR2
GO_Biological_Process_2023,Selective Autophagy (GO:0061912),4/58,0.8901431138759892,0.9602243637812472,0,0,0.6041560384994729,0.0703074670260484,TGFB1;MAP1LC3C;ULK2;PIK3C3
GO_Biological_Process_2023,B Cell Receptor Signaling Pathway (GO:0050853),3/46,0.8912299717921374,0.9604365938214396,0,0,0.569121743492321,0.0655359506646941,MEF2C;PRKCB;MNDA
GO_Biological_Process_2023,Antiviral Innate Immune Response (GO:0140374),3/46,0.8912299717921374,0.9604365938214396,0,0,0.569121743492321,0.0655359506646941,USP44;IFIT2;NCK1
GO_Biological_Process_2023,Protein Sumoylation (GO:0016925),3/46,0.8912299717921374,0.9604365938214396,0,0,0.569121743492321,0.0655359506646941,EGR2;UBE2I;PIAS1
GO_Biological_Process_2023,Vacuolar Transport (GO:0007034),3/46,0.8912299717921374,0.9604365938214396,0,0,0.569121743492321,0.0655359506646941,LRP1;NEDD4;PCSK9
GO_Biological_Process_2023,Defense Response To Symbiont (GO:0140546),12/148,0.8947074816572254,0.9639434575218632,0,0,0.7189753320683112,0.0799920812261442,FCN3;IL6;RSAD2;NDUFAF4;PRF1;CASP1;TLR8;AZI2;SAMHD1;TLR3;IFIT2;OASL
GO_Biological_Process_2023,Endosomal Transport (GO:0016197),15/180,0.8950728061872268,0.9640963891949266,0,0,0.7405713806267568,0.0820924977433217,STX12;TINAGL1;SORT1;DENND2A;RASSF9;RCSD1;CORO1C;EHD1;EHD2;SNX1;SNX2;RAB14;MYO5B;REPS2;ANXA8
GO_Biological_Process_2023,Glucose Metabolic Process (GO:0006006),4/59,0.8977462432339194,0.9643548368237458,0,0,0.5931379914850989,0.0639805083469233,HK3;APOD;FBP1;PPARGC1A
GO_Biological_Process_2023,protein-DNA Complex Assembly (GO:0065004),4/59,0.8977462432339194,0.9643548368237458,0,0,0.5931379914850989,0.0639805083469233,NAP1L3;NAP1L2;NAP1L1;TCF4
GO_Biological_Process_2023,Intrinsic Apoptotic Signaling Pathway (GO:0097193),8/105,0.898072226935264,0.9643548368237458,0,0,0.6722749646715163,0.0722727742126605,PPP1R15A;CUL3;DAB2IP;ZNF385B;CRIP1;HIC1;BCL2L2;PPM1F
GO_Biological_Process_2023,ATP Metabolic Process (GO:0046034),2/34,0.8985376554331577,0.9643548368237458,0,0,0.5099197247706422,0.0545546104740621,TGFB1;ATP1A2
GO_Biological_Process_2023,Histone Deubiquitination (GO:0016578),2/34,0.8985376554331577,0.9643548368237458,0,0,0.5099197247706422,0.0545546104740621,KAT2B;ENY2
GO_Biological_Process_2023,Purine Nucleotide Metabolic Process (GO:0006163),2/34,0.8985376554331577,0.9643548368237458,0,0,0.5099197247706422,0.0545546104740621,FMO2;GPD1L
GO_Biological_Process_2023,Transcription Initiation-Coupled Chromatin Remodeling (GO:0045815),2/34,0.8985376554331577,0.9643548368237458,0,0,0.5099197247706422,0.0545546104740621,KAT2B;SPI1
GO_Biological_Process_2023,"Regulation Of mRNA Splicing, Via Spliceosome (GO:0048024)",7/94,0.8992502590167626,0.9643548368237458,0,0,0.655922843176113,0.0696550103060418,FXR1;RBM8A;CELF2;CIRBP;SAP18;RBM24;QKI
GO_Biological_Process_2023,Positive Regulation Of TOR Signaling (GO:0032008),3/47,0.8995611177925624,0.9643548368237458,0,0,0.5561558679961617,0.0588681428698614,WAC;GAS6;LAMTOR3
GO_Biological_Process_2023,DNA Unwinding Involved In DNA Replication (GO:0006268),1/20,0.9008986798131008,0.9643548368237458,0,0,0.4295229131977123,0.0448260767537256,PURA
GO_Biological_Process_2023,Adenine Nucleotide Transport (GO:0051503),1/20,0.9008986798131008,0.9643548368237458,0,0,0.4295229131977123,0.0448260767537256,SLC25A25
GO_Biological_Process_2023,Glutamate Metabolic Process (GO:0006536),1/20,0.9008986798131008,0.9643548368237458,0,0,0.4295229131977123,0.0448260767537256,GGT1
GO_Biological_Process_2023,Intracellular Monoatomic Ion Homeostasis (GO:0006873),1/20,0.9008986798131008,0.9643548368237458,0,0,0.4295229131977123,0.0448260767537256,SLC39A8
GO_Biological_Process_2023,Late Endosome To Vacuole Transport (GO:0045324),1/20,0.9008986798131008,0.9643548368237458,0,0,0.4295229131977123,0.0448260767537256,LEPROT
GO_Biological_Process_2023,Maturation Of LSU-rRNA (GO:0000470),1/20,0.9008986798131008,0.9643548368237458,0,0,0.4295229131977123,0.0448260767537256,NEDD4
GO_Biological_Process_2023,Mitochondrial RNA Metabolic Process (GO:0000959),1/20,0.9008986798131008,0.9643548368237458,0,0,0.4295229131977123,0.0448260767537256,FOXO3
GO_Biological_Process_2023,Monocarboxylic Acid Catabolic Process (GO:0072329),1/20,0.9008986798131008,0.9643548368237458,0,0,0.4295229131977123,0.0448260767537256,CYP26B1
GO_Biological_Process_2023,Negative Regulation Of Stem Cell Population Maintenance (GO:1902455),1/20,0.9008986798131008,0.9643548368237458,0,0,0.4295229131977123,0.0448260767537256,SAP30L
GO_Biological_Process_2023,protein-DNA Complex Disassembly (GO:0032986),1/20,0.9008986798131008,0.9643548368237458,0,0,0.4295229131977123,0.0448260767537256,SMARCE1
GO_Biological_Process_2023,Regulation Of Meiotic Cell Cycle (GO:0051445),1/20,0.9008986798131008,0.9643548368237458,0,0,0.4295229131977123,0.0448260767537256,DUSP1
GO_Biological_Process_2023,Regulation Of Necroptotic Process (GO:0060544),1/20,0.9008986798131008,0.9643548368237458,0,0,0.4295229131977123,0.0448260767537256,CFLAR
GO_Biological_Process_2023,Regulation Of Phosphatase Activity (GO:0010921),1/20,0.9008986798131008,0.9643548368237458,0,0,0.4295229131977123,0.0448260767537256,MTMR9
GO_Biological_Process_2023,Regulation Of Spindle Organization (GO:0090224),1/20,0.9008986798131008,0.9643548368237458,0,0,0.4295229131977123,0.0448260767537256,GNAI1
GO_Biological_Process_2023,Sulfur Compound Catabolic Process (GO:0044273),1/20,0.9008986798131008,0.9643548368237458,0,0,0.4295229131977123,0.0448260767537256,DPEP2
GO_Biological_Process_2023,Transport Along Microtubule (GO:0010970),1/20,0.9008986798131008,0.9643548368237458,0,0,0.4295229131977123,0.0448260767537256,DYNC1I2
GO_Biological_Process_2023,Epigenetic Regulation Of Gene Expression (GO:0040029),6/83,0.90154198431778,0.9645649985908624,0,0,0.6353012796027502,0.0658481300122279,DIRAS3;MECP2;KAT2B;SPI1;IGF2;PPM1D
GO_Biological_Process_2023,Vesicle-Mediated Transport To The Plasma Membrane (GO:0098876),6/83,0.90154198431778,0.9645649985908624,0,0,0.6353012796027502,0.0658481300122279,GGA2;EHD1;STX12;EHD2;RAB14;EXOC6B
GO_Biological_Process_2023,Hexose Biosynthetic Process (GO:0019319),2/35,0.907477569502061,0.9699537369913064,0,0,0.4944398109535724,0.0480033960709976,PPARGC1A;FBP1
GO_Biological_Process_2023,Intrinsic Apoptotic Signaling Pathway By P53 Class Mediator (GO:0072332),2/35,0.907477569502061,0.9699537369913064,0,0,0.4944398109535724,0.0480033960709976,TMEM109;ZNF385B
GO_Biological_Process_2023,Positive Regulation Of Telomere Maintenance Via Telomere Lengthening (GO:1904358),2/35,0.907477569502061,0.9699537369913064,0,0,0.4944398109535724,0.0480033960709976,HMBOX1;PRKCQ
GO_Biological_Process_2023,Regulation Of mRNA Processing (GO:0050684),2/35,0.907477569502061,0.9699537369913064,0,0,0.4944398109535724,0.0480033960709976,RBM8A;QKI
GO_Biological_Process_2023,Positive Regulation Of Cell Cycle Process (GO:0090068),9/118,0.9080662549783804,0.9703426483007404,0,0,0.6728996820866598,0.0648930558059703,PDGFRB;EDN1;RGCC;PRKCE;CUL3;TPR;PDGFB;IGF2;CDC14A
GO_Biological_Process_2023,Regulation Of Macromolecule Metabolic Process (GO:0060255),13/162,0.9095792014690132,0.9717187706782824,0,0,0.7107379456094263,0.0673589111630736,ZNF462;PEG3;SORT1;MTMR9;AFF3;CRIP1;SLC8A1;FOXP1;CDK6;HNRNPDL;APLNR;SIRPA;LDLR
GO_Biological_Process_2023,Fatty Acid Catabolic Process (GO:0009062),4/61,0.911572418194441,0.972322450939728,0,0,0.5722616918789167,0.0529824129919866,ACAA2;BDH2;ACADL;ADTRP
GO_Biological_Process_2023,DNA Replication Initiation (GO:0006270),1/21,0.9117212601837534,0.972322450939728,0,0,0.4080238422741861,0.0377099598521844,PURA
GO_Biological_Process_2023,Anaphase-Promoting Complex-Dependent Catabolic Process (GO:0031145),1/21,0.9117212601837534,0.972322450939728,0,0,0.4080238422741861,0.0377099598521844,CUL3
GO_Biological_Process_2023,Chaperone-Mediated Protein Complex Assembly (GO:0051131),1/21,0.9117212601837534,0.972322450939728,0,0,0.4080238422741861,0.0377099598521844,CLU
GO_Biological_Process_2023,Negative Regulation Of Reactive Oxygen Species Metabolic Process (GO:2000378),1/21,0.9117212601837534,0.972322450939728,0,0,0.4080238422741861,0.0377099598521844,SLC18A2
GO_Biological_Process_2023,Positive Regulation Of Dendritic Spine Development (GO:0060999),1/21,0.9117212601837534,0.972322450939728,0,0,0.4080238422741861,0.0377099598521844,SHANK3
GO_Biological_Process_2023,Regulation Of Histone Deacetylation (GO:0031063),1/21,0.9117212601837534,0.972322450939728,0,0,0.4080238422741861,0.0377099598521844,KAT2B
GO_Biological_Process_2023,Macromolecule Catabolic Process (GO:0009057),6/85,0.9131678042888852,0.9736245660352836,0,0,0.6191478965003723,0.0562406835910986,TGFB1;SNX25;NEDD4;DAB2IP;DENND3;DNASE1L3
GO_Biological_Process_2023,Autophagy Of Mitochondrion (GO:0000422),3/49,0.914517124649229,0.9748224030590448,0,0,0.5319153181555161,0.047531466463117,GABARAPL1;MAP1LC3C;SPATA18
GO_Biological_Process_2023,Histone H3 Acetylation (GO:0043966),2/36,0.915675549650409,0.975575332582366,0,0,0.4798704803022126,0.0422733168336998,KAT2B;ENY2
GO_Biological_Process_2023,Positive Regulation Of RNA Splicing (GO:0033120),2/36,0.915675549650409,0.975575332582366,0,0,0.4798704803022126,0.0422733168336998,CIRBP;PIK3R1
GO_Biological_Process_2023,Endomembrane System Organization (GO:0010256),16/196,0.9169097510485356,0.9766491820151728,0,0,0.7238329742484867,0.0627897810739214,DYNC2H1;RAB2A;DMPK;CAV2;LRRK2;ANK3;SYNE1;SYNGR1;VAPA;VAPB;ANXA8;TLCD2;PRKD1;OPTN;SPTBN1;CLASP2
GO_Biological_Process_2023,Protein Lipidation (GO:0006497),4/62,0.917840496006006,0.97739935375325,0,0,0.5623634463759856,0.0482123490174855,PIK3C3;ZDHHC2;ZDHHC3;ZDHHC14
GO_Biological_Process_2023,Dicarboxylic Acid Metabolic Process (GO:0043648),3/50,0.921208173713502,0.9792169631370794,0,0,0.5205686778045756,0.0427226748062911,ADHFE1;GGT1;MDH1B
GO_Biological_Process_2023,Mitotic Metaphase Plate Congression (GO:0007080),3/50,0.921208173713502,0.9792169631370794,0,0,0.5205686778045756,0.0427226748062911,PDCD6IP;CUL3;RAB11A
GO_Biological_Process_2023,Pyruvate Metabolic Process (GO:0006090),3/50,0.921208173713502,0.9792169631370794,0,0,0.5205686778045756,0.0427226748062911,PFKFB2;HK3;NR4A3
GO_Biological_Process_2023,Mitochondrial Cytochrome C Oxidase Assembly (GO:0033617),1/22,0.9213623927941796,0.9792169631370794,0,0,0.3885723019148053,0.0318247875104172,COX16
GO_Biological_Process_2023,Modulation By Host Of Viral Process (GO:0044788),1/22,0.9213623927941796,0.9792169631370794,0,0,0.3885723019148053,0.0318247875104172,CAV2
GO_Biological_Process_2023,Organelle Fission (GO:0048285),1/22,0.9213623927941796,0.9792169631370794,0,0,0.3885723019148053,0.0318247875104172,CORO1C
GO_Biological_Process_2023,Protein Peptidyl-Prolyl Isomerization (GO:0000413),1/22,0.9213623927941796,0.9792169631370794,0,0,0.3885723019148053,0.0318247875104172,FKBP1B
GO_Biological_Process_2023,Regulation Of Telomere Capping (GO:1904353),1/22,0.9213623927941796,0.9792169631370794,0,0,0.3885723019148053,0.0318247875104172,PRKCQ
GO_Biological_Process_2023,Mitochondrion Disassembly (GO:0061726),2/37,0.923186986788726,0.9809145827129842,0,0,0.4661336828309305,0.037255025654635,GABARAPL1;MAP1LC3C
GO_Biological_Process_2023,Metaphase Plate Congression (GO:0051310),3/51,0.927416746796516,0.9848354103575896,0,0,0.5096948141349242,0.0384066507503309,PDCD6IP;CUL3;RAB11A
GO_Biological_Process_2023,Regulation Of Telomere Maintenance Via Telomerase (GO:0032210),3/51,0.927416746796516,0.9848354103575896,0,0,0.5096948141349242,0.0384066507503309,HMBOX1;STON1;PRKCQ
GO_Biological_Process_2023,Mitotic Sister Chromatid Segregation (GO:0000070),8/111,0.9275616179572757,0.9848354103575896,0,0,0.6328989558864248,0.04759150295703,ARHGEF10;PDCD6IP;CUL3;FLNA;TEX14;RAB11A;TTN;CLASP2
GO_Biological_Process_2023,Endocytic Recycling (GO:0032456),4/64,0.9291953642533488,0.9855527428843956,0,0,0.5435567799204163,0.0399167808545366,EHD1;STX12;EHD2;RAB14
GO_Biological_Process_2023,Defense Response To Virus (GO:0051607),15/189,0.929681179870773,0.9855527428843956,0,0,0.701907929284089,0.0511786122007857,FCN3;RSAD2;USP44;PRF1;SAMHD1;MID2;IFIT2;OASL;IL6;NDUFAF4;CASP1;TLR8;AZI2;TLR3;NCK1
GO_Biological_Process_2023,Lymphocyte Activation Involved In Immune Response (GO:0002285),1/23,0.9299509973433624,0.9855527428843956,0,0,0.3708890834062773,0.0269352207898636,CD74
GO_Biological_Process_2023,Nuclear Membrane Reassembly (GO:0031468),1/23,0.9299509973433624,0.9855527428843956,0,0,0.3708890834062773,0.0269352207898636,UBE2I
GO_Biological_Process_2023,"Positive Regulation Of mRNA Splicing, Via Spliceosome (GO:0048026)",1/23,0.9299509973433624,0.9855527428843956,0,0,0.3708890834062773,0.0269352207898636,CIRBP
GO_Biological_Process_2023,Protein N-linked Glycosylation Via Asparagine (GO:0018279),1/23,0.9299509973433624,0.9855527428843956,0,0,0.3708890834062773,0.0269352207898636,TUSC3
GO_Biological_Process_2023,Regulation Of Centrosome Cycle (GO:0046605),1/23,0.9299509973433624,0.9855527428843956,0,0,0.3708890834062773,0.0269352207898636,PDCD6IP
GO_Biological_Process_2023,Tumor Necrosis Factor-Mediated Signaling Pathway (GO:0033209),2/38,0.9300640226524892,0.9855527428843956,0,0,0.4531600407747196,0.0328549429528737,FOXO3;JAK2
GO_Biological_Process_2023,Regulation Of Proteolysis (GO:0030162),3/52,0.9331728957695362,0.9886043736232986,0,0,0.4992647816354628,0.034531540607271,CSTA;CAV1;FGFR4
GO_Biological_Process_2023,Cellular Response To Light Stimulus (GO:0071482),4/65,0.9343238501645528,0.9887061470305426,0,0,0.5346159057038342,0.0363176165596003,USP47;DMBT1;NEDD4;N4BP1
GO_Biological_Process_2023,Anterograde Axonal Transport (GO:0008089),2/39,0.9363555997376424,0.9887061470305426,0,0,0.4408876766674932,0.0289927561602978,RAB21;KIF1C
GO_Biological_Process_2023,Carboxylic Acid Transmembrane Transport (GO:1905039),2/39,0.9363555997376424,0.9887061470305426,0,0,0.4408876766674932,0.0289927561602978,SLC7A7;SLC6A13
GO_Biological_Process_2023,Negative Regulation Of Ubiquitin-Dependent Protein Catabolic Process (GO:2000059),2/39,0.9363555997376424,0.9887061470305426,0,0,0.4408876766674932,0.0289927561602978,WAC;N4BP1
GO_Biological_Process_2023,"Nuclear-Transcribed mRNA Catabolic Process, Deadenylation-Dependent Decay (GO:0000288)",2/39,0.9363555997376424,0.9887061470305426,0,0,0.4408876766674932,0.0289927561602978,ZFP36;SAMD4A
GO_Biological_Process_2023,Positive Regulation Of ATP-dependent Activity (GO:0032781),2/39,0.9363555997376424,0.9887061470305426,0,0,0.4408876766674932,0.0289927561602978,TNNT2;RGN
GO_Biological_Process_2023,Regulation Of Mitochondrial Membrane Potential (GO:0051881),2/39,0.9363555997376424,0.9887061470305426,0,0,0.4408876766674932,0.0289927561602978,PID1;LRRK2
GO_Biological_Process_2023,Regulation Of TOR Signaling (GO:0032006),5/78,0.937348135957356,0.9887061470305426,0,0,0.5582962604061137,0.0361220597978494,EPM2A;GAS6;ROS1;LAMTOR3;FBXO9
GO_Biological_Process_2023,Fat-Soluble Vitamin Metabolic Process (GO:0006775),1/24,0.937601931554028,0.9887061470305426,0,0,0.3547435360724039,0.0228560551006435,ALDH1A2
GO_Biological_Process_2023,Negative Regulation Of Antigen Receptor-Mediated Signaling Pathway (GO:0050858),1/24,0.937601931554028,0.9887061470305426,0,0,0.3547435360724039,0.0228560551006435,PRNP
GO_Biological_Process_2023,Protein Exit From Endoplasmic Reticulum (GO:0032527),1/24,0.937601931554028,0.9887061470305426,0,0,0.3547435360724039,0.0228560551006435,MAP1LC3C
GO_Biological_Process_2023,Regulation Of Actin Nucleation (GO:0051125),1/24,0.937601931554028,0.9887061470305426,0,0,0.3547435360724039,0.0228560551006435,GSN
GO_Biological_Process_2023,Regulation Of Cysteine-Type Endopeptidase Activity (GO:2000116),1/24,0.937601931554028,0.9887061470305426,0,0,0.3547435360724039,0.0228560551006435,FYN
GO_Biological_Process_2023,Regulation Of Cytokine Production Involved In Immune Response (GO:0002718),1/24,0.937601931554028,0.9887061470305426,0,0,0.3547435360724039,0.0228560551006435,TRIL
GO_Biological_Process_2023,Regulation Of Cytoplasmic Translation (GO:2000765),1/24,0.937601931554028,0.9887061470305426,0,0,0.3547435360724039,0.0228560551006435,RBM24
GO_Biological_Process_2023,Regulation Of Execution Phase Of Apoptosis (GO:1900117),1/24,0.937601931554028,0.9887061470305426,0,0,0.3547435360724039,0.0228560551006435,PTGIS
GO_Biological_Process_2023,Regulation Of Proteolysis Involved In Protein Catabolic Process (GO:1903050),1/24,0.937601931554028,0.9887061470305426,0,0,0.3547435360724039,0.0228560551006435,PRKACA
GO_Biological_Process_2023,Regulation Of Viral Life Cycle (GO:1903900),1/24,0.937601931554028,0.9887061470305426,0,0,0.3547435360724039,0.0228560551006435,LAMP3
GO_Biological_Process_2023,Regulation Of Mitotic Cell Cycle (GO:0007346),9/125,0.9376214689054704,0.9887061470305426,0,0,0.6320437342304458,0.0407092813016332,CDKN1C;BTG2;CAV2;TAL1;CCDC8;DAPK3;GAS1;MEIS2;TTC28
GO_Biological_Process_2023,Regulation Of RNA Splicing (GO:0043484),7/102,0.937917088476212,0.9887762955210871,0,0,0.6004162129461585,0.038482912057866,KAT2B;ENY2;MBNL2;AHNAK;HOXB-AS3;PIK3R1;QKI
GO_Biological_Process_2023,Regulation Of Macromolecule Biosynthetic Process (GO:0010556),3/53,0.9385053706048744,0.9891548667962484,0,0,0.4892519504359798,0.0310512069735009,JADE1;MITF;FOXO3
GO_Biological_Process_2023,Cellular Response To Heat (GO:0034605),2/40,0.9421075377181884,0.9915120495394892,0,0,0.429261226460647,0.0255993589640653,TPR;PRKACA
GO_Biological_Process_2023,Water-Soluble Vitamin Metabolic Process (GO:0006767),2/40,0.9421075377181884,0.9915120495394892,0,0,0.429261226460647,0.0255993589640653,SLC19A3;SLC2A3
GO_Biological_Process_2023,Nucleosome Assembly (GO:0006334),3/54,0.9434415993610484,0.9915120495394892,0,0,0.4796317792835353,0.0279245525899187,NAP1L3;NAP1L2;NAP1L1
GO_Biological_Process_2023,Organelle Disassembly (GO:1903008),3/54,0.9434415993610484,0.9915120495394892,0,0,0.4796317792835353,0.0279245525899187,ULK2;NEDD9;MAP4
GO_Biological_Process_2023,Protein K63-linked Ubiquitination (GO:0070534),3/54,0.9434415993610484,0.9915120495394892,0,0,0.4796317792835353,0.0279245525899187,NEDD4;UBE2E2;WWP2
GO_Biological_Process_2023,Cytosolic Transport (GO:0016482),9/127,0.944375626124302,0.9915120495394892,0,0,0.621260929590428,0.0355555600480764,PXK;SNX1;SNX2;RAB14;SORT1;DENND2A;EMP2;PIK3C3;RCSD1
GO_Biological_Process_2023,ATP Biosynthetic Process (GO:0006754),1/25,0.9444175244802686,0.9915120495394892,0,0,0.3399434510163533,0.0194403181687288,TGFB1
GO_Biological_Process_2023,fatty-acyl-CoA Biosynthetic Process (GO:0046949),1/25,0.9444175244802686,0.9915120495394892,0,0,0.3399434510163533,0.0194403181687288,ACSL4
GO_Biological_Process_2023,Negative Regulation Of TORC1 Signaling (GO:1904262),1/25,0.9444175244802686,0.9915120495394892,0,0,0.3399434510163533,0.0194403181687288,SESN1
GO_Biological_Process_2023,Negative Regulation Of Proteolysis Involved In Protein Catabolic Process (GO:1903051),1/25,0.9444175244802686,0.9915120495394892,0,0,0.3399434510163533,0.0194403181687288,LAMP3
GO_Biological_Process_2023,Negative Regulation Of Telomere Maintenance Via Telomere Lengthening (GO:1904357),1/25,0.9444175244802686,0.9915120495394892,0,0,0.3399434510163533,0.0194403181687288,STON1
GO_Biological_Process_2023,Purine Ribonucleotide Catabolic Process (GO:0009154),1/25,0.9444175244802686,0.9915120495394892,0,0,0.3399434510163533,0.0194403181687288,PDE2A
GO_Biological_Process_2023,Regulation Of Cell Cycle Phase Transition (GO:1901987),1/25,0.9444175244802686,0.9915120495394892,0,0,0.3399434510163533,0.0194403181687288,MN1
GO_Biological_Process_2023,Regulation Of Intracellular Estrogen Receptor Signaling Pathway (GO:0033146),1/25,0.9444175244802686,0.9915120495394892,0,0,0.3399434510163533,0.0194403181687288,KANK2
GO_Biological_Process_2023,Regulation Of Lysosomal Lumen pH (GO:0035751),1/25,0.9444175244802686,0.9915120495394892,0,0,0.3399434510163533,0.0194403181687288,LRRK2
GO_Biological_Process_2023,Vesicle Cargo Loading (GO:0035459),1/25,0.9444175244802686,0.9915120495394892,0,0,0.3399434510163533,0.0194403181687288,KIF13A
GO_Biological_Process_2023,B Cell Activation (GO:0042113),6/92,0.9449542344664316,0.9918342597171982,0,0,0.5685277017783857,0.0321893458926392,HHEX;MEF2C;KLF6;PRKCB;PIK3R3;PIK3R1
GO_Biological_Process_2023,Macroautophagy (GO:0016236),7/104,0.9452520994470311,0.9919056798476504,0,0,0.5879701386420192,0.0331048444140654,GABARAPL1;TGFB1;MAP1LC3C;LAMP2;LIX1L;PIK3C3;STAM2
GO_Biological_Process_2023,Carbohydrate Catabolic Process (GO:0016052),2/41,0.9473626328422454,0.9938787368369304,0,0,0.4182310044695366,0.0226151435669855,PFKFB2;HK3
GO_Biological_Process_2023,B Cell Differentiation (GO:0030183),4/68,0.9477494955978744,0.994042970352473,0,0,0.509469696969697,0.027340720223688,HHEX;KLF6;PIK3R3;PIK3R1
GO_Biological_Process_2023,Organelle Organization (GO:0006996),36/418,0.949227163373648,0.9947406100227582,0,0,0.7656958276203627,0.0398982179310819,LRRK2;NEDD9;LIMD1;TTC29;SYNE1;FGD4;FGD5;DPYSL2;PLCE1;PPARGC1A;WASF3;SH3D19;CLASP2;RAB2A;DYNC2H1;DMTN;AGTPBP1;SEMA6A;PDCD6IP;DST;KRT4;SORT1;CAV2;CAV1;ARAP3;FMNL3;DES;ABI2;RAB14;VAPA;VAPB;PALLD;RANBP10;PRKD1;TNIK;OPTN
GO_Biological_Process_2023,Establishment Or Maintenance Of Apical/Basal Cell Polarity (GO:0035088),1/26,0.9504889424777236,0.9947406100227582,0,0,0.3263273727647868,0.0165704962415162,PARD3B
GO_Biological_Process_2023,Histone H3-K4 Methylation (GO:0051568),1/26,0.9504889424777236,0.9947406100227582,0,0,0.3263273727647868,0.0165704962415162,NFYB
GO_Biological_Process_2023,Negative Regulation Of Receptor-Mediated Endocytosis (GO:0048261),1/26,0.9504889424777236,0.9947406100227582,0,0,0.3263273727647868,0.0165704962415162,PCSK9
GO_Biological_Process_2023,Nuclear Membrane Organization (GO:0071763),1/26,0.9504889424777236,0.9947406100227582,0,0,0.3263273727647868,0.0165704962415162,GPER1
GO_Biological_Process_2023,Positive Regulation Of Monooxygenase Activity (GO:0032770),1/26,0.9504889424777236,0.9947406100227582,0,0,0.3263273727647868,0.0165704962415162,NPR3
GO_Biological_Process_2023,Regulation Of Transcription By RNA Polymerase III (GO:0006359),1/26,0.9504889424777236,0.9947406100227582,0,0,0.3263273727647868,0.0165704962415162,ZFP36L2
GO_Biological_Process_2023,Respiratory Chain Complex IV Assembly (GO:0008535),1/26,0.9504889424777236,0.9947406100227582,0,0,0.3263273727647868,0.0165704962415162,COX16
GO_Biological_Process_2023,Telomere Maintenance Via Telomere Lengthening (GO:0010833),1/26,0.9504889424777236,0.9947406100227582,0,0,0.3263273727647868,0.0165704962415162,STON1
GO_Biological_Process_2023,Regulation Of Neurotransmitter Receptor Activity (GO:0099601),2/42,0.9521607709326186,0.9960779838139436,0,0,0.4077522935779816,0.0199885807078892,MEF2C;DAPK1
GO_Biological_Process_2023,Mitotic DNA Damage Checkpoint Signaling (GO:0044773),3/56,0.9522283969453966,0.9960779838139436,0,0,0.4614805129581684,0.0225896373380283,CCND1;WAC;FOXN3
GO_Biological_Process_2023,T Cell Receptor Signaling Pathway (GO:0050852),6/95,0.9550431224986918,0.9969627035309664,0,0,0.5492709021810972,0.0252657941757023,BTNL9;BTN3A3;FYN;GATA3;PRAM1;HLA-DPA1
GO_Biological_Process_2023,Protein K48-linked Ubiquitination (GO:0070936),4/70,0.9552489693408478,0.9969627035309664,0,0,0.4939755683557336,0.0226158176085636,CUL3;UBE2E2;NEDD4L;FBXO9
GO_Biological_Process_2023,GPI Anchor Metabolic Process (GO:0006505),1/27,0.9558974062079036,0.9969627035309664,0,0,0.3137586851479561,0.014151987403718,PGAP1
GO_Biological_Process_2023,Establishment Of Protein Localization To Vacuole (GO:0072666),1/27,0.9558974062079036,0.9969627035309664,0,0,0.3137586851479561,0.014151987403718,STAM2
GO_Biological_Process_2023,Iron-Sulfur Cluster Assembly (GO:0016226),1/27,0.9558974062079036,0.9969627035309664,0,0,0.3137586851479561,0.014151987403718,IBA57
GO_Biological_Process_2023,mRNA Modification (GO:0016556),1/27,0.9558974062079036,0.9969627035309664,0,0,0.3137586851479561,0.014151987403718,ZC3H13
GO_Biological_Process_2023,Metallo-Sulfur Cluster Assembly (GO:0031163),1/27,0.9558974062079036,0.9969627035309664,0,0,0.3137586851479561,0.014151987403718,IBA57
GO_Biological_Process_2023,Positive Regulation Of TORC1 Signaling (GO:1904263),1/27,0.9558974062079036,0.9969627035309664,0,0,0.3137586851479561,0.014151987403718,WAC
GO_Biological_Process_2023,Positive Regulation Of Ubiquitin-Protein Transferase Activity (GO:0051443),1/27,0.9558974062079036,0.9969627035309664,0,0,0.3137586851479561,0.014151987403718,PTEN
GO_Biological_Process_2023,Protein Quality Control For Misfolded Or Incompletely Synthesized Proteins (GO:0006515),1/27,0.9558974062079036,0.9969627035309664,0,0,0.3137586851479561,0.014151987403718,CUL3
GO_Biological_Process_2023,Regulation Of Chromatin Organization (GO:1902275),1/27,0.9558974062079036,0.9969627035309664,0,0,0.3137586851479561,0.014151987403718,TAL1
GO_Biological_Process_2023,"Synaptic Transmission, Glutamatergic (GO:0035249)",1/27,0.9558974062079036,0.9969627035309664,0,0,0.3137586851479561,0.014151987403718,GRIA1
GO_Biological_Process_2023,DNA-templated Transcription (GO:0006351),15/199,0.956295119435668,0.9969627035309664,0,0,0.663384562910054,0.0296458011669467,MEF2A;NFAT5;NFIX;THRB;KLF13;TSC22D1;THRA;CEBPD;ETV1;FOXO3;ZFP36L2;NR4A2;NFIC;UBTF;SOX5
GO_Biological_Process_2023,Lysosome Organization (GO:0007040),2/43,0.9565390535963234,0.9969627035309664,0,0,0.3977847393152831,0.0176750323561995,SRPX;LRRK2
GO_Biological_Process_2023,mRNA Catabolic Process (GO:0006402),2/43,0.9565390535963234,0.9969627035309664,0,0,0.3977847393152831,0.0176750323561995,ZFP36;ZFP36L2
GO_Biological_Process_2023,Positive Regulation Of Translation (GO:0045727),7/108,0.9576470521307292,0.9978765516649512,0,0,0.5645567315352225,0.0244317517340415,FXR1;IL6;CNBP;CIRBP;SAMD4A;VIM;LARP6
GO_Biological_Process_2023,Protein Autoubiquitination (GO:0051865),4/71,0.958614177555998,0.99864320307306,0,0,0.486575387525184,0.0205658884956455,TRIM71;SH3RF3;CUL3;WWP2
GO_Biological_Process_2023,Regulation Of DNA Recombination (GO:0000018),2/44,0.9605319302334028,0.9994793073900364,0,0,0.3882918304936653,0.0156357563905144,IL7R;SPIDR
GO_Biological_Process_2023,RNA Phosphodiester Bond Hydrolysis (GO:0090501),1/28,0.9607152755604595,0.9994793073900364,0,0,0.3021210114286685,0.012108162158337,ZC3H12C
GO_Biological_Process_2023,"Nuclear-Transcribed mRNA Catabolic Process, Nonsense-Mediated Decay (GO:0000184)",1/28,0.9607152755604595,0.9994793073900364,0,0,0.3021210114286685,0.012108162158337,RBM8A
GO_Biological_Process_2023,Positive Regulation Of mRNA Processing (GO:0050685),1/28,0.9607152755604595,0.9994793073900364,0,0,0.3021210114286685,0.012108162158337,CIRBP
GO_Biological_Process_2023,Regulation Of Nitric-Oxide Synthase Activity (GO:0050999),1/28,0.9607152755604595,0.9994793073900364,0,0,0.3021210114286685,0.012108162158337,NPR3
GO_Biological_Process_2023,Monocarboxylic Acid Metabolic Process (GO:0032787),6/97,0.9608062201949168,0.9994793073900364,0,0,0.5371384130575307,0.0214761550038277,DSEL;CYP4B1;MSMO1;ACSL4;CD36;GGT1
GO_Biological_Process_2023,Cellular Respiration (GO:0045333),5/85,0.9621271239861512,0.999995910772398,0,0,0.5092443729903537,0.0196612589107485,COX7B;NR4A3;UQCRB;COX4I2;PPARGC1A
GO_Biological_Process_2023,Establishment Of Protein Localization To Organelle (GO:0072594),5/85,0.9621271239861512,0.999995910772398,0,0,0.5092443729903537,0.0196612589107485,IPO11;APLP2;TPR;PRICKLE1;RAB11A
GO_Biological_Process_2023,mRNA Metabolic Process (GO:0016071),5/85,0.9621271239861512,0.999995910772398,0,0,0.5092443729903537,0.0196612589107485,ZFP36;ANG;PRKACA;PPARGC1A;ZFP36L2
GO_Biological_Process_2023,DNA-templated Transcription Initiation (GO:0006352),3/59,0.9630466656013248,0.999995910772398,0,0,0.436684586638694,0.0164426636895683,UBTF;PPARGC1A;ZFP36L2
GO_Biological_Process_2023,Regulation Of Type I Interferon Production (GO:0032479),3/59,0.9630466656013248,0.999995910772398,0,0,0.436684586638694,0.0164426636895683,RNF125;TYROBP;CUL3
GO_Biological_Process_2023,Antigen Receptor-Mediated Signaling Pathway (GO:0050851),9/134,0.9632144104676512,0.999995910772398,0,0,0.5862383801196502,0.0219717710009527,BTNL9;MEF2C;PRKCB;BTN3A3;FYN;MNDA;GATA3;PRAM1;HLA-DPA1
GO_Biological_Process_2023,Regulation Of Cellular Metabolic Process (GO:0031323),2/45,0.9641713349250698,0.999995910772398,0,0,0.3792404523149136,0.0138370683395046,PID1;PDK4
GO_Biological_Process_2023,RNA Biosynthetic Process (GO:0032774),1/29,0.965007015779614,0.999995910772398,0,0,0.2913146001179013,0.010376599089684,ZFP36L2
GO_Biological_Process_2023,Phosphatidic Acid Biosynthetic Process (GO:0006654),1/29,0.965007015779614,0.999995910772398,0,0,0.2913146001179013,0.010376599089684,DGKE
GO_Biological_Process_2023,Protein K11-linked Ubiquitination (GO:0070979),1/29,0.965007015779614,0.999995910772398,0,0,0.2913146001179013,0.010376599089684,UBE2E2
GO_Biological_Process_2023,protein-DNA Complex Organization (GO:0071824),3/60,0.9661079546101192,0.999995910772398,0,0,0.4289992995338277,0.0147917657576978,TCF7L1;SATB1;TCF4
GO_Biological_Process_2023,Import Into Nucleus (GO:0051170),4/74,0.9673545852342544,0.999995910772398,0,0,0.4656434474616293,0.0154547827936469,IPO11;APLP2;TPR;PRICKLE1
GO_Biological_Process_2023,Amino Acid Transport (GO:0006865),2/46,0.9674868250283832,0.999995910772398,0,0,0.3706005004170142,0.0122496331572248,SLC7A7;SLC38A5
GO_Biological_Process_2023,Intracellular Protein Transmembrane Transport (GO:0065002),2/46,0.9674868250283832,0.999995910772398,0,0,0.3706005004170142,0.0122496331572248,DNAJC15;SEC63
GO_Biological_Process_2023,DNA Geometric Change (GO:0032392),1/30,0.9688300581998118,0.999995910772398,0,0,0.2812534585527044,0.0089061891768894,HMGB1
GO_Biological_Process_2023,GPI Anchor Biosynthetic Process (GO:0006506),1/30,0.9688300581998118,0.999995910772398,0,0,0.2812534585527044,0.0089061891768894,PGAP1
GO_Biological_Process_2023,Mitotic G2 DNA Damage Checkpoint Signaling (GO:0007095),1/30,0.9688300581998118,0.999995910772398,0,0,0.2812534585527044,0.0089061891768894,FOXN3
GO_Biological_Process_2023,Nucleic Acid Metabolic Process (GO:0090304),1/30,0.9688300581998118,0.999995910772398,0,0,0.2812534585527044,0.0089061891768894,DNASE1L3
GO_Biological_Process_2023,Response To Amino Acid (GO:0043200),1/30,0.9688300581998118,0.999995910772398,0,0,0.2812534585527044,0.0089061891768894,LAMTOR3
GO_Biological_Process_2023,Positive Regulation Of Organelle Assembly (GO:1902117),3/61,0.9689287368535274,0.999995910772398,0,0,0.4215790223291291,0.0133068099621062,GSK3B;PDCD6IP;TAPT1
GO_Biological_Process_2023,Nucleosome Organization (GO:0034728),4/75,0.9698628606671053,0.999995910772398,0,0,0.4590592221834219,0.0140474868243228,SMARCE1;NAP1L3;NAP1L2;NAP1L1
GO_Biological_Process_2023,Regulation Of DNA Replication (GO:0006275),4/75,0.9698628606671053,0.999995910772398,0,0,0.4590592221834219,0.0140474868243228,ACVRL1;PPP2CA;JADE1;STON1
GO_Biological_Process_2023,Chemical Synaptic Transmission (GO:0007268),21/273,0.9701432191271886,0.999995910772398,0,0,0.6773870121857165,0.0205326637007746,GRIA1;GABRB2;SLC12A4;DTNA;PTPRN2;NLGN4X;SLC1A1;PTEN;LIN7A;PCDHB10;RPS6KA2;KCNMB1;PENK;PCDHB16;PMP22;KCNMB4;PCDHB4;PDE7B;SLC18A2;KCNK3;SNCA
GO_Biological_Process_2023,Positive Regulation Of DNA Repair (GO:0045739),5/89,0.971871333803095,0.999995910772398,0,0,0.484885272436949,0.0138346767281316,SMARCE1;EYA4;HMGB1;SPIDR;SMARCA2
GO_Biological_Process_2023,Mitochondrion Organization (GO:0007005),11/162,0.971963466368407,0.999995910772398,0,0,0.592814371257485,0.0168578985964768,MEF2A;PID1;AGTPBP1;CAV2;LRRK2;AKT3;SPATA18;COX7A1;HIGD1B;PPARGC1A;IFIT2
GO_Biological_Process_2023,B Cell Proliferation (GO:0042100),1/31,0.9722355679387784,0.999995910772398,0,0,0.2718630597585205,0.0076548889634559,MEF2C
GO_Biological_Process_2023,Regulation Of Centrosome Duplication (GO:0010824),1/31,0.9722355679387784,0.999995910772398,0,0,0.2718630597585205,0.0076548889634559,PDCD6IP
GO_Biological_Process_2023,Golgi Vesicle Transport (GO:0048193),14/197,0.9727150001548326,0.999995910772398,0,0,0.6222904442159176,0.0172151349934242,RAB2A;PGAP1;CUL3;SCAMP1;BICD2;NKD2;SNX1;MYO1B;SNX2;VAPA;VAPB;KIF1C;PRKD1;RAB8B
GO_Biological_Process_2023,Cellular Response To Radiation (GO:0071478),2/48,0.9732532344653482,0.999995910772398,0,0,0.3544475468687674,0.0096094165019738,SPIDR;RHOB
GO_Biological_Process_2023,Post-Translational Protein Modification (GO:0043687),2/48,0.9732532344653482,0.999995910772398,0,0,0.3544475468687674,0.0096094165019738,PRKCB;JAK2
GO_Biological_Process_2023,"Retrograde Vesicle-Mediated Transport, Golgi To Endoplasmic Reticulum (GO:0006890)",2/48,0.9732532344653482,0.999995910772398,0,0,0.3544475468687674,0.0096094165019738,KIF1C;BICD2
GO_Biological_Process_2023,NIK/NF-kappaB Signaling (GO:0038061),1/32,0.9752691266045286,0.999995910772398,0,0,0.2630784931446066,0.0065879639518518,TLR3
GO_Biological_Process_2023,miRNA Processing (GO:0035196),1/32,0.9752691266045286,0.999995910772398,0,0,0.2630784931446066,0.0065879639518518,TRIM71
GO_Biological_Process_2023,Protein Transmembrane Import Into Intracellular Organelle (GO:0044743),1/32,0.9752691266045286,0.999995910772398,0,0,0.2630784931446066,0.0065879639518518,DNAJC15
GO_Biological_Process_2023,Regulation Of Ubiquitin-Protein Transferase Activity (GO:0051438),1/32,0.9752691266045286,0.999995910772398,0,0,0.2630784931446066,0.0065879639518518,SMAD7
GO_Biological_Process_2023,Interferon-Mediated Signaling Pathway (GO:0140888),2/49,0.975752618244361,0.999995910772398,0,0,0.346886589888737,0.0085147440086686,HCK;JAK2
GO_Biological_Process_2023,Negative Regulation Of DNA Metabolic Process (GO:0051053),2/49,0.975752618244361,0.999995910772398,0,0,0.346886589888737,0.0085147440086686,BMPR2;DACH1
GO_Biological_Process_2023,Proton Transmembrane Transport (GO:1902600),2/49,0.975752618244361,0.999995910772398,0,0,0.346886589888737,0.0085147440086686,ATP6V0A2;ATP1A2
GO_Biological_Process_2023,Positive Regulation Of Type I Interferon Production (GO:0032481),3/64,0.9761167559806694,0.999995910772398,0,0,0.4007779173782529,0.0096880337310998,TLR8;TLR4;TLR3
GO_Biological_Process_2023,Proteolysis Involved In Protein Catabolic Process (GO:0051603),4/78,0.9763479845710572,0.999995910772398,0,0,0.4403742585560767,0.0105408927334129,PDCD6IP;CTSH;CTSW;CTSF
GO_Biological_Process_2023,Golgi Organization (GO:0007030),8/130,0.9777884849409062,0.999995910772398,0,0,0.5337596332212285,0.011989258390033,DYNC2H1;RAB2A;LRRK2;PRKD1;FHDC1;OPTN;SYNE1;CLASP2
GO_Biological_Process_2023,Phosphatidic Acid Metabolic Process (GO:0046473),1/33,0.9779713420986104,0.999995910772398,0,0,0.2548429619440623,0.0056766045343817,DGKE
GO_Biological_Process_2023,Positive Regulation Of Chromosome Organization (GO:2001252),1/33,0.9779713420986104,0.999995910772398,0,0,0.2548429619440623,0.0056766045343817,TAL1
GO_Biological_Process_2023,Positive Regulation Of Reproductive Process (GO:2000243),1/33,0.9779713420986104,0.999995910772398,0,0,0.2548429619440623,0.0056766045343817,SYDE1
GO_Biological_Process_2023,Protein K63-linked Deubiquitination (GO:0070536),1/33,0.9779713420986104,0.999995910772398,0,0,0.2548429619440623,0.0056766045343817,OTUD1
GO_Biological_Process_2023,Signal Transduction By P53 Class Mediator (GO:0072331),1/33,0.9779713420986104,0.999995910772398,0,0,0.2548429619440623,0.0056766045343817,ZNF385B
GO_Biological_Process_2023,Nucleocytoplasmic Transport (GO:0006913),2/50,0.9780252785669932,0.999995910772398,0,0,0.3396406727828746,0.0075467349405131,UBE2I;TPR
GO_Biological_Process_2023,Regulation Of TORC1 Signaling (GO:1903432),2/50,0.9780252785669932,0.999995910772398,0,0,0.3396406727828746,0.0075467349405131,SESN1;WAC
GO_Biological_Process_2023,Protein Import Into Nucleus (GO:0006606),4/79,0.9782005615905136,0.999995910772398,0,0,0.4344781144781144,0.0095761395479206,IPO11;APLP2;TPR;PRICKLE1
GO_Biological_Process_2023,Regulation Of Translation (GO:0006417),14/202,0.9791577491037954,0.999995910772398,0,0,0.6055684227055037,0.0127547949178561,TRIM71;BTG2;IGFBP5;DAPK1;DAPK3;CIRBP;SAMD4A;FOXO3;LARP6;EIF1;FXR1;CTIF;IL6;VIM
GO_Biological_Process_2023,Cytoplasmic Translation (GO:0002181),5/93,0.9792434443259848,0.999995910772398,0,0,0.4627406355702175,0.0097059853147854,RWDD1;EIF3M;RPS20;RPL15;RPS23
GO_Biological_Process_2023,Intracellular Protein Transport (GO:0006886),25/325,0.9794584623388384,0.999995910772398,0,0,0.6767887498068305,0.0140470547198011,STX12;IPO11;ARL6;LTBP2;PRICKLE1;STX11;GGA2;RAB21;SNX1;MAP1LC3C;RAB23;KIF13A;LAMP2;TPR;WLS;GPIHBP1;CD74;EGR2;TGFB1;APLP2;RASSF9;DNAJC15;EHD1;RAB14;STAM2
GO_Biological_Process_2023,"Negative Regulation Of Gene Expression, Epigenetic (GO:0045814)",2/51,0.9800909085418203,0.999995910772398,0,0,0.3326905073956188,0.0066903887378244,HMGB1;PPM1D
GO_Biological_Process_2023,Negative Regulation Of JNK Cascade (GO:0046329),1/34,0.9803783905729324,0.999995910772398,0,0,0.2471065538465813,0.0048968287878716,SIRPA
GO_Biological_Process_2023,Positive Regulation Of Transcription By RNA Polymerase I (GO:0045943),1/34,0.9803783905729324,0.999995910772398,0,0,0.2471065538465813,0.0048968287878716,UBTF
GO_Biological_Process_2023,Regulation Of T Cell Receptor Signaling Pathway (GO:0050856),1/34,0.9803783905729324,0.999995910772398,0,0,0.2471065538465813,0.0048968287878716,PRNP
GO_Biological_Process_2023,Regulation Of Cellular Response To Stress (GO:0080135),6/107,0.9807375231796582,0.999995910772398,0,0,0.483683386721025,0.0094078429324844,GSK3B;KAT2B;ENY2;ALOX5;NUPR1;CORO2B
GO_Biological_Process_2023,Transcription By RNA Polymerase II (GO:0006366),13/192,0.9808935716900848,0.999995910772398,0,0,0.590615349348746,0.0113937466977725,NFAT5;THRB;KLF13;NFIX;THRA;TSC22D1;CEBPD;C5AR1;ETV1;NFIC;PPARG;PPARGC1A;SOX5
GO_Biological_Process_2023,Glutamate Receptor Signaling Pathway (GO:0007215),1/35,0.9825225001244764,0.999995910772398,0,0,0.2398252285783639,0.0042286067308582,GNAQ
GO_Biological_Process_2023,Regulatory ncRNA Processing (GO:0070918),1/35,0.9825225001244764,0.999995910772398,0,0,0.2398252285783639,0.0042286067308582,TRIM71
GO_Biological_Process_2023,Response To Nutrient Levels (GO:0031667),1/35,0.9825225001244764,0.999995910772398,0,0,0.2398252285783639,0.0042286067308582,FAM107A
GO_Biological_Process_2023,Aerobic Electron Transport Chain (GO:0019646),3/68,0.983271395984472,0.999995910772398,0,0,0.3760299361033642,0.0063436654206854,COX7B;UQCRB;COX4I2
GO_Biological_Process_2023,Intermediate Filament Organization (GO:0045109),3/68,0.983271395984472,0.999995910772398,0,0,0.3760299361033642,0.0063436654206854,DES;KRT4;VIM
GO_Biological_Process_2023,Protein Localization To Nucleus (GO:0034504),7/122,0.983593262345004,0.999995910772398,0,0,0.4954362818590704,0.0081959125676229,BMP4;IPO11;HHEX;APLP2;TPR;PRICKLE1;MSX1
GO_Biological_Process_2023,Endosome Organization (GO:0007032),2/53,0.9836719827768572,0.999995910772398,0,0,0.3196078431372549,0.005261636273421,ANXA8;CORO1C
GO_Biological_Process_2023,Base-Excision Repair (GO:0006284),1/36,0.9844323813978082,0.999995910772398,0,0,0.2329599790397589,0.0036551575521206,USP47
GO_Biological_Process_2023,Lytic Vacuole Organization (GO:0080171),1/36,0.9844323813978082,0.999995910772398,0,0,0.2329599790397589,0.0036551575521206,LRRK2
GO_Biological_Process_2023,Negative Regulation Of TOR Signaling (GO:0032007),2/54,0.9852192819584582,0.999995910772398,0,0,0.3134438955539873,0.004667505996706,EPM2A;SESN1
GO_Biological_Process_2023,Mitochondrial ATP Synthesis Coupled Electron Transport (GO:0042775),3/70,0.986028603731168,0.999995910772398,0,0,0.3647640640304672,0.005132199350773,COX7B;UQCRB;COX4I2
GO_Biological_Process_2023,Nuclear-Transcribed mRNA Catabolic Process (GO:0000956),4/85,0.9867402161506762,0.999995910772398,0,0,0.4021585099026176,0.0053682047114108,CTIF;ZFP36;RBM8A;SAMD4A
GO_Biological_Process_2023,Lipid Biosynthetic Process (GO:0008610),3/71,0.9872380450242344,0.999995910772398,0,0,0.3593796398779796,0.0046159038130564,PLA2G1B;LSS;ACACB
GO_Biological_Process_2023,Amino Acid Catabolic Process (GO:0009063),1/38,0.9876489755242972,0.999995910772398,0,0,0.2203427636715119,0.0027384049485703,DDO
GO_Biological_Process_2023,Maturation Of SSU-rRNA (GO:0030490),1/38,0.9876489755242972,0.999995910772398,0,0,0.2203427636715119,0.0027384049485703,RIOK2
GO_Biological_Process_2023,Nucleotide-Excision Repair (GO:0006289),2/56,0.9878973394901586,0.999995910772398,0,0,0.3018008834522596,0.0036748766561006,USP44;STON1
GO_Biological_Process_2023,Positive Regulation Of DNA-templated Transcription Initiation (GO:2000144),2/56,0.9878973394901586,0.999995910772398,0,0,0.3018008834522596,0.0036748766561006,JUN;MITF
GO_Biological_Process_2023,Response To Ionizing Radiation (GO:0010212),3/72,0.9883464699532624,0.999995910772398,0,0,0.3541512859907815,0.004151348843489,ANXA1;SPIDR;RHOB
GO_Biological_Process_2023,Histone H4 Acetylation (GO:0043967),1/39,0.9889987716712882,0.999995910772398,0,0,0.2145322039624508,0.002373195862078,JADE1
GO_Biological_Process_2023,Internal Peptidyl-Lysine Acetylation (GO:0018393),1/39,0.9889987716712882,0.999995910772398,0,0,0.2145322039624508,0.002373195862078,KAT2B
GO_Biological_Process_2023,Nuclear Transport (GO:0051169),1/39,0.9889987716712882,0.999995910772398,0,0,0.2145322039624508,0.002373195862078,TPR
GO_Biological_Process_2023,Organelle Transport Along Microtubule (GO:0072384),1/39,0.9889987716712882,0.999995910772398,0,0,0.2145322039624508,0.002373195862078,BICD2
GO_Biological_Process_2023,RNA Catabolic Process (GO:0006401),2/57,0.989052594664855,0.999995910772398,0,0,0.2962969140950792,0.0032615680250328,ZFP36;ZFP36L2
GO_Biological_Process_2023,Post-Transcriptional Regulation Of Gene Expression (GO:0010608),2/57,0.989052594664855,0.999995910772398,0,0,0.2962969140950792,0.0032615680250328,TRIM71;FOXO3
GO_Biological_Process_2023,Regulation Of Transcription Initiation By RNA Polymerase II (GO:0060260),2/57,0.989052594664855,0.999995910772398,0,0,0.2962969140950792,0.0032615680250328,HEY2;PPM1D
GO_Biological_Process_2023,Ubiquitin-Dependent ERAD Pathway (GO:0030433),3/73,0.9893619005458416,0.999995910772398,0,0,0.3490723136432177,0.0037333593100235,WFS1;FBXO17;MAN1A1
GO_Biological_Process_2023,Protein Deacetylation (GO:0006476),1/40,0.9902010819573124,0.999995910772398,0,0,0.2090196216743672,0.0020582670879085,FLNA
GO_Biological_Process_2023,Modification-Dependent Protein Catabolic Process (GO:0019941),12/192,0.9904944451421108,0.999995910772398,0,0,0.5418740399385561,0.0051754503317899,RNF144B;NDFIP2;RNF125;NDFIP1;UBE2I;RNF128;CUL3;NEDD4;NEDD4L;ARRB1;FBXL7;PCYOX1
GO_Biological_Process_2023,DNA Duplex Unwinding (GO:0032508),1/41,0.991272014947966,0.999995910772398,0,0,0.2037826685006877,0.0017864193956402,PURA
GO_Biological_Process_2023,Detection Of Chemical Stimulus Involved In Sensory Perception Of Bitter Taste (GO:0001580),1/41,0.991272014947966,0.999995910772398,0,0,0.2037826685006877,0.0017864193956402,PIGR
GO_Biological_Process_2023,Double-Strand Break Repair Via Nonhomologous End Joining (GO:0006303),1/41,0.991272014947966,0.999995910772398,0,0,0.2037826685006877,0.0017864193956402,HMGB1
GO_Biological_Process_2023,Regulation Of Amide Metabolic Process (GO:0034248),1/41,0.991272014947966,0.999995910772398,0,0,0.2037826685006877,0.0017864193956402,FOXO3
GO_Biological_Process_2023,Histone Acetylation (GO:0016573),2/60,0.9919091763453056,0.999995910772398,0,0,0.2809237583043341,0.0022821493227348,KAT2B;ENY2
GO_Biological_Process_2023,Response To Light Stimulus (GO:0009416),2/60,0.9919091763453056,0.999995910772398,0,0,0.2809237583043341,0.0022821493227348,CRY2;CIRBP
GO_Biological_Process_2023,Peptide Biosynthetic Process (GO:0043043),9/158,0.992167277924492,0.999995910772398,0,0,0.4911435957464551,0.0038621366294502,EEF1A1;GGTLC1;EIF4EBP2;RPS20;DMD;RPL15;GGT1;PCSK5;RPS23
GO_Biological_Process_2023,DNA Recombination (GO:0006310),1/42,0.9922259199889898,0.999995910772398,0,0,0.1988011764574317,0.0015515349751942,HMGB1
GO_Biological_Process_2023,Sensory Perception Of Bitter Taste (GO:0050913),1/42,0.9922259199889898,0.999995910772398,0,0,0.1988011764574317,0.0015515349751942,PIGR
GO_Biological_Process_2023,Translational Elongation (GO:0006414),1/42,0.9922259199889898,0.999995910772398,0,0,0.1988011764574317,0.0015515349751942,EEF1A1
GO_Biological_Process_2023,Establishment Of Protein Localization To Mitochondrion (GO:0072655),1/44,0.9938323826459328,0.999995910772398,0,0,0.189533284283932,0.0011725885406039,DNAJC15
GO_Biological_Process_2023,Nucleobase-Containing Compound Catabolic Process (GO:0034655),1/44,0.9938323826459328,0.999995910772398,0,0,0.189533284283932,0.0011725885406039,DNASE1L3
GO_Biological_Process_2023,Peptidyl-Lysine Modification (GO:0018205),4/94,0.9938487913252316,0.999995910772398,0,0,0.3617590041832466,0.0022321273250734,KAT2B;EGR2;UBE2I;PIAS1
GO_Biological_Process_2023,"Retrograde Transport, Endosome To Golgi (GO:0042147)",4/94,0.9938487913252316,0.999995910772398,0,0,0.3617590041832466,0.0022321273250734,SNX1;SNX2;DENND2A;RCSD1
GO_Biological_Process_2023,Detection Of Chemical Stimulus Involved In Sensory Perception Of Taste (GO:0050912),1/45,0.994506471317127,0.999995910772398,0,0,0.1852152890667333,0.0010202905737669,PIGR
GO_Biological_Process_2023,Mitotic Nuclear Division (GO:0140014),1/45,0.994506471317127,0.999995910772398,0,0,0.1852152890667333,0.0010202905737669,CLASP2
GO_Biological_Process_2023,Cellular Response To Virus (GO:0098586),2/64,0.9946099613342716,0.999995910772398,0,0,0.2627404557561408,0.0014200116215559,IL6;JAK2
GO_Biological_Process_2023,Regulation Of DNA Metabolic Process (GO:0051052),6/124,0.994686331797456,0.999995910772398,0,0,0.4136029411764705,0.0022036086182732,ACVRL1;PPP2CA;KAT2B;ENY2;JADE1;IL7R
GO_Biological_Process_2023,Histone Modification (GO:0016570),3/81,0.9949222315479016,0.999995910772398,0,0,0.313128817029689,0.0015940461609721,KAT2B;ENY2;JADE1
GO_Biological_Process_2023,Mitotic G2/M Transition Checkpoint (GO:0044818),1/46,0.995106882379772,0.999995910772398,0,0,0.1810892047480768,0.0008882657496134663,FOXN3
GO_Biological_Process_2023,Replication Fork Processing (GO:0031297),1/46,0.995106882379772,0.999995910772398,0,0,0.1810892047480768,0.0008882657496134663,SAMHD1
GO_Biological_Process_2023,Protein Deubiquitination (GO:0016579),5/112,0.9954561094857812,0.999995910772398,0,0,0.380163905571845,0.0017313597045731,USP47;ENY2;USP44;EIF3F;OTUD1
GO_Biological_Process_2023,Protein Monoubiquitination (GO:0006513),1/47,0.9956416652822812,0.999995910772398,0,0,0.1771425153997966,0.0007737336975065864,WAC
GO_Biological_Process_2023,Regulation Of Signal Transduction By P53 Class Mediator (GO:1901796),1/47,0.9956416652822812,0.999995910772398,0,0,0.1771425153997966,0.0007737336975065864,RPS20
GO_Biological_Process_2023,Positive Regulation Of Double-Strand Break Repair (GO:2000781),3/84,0.9961684267617976,0.999995910772398,0,0,0.301480461645675,0.0011573631481672,SMARCE1;SPIDR;SMARCA2
GO_Biological_Process_2023,Telomere Maintenance (GO:0000723),2/68,0.99642022846379,0.999995910772398,0,0,0.2467611898804559,0.0008849335604742177,PTEN;STON1
GO_Biological_Process_2023,Regulation Of DNA Repair (GO:0006282),6/129,0.9964204981992628,0.999995910772398,0,0,0.3966777259684361,0.0014224559978512,SMARCE1;KAT2B;ENY2;EYA4;AXIN2;SMARCA2
GO_Biological_Process_2023,Endoplasmic Reticulum To Golgi Vesicle-Mediated Transport (GO:0006888),5/115,0.996459900455514,0.999995910772398,0,0,0.3697331607299453,0.0013112144805818,RAB2A;PGAP1;VAPA;VAPB;CUL3
GO_Biological_Process_2023,Ribosome Assembly (GO:0042255),1/50,0.996920118595576,0.999995910772398,0,0,0.1662689835218819,0.000512878959709127,SBDS
GO_Biological_Process_2023,RNA Modification (GO:0009451),1/51,0.997256679712138,0.999995910772398,0,0,0.162934433745988,0.0004475955677830964,ADARB1
GO_Biological_Process_2023,Positive Regulation Of DNA Recombination (GO:0045911),1/51,0.997256679712138,0.999995910772398,0,0,0.162934433745988,0.0004475955677830964,TFRC
GO_Biological_Process_2023,Regulation Of Double-Strand Break Repair (GO:2000779),3/88,0.997376204991499,0.999995910772398,0,0,0.2872283562346462,0.0007546187433218156,SMARCE1;SPIDR;SMARCA2
GO_Biological_Process_2023,Positive Regulation Of Telomere Maintenance (GO:0032206),1/52,0.9975564428254956,0.999995910772398,0,0,0.1597306506279724,0.0003907886291964767,PRKCQ
GO_Biological_Process_2023,ERAD Pathway (GO:0036503),3/89,0.9976144585429422,0.999995910772398,0,0,0.2838724825768167,0.0006779985944965011,WFS1;FBXO17;MAN1A1
GO_Biological_Process_2023,NADH Dehydrogenase Complex Assembly (GO:0010257),1/53,0.997823429397266,0.999995910772398,0,0,0.1566500899375727,0.00034133158171760394,NDUFAF4
GO_Biological_Process_2023,Mitochondrial Respiratory Chain Complex I Assembly (GO:0032981),1/53,0.997823429397266,0.999995910772398,0,0,0.1566500899375727,0.00034133158171760394,NDUFAF4
GO_Biological_Process_2023,DNA Replication (GO:0006260),2/73,0.9978617905066648,0.999995910772398,0,0,0.2293190334668561,0.0004908570992302859,STON1;NAP1L1
GO_Biological_Process_2023,Ribosomal Large Subunit Biogenesis (GO:0042273),1/54,0.998061221608754,0.999995910772398,0,0,0.1536857768203957,0.00029825187880474856,NEDD4
GO_Biological_Process_2023,RNA Metabolic Process (GO:0016070),4/111,0.9986410028041264,0.999995910772398,0,0,0.3039914866592861,0.000413404549419928,CELF2;ANG;ADARB1;RBMS2
GO_Biological_Process_2023,Recombinational Repair (GO:0000725),3/95,0.9986579267964748,0.999995910772398,0,0,0.2652692699084143,0.0003562498890855436,STON1;SAMHD1;SPIDR
GO_Biological_Process_2023,Aerobic Respiration (GO:0009060),1/59,0.9989125165422484,0.999995910772398,0,0,0.1403974766399468,0.0001527630120435246,UQCRB
GO_Biological_Process_2023,Protein Targeting To Mitochondrion (GO:0006626),1/59,0.9989125165422484,0.999995910772398,0,0,0.1403974766399468,0.0001527630120435246,DNAJC15
GO_Biological_Process_2023,RNA Splicing (GO:0008380),3/98,0.9989957136377776,0.999995910772398,0,0,0.2568488683848216,0.0002580794301994434,PPP2CA;RBM8A;PPARGC1A
GO_Biological_Process_2023,RNA Methylation (GO:0001510),1/62,0.9992310299320544,0.999995910772398,0,0,0.1334701332671883,0.00010267401913225272,ZC3H13
GO_Biological_Process_2023,Spliceosomal Complex Assembly (GO:0000245),1/62,0.9992310299320544,0.999995910772398,0,0,0.1334701332671883,0.00010267401913225272,CELF2
GO_Biological_Process_2023,rRNA Processing (GO:0006364),3/101,0.9992494807600756,0.999995910772398,0,0,0.2489440016483876,0.0001869074104814584,NEDD4;SBDS;RIOK2
GO_Biological_Process_2023,Oxidative Phosphorylation (GO:0006119),1/63,0.9993148652856276,0.999995910772398,0,0,0.131309993935898,8.999586835789238e-05,UQCRB
GO_Biological_Process_2023,Telomere Organization (GO:0032200),1/63,0.9993148652856276,0.999995910772398,0,0,0.131309993935898,8.999586835789238e-05,STON1
GO_Biological_Process_2023,Ribosomal Small Subunit Biogenesis (GO:0042274),2/84,0.9993196500475044,0.999995910772398,0,0,0.1984336540613112,0.0001350502730486481,RIOK2;RPS23
GO_Biological_Process_2023,Proteasomal Protein Catabolic Process (GO:0010498),11/220,0.9993768516707082,0.999995910772398,0,0,0.4268951974593323,0.0002661019481852897,PSMA5;TRIM71;GSK3B;APC;CUL3;USP44;NEDD4L;WWP2;ARRB1;AXIN2;FBXO9
GO_Biological_Process_2023,Protein Polyubiquitination (GO:0000209),11/226,0.9995962711620596,0.999995910772398,0,0,0.4148404443349437,0.00016751686849315067,TRIM71;RNF144B;RNF125;NEDD4;CUL3;NEDD4L;UBE2E2;WWP2;FBXL7;SASH1;FBXO9
GO_Biological_Process_2023,Mitochondrial Respiratory Chain Complex Assembly (GO:0033108),2/90,0.9996371669438442,0.999995910772398,0,0,0.1848415346121768,6.707878884487738e-05,COX16;NDUFAF4
GO_Biological_Process_2023,DNA-templated DNA Replication (GO:0006261),1/69,0.99965675876024,0.999995910772398,0,0,0.1196833616527766,4.108731726665298e-05,PURA
GO_Biological_Process_2023,Gene Expression (GO:0010467),16/296,0.9997047681052214,0.999995910772398,0,0,0.4626830233478433,0.00013661895379366915,RBM8A;CELF2;ADARB1;EEF1A1;HHEX;DDX19B;TSPAN14;NXF3;TPR;CASP1;EIF4EBP2;RPS20;RPL15;RBMS2;RPS23;TGM2
GO_Biological_Process_2023,Double-Strand Break Repair Via Homologous Recombination (GO:0000724),3/111,0.9997176721632044,0.999995910772398,0,0,0.2257661516495844,6.374906870876134e-05,STON1;SAMHD1;SPIDR
GO_Biological_Process_2023,Regulation Of Double-Strand Break Repair Via Homologous Recombination (GO:0010569),1/71,0.9997271709704773,0.999995910772398,0,0,0.1162507368834741,3.172090311363224e-05,SPIDR
GO_Biological_Process_2023,Protein Modification By Small Protein Removal (GO:0070646),3/114,0.999789632896764,0.999995910772398,0,0,0.2196271535417933,4.620718848914218e-05,USP47;USP44;EIF3F
GO_Biological_Process_2023,Ubiquitin-Dependent Protein Catabolic Process (GO:0006511),21/367,0.9998217849963894,0.999995910772398,0,0,0.4907169395457573,8.746091480805543e-05,TRIM71;GSK3B;NDFIP2;NDFIP1;UBE2I;TGFB1I1;CUL3;USP44;NEDD4L;WWP2;ARRB1;AXIN2;PSMA5;RNF144B;RNF125;RNF128;APC;NEDD4;MVB12B;FBXL7;FBXO9
GO_Biological_Process_2023,Transcription Initiation At RNA Polymerase II Promoter (GO:0006367),1/76,0.999845858359666,0.999995910772398,0,0,0.1084701207397218,1.672105107626645e-05,PPARGC1A
GO_Biological_Process_2023,Ribonucleoprotein Complex Biogenesis (GO:0022613),3/118,0.999857807370971,0.999995910772398,0,0,0.2119400602589939,3.013845714881096e-05,ZNF658;RIOK2;RPS23
GO_Biological_Process_2023,RNA Processing (GO:0006396),7/183,0.9998589643090342,0.999995910772398,0,0,0.32260710553814,4.550232484138885e-05,PPP2CA;RBM8A;CELF2;ADARB1;PRKACA;PPARGC1A;RBMS2
GO_Biological_Process_2023,Macromolecule Biosynthetic Process (GO:0009059),7/183,0.9998589643090342,0.999995910772398,0,0,0.32260710553814,4.550232484138885e-05,EEF1A1;EXT1;SLC11A1;EIF4EBP2;RPS20;RPL15;RPS23
GO_Biological_Process_2023,DNA Damage Response (GO:0006974),21/384,0.9999366303716898,0.999995910772398,0,0,0.4672806054742027,2.961233655676372e-05,PPP1R15A;USP47;NFAT5;BTG2;UBE2E2;PDS5B;SAMHD1;ZBTB4;CRIP1;SPIDR;HIC1;FOXO1;FOXP1;CCND1;APC;WAC;MNDA;MACROD2;SPATA18;RBM24;BCL2L2
GO_Biological_Process_2023,Sensory Perception Of Chemical Stimulus (GO:0007606),2/110,0.9999540783715332,0.999995910772398,0,0,0.1504417261297995,6.908687683551126e-06,C5AR1;CD36
GO_Biological_Process_2023,rRNA Metabolic Process (GO:0016072),1/91,0.999970271345297,0.999995910772398,0,0,0.0903153497376331,2.684993757551529e-06,SBDS
GO_Biological_Process_2023,Proteasome-Mediated Ubiquitin-Dependent Protein Catabolic Process (GO:0043161),15/319,0.9999723256771132,0.999995910772398,0,0,0.3987898622883928,1.1036392126019974e-05,TRIM71;GSK3B;WFS1;CUL3;USP44;FBXO17;NEDD4L;WWP2;ARRB1;AXIN2;PSMA5;APC;MAN1A1;FBXL7;FBXO9
GO_Biological_Process_2023,Ribosome Biogenesis (GO:0042254),4/155,0.9999751632163728,0.999995910772398,0,0,0.2148760330578512,5.336895815640838e-06,SBDS;ZNF658;RIOK2;RPS23
GO_Biological_Process_2023,Protein Modification By Small Protein Conjugation (GO:0032446),18/364,0.9999787797617096,0.999995910772398,0,0,0.4200314126056436,8.913261236056429e-06,EGR2;UBE2I;CUL3;NEDD4L;UBE2E2;WWP2;LMO7;ARRB1;KLHL13;KLHL41;PIAS1;SH3RF3;HECW2;NEDD4;RNF182;PDZRN3;FBXL7;FBXO9
GO_Biological_Process_2023,Chromatin Remodeling (GO:0006338),8/228,0.9999849728565676,0.999995910772398,0,0,0.2943547712636949,4.423344602984464e-06,SMARCE1;KAT2B;NFAT5;SATB1;PRDM16;WAC;PSIP1;SMARCA2
GO_Biological_Process_2023,ncRNA Processing (GO:0034470),1/100,0.9999873458591896,0.999995910772398,0,0,0.08206318110032,1.0384456193177147e-06,SBDS
GO_Biological_Process_2023,Mitochondrial Gene Expression (GO:0140053),1/103,0.9999900529071202,0.999995910772398,0,0,0.0796360726775809,7.921513513164633e-07,FOXO3
GO_Biological_Process_2023,Double-Strand Break Repair (GO:0006302),4/168,0.9999901943860464,0.999995910772398,0,0,0.1976975968106788,1.938555818235398e-06,STON1;HMGB1;SAMHD1;SPIDR
GO_Biological_Process_2023,Chromatin Organization (GO:0006325),10/268,0.9999906653048322,0.999995910772398,0,0,0.31336102902337,2.9251433360956485e-06,SMARCE1;KAT2B;TCF7L1;SATB1;WAC;NAP1L3;PSIP1;NAP1L2;NAP1L1;SMARCA2
GO_Biological_Process_2023,protein-RNA Complex Assembly (GO:0022618),3/150,0.9999908721340092,0.999995910772398,0,0,0.1655037416526959,1.5107028695442942e-06,EIF3M;CELF2;EIF3F
GO_Biological_Process_2023,DNA Metabolic Process (GO:0006259),11/288,0.999992180610896,0.999995910772398,0,0,0.3208539876647704,2.5088919841677828e-06,PURA;TCF7L2;BTG2;CNBP;STON1;NAP1L1;PDS5B;HMGB1;AXIN2;SAMHD1;DNASE1L3
GO_Biological_Process_2023,Protein Ubiquitination (GO:0016567),18/434,0.999994553249646,0.999995910772398,0,0,0.3479533982653206,1.8952204566048624e-06,TRIM71;CUL3;NEDD4L;WWP2;ARRB1;LMO7;KLHL13;KLHL41;SH3RF3;RNF144B;RNF125;HECW2;NEDD4;RNF182;PDZRN3;FBXL7;SASH1;FBXO9
GO_Biological_Process_2023,DNA Repair (GO:0006281),5/291,0.9999952363841396,0.999995910772398,0,0,0.1407916842000443,6.706790972873903e-07,USP47;BTG2;USP44;STON1;PDS5B
GO_Biological_Process_2023,Translation (GO:0006412),6/234,0.999995245734088,0.999995910772398,0,0,0.2127273606811145,1.0113648436005648e-06,EEF1A1;RWDD1;EIF4EBP2;RPS20;RPL15;RPS23
GO_Biological_Process_2023,mRNA Processing (GO:0006397),3/214,0.9999956679853836,0.999995910772398,0,0,0.1148859535984374,4.976887082137382e-07,RBM8A;PRKACA;PPARGC1A
GO_Biological_Process_2023,"mRNA Splicing, Via Spliceosome (GO:0000398)",2/211,0.999995693028381,0.999995910772398,0,0,0.0772968701988499,3.329161431159876e-07,RBM17;RBM8A
GO_Biological_Process_2023,"RNA Splicing, Via Transesterification Reactions With Bulged Adenosine As Nucleophile (GO:0000377)",1/180,0.999995910772398,0.999995910772398,0,0,0.0451819804866303,1.8475977948561613e-07,RBM8A
