Gene_set,Term,Overlap,P-value,Adjusted P-value,Old P-value,Old Adjusted P-value,Odds Ratio,Combined Score,Genes
GO_Biological_Process_2023,Mitotic Sister Chromatid Segregation (GO:0000070),34/111,6.9731980755239696e-12,2.573807409675897e-08,0,0,5.019981262518576,128.95803340718734,CDCA5;NCAPG2;KIF14;CDCA8;NCAPG;KIF11;SMC4;NCAPH;CCNB1;NUSAP1;ZNF207;KNTC1;SPDL1;CEP55;DLGAP5;OFD1;SPAG5;KIF23;NDC80;ZWINT;EML4;TPX2;CENPE;KIF18A;KIF18B;ESPL1;KIF2A;KIFC2;KIFC1;CENPI;PRC1;CENPK;CHMP4C;KIF2C
GO_Biological_Process_2023,Mitotic Spindle Assembly Checkpoint Signaling (GO:0007094),15/26,1.5802162831270746e-10,1.458144575255508e-07,0,0,15.377158182935688,347.0361530114505,ZWILCH;BUB1B;TTK;NDC80;ZWINT;CDC20;CENPF;NUF2;ZNF207;KNTC1;ATM;TRIP13;BUB1;MAD2L1;SPC25
GO_Biological_Process_2023,Mitotic Spindle Checkpoint Signaling (GO:0071174),15/26,1.5802162831270746e-10,1.458144575255508e-07,0,0,15.377158182935688,347.0361530114505,ZWILCH;BUB1B;TTK;NDC80;ZWINT;CDC20;CENPF;NUF2;ZNF207;KNTC1;ATM;TRIP13;BUB1;MAD2L1;SPC25
GO_Biological_Process_2023,Spindle Assembly Checkpoint Signaling (GO:0071173),15/26,1.5802162831270746e-10,1.458144575255508e-07,0,0,15.377158182935688,347.0361530114505,ZWILCH;BUB1B;TTK;NDC80;ZWINT;CDC20;CENPF;NUF2;ZNF207;KNTC1;ATM;TRIP13;BUB1;MAD2L1;SPC25
GO_Biological_Process_2023,Negative Regulation Of Mitotic Metaphase/Anaphase Transition (GO:0045841),15/28,6.537449876446157e-10,4.825945498792553e-07,0,0,13.010023166753346,275.13992195481467,ZWILCH;BUB1B;TTK;NDC80;ZWINT;CDC20;CENPF;NUF2;ZNF207;KNTC1;ATM;TRIP13;BUB1;MAD2L1;SPC25
GO_Biological_Process_2023,Positive Regulation Of Cell Cycle Process (GO:0090068),31/118,3.932429639492658e-09,2.4190996332279e-06,0,0,4.04118952317758,78.21321586931326,FEN1;NUMA1;NCAPG2;KIF14;CDCA8;NCAPG;TGFA;SMC4;NCAPH;AURKB;CDC14B;AURKA;RACGAP1;NUSAP1;ECT2;E2F8;GEN1;PLK4;STIL;SPAG5;EGF;DDX11;CDC7;KIF23;CDC6;NDC80;CIT;DBF4;BIRC5;RHNO1;MAD2L1
GO_Biological_Process_2023,Mitotic Spindle Organization (GO:0007052),25/85,1.0441531792156132e-08,5.505670549264041e-06,0,0,4.715007215007215,86.64992505851968,CDCA8;TTK;KIF11;AURKB;AURKA;CCNB1;NUF2;ZNF207;RCC1;DLGAP5;OFD1;STIL;NEK6;KIF23;NDC80;CENPE;TPX2;KIF2A;KIFC2;KIFC1;PRC1;KIF4A;EFHC1;BIRC5;SPC25
GO_Biological_Process_2023,Sister Chromatid Segregation (GO:0000819),15/34,2.0172731627796827e-08,8.731880089633418e-06,0,0,8.898683401805066,157.67518445225903,TOP2A;SPAG5;NCAPG2;SMC4;NDC80;ZWINT;KIF18A;KIF18B;ESPL1;CENPI;KIFC1;CENPK;NUSAP1;ZNF207;KNTC1
GO_Biological_Process_2023,Microtubule Cytoskeleton Organization Involved In Mitosis (GO:1902850),20/59,2.1291498457518492e-08,8.731880089633418e-06,0,0,5.791836605646717,102.31255025046046,STIL;NEK6;CDCA8;TTK;KIF11;AURKB;NDC80;CENPE;CCNB1;ESPL1;KIF2A;KIF4A;NUF2;NUSAP1;EFHC1;CDK1;RCC1;BIRC5;DLGAP5;SPC25
GO_Biological_Process_2023,DNA-templated DNA Replication (GO:0006261),21/69,8.064790465688815e-08,2.8465494006863183e-05,0,0,4.941779765576804,80.71494390532695,GINS1;WDHD1;PRIM2;GINS2;BLM;RFC4;GINS4;HMGA1;MCM10;RECQL4;CDC45;ORC6;RAD51;POLG2;POLE2;MCM4;DNA2;MCM6;SSBP1;MCM2;TEFM
GO_Biological_Process_2023,Regulation Of Chromosome Segregation (GO:0051983),13/28,8.502837412216553e-08,2.8465494006863183e-05,0,0,9.75891139758543,158.8778180790503,RMI2;CDCA2;NUMA1;NCAPG2;NCAPG;CDC6;MKI67;SMC4;NCAPH;ZNF207;KIF2C;HORMAD1;BUB1
GO_Biological_Process_2023,DNA Unwinding Involved In DNA Replication (GO:0006268),11/20,9.254563210034089e-08,2.8465494006863183e-05,0,0,13.75018734246202,222.69203903524897,GINS1;RECQL4;GINS2;CDC45;RAD51;GINS4;HMGA1;MCM4;MCM6;SSBP1;MCM2
GO_Biological_Process_2023,Regulation Of Cell Cycle Process (GO:0010564),30/130,1.656162613132053e-07,4.702227850054158e-05,0,0,3.397890818858561,53.05328227718587,L3MBTL1;CDCA2;KIF11;MKI67;AURKB;AURKA;FLCN;RACGAP1;CHEK1;ZNF207;RCC1;NEK2;CCNL2;ARID2;ECT2;RAB11FIP3;BUB1;RPL17;PBRM1;BORA;SMARCC2;SPAG5;HMGA2;CDC25C;MYO19;DBF4;PRC1;KIF2C;KIF20A;MCM2
GO_Biological_Process_2023,Mitotic Nuclear Division (GO:0140014),16/45,2.578211505697825e-07,6.797270476807623e-05,0,0,6.219281503159859,94.35271786377533,SPAG5;UBE2C;NCAPG2;SMC4;NDC80;ZWINT;KIF18A;KIF18B;ESPL1;CENPI;KIFC1;UBE2S;CENPK;NUSAP1;ZNF207;KNTC1
GO_Biological_Process_2023,DNA Duplex Unwinding (GO:0032508),14/41,2.528441409324912e-06,0.0006221651494545499,0,0,5.838429338429338,75.24513719358977,GINS1;GINS2;BLM;MCM8;DDX11;GINS4;HMGA1;RECQL4;CDC45;RAD51;MCM4;MCM6;SSBP1;MCM2
GO_Biological_Process_2023,Mitotic Cytokinesis (GO:0000281),17/59,3.1902934467092663e-06,0.0007359608194877439,0,0,4.562227106227106,57.73679822553007,EXOC7;CKAP2;CDCA8;KIF23;CENPA;AURKB;CIT;ANLN;ESPL1;RACGAP1;KIF4A;NUSAP1;EFHC1;BIRC5;KIF20A;ECT2;CEP55
GO_Biological_Process_2023,Centromere Complex Assembly (GO:0034508),8/14,3.885098558434765e-06,0.0008435234575989833,0,0,14.975112199102409,186.56537184441905,CENPE;CENPF;CENPW;MIS18A;CENPI;HJURP;OIP5;DLGAP5
GO_Biological_Process_2023,Mitotic Spindle Assembly (GO:0090307),14/44,6.5229410589807484e-06,0.0013375653027054,0,0,5.253726453726454,62.73046685323963,OFD1;CDCA8;KIF23;KIF11;AURKB;TPX2;RACGAP1;KIF2A;KIFC2;KIFC1;PRC1;KIF4A;ZNF207;BIRC5
GO_Biological_Process_2023,Mitotic Metaphase Plate Congression (GO:0007080),15/50,6.946101934759683e-06,0.0013493716969051,0,0,4.826499253665818,57.32592403511949,CDT1;CDCA5;KIF14;CDCA8;NDC80;EML4;CENPE;CCNB1;KIF18A;KIFC1;NUF2;CHMP4C;KIF2C;SPDL1;CEP55
GO_Biological_Process_2023,Positive Regulation Of Mitotic Sister Chromatid Separation (GO:1901970),8/15,7.72393941861922e-06,0.0014254530197061,0,0,12.835111033397448,151.0844797757453,CDC20;ESPL1;UBE2C;CDCA8;BIRC5;ANAPC5;AURKB;DLGAP5
GO_Biological_Process_2023,Metaphase Plate Congression (GO:0051310),15/51,9.09802952531302e-06,0.001599086998949,0,0,4.692173734890392,54.46418470466701,CDCA5;KIF14;CDCA8;NDC80;EML4;CENPE;CCNB1;CENPF;KIF18A;KIFC1;CHMP4C;KIF2C;SPDL1;FAM83D;CEP55
GO_Biological_Process_2023,Positive Regulation Of DNA Biosynthetic Process (GO:2000573),17/65,1.3372800159440334e-05,0.0022435911540224,0,0,3.990641025641026,44.78412190775312,CCT3;GINS1;GINS2;RFC4;XRCC5;DSCC1;GINS4;GRHL2;AURKB;GREM1;PKIB;POLG2;DKC1;NEK2;ATM;HNRNPA1;CCT5
GO_Biological_Process_2023,CENP-A Containing Chromatin Assembly (GO:0034080),5/6,2.0735917864053572e-05,0.0030614509134488,0,0,56.06902871105681,604.6284001251948,CENPW;MIS18A;CENPI;HJURP;OIP5
GO_Biological_Process_2023,Chromatin Remodeling At Centromere (GO:0031055),5/6,2.0735917864053572e-05,0.0030614509134488,0,0,56.06902871105681,604.6284001251948,CENPW;MIS18A;CENPI;HJURP;OIP5
GO_Biological_Process_2023,Desmosome Organization (GO:0002934),5/6,2.0735917864053572e-05,0.0030614509134488,0,0,56.06902871105681,604.6284001251948,DSP;JUP;PKP2;PRKCA;PKP3
GO_Biological_Process_2023,Positive Regulation Of Chromosome Separation (GO:1905820),7/13,2.7348036874119443e-05,0.0038823693885528,0,0,13.095208970438328,137.5896034008559,NUMA1;NCAPG2;CDCA8;NCAPG;BIRC5;SMC4;NCAPH
GO_Biological_Process_2023,Positive Regulation Of Chromosome Segregation (GO:0051984),8/18,4.196469520037353e-05,0.0057367292586881,0,0,8.983108935128518,90.53789728326667,CCNB1;NUMA1;NCAPG2;CDK1;NCAPG;CDC6;SMC4;NCAPH
GO_Biological_Process_2023,Mitotic Spindle Elongation (GO:0000022),6/10,4.770818630641221e-05,0.0060721005398954,0,0,16.828239608801955,167.44784252589068,RACGAP1;PRC1;KIF4A;BIRC5;CDCA8;KIF23
GO_Biological_Process_2023,Mitotic Spindle Midzone Assembly (GO:0051256),6/10,4.770818630641221e-05,0.0060721005398954,0,0,16.828239608801955,167.44784252589068,RACGAP1;PRC1;KIF4A;BIRC5;CDCA8;KIF23
GO_Biological_Process_2023,B Cell Receptor Signaling Pathway (GO:0050853),13/46,5.6890709222741895e-05,0.0069994535913713,0,0,4.431515895604293,43.315313748758,IGHM;SYK;CD79A;IGHG1;IGKC;CD19;BLNK;IGHD;CD38;CTLA4;IGLC1;IGHA1;MS4A1
GO_Biological_Process_2023,Regulation Of Cyclin-Dependent Protein Kinase Activity (GO:1904029),14/53,6.760700142132636e-05,0.007801285965466,0,0,4.039343539343539,38.78496479290606,BLM;CDKN2A;CCNF;CDC6;CDC25C;GTPBP4;CCNA2;CCNB2;CCNB1;CCNE2;CCNE1;CDK5RAP3;CDK5R1;CDKN3
GO_Biological_Process_2023,IMP Biosynthetic Process (GO:0006188),5/7,6.76350991316478e-05,0.007801285965466,0,0,28.032987171655467,269.15546025405155,ATIC;AMPD3;HPRT1;GART;PAICS
GO_Biological_Process_2023,Ribosomal Large Subunit Biogenesis (GO:0042273),14/54,8.443766164880266e-05,0.0094442245195675,0,0,3.938144963144963,36.937818976966575,RPL5;NPM1;RPL10;NOP16;PAK1IP1;NOP2;GTF3A;WDR12;GTPBP4;RPL7;MRTO4;HEATR3;BRIX1;MDN1
GO_Biological_Process_2023,Double-Strand Break Repair Via Break-Induced Replication (GO:0000727),6/11,9.76433368653673e-05,0.0106000457755903,0,0,13.461858190709046,124.30934467972548,GINS2;GINS4;MCM4;CDC7;MCM6;MCM2
GO_Biological_Process_2023,Regulation Of Mitotic Nuclear Division (GO:0007088),14/56,0.00012927883080192666,0.0136333761282831,0,0,3.7502047502047504,33.577604515769174,L3MBTL1;BORA;CDCA2;EGF;TGFA;MKI67;CDC25C;AURKA;TOM1L1;CCNB1;CHEK1;NUSAP1;RCC1;NEK2
GO_Biological_Process_2023,Positive Regulation Of DNA-directed DNA Polymerase Activity (GO:1900264),6/12,0.0001816988027316526,0.0181256832670953,0,0,11.21760391198044,96.61901923817776,GINS1;GINS2;RFC4;POLG2;DSCC1;GINS4
GO_Biological_Process_2023,Regulation Of DNA-directed DNA Polymerase Activity (GO:1900262),6/12,0.0001816988027316526,0.0181256832670953,0,0,11.21760391198044,96.61901923817776,GINS1;GINS2;RFC4;POLG2;DSCC1;GINS4
GO_Biological_Process_2023,DNA Metabolic Process (GO:0006259),42/288,0.0001914947031726708,0.0185440932851994,0,0,1.932682926829268,16.545022888799135,TOP2A;PRIM2;FEN1;BLM;DCLRE1C;RNASEH2A;MCM8;HMGB3;MCM10;TYMS;RECQL4;RAD51AP1;NT5E;ORC6;CDC45;EXO1;CHEK1;KPNA2;BARD1;GEN1;WDHD1;MBD4;RMI2;NPM1;RFC4;XRCC5;XRCC2;DONSON;CHD1L;UCHL5;NEIL3;RAD51;UBE2T;POLE2;TIMELESS;CDK1;MCM4;ATM;DNA2;MCM6;DCTPP1;MCM2
GO_Biological_Process_2023,Regulation Of Mitotic Cell Cycle (GO:0007346),23/125,0.00019594138123077203,0.0185440932851994,0,0,2.5426491782630283,21.70836322386026,FOXA1;L3MBTL1;BORA;CDCA2;NEK6;GMNN;ASNS;PRKCA;SCRIB;MKI67;CDC25C;CKS1B;AURKA;CDC20;CCNB1;EIF4EBP1;RCC1;NEK2;ANAPC5;PIM2;CDK5RAP3;DLGAP5;MAD2L1
GO_Biological_Process_2023,Bundle Of His cell-Purkinje Myocyte Adhesion Involved In Cell Communication (GO:0086073),4/5,0.0002115600100126308,0.0194501672688014,0,0,44.827838827838825,379.28842790110986,DSP;JUP;PKP2;DSG2
GO_Biological_Process_2023,Positive Regulation Of Chromosome Organization (GO:2001252),10/33,0.0002160544183204708,0.0194501672688014,0,0,4.8846440750213125,41.22629949870661,FEN1;DDX11;NCAPG2;DHX36;CDK1;NCAPG;SMC4;AURKB;NCAPH;GNL3
GO_Biological_Process_2023,Regulation Of Mitotic Cell Cycle Spindle Assembly Checkpoint (GO:0090266),7/17,0.00023096907969890723,0.0195205279470591,0,0,7.855412844036697,65.7751526478423,GEN1;CCNB1;CDCA8;BIRC5;AURKB;NDC80;MAD2L1
GO_Biological_Process_2023,Regulation Of Ubiquitin Protein Ligase Activity (GO:1904666),7/17,0.00023096907969890723,0.0195205279470591,0,0,7.855412844036697,65.7751526478423,CDC20;RPL5;UBE2C;UBE2S;RPL17;CDC14B;MAD2L1
GO_Biological_Process_2023,DNA Replication (GO:0006260),16/73,0.0002327020400082907,0.0195205279470591,0,0,3.159362119936989,26.43043909214556,WDHD1;FEN1;BLM;RFC4;RNASEH2A;MCM8;DONSON;RECQL4;POLG2;POLE2;CHEK1;CDK1;MCM4;DNA2;MCM6;MCM2
GO_Biological_Process_2023,Mitotic Cell Cycle Phase Transition (GO:0044772),21/111,0.00024543440827238725,0.0201310755762973,0,0,2.6295702241414767,21.858252059612703,UBE2C;CCNF;CDC7;CDC25C;FOXM1;GSPT1;AURKA;CCNA2;CCNB2;CCNB1;MELK;DBF4;CCNE2;CCNE1;UBE2S;EIF4EBP1;CDK1;RCC1;E2F3;PIM2;CDKN3
GO_Biological_Process_2023,Cytoskeleton-Dependent Cytokinesis (GO:0061640),17/81,0.00026140207069525384,0.0209746748464387,0,0,2.9903653846153846,24.66887221981076,EXOC7;CKAP2;CDCA8;KIF23;CENPA;AURKB;CIT;ANLN;ESPL1;RACGAP1;KIF4A;NUSAP1;EFHC1;BIRC5;KIF20A;ECT2;CEP55
GO_Biological_Process_2023,Tight Junction Assembly (GO:0120192),13/53,0.0002736986366935969,0.0214940780433205,0,0,3.6546040515653777,29.98048192717704,LSR;CLDN2;GRHL2;CLDN6;CLDN10;CLDN4;DLG1;CLDN3;POF1B;CLDN12;CLDN7;MARVELD3;ECT2
GO_Biological_Process_2023,Regulation Of Apoptotic Process (GO:0042981),84/705,0.000337748612681637,0.0259714610293317,0,0,1.53992793932516,12.308965384528337,TOP2A;FOXA1;ZFAND6;PDCD5;FHL2;KIF14;UBE2Z;CCAR1;COMP;FLCN;SIX4;AIFM2;CASP6;TRIM2;CTLA4;CD38;PIM2;CCNL2;SOX4;RBM5;HTATIP2;IGFBP3;SCRIB;FBXO11;MMP9;NME1;GREM1;SFRP4;TOX3;MELK;MORF4L2;CEACAM5;PPIF;YME1L1;BIRC5;TNFRSF25;ANGPTL4;ARHGEF7;CARD14;MCM2;LTF;PRKAA1;RPL10;MAPKAP1;VTCN1;ASCL1;NOL3;LRP8;HSPD1;MBTD1;PRDX2;BCL2L11;SCIN;FIGNL1;PMAIP1;PRAME;ECT2;SPDEF;MAP4K4;BARD1;TFAP2A;EGLN3;NPM1;STIL;BIK;STAT1;API5;BNIP3;STYK1;SIAH1;IL31RA;ASNS;HMGA2;BRAF;PTK2;MLLT11;AHI1;GCLC;KRT18;CDK1;ANP32E;CD27;ATM;MAD2L1
GO_Biological_Process_2023,Kinetochore Assembly (GO:0051382),5/9,0.00035259861007558345,0.0260288293957795,0,0,14.014966401954796,111.42150881206612,CENPE;CENPF;CENPW;KNTC1;DLGAP5
GO_Biological_Process_2023,Regulation Of Attachment Of Spindle Microtubules To Kinetochore (GO:0051988),5/9,0.00035259861007558345,0.0260288293957795,0,0,14.014966401954796,111.42150881206612,CCNB1;RACGAP1;SPAG5;NEK2;ECT2
GO_Biological_Process_2023,Positive Regulation Of Telomere Maintenance Via Telomere Lengthening (GO:1904358),10/35,0.0003682541755383284,0.0266514933708229,0,0,4.493382352941176,35.52799324124087,CCT3;PKIB;XRCC5;DHX36;HNRNPA2B1;NEK2;ATM;HNRNPA1;AURKB;CCT5
GO_Biological_Process_2023,DNA Recombination (GO:0006310),11/42,0.0004352807639989637,0.0308965634600033,0,0,3.9872035758786417,30.859039030927963,BARD1;GEN1;BLM;RMI2;RAD51;EXO1;XRCC5;XRCC2;HMGB3;RAD54B;RHNO1
GO_Biological_Process_2023,Regulation Of Mitotic Metaphase/Anaphase Transition (GO:0030071),12/49,0.0004735222344322196,0.0329768031564023,0,0,3.645365611009783,27.90640997199444,CDC20;CENPE;PBRM1;CCNB1;SMARCC2;ESPL1;UBE2C;NEK6;ANAPC5;CDC6;ARID2;DLGAP5
GO_Biological_Process_2023,Ribonucleoprotein Complex Biogenesis (GO:0022613),21/118,0.0005792551729913017,0.0384130579900781,0,0,2.4388725300024805,18.178788713446767,RPL5;NPM1;NOP16;KRR1;PAK1IP1;MRPS12;HEATR1;FCF1;GTF3A;C1ORF131;WDR12;GTPBP4;RPL7;BYSL;BOP1;RPS16;XPO1;MRTO4;HEATR3;IGF2BP3;RPS24
GO_Biological_Process_2023,G-quadruplex DNA Unwinding (GO:0044806),4/6,0.000593211678524643,0.0384130579900781,0,0,22.41269841269841,166.52543612564472,DDX11;DHX36;HNRNPA2B1;DNA2
GO_Biological_Process_2023,GMP Biosynthetic Process (GO:0006177),4/6,0.000593211678524643,0.0384130579900781,0,0,22.41269841269841,166.52543612564472,ATIC;HPRT1;GART;PAICS
GO_Biological_Process_2023,Cardiac Muscle Cell-Cardiac Muscle Cell Adhesion (GO:0086042),4/6,0.000593211678524643,0.0384130579900781,0,0,22.41269841269841,166.52543612564472,DSP;JUP;PKP2;DSG2
GO_Biological_Process_2023,Positive Regulation Of Release Of Cytochrome C From Mitochondria (GO:0090200),8/25,0.000616217235642791,0.0391835380153848,0,0,5.282165742674058,39.04529906414584,MLLT11;BCL2L11;BIK;BNIP3;PDCD5;PPIF;PMAIP1;MMP9
GO_Biological_Process_2023,Kinetochore Organization (GO:0051383),5/10,0.0006574910640928503,0.0391835380153848,0,0,11.21136224801466,82.14654120225829,CENPE;CENPF;CENPW;NUF2;DLGAP5
GO_Biological_Process_2023,Mitotic DNA Replication (GO:1902969),5/10,0.0006574910640928503,0.0391835380153848,0,0,11.21136224801466,82.14654120225829,GINS1;MCM4;MCM6;TK1;MCM2
GO_Biological_Process_2023,Positive Regulation Of DNA-templated DNA Replication (GO:2000105),5/10,0.0006574910640928503,0.0391835380153848,0,0,11.21136224801466,82.14654120225829,CDT1;DBF4;CDC7;SSBP1;E2F8
GO_Biological_Process_2023,Double-Strand Break Repair Via Homologous Recombination (GO:0000724),20/111,0.0006581900181397615,0.0391835380153848,0,0,2.4751697131475185,18.133135116612767,GEN1;GINS2;BLM;FEN1;RMI2;MCM8;ZMYND8;XRCC2;GINS4;CDC7;BRCA2;RAD54B;MBTD1;RAD51AP1;RECQL4;CDC45;RAD51;MCM4;MCM6;MCM2
GO_Biological_Process_2023,Regulation Of Cytokinesis (GO:0032465),16/80,0.0006891772388836198,0.0403770347415784,0,0,2.812730627306273,20.476712942526223,KIF14;KIF23;CDC6;MYO19;AURKB;CDC14B;CIT;AURKA;FLCN;RACGAP1;PRC1;CHMP4C;KIF20A;ECT2;RAB11FIP3;E2F8
GO_Biological_Process_2023,Regulation Of Protein Serine/Threonine Kinase Activity (GO:0071900),20/112,0.0007406020737825209,0.0427119102239263,0,0,2.4481316678282314,17.646248342635463,BLM;CDKN2A;CCNF;MST1;HMGA2;THY1;CDC6;CDC25C;GTPBP4;CCNA2;CCNB2;CCNB1;CCNE2;CCNE1;TRIB3;CDK5RAP3;EZH2;LTF;CDK5R1;CDKN3
GO_Biological_Process_2023,Regulation Of Translation (GO:0006417),30/202,0.0011022122320958,0.057622327231554,0,0,1.967727508800277,13.401082261536876,EIF4A2;RPL5;DDX6;RPL10;SHMT2;MSI2;TYMS;BZW2;PLD1;GIGYF2;GSPT1;TRIM2;DHX36;ENC1;IGF2BP3;SOX4;PAIP1;NANOS1;NPM1;NHLRC3;NSUN5;METTL3;PUS7;LRPPRC;DHFR;HNRNPD;PKP3;EIF3C;OGT;EIF3B
GO_Biological_Process_2023,Positive Regulation Of Metaphase/Anaphase Transition Of Cell Cycle (GO:1902101),5/11,0.0011240334762047,0.057622327231554,0,0,9.342292812054572,63.441938597819615,CDC20;ESPL1;UBE2C;ANAPC5;DLGAP5
GO_Biological_Process_2023,Positive Regulation Of Mitotic Cell Cycle Spindle Assembly Checkpoint (GO:0090267),5/11,0.0011240334762047,0.057622327231554,0,0,9.342292812054572,63.441938597819615,GEN1;BIRC5;CDCA8;NDC80;MAD2L1
GO_Biological_Process_2023,Positive Regulation Of Mitotic Metaphase/Anaphase Transition (GO:0045842),5/11,0.0011240334762047,0.057622327231554,0,0,9.342292812054572,63.441938597819615,CDC20;ESPL1;UBE2C;ANAPC5;DLGAP5
GO_Biological_Process_2023,"Positive Regulation Of Protein Localization To Chromosome, Telomeric Region (GO:1904816)",5/11,0.0011240334762047,0.057622327231554,0,0,9.342292812054572,63.441938597819615,CCT3;GNL3L;DKC1;CCT5;GNL3
GO_Biological_Process_2023,Positive Regulation Of Spindle Checkpoint (GO:0090232),5/11,0.0011240334762047,0.057622327231554,0,0,9.342292812054572,63.441938597819615,GEN1;BIRC5;CDCA8;NDC80;MAD2L1
GO_Biological_Process_2023,Protein Localization To Kinetochore (GO:0034501),5/11,0.0011240334762047,0.057622327231554,0,0,9.342292812054572,63.441938597819615,ZWILCH;CDK1;KNTC1;TTK;SPDL1
GO_Biological_Process_2023,Regulation Of Ventricular Cardiac Muscle Cell Action Potential (GO:0098911),5/11,0.0011240334762047,0.057622327231554,0,0,9.342292812054572,63.441938597819615,DSP;DLG1;JUP;PKP2;DSG2
GO_Biological_Process_2023,Bicellular Tight Junction Assembly (GO:0070830),11/47,0.0012108379388019,0.060394632866461,0,0,3.4324885891409496,23.054112747651715,CLDN6;CLDN10;CLDN4;DLG1;CLDN3;POF1B;MARVELD3;CLDN7;CLDN2;ECT2;GRHL2
GO_Biological_Process_2023,Regulation Of Signal Transduction By P53 Class Mediator (GO:1901796),11/47,0.0012108379388019,0.060394632866461,0,0,3.4324885891409496,23.054112747651715,RPL5;BOP1;PAK1IP1;NOP2;CHEK1;ATM;RPL17;AURKB;CDK5RAP3;SOX4;AURKA
GO_Biological_Process_2023,Positive Regulation Of Chromosome Condensation (GO:1905821),4/7,0.0012939852384253,0.062843414671422,0,0,14.940984940984942,99.35797553632376,NCAPG2;NCAPG;SMC4;NCAPH
GO_Biological_Process_2023,Regulation Of Chromosome Condensation (GO:0060623),4/7,0.0012939852384253,0.062843414671422,0,0,14.940984940984942,99.35797553632376,NCAPG2;NCAPG;SMC4;NCAPH
GO_Biological_Process_2023,Positive Regulation Of Mitotic Nuclear Division (GO:0045840),9/35,0.0016455952948606,0.078881717315984,0,0,3.8859107824202734,24.90734001069129,CDC20;ESPL1;EGF;UBE2C;NUSAP1;TGFA;ANAPC5;DLGAP5;AURKA
GO_Biological_Process_2023,Regulation Of DNA-templated DNA Replication (GO:0090329),6/17,0.0017000994264551,0.0804495767057165,0,0,6.117026005779062,39.00869412110361,CDT1;BLM;GMNN;MCM4;MCM6;MCM2
GO_Biological_Process_2023,Attachment Of Mitotic Spindle Microtubules To Kinetochore (GO:0051315),5/12,0.0017971329537549,0.081891576942092,0,0,8.007243214940221,50.61828993657939,CDT1;CENPE;NUF2;KIF2C;NDC80
GO_Biological_Process_2023,Histone Monoubiquitination (GO:0010390),5/12,0.0017971329537549,0.081891576942092,0,0,8.007243214940221,50.61828993657939,BARD1;DEPDC1B;RAD51;UHRF1;BRCA2
GO_Biological_Process_2023,Regulation Of Chromosome Separation (GO:1905818),5/12,0.0017971329537549,0.081891576942092,0,0,8.007243214940221,50.61828993657939,NUMA1;NCAPG2;NCAPG;SMC4;NCAPH
GO_Biological_Process_2023,Negative Regulation Of Programmed Cell Death (GO:0043069),48/381,0.0019590037671576,0.0881790598119364,0,0,1.6299863225835622,10.163485040687108,PRKAA1;RPL10;MAPKAP1;ZFAND6;KIF14;FHL2;SLC7A11;VTCN1;ASCL1;NOL3;UBE2Z;HSPD1;COMP;PRDX2;SIX4;AIFM2;FIGNL1;CD38;PRAME;PIM2;HTATIP2;MAP4K4;BARD1;TFAP2A;NPM1;STIL;API5;BNIP3;IL31RA;ASNS;HMGA2;BRAF;MMP9;PTK2;GREM1;AHI1;GCLC;KRT18;CEACAM5;PPIF;CDK1;YME1L1;CD27;BIRC5;ANGPTL4;CARD14;MAD2L1;LTF
GO_Biological_Process_2023,Ephrin Receptor Signaling Pathway (GO:0048013),10/43,0.0021035947747724,0.0935466061889787,0,0,3.4025920974450385,20.97394380823311,PAK1;EFNA5;EPHB2;ARHGEF7;EFNA4;EPHB1;MMP9;PTK2;NGEF;CDK5R1
GO_Biological_Process_2023,DNA Geometric Change (GO:0032392),8/30,0.0023050327337422,0.1000926567087375,0,0,4.080560810058974,24.779860046932075,RECQL4;BLM;MCM8;DDX11;DHX36;HNRNPA2B1;HMGB3;DNA2
GO_Biological_Process_2023,Mitotic G2 DNA Damage Checkpoint Signaling (GO:0007095),8/30,0.0023050327337422,0.1000926567087375,0,0,4.080560810058974,24.779860046932075,BLM;DEPDC1B;CHEK1;DONSON;CDK1;ATM;CDK5RAP3;CDC14B
GO_Biological_Process_2023,Bundle Of His Cell To Purkinje Myocyte Communication (GO:0086069),4/8,0.0024198693582416,0.1014078999893233,0,0,11.205128205128204,67.50015983571018,DSP;JUP;PKP2;DSG2
GO_Biological_Process_2023,Positive Regulation Of Ubiquitin Protein Ligase Activity (GO:1904668),4/8,0.0024198693582416,0.1014078999893233,0,0,11.205128205128204,67.50015983571018,CDC20;UBE2C;UBE2S;CDC14B
GO_Biological_Process_2023,Regulation Of Sister Chromatid Cohesion (GO:0007063),4/8,0.0024198693582416,0.1014078999893233,0,0,11.205128205128204,67.50015983571018,FEN1;ESPL1;DDX11;BUB1
GO_Biological_Process_2023,"Negative Regulation Of Gene Expression, Epigenetic (GO:0045814)",11/51,0.0024452189376997,0.1014078999893233,0,0,3.0885652973635804,18.57345994297684,L3MBTL1;SUV39H2;HELLS;UHRF1;CBX3;CHEK1;HMGA2;PPHLN1;LMNB1;EZH2;PHF19
GO_Biological_Process_2023,Extracellular Matrix Disassembly (GO:0022617),10/44,0.0025253283778234,0.1035665226949603,0,0,3.3023356401384083,19.75253813544901,MMP12;MMP11;MMP7;MMP13;MMP1;ADAM8;CTSV;PRSS2;MMP9;MMP10
GO_Biological_Process_2023,Cell Cycle G1/S Phase Transition (GO:0044843),11/52,0.0028754069085113,0.1153600749925572,0,0,3.013069940631963,17.63116279999505,CCNA2;DBF4;CCNE2;CCNE1;EIF4EBP1;RCC1;E2F3;CDC7;PIM2;GSPT1;CDKN3
GO_Biological_Process_2023,Cellular Response To Ionizing Radiation (GO:0071479),11/52,0.0028754069085113,0.1153600749925572,0,0,3.013069940631963,17.63116279999505,RAD51AP1;BARD1;DEPDC1B;BLM;RAD51;XRCC5;FIGNL1;INTS7;BRCA2;ECT2;RHNO1
GO_Biological_Process_2023,Mitotic Cell Cycle Checkpoint Signaling (GO:0007093),7/25,0.0031861411703354,0.1255678341531154,0,0,4.36221542643561,25.078135512963293,BARD1;DEPDC1B;CHEK1;CHMP4C;AURKB;CDK5RAP3;ZWINT
GO_Biological_Process_2023,Calcium-Independent Cell-Cell Adhesion Via Plasma Membrane Cell-Adhesion Molecules (GO:0016338),6/19,0.0032319003642768,0.1255678341531154,0,0,5.1753808538649615,29.67917877951897,CLDN6;CLDN10;CLDN4;CLDN12;CLDN7;CLDN2
GO_Biological_Process_2023,Regulation Of Nuclear Division (GO:0051783),6/19,0.0032319003642768,0.1255678341531154,0,0,5.1753808538649615,29.67917877951897,L3MBTL1;CDCA2;RCC1;NEK2;CDC25C;MKI67
GO_Biological_Process_2023,Extracellular Structure Organization (GO:0043062),18/109,0.003266013105023,0.1255713996941659,0,0,2.224909327126076,12.735793201606384,POSTN;MMP7;MMP1;COL11A1;MMP9;MMP10;TGFBR1;COL1A1;MMP12;MMP11;COL3A1;COL1A2;MMP13;IBSP;COL5A1;COL7A1;COL5A2;COL10A1
GO_Biological_Process_2023,Cellular Component Disassembly (GO:0022411),10/46,0.003570910069258,0.1333207467577113,0,0,3.118532135076253,17.572725235135977,MMP12;MMP11;MMP7;MMP13;MMP1;ADAM8;CTSV;PRSS2;MMP9;MMP10
GO_Biological_Process_2023,Mitotic G2/M Transition Checkpoint (GO:0044818),10/46,0.003570910069258,0.1333207467577113,0,0,3.118532135076253,17.572725235135977,BARD1;BLM;DEPDC1B;CHEK1;DONSON;CDK1;ATM;CDC6;CDK5RAP3;CDC14B
GO_Biological_Process_2023,Positive Regulation Of Telomere Maintenance Via Telomerase (GO:0032212),8/32,0.0035759289972943,0.1333207467577113,0,0,3.740106079151367,21.070000836879156,CCT3;PKIB;XRCC5;NEK2;ATM;HNRNPA1;AURKB;CCT5
GO_Biological_Process_2023,Positive Regulation Of Cytokinesis (GO:0032467),9/39,0.0036676414676335,0.1353726465703555,0,0,3.367054500918554,18.88313685499482,RACGAP1;KIF14;CDCA8;BIRC5;KIF23;CDC6;ECT2;CDC14B;CIT
GO_Biological_Process_2023,Apical Junction Assembly (GO:0043297),11/54,0.0039179868493906,0.1431810837732744,0,0,2.8726134629917444,15.920533172014164,CLDN6;CLDN10;CLDN4;DLG1;CLDN3;POF1B;CLDN7;MARVELD3;CLDN2;ECT2;GRHL2
GO_Biological_Process_2023,Ribosome Biogenesis (GO:0042254),23/155,0.0039944886552698,0.1432000181094651,0,0,1.961545660433863,10.833302254915615,RPL5;NPM1;NOP16;KRR1;PAK1IP1;MRPS12;HEATR1;FCF1;GTF3A;C1ORF131;WDR12;GTPBP4;RPL7;BYSL;BOP1;RPS16;XPO1;DKC1;MRTO4;HEATR3;IGF2BP3;RPS24;DCAF13
GO_Biological_Process_2023,Regulation Of Cardiac Muscle Cell Contraction (GO:0086004),7/26,0.0040554593098826,0.1432000181094651,0,0,4.132399806856591,22.759982579314386,DSP;DLG1;JUP;PDE4D;PKP2;ATP2A2;DSG2
GO_Biological_Process_2023,Positive Regulation Of RNA Biosynthetic Process (GO:1902680),4/9,0.0040736932813583,0.1432000181094651,0,0,8.963614163614164,49.3286085319323,TOP2A;GINS2;PRIM2;GINS4
GO_Biological_Process_2023,Purine Nucleobase Metabolic Process (GO:0006144),4/9,0.0040736932813583,0.1432000181094651,0,0,8.963614163614164,49.3286085319323,SLC25A16;SHMT2;HPRT1;PAICS
GO_Biological_Process_2023,Mitochondrial RNA Metabolic Process (GO:0000959),6/20,0.0043002060866341,0.1497364213751568,0,0,4.805448829898707,26.18533436268316,PNPT1;FASTKD1;FASTKD2;TFB2M;MRPL12;TEFM
GO_Biological_Process_2023,Regulation Of Cyclin-Dependent Protein Serine/Threonine Kinase Activity (GO:0000079),14/79,0.0046945912952698,0.1609186754138751,0,0,2.42016632016632,12.97534471489832,BLM;CDKN2A;CCNF;CDC6;CDC25C;GTPBP4;CCNA2;CCNB2;CCNB1;CCNE2;CCNE1;CDK5RAP3;CDK5R1;CDKN3
GO_Biological_Process_2023,Positive Regulation Of Mitotic Cell Cycle Phase Transition (GO:1901992),12/63,0.0047085388633699,0.1609186754138751,0,0,2.642656080837243,14.160349251583684,CDC20;CCNB1;STIL;RRM2;ESPL1;UBE2C;CDCA5;CDK1;ANAPC5;CDC7;CDC25C;DLGAP5
GO_Biological_Process_2023,Positive Regulation Of Osteoblast Proliferation (GO:0033690),3/5,0.0048675696376325,0.1648275186468035,0,0,16.799267846247712,89.4587978017613,CCNA2;HPSE;LTF
GO_Biological_Process_2023,Cellular Response To Radiation (GO:0071478),10/48,0.0049331717420946,0.1655303354551928,0,0,2.954076367389061,15.691383508888253,RAD51AP1;BARD1;BLM;DEPDC1B;RAD51;FIGNL1;INTS7;BRCA2;ECT2;RHNO1
GO_Biological_Process_2023,Positive Regulation Of Ubiquitin-Protein Transferase Activity (GO:0051443),7/27,0.0050930669014145,0.1682302713063659,0,0,3.925565749235474,20.7264968340048,CDC20;DCUN1D5;UBE2C;UBE2S;MAGEA2;TRIB3;CDC14B
GO_Biological_Process_2023,Positive Regulation Of Cell Adhesion (GO:0045785),15/88,0.0051047928437585,0.1682302713063659,0,0,2.3092758333263173,12.187377346580467,SYK;LIF;PRKCA;FUT3;FLCN;FRMD5;IBSP;MDK;AGR2;SAA1;CCR7;ADAM8;ATM;TNPO1;PRSS2
GO_Biological_Process_2023,Regulation Of Release Of Cytochrome C From Mitochondria (GO:0090199),9/41,0.0052277904067277,0.169807963549555,0,0,3.1562691365584814,16.582301289935526,MLLT11;BCL2L11;BIK;BNIP3;PDCD5;PPIF;PMAIP1;NOL3;MMP9
GO_Biological_Process_2023,Negative Regulation Of Apoptotic Process (GO:0043066),56/482,0.0052446783648467,0.169807963549555,0,0,1.4862914350330652,7.803834654520179,ZFAND6;FHL2;KIF14;SIX1;UBE2Z;COMP;SIX4;MDK;CD38;PIM2;MAGEA3;HTATIP2;VSTM2L;PRKCA;MMP9;GREM1;TOX3;PTRH2;CEACAM5;PPIF;YME1L1;BIRC5;ADAM8;ANGPTL4;CARD14;LTF;PRKAA1;RPL10;MAPKAP1;VTCN1;ASCL1;NOL3;HSPD1;PRDX2;FIGNL1;SFN;PRAME;MAP4K4;BARD1;TFAP2A;NPM1;STIL;API5;BNIP3;IL31RA;ASNS;HMGA2;BRAF;PTK2;AHI1;GCLC;KRT18;CDK1;CD27;CRLF1;MAD2L1
GO_Biological_Process_2023,Establishment Of Mitotic Spindle Localization (GO:0040001),8/34,0.0053306352697231,0.1708489447511773,0,0,3.4520289991526223,18.06890312772383,NUMA1;ESPL1;SAPCD2;NUSAP1;SPDL1;CENPA;NDC80;MAD2L1
GO_Biological_Process_2023,Response To Ionizing Radiation (GO:0010212),13/72,0.0053694060122288,0.1708489447511773,0,0,2.475127716910656,12.937586603491235,BARD1;BLM;PRKAA1;BRCA2;RAD51AP1;DEPDC1B;RAD51;FANCD2;FIGNL1;ATM;INTS7;ECT2;RHNO1
GO_Biological_Process_2023,Mitotic Chromosome Condensation (GO:0007076),5/15,0.0055334142841609,0.1730833230748988,0,0,5.604153940134392,29.124509179461576,CDCA5;NUSAP1;NCAPG;SMC4;NCAPH
GO_Biological_Process_2023,Oogenesis (GO:0048477),5/15,0.0055334142841609,0.1730833230748988,0,0,5.604153940134392,29.124509179461576,NANOS1;MDK;METTL3;HORMAD1;TRIP13
GO_Biological_Process_2023,DNA Integrity Checkpoint Signaling (GO:0031570),9/42,0.0061788898447697,0.1890497412332263,0,0,3.0604576073039023,15.567374653814449,CDT1;CDC45;CHEK1;DONSON;TIMELESS;INTS7;CDC6;DNA2;RHNO1
GO_Biological_Process_2023,Positive Regulation Of Bone Resorption (GO:0045780),4/10,0.0063511698490707,0.1890497412332263,0,0,7.46927146927147,37.78791270204392,SYK;SPP1;TNFSF11;PRKCA
GO_Biological_Process_2023,Positive Regulation Of Protein Localization To Cajal Body (GO:1904871),4/10,0.0063511698490707,0.1890497412332263,0,0,7.46927146927147,37.78791270204392,CCT3;DKC1;LARP7;CCT5
GO_Biological_Process_2023,Protein Localization To Condensed Chromosome (GO:1903083),4/10,0.0063511698490707,0.1890497412332263,0,0,7.46927146927147,37.78791270204392,ZWILCH;CDK1;TTK;SPDL1
GO_Biological_Process_2023,Regulation Of Mitotic Sister Chromatid Separation (GO:0010965),4/10,0.0063511698490707,0.1890497412332263,0,0,7.46927146927147,37.78791270204392,CCNB1;BIRC5;CDCA8;AURKB
GO_Biological_Process_2023,Regulation Of Protein Localization To Cajal Body (GO:1904869),4/10,0.0063511698490707,0.1890497412332263,0,0,7.46927146927147,37.78791270204392,CCT3;DKC1;LARP7;CCT5
GO_Biological_Process_2023,Positive Regulation Of Transferase Activity (GO:0051347),21/143,0.0065080941029074,0.1921710026706525,0,0,1.936448862774446,9.74945580126608,GINS1;PRIM2;GINS2;RFC4;DCUN1D5;XRCC5;DSCC1;GINS4;GRHL2;SORL1;AURKB;GREM1;PKIB;POLG2;PABPN1;DKC1;HNRNPA2B1;HNRNPD;MAGEA2;NEK2;TRIB3
GO_Biological_Process_2023,Regulation Of Cell Adhesion (GO:0030155),21/144,0.0070461865598642,0.2064085285115779,0,0,1.9206000511578216,9.5170893609718,ADAMDEC1;TESC;KIF14;C2CD4A;PRKCA;EFNA5;FUT2;PTK2;FLCN;FRMD5;IBSP;PLAU;MDK;PKP2;SAA1;ADAM8;ATM;CCR7;EPHB2;TNPO1;PRSS2
GO_Biological_Process_2023,Ribosomal Large Subunit Assembly (GO:0000027),6/22,0.007183885940629,0.2087852205264721,0,0,4.204309290953545,20.752112557974545,RPL5;RPL10;FASTKD2;NOP2;BRIX1;MDN1
GO_Biological_Process_2023,Nuclear Chromosome Segregation (GO:0098813),5/16,0.0075115259238464,0.2132695552685949,0,0,5.094407730327095,24.91836134430591,TOP2A;CENPF;KIF2C;FAM83D;NDC80
GO_Biological_Process_2023,Regulation Of Interleukin-1 Production (GO:0032652),5/16,0.0075115259238464,0.2132695552685949,0,0,5.094407730327095,24.91836134430591,CEACAM1;TMED10;IGHD;SAA1;CCR7
GO_Biological_Process_2023,Regulation Of Osteoblast Proliferation (GO:0033688),5/16,0.0075115259238464,0.2132695552685949,0,0,5.094407730327095,24.91836134430591,CCNA2;GREM1;NELL1;HPSE;LTF
GO_Biological_Process_2023,External Encapsulating Structure Organization (GO:0045229),17/110,0.008218740212613,0.2315677108759901,0,0,2.0546236559139786,9.864943334367345,POSTN;MMP7;MMP1;COL11A1;MMP9;MMP10;COL1A1;MMP12;MMP11;COL3A1;COL1A2;MMP13;IBSP;COL5A1;COL7A1;COL5A2;COL10A1
GO_Biological_Process_2023,DNA Repair (GO:0006281),36/291,0.0088314700654338,0.2393540263739104,0,0,1.591355944619442,7.526212581010421,FEN1;BLM;DCLRE1C;RNASEH2A;CDCA5;BRCA2;RECQL4;RAD51AP1;EME1;EXO1;CHEK1;BARD1;FANCI;WDHD1;MBD4;RMI2;NPM1;SLC30A9;RFC4;XRCC5;XRCC2;HMGA2;CHD1L;RAD23B;DEPDC1B;NEIL3;RAD51;FANCD2;UBE2T;POLE2;TIMELESS;CDK1;ATM;DNA2;TRIP13;RHNO1
GO_Biological_Process_2023,Regulation Of Centrosome Cycle (GO:0046605),6/23,0.0090562856230353,0.2393540263739104,0,0,3.956781245505537,18.613871050159087,GEN1;NPM1;CHMP4C;CCNL2;AURKA;MCM2
GO_Biological_Process_2023,'De Novo' AMP Biosynthetic Process (GO:0044208),3/6,0.0091419452222123,0.2393540263739104,0,0,11.198901769371568,52.57752335558619,ATIC;GART;PAICS
GO_Biological_Process_2023,Glutathione Biosynthetic Process (GO:0006750),3/6,0.0091419452222123,0.2393540263739104,0,0,11.198901769371568,52.57752335558619,GCLC;CHAC2;GCLM
GO_Biological_Process_2023,Hepatocyte Growth Factor Receptor Signaling Pathway (GO:0048012),3/6,0.0091419452222123,0.2393540263739104,0,0,11.198901769371568,52.57752335558619,NELL1;PAK1;MUC20
GO_Biological_Process_2023,Negative Regulation Of Protein Sumoylation (GO:0033234),3/6,0.0091419452222123,0.2393540263739104,0,0,11.198901769371568,52.57752335558619,PIAS3;GNL3L;MAGEA2
GO_Biological_Process_2023,Positive Regulation Of Spindle Assembly (GO:1905832),3/6,0.0091419452222123,0.2393540263739104,0,0,11.198901769371568,52.57752335558619,STIL;NUMA1;SPAG5
GO_Biological_Process_2023,Regulation Of Mitotic Cytokinesis (GO:1902412),3/6,0.0091419452222123,0.2393540263739104,0,0,11.198901769371568,52.57752335558619,BIRC5;CDCA8;AURKB
GO_Biological_Process_2023,AMP Metabolic Process (GO:0046033),4/11,0.009338114277389,0.2393540263739104,0,0,6.401883830455259,29.92017041156269,NT5E;SORD;AK4;AMPD3
GO_Biological_Process_2023,Histone H2A Ubiquitination (GO:0033522),4/11,0.009338114277389,0.2393540263739104,0,0,6.401883830455259,29.92017041156269,BARD1;DEPDC1B;RAD51;BRCA2
GO_Biological_Process_2023,Purine Ribonucleoside Monophosphate Biosynthetic Process (GO:0009168),4/11,0.009338114277389,0.2393540263739104,0,0,6.401883830455259,29.92017041156269,ATIC;AMPD3;GART;PAICS
GO_Biological_Process_2023,Purine Ribonucleoside Monophosphate Metabolic Process (GO:0009167),4/11,0.009338114277389,0.2393540263739104,0,0,6.401883830455259,29.92017041156269,AK4;AMPD3;HPRT1;GART
GO_Biological_Process_2023,Regulation Of Cell Cycle Checkpoint (GO:1901976),4/11,0.009338114277389,0.2393540263739104,0,0,6.401883830455259,29.92017041156269,BARD1;DEPDC1B;RAD51;BRCA2
GO_Biological_Process_2023,DNA Replication Checkpoint Signaling (GO:0000076),5/17,0.0099329599278461,0.2477199668491909,0,0,4.669619222154347,21.53580178911384,CDT1;CDC45;TIMELESS;CDC6;DNA2
GO_Biological_Process_2023,Microtubule Depolymerization (GO:0007019),5/17,0.0099329599278461,0.2477199668491909,0,0,4.669619222154347,21.53580178911384,KIF18A;KIF18B;KIF2A;KIF14;KIF2C
GO_Biological_Process_2023,Negative Regulation Of Ubiquitin-Protein Transferase Activity (GO:0051444),5/17,0.0099329599278461,0.2477199668491909,0,0,4.669619222154347,21.53580178911384,CDC20;RPL5;BUB1B;RPL17;MAD2L1
GO_Biological_Process_2023,Purine-Containing Compound Biosynthetic Process (GO:0072522),5/17,0.0099329599278461,0.2477199668491909,0,0,4.669619222154347,21.53580178911384,SHMT2;PPAT;HPRT1;PAICS;GART
GO_Biological_Process_2023,Regulation Of Mitotic Cell Cycle Phase Transition (GO:1901990),14/86,0.0100274701861385,0.2483986070942115,0,0,2.184036309036309,10.051867532525552,PBRM1;SMARCC2;CDKN2A;UBE2C;NEK6;KIF14;CDC6;CDC14B;AURKA;ANLN;CENPE;CENPF;KNTC1;ARID2
GO_Biological_Process_2023,Recombinational Repair (GO:0000725),15/95,0.010376270481454,0.2553254289803125,0,0,2.1064074984634296,9.622561855894816,GEN1;FEN1;RMI2;BLM;MCM8;XRCC5;ZMYND8;XRCC2;BRCA2;RAD54B;MBTD1;RAD51AP1;RECQL4;RAD51;RHNO1
GO_Biological_Process_2023,Epithelial Cell Migration (GO:0010631),9/46,0.0113650763263549,0.2759769521090522,0,0,2.729001506098873,12.218313121813436,NANOS1;ANLN;FERMT1;NELL1;SMAD4;S100A2;STAT1;S100P;TNFRSF25
GO_Biological_Process_2023,Replication Fork Processing (GO:0031297),9/46,0.0113650763263549,0.2759769521090522,0,0,2.729001506098873,12.218313121813436,BARD1;GEN1;BLM;RAD51;EME1;DDX11;DONSON;DNA2;BRCA2
GO_Biological_Process_2023,Regulation Of Double-Strand Break Repair (GO:2000779),14/88,0.0122026717557848,0.2943794866052398,0,0,2.124775881532638,9.361975765583503,ACTR2;PBRM1;SMARCC2;DDX11;TWIST1;FOXM1;MBTD1;RAD51AP1;RAD51;MORF4L2;FIGNL1;CHEK1;TIMELESS;ARID2
GO_Biological_Process_2023,Regulation Of Double-Strand Break Repair Via Homologous Recombination (GO:0010569),12/71,0.012340351859102,0.2957677838438024,0,0,2.283331600291151,10.034970089610836,MBTD1;RAD51AP1;ACTR2;RMI2;PARPBP;RAD51;FUS;MORF4L2;FIGNL1;CHEK1;TIMELESS;ARID2
GO_Biological_Process_2023,Positive Regulation Of Epidermal Cell Differentiation (GO:0045606),5/18,0.0128400554565444,0.3023993632145788,0,0,4.310182792162022,18.7716462956617,CYP27B1;SFRP4;NUMA1;SFN;ETV4
GO_Biological_Process_2023,"Protein Localization To Chromosome, Centromeric Region (GO:0071459)",5/18,0.0128400554565444,0.3023993632145788,0,0,4.310182792162022,18.7716462956617,ZWILCH;CDK1;TTK;SPDL1;CENPA
GO_Biological_Process_2023,Regulation Of Wound Healing (GO:0061041),9/47,0.0130599940258538,0.3023993632145788,0,0,2.657040642021465,11.526777997887937,VIL1;CLDN4;CLDN3;PLAU;F2RL1;EPPK1;EPHB2;SRSF6;PTK2
GO_Biological_Process_2023,Epithelial Cell Morphogenesis (GO:0003382),4/12,0.0131086150404585,0.3023993632145788,0,0,5.601343101343101,24.278941171652395,CLDN3;POF1B;RAB25;GRHL2
GO_Biological_Process_2023,Pseudouridine Synthesis (GO:0001522),4/12,0.0131086150404585,0.3023993632145788,0,0,5.601343101343101,24.278941171652395,PUS1;PUS7;PUS7L;PUSL1
GO_Biological_Process_2023,Regulation Of DNA-templated DNA Replication Initiation (GO:0030174),4/12,0.0131086150404585,0.3023993632145788,0,0,5.601343101343101,24.278941171652395,GMNN;MCM4;MCM6;MCM2
GO_Biological_Process_2023,Antigen Receptor-Mediated Signaling Pathway (GO:0050851),19/134,0.0133612847033284,0.3063136760247544,0,0,1.8570923410753035,8.0140850626794,DENND1B;IGHM;SYK;PDE4D;THY1;VTCN1;CD79A;IGHG1;IGKC;WNK1;CD19;BLNK;IGHD;CD38;CTLA4;IGLC1;IGHA1;MS4A1;TNFRSF21
GO_Biological_Process_2023,Regulation Of Metaphase/Anaphase Transition Of Cell Cycle (GO:1902099),7/32,0.0134726590228745,0.3069603978606782,0,0,3.139596330275229,13.522533077781668,CENPE;PBRM1;SMARCC2;UBE2C;NEK6;CDC6;ARID2
GO_Biological_Process_2023,Spindle Assembly (GO:0051225),13/81,0.0143519032042548,0.3233798251944554,0,0,2.1464810601957174,9.109392411275552,OFD1;NUMA1;NEK6;CSNK1D;KIF11;TPX2;KIF2A;KIFC2;KIFC1;ZNF207;RCC1;NEK2;GOLGA8A
GO_Biological_Process_2023,Cell Cycle G2/M Phase Transition (GO:0044839),8/40,0.0145784837764179,0.3233798251944554,0,0,2.8038555691554468,11.855286093822388,CCNA2;CCNB1;MELK;CDK1;FOXM1;CDC25C;AURKB;AURKA
GO_Biological_Process_2023,Mitotic DNA Damage Checkpoint Signaling (GO:0044773),10/56,0.014804728175165,0.3233798251944554,0,0,2.4392583120204603,10.276128584610293,DEPDC1B;BLM;EME1;FANCD2;CHEK1;DONSON;CDK1;ATM;CDK5RAP3;CDC14B
GO_Biological_Process_2023,Intermediate Filament Bundle Assembly (GO:0045110),3/7,0.0150279338791482,0.3233798251944554,0,0,8.398718730933496,35.25651566107085,PKP2;EPPK1;NEFH
GO_Biological_Process_2023,Negative Regulation Of DNA-templated DNA Replication (GO:2000104),3/7,0.0150279338791482,0.3233798251944554,0,0,8.398718730933496,35.25651566107085,CDT1;GMNN;TIMELESS
GO_Biological_Process_2023,"Negative Regulation Of Complement Activation, Classical Pathway (GO:0045959)",3/7,0.0150279338791482,0.3233798251944554,0,0,8.398718730933496,35.25651566107085,CR2;SUSD4;C4BPB
GO_Biological_Process_2023,Nonribosomal Peptide Biosynthetic Process (GO:0019184),3/7,0.0150279338791482,0.3233798251944554,0,0,8.398718730933496,35.25651566107085,GCLC;CHAC2;GCLM
GO_Biological_Process_2023,Purine Ribonucleoside Monophosphate Catabolic Process (GO:0009169),3/7,0.0150279338791482,0.3233798251944554,0,0,8.398718730933496,35.25651566107085,NT5E;SORD;HPRT1
GO_Biological_Process_2023,Regulation Of Response To Wounding (GO:1903034),3/7,0.0150279338791482,0.3233798251944554,0,0,8.398718730933496,35.25651566107085,VIL1;PLAU;SRSF6
GO_Biological_Process_2023,RNA Processing (GO:0006396),24/183,0.0150694472862222,0.3233798251944554,0,0,1.697786692165963,7.122361087273154,RBM39;SNRPN;FASTKD1;SCAF11;FUS;FASTKD2;METTL3;SRSF1;U2AF1;RNPC3;NOL3;FBXO11;BICD1;SRPK1;PABPN1;DKC1;HNRNPA2B1;HNRNPD;SRSF4;SNRPA1;SNRNP25;RBM5;EXOSC1;RBM6
GO_Biological_Process_2023,Positive Regulation Of Epidermal Growth Factor Receptor Signaling Pathway (GO:0045742),7/33,0.015918995904729,0.3374060578903186,0,0,3.0186779581274994,12.498057785521732,CCDC88A;EGF;AGR2;TGFA;PTK6;MMP9;FAM83B
GO_Biological_Process_2023,Positive Regulation Of Telomerase Activity (GO:0051973),7/33,0.015918995904729,0.3374060578903186,0,0,3.0186779581274994,12.498057785521732,GREM1;PKIB;XRCC5;DKC1;NEK2;GRHL2;AURKB
GO_Biological_Process_2023,Epithelial Structure Maintenance (GO:0010669),5/19,0.0162715465468644,0.3374060578903186,0,0,4.002094423597173,16.481974771416517,VSIG1;MUC13;LSR;TFF1;MUC4
GO_Biological_Process_2023,Negative Regulation Of Leukocyte Cell-Cell Adhesion (GO:1903038),5/19,0.0162715465468644,0.3374060578903186,0,0,4.002094423597173,16.481974771416517,IL4I1;WNK1;FGL1;VTCN1;TIGIT
GO_Biological_Process_2023,Nucleotide Biosynthetic Process (GO:0009165),5/19,0.0162715465468644,0.3374060578903186,0,0,4.002094423597173,16.481974771416517,RRM2;PPAT;NMNAT2;HPRT1;GART
GO_Biological_Process_2023,Regulation Of Cellular Response To Growth Factor Stimulus (GO:0090287),5/19,0.0162715465468644,0.3374060578903186,0,0,4.002094423597173,16.481974771416517,NELL1;SFRP4;DOK5;PCSK6;SULF1
GO_Biological_Process_2023,O-glycan Processing (GO:0016266),8/41,0.0168453220716125,0.3461153664621502,0,0,2.718741886428545,11.102478072545212,GALNT7;GALNT6;GALNT14;GALNT2;B3GNT3;GCNT3;B3GNTL1;GALNT10
GO_Biological_Process_2023,Regulation Of mRNA Stability (GO:0043488),12/74,0.0168791021303676,0.3461153664621502,0,0,2.1724915891549577,8.867413259237743,NPM1;TAF15;FASTKD1;FASTKD2;FUS;METTL3;IREB2;DHX36;PRKCA;MEX3D;GIGYF2;PAIP1
GO_Biological_Process_2023,Peptidyl-Serine Modification (GO:0018209),22/166,0.0173117169370729,0.3525900394630674,0,0,1.7177126200274349,6.967680907212191,CAMK1D;CSNK1A1;GALNT2;NEK6;STK39;CSNK1D;PRKCA;CDC7;TTK;TGFBR1;SRPK1;AURKA;MAPK13;SBK1;WNK1;STK38;CDK1;PBK;ATM;STK32A;MAP3K13;CDK5R1
GO_Biological_Process_2023,Regulation Of Cell Division (GO:0051302),13/83,0.017385908204356,0.3525900394630674,0,0,2.08492501973165,8.448314819514055,BLM;MLLT3;MYO19;AURKB;AURKA;FLCN;KAT2A;KIF18B;PRC1;EFHC1;SFN;KIF20A;RAB11FIP3
GO_Biological_Process_2023,Cellular Response To Arsenic-Containing Substance (GO:0071243),4/13,0.0177239680388987,0.3555389458237787,0,0,4.978700312033645,20.078288965711845,DHX36;PPIF;HNRNPA1;MAPK13
GO_Biological_Process_2023,Negative Regulation Of T Cell Differentiation (GO:0045581),4/13,0.0177239680388987,0.3555389458237787,0,0,4.978700312033645,20.078288965711845,MDK;TNFSF4;ZC3H8;CTLA4
GO_Biological_Process_2023,Gene Expression (GO:0010467),35/296,0.0184941713694505,0.3689837109440113,0,0,1.5101436006742532,6.025925492774044,MRPS17;RPL5;RPL10;FASTKD2;MRPS12;MRPL12;BICD1;GSPT1;RPL7;HSPD1;MRPL3;RPS16;XPO1;PABPN1;CASP4;IGF2BP3;RAE1;RPL17;EXOSC1;RBM5;RBM6;RBM39;GALNT2;TESC;SORL1;DDX39A;DKC1;HNRNPA2B1;EEF1A2;RPL37A;HNRNPD;NOX4;SRSF3;RPS24;FARSB
GO_Biological_Process_2023,Negative Regulation Of Cell Cycle Process (GO:0010948),7/34,0.0186641308250226,0.3703726176083786,0,0,2.906716502435157,11.572079446249845,TOM1L1;ESPL1;CHEK1;CHMP4C;NEK2;AURKB;E2F8
GO_Biological_Process_2023,RNA Metabolic Process (GO:0016070),16/111,0.0190236859346636,0.3754889025927466,0,0,1.8916812326018,7.494974308862453,RBM39;RNASEH2A;PNPT1;FASTKD1;FASTKD2;RNASET2;BICD1;LAGE3;PABPN1;DKC1;DHX36;PCBP2;HNRNPD;RBM5;EXOSC1;RBM6
GO_Biological_Process_2023,Peptidyl-Serine Phosphorylation (GO:0018105),21/158,0.019148867278816,0.3759493038622872,0,0,1.7230104873534855,6.81538816785692,CAMK1D;CSNK1A1;NEK6;STK39;CSNK1D;PRKCA;CDC7;TTK;TGFBR1;SRPK1;AURKA;MAPK13;SBK1;WNK1;STK38;CDK1;PBK;ATM;STK32A;MAP3K13;CDK5R1
GO_Biological_Process_2023,Nucleocytoplasmic Transport (GO:0006913),9/50,0.0192690978059322,0.3759977892498231,0,0,2.462219766104581,9.72392785303036,NDC1;RANBP2;NPM1;XPO1;NUP210;NUP155;HNRNPA1;RAE1;HTATIP2
GO_Biological_Process_2023,Collagen Fibril Organization (GO:0030199),8/42,0.0193550744940304,0.3759977892498231,0,0,2.6386348909208728,10.408888622615756,COL1A1;GREM1;COL3A1;COL1A2;COL5A1;COL11A1;COL5A2;TGFBR1
GO_Biological_Process_2023,Microtubule Polymerization Or Depolymerization (GO:0031109),6/27,0.0200467459480544,0.3853778088243174,0,0,3.2024100593782747,12.52042557409955,KIF18A;KIF18B;KIF2A;KIF14;ZNF207;KIF2C
GO_Biological_Process_2023,Positive Regulation Of Mitotic Cell Cycle (GO:0045931),6/27,0.0200467459480544,0.3853778088243174,0,0,3.2024100593782747,12.52042557409955,FOXA1;CCNB1;EIF4EBP1;ASNS;PRKCA;AURKA
GO_Biological_Process_2023,Regulation Of Spindle Organization (GO:0090224),5/20,0.0202620007965388,0.3874976421762957,0,0,3.7350845041743024,14.563124470913614,TPX2;STIL;BORA;NUMA1;RAE1
GO_Biological_Process_2023,protein-RNA Complex Assembly (GO:0022618),20/150,0.0211864444461416,0.3915529953827174,0,0,1.7289196623351988,6.663937079784197,MCTS1;RPL5;RPL10;SCAF11;XRCC5;NOP2;SRSF1;NOL3;SRPK1;BOP1;DENR;GEMIN6;SNRPE;BRIX1;SNRNP200;SRSF6;EIF3C;MDN1;RBM5;EIF3B
GO_Biological_Process_2023,Regulation Of Substrate Adhesion-Dependent Cell Spreading (GO:1900024),9/51,0.0217473997615862,0.3915529953827174,0,0,2.403464263843933,9.2010886979295,FGB;FGA;NELL1;MDK;PKP2;ARHGEF7;EFNA5;RREB1;PTK2
GO_Biological_Process_2023,Regulation Of Telomere Maintenance Via Telomerase (GO:0032210),9/51,0.0217473997615862,0.3915529953827174,0,0,2.403464263843933,9.2010886979295,CCT3;PKIB;GNL3L;XRCC5;NEK2;ATM;HNRNPA1;AURKB;CCT5
GO_Biological_Process_2023,DNA-templated DNA Replication Maintenance Of Fidelity (GO:0045005),8/43,0.0221202046320511,0.3915529953827174,0,0,2.563105438013639,9.768671103161267,GEN1;BLM;RAD51;EME1;MCM8;DDX11;DONSON;TIMELESS
GO_Biological_Process_2023,AMP Biosynthetic Process (GO:0006167),3/8,0.0225927916331934,0.3915529953827174,0,0,6.718608907870653,25.46436340705553,ATIC;GART;PAICS
GO_Biological_Process_2023,GMP Metabolic Process (GO:0046037),3/8,0.0225927916331934,0.3915529953827174,0,0,6.718608907870653,25.46436340705553,HPRT1;GART;PAICS
GO_Biological_Process_2023,Cellular Response To Hydroxyurea (GO:0072711),3/8,0.0225927916331934,0.3915529953827174,0,0,6.718608907870653,25.46436340705553,BLM;DDX11;TIMELESS
GO_Biological_Process_2023,Endothelial Cell Chemotaxis (GO:0035767),3/8,0.0225927916331934,0.3915529953827174,0,0,6.718608907870653,25.46436340705553,NELL1;TNFRSF25;CXCL13
GO_Biological_Process_2023,mRNA Pseudouridine Synthesis (GO:1990481),3/8,0.0225927916331934,0.3915529953827174,0,0,6.718608907870653,25.46436340705553,PUS1;PUS7;PUS7L
GO_Biological_Process_2023,Negative Regulation Of Transporter Activity (GO:0032410),3/8,0.0225927916331934,0.3915529953827174,0,0,6.718608907870653,25.46436340705553,PPIF;STK39;TWIST1
GO_Biological_Process_2023,Negative Regulation Of Ubiquitin Protein Ligase Activity (GO:1904667),3/8,0.0225927916331934,0.3915529953827174,0,0,6.718608907870653,25.46436340705553,RPL5;RPL17;MAD2L1
GO_Biological_Process_2023,Plasminogen Activation (GO:0031639),3/8,0.0225927916331934,0.3915529953827174,0,0,6.718608907870653,25.46436340705553,FGB;FGA;PLAU
GO_Biological_Process_2023,"Regulation Of Complement Activation, Classical Pathway (GO:0030450)",3/8,0.0225927916331934,0.3915529953827174,0,0,6.718608907870653,25.46436340705553,CR2;SUSD4;C4BPB
GO_Biological_Process_2023,Regulation Of Mitotic Centrosome Separation (GO:0046602),3/8,0.0225927916331934,0.3915529953827174,0,0,6.718608907870653,25.46436340705553,CHEK1;NEK2;KIF11
GO_Biological_Process_2023,Regulation Of Mitotic Sister Chromatid Segregation (GO:0033047),3/8,0.0225927916331934,0.3915529953827174,0,0,6.718608907870653,25.46436340705553,CCNB1;CDK1;AURKB
GO_Biological_Process_2023,Response To Vitamin (GO:0033273),3/8,0.0225927916331934,0.3915529953827174,0,0,6.718608907870653,25.46436340705553,CYP27B1;CYP24A1;SPP1
GO_Biological_Process_2023,Response To Vitamin D (GO:0033280),3/8,0.0225927916331934,0.3915529953827174,0,0,6.718608907870653,25.46436340705553,CYP27B1;CYP24A1;SPP1
GO_Biological_Process_2023,Tetrahydrofolate Interconversion (GO:0035999),3/8,0.0225927916331934,0.3915529953827174,0,0,6.718608907870653,25.46436340705553,MTHFD2;SHMT2;TYMS
GO_Biological_Process_2023,Vitamin K Metabolic Process (GO:0042373),3/8,0.0225927916331934,0.3915529953827174,0,0,6.718608907870653,25.46436340705553,NQO1;GGCX;CYP4F11
GO_Biological_Process_2023,Positive Regulation Of Apoptotic Process (GO:0043065),32/270,0.022784503559231,0.3915529953827174,0,0,1.513231379508325,5.722548736206417,TOP2A;FOXA1;PDCD5;CTSV;UBE2Z;CCAR1;HSPD1;FLCN;BCL2L11;SCIN;AIFM2;CASP6;CTLA4;PMAIP1;ECT2;SOX4;RBM5;SPDEF;BARD1;TFAP2A;IGFBP3;BNIP3;SIAH1;SCRIB;TGFBR1;MLLT11;SFRP4;MELK;PTRH2;ATM;ARHGEF7;CDK5R1
GO_Biological_Process_2023,Bone Morphogenesis (GO:0060349),4/14,0.0232322151148239,0.3915529953827174,0,0,4.480586080586081,16.856929868112122,TFAP2A;SFRP4;MMP13;LTF
GO_Biological_Process_2023,Embryonic Cranial Skeleton Morphogenesis (GO:0048701),4/14,0.0232322151148239,0.3915529953827174,0,0,4.480586080586081,16.856929868112122,TFAP2A;SIX1;TWIST1;TGFBR1
GO_Biological_Process_2023,Establishment Of Chromosome Localization (GO:0051303),4/14,0.0232322151148239,0.3915529953827174,0,0,4.480586080586081,16.856929868112122,CENPF;KIF2C;FAM83D;NDC80
GO_Biological_Process_2023,Histone H2A Monoubiquitination (GO:0035518),4/14,0.0232322151148239,0.3915529953827174,0,0,4.480586080586081,16.856929868112122,BARD1;DEPDC1B;RAD51;BRCA2
GO_Biological_Process_2023,Regulation Of Exit From Mitosis (GO:0007096),4/14,0.0232322151148239,0.3915529953827174,0,0,4.480586080586081,16.856929868112122,UBE2C;CDCA5;KNTC1;CDC14B
GO_Biological_Process_2023,Serine Family Amino Acid Metabolic Process (GO:0009069),4/14,0.0232322151148239,0.3915529953827174,0,0,4.480586080586081,16.856929868112122,AOC1;GCLC;SHMT2;PSPH
GO_Biological_Process_2023,Negative Regulation Of G2/M Transition Of Mitotic Cell Cycle (GO:0010972),6/28,0.0237909749108796,0.3955517495317877,0,0,3.056679262058235,11.42723945612148,BARD1;DEPDC1B;CHEK1;CHMP4C;AURKB;CDK5RAP3
GO_Biological_Process_2023,Protein Depolymerization (GO:0051261),6/28,0.0237909749108796,0.3955517495317877,0,0,3.056679262058235,11.42723945612148,VIL1;KIF18A;KIF18B;KIF2A;KIF14;KIF2C
GO_Biological_Process_2023,Regulation Of Cardiac Muscle Cell Action Potential (GO:0098901),6/28,0.0237909749108796,0.3955517495317877,0,0,3.056679262058235,11.42723945612148,DSP;DLG1;JUP;PKP2;ATP2A2;DSG2
GO_Biological_Process_2023,Positive Regulation Of Telomere Maintenance (GO:0032206),9/52,0.0244461680714714,0.404622450008076,0,0,2.34744157564192,8.712017197269274,PKIB;DHX36;HNRNPA2B1;HNRNPD;NEK2;ATM;UCHL5;AURKB;GNL3
GO_Biological_Process_2023,DNA Replication Initiation (GO:0006270),5/21,0.0248413893028175,0.4071849755092993,0,0,3.5014508246792917,12.938715478281928,PRIM2;CDC45;ORC6;MCM10;MCM2
GO_Biological_Process_2023,Purine Nucleotide Biosynthetic Process (GO:0006164),5/21,0.0248413893028175,0.4071849755092993,0,0,3.5014508246792917,12.938715478281928,PPAT;QPRT;NMNAT2;HPRT1;GART
GO_Biological_Process_2023,Interstrand Cross-Link Repair (GO:0036297),7/36,0.0251156634955791,0.4071849755092993,0,0,2.7059580301592323,9.969462629888282,RAD51AP1;FANCI;NEIL3;DCLRE1C;RAD51;MCM8;FANCD2
GO_Biological_Process_2023,Positive Regulation Of Double-Strand Break Repair Via Homologous Recombination (GO:1905168),7/36,0.0251156634955791,0.4071849755092993,0,0,2.7059580301592323,9.969462629888282,MBTD1;RAD51AP1;ACTR2;FUS;MORF4L2;TIMELESS;ARID2
GO_Biological_Process_2023,Regulation Of Transport (GO:0051049),8/44,0.0251525804432728,0.4071849755092993,0,0,2.491772065823473,9.17668517087213,CLDN10;NELL1;CLDN3;RAB25;SAR1B;ICA1;REEP6;PLD1
GO_Biological_Process_2023,Positive Regulation Of Cell Junction Assembly (GO:1901890),10/61,0.0259126957993029,0.4176583414638739,0,0,2.1995146097654747,8.034875797845007,ACE2;NELL1;CLDN3;SRPX2;DLG5;IL1RAP;THY1;EPHB2;EPHB1;MAP4K4
GO_Biological_Process_2023,Positive Regulation Of Cytoskeleton Organization (GO:0051495),12/79,0.027082444583301,0.4346143606824535,0,0,2.0098159509202453,7.253163611231024,PLK4;VIL1;STIL;BAIAP2L1;SCIN;NUMA1;CTTN;SPAG5;KATNBL1;F2RL1;CCR7;PFN2
GO_Biological_Process_2023,Protein Homotetramerization (GO:0051289),9/53,0.027374524790256,0.4373998744624902,0,0,2.293965373267272,8.254014188970773,TDO2;SHMT2;OSBPL2;TK1;HPRT1;SSBP1;TNPO1;ALDOA;CBR4
GO_Biological_Process_2023,Regulation Of Cell Population Proliferation (GO:0042127),78/766,0.0276131965096679,0.4393116737809665,0,0,1.2808726878011063,4.597643181485857,PDCD5;HILPDA;KIF14;SIX1;FOXM1;HOXC10;CCAR1;SIX4;ADORA3;PIM2;ARID2;SOX4;RBM5;KRT6A;PBRM1;TESC;IGFBP3;PPP2R5C;OSMR;GTPBP4;TGFBR1;GNL3;NME1;GREM1;ACE2;SFRP4;CLDN3;SAPCD2;MZB1;TIMELESS;BIRC5;UHRF1;NOP2;CDCA7;C1ORF56;TGFA;TTK;PTHLH;FUT3;CYP27B1;PAK1;SCIN;RAB25;RBBP4;EPCAM;PRAME;RPL17;MCTS1;TFAP2A;EGLN3;NPM1;TFAP2C;KDM4C;JUP;CDKN2A;STAT1;XRCC5;EGF;TNFRSF9;IL31RA;LIF;HMGA1;CDC7;CDC6;S100B;SHCBP1;PTK2;CCDC88A;CNOT7;DLG3;PRC1;PRKRA;TNFSF4;DLG5;NOX4;CRLF1;EZH2;CDKN3
GO_Biological_Process_2023,Establishment Of Mitotic Spindle Orientation (GO:0000132),6/29,0.027975785799073,0.4431700660273758,0,0,2.9236207079834164,10.456083690402064,NUMA1;SAPCD2;SPDL1;CENPA;NDC80;MAD2L1
GO_Biological_Process_2023,Negative Regulation Of Translation (GO:0017148),15/107,0.0283952667816277,0.4432841909277081,0,0,1.8304561609791292,6.51922967518592,NANOS1;DDX6;NHLRC3;METTL3;NMNAT2;PUS7;MEX3D;TYMS;GIGYF2;DHFR;TRIM2;DHX36;ENC1;EIF4EBP1;IGF2BP3
GO_Biological_Process_2023,Positive Regulation Of Protein Kinase Activity (GO:0045860),19/145,0.0284479943867286,0.4432841909277081,0,0,1.6939432170485775,6.029891754141855,CALCA;BORA;XRCC5;KIF14;HMGA2;LRP8;PTK2;TOM1L1;CCNA2;CCDC88A;TPX2;CENPE;DLG3;TRAF4;NOX4;CCR7;ECT2;EZH2;LTF
GO_Biological_Process_2023,Epidermal Growth Factor Receptor Signaling Pathway (GO:0007173),8/45,0.0284633847872844,0.4432841909277081,0,0,2.4242945515895333,8.62839586049035,VIL1;EGF;KIF16B;TGFA;BRAF;FAM83B;PTK2;FAM83A
GO_Biological_Process_2023,Regulation Of Telomerase Activity (GO:0051972),8/45,0.0284633847872844,0.4432841909277081,0,0,2.4242945515895333,8.62839586049035,GREM1;PKIB;XRCC5;DKC1;NEK2;ATM;GRHL2;AURKB
GO_Biological_Process_2023,Regulation Of T Cell Activation (GO:0050863),10/62,0.0287030678377533,0.4451387537359144,0,0,2.157098416289593,7.659319938195146,IL4I1;LGALS3;KAT2A;FGL1;METTL3;TNFSF11;THY1;VTCN1;TIGIT;HSPD1
GO_Biological_Process_2023,RNA Stabilization (GO:0043489),7/37,0.0288517411153347,0.44557228642971,0,0,2.615616717635066,9.273891235616125,TAF15;FUS;METTL1;DKC1;IREB2;DHX36;PAIP1
GO_Biological_Process_2023,Cell-Cell Junction Assembly (GO:0007043),11/71,0.0293758428678631,0.4506385014939508,0,0,2.056795422031473,7.255515770398562,FLCN;GJB2;CDH3;JUP;CDH1;GJB6;CLDN12;PKP2;PRKCA;PKP3;CDH17
GO_Biological_Process_2023,Positive Regulation Of Programmed Cell Death (GO:0043068),29/245,0.0294809549978906,0.4506385014939508,0,0,1.510062914743634,5.321478046531207,TOP2A;FOXA1;PDCD5;UBE2Z;CCAR1;HSPD1;FLCN;BCL2L11;SCIN;AIFM2;CASP6;CTLA4;PMAIP1;ECT2;SOX4;RBM5;HTATIP2;SPDEF;BARD1;SYK;IGFBP3;BNIP3;SIAH1;SCRIB;MLLT11;SFRP4;MELK;ATM;ARHGEF7
GO_Biological_Process_2023,Negative Regulation Of DNA Replication (GO:0008156),4/15,0.0296681538507261,0.4506385014939508,0,0,4.073038073038073,14.327648924368871,CDT1;GMNN;CDC6;GTPBP4
GO_Biological_Process_2023,Negative Regulation Of Cation Transmembrane Transport (GO:1904063),4/15,0.0296681538507261,0.4506385014939508,0,0,4.073038073038073,14.327648924368871,STK39;PPIF;TWIST1;MMP9
GO_Biological_Process_2023,Regulation Of Regulatory T Cell Differentiation (GO:0045589),5/22,0.0300347804286288,0.4543376006642176,0,0,3.2953034604189875,11.551354183847836,IL4I1;KAT2A;MDK;TNFSF4;CTLA4
GO_Biological_Process_2023,ERBB Signaling Pathway (GO:0038127),9/54,0.0305411239739312,0.4592463260824849,0,0,2.242865890998163,7.82464401540927,VIL1;KIF16B;EGF;TGFA;BRAF;PTK6;FAM83B;PTK2;FAM83A
GO_Biological_Process_2023,Extracellular Matrix Organization (GO:0030198),22/176,0.0314229151896147,0.4592463260824849,0,0,1.6052910052910052,5.554656621647773,POSTN;MMP7;MMP1;COL11A1;CTSV;MMP9;MMP10;TGFBR1;COL1A1;GREM1;MMP12;MMP11;COL3A1;COL1A2;MMP13;IBSP;COL5A1;COL7A1;COL5A2;COL10A1;ADAM8;PRSS2
GO_Biological_Process_2023,G1/S Transition Of Mitotic Cell Cycle (GO:0000082),10/63,0.0317000897794986,0.4592463260824849,0,0,2.116282833888272,7.304214263731231,DBF4;CCNE2;CCNE1;EIF4EBP1;RCC1;E2F3;CDC7;PIM2;GSPT1;CDKN3
GO_Biological_Process_2023,Negative Regulation Of Nucleic Acid-Templated Transcription (GO:1903507),49/456,0.0317052356314173,0.4592463260824849,0,0,1.3566710007387974,4.682242605047871,EIF4A2;MESP1;SUV39H2;GMNN;ZC3H8;ENO1;IKZF1;FOXM1;ZMYM2;SIX4;BASP1;CD38;SMARCC2;EED;ZNF281;DNMT3A;CBFA2T2;RUNX2;ELF3;PAX9;DEPDC1;TIMELESS;BIRC5;TRIB3;L3MBTL1;CALCA;TWIST1;ASCL1;CYP27B1;RBBP4;PRAME;ZNF224;MTA3;TFAP2A;SMAD4;CDKN2A;ATP8B1;XRCC5;CBX3;HMGA1;HMGA2;NR0B1;CENPF;GCLC;CNOT7;TNFSF4;TRIM33;EZH2;CDK5R1
GO_Biological_Process_2023,IMP Metabolic Process (GO:0046040),3/9,0.0318523596524291,0.4592463260824849,0,0,5.598535692495424,19.29615840802108,SORD;AMPD3;HPRT1
GO_Biological_Process_2023,Mitochondrial DNA Replication (GO:0006264),3/9,0.0318523596524291,0.4592463260824849,0,0,5.598535692495424,19.29615840802108,POLG2;SSBP1;TEFM
GO_Biological_Process_2023,Mitochondrial RNA Processing (GO:0000963),3/9,0.0318523596524291,0.4592463260824849,0,0,5.598535692495424,19.29615840802108,PNPT1;FASTKD1;FASTKD2
GO_Biological_Process_2023,Negative Regulation Of Humoral Immune Response Mediated By Circulating Immunoglobulin (GO:0002924),3/9,0.0318523596524291,0.4592463260824849,0,0,5.598535692495424,19.29615840802108,CR2;SUSD4;C4BPB
GO_Biological_Process_2023,Positive Regulation Of Establishment Of Protein Localization To Telomere (GO:1904851),3/9,0.0318523596524291,0.4592463260824849,0,0,5.598535692495424,19.29615840802108,CCT3;DKC1;CCT5
GO_Biological_Process_2023,Quinone Metabolic Process (GO:1901661),3/9,0.0318523596524291,0.4592463260824849,0,0,5.598535692495424,19.29615840802108,NQO1;GGCX;AIFM2
GO_Biological_Process_2023,Regulation Of Receptor Binding (GO:1900120),3/9,0.0318523596524291,0.4592463260824849,0,0,5.598535692495424,19.29615840802108,ATP2A2;MMP9;PTPRF
GO_Biological_Process_2023,Response To Hydroxyurea (GO:0072710),3/9,0.0318523596524291,0.4592463260824849,0,0,5.598535692495424,19.29615840802108,BLM;DDX11;TIMELESS
GO_Biological_Process_2023,Positive Regulation Of Cell-Cell Adhesion (GO:0022409),8/46,0.0320630326832799,0.4604850335952768,0,0,2.360368485473169,8.119789248814516,FOXA1;FGB;FGA;MDK;TNFSF11;THY1;CXCL13;FUT3
GO_Biological_Process_2023,G2/M Transition Of Mitotic Cell Cycle (GO:0000086),7/38,0.0329457176418311,0.4695082772818489,0,0,2.531103876886653,8.638389214114962,CCNA2;CCNB1;MELK;CDK1;FOXM1;CDC25C;AURKA
GO_Biological_Process_2023,Tumor Necrosis Factor-Mediated Signaling Pathway (GO:0033209),7/38,0.0329457176418311,0.4695082772818489,0,0,2.531103876886653,8.638389214114962,AIM2;TRAF4;STAT1;TRAF5;TNFSF11;CARD14;TXNDC17
GO_Biological_Process_2023,Lymphocyte Differentiation (GO:0030098),13/91,0.0345144830548408,0.4899729113669913,0,0,1.870268058113362,6.296025961389328,TPD52;GPR89A;CR2;RHOH;IKZF1;PAX5;CD79A;BLNK;LY6D;SLC39A7;TCF3;MS4A1;SOX4
GO_Biological_Process_2023,Double-Strand Break Repair (GO:0006302),21/168,0.0349105492222864,0.4920713310431036,0,0,1.604917599365471,5.384444340531249,GEN1;BLM;FEN1;RMI2;DCLRE1C;XRCC5;MCM8;ZMYND8;CDCA5;XRCC2;BRCA2;RAD54B;MBTD1;RAD51AP1;RECQL4;DEPDC1B;RAD51;EME1;ATM;DNA2;TRIP13
GO_Biological_Process_2023,Protein Homooligomerization (GO:0051260),17/129,0.0350446277606201,0.4920713310431036,0,0,1.7042967032967034,5.711324840426542,BLM;PNPT1;ATL3;SHMT2;FUS;OSBPL2;FOXM1;NOL3;COMP;TDO2;HPRT1;TK1;SSBP1;ECT2;TNPO1;ALDOA;CBR4
GO_Biological_Process_2023,Protein Tetramerization (GO:0051262),11/73,0.0352038216632785,0.4920713310431036,0,0,1.9902296236229504,6.6605037168225865,TDO2;SHMT2;OSBPL2;TK1;HPRT1;SSBP1;TNPO1;ALDOA;MS4A1;CBR4;FARSB
GO_Biological_Process_2023,Bile Acid And Bile Salt Transport (GO:0015721),5/23,0.0358621479410985,0.4920713310431036,0,0,3.1120613588542727,10.357167117075472,ABCC3;CEACAM1;ATP8B1;AKR1C1;SLCO1B3
GO_Biological_Process_2023,Endocrine System Development (GO:0035270),5/23,0.0358621479410985,0.4920713310431036,0,0,3.1120613588542727,10.357167117075472,SOX2;MDK;SIX1;NR0B1;TGFBR1
GO_Biological_Process_2023,Negative Regulation Of Lymphocyte Activation (GO:0051250),5/23,0.0358621479410985,0.4920713310431036,0,0,3.1120613588542727,10.357167117075472,IL4I1;LGALS3;FGL1;VTCN1;TIGIT
GO_Biological_Process_2023,Positive Regulation Of Morphogenesis Of An Epithelium (GO:1905332),5/23,0.0358621479410985,0.4920713310431036,0,0,3.1120613588542727,10.357167117075472,SIX4;EGF;MDK;LIF;SIX1
GO_Biological_Process_2023,"Regulation Of Nuclear-Transcribed mRNA Catabolic Process, Deadenylation-Dependent Decay (GO:1900151)",5/23,0.0358621479410985,0.4920713310431036,0,0,3.1120613588542727,10.357167117075472,NANOS1;CNOT7;DHX36;HNRNPD;PAIP1
GO_Biological_Process_2023,Zinc Ion Transport (GO:0006829),5/23,0.0358621479410985,0.4920713310431036,0,0,3.1120613588542727,10.357167117075472,SLC30A9;SLC39A11;SLC30A1;SLC39A7;SLC39A4
GO_Biological_Process_2023,Cellular Response To Nitrogen Compound (GO:1901699),4/16,0.0370537076343608,0.505776839480109,0,0,3.7334147334147336,12.3030458596962,BLM;CPS1;DDX11;TIMELESS
GO_Biological_Process_2023,RNA Transport (GO:0050658),7/39,0.0374091241338579,0.505776839480109,0,0,2.4518730886850157,8.056464247546554,DDX39A;NUP155;XPO5;HNRNPA2B1;NOL3;HNRNPA1;RAE1
GO_Biological_Process_2023,Nuclear Transport (GO:0051169),7/39,0.0374091241338579,0.505776839480109,0,0,2.4518730886850157,8.056464247546554,NDC1;RANBP2;NPM1;XPO1;NUP155;NUP210;RAE1
GO_Biological_Process_2023,Positive Regulation Of Lymphocyte Differentiation (GO:0045621),7/39,0.0374091241338579,0.505776839480109,0,0,2.4518730886850157,8.056464247546554,PBRM1;SMARCC2;SYK;MDK;RHOH;CD27;ARID2
GO_Biological_Process_2023,B Cell Proliferation (GO:0042100),6/31,0.0377327148037631,0.5082899647470428,0,0,2.689437652811736,8.81389982640647,CD79A;CR2;CD19;CD180;MS4A1;HSPD1
GO_Biological_Process_2023,Regulation Of Epithelial To Mesenchymal Transition (GO:0010717),12/83,0.0380077346417513,0.5101329038643788,0,0,1.8961721247731789,6.200417613550955,FOXA1;GREM1;COL1A1;SMAD4;MDK;TWIST1;TGFBR1;ELL3;PTK2;OVOL2;ZNF750;EZH2
GO_Biological_Process_2023,Import Into Nucleus (GO:0051170),11/74,0.0384033785912164,0.5135756173194919,0,0,1.9585316243807969,6.384048953044776,RPAIN;MMP12;SYK;NUP155;HEATR3;E2F3;KPNA2;TNPO1;HNRNPA1;IPO4;HTATIP2
GO_Biological_Process_2023,Activation Of GTPase Activity (GO:0090630),14/102,0.0390824556426579,0.5188969200613325,0,0,1.7853752512843422,5.788332282493224,USP6NL;GRTP1;ARHGEF16;ARHGEF19;SCRIB;AGAP4;CXCL13;TBC1D30;TBC1D7;SGSM2;CCR7;ECT2;NGEF;TBC1D16
GO_Biological_Process_2023,Regulation Of RNA Splicing (GO:0043484),14/102,0.0390824556426579,0.5188969200613325,0,0,1.7853752512843422,5.788332282493224,RBM39;FUS;SRSF1;AHNAK2;LARP7;SRPK1;KAT2A;ESRP1;ZNF638;SRSF3;CCNL2;SUPT20H;HNRNPA1;MCM2
GO_Biological_Process_2023,Protein O-linked Glycosylation (GO:0006493),13/93,0.0402247906823481,0.5261034261873638,0,0,1.8233118477593613,5.858796524391166,B3GALNT2;GALNT7;GALNT6;GALNT14;GALNT2;PLOD2;B3GNTL1;GALNT10;FUT3;TMTC4;B3GNT3;GCNT3;OGT
GO_Biological_Process_2023,Regulation Of BMP Signaling Pathway (GO:0030510),11/75,0.0418000534306273,0.5261034261873638,0,0,1.92782418761496,6.120567391510617,CCNA2;GREM1;SFRP4;SCUBE3;SMAD4;NUMA1;PCSK6;SULF1;SKIL;SORL1;TRIM33
GO_Biological_Process_2023,Regulation Of DNA Replication (GO:0006275),11/75,0.0418000534306273,0.5261034261873638,0,0,1.92782418761496,6.120567391510617,CCNA2;CDT1;CCDC88A;BLM;EGF;DSCC1;GMNN;DNA2;CDC6;GTPBP4;UCHL5
GO_Biological_Process_2023,Peptidyl-Threonine Modification (GO:0018210),10/66,0.0419953610882507,0.5261034261873638,0,0,2.002582282913165,6.348578577421701,GALNT6;SBK1;GALNT2;WNK1;CHEK1;STK39;CDK1;PRKCA;TGFBR1;CDK5R1
GO_Biological_Process_2023,L-alpha-amino Acid Transmembrane Transport (GO:1902475),7/40,0.042251992108415,0.5261034261873638,0,0,2.377444166434992,7.522480063759882,SLC7A5;SLC38A9;SLC7A11;SLC1A7;SLC7A1;SLC36A4;SLC25A13
GO_Biological_Process_2023,Positive Regulation Of Wound Healing (GO:0090303),7/40,0.042251992108415,0.5261034261873638,0,0,2.377444166434992,7.522480063759882,FERMT1;CLDN4;CLDN3;F12;HPSE;RREB1;PTK2
GO_Biological_Process_2023,Epithelial Cell Differentiation (GO:0030855),17/132,0.0423043887424853,0.5261034261873638,0,0,1.6595638795986625,5.248975589875775,MESP1;EHF;AKR1C1;SIX1;SCRIB;OVOL1;ASCL1;GRHL2;OVOL2;VIL1;LGALS3;KRT19;BASP1;CASP6;KRT15;CDK1;E2F8
GO_Biological_Process_2023,Cell Morphogenesis Involved In Differentiation (GO:0000904),5/24,0.042338282740089,0.5261034261873638,0,0,2.948107899559528,9.322104598192077,CLDN3;POF1B;RAB25;METTL3;GRHL2
GO_Biological_Process_2023,Positive Regulation Of BMP Signaling Pathway (GO:0030513),5/24,0.042338282740089,0.5261034261873638,0,0,2.948107899559528,9.322104598192077,CCNA2;SCUBE3;SMAD4;NUMA1;SULF1
GO_Biological_Process_2023,Positive Regulation Of ERBB Signaling Pathway (GO:1901186),5/24,0.042338282740089,0.5261034261873638,0,0,2.948107899559528,9.322104598192077,CCDC88A;AGR2;PTK6;MMP9;FAM83B
GO_Biological_Process_2023,Positive Regulation Of Cell Cycle G2/M Phase Transition (GO:1902751),5/24,0.042338282740089,0.5261034261873638,0,0,2.948107899559528,9.322104598192077,NPM1;CCNB1;CDK1;CDC7;CDC25C
GO_Biological_Process_2023,CRD-mediated mRNA Stabilization (GO:0070934),3/10,0.0427814591713058,0.5261034261873638,0,0,4.798483395798832,15.123142436141125,HNRNPD;IGF2BP3;PAIP1
GO_Biological_Process_2023,L-serine Metabolic Process (GO:0006563),3/10,0.0427814591713058,0.5261034261873638,0,0,4.798483395798832,15.123142436141125,PSAT1;SHMT2;PSPH
GO_Biological_Process_2023,Metanephric Mesenchyme Development (GO:0072075),3/10,0.0427814591713058,0.5261034261873638,0,0,4.798483395798832,15.123142436141125,SIX4;STAT1;SIX1
GO_Biological_Process_2023,Negative Regulation Of Centrosome Duplication (GO:0010826),3/10,0.0427814591713058,0.5261034261873638,0,0,4.798483395798832,15.123142436141125,KAT2A;NPM1;CCNF
GO_Biological_Process_2023,Nucleoside Triphosphate Metabolic Process (GO:0009141),3/10,0.0427814591713058,0.5261034261873638,0,0,4.798483395798832,15.123142436141125,AK4;ENPP3;DCTPP1
GO_Biological_Process_2023,Positive Regulation Of Attachment Of Spindle Microtubules To Kinetochore (GO:0051987),3/10,0.0427814591713058,0.5261034261873638,0,0,4.798483395798832,15.123142436141125,CCNB1;BIRC5;CDCA8
GO_Biological_Process_2023,rRNA Base Methylation (GO:0070475),3/10,0.0427814591713058,0.5261034261873638,0,0,4.798483395798832,15.123142436141125,NSUN5P1;NSUN5;NOP2
GO_Biological_Process_2023,Regulation Of Chromatin Binding (GO:0035561),3/10,0.0427814591713058,0.5261034261873638,0,0,4.798483395798832,15.123142436141125,CDT1;DDX11;GMNN
GO_Biological_Process_2023,Regulation Of Establishment Of Protein Localization To Telomere (GO:0070203),3/10,0.0427814591713058,0.5261034261873638,0,0,4.798483395798832,15.123142436141125,CCT3;DKC1;CCT5
GO_Biological_Process_2023,Regulation Of Peptidyl-Lysine Acetylation (GO:2000756),3/10,0.0427814591713058,0.5261034261873638,0,0,4.798483395798832,15.123142436141125,FLCN;PRKAA1;NFYA
GO_Biological_Process_2023,Chromosome Condensation (GO:0030261),6/32,0.043331195221067,0.5261034261873638,0,0,2.585856686101185,8.11670019469142,TOP2A;CDCA5;NUSAP1;NCAPG;SMC4;NCAPH
GO_Biological_Process_2023,Female Gamete Generation (GO:0007292),6/32,0.043331195221067,0.5261034261873638,0,0,2.585856686101185,8.11670019469142,NANOS1;MCM8;MDK;METTL3;HORMAD1;TRIP13
GO_Biological_Process_2023,Heterochromatin Formation (GO:0031507),6/32,0.043331195221067,0.5261034261873638,0,0,2.585856686101185,8.11670019469142,L3MBTL1;UHRF1;CBX3;HMGA2;LMNB1;EZH2
GO_Biological_Process_2023,Regulation Of Ubiquitin-Protein Transferase Activity (GO:0051438),6/32,0.043331195221067,0.5261034261873638,0,0,2.585856686101185,8.11670019469142,CDC20;DCUN1D5;BUB1B;MAGEA2;TRIB3;MAD2L1
GO_Biological_Process_2023,Transition Metal Ion Transport (GO:0000041),6/32,0.043331195221067,0.5261034261873638,0,0,2.585856686101185,8.11670019469142,SLC30A9;SLC41A2;SLC11A2;SLC30A1;CP;LTF
GO_Biological_Process_2023,Epidermis Development (GO:0008544),12/85,0.0444974461067821,0.5319558726700798,0,0,1.8440205059248675,5.739188322461622,DSP;CRABP2;COL7A1;KRT15;ATP2A2;OVOL1;GRHL1;GRHL2;PTHLH;SPRR1B;OVOL2;ZNF750
GO_Biological_Process_2023,Antibacterial Humoral Response (GO:0019731),8/49,0.0446861432675434,0.5319558726700798,0,0,2.1873003552556947,6.798330340818322,FGB;IGHM;FGA;BPIFA1;IGHA1;WFDC2;WFDC3;LTF
GO_Biological_Process_2023,Negative Regulation Of T Cell Activation (GO:0050868),8/49,0.0446861432675434,0.5319558726700798,0,0,2.1873003552556947,6.798330340818322,IL4I1;LGALS3;CEACAM1;FGL1;DLG5;VTCN1;TIGIT;TNFRSF21
GO_Biological_Process_2023,Nuclear Export (GO:0051168),8/49,0.0446861432675434,0.5319558726700798,0,0,2.1873003552556947,6.798330340818322,RANBP2;XPO1;DDX39A;NUP155;XPO5;XPO7;HNRNPA1;RAE1
GO_Biological_Process_2023,Regulation Of Cell Differentiation (GO:0045595),23/193,0.045268800994975,0.5319558726700798,0,0,1.5199069868836972,4.704320661004775,SUZ12;TFAP2A;PBRM1;SMARCC2;LIF;SIX1;RUNX2;ELL3;PTK2;HOPX;TGFBR1;PTHLH;GREM1;NELL1;SCIN;RBBP4;MDK;PRAME;CD24;ARID2;MTA3;CDK5RAP3;CDK5R1
GO_Biological_Process_2023,Mesenchyme Development (GO:0060485),4/17,0.0453985640452655,0.5319558726700798,0,0,3.4460411383488307,10.656106183575092,MESP1;HMGA2;TGFBR1;SOX4
GO_Biological_Process_2023,Positive Regulation Of Cell Cycle Phase Transition (GO:1901989),4/17,0.0453985640452655,0.5319558726700798,0,0,3.4460411383488307,10.656106183575092,PAGR1;NPM1;FAM83D;EZH2
GO_Biological_Process_2023,Regulation Of Brown Fat Cell Differentiation (GO:0090335),4/17,0.0453985640452655,0.5319558726700798,0,0,3.4460411383488307,10.656106183575092,FLCN;NAPEPLD;SIX1;RREB1
GO_Biological_Process_2023,Regulation Of Cartilage Development (GO:0061035),4/17,0.0453985640452655,0.5319558726700798,0,0,3.4460411383488307,10.656106183575092,KAT2A;SCIN;MDK;PTHLH
GO_Biological_Process_2023,Regulation Of Leukocyte Chemotaxis (GO:0002688),4/17,0.0453985640452655,0.5319558726700798,0,0,3.4460411383488307,10.656106183575092,CAMK1D;MDK;MTUS1;F2RL1
GO_Biological_Process_2023,Regulation Of Protein Sumoylation (GO:0033233),4/17,0.0453985640452655,0.5319558726700798,0,0,3.4460411383488307,10.656106183575092,PIAS3;GNL3L;MAGEA2;GNL3
GO_Biological_Process_2023,Positive Regulation Of Mitochondrion Organization (GO:0010822),9/58,0.0457436853148918,0.5343036154976771,0,0,2.05932489346014,6.3524026345721,MLLT11;BCL2L11;BIK;BNIP3;PDCD5;PPIF;PMAIP1;MMP9;AURKA
GO_Biological_Process_2023,Regulation Of Cell Cycle (GO:0051726),33/298,0.0483082721002871,0.5548145346092906,0,0,1.4003048887742298,4.2431373146317775,L3MBTL1;CCNF;GMNN;FOXM1;CKS1B;CDC20;MBTD1;FIGNL1;CHEK1;CCNL2;PIM2;CDK5RAP3;DLGAP5;BARD1;CDT1;PNPT1;CDKN2A;NEK6;MX2;METTL3;HMGA2;PTK6;WDR12;UCHL5;TGFBR1;BOP1;KAT2A;MORF4L2;ATM;ANAPC5;PRR11;CDKN3;MCM2
GO_Biological_Process_2023,Purine Ribonucleotide Catabolic Process (GO:0009154),5/25,0.0494727968625646,0.5548145346092906,0,0,2.800549786194258,8.41938333264996,HINT1;NT5E;SORD;AMPD3;HPRT1
GO_Biological_Process_2023,Regulation Of Chondrocyte Differentiation (GO:0032330),5/25,0.0494727968625646,0.5548145346092906,0,0,2.800549786194258,8.41938333264996,GREM1;SCIN;MDK;PTHLH;TGFBR1
GO_Biological_Process_2023,Regulation Of Keratinocyte Proliferation (GO:0010837),5/25,0.0494727968625646,0.5548145346092906,0,0,2.800549786194258,8.41938333264996,CYP27B1;CDH3;MDK;EPPK1;SRSF6
GO_Biological_Process_2023,Dicarboxylic Acid Metabolic Process (GO:0043648),8/50,0.0495274893259606,0.5548145346092906,0,0,2.1351052048726467,6.416476714025352,DHFR;GCLC;MTHFD2;SHMT2;GPT2;L2HGDH;ALDH18A1;GCLM
GO_Biological_Process_2023,Cell-Cell Junction Organization (GO:0045216),10/68,0.0500023505718726,0.5548145346092906,0,0,1.933316430020284,5.791607538555845,DSP;FLCN;CDH3;CDH1;MARVELD3;PKP2;F2RL1;DSG2;PKP3;CDH17
GO_Biological_Process_2023,Skin Development (GO:0043588),10/68,0.0500023505718726,0.5548145346092906,0,0,1.933316430020284,5.791607538555845,DSP;COL1A1;ST14;COL3A1;COL1A2;ABCB6;COL5A1;COL5A2;IVL;SPRR1B
GO_Biological_Process_2023,Chordate Embryonic Development (GO:0043009),9/59,0.0502113128996534,0.5548145346092906,0,0,2.0180281690140847,6.036961378819125,KIAA1217;COL1A1;FLCN;FUT8;STIL;SIX4;SULF1;GRHL2;TGFBR1
GO_Biological_Process_2023,Amino Acid Transmembrane Transport (GO:0003333),7/42,0.0531083282620251,0.5548145346092906,0,0,2.2413455657492354,6.579294011804576,SLC7A5;SLC38A9;SFXN1;SLC7A11;SLC7A1;SLC36A4;SLC25A13
GO_Biological_Process_2023,Cellular Response To Inorganic Substance (GO:0071241),4/18,0.0547010057117663,0.5548145346092906,0,0,3.1997209140066283,9.297983199552576,AOC1;BLM;DDX11;TIMELESS
GO_Biological_Process_2023,Epithelial Cell Development (GO:0002064),4/18,0.0547010057117663,0.5548145346092906,0,0,3.1997209140066283,9.297983199552576,CLDN3;POF1B;RAB25;GRHL2
GO_Biological_Process_2023,Maintenance Of Gastrointestinal Epithelium (GO:0030277),4/18,0.0547010057117663,0.5548145346092906,0,0,3.1997209140066283,9.297983199552576,VSIG1;MUC13;TFF1;MUC4
GO_Biological_Process_2023,Regulation Of DNA Damage Checkpoint (GO:2000001),4/18,0.0547010057117663,0.5548145346092906,0,0,3.1997209140066283,9.297983199552576,BARD1;DEPDC1B;RAD51;BRCA2
GO_Biological_Process_2023,Regulation Of Cell Cycle G2/M Phase Transition (GO:1902749),4/18,0.0547010057117663,0.5548145346092906,0,0,3.1997209140066283,9.297983199552576,NPM1;CENPF;KIF14;AURKA
GO_Biological_Process_2023,Response To Organophosphorus (GO:0046683),4/18,0.0547010057117663,0.5548145346092906,0,0,3.1997209140066283,9.297983199552576,NT5E;STAT1;AKR1C1;TYMS
GO_Biological_Process_2023,Epithelial Cell-Cell Adhesion (GO:0090136),3/11,0.0553227306687445,0.5548145346092906,0,0,4.198444173276388,12.15269647915605,DSP;JUP;KIFC3
GO_Biological_Process_2023,Glutamine Family Amino Acid Biosynthetic Process (GO:0009084),3/11,0.0553227306687445,0.5548145346092906,0,0,4.198444173276388,12.15269647915605,LGSN;PYCR1;ALDH18A1
GO_Biological_Process_2023,Negative Regulation Of Cell Division (GO:0051782),3/11,0.0553227306687445,0.5548145346092906,0,0,4.198444173276388,12.15269647915605,BLM;CHMP4C;E2F8
GO_Biological_Process_2023,Positive Regulation Of Muscle Contraction (GO:0045933),3/11,0.0553227306687445,0.5548145346092906,0,0,4.198444173276388,12.15269647915605,CTTN;NMU;ENO1
GO_Biological_Process_2023,Regulation Of Homotypic Cell-Cell Adhesion (GO:0034110),3/11,0.0553227306687445,0.5548145346092906,0,0,4.198444173276388,12.15269647915605,SYK;TNFSF11;PRKCA
GO_Biological_Process_2023,Regulation Of Keratinocyte Migration (GO:0051547),3/11,0.0553227306687445,0.5548145346092906,0,0,4.198444173276388,12.15269647915605,EPPK1;MMP9;MAP4K4
GO_Biological_Process_2023,Response To X-ray (GO:0010165),3/11,0.0553227306687445,0.5548145346092906,0,0,4.198444173276388,12.15269647915605,BLM;DEPDC1B;ATM
GO_Biological_Process_2023,Tetrahydrofolate Metabolic Process (GO:0046653),3/11,0.0553227306687445,0.5548145346092906,0,0,4.198444173276388,12.15269647915605,MTHFD2;SHMT2;TYMS
GO_Biological_Process_2023,Vitamin D Metabolic Process (GO:0042359),3/11,0.0553227306687445,0.5548145346092906,0,0,4.198444173276388,12.15269647915605,CYP27B1;CYP24A1;UGT1A6
GO_Biological_Process_2023,ATP Metabolic Process (GO:0046034),6/34,0.0560139505048304,0.5548145346092906,0,0,2.400890674118058,6.919737867892757,NT5E;FIGNL1;AK4;ENPP3;ALDOA;SLC25A13
GO_Biological_Process_2023,Protein Glycosylation (GO:0006486),18/147,0.0567625924406676,0.5548145346092906,0,0,1.5662447015694811,4.493364581665054,B3GALNT2;GALNT7;GALNT6;GALNT14;ST6GALNAC1;GALNT2;PDCD6;GFPT1;PLOD2;FUT2;GALNT10;B3GNTL1;FUT3;FUT8;STT3A;B3GNT3;GCNT3;OGT
GO_Biological_Process_2023,ERBB2-EGFR Signaling Pathway (GO:0038134),2/5,0.056981308690877,0.5548145346092906,0,0,7.461382113821138,21.37709839070805,EGF;TGFA
GO_Biological_Process_2023,L-phenylalanine Catabolic Process (GO:0006559),2/5,0.056981308690877,0.5548145346092906,0,0,7.461382113821138,21.37709839070805,IL4I1;HGD
GO_Biological_Process_2023,L-phenylalanine Metabolic Process (GO:0006558),2/5,0.056981308690877,0.5548145346092906,0,0,7.461382113821138,21.37709839070805,IL4I1;HGD
GO_Biological_Process_2023,Cell-Cell Signaling Involved In Cardiac Conduction (GO:0086019),2/5,0.056981308690877,0.5548145346092906,0,0,7.461382113821138,21.37709839070805,RNF207;PKP2
GO_Biological_Process_2023,Centromeric Sister Chromatid Cohesion (GO:0070601),2/5,0.056981308690877,0.5548145346092906,0,0,7.461382113821138,21.37709839070805,BUB1B;BUB1
GO_Biological_Process_2023,Embryonic Brain Development (GO:1990403),2/5,0.056981308690877,0.5548145346092906,0,0,7.461382113821138,21.37709839070805,PPIL1;RPL10
GO_Biological_Process_2023,Erythrose 4-Phosphate/Phosphoenolpyruvate Family Amino Acid Catabolic Process (GO:1902222),2/5,0.056981308690877,0.5548145346092906,0,0,7.461382113821138,21.37709839070805,IL4I1;HGD
GO_Biological_Process_2023,Establishment Of Lymphocyte Polarity (GO:0001767),2/5,0.056981308690877,0.5548145346092906,0,0,7.461382113821138,21.37709839070805,CCR7;SCRIB
GO_Biological_Process_2023,Galactolipid Biosynthetic Process (GO:0019375),2/5,0.056981308690877,0.5548145346092906,0,0,7.461382113821138,21.37709839070805,FA2H;UGT8
GO_Biological_Process_2023,Galactosylceramide Biosynthetic Process (GO:0006682),2/5,0.056981308690877,0.5548145346092906,0,0,7.461382113821138,21.37709839070805,FA2H;UGT8
GO_Biological_Process_2023,Glomerular Epithelial Cell Differentiation (GO:0072311),2/5,0.056981308690877,0.5548145346092906,0,0,7.461382113821138,21.37709839070805,CD24;PROM1
GO_Biological_Process_2023,Induction Of Bacterial Agglutination (GO:0043152),2/5,0.056981308690877,0.5548145346092906,0,0,7.461382113821138,21.37709839070805,FGB;FGA
GO_Biological_Process_2023,Iron Coordination Entity Transport (GO:1901678),2/5,0.056981308690877,0.5548145346092906,0,0,7.461382113821138,21.37709839070805,FLVCR1;LCN2
GO_Biological_Process_2023,Mitochondrial Protein Catabolic Process (GO:0035694),2/5,0.056981308690877,0.5548145346092906,0,0,7.461382113821138,21.37709839070805,BNIP3;YME1L1
GO_Biological_Process_2023,Negative Regulation Of Actin Filament Depolymerization (GO:0030835),2/5,0.056981308690877,0.5548145346092906,0,0,7.461382113821138,21.37709839070805,VIL1;SCIN
GO_Biological_Process_2023,Negative Regulation Of Cellular Response To Hypoxia (GO:1900038),2/5,0.056981308690877,0.5548145346092906,0,0,7.461382113821138,21.37709839070805,ENO1;NOL3
GO_Biological_Process_2023,Negative Regulation Of Cytokinesis (GO:0032466),2/5,0.056981308690877,0.5548145346092906,0,0,7.461382113821138,21.37709839070805,CHMP4C;E2F8
GO_Biological_Process_2023,Negative Regulation Of Gene Expression Via CpG Island Methylation (GO:0044027),2/5,0.056981308690877,0.5548145346092906,0,0,7.461382113821138,21.37709839070805,HELLS;UHRF1
GO_Biological_Process_2023,Negative Regulation Of Protein Kinase Activity By Regulation Of Protein Phosphorylation (GO:0044387),2/5,0.056981308690877,0.5548145346092906,0,0,7.461382113821138,21.37709839070805,NPM1;CDK5RAP3
GO_Biological_Process_2023,poly-N-acetyllactosamine Metabolic Process (GO:0030309),2/5,0.056981308690877,0.5548145346092906,0,0,7.461382113821138,21.37709839070805,B3GNT3;B3GNTL1
GO_Biological_Process_2023,Positive Regulation Of T Cell Mediated Immune Response To Tumor Cell (GO:0002842),2/5,0.056981308690877,0.5548145346092906,0,0,7.461382113821138,21.37709839070805,MR1;HSPD1
GO_Biological_Process_2023,Positive Regulation Of Animal Organ Morphogenesis (GO:0110110),2/5,0.056981308690877,0.5548145346092906,0,0,7.461382113821138,21.37709839070805,SIX4;SIX1
GO_Biological_Process_2023,Positive Regulation Of Epithelial Cell Differentiation Involved In Kidney Development (GO:2000698),2/5,0.056981308690877,0.5548145346092906,0,0,7.461382113821138,21.37709839070805,LIF;PROM1
GO_Biological_Process_2023,Positive Regulation Of Mitotic Cytokinesis (GO:1903490),2/5,0.056981308690877,0.5548145346092906,0,0,7.461382113821138,21.37709839070805,BIRC5;CDCA8
GO_Biological_Process_2023,Positive Regulation Of Nuclear Cell Cycle DNA Replication (GO:0010571),2/5,0.056981308690877,0.5548145346092906,0,0,7.461382113821138,21.37709839070805,DBF4;CDC7
GO_Biological_Process_2023,Positive Regulation Of Receptor Binding (GO:1900122),2/5,0.056981308690877,0.5548145346092906,0,0,7.461382113821138,21.37709839070805,NELL1;MMP9
GO_Biological_Process_2023,Proline Metabolic Process (GO:0006560),2/5,0.056981308690877,0.5548145346092906,0,0,7.461382113821138,21.37709839070805,AOC1;PYCR1
GO_Biological_Process_2023,Protein Geranylgeranylation (GO:0018344),2/5,0.056981308690877,0.5548145346092906,0,0,7.461382113821138,21.37709839070805,FNTA;CHML
GO_Biological_Process_2023,Purine Nucleobase Biosynthetic Process (GO:0009113),2/5,0.056981308690877,0.5548145346092906,0,0,7.461382113821138,21.37709839070805,SHMT2;PAICS
GO_Biological_Process_2023,Regulation Of Resting Membrane Potential (GO:0060075),2/5,0.056981308690877,0.5548145346092906,0,0,7.461382113821138,21.37709839070805,KCNK5;KCNK1
GO_Biological_Process_2023,Regulation Of Superoxide Metabolic Process (GO:0090322),2/5,0.056981308690877,0.5548145346092906,0,0,7.461382113821138,21.37709839070805,DHFR;SYK
GO_Biological_Process_2023,Renal Filtration Cell Differentiation (GO:0061318),2/5,0.056981308690877,0.5548145346092906,0,0,7.461382113821138,21.37709839070805,CD24;PROM1
GO_Biological_Process_2023,Resolution Of Recombination Intermediates (GO:0071139),2/5,0.056981308690877,0.5548145346092906,0,0,7.461382113821138,21.37709839070805,GEN1;RMI2
GO_Biological_Process_2023,Retinal Ganglion Cell Axon Guidance (GO:0031290),2/5,0.056981308690877,0.5548145346092906,0,0,7.461382113821138,21.37709839070805,NELL1;EPHB1
GO_Biological_Process_2023,tRNA Pseudouridine Synthesis (GO:0031119),2/5,0.056981308690877,0.5548145346092906,0,0,7.461382113821138,21.37709839070805,PUS7;PUSL1
GO_Biological_Process_2023,Transmembrane Receptor Protein Tyrosine Phosphatase Signaling Pathway (GO:0007185),2/5,0.056981308690877,0.5548145346092906,0,0,7.461382113821138,21.37709839070805,TRIO;PTPRF
GO_Biological_Process_2023,Ventricular Compact Myocardium Morphogenesis (GO:0003223),2/5,0.056981308690877,0.5548145346092906,0,0,7.461382113821138,21.37709839070805,DSP;TGFBR1
GO_Biological_Process_2023,L-amino Acid Transport (GO:0015807),5/26,0.0572702079886588,0.5548145346092906,0,0,2.667044826482823,7.627680783146694,SLC7A5;SFXN1;SLC7A11;SLC7A1;SLC36A4
GO_Biological_Process_2023,Regulation Of Keratinocyte Differentiation (GO:0045616),5/26,0.0572702079886588,0.5548145346092906,0,0,2.667044826482823,7.627680783146694,CYP27B1;NUMA1;SRSF6;ETV4;GRHL2
GO_Biological_Process_2023,Protein Import Into Nucleus (GO:0006606),11/79,0.0574449344427374,0.5550504005972354,0,0,1.8140260396003896,5.182542605013421,RPAIN;MMP12;RANBP2;SYK;NUP155;HEATR3;E2F3;KPNA2;TNPO1;RPL17;IPO4
GO_Biological_Process_2023,Positive Regulation Of Cell Division (GO:0051781),7/43,0.0591338014869132,0.5683928679380125,0,0,2.17896704043493,6.1620154656743855,RACGAP1;KIF14;KIF23;CDC6;ECT2;CDC14B;CIT
GO_Biological_Process_2023,Regulation Of Cell-Cell Adhesion (GO:0022407),7/43,0.0591338014869132,0.5683928679380125,0,0,2.17896704043493,6.1620154656743855,CEACAM1;CDH1;ADAM8;EFNA5;GTPBP4;PTK2;FUT3
GO_Biological_Process_2023,Positive Regulation Of Cell Migration (GO:0030335),30/272,0.0599504529779811,0.5747457712772167,0,0,1.393166950351701,3.920701758189769,LRRC15;CEMIP;TWIST1;CCAR1;FAM83H;APELA;PAK1;RAB25;PLAU;MDK;EPHB2;RREB1;MAP4K4;SPAG9;MMP7;EGF;SEMA4B;PRKCA;PTK2;TGFBR1;COL1A1;VIL1;CCNA2;FERMT1;NELL1;CLDN4;CLDN3;F2RL1;ATM;ARHGEF7
GO_Biological_Process_2023,Positive Regulation Of Wnt Signaling Pathway (GO:0030177),14/109,0.0623326226201694,0.5960355183705837,0,0,1.6531876373981638,4.588042637481813,JUP;EGF;MRPS12;USP34;CSNK1D;SULF1;COL1A1;SFRP4;DEPDC1B;CDH3;WNK1;SOX4;LGR4;ATP6V1C2
GO_Biological_Process_2023,Establishment Of Spindle Orientation (GO:0051294),6/35,0.0631083164798212,0.5987989617661188,0,0,2.317974875642863,6.40433908812671,NUMA1;SAPCD2;SPDL1;CENPA;NDC80;MAD2L1
GO_Biological_Process_2023,Positive Regulation Of Substrate Adhesion-Dependent Cell Spreading (GO:1900026),6/35,0.0631083164798212,0.5987989617661188,0,0,2.317974875642863,6.40433908812671,FGB;FGA;NELL1;MDK;ARHGEF7;RREB1
GO_Biological_Process_2023,Regulation Of G2/M Transition Of Mitotic Cell Cycle (GO:0010389),6/35,0.0631083164798212,0.5987989617661188,0,0,2.317974875642863,6.40433908812671,CCNB1;CENPF;KIF14;CDK1;CDC7;CDC25C
GO_Biological_Process_2023,Positive Regulation Of Cell Motility (GO:2000147),25/221,0.0635267162309321,0.6012233579701806,0,0,1.4326417023210023,3.94878277912642,LRRC15;CEMIP;TWIST1;CCAR1;FAM83H;PAK1;PLAU;MDK;CCR7;EPHB2;MAP4K4;SPAG9;MMP7;EGF;SEMA4B;PRKCA;PTK2;TGFBR1;COL1A1;VIL1;CCNA2;CLDN4;CLDN3;F2RL1;ATM
GO_Biological_Process_2023,Positive Regulation Of Cell-Substrate Adhesion (GO:0010811),10/71,0.0638189291388171,0.6024441622797287,0,0,1.8379339440694311,5.057452827975695,FGB;FGA;NELL1;JUP;MDK;ENC1;AGR2;CCR7;ARHGEF7;RREB1
GO_Biological_Process_2023,Establishment Of Skin Barrier (GO:0061436),4/19,0.0649488716742465,0.6053694074485964,0,0,2.986243386243386,8.164852011688886,FA2H;CLDN4;LSR;SFN
GO_Biological_Process_2023,Neuron Apoptotic Process (GO:0051402),4/19,0.0649488716742465,0.6053694074485964,0,0,2.986243386243386,8.164852011688886,BNIP3;SIAH1;TNFRSF21;CIT
GO_Biological_Process_2023,Regulation Of Acute Inflammatory Response (GO:0002673),4/19,0.0649488716742465,0.6053694074485964,0,0,2.986243386243386,8.164852011688886,F12;C2CD4A;OSMR;PTGES
GO_Biological_Process_2023,Regulation Of Centriole Replication (GO:0046599),4/19,0.0649488716742465,0.6053694074485964,0,0,2.986243386243386,8.164852011688886,PLK4;NPM1;STIL;KAT2A
GO_Biological_Process_2023,Regulation Of Smooth Muscle Cell Migration (GO:0014910),4/19,0.0649488716742465,0.6053694074485964,0,0,2.986243386243386,8.164852011688886,NELL1;PLAU;IGFBP3;SORL1
GO_Biological_Process_2023,Spliceosomal Complex Assembly (GO:0000245),9/62,0.0652950521297465,0.6070630665261829,0,0,1.90348819743729,5.194312861446657,SCAF11;SRSF1;SNRPA1;SNRPE;SNRNP200;SRSF6;NOL3;RBM5;SRPK1
GO_Biological_Process_2023,Bone Development (GO:0060348),7/44,0.0655626857827455,0.608019781970135,0,0,2.119960327299777,5.776358847277376,TFAP2A;SFRP4;MMP13;EPYC;GNAS;SULF1;LTF
GO_Biological_Process_2023,mRNA Modification (GO:0016556),5/27,0.0657300930345702,0.608044544838593,0,0,2.545676681290609,6.929837042956292,DKC1;PUS1;METTL3;PUS7;PUS7L
GO_Biological_Process_2023,Regulation Of RNA Metabolic Process (GO:0051252),12/91,0.0684394879188102,0.623196328677335,0,0,1.703409179156636,4.5682117854745,KAT2A;FUS;PRKRA;ESRP1;ZNF638;SRSF1;PCBP2;AHNAK2;CCNL2;SUPT20H;HNRNPA1;MCM2
GO_Biological_Process_2023,Positive Regulation Of Protein Localization To Nucleus (GO:1900182),10/72,0.0689193387514684,0.623196328677335,0,0,1.808191018342821,4.836582718332405,CCT3;JUP;CDH1;DKC1;LIF;CDK1;LARP7;ECT2;CDK5RAP3;CCT5
GO_Biological_Process_2023,Fibrinolysis (GO:0042730),3/12,0.0693941184195027,0.623196328677335,0,0,3.731747000203376,9.956126216661383,FGB;FGA;PLAU
GO_Biological_Process_2023,Mitochondrial Transcription (GO:0006390),3/12,0.0693941184195027,0.623196328677335,0,0,3.731747000203376,9.956126216661383,TFB2M;MRPL12;TEFM
GO_Biological_Process_2023,Negative Regulation Of Complement Activation (GO:0045916),3/12,0.0693941184195027,0.623196328677335,0,0,3.731747000203376,9.956126216661383,CR2;SUSD4;C4BPB
GO_Biological_Process_2023,Positive Regulation Of T Cell Chemotaxis (GO:0010820),3/12,0.0693941184195027,0.623196328677335,0,0,3.731747000203376,9.956126216661383,WNK1;STK39;CXCL13
GO_Biological_Process_2023,Positive Regulation Of Histone H3-K4 Methylation (GO:0051571),3/12,0.0693941184195027,0.623196328677335,0,0,3.731747000203376,9.956126216661383,SMAD4;KANSL1;OGT
GO_Biological_Process_2023,Primary miRNA Processing (GO:0031053),3/12,0.0693941184195027,0.623196328677335,0,0,3.731747000203376,9.956126216661383,HNRNPA2B1;METTL3;SRSF3
GO_Biological_Process_2023,Regulation Of Hematopoietic Stem Cell Differentiation (GO:1902036),3/12,0.0693941184195027,0.623196328677335,0,0,3.731747000203376,9.956126216661383,METTL3;PUS7;N4BP2L2
GO_Biological_Process_2023,Regulation Of Tube Diameter (GO:0035296),3/12,0.0693941184195027,0.623196328677335,0,0,3.731747000203376,9.956126216661383,ACE2;GCLC;GCLM
GO_Biological_Process_2023,Response To Iron Ion (GO:0010039),3/12,0.0693941184195027,0.623196328677335,0,0,3.731747000203376,9.956126216661383,TFAP2A;SLC11A2;HAMP
GO_Biological_Process_2023,Vascular Process In Circulatory System (GO:0003018),3/12,0.0693941184195027,0.623196328677335,0,0,3.731747000203376,9.956126216661383,ACE2;GCLC;GCLM
GO_Biological_Process_2023,Negative Regulation Of T Cell Proliferation (GO:0042130),6/36,0.0707068526526103,0.6319103950140066,0,0,2.2405867970660145,5.93579118868302,IL4I1;PRKAR1A;DLG5;SCRIB;VTCN1;TNFRSF21
GO_Biological_Process_2023,Positive Regulation Of Signaling Receptor Activity (GO:2000273),6/36,0.0707068526526103,0.6319103950140066,0,0,2.2405867970660145,5.93579118868302,GREM1;NELL1;EGF;TGFA;NOL3;EPHB2
GO_Biological_Process_2023,Negative Regulation Of Protein Modification By Small Protein Conjugation Or Removal (GO:1903321),8/54,0.0722028479559556,0.6421703898926076,0,0,1.949018146985259,5.122557207045022,RPL5;PIAS3;GNL3L;PRMT3;MAGEA2;OGT;SOX4;GTPBP4
GO_Biological_Process_2023,Negative Regulation Of Protein Ubiquitination (GO:0031397),8/54,0.0722028479559556,0.6421703898926076,0,0,1.949018146985259,5.122557207045022,CDC20;GNL3L;PRMT3;BUB1B;OGT;SOX4;GTPBP4;MAD2L1
GO_Biological_Process_2023,Positive Regulation Of mRNA Catabolic Process (GO:0061014),7/45,0.072396772064855,0.6423473213735097,0,0,2.064059230645421,5.419380634430153,NANOS1;PNPT1;CNOT7;DHX36;METTL3;MEX3D;GIGYF2
GO_Biological_Process_2023,Positive Regulation Of Cellular Process (GO:0048522),59/594,0.0727053169071437,0.6435379489310973,0,0,1.241646937968249,3.2547797307794304,NUMA1;TENM4;HILPDA;KIF14;FOXM1;HOXC10;CCAR1;FLCN;CDH3;IBSP;MDK;CHEK1;CCR7;TNPO1;ARID2;PRSS2;SOX4;KRT6A;PBRM1;SMARCC2;PRKCA;OSMR;TGFBR1;GREM1;FRMD5;SAPCD2;BIRC5;ADAM8;PRKAA1;MAPKAP1;NOP2;TGFA;TWIST1;TTK;PTHLH;PAK1;RAB25;EPCAM;DHX36;PRAME;RPL17;MCTS1;NPM1;KDM4C;SPAG5;EGF;IL31RA;LIF;CDC7;PTK6;S100B;PTK2;CNOT7;PRC1;TNFSF4;SAA1;ATM;CRLF1;EZH2
GO_Biological_Process_2023,Monocarboxylic Acid Transport (GO:0015718),10/73,0.0742710110115906,0.6558236881430167,0,0,1.7793923124805475,4.626481516686639,ABCC3;CEACAM1;CRABP2;ATP8B1;AKR1C1;SLCO1B3;SLC16A9;SLC16A14;SLC26A6;UGT1A6
GO_Biological_Process_2023,Diterpenoid Metabolic Process (GO:0016101),5/28,0.0748472996383427,0.6577217463607341,0,0,2.4348622878542403,6.311906281467173,AKR1B10;RDH10;AKR1C1;NAPEPLD;LRP8
GO_Biological_Process_2023,Regulation Of Bone Resorption (GO:0045124),5/28,0.0748472996383427,0.6577217463607341,0,0,2.4348622878542403,6.311906281467173,CALCA;SYK;SPP1;TNFSF11;PRKCA
GO_Biological_Process_2023,protein-DNA Complex Disassembly (GO:0032986),4/20,0.0761205990239154,0.6577217463607341,0,0,2.7994505494505493,7.209806753000625,SMARCC2;HMGA1;ARID2;RPL17
GO_Biological_Process_2023,Xenobiotic Transport (GO:0042908),4/20,0.0761205990239154,0.6577217463607341,0,0,2.7994505494505493,7.209806753000625,ABCC3;SLC22A3;SLC7A5;SLC22A18
GO_Biological_Process_2023,Positive Regulation Of T Cell Differentiation (GO:0045582),9/64,0.0767824801656013,0.6577217463607341,0,0,1.834070032845293,4.707652055456602,IL4I1;PBRM1;SMARCC2;MDK;TNFSF4;RHOH;ADAM8;ARID2;SOX4
GO_Biological_Process_2023,Negative Regulation Of Amide Metabolic Process (GO:0034249),12/93,0.0779837367227306,0.6577217463607341,0,0,1.6611679163826405,4.238062915279317,NANOS1;DHFR;DDX6;NHLRC3;TRIM2;ENC1;DHX36;IGF2BP3;PUS7;TYMS;SORL1;GIGYF2
GO_Biological_Process_2023,Regulation Of Epidermal Growth Factor Receptor Signaling Pathway (GO:0042058),7/46,0.0796361655642343,0.6577217463607341,0,0,2.0110248568964164,5.088469947617794,CCDC88A;CEACAM1;AGR2;CBLC;PTK6;MMP9;FAM83B
GO_Biological_Process_2023,Autophagosome Membrane Docking (GO:0016240),2/6,0.0809010221749589,0.6577217463607341,0,0,5.595731707317073,14.07062864678342,VMP1;ATP2A2
GO_Biological_Process_2023,Cellular Hypotonic Response (GO:0071476),2/6,0.0809010221749589,0.6577217463607341,0,0,5.595731707317073,14.07062864678342,STK39;SLC4A11
GO_Biological_Process_2023,Free Ubiquitin Chain Polymerization (GO:0010994),2/6,0.0809010221749589,0.6577217463607341,0,0,5.595731707317073,14.07062864678342,UBE2C;UBE2S
GO_Biological_Process_2023,Gap Junction Assembly (GO:0016264),2/6,0.0809010221749589,0.6577217463607341,0,0,5.595731707317073,14.07062864678342,GJB2;GJB6
GO_Biological_Process_2023,Glycosylceramide Biosynthetic Process (GO:0046476),2/6,0.0809010221749589,0.6577217463607341,0,0,5.595731707317073,14.07062864678342,FA2H;UGT8
GO_Biological_Process_2023,Host-Mediated Regulation Of Intestinal Microbiota Composition (GO:0048874),2/6,0.0809010221749589,0.6577217463607341,0,0,5.595731707317073,14.07062864678342,ST6GALNAC1;NAPEPLD
GO_Biological_Process_2023,Hypotonic Response (GO:0006971),2/6,0.0809010221749589,0.6577217463607341,0,0,5.595731707317073,14.07062864678342,STK39;SLC4A11
GO_Biological_Process_2023,Meiotic DNA Double-Strand Break Formation (GO:0042138),2/6,0.0809010221749589,0.6577217463607341,0,0,5.595731707317073,14.07062864678342,C11ORF80;HORMAD1
GO_Biological_Process_2023,Mitochondrion-Endoplasmic Reticulum Membrane Tethering (GO:1990456),2/6,0.0809010221749589,0.6577217463607341,0,0,5.595731707317073,14.07062864678342,VMP1;ATP2A2
GO_Biological_Process_2023,Mitotic Nuclear Membrane Disassembly (GO:0007077),2/6,0.0809010221749589,0.6577217463607341,0,0,5.595731707317073,14.07062864678342,NEK6;PRKCA
GO_Biological_Process_2023,Monoacylglycerol Biosynthetic Process (GO:0006640),2/6,0.0809010221749589,0.6577217463607341,0,0,5.595731707317073,14.07062864678342,DGAT2;PLA2G4A
GO_Biological_Process_2023,Negative Regulation Of Epidermal Cell Differentiation (GO:0045605),2/6,0.0809010221749589,0.6577217463607341,0,0,5.595731707317073,14.07062864678342,SRSF6;GRHL2
GO_Biological_Process_2023,Negative Regulation Of Meiotic Nuclear Division (GO:0045835),2/6,0.0809010221749589,0.6577217463607341,0,0,5.595731707317073,14.07062864678342,HORMAD1;TRIP13
GO_Biological_Process_2023,Negative Regulation Of Retinoic Acid Receptor Signaling Pathway (GO:0048387),2/6,0.0809010221749589,0.6577217463607341,0,0,5.595731707317073,14.07062864678342,PRAME;EZH2
GO_Biological_Process_2023,Nucleobase Biosynthetic Process (GO:0046112),2/6,0.0809010221749589,0.6577217463607341,0,0,5.595731707317073,14.07062864678342,SHMT2;PAICS
GO_Biological_Process_2023,Pituitary Gland Development (GO:0021983),2/6,0.0809010221749589,0.6577217463607341,0,0,5.595731707317073,14.07062864678342,SOX2;NR0B1
GO_Biological_Process_2023,Positive Regulation Of Endoplasmic Reticulum Stress-Induced Intrinsic Apoptotic Signaling Pathway (GO:1902237),2/6,0.0809010221749589,0.6577217463607341,0,0,5.595731707317073,14.07062864678342,PMAIP1;RNF183
GO_Biological_Process_2023,Positive Regulation Of Intracellular Estrogen Receptor Signaling Pathway (GO:0033148),2/6,0.0809010221749589,0.6577217463607341,0,0,5.595731707317073,14.07062864678342,PAGR1;PAK1
GO_Biological_Process_2023,Positive Regulation Of Lamellipodium Morphogenesis (GO:2000394),2/6,0.0809010221749589,0.6577217463607341,0,0,5.595731707317073,14.07062864678342,VIL1;RREB1
GO_Biological_Process_2023,Positive Regulation Of Lipopolysaccharide-Mediated Signaling Pathway (GO:0031666),2/6,0.0809010221749589,0.6577217463607341,0,0,5.595731707317073,14.07062864678342,CD180;PRKCA
GO_Biological_Process_2023,Positive Regulation Of Synaptic Plasticity (GO:0031915),2/6,0.0809010221749589,0.6577217463607341,0,0,5.595731707317073,14.07062864678342,CDC20;EPHB2
GO_Biological_Process_2023,Regulation Of T Cell Mediated Immune Response To Tumor Cell (GO:0002840),2/6,0.0809010221749589,0.6577217463607341,0,0,5.595731707317073,14.07062864678342,IL4I1;HSPD1
GO_Biological_Process_2023,Regulation Of Axon Guidance (GO:1902667),2/6,0.0809010221749589,0.6577217463607341,0,0,5.595731707317073,14.07062864678342,NELL1;TUBB2B
GO_Biological_Process_2023,Regulation Of Entry Of Bacterium Into Host Cell (GO:2000535),2/6,0.0809010221749589,0.6577217463607341,0,0,5.595731707317073,14.07062864678342,EXOC7;KRT6A
GO_Biological_Process_2023,Regulation Of Mitochondrial mRNA Stability (GO:0044528),2/6,0.0809010221749589,0.6577217463607341,0,0,5.595731707317073,14.07062864678342,FASTKD1;FASTKD2
GO_Biological_Process_2023,Regulation Of Transforming Growth Factor Beta2 Production (GO:0032909),2/6,0.0809010221749589,0.6577217463607341,0,0,5.595731707317073,14.07062864678342,SMAD4;CDH3
GO_Biological_Process_2023,Ribosomal Large Subunit Export From Nucleus (GO:0000055),2/6,0.0809010221749589,0.6577217463607341,0,0,5.595731707317073,14.07062864678342,NPM1;XPO1
GO_Biological_Process_2023,Ribosomal Small Subunit Export From Nucleus (GO:0000056),2/6,0.0809010221749589,0.6577217463607341,0,0,5.595731707317073,14.07062864678342,NPM1;XPO1
GO_Biological_Process_2023,Transcription-Dependent Tethering Of RNA Polymerase II Gene DNA At Nuclear Periphery (GO:0000972),2/6,0.0809010221749589,0.6577217463607341,0,0,5.595731707317073,14.07062864678342,NUP155;RAE1
GO_Biological_Process_2023,Positive Regulation Of Double-Strand Break Repair (GO:2000781),11/84,0.081874880567038,0.6641762289515105,0,0,1.6893157404063397,4.227619141167738,MBTD1;RAD51AP1;ACTR2;PBRM1;SMARCC2;FUS;DDX11;MORF4L2;TIMELESS;FOXM1;ARID2
GO_Biological_Process_2023,Regulation Of Cell-Matrix Adhesion (GO:0001952),9/65,0.0829607029718322,0.6666980887929048,0,0,1.8012203656722947,4.483936798606207,JUP;PLAU;CDKN2A;ENC1;CCR7;THY1;EFNA5;PTK2;MAP4K4
GO_Biological_Process_2023,Apoptotic Process (GO:0006915),25/228,0.0843409539125124,0.6666980887929048,0,0,1.3827071356979872,3.419279496785608,FASTKD2;EFNA5;PDCD2L;HSPD1;BCL2L11;AIFM2;CASP6;CHEK1;CASP4;PAK6;PMAIP1;PHLDA2;EGLN3;BIK;BNIP3;SIAH1;CIT;MELK;ESPL1;IL2RA;PAEP;TNFRSF25;OGT;TNFRSF21;MCM2
GO_Biological_Process_2023,Organic Cyclic Compound Biosynthetic Process (GO:1901362),5/29,0.0846122050162155,0.6666980887929048,0,0,2.333282427204235,5.762453374353044,SRD5A1;HSD17B1;MOCOS;PYCR1;FDFT1
GO_Biological_Process_2023,Regulation Of Blood Coagulation (GO:0030193),5/29,0.0846122050162155,0.6666980887929048,0,0,2.333282427204235,5.762453374353044,PLAU;F12;F2RL1;HPSE;EPHB2
GO_Biological_Process_2023,Regulation Of Developmental Growth (GO:0048638),5/29,0.0846122050162155,0.6666980887929048,0,0,2.333282427204235,5.762453374353044,SIX4;CTTN;AGR2;SIX1;EPPK1
GO_Biological_Process_2023,ERBB2 Signaling Pathway (GO:0038128),3/13,0.084895177928113,0.6666980887929048,0,0,3.3583892617449664,8.282923002493018,EGF;TGFA;PTK6
GO_Biological_Process_2023,Heparan Sulfate Proteoglycan Metabolic Process (GO:0030201),3/13,0.084895177928113,0.6666980887929048,0,0,3.3583892617449664,8.282923002493018,SULF1;HS3ST1;HS6ST2
GO_Biological_Process_2023,Mitochondrial DNA Metabolic Process (GO:0032042),3/13,0.084895177928113,0.6666980887929048,0,0,3.3583892617449664,8.282923002493018,POLG2;SSBP1;TEFM
GO_Biological_Process_2023,Mitochondrial Fission (GO:0000266),3/13,0.084895177928113,0.6666980887929048,0,0,3.3583892617449664,8.282923002493018,MTFP1;MTFR1;MTFR2
GO_Biological_Process_2023,Negative Regulation Of Cartilage Development (GO:0061037),3/13,0.084895177928113,0.6666980887929048,0,0,3.3583892617449664,8.282923002493018,GREM1;PTHLH;TGFBR1
GO_Biological_Process_2023,Nucleotide-Sugar Metabolic Process (GO:0009225),3/13,0.084895177928113,0.6666980887929048,0,0,3.3583892617449664,8.282923002493018,FUT8;GMDS;GFPT1
GO_Biological_Process_2023,Positive Regulation Of Brown Fat Cell Differentiation (GO:0090336),3/13,0.084895177928113,0.6666980887929048,0,0,3.3583892617449664,8.282923002493018,NAPEPLD;SIX1;RREB1
GO_Biological_Process_2023,Regulation Of T Cell Chemotaxis (GO:0010819),3/13,0.084895177928113,0.6666980887929048,0,0,3.3583892617449664,8.282923002493018,WNK1;STK39;CXCL13
GO_Biological_Process_2023,Regulation Of cAMP-dependent Protein Kinase Activity (GO:2000479),3/13,0.084895177928113,0.6666980887929048,0,0,3.3583892617449664,8.282923002493018,PKIB;PRKAR1A;MST1
GO_Biological_Process_2023,Regulation Of Humoral Immune Response (GO:0002920),3/13,0.084895177928113,0.6666980887929048,0,0,3.3583892617449664,8.282923002493018,SUSD4;CCR7;CXCL13
GO_Biological_Process_2023,Positive Regulation Of Epithelial To Mesenchymal Transition (GO:0010718),7/47,0.0872793069580751,0.676706132145636,0,0,1.9606422018348624,4.781304181036344,COL1A1;SMAD4;MDK;TWIST1;PTK2;TGFBR1;EZH2
GO_Biological_Process_2023,Regulation Of T Cell Differentiation (GO:0045580),7/47,0.0872793069580751,0.676706132145636,0,0,1.9606422018348624,4.781304181036344,PBRM1;KAT2A;SMARCC2;MDK;METTL3;RHOH;ARID2
GO_Biological_Process_2023,Positive Regulation Of Canonical Wnt Signaling Pathway (GO:0090263),11/85,0.0874309881250752,0.676706132145636,0,0,1.6663960097436492,4.060849607910751,COL1A1;SFRP4;CDH3;JUP;EGF;WNK1;MRPS12;USP34;CSNK1D;SOX4;LGR4
GO_Biological_Process_2023,Aminoglycan Biosynthetic Process (GO:0006023),4/21,0.0881863044058658,0.676706132145636,0,0,2.634633340515693,6.397689643558056,UGDH;B3GNT3;B3GNTL1;HS3ST1
GO_Biological_Process_2023,Anaphase-Promoting Complex-Dependent Catabolic Process (GO:0031145),4/21,0.0881863044058658,0.676706132145636,0,0,2.634633340515693,6.397689643558056,CDC20;UBE2C;UBE2S;ANAPC5
GO_Biological_Process_2023,Positive Regulation Of G2/M Transition Of Mitotic Cell Cycle (GO:0010971),4/21,0.0881863044058658,0.676706132145636,0,0,2.634633340515693,6.397689643558056,CCNB1;CDK1;CDC7;CDC25C
GO_Biological_Process_2023,Positive Regulation Of Dendritic Spine Development (GO:0060999),4/21,0.0881863044058658,0.676706132145636,0,0,2.634633340515693,6.397689643558056,DLG5;DHX36;FOXO6;LRP8
GO_Biological_Process_2023,Positive Regulation Of Interferon-Alpha Production (GO:0032727),4/21,0.0881863044058658,0.676706132145636,0,0,2.634633340515693,6.397689643558056,STAT1;DHX36;IRF7;HSPD1
GO_Biological_Process_2023,Positive Regulation Of Signal Transduction By P53 Class Mediator (GO:1901798),4/21,0.0881863044058658,0.676706132145636,0,0,2.634633340515693,6.397689643558056,PMAIP1;ATM;RPL17;CDK5RAP3
GO_Biological_Process_2023,Skin Epidermis Development (GO:0098773),4/21,0.0881863044058658,0.676706132145636,0,0,2.634633340515693,6.397689643558056,FA2H;CLDN4;LSR;SFN
GO_Biological_Process_2023,Zinc Ion Transmembrane Transport (GO:0071577),4/21,0.0881863044058658,0.676706132145636,0,0,2.634633340515693,6.397689643558056,SLC39A11;SLC30A1;SLC39A7;SLC39A4
GO_Biological_Process_2023,Intrinsic Apoptotic Signaling Pathway (GO:0097193),13/105,0.0886338685698138,0.6787294790273507,0,0,1.5844476472629248,3.839498866650153,BNIP3;MLLT11;HINT1;BCL2L11;CASP6;DNAJC10;CASP4;PMAIP1;TRIB3;SFN;ATM;CD24;PDK1
GO_Biological_Process_2023,Supramolecular Fiber Organization (GO:0097435),33/316,0.090984215135108,0.6952851719745003,0,0,1.3099350605142892,3.140005049865974,KRT80;COL11A1;KIF14;POF1B;ZNF207;HNRNPA1;KRT6A;DSP;MARCKSL1;FUS;SIAH1;MYO7A;MYO19;TGFBR1;COL1A1;GREM1;CCDC88A;COL3A1;KRT19;DLG1;KIF18A;COL1A2;KIF18B;KIF2A;COL5A1;HOOK1;KATNBL1;KRT15;COL5A2;KIF2C;EPPK1;ELMO3;ALDOA
GO_Biological_Process_2023,RNA Catabolic Process (GO:0006401),8/57,0.0927478293269398,0.7072980124911881,0,0,1.829390752629081,4.350055184046691,FEN1;RNASEH2A;PNPT1;RNASET2;METTL3;HNRNPD;DNA2;EXOSC1
GO_Biological_Process_2023,Cytoplasmic Translational Initiation (GO:0002183),5/30,0.0950110123168034,0.7107016048038377,0,0,2.2398289554062307,5.272025345598651,EIF4A2;MCTS1;EIF4A1;EIF3C;EIF3B
GO_Biological_Process_2023,Positive Regulation Of Interleukin-10 Production (GO:0032733),5/30,0.0950110123168034,0.7107016048038377,0,0,2.2398289554062307,5.272025345598651,SYK;TNFSF4;F2RL1;TIGIT;HSPD1
GO_Biological_Process_2023,Regulation Of Dendritic Spine Morphogenesis (GO:0061001),5/30,0.0950110123168034,0.7107016048038377,0,0,2.2398289554062307,5.272025345598651,DHX36;NOL3;LRP8;NGEF;CDK5R1
GO_Biological_Process_2023,tRNA Modification (GO:0006400),9/67,0.0961863363357095,0.7107016048038377,0,0,1.7389192727579872,4.071623771458782,METTL1;PUS1;WDR4;TRMT13;DUS1L;DUS4L;PUS7;PUSL1;TARBP1
GO_Biological_Process_2023,Negative Regulation Of Cellular Biosynthetic Process (GO:0031327),16/137,0.0963116840433224,0.7107016048038377,0,0,1.4830898722210362,3.4706759569016064,NANOS1;DDX6;NHLRC3;MST1;PRMT3;PUS7;TYMS;GIGYF2;DHFR;CEACAM1;KAT2A;TRIM2;DHX36;ENC1;TRIB3;IGF2BP3
GO_Biological_Process_2023,Heterochromatin Organization (GO:0070828),6/39,0.0964975298775653,0.7107016048038377,0,0,2.0365636808179595,4.761970319262221,L3MBTL1;UHRF1;CBX3;HMGA2;LMNB1;EZH2
GO_Biological_Process_2023,Negative Regulation Of Lymphocyte Proliferation (GO:0050672),6/39,0.0964975298775653,0.7107016048038377,0,0,2.0365636808179595,4.761970319262221,IL4I1;DLG5;CTLA4;ATM;VTCN1;TNFRSF21
GO_Biological_Process_2023,Regulation Of Mitotic Spindle Organization (GO:0060236),6/39,0.0964975298775653,0.7107016048038377,0,0,2.0365636808179595,4.761970319262221,TPX2;STIL;BORA;NUMA1;CHMP4C;RAE1
GO_Biological_Process_2023,Regulation Of Cellular Response To Stress (GO:0080135),13/107,0.0992132337648496,0.7107016048038377,0,0,1.5505662003839975,3.582558193340776,BARD1;NPM1;BRCA2;UCHL5;MANF;DEPDC1B;KAT2A;RAD51;DNAJC7;AIFM2;ATM;SUPT20H;SOX4
GO_Biological_Process_2023,Regulation Of Intracellular Signal Transduction (GO:1902531),31/297,0.0992411028987626,0.7107016048038377,0,0,1.308793398766936,3.0235784450726864,RPL5;TRIO;ARHGAP8;PAK1IP1;ZFAND6;NOP2;SEZ6L2;AURKB;AURKA;FLCN;PAK1;RACGAP1;CHEK1;PLEKHG4B;TNFSF11;PAK6;ECT2;FAM83D;MAP4K4;ARHGEF19;OVOL2;BOP1;CEACAM1;DLG1;TRAF4;TRAF5;F2RL1;ATM;TNFRSF25;CD24;NGEF
GO_Biological_Process_2023,"mRNA Splicing, Via Spliceosome (GO:0000398)",23/211,0.0992651750497379,0.7107016048038377,0,0,1.3730237998238997,3.171630707284032,PPIL1;SNRPN;SCAF11;METTL3;SRSF1;U2AF1;RNPC3;SRPK1;PNN;DDX39A;HNRNPA2B1;TRA2A;SRSF3;GEMIN6;SNRPE;SRSF4;SNRPA1;CDK13;SNRNP200;SRSF6;HNRNPA1;RBM5;RBM6
GO_Biological_Process_2023,Peptidyl-Threonine Phosphorylation (GO:0018107),8/58,0.1002684956744734,0.7107016048038377,0,0,1.7927050183598532,4.123048966236173,SBK1;WNK1;CHEK1;STK39;CDK1;PRKCA;TGFBR1;CDK5R1
GO_Biological_Process_2023,Renal System Development (GO:0072001),8/58,0.1002684956744734,0.7107016048038377,0,0,1.7927050183598532,4.123048966236173,TFAP2A;HELLS;CENPF;STAT1;SIX1;SULF1;HSPB11;TGFBR1
GO_Biological_Process_2023,Oligosaccharide Biosynthetic Process (GO:0009312),4/22,0.101108873549564,0.7107016048038377,0,0,2.4881291547958213,5.7016907439398015,ST6GALNAC1;FUT8;FUT2;FUT3
GO_Biological_Process_2023,Placenta Development (GO:0001890),4/22,0.101108873549564,0.7107016048038377,0,0,2.4881291547958213,5.7016907439398015,APELA;PHLDA2;PTK2;E2F8
GO_Biological_Process_2023,Positive Regulation Of Receptor Internalization (GO:0002092),4/22,0.101108873549564,0.7107016048038377,0,0,2.4881291547958213,5.7016907439398015,GREM1;SFRP4;APELA;EGF
GO_Biological_Process_2023,rRNA Methylation (GO:0031167),4/22,0.101108873549564,0.7107016048038377,0,0,2.4881291547958213,5.7016907439398015,NSUN5P1;NSUN5;NOP2;TFB2M
GO_Biological_Process_2023,Regulation Of Telomere Capping (GO:1904353),4/22,0.101108873549564,0.7107016048038377,0,0,2.4881291547958213,5.7016907439398015,PKIB;HNRNPD;NEK2;AURKB
GO_Biological_Process_2023,L-glutamate Transmembrane Transport (GO:0015813),3/14,0.1017123623994593,0.7107016048038377,0,0,3.052914748460813,6.97776156649653,SLC7A11;SLC1A7;SLC25A13
GO_Biological_Process_2023,"Blood Coagulation, Fibrin Clot Formation (GO:0072378)",3/14,0.1017123623994593,0.7107016048038377,0,0,3.052914748460813,6.97776156649653,FGB;FGA;F12
GO_Biological_Process_2023,Mitotic Recombination (GO:0006312),3/14,0.1017123623994593,0.7107016048038377,0,0,3.052914748460813,6.97776156649653,GEN1;RAD51;RAD54B
GO_Biological_Process_2023,Negative Regulation Of Chondrocyte Differentiation (GO:0032331),3/14,0.1017123623994593,0.7107016048038377,0,0,3.052914748460813,6.97776156649653,GREM1;PTHLH;TGFBR1
GO_Biological_Process_2023,Negative Regulation Of Cilium Assembly (GO:1902018),3/14,0.1017123623994593,0.7107016048038377,0,0,3.052914748460813,6.97776156649653,MPHOSPH9;TBC1D30;TBC1D7
GO_Biological_Process_2023,Positive Regulation Of Cytoplasmic Translation (GO:2000767),3/14,0.1017123623994593,0.7107016048038377,0,0,3.052914748460813,6.97776156649653,DHX36;HNRNPD;PAIP1
GO_Biological_Process_2023,Positive Regulation Of Heterotypic Cell-Cell Adhesion (GO:0034116),3/14,0.1017123623994593,0.7107016048038377,0,0,3.052914748460813,6.97776156649653,FGB;FGA;THY1
GO_Biological_Process_2023,"Positive Regulation Of Nuclear-Transcribed mRNA Catabolic Process, Deadenylation-Dependent Decay (GO:1900153)",3/14,0.1017123623994593,0.7107016048038377,0,0,3.052914748460813,6.97776156649653,NANOS1;CNOT7;DHX36
GO_Biological_Process_2023,Positive Regulation Of Telomerase RNA Localization To Cajal Body (GO:1904874),3/14,0.1017123623994593,0.7107016048038377,0,0,3.052914748460813,6.97776156649653,CCT3;DKC1;CCT5
GO_Biological_Process_2023,Protein Activation Cascade (GO:0072376),3/14,0.1017123623994593,0.7107016048038377,0,0,3.052914748460813,6.97776156649653,FGB;FGA;F12
GO_Biological_Process_2023,Regulation Of Cell Fate Specification (GO:0042659),3/14,0.1017123623994593,0.7107016048038377,0,0,3.052914748460813,6.97776156649653,RBBP4;ESRP1;MTA3
GO_Biological_Process_2023,Regulation Of Histone H3-K4 Methylation (GO:0051569),3/14,0.1017123623994593,0.7107016048038377,0,0,3.052914748460813,6.97776156649653,SMAD4;KANSL1;OGT
GO_Biological_Process_2023,"RNA Splicing, Via Transesterification Reactions With Bulged Adenosine As Nucleophile (GO:0000377)",20/180,0.1022850814662386,0.7107016048038377,0,0,1.4024352651048089,3.1975404106422176,PPIL1;SNRPN;METTL3;SRSF1;U2AF1;RNPC3;PNN;DDX39A;TRA2A;HNRNPA2B1;SRSF3;GEMIN6;SNRPE;SRSF4;SNRPA1;SNRNP200;SRSF6;HNRNPA1;RBM5;RBM6
GO_Biological_Process_2023,Neurogenesis (GO:0022008),7/49,0.1037624870195286,0.7107016048038377,0,0,1.8670744138634048,4.230138583974983,MESP1;SIX4;METTL3;SIX1;ASCL1;EPHB1;CIT
GO_Biological_Process_2023,Positive Regulation Of Leukocyte Migration (GO:0002687),5/31,0.1060260753606384,0.7107016048038377,0,0,2.153564212208073,4.832749317957684,LGALS3;MDK;F2RL1;ADAM8;THY1
GO_Biological_Process_2023,Regulation Of Cell Morphogenesis (GO:0022604),5/31,0.1060260753606384,0.7107016048038377,0,0,2.153564212208073,4.832749317957684,VIL1;CLDN4;CLDN3;EFNA5;NOL3
GO_Biological_Process_2023,Regulation Of Centrosome Duplication (GO:0010824),5/31,0.1060260753606384,0.7107016048038377,0,0,2.153564212208073,4.832749317957684,GEN1;NPM1;STIL;CCNF;CHMP4C
GO_Biological_Process_2023,Endothelial Cell Migration (GO:0043542),6/40,0.1060702764245564,0.7107016048038377,0,0,1.9765568819214727,4.434708606782076,NELL1;S100A2;STAT1;S100P;TNFRSF25;LGALS8
GO_Biological_Process_2023,Retinoid Metabolic Process (GO:0001523),6/40,0.1060702764245564,0.7107016048038377,0,0,1.9765568819214727,4.434708606782076,CYP27C1;AKR1B10;RDH10;AKR1C1;NAPEPLD;LRP8
GO_Biological_Process_2023,Water-Soluble Vitamin Metabolic Process (GO:0006767),6/40,0.1060702764245564,0.7107016048038377,0,0,1.9765568819214727,4.434708606782076,DHFR;SHMT2;FLAD1;MTHFD2;SLC52A2;SLC2A1
GO_Biological_Process_2023,Positive Regulation Of Multicellular Organismal Process (GO:0051240),39/387,0.1064441589034277,0.7107016048038377,0,0,1.259115451631639,2.8205882911696434,MESP1;PRKAA1;NUMA1;HILPDA;TWIST1;SIX1;ENO1;CYP27B1;APELA;RBBP4;SIX4;MDK;SPP1;TNFSF11;TRPM8;RREB1;FGB;FGA;SMAD4;SYK;EGF;DIO2;PRKCA;SORL1;ETV4;PTK2;TGFBR1;COL1A1;NELL1;KAT2A;ALMS1;LCN2;SAA1;GNAS;F2RL1;ADAM8;MAP3K13;OGT;EZH2
GO_Biological_Process_2023,Aromatic Amino Acid Transport (GO:0015801),2/7,0.1072502828165097,0.7107016048038377,0,0,4.476341463414634,9.993835564684687,SLC7A5;SLC36A4
GO_Biological_Process_2023,Coronary Vasculature Morphogenesis (GO:0060977),2/7,0.1072502828165097,0.7107016048038377,0,0,4.476341463414634,9.993835564684687,NELL1;TGFBR1
GO_Biological_Process_2023,Establishment Of Centrosome Localization (GO:0051660),2/7,0.1072502828165097,0.7107016048038377,0,0,4.476341463414634,9.993835564684687,DLG1;MAD2L1
GO_Biological_Process_2023,Fatty Acid Alpha-Oxidation (GO:0001561),2/7,0.1072502828165097,0.7107016048038377,0,0,4.476341463414634,9.993835564684687,PEX13;SLC27A2
GO_Biological_Process_2023,Fructose Metabolic Process (GO:0006000),2/7,0.1072502828165097,0.7107016048038377,0,0,4.476341463414634,9.993835564684687,SORD;ALDOA
GO_Biological_Process_2023,Galactosylceramide Metabolic Process (GO:0006681),2/7,0.1072502828165097,0.7107016048038377,0,0,4.476341463414634,9.993835564684687,FA2H;UGT8
GO_Biological_Process_2023,Histone H2A K63-linked Deubiquitination (GO:0070537),2/7,0.1072502828165097,0.7107016048038377,0,0,4.476341463414634,9.993835564684687,BARD1;DEPDC1B
GO_Biological_Process_2023,Kidney Mesenchyme Development (GO:0072074),2/7,0.1072502828165097,0.7107016048038377,0,0,4.476341463414634,9.993835564684687,SIX4;SIX1
GO_Biological_Process_2023,Mitochondrial tRNA Modification (GO:0070900),2/7,0.1072502828165097,0.7107016048038377,0,0,4.476341463414634,9.993835564684687,PUS1;TRMT5
GO_Biological_Process_2023,Negative Regulation Of cAMP-dependent Protein Kinase Activity (GO:2000480),2/7,0.1072502828165097,0.7107016048038377,0,0,4.476341463414634,9.993835564684687,PKIB;PRKAR1A
GO_Biological_Process_2023,Negative Regulation Of Inflammatory Response To Wounding (GO:0106015),2/7,0.1072502828165097,0.7107016048038377,0,0,4.476341463414634,9.993835564684687,MDK;SIGLEC10
GO_Biological_Process_2023,Negative Regulation Of Keratinocyte Proliferation (GO:0010839),2/7,0.1072502828165097,0.7107016048038377,0,0,4.476341463414634,9.993835564684687,CYP27B1;EPPK1
GO_Biological_Process_2023,Negative Regulation Of Leukocyte Proliferation (GO:0070664),2/7,0.1072502828165097,0.7107016048038377,0,0,4.476341463414634,9.993835564684687,GREM1;ENPP3
GO_Biological_Process_2023,Negative Regulation Of Osteoblast Proliferation (GO:0033689),2/7,0.1072502828165097,0.7107016048038377,0,0,4.476341463414634,9.993835564684687,GREM1;NELL1
GO_Biological_Process_2023,Nucleobase-Containing Small Molecule Interconversion (GO:0015949),2/7,0.1072502828165097,0.7107016048038377,0,0,4.476341463414634,9.993835564684687,AK2;AK4
GO_Biological_Process_2023,Platelet Activating Factor Metabolic Process (GO:0046469),2/7,0.1072502828165097,0.7107016048038377,0,0,4.476341463414634,9.993835564684687,PLA2G4A;PLA2G7
GO_Biological_Process_2023,Positive Regulation Of Adipose Tissue Development (GO:1904179),2/7,0.1072502828165097,0.7107016048038377,0,0,4.476341463414634,9.993835564684687,PRKAA1;SORL1
GO_Biological_Process_2023,Positive Regulation Of Attachment Of Mitotic Spindle Microtubules To Kinetochore (GO:1902425),2/7,0.1072502828165097,0.7107016048038377,0,0,4.476341463414634,9.993835564684687,BIRC5;CDCA8
GO_Biological_Process_2023,Positive Regulation Of Epithelial Tube Formation (GO:1905278),2/7,0.1072502828165097,0.7107016048038377,0,0,4.476341463414634,9.993835564684687,SIX4;SIX1
GO_Biological_Process_2023,Positive Regulation Of Intracellular Steroid Hormone Receptor Signaling Pathway (GO:0033145),2/7,0.1072502828165097,0.7107016048038377,0,0,4.476341463414634,9.993835564684687,PAGR1;PAK1
GO_Biological_Process_2023,Positive Regulation Of Oligodendrocyte Differentiation (GO:0048714),2/7,0.1072502828165097,0.7107016048038377,0,0,4.476341463414634,9.993835564684687,TENM4;MDK
GO_Biological_Process_2023,Positive Regulation Of Plasminogen Activation (GO:0010756),2/7,0.1072502828165097,0.7107016048038377,0,0,4.476341463414634,9.993835564684687,F12;ENO1
GO_Biological_Process_2023,Protein K27-linked Ubiquitination (GO:0044314),2/7,0.1072502828165097,0.7107016048038377,0,0,4.476341463414634,9.993835564684687,UBE2S;UBE2T
GO_Biological_Process_2023,Protein Retention In ER Lumen (GO:0006621),2/7,0.1072502828165097,0.7107016048038377,0,0,4.476341463414634,9.993835564684687,KDELR2;KDELR3
GO_Biological_Process_2023,Regulation Of Alpha-Beta T Cell Proliferation (GO:0046640),2/7,0.1072502828165097,0.7107016048038377,0,0,4.476341463414634,9.993835564684687,SYK;TNFSF4
GO_Biological_Process_2023,Regulation Of Attachment Of Mitotic Spindle Microtubules To Kinetochore (GO:1902423),2/7,0.1072502828165097,0.7107016048038377,0,0,4.476341463414634,9.993835564684687,BIRC5;CDCA8
GO_Biological_Process_2023,Regulation Of Carbohydrate Biosynthetic Process (GO:0043255),2/7,0.1072502828165097,0.7107016048038377,0,0,4.476341463414634,9.993835564684687,ZNF692;OGT
GO_Biological_Process_2023,Regulation Of Endodeoxyribonuclease Activity (GO:0032071),2/7,0.1072502828165097,0.7107016048038377,0,0,4.476341463414634,9.993835564684687,NPM1;DDX11
GO_Biological_Process_2023,Regulation Of Protein Localization To Cell Cortex (GO:1904776),2/7,0.1072502828165097,0.7107016048038377,0,0,4.476341463414634,9.993835564684687,NUMA1;SAPCD2
GO_Biological_Process_2023,"Regulation Of Wound Healing, Spreading Of Epidermal Cells (GO:1903689)",2/7,0.1072502828165097,0.7107016048038377,0,0,4.476341463414634,9.993835564684687,FERMT1;RREB1
GO_Biological_Process_2023,Sinoatrial Node Development (GO:0003163),2/7,0.1072502828165097,0.7107016048038377,0,0,4.476341463414634,9.993835564684687,MESP1;GJB6
GO_Biological_Process_2023,Store-Operated Calcium Entry (GO:0002115),2/7,0.1072502828165097,0.7107016048038377,0,0,4.476341463414634,9.993835564684687,ORAI2;MS4A1
GO_Biological_Process_2023,Sulfur Amino Acid Transport (GO:0000101),2/7,0.1072502828165097,0.7107016048038377,0,0,4.476341463414634,9.993835564684687,SLC7A5;SLC7A11
GO_Biological_Process_2023,Tryptophan Catabolic Process (GO:0006569),2/7,0.1072502828165097,0.7107016048038377,0,0,4.476341463414634,9.993835564684687,IL4I1;TDO2
GO_Biological_Process_2023,Regulation Of Protein Kinase Activity (GO:0045859),14/119,0.1092491137980419,0.7226496039938578,0,0,1.494922194922195,3.309943942174567,XRCC5;THY1;C1ORF112;PTK2;CCNA2;CENPE;CEACAM1;DEPTOR;TRAF4;TRIB3;SFN;CCR7;EPHB2;ECT2
GO_Biological_Process_2023,Intracellular Iron Ion Homeostasis (GO:0006879),7/50,0.1125914437245819,0.7420982478346998,0,0,1.8235545124813315,3.982624007138566,SMAD4;SLC11A2;BOLA2;IREB2;FLVCR1;CP;HAMP
GO_Biological_Process_2023,Regulation Of Epithelial Cell Migration (GO:0010632),7/50,0.1125914437245819,0.7420982478346998,0,0,1.8235545124813315,3.982624007138566,VIL1;CEACAM1;RAB25;MARVELD3;RREB1;PTK2;PFN2
GO_Biological_Process_2023,Protein N-linked Glycosylation Via Asparagine (GO:0018279),4/23,0.1148450337946808,0.7556025307240054,0,0,2.3570464623096203,5.101052993757681,FUT8;DERL3;STT3A;UGGT1
GO_Biological_Process_2023,Negative Regulation Of mRNA Catabolic Process (GO:1902373),6/41,0.1161138511613244,0.7611031975466853,0,0,1.919979042961928,4.134068335503232,TAF15;FUS;IREB2;HNRNPD;PKP3;PAIP1
GO_Biological_Process_2023,Regulation Of Microtubule-Based Process (GO:0032886),6/41,0.1161138511613244,0.7611031975466853,0,0,1.919979042961928,4.134068335503232,PRKAA1;CCNL2;EFNA5;BICD1;AURKA;MCM2
GO_Biological_Process_2023,protein-DNA Complex Organization (GO:0071824),8/60,0.1162997029033677,0.7611031975466853,0,0,1.7235665191601544,3.708399479656314,SOX2;L3MBTL1;SUV39H2;CBX3;HMGA2;RPL17;EZH2;PHF19
GO_Biological_Process_2023,Positive Regulation Of Synapse Assembly (GO:0051965),5/32,0.1176362437112535,0.7664217395150127,0,0,2.0736894499875564,4.438023265346237,SRPX2;DLG5;IL1RAP;EPHB2;EPHB1
GO_Biological_Process_2023,ncRNA Processing (GO:0034470),12/100,0.1177353363058824,0.7664217395150127,0,0,1.5284439486893475,3.2698247264000933,RPL5;RPS16;DKC1;MRTO4;INTS10;INTS7;IGF2BP3;INTS8;RPS24;DCAF13;RPL7;BYSL
GO_Biological_Process_2023,Protein Complex Oligomerization (GO:0051259),12/100,0.1177353363058824,0.7664217395150127,0,0,1.5284439486893475,3.2698247264000933,COMP;UGDH;BLM;PNPT1;ATL3;SHMT2;FUS;YME1L1;ECT2;FOXM1;NOL3;MS4A1
GO_Biological_Process_2023,Negative Regulation Of Epithelial Cell Proliferation (GO:0050680),9/70,0.1181737602236351,0.7679213890588683,0,0,1.6531276038268097,3.530417977284291,SOX2;CYP27B1;CEACAM1;STAT1;MARVELD3;SORD;EPPK1;BRCA2;SULF1
GO_Biological_Process_2023,Wound Healing (GO:0042060),10/80,0.1188065756495814,0.7685202854512336,0,0,1.600840336134454,3.410203770012089,DSP;MMP12;PAK1;COL3A1;MYOF;CHMP4C;EPPK1;HPSE;TGFBR1;KRT6A
GO_Biological_Process_2023,L-glutamate Import (GO:0051938),3/15,0.1197234256663395,0.7685202854512336,0,0,2.798352654057352,5.939702142084462,SLC7A11;SLC1A7;SLC25A13
GO_Biological_Process_2023,Activation Of NF-kappaB-inducing Kinase Activity (GO:0007250),3/15,0.1197234256663395,0.7685202854512336,0,0,2.798352654057352,5.939702142084462,IRAK1;TNFSF15;CARD14
GO_Biological_Process_2023,Dendritic Spine Morphogenesis (GO:0060997),3/15,0.1197234256663395,0.7685202854512336,0,0,2.798352654057352,5.939702142084462,NOL3;EPHB2;EPHB1
GO_Biological_Process_2023,Nucleotide-Sugar Biosynthetic Process (GO:0009226),3/15,0.1197234256663395,0.7685202854512336,0,0,2.798352654057352,5.939702142084462,UGDH;GFPT1;GNPNAT1
GO_Biological_Process_2023,Protein Localization To Cell-Cell Junction (GO:0150105),3/15,0.1197234256663395,0.7685202854512336,0,0,2.798352654057352,5.939702142084462,DSP;LSR;SCRIB
GO_Biological_Process_2023,Protein Localization To Microtubule Organizing Center (GO:1905508),3/15,0.1197234256663395,0.7685202854512336,0,0,2.798352654057352,5.939702142084462,STIL;SPAG5;CSNK1D
GO_Biological_Process_2023,Positive Regulation Of DNA Recombination (GO:0045911),7/51,0.1218021046075129,0.7805061946290455,0,0,1.7820127884348067,3.751774246991364,MBTD1;RAD51AP1;ACTR2;FUS;MORF4L2;TIMELESS;ARID2
GO_Biological_Process_2023,rRNA Metabolic Process (GO:0016072),11/91,0.1254704005648442,0.8000284790780064,0,0,1.54091048436542,3.1984453955676235,RPL5;SLFN13;RPS16;DKC1;MRTO4;GTF3A;IGF2BP3;DCAF13;RPS24;RPL7;BYSL
GO_Biological_Process_2023,Protein Autoubiquitination (GO:0051865),9/71,0.1260639800287456,0.8000284790780064,0,0,1.6263753629773028,3.3681676292956384,BARD1;DEPDC1B;RNF213;RAD51;UHRF1;UBE2T;TRIM13;RNF183;BRCA2
GO_Biological_Process_2023,Activation Of Protein Kinase Activity (GO:0032147),10/81,0.1261663554514232,0.8000284790780064,0,0,1.5782069870201605,3.267131446207632,TOM1L1;CCDC88A;TPX2;CALCA;BORA;IRAK1;TNFSF15;KIF14;ECT2;CARD14
GO_Biological_Process_2023,Regulation Of Ubiquitin-Dependent Protein Catabolic Process (GO:2000058),6/42,0.1266147755612291,0.8000284790780064,0,0,1.866544417277913,3.8574120142492734,RPL5;XPO1;RPL17;RAD23B;CDK5RAP3;PTK2
GO_Biological_Process_2023,Ear Morphogenesis (GO:0042471),4/24,0.1293463906561461,0.8000284790780064,0,0,2.239072039072039,4.579487332198618,TFAP2A;SIX1;TWIST1;EPHB2
GO_Biological_Process_2023,Fat-Soluble Vitamin Metabolic Process (GO:0006775),4/24,0.1293463906561461,0.8000284790780064,0,0,2.239072039072039,4.579487332198618,NQO1;CYP27B1;CYP24A1;GGCX
GO_Biological_Process_2023,Iron Ion Transport (GO:0006826),4/24,0.1293463906561461,0.8000284790780064,0,0,2.239072039072039,4.579487332198618,SLC41A2;SLC11A2;CP;LTF
GO_Biological_Process_2023,Regulation Of Cytoplasmic Translation (GO:2000765),4/24,0.1293463906561461,0.8000284790780064,0,0,2.239072039072039,4.579487332198618,DHX36;HNRNPD;NMNAT2;PAIP1
GO_Biological_Process_2023,Regulation Of Endoplasmic Reticulum Stress-Induced Intrinsic Apoptotic Signaling Pathway (GO:1902235),4/24,0.1293463906561461,0.8000284790780064,0,0,2.239072039072039,4.579487332198618,BCL2L11;PMAIP1;RNF183;MAGEA3
GO_Biological_Process_2023,Regulation Of Heterotypic Cell-Cell Adhesion (GO:0034114),4/24,0.1293463906561461,0.8000284790780064,0,0,2.239072039072039,4.579487332198618,FGB;FGA;WNK1;THY1
GO_Biological_Process_2023,Positive Regulation Of Interleukin-12 Production (GO:0032735),5/33,0.1298172204740962,0.8000284790780064,0,0,1.999520027925648,4.0822757041029165,SYK;MDK;TNFSF4;CCR7;HSPD1
GO_Biological_Process_2023,Regulation Of G0 To G1 Transition (GO:0070316),5/33,0.1298172204740962,0.8000284790780064,0,0,1.999520027925648,4.0822757041029165,PBRM1;SMARCC2;CHEK1;ARID2;RHNO1
GO_Biological_Process_2023,Regulation Of Cell Adhesion Mediated By Integrin (GO:0033628),5/33,0.1298172204740962,0.8000284790780064,0,0,1.999520027925648,4.0822757041029165,SYK;PLAU;TESC;LIF;PTK2
GO_Biological_Process_2023,Signal Transduction By P53 Class Mediator (GO:0072331),5/33,0.1298172204740962,0.8000284790780064,0,0,1.999520027925648,4.0822757041029165,GREM1;HINT1;CASP6;MAGEA2;PMAIP1
GO_Biological_Process_2023,B Cell Activation (GO:0042113),11/92,0.1325808550233431,0.8000284790780064,0,0,1.5218036348222328,3.0748994985306086,FCRLA;TPD52;CD79A;CR2;BLNK;SLC39A7;PAX5;TCF3;EPHB2;MS4A1;HSPD1
GO_Biological_Process_2023,L-arginine Transmembrane Transport (GO:1903826),2/8,0.1354694661131818,0.8000284790780064,0,0,3.730081300813008,7.456466114906762,SLC38A9;SLC7A1
GO_Biological_Process_2023,L-fucose Catabolic Process (GO:0042355),2/8,0.1354694661131818,0.8000284790780064,0,0,3.730081300813008,7.456466114906762,FUT8;FUT2
GO_Biological_Process_2023,L-fucose Metabolic Process (GO:0042354),2/8,0.1354694661131818,0.8000284790780064,0,0,3.730081300813008,7.456466114906762,FUT8;FUT2
GO_Biological_Process_2023,UDP-N-acetylglucosamine Biosynthetic Process (GO:0006048),2/8,0.1354694661131818,0.8000284790780064,0,0,3.730081300813008,7.456466114906762,GFPT1;GNPNAT1
GO_Biological_Process_2023,Acid Secretion (GO:0046717),2/8,0.1354694661131818,0.8000284790780064,0,0,3.730081300813008,7.456466114906762,SLC26A6;UGT1A6
GO_Biological_Process_2023,Androgen Biosynthetic Process (GO:0006702),2/8,0.1354694661131818,0.8000284790780064,0,0,3.730081300813008,7.456466114906762,SRD5A1;SRD5A3
GO_Biological_Process_2023,Astral Microtubule Organization (GO:0030953),2/8,0.1354694661131818,0.8000284790780064,0,0,3.730081300813008,7.456466114906762,DLG1;NUMA1
GO_Biological_Process_2023,Basic Amino Acid Transmembrane Transport (GO:1990822),2/8,0.1354694661131818,0.8000284790780064,0,0,3.730081300813008,7.456466114906762,SLC38A9;SLC7A1
GO_Biological_Process_2023,Commissural Neuron Axon Guidance (GO:0071679),2/8,0.1354694661131818,0.8000284790780064,0,0,3.730081300813008,7.456466114906762,NELL1;EPHB2
GO_Biological_Process_2023,Constitutive Heterochromatin Formation (GO:0140719),2/8,0.1354694661131818,0.8000284790780064,0,0,3.730081300813008,7.456466114906762,HELLS;EZH2
GO_Biological_Process_2023,Fucose Catabolic Process (GO:0019317),2/8,0.1354694661131818,0.8000284790780064,0,0,3.730081300813008,7.456466114906762,FUT8;FUT2
GO_Biological_Process_2023,Manganese Ion Transport (GO:0006828),2/8,0.1354694661131818,0.8000284790780064,0,0,3.730081300813008,7.456466114906762,SLC41A2;SLC11A2
GO_Biological_Process_2023,Membrane Lipid Catabolic Process (GO:0046466),2/8,0.1354694661131818,0.8000284790780064,0,0,3.730081300813008,7.456466114906762,SGPL1;SMPDL3B
GO_Biological_Process_2023,Negative Regulation Of Chromosome Organization (GO:2001251),2/8,0.1354694661131818,0.8000284790780064,0,0,3.730081300813008,7.456466114906762,TOP2A;ESPL1
GO_Biological_Process_2023,Negative Regulation Of Membrane Potential (GO:0045837),2/8,0.1354694661131818,0.8000284790780064,0,0,3.730081300813008,7.456466114906762,BNIP3;PMAIP1
GO_Biological_Process_2023,Negative Regulation Of Mitotic Nuclear Division (GO:0045839),2/8,0.1354694661131818,0.8000284790780064,0,0,3.730081300813008,7.456466114906762,TOM1L1;CHEK1
GO_Biological_Process_2023,Nicotinamide Nucleotide Biosynthetic Process (GO:0019359),2/8,0.1354694661131818,0.8000284790780064,0,0,3.730081300813008,7.456466114906762,QPRT;NMNAT2
GO_Biological_Process_2023,Nuclear Membrane Disassembly (GO:0051081),2/8,0.1354694661131818,0.8000284790780064,0,0,3.730081300813008,7.456466114906762,NEK6;PRKCA
GO_Biological_Process_2023,Positive Regulation Of Centriole Replication (GO:0046601),2/8,0.1354694661131818,0.8000284790780064,0,0,3.730081300813008,7.456466114906762,PLK4;STIL
GO_Biological_Process_2023,Positive Regulation Of Chromatin Binding (GO:0035563),2/8,0.1354694661131818,0.8000284790780064,0,0,3.730081300813008,7.456466114906762,DDX11;GMNN
GO_Biological_Process_2023,Positive Regulation Of Dendritic Spine Morphogenesis (GO:0061003),2/8,0.1354694661131818,0.8000284790780064,0,0,3.730081300813008,7.456466114906762,DHX36;LRP8
GO_Biological_Process_2023,Positive Regulation Of Megakaryocyte Differentiation (GO:0045654),2/8,0.1354694661131818,0.8000284790780064,0,0,3.730081300813008,7.456466114906762,SCIN;TESC
GO_Biological_Process_2023,Positive Regulation Of Monocyte Chemotactic Protein-1 Production (GO:0071639),2/8,0.1354694661131818,0.8000284790780064,0,0,3.730081300813008,7.456466114906762,SYK;TWIST1
GO_Biological_Process_2023,Positive Regulation Of Protein Localization To Early Endosome (GO:1902966),2/8,0.1354694661131818,0.8000284790780064,0,0,3.730081300813008,7.456466114906762,EGF;SORL1
GO_Biological_Process_2023,Positive Regulation Of Protein Localization To Endosome (GO:1905668),2/8,0.1354694661131818,0.8000284790780064,0,0,3.730081300813008,7.456466114906762,EGF;SORL1
GO_Biological_Process_2023,Proline Transport (GO:0015824),2/8,0.1354694661131818,0.8000284790780064,0,0,3.730081300813008,7.456466114906762,SLC7A5;SLC36A4
GO_Biological_Process_2023,Protein K29-linked Ubiquitination (GO:0035519),2/8,0.1354694661131818,0.8000284790780064,0,0,3.730081300813008,7.456466114906762,UBE2S;UBE2T
GO_Biological_Process_2023,Protein Hexamerization (GO:0034214),2/8,0.1354694661131818,0.8000284790780064,0,0,3.730081300813008,7.456466114906762,UGDH;YME1L1
GO_Biological_Process_2023,Regulation Of Endothelial Cell Differentiation (GO:0045601),2/8,0.1354694661131818,0.8000284790780064,0,0,3.730081300813008,7.456466114906762,CEACAM1;SORD
GO_Biological_Process_2023,Regulation Of Mitochondrial Gene Expression (GO:0062125),2/8,0.1354694661131818,0.8000284790780064,0,0,3.730081300813008,7.456466114906762,SHMT2;LRPPRC
GO_Biological_Process_2023,Regulation Of Nephron Tubule Epithelial Cell Differentiation (GO:0072182),2/8,0.1354694661131818,0.8000284790780064,0,0,3.730081300813008,7.456466114906762,LIF;PROM1
GO_Biological_Process_2023,Regulation Of Nuclear Cell Cycle DNA Replication (GO:0033262),2/8,0.1354694661131818,0.8000284790780064,0,0,3.730081300813008,7.456466114906762,DBF4;CDC7
GO_Biological_Process_2023,Regulation Of Protein Localization To Early Endosome (GO:1902965),2/8,0.1354694661131818,0.8000284790780064,0,0,3.730081300813008,7.456466114906762,EGF;SORL1
GO_Biological_Process_2023,Skin Morphogenesis (GO:0043589),2/8,0.1354694661131818,0.8000284790780064,0,0,3.730081300813008,7.456466114906762,COL1A1;COL1A2
GO_Biological_Process_2023,Positive Regulation Of Cell-Matrix Adhesion (GO:0001954),6/43,0.1375576397896853,0.8064368549522056,0,0,1.815998149738981,3.6024177778740225,NELL1;JUP;ENC1;CCR7;THY1;MAP4K4
GO_Biological_Process_2023,Skeletal System Morphogenesis (GO:0048705),6/43,0.1375576397896853,0.8064368549522056,0,0,1.815998149738981,3.6024177778740225,TFAP2A;SFRP4;MMP13;SIX1;TGFBR1;LTF
GO_Biological_Process_2023,Negative Regulation Of Anoikis (GO:2000811),3/16,0.1388010623367883,0.8064368549522056,0,0,2.582953958792885,5.100594251750741,CEACAM5;PTRH2;PTK2
GO_Biological_Process_2023,Nitric Oxide Metabolic Process (GO:0046209),3/16,0.1388010623367883,0.8064368549522056,0,0,2.582953958792885,5.100594251750741,NQO1;ARG2;CPS1
GO_Biological_Process_2023,Positive Regulation Of Stem Cell Proliferation (GO:2000648),3/16,0.1388010623367883,0.8064368549522056,0,0,2.582953958792885,5.100594251750741,EPCAM;HMGA2;N4BP2L2
GO_Biological_Process_2023,Positive Regulation Of Telomere Capping (GO:1904355),3/16,0.1388010623367883,0.8064368549522056,0,0,2.582953958792885,5.100594251750741,PKIB;HNRNPD;NEK2
GO_Biological_Process_2023,Prostanoid Metabolic Process (GO:0006692),3/16,0.1388010623367883,0.8064368549522056,0,0,2.582953958792885,5.100594251750741,AKR1C1;PTGR1;PTGES
GO_Biological_Process_2023,Regulation Of Plasminogen Activation (GO:0010755),3/16,0.1388010623367883,0.8064368549522056,0,0,2.582953958792885,5.100594251750741,PLAU;F12;ENO1
GO_Biological_Process_2023,Retinal Metabolic Process (GO:0042574),3/16,0.1388010623367883,0.8064368549522056,0,0,2.582953958792885,5.100594251750741,CYP27C1;AKR1C1;RDH10
GO_Biological_Process_2023,Stabilization Of Membrane Potential (GO:0030322),3/16,0.1388010623367883,0.8064368549522056,0,0,2.582953958792885,5.100594251750741,KCNK5;KCNK1;KCNN4
GO_Biological_Process_2023,Regulation Of DNA Metabolic Process (GO:0051052),14/124,0.1389579625439184,0.8064368549522056,0,0,1.426580299307572,2.8154757956934104,BARD1;XRCC5;DSCC1;GMNN;GRHL2;UCHL5;TOM1L1;CCNA2;CCDC88A;DEPDC1B;KAT2A;HNRNPD;SUPT20H;KPNA2
GO_Biological_Process_2023,Mitochondrial Transport (GO:0006839),7/53,0.1413305684887568,0.8189185687472549,0,0,1.7043478260869565,3.334818437713749,SLC25A16;BNIP3;FLVCR1;TIMM17A;PPIF;PMAIP1;SLC25A13
GO_Biological_Process_2023,Non-Membrane-Bounded Organelle Assembly (GO:0140694),15/135,0.1419353312724821,0.8196197992037528,0,0,1.40119852489244,2.7356772146724952,DDX6;NPM1;CENPW;NEK6;CSNK1D;BICD1;CENPA;CENPE;CENPF;RNF213;G3BP1;RCC1;NEK2;GOLGA8A;DLGAP5
GO_Biological_Process_2023,Apoptotic Mitochondrial Changes (GO:0008637),5/34,0.1425419265295366,0.8196197992037528,0,0,1.9304657384197328,3.760777179397744,GGCT;BIK;BNIP3;SFN;HSPD1
GO_Biological_Process_2023,Negative Regulation Of Mitotic Cell Cycle (GO:0045930),5/34,0.1425419265295366,0.8196197992037528,0,0,1.9304657384197328,3.760777179397744,TOM1L1;CHEK1;SCRIB;ZWINT;MAD2L1
GO_Biological_Process_2023,Purine Nucleotide Metabolic Process (GO:0006163),5/34,0.1425419265295366,0.8196197992037528,0,0,1.9304657384197328,3.760777179397744,PPAT;QPRT;CD38;HPRT1;GART
GO_Biological_Process_2023,Telomere Organization (GO:0032200),8/63,0.1427390417918078,0.8196197992037528,0,0,1.6292867475242017,3.171793118304161,RECQL4;BLM;DCLRE1C;XRCC5;ATM;DNA2;UCHL5;EZH2
GO_Biological_Process_2023,Carbohydrate Biosynthetic Process (GO:0016051),4/25,0.1445604143271859,0.8196197992037528,0,0,2.132333275190418,4.124055731810879,ST6GALNAC1;FUT8;FUT2;FUT3
GO_Biological_Process_2023,Cellular Response To Hexose Stimulus (GO:0071331),4/25,0.1445604143271859,0.8196197992037528,0,0,2.132333275190418,4.124055731810879,PRKAA1;SLC2A5;SOX4;SLC26A6
GO_Biological_Process_2023,Inner Ear Morphogenesis (GO:0042472),4/25,0.1445604143271859,0.8196197992037528,0,0,2.132333275190418,4.124055731810879,TFAP2A;SIX1;EPHB2;TTC39C
GO_Biological_Process_2023,Negative Regulation Of Lipid Biosynthetic Process (GO:0051055),4/25,0.1445604143271859,0.8196197992037528,0,0,2.132333275190418,4.124055731810879,CEACAM1;PRMT3;NR0B1;TRIB3
GO_Biological_Process_2023,Negative Regulation Of Response To Wounding (GO:1903035),4/25,0.1445604143271859,0.8196197992037528,0,0,2.132333275190418,4.124055731810879,CLDN3;MDK;SIGLEC10;EPPK1
GO_Biological_Process_2023,Positive Regulation Of T Cell Migration (GO:2000406),4/25,0.1445604143271859,0.8196197992037528,0,0,2.132333275190418,4.124055731810879,CCL20;WNK1;STK39;CXCL13
GO_Biological_Process_2023,Regulation Of B Cell Activation (GO:0050864),4/25,0.1445604143271859,0.8196197992037528,0,0,2.132333275190418,4.124055731810879,IL4I1;CD19;TNFSF4;MZB1
GO_Biological_Process_2023,Regulation Of Myelination (GO:0031641),4/25,0.1445604143271859,0.8196197992037528,0,0,2.132333275190418,4.124055731810879,TENM4;NSUN5;KIF14;TNFRSF21
GO_Biological_Process_2023,"Wound Healing, Spreading Of Cells (GO:0044319)",4/25,0.1445604143271859,0.8196197992037528,0,0,2.132333275190418,4.124055731810879,CCNA2;MMP12;CEACAM1;COL5A1
GO_Biological_Process_2023,Nucleus Organization (GO:0006997),6/44,0.1489252672912525,0.8404941308440566,0,0,1.7681122120705186,3.367034934697065,NDC1;NUMA1;NUP155;CHMP4C;CEP55;LMNB1
GO_Biological_Process_2023,Regulation Of B Cell Proliferation (GO:0030888),6/44,0.1489252672912525,0.8404941308440566,0,0,1.7681122120705186,3.367034934697065,MZB1;CD38;CTLA4;ATM;EPHB2;TNFRSF21
GO_Biological_Process_2023,Regulation Of DNA Recombination (GO:0000018),6/44,0.1489252672912525,0.8404941308440566,0,0,1.7681122120705186,3.367034934697065,RAD51AP1;BLM;RAD51;FIGNL1;CHEK1;KPNA2
GO_Biological_Process_2023,Regulation Of Cell Migration (GO:0030334),42/434,0.1499472446227649,0.8449698929811075,0,0,1.2030803571428572,2.28281098977135,LRRC15;CEMIP;ZMYND8;KIF14;TWIST1;THY1;CCAR1;FUT3;FAM83H;FLCN;PAK1;RBBP4;CDH1;MDK;PLAU;ADORA3;EPHB2;ARID2;MAP4K4;SPAG9;MMP7;EGF;SEMA4B;PRKCA;SULF1;SORL1;GTPBP4;PTK2;TGFBR1;COL1A1;VIL1;CCNA2;CLDN4;FRMD5;CEACAM1;CLDN3;KIF2A;DLG5;F2RL1;ATM;EPPK1;OGT
GO_Biological_Process_2023,Regulation Of Cell Cycle G1/S Phase Transition (GO:1902806),9/74,0.1513519955143199,0.8515856942734067,0,0,1.551057515662537,2.9286246862827947,PAGR1;SOX2;PBRM1;SMARCC2;CDKN2A;KIF14;ARID2;FAM83D;EZH2
GO_Biological_Process_2023,Epidermal Cell Differentiation (GO:0009913),7/54,0.1516261889833201,0.8518299292807222,0,0,1.667994013924133,3.1463989412432443,DSP;ST14;PITX2;OVOL1;IVL;SPRR1B;OVOL2
GO_Biological_Process_2023,Positive Regulation Of GTPase Activity (GO:0043547),24/234,0.1521551514961371,0.8521531367308056,0,0,1.2818647360056508,2.4135648445235307,USP6NL;GRTP1;CCL20;ARHGEF16;ARHGEF19;SCRIB;AGAP4;THY1;CXCL13;FLCN;RASGEF1A;SGSM2;TBC1D30;TBC1D7;F2RL1;CCR7;ARHGEF7;RGS8;ECT2;NGEF;EZH2;RALGPS2;MAP4K4;TBC1D16
GO_Biological_Process_2023,Protein N-linked Glycosylation (GO:0006487),8/64,0.152161409874724,0.8521531367308056,0,0,1.6001049134464067,3.0126989956279133,FUT8;PDCD6;DERL3;GFPT1;SRD5A3;STT3A;UGGT1;FUT3
GO_Biological_Process_2023,Negative Regulation Of Cell Population Proliferation (GO:0008285),37/379,0.154509164735029,0.8521531367308056,0,0,1.21439215900603,2.2678796226719995,PDCD5;PTHLH;SOX2;CYP27B1;FLCN;PAK1;SCIN;RBBP4;ADORA3;MARVELD3;E2F3;PIM2;ARID2;SOX4;RBM5;TFAP2A;PBRM1;NPM1;CDKN2A;TESC;IGFBP3;HMGA1;CDC6;PPP2R5C;GTPBP4;NME1;GREM1;SFRP4;NELL1;CLDN3;CNOT7;DLG3;PRKRA;DLG5;NOX4;EPPK1;CDKN3
GO_Biological_Process_2023,Dendrite Morphogenesis (GO:0048813),5/35,0.1557808653125429,0.8521531367308056,0,0,1.866015068214213,3.469491088180615,FARP1;TMEM106B;NOL3;EPHB2;EPHB1
GO_Biological_Process_2023,Regulation Of Cellular Senescence (GO:2000772),5/35,0.1557808653125429,0.8521531367308056,0,0,1.866015068214213,3.469491088180615,ARG2;PNPT1;NEK6;TWIST1;HMGA2
GO_Biological_Process_2023,Establishment Of Protein Localization To Organelle (GO:0072594),10/85,0.1579781904514356,0.8521531367308056,0,0,1.4937091503267974,2.7563389417522,RPAIN;MMP12;SYK;NUP155;HEATR3;SCRIB;E2F3;KPNA2;TNPO1;IPO4
GO_Biological_Process_2023,Embryonic Heart Tube Development (GO:0035050),3/17,0.1588158911352561,0.8521531367308056,0,0,2.398326505709056,4.412943950461102,MESP1;APELA;PITX2
GO_Biological_Process_2023,Intracellular Zinc Ion Homeostasis (GO:0006882),3/17,0.1588158911352561,0.8521531367308056,0,0,2.398326505709056,4.412943950461102,SLC30A9;SLC30A1;SLC39A7
GO_Biological_Process_2023,Positive Chemotaxis (GO:0050918),3/17,0.1588158911352561,0.8521531367308056,0,0,2.398326505709056,4.412943950461102,LGALS3;NELL1;SCRIB
GO_Biological_Process_2023,Positive Regulation Of Cell Adhesion Mediated By Integrin (GO:0033630),3/17,0.1588158911352561,0.8521531367308056,0,0,2.398326505709056,4.412943950461102,SYK;LIF;CXCL13
GO_Biological_Process_2023,Positive Regulation Of Lymphocyte Chemotaxis (GO:0140131),3/17,0.1588158911352561,0.8521531367308056,0,0,2.398326505709056,4.412943950461102,WNK1;STK39;CXCL13
GO_Biological_Process_2023,Protein Localization To Centrosome (GO:0071539),3/17,0.1588158911352561,0.8521531367308056,0,0,2.398326505709056,4.412943950461102,STIL;SPAG5;CSNK1D
GO_Biological_Process_2023,Regulation Of Aerobic Respiration (GO:1903715),3/17,0.1588158911352561,0.8521531367308056,0,0,2.398326505709056,4.412943950461102,SHMT2;AK4;IDE
GO_Biological_Process_2023,Regulation Of Cellular Respiration (GO:0043457),3/17,0.1588158911352561,0.8521531367308056,0,0,2.398326505709056,4.412943950461102,PNPT1;SHMT2;IDE
GO_Biological_Process_2023,Regulation Of Hematopoietic Progenitor Cell Differentiation (GO:1901532),3/17,0.1588158911352561,0.8521531367308056,0,0,2.398326505709056,4.412943950461102,METTL3;DHX36;PUS7
GO_Biological_Process_2023,Regulation Of Oxidative Phosphorylation (GO:0002082),3/17,0.1588158911352561,0.8521531367308056,0,0,2.398326505709056,4.412943950461102,SHMT2;PPIF;AK4
GO_Biological_Process_2023,Regulation Of Receptor Recycling (GO:0001919),3/17,0.1588158911352561,0.8521531367308056,0,0,2.398326505709056,4.412943950461102,KIF16B;SCRIB;TBC1D16
GO_Biological_Process_2023,Regulation Of Single Stranded Viral RNA Replication Via Double Stranded DNA Intermediate (GO:0045091),3/17,0.1588158911352561,0.8521531367308056,0,0,2.398326505709056,4.412943950461102,TOP2A;HMGA2;APOBEC3B
GO_Biological_Process_2023,Regulation Of Telomerase RNA Localization To Cajal Body (GO:1904872),3/17,0.1588158911352561,0.8521531367308056,0,0,2.398326505709056,4.412943950461102,CCT3;DKC1;CCT5
GO_Biological_Process_2023,Regulation Of Tubulin Deacetylation (GO:0090043),3/17,0.1588158911352561,0.8521531367308056,0,0,2.398326505709056,4.412943950461102,PRKAA1;KAT2A;FNTA
GO_Biological_Process_2023,Sulfur Amino Acid Metabolic Process (GO:0000096),3/17,0.1588158911352561,0.8521531367308056,0,0,2.398326505709056,4.412943950461102,GCLC;CPS1;NOX4
GO_Biological_Process_2023,Response To Calcium Ion (GO:0051592),12/106,0.1595123130320418,0.8521531367308056,0,0,1.4304137841012925,2.625716407954639,FGB;FGA;PRKAA1;CPNE5;SYT1;CPNE4;PDCD6;PPIF;BRAF;SYT13;ECT2;SLC25A13
GO_Biological_Process_2023,Establishment Or Maintenance Of Apical/Basal Cell Polarity (GO:0035088),4/26,0.1604313658402696,0.8521531367308056,0,0,2.035298035298035,3.7243695985242113,DLG1;DLG3;DLG5;SCRIB
GO_Biological_Process_2023,Nucleic Acid Phosphodiester Bond Hydrolysis (GO:0090305),4/26,0.1604313658402696,0.8521531367308056,0,0,2.035298035298035,3.7243695985242113,FEN1;C11ORF80;HORMAD1;DNA2
GO_Biological_Process_2023,Regulation Of Interferon-Alpha Production (GO:0032647),4/26,0.1604313658402696,0.8521531367308056,0,0,2.035298035298035,3.7243695985242113,STAT1;DHX36;IRF7;HSPD1
GO_Biological_Process_2023,Chromosome Organization (GO:0051276),6/45,0.1606988847392065,0.8521531367308056,0,0,1.7226819635132593,3.14944669483786,TOP2A;CENPW;NUP155;NUF2;CDCA8;RAE1
GO_Biological_Process_2023,Organic Hydroxy Compound Transport (GO:0015850),6/45,0.1606988847392065,0.8521531367308056,0,0,1.7226819635132593,3.14944669483786,ABCC3;SLC22A3;CEACAM1;ATP8B1;AKR1C1;SLCO1B3
GO_Biological_Process_2023,RNA Export From Nucleus (GO:0006405),8/65,0.1618737916886542,0.8521531367308056,0,0,1.5719470033713414,2.8624185213442663,XPO1;DDX39A;NUP155;XPO5;HNRNPA2B1;SRSF3;HNRNPA1;RAE1
GO_Biological_Process_2023,Positive Regulation Of Cell Cycle (GO:0045787),8/65,0.1618737916886542,0.8521531367308056,0,0,1.5719470033713414,2.8624185213442663,FOXA1;CCNB1;CHEK1;EIF4EBP1;ASNS;PRKCA;PTK6;AURKA
GO_Biological_Process_2023,mRNA Processing (GO:0006397),22/214,0.1618883211163231,0.8521531367308056,0,0,1.2848894032921812,2.3395890162793744,PPIL1;SNRPN;SCAF11;METTL3;SRSF1;U2AF1;RNPC3;FBXO11;PNN;DDX39A;HNRNPA2B1;TRA2A;SRSF3;GEMIN6;SNRPE;SRSF4;SNRPA1;SNRNP200;SRSF6;HNRNPA1;RBM5;RBM6
GO_Biological_Process_2023,Regulation Of GTPase Activity (GO:0043087),22/214,0.1618883211163231,0.8521531367308056,0,0,1.2848894032921812,2.3395890162793744,USP6NL;RABGAP1;CCL20;THY1;EFNA5;PTK2;FLCN;FGD6;RASGEF1A;WNK1;SGSM2;TBC1D30;TBC1D7;F2RL1;ARHGEF7;RGS8;ECT2;NGEF;PROM2;EZH2;RALGPS2;MAP4K4
GO_Biological_Process_2023,Purine Ribonucleotide Biosynthetic Process (GO:0009152),7/55,0.1622593241661813,0.8521531367308056,0,0,1.6331549439347604,2.969989368288431,SLC25A16;ATIC;AMPD3;ALDOA;GART;PAICS;SLC25A13
GO_Biological_Process_2023,Adrenal Gland Development (GO:0030325),2/9,0.165074368128563,0.8521531367308056,0,0,3.1970383275261325,5.759014374286295,MDK;NR0B1
GO_Biological_Process_2023,Amino Sugar Biosynthetic Process (GO:0046349),2/9,0.165074368128563,0.8521531367308056,0,0,3.1970383275261325,5.759014374286295,GFPT1;GNPNAT1
GO_Biological_Process_2023,Fructose 6-Phosphate Metabolic Process (GO:0006002),2/9,0.165074368128563,0.8521531367308056,0,0,3.1970383275261325,5.759014374286295,GFPT1;PFKP
GO_Biological_Process_2023,Homocysteine Metabolic Process (GO:0050667),2/9,0.165074368128563,0.8521531367308056,0,0,3.1970383275261325,5.759014374286295,CPS1;NOX4
GO_Biological_Process_2023,Iron Ion Transmembrane Transport (GO:0034755),2/9,0.165074368128563,0.8521531367308056,0,0,3.1970383275261325,5.759014374286295,SLC25A37;SLC11A2
GO_Biological_Process_2023,Long-Chain Fatty Acid Import Into Cell (GO:0044539),2/9,0.165074368128563,0.8521531367308056,0,0,3.1970383275261325,5.759014374286295,SLC2A1;SLC27A2
GO_Biological_Process_2023,Negative Regulation Of Hormone Secretion (GO:0046888),2/9,0.165074368128563,0.8521531367308056,0,0,3.1970383275261325,5.759014374286295,LIF;RAB11FIP3
GO_Biological_Process_2023,Negative Regulation Of Receptor Binding (GO:1900121),2/9,0.165074368128563,0.8521531367308056,0,0,3.1970383275261325,5.759014374286295,ATP2A2;PTPRF
GO_Biological_Process_2023,Negative Regulation Of Transforming Growth Factor Beta Production (GO:0071635),2/9,0.165074368128563,0.8521531367308056,0,0,3.1970383275261325,5.759014374286295,LAPTM4B;CDH3
GO_Biological_Process_2023,Nucleobase-Containing Compound Biosynthetic Process (GO:0034654),2/9,0.165074368128563,0.8521531367308056,0,0,3.1970383275261325,5.759014374286295,CDA;TYMS
GO_Biological_Process_2023,Ornithine Metabolic Process (GO:0006591),2/9,0.165074368128563,0.8521531367308056,0,0,3.1970383275261325,5.759014374286295,ARG2;ALDH18A1
GO_Biological_Process_2023,Phosphatidylcholine Catabolic Process (GO:0034638),2/9,0.165074368128563,0.8521531367308056,0,0,3.1970383275261325,5.759014374286295,PLA2G4A;PLA2G7
GO_Biological_Process_2023,Phosphatidylethanolamine Biosynthetic Process (GO:0006646),2/9,0.165074368128563,0.8521531367308056,0,0,3.1970383275261325,5.759014374286295,ETNK1;CEPT1
GO_Biological_Process_2023,Positive Regulation Of Epidermis Development (GO:0045684),2/9,0.165074368128563,0.8521531367308056,0,0,3.1970383275261325,5.759014374286295,SFRP4;SFN
GO_Biological_Process_2023,Positive Regulation Of Keratinocyte Migration (GO:0051549),2/9,0.165074368128563,0.8521531367308056,0,0,3.1970383275261325,5.759014374286295,MMP9;MAP4K4
GO_Biological_Process_2023,Protein K6-linked Ubiquitination (GO:0085020),2/9,0.165074368128563,0.8521531367308056,0,0,3.1970383275261325,5.759014374286295,UBE2S;UBE2T
GO_Biological_Process_2023,Protein O-linked Glycosylation Via Threonine (GO:0018243),2/9,0.165074368128563,0.8521531367308056,0,0,3.1970383275261325,5.759014374286295,GALNT6;GALNT2
GO_Biological_Process_2023,Protein Localization To Nuclear Envelope (GO:0090435),2/9,0.165074368128563,0.8521531367308056,0,0,3.1970383275261325,5.759014374286295,NUP155;LMNB1
GO_Biological_Process_2023,Regulation Of Cell-Cell Adhesion Mediated By Integrin (GO:0033632),2/9,0.165074368128563,0.8521531367308056,0,0,3.1970383275261325,5.759014374286295,WNK1;CXCL13
GO_Biological_Process_2023,Regulation Of Cellular Response To Oxidative Stress (GO:1900407),2/9,0.165074368128563,0.8521531367308056,0,0,3.1970383275261325,5.759014374286295,DHFR;AIFM2
GO_Biological_Process_2023,Regulation Of Granulocyte Differentiation (GO:0030852),2/9,0.165074368128563,0.8521531367308056,0,0,3.1970383275261325,5.759014374286295,CEACAM1;TESC
GO_Biological_Process_2023,Regulation Of Hair Cycle (GO:0042634),2/9,0.165074368128563,0.8521531367308056,0,0,3.1970383275261325,5.759014374286295,CDH3;HPSE
GO_Biological_Process_2023,Regulation Of Inflammatory Response To Wounding (GO:0106014),2/9,0.165074368128563,0.8521531367308056,0,0,3.1970383275261325,5.759014374286295,MDK;SIGLEC10
GO_Biological_Process_2023,Regulation Of Postsynaptic Neurotransmitter Receptor Activity (GO:0098962),2/9,0.165074368128563,0.8521531367308056,0,0,3.1970383275261325,5.759014374286295,NPTX2;DLGAP4
GO_Biological_Process_2023,Serine Family Amino Acid Catabolic Process (GO:0009071),2/9,0.165074368128563,0.8521531367308056,0,0,3.1970383275261325,5.759014374286295,AOC1;SHMT2
GO_Biological_Process_2023,"Wound Healing, Spreading Of Epidermal Cells (GO:0035313)",2/9,0.165074368128563,0.8521531367308056,0,0,3.1970383275261325,5.759014374286295,MMP12;COL5A1
GO_Biological_Process_2023,Regulation Of Ras Protein Signal Transduction (GO:0046578),9/76,0.169495570352122,0.8677304667711027,0,0,1.5045927740355174,2.6705445746443277,FLCN;RASGEF1A;DENND1A;MAPKAP1;KIF14;EPS8L1;FOXM1;EPHB2;OGT
GO_Biological_Process_2023,COPII-coated Vesicle Budding (GO:0090114),5/36,0.169502483484683,0.8677304667711027,0,0,1.8057225057638877,3.204954665891507,TMED10;SEC24A;PDCD6;CSNK1D;SEC24D
GO_Biological_Process_2023,Blood Vessel Diameter Maintenance (GO:0097746),5/36,0.169502483484683,0.8677304667711027,0,0,1.8057225057638877,3.204954665891507,ACE2;GCLC;CPS1;F2RL1;GCLM
GO_Biological_Process_2023,Negative Regulation Of Organelle Assembly (GO:1902116),5/36,0.169502483484683,0.8677304667711027,0,0,1.8057225057638877,3.204954665891507,SMAD4;KAT2A;MPHOSPH9;TBC1D30;TBC1D7
GO_Biological_Process_2023,Regulation Of Receptor Internalization (GO:0002090),5/36,0.169502483484683,0.8677304667711027,0,0,1.8057225057638877,3.204954665891507,GREM1;SFRP4;ANKRD13D;EGF;ANKRD13A
GO_Biological_Process_2023,tRNA Methylation (GO:0030488),5/36,0.169502483484683,0.8677304667711027,0,0,1.8057225057638877,3.204954665891507,METTL1;TRMT5;WDR4;TRMT13;TARBP1
GO_Biological_Process_2023,Cardiac Conduction (GO:0061337),6/46,0.1728582950236211,0.8824619183017779,0,0,1.6795232273838632,2.94803877746508,DSP;JUP;KCNE4;AKAP9;PKP2;DSG2
GO_Biological_Process_2023,Regulation Of Interleukin-10 Production (GO:0032653),6/46,0.1728582950236211,0.8824619183017779,0,0,1.6795232273838632,2.94803877746508,SYK;TNFSF4;F2RL1;TIGIT;TNFRSF21;HSPD1
GO_Biological_Process_2023,post-Golgi Vesicle-Mediated Transport (GO:0006892),7/56,0.1732160875956559,0.883067098502163,0,0,1.599737876802097,2.804685085837357,GGA1;AP1G2;EXOC7;KIF16B;VPS13C;SNAP23;SORL1
GO_Biological_Process_2023,Positive Regulation Of DNA Metabolic Process (GO:0051054),12/108,0.1749229033852624,0.885243104257247,0,0,1.4004601226993865,2.441576118394456,GINS1;CDT1;PRIM2;GINS2;DEPDC1B;RAD51;EGF;DHX36;GINS4;DNA2;UCHL5;GNL3
GO_Biological_Process_2023,Positive Regulation Of Translation (GO:0045727),12/108,0.1749229033852624,0.885243104257247,0,0,1.4004601226993865,2.441576118394456,RPL5;NPM1;FASTKD2;NSUN5;METTL3;DHX36;HNRNPD;PLD1;EIF3C;OGT;SOX4;PAIP1
GO_Biological_Process_2023,In Utero Embryonic Development (GO:0001701),4/27,0.1769011564637755,0.885243104257247,0,0,1.9467006423528164,3.372005044875853,FLCN;FUT8;STIL;TGFBR1
GO_Biological_Process_2023,Peptide Cross-Linking (GO:0018149),4/27,0.1769011564637755,0.885243104257247,0,0,1.9467006423528164,3.372005044875853,DSP;COL3A1;IVL;SPRR1B
GO_Biological_Process_2023,Positive Regulation Of Response To Wounding (GO:1903036),4/27,0.1769011564637755,0.885243104257247,0,0,1.9467006423528164,3.372005044875853,CLDN4;CLDN3;MDK;PTK2
GO_Biological_Process_2023,Regulation Of SMAD Protein Signal Transduction (GO:0060390),4/27,0.1769011564637755,0.885243104257247,0,0,1.9467006423528164,3.372005044875853,SMAD4;CILP;TGFBR1;OVOL2
GO_Biological_Process_2023,Regulation Of Chromatin Organization (GO:1902275),4/27,0.1769011564637755,0.885243104257247,0,0,1.9467006423528164,3.372005044875853,KANSL1;MKI67;MLLT3;OGT
GO_Biological_Process_2023,Regulation Of Programmed Cell Death (GO:0043067),20/195,0.1782353345144018,0.885243104257247,0,0,1.281169631847807,2.209569843443391,BIK;STAT1;BNIP3;STYK1;FBXO11;LRP8;NME1;MBTD1;PRDX2;TOX3;BCL2L11;CASP6;MORF4L2;ANP32E;ATM;TNFRSF25;CCNL2;SLC39A7;HTATIP2;MCM2
GO_Biological_Process_2023,Regulation Of Immune Response (GO:0050776),9/77,0.1789305889211362,0.885243104257247,0,0,1.4823853607578978,2.5508254601913456,DENND1B;IL4I1;COL3A1;SYK;FGL1;TNFSF4;IRF7;CXCL13;LRP8
GO_Biological_Process_2023,Negative Regulation Of Macromolecule Biosynthetic Process (GO:0010558),11/98,0.1795908596374828,0.885243104257247,0,0,1.4163865338943036,2.4320405157981195,NANOS1;DHFR;DDX6;NHLRC3;TRIM2;DHX36;ENC1;IGF2BP3;PUS7;TYMS;GIGYF2
GO_Biological_Process_2023,Melanosome Assembly (GO:1903232),3/18,0.179638874312836,0.885243104257247,0,0,2.2383160463697376,3.84275597870673,HPS1;HPS3;AP1S1
GO_Biological_Process_2023,Negative Regulation Of T Cell Receptor Signaling Pathway (GO:0050860),3/18,0.179638874312836,0.885243104257247,0,0,2.2383160463697376,3.84275597870673,LGALS3;CEACAM1;THY1
GO_Biological_Process_2023,Neutrophil Activation (GO:0042119),3/18,0.179638874312836,0.885243104257247,0,0,2.2383160463697376,3.84275597870673,CXCL6;SYK;F2RL1
GO_Biological_Process_2023,Nucleosome Disassembly (GO:0006337),3/18,0.179638874312836,0.885243104257247,0,0,2.2383160463697376,3.84275597870673,SMARCC2;HMGA1;ARID2
GO_Biological_Process_2023,Positive Regulation Of DNA Replication (GO:0045740),3/18,0.179638874312836,0.885243104257247,0,0,2.2383160463697376,3.84275597870673,CDT1;EGF;DNA2
GO_Biological_Process_2023,Positive Regulation Of Establishment Of Protein Localization (GO:1904951),3/18,0.179638874312836,0.885243104257247,0,0,2.2383160463697376,3.84275597870673,CCT3;DKC1;CCT5
GO_Biological_Process_2023,Positive Regulation Of Focal Adhesion Assembly (GO:0051894),3/18,0.179638874312836,0.885243104257247,0,0,2.2383160463697376,3.84275597870673,NELL1;THY1;MAP4K4
GO_Biological_Process_2023,Positive Regulation Of Interleukin-4 Production (GO:0032753),3/18,0.179638874312836,0.885243104257247,0,0,2.2383160463697376,3.84275597870673,SLC7A5;SYK;TNFSF4
GO_Biological_Process_2023,Positive Regulation Of Neutrophil Chemotaxis (GO:0090023),3/18,0.179638874312836,0.885243104257247,0,0,2.2383160463697376,3.84275597870673,CAMK1D;MDK;CCR7
GO_Biological_Process_2023,Positive Regulation Of Response To Endoplasmic Reticulum Stress (GO:1905898),3/18,0.179638874312836,0.885243104257247,0,0,2.2383160463697376,3.84275597870673,BCL2L11;PMAIP1;RNF183
GO_Biological_Process_2023,Protein Autoprocessing (GO:0016540),3/18,0.179638874312836,0.885243104257247,0,0,2.2383160463697376,3.84275597870673,CASP6;F12;CASP4
GO_Biological_Process_2023,Regulation Of Adaptive Immune Response (GO:0002819),3/18,0.179638874312836,0.885243104257247,0,0,2.2383160463697376,3.84275597870673,IL4I1;TNFSF4;IRF7
GO_Biological_Process_2023,Regulation Of Histone Modification (GO:0031056),3/18,0.179638874312836,0.885243104257247,0,0,2.2383160463697376,3.84275597870673,FLCN;KAT2A;NFYA
GO_Biological_Process_2023,Regulation Of Mitochondrial Membrane Permeability (GO:0046902),3/18,0.179638874312836,0.885243104257247,0,0,2.2383160463697376,3.84275597870673,BNIP3;PPIF;PMAIP1
GO_Biological_Process_2023,Regulation Of Oligodendrocyte Differentiation (GO:0048713),3/18,0.179638874312836,0.885243104257247,0,0,2.2383160463697376,3.84275597870673,TENM4;MDK;TNFRSF21
GO_Biological_Process_2023,Cellular Response To Salt (GO:1902075),12/109,0.1828895348756022,0.8996837571913328,0,0,1.3859464929479477,2.354546997260897,PRKAA1;AOC1;CPNE5;SYT1;CPNE4;CDH1;PPIF;BRAF;SYT13;ECT2;HNRNPA1;MAPK13
GO_Biological_Process_2023,Protein Phosphorylation (GO:0006468),47/500,0.1830567601329425,0.8996837571913328,0,0,1.1646979039077692,1.9776092993685883,PRKAA1;STK39;CDCA8;TTK;AURKB;AURKA;PAK1;PRDX4;IRAK1;STK38;CHEK1;PBK;PAK6;NEK2;MAP3K9;PIM2;STK32A;EPHB2;EPHB1;PDK1;HTATIP2;MAP4K4;PLK4;CAMK1D;SYK;CSNK1A1;IGFBP3;NEK6;PRKCA;BRAF;CDC7;CSNK1D;PTK6;DCLK1;PTK2;TGFBR1;SRPK1;MAPK13;MELK;SBK1;WNK1;CCNE1;CDK1;BIRC5;ATM;MAP3K13;CDK5R1
GO_Biological_Process_2023,Negative Regulation Of Cell Migration (GO:0030336),17/163,0.1833954541159472,0.9001497621568636,0,0,1.3049694415173867,2.213372380007768,ZMYND8;IGFBP3;THY1;SULF1;GTPBP4;FLCN;COL3A1;CLDN3;RBBP4;CDH1;ADORA3;DLG5;MARVELD3;EPPK1;ARID2;OGT;PFN2
GO_Biological_Process_2023,Negative Regulation Of Protein Kinase Activity (GO:0006469),10/88,0.1841852671485997,0.9028257915610646,0,0,1.4360231271995978,2.4294827977586912,CEACAM1;NPM1;DEPTOR;TRIB3;SFN;PTK6;THY1;EPHB2;SORL1;CDK5RAP3
GO_Biological_Process_2023,Post-Transcriptional Regulation Of Gene Expression (GO:0010608),7/57,0.1844816453843071,0.903079248161111,0,0,1.5676574923547402,2.6496630075902408,NANOS1;RPL10;MATR3;MSI2;PKP3;MEX3D;GIGYF2
GO_Biological_Process_2023,Positive Regulation Of I-kappaB kinase/NF-kappaB Signaling (GO:0043123),18/175,0.1902653424273724,0.906495423039782,0,0,1.2849377176743748,2.132142952666644,UNC5CL;GPR89A;SLC20A1;NEK6;ZDHHC13;S100B;IRAK1;TSPAN6;DHX36;TRAF5;TRIM13;PELI1;F2RL1;CCR7;TNFRSF25;PIM2;ECT2;LTF
GO_Biological_Process_2023,B Cell Differentiation (GO:0030183),8/68,0.1926474023298423,0.906495423039782,0,0,1.4931048551611588,2.4589849672868622,TPD52;CD79A;CR2;BLNK;SLC39A7;PAX5;TCF3;MS4A1
GO_Biological_Process_2023,Telomere Maintenance (GO:0000723),8/68,0.1926474023298423,0.906495423039782,0,0,1.4931048551611588,2.4589849672868622,RECQL4;BLM;DCLRE1C;RAD51;XRCC5;ATM;DNA2;UCHL5
GO_Biological_Process_2023,Negative Regulation Of Cellular Process (GO:0048523),50/537,0.1926554451172099,0.906495423039782,0,0,1.1525156583740055,1.8980226524956096,CDA;ADAMDEC1;GMNN;PDCD5;ENO1;FLCN;MDK;ADORA3;PIM2;EPHB2;ARID2;SOX4;RBM5;PBRM1;TESC;IGFBP3;VPS13C;PPP2R5C;GTPBP4;NME1;SFRP4;FRMD5;CLDN3;CHMP4C;TNFRSF21;BLM;PTHLH;CYP27B1;SCIN;RBBP4;AGR2;PRAME;BARD1;SUZ12;TFAP2A;CDT1;NPM1;SMAD4;CDKN2A;HMGA1;CDC6;HOPX;CNOT7;DLG3;PRKRA;DLG5;NOX4;ST20;CDKN3;APOBEC3B
GO_Biological_Process_2023,Protein Localization To Golgi Apparatus (GO:0034067),4/28,0.1939101357469038,0.906495423039782,0,0,1.8654863654863656,3.0600700446992617,TMED10;VPS13C;CSNK1D;SORL1
GO_Biological_Process_2023,"Regulation Of DNA Damage Response, Signal Transduction By P53 Class Mediator (GO:0043516)",4/28,0.1939101357469038,0.906495423039782,0,0,1.8654863654863656,3.0600700446992617,TWIST1;PMAIP1;ATM;SOX4
GO_Biological_Process_2023,Regulation Of Glucose Metabolic Process (GO:0010906),4/28,0.1939101357469038,0.906495423039782,0,0,1.8654863654863656,3.0600700446992617,ZNF692;PMAIP1;OGT;PDK1
GO_Biological_Process_2023,Vascular Endothelial Growth Factor Receptor Signaling Pathway (GO:0048010),4/28,0.1939101357469038,0.906495423039782,0,0,1.8654863654863656,3.0600700446992617,NELL1;PDCD6;SULF1;PTK2
GO_Biological_Process_2023,Vesicle Coating (GO:0006901),4/28,0.1939101357469038,0.906495423039782,0,0,1.8654863654863656,3.0600700446992617,TMED10;PDCD6;TRAPPC10;CSNK1D
GO_Biological_Process_2023,UDP-N-acetylglucosamine Metabolic Process (GO:0006047),2/10,0.1956476052940729,0.906495423039782,0,0,2.797256097560976,4.563555963743152,GFPT1;GNPNAT1
GO_Biological_Process_2023,Aromatic Amino Acid Family Catabolic Process (GO:0009074),2/10,0.1956476052940729,0.906495423039782,0,0,2.797256097560976,4.563555963743152,IL4I1;HGD
GO_Biological_Process_2023,Cellular Response To UV-A (GO:0071492),2/10,0.1956476052940729,0.906495423039782,0,0,2.797256097560976,4.563555963743152,MMP1;MMP9
GO_Biological_Process_2023,Fatty Acid Homeostasis (GO:0055089),2/10,0.1956476052940729,0.906495423039782,0,0,2.797256097560976,4.563555963743152,PRKAA1;DGAT2
GO_Biological_Process_2023,Formation Of Extrachromosomal Circular DNA (GO:0001325),2/10,0.1956476052940729,0.906495423039782,0,0,2.797256097560976,4.563555963743152,EXO1;DNA2
GO_Biological_Process_2023,"Heparan Sulfate Proteoglycan Biosynthetic Process, Enzymatic Modification (GO:0015015)",2/10,0.1956476052940729,0.906495423039782,0,0,2.797256097560976,4.563555963743152,HS3ST1;HS6ST2
GO_Biological_Process_2023,Meiotic Sister Chromatid Cohesion (GO:0051177),2/10,0.1956476052940729,0.906495423039782,0,0,2.797256097560976,4.563555963743152,BUB1B;HORMAD1
GO_Biological_Process_2023,Negative Regulation Of B Cell Proliferation (GO:0030889),2/10,0.1956476052940729,0.906495423039782,0,0,2.797256097560976,4.563555963743152,CTLA4;TNFRSF21
GO_Biological_Process_2023,Negative Regulation Of Activated T Cell Proliferation (GO:0046007),2/10,0.1956476052940729,0.906495423039782,0,0,2.797256097560976,4.563555963743152,PRKAR1A;SCRIB
GO_Biological_Process_2023,Negative Regulation Of Nuclear Division (GO:0051784),2/10,0.1956476052940729,0.906495423039782,0,0,2.797256097560976,4.563555963743152,TOM1L1;CHEK1
GO_Biological_Process_2023,Neuron Projection Fasciculation (GO:0106030),2/10,0.1956476052940729,0.906495423039782,0,0,2.797256097560976,4.563555963743152,EPHB2;CDK5R1
GO_Biological_Process_2023,Oxygen Transport (GO:0015671),2/10,0.1956476052940729,0.906495423039782,0,0,2.797256097560976,4.563555963743152,MB;GTPBP4
GO_Biological_Process_2023,Phosphate Ion Transmembrane Transport (GO:0035435),2/10,0.1956476052940729,0.906495423039782,0,0,2.797256097560976,4.563555963743152,SLC20A1;XPR1
GO_Biological_Process_2023,Positive Regulation Of B Cell Differentiation (GO:0045579),2/10,0.1956476052940729,0.906495423039782,0,0,2.797256097560976,4.563555963743152,SYK;CD27
GO_Biological_Process_2023,Positive Regulation Of Actin Filament Depolymerization (GO:0030836),2/10,0.1956476052940729,0.906495423039782,0,0,2.797256097560976,4.563555963743152,VIL1;F2RL1
GO_Biological_Process_2023,Positive Regulation Of Epidermal Growth Factor-Activated Receptor Activity (GO:0045741),2/10,0.1956476052940729,0.906495423039782,0,0,2.797256097560976,4.563555963743152,EGF;TGFA
GO_Biological_Process_2023,Positive Regulation Of Integrin Activation (GO:0033625),2/10,0.1956476052940729,0.906495423039782,0,0,2.797256097560976,4.563555963743152,FERMT1;CXCL13
GO_Biological_Process_2023,Positive Regulation Of Macrophage Differentiation (GO:0045651),2/10,0.1956476052940729,0.906495423039782,0,0,2.797256097560976,4.563555963743152,LIF;PRKCA
GO_Biological_Process_2023,Positive Regulation Of Protein Depolymerization (GO:1901881),2/10,0.1956476052940729,0.906495423039782,0,0,2.797256097560976,4.563555963743152,VIL1;F2RL1
GO_Biological_Process_2023,Positive Regulation Of Toll-Like Receptor 4 Signaling Pathway (GO:0034145),2/10,0.1956476052940729,0.906495423039782,0,0,2.797256097560976,4.563555963743152,F2RL1;LTF
GO_Biological_Process_2023,Protein Prenylation (GO:0018342),2/10,0.1956476052940729,0.906495423039782,0,0,2.797256097560976,4.563555963743152,FNTA;CHML
GO_Biological_Process_2023,Regulation Of Coagulation (GO:0050818),2/10,0.1956476052940729,0.906495423039782,0,0,2.797256097560976,4.563555963743152,F2RL1;EPHB2
GO_Biological_Process_2023,Regulation Of Lamellipodium Morphogenesis (GO:2000392),2/10,0.1956476052940729,0.906495423039782,0,0,2.797256097560976,4.563555963743152,VIL1;RREB1
GO_Biological_Process_2023,Regulation Of Peroxisome Proliferator Activated Receptor Signaling Pathway (GO:0035358),2/10,0.1956476052940729,0.906495423039782,0,0,2.797256097560976,4.563555963743152,ASXL2;TWIST1
GO_Biological_Process_2023,Regulation Of Programmed Necrotic Cell Death (GO:0062098),2/10,0.1956476052940729,0.906495423039782,0,0,2.797256097560976,4.563555963743152,PELI1;OGT
GO_Biological_Process_2023,Removal Of Superoxide Radicals (GO:0019430),2/10,0.1956476052940729,0.906495423039782,0,0,2.797256097560976,4.563555963743152,NQO1;PRDX2
GO_Biological_Process_2023,Response To Prostaglandin E (GO:0034695),2/10,0.1956476052940729,0.906495423039782,0,0,2.797256097560976,4.563555963743152,TNFSF4;CCR7
GO_Biological_Process_2023,Sarcoplasmic Reticulum Calcium Ion Transport (GO:0070296),2/10,0.1956476052940729,0.906495423039782,0,0,2.797256097560976,4.563555963743152,ATP2A2;NOL3
GO_Biological_Process_2023,Serine Family Amino Acid Biosynthetic Process (GO:0009070),2/10,0.1956476052940729,0.906495423039782,0,0,2.797256097560976,4.563555963743152,PSAT1;PSPH
GO_Biological_Process_2023,snRNA Transcription By RNA Polymerase II (GO:0042795),2/10,0.1956476052940729,0.906495423039782,0,0,2.797256097560976,4.563555963743152,ZC3H8;ELL3
GO_Biological_Process_2023,T-Circle Formation (GO:0090656),2/10,0.1956476052940729,0.906495423039782,0,0,2.797256097560976,4.563555963743152,EXO1;DNA2
GO_Biological_Process_2023,Telomere Maintenance Via Telomere Trimming (GO:0090737),2/10,0.1956476052940729,0.906495423039782,0,0,2.797256097560976,4.563555963743152,EXO1;DNA2
GO_Biological_Process_2023,Epithelium Development (GO:0060429),16/154,0.1963749237541253,0.906495423039782,0,0,1.299178209173396,2.1147107886457035,EHF;STIL;STAT1;AKR1C1;SIX1;GRHL2;VIL1;LGALS3;AHI1;APELA;KRT19;CASP6;KRT15;TIMELESS;CDK1;KRT6A
GO_Biological_Process_2023,Antimicrobial Humoral Response (GO:0019730),11/100,0.1968058468696427,0.906495423039782,0,0,1.384406065073471,2.25040409181987,CXCL6;IGHM;BPIFA1;CXCL13;IGHA1;CXCL14;PRSS2;WFDC2;KRT6A;WFDC3;LTF
GO_Biological_Process_2023,Regulation Of DNA Binding (GO:0051101),6/48,0.1982476308253193,0.906495423039782,0,0,1.5993712888578415,2.588163985872096,CDT1;EGF;HJURP;HMGA2;MMP9;NME1
GO_Biological_Process_2023,Lymphocyte Proliferation (GO:0046651),5/38,0.1982593616447381,0.906495423039782,0,0,1.696099664945114,2.744593195839051,CD79A;HELLS;CR2;MS4A1;HSPD1
GO_Biological_Process_2023,Positive Regulation Of Bone Mineralization (GO:0030501),5/38,0.1982593616447381,0.906495423039782,0,0,1.696099664945114,2.744593195839051,TFAP2A;CCNA2;CYP27B1;NELL1;LTF
GO_Biological_Process_2023,Positive Regulation Of Myoblast Differentiation (GO:0045663),5/38,0.1982593616447381,0.906495423039782,0,0,1.696099664945114,2.744593195839051,PBRM1;SMARCC2;IGFBP3;ARID2;SOX4
GO_Biological_Process_2023,Positive Regulation Of Production Of Molecular Mediator Of Immune Response (GO:0002702),5/38,0.1982593616447381,0.906495423039782,0,0,1.696099664945114,2.744593195839051,SLC7A5;TNFSF4;MZB1;F2RL1;EPHB2
GO_Biological_Process_2023,Positive Regulation Of Protein Tyrosine Kinase Activity (GO:0061098),5/38,0.1982593616447381,0.906495423039782,0,0,1.696099664945114,2.744593195839051,DLG3;EGF;TGFA;NOX4;LRP8
GO_Biological_Process_2023,Regulation Of Intracellular Transport (GO:0032386),5/38,0.1982593616447381,0.906495423039782,0,0,1.696099664945114,2.744593195839051,NUMA1;SPAG5;MX2;REEP6;NEFH
GO_Biological_Process_2023,Regulation Of Neurotransmitter Secretion (GO:0046928),5/38,0.1982593616447381,0.906495423039782,0,0,1.696099664945114,2.744593195839051,PNKD;FER1L4;MYOF;SLC30A1;MCTP2
GO_Biological_Process_2023,Cellular Response To UV (GO:0034644),9/79,0.1984842525975109,0.906495423039782,0,0,1.4398740267693115,2.3283418357186303,NPM1;MMP1;METTL3;DHX36;ST20;MMP9;AURKB;RHNO1;MAPK13
GO_Biological_Process_2023,Regulation Of I-kappaB kinase/NF-kappaB Signaling (GO:0043122),23/232,0.2000620661854641,0.906495423039782,0,0,1.2336370433636452,1.9850794514355132,UNC5CL;GPR89A;SLC20A1;STAT1;ZFAND6;NEK6;RHOH;ZDHHC13;S100B;IRAK1;TRAF4;TSPAN6;DHX36;TRAF5;TRIM13;PELI1;F2RL1;CCR7;TNFRSF25;TRIM59;PIM2;ECT2;LTF
GO_Biological_Process_2023,Protein Localization To Nucleus (GO:0034504),13/122,0.2011038618469965,0.906495423039782,0,0,1.3360873164715226,2.142995578278603,RPAIN;NUP155;SYK;SIX1;IPO4;LMNB1;COL1A1;MMP12;SIX4;HEATR3;E2F3;KPNA2;TNPO1
GO_Biological_Process_2023,RNA Destabilization (GO:0050779),3/19,0.201143254258895,0.906495423039782,0,0,2.098306894447834,3.3651343281766177,METTL3;MEX3D;GIGYF2
GO_Biological_Process_2023,Fluid Transport (GO:0042044),3/19,0.201143254258895,0.906495423039782,0,0,2.098306894447834,3.3651343281766177,SLC4A11;TNPO1;SLC26A6
GO_Biological_Process_2023,Heme Biosynthetic Process (GO:0006783),3/19,0.201143254258895,0.906495423039782,0,0,2.098306894447834,3.3651343281766177,ABCB6;HMBS;FLVCR1
GO_Biological_Process_2023,Positive Regulation Of Axon Extension (GO:0045773),3/19,0.201143254258895,0.906495423039782,0,0,2.098306894447834,3.3651343281766177,NELL1;GOLGA4;MAP3K13
GO_Biological_Process_2023,Positive Regulation Of Histone Methylation (GO:0031062),3/19,0.201143254258895,0.906495423039782,0,0,2.098306894447834,3.3651343281766177,SMAD4;KANSL1;OGT
GO_Biological_Process_2023,Regulation Of B Cell Differentiation (GO:0045577),3/19,0.201143254258895,0.906495423039782,0,0,2.098306894447834,3.3651343281766177,IL4I1;SYK;CD27
GO_Biological_Process_2023,Regulation Of Granulocyte Chemotaxis (GO:0071622),3/19,0.201143254258895,0.906495423039782,0,0,2.098306894447834,3.3651343281766177,CAMK1D;MDK;PTK2
GO_Biological_Process_2023,Regulation Of Insulin-Like Growth Factor Receptor Signaling Pathway (GO:0043567),3/19,0.201143254258895,0.906495423039782,0,0,2.098306894447834,3.3651343281766177,CDH3;CILP;IGFBP3
GO_Biological_Process_2023,Regulation Of Megakaryocyte Differentiation (GO:0045652),3/19,0.201143254258895,0.906495423039782,0,0,2.098306894447834,3.3651343281766177,L3MBTL1;SCIN;TESC
GO_Biological_Process_2023,snRNA Processing (GO:0016180),3/19,0.201143254258895,0.906495423039782,0,0,2.098306894447834,3.3651343281766177,INTS10;INTS7;INTS8
GO_Biological_Process_2023,Steroid Hormone Biosynthetic Process (GO:0120178),3/19,0.201143254258895,0.906495423039782,0,0,2.098306894447834,3.3651343281766177,SRD5A1;HSD17B1;SRD5A3
GO_Biological_Process_2023,Negative Regulation Of Cell Motility (GO:2000146),14/133,0.202310045882276,0.9106419260383914,0,0,1.3180372886255238,2.106162796313545,ZMYND8;THY1;SULF1;GTPBP4;FLCN;FRMD5;CLDN3;RBBP4;CDH1;ADORA3;DLG5;EPPK1;ARID2;OGT
GO_Biological_Process_2023,Cellular Response To Calcium Ion (GO:0071277),8/69,0.2034127594211817,0.9144902497242168,0,0,1.4685474647350365,2.338688369324904,PRKAA1;CPNE5;SYT1;CPNE4;PPIF;BRAF;SYT13;ECT2
GO_Biological_Process_2023,Regulation Of Multicellular Organismal Development (GO:2000026),7/59,0.2078756606731094,0.9334173522438528,0,0,1.5071983062808751,2.367529953532344,KAT2A;RACGAP1;DHX36;CDK1;HPSE;CD24;UCHL5
GO_Biological_Process_2023,TOR Signaling (GO:0031929),4/29,0.2113978069260623,0.940233802429486,0,0,1.790769230769231,2.782879702632462,FLCN;CCDC88A;MAPKAP1;EIF4EBP1
GO_Biological_Process_2023,Heterotypic Cell-Cell Adhesion (GO:0034113),4/29,0.2113978069260623,0.940233802429486,0,0,1.790769230769231,2.782879702632462,DSP;JUP;PKP2;DSG2
GO_Biological_Process_2023,Maintenance Of Blood-Brain Barrier (GO:0035633),4/29,0.2113978069260623,0.940233802429486,0,0,1.790769230769231,2.782879702632462,CLDN3;GJB6;CLDN12;LSR
GO_Biological_Process_2023,Modified Amino Acid Transport (GO:0072337),4/29,0.2113978069260623,0.940233802429486,0,0,1.790769230769231,2.782879702632462,SLC38A9;SLC7A11;SLC16A9;SLC7A1
GO_Biological_Process_2023,Negative Regulation Of Plasma Membrane Bounded Cell Projection Assembly (GO:0120033),4/29,0.2113978069260623,0.940233802429486,0,0,1.790769230769231,2.782879702632462,MPHOSPH9;TBC1D30;TBC1D7;PFN2
GO_Biological_Process_2023,Protein K11-linked Ubiquitination (GO:0070979),4/29,0.2113978069260623,0.940233802429486,0,0,1.790769230769231,2.782879702632462,UBE2C;UBE2S;UBE2T;ANAPC5
GO_Biological_Process_2023,Regulation Of Spindle Assembly (GO:0090169),4/29,0.2113978069260623,0.940233802429486,0,0,1.790769230769231,2.782879702632462,STIL;NUMA1;SPAG5;CHMP4C
GO_Biological_Process_2023,Unsaturated Fatty Acid Metabolic Process (GO:0033559),6/49,0.2114316055314206,0.940233802429486,0,0,1.5620913174503894,2.4272613903784093,CYP2J2;FAAH2;PLA2G4A;PTGR1;DECR2;CYP4F11
GO_Biological_Process_2023,Regulation Of Epithelial Cell Proliferation (GO:0050678),10/91,0.2122119084341206,0.9425681757284468,0,0,1.3826101428225612,2.143280675865835,SOX2;SIX4;UHRF1;MARVELD3;TGFA;EPPK1;SRSF6;FUT2;SGPP2;NME1
GO_Biological_Process_2023,Carboxylic Acid Transmembrane Transport (GO:1905039),5/39,0.2132243383836118,0.9436583129183588,0,0,1.6461245463365557,2.5439380523445805,SLC7A5;SLC38A9;SLC7A11;SLC16A9;SLC36A4
GO_Biological_Process_2023,Positive Regulation Of ATP-dependent Activity (GO:0032781),5/39,0.2132243383836118,0.9436583129183588,0,0,1.6461245463365557,2.5439380523445805,VMP1;UHRF1;DNAJC10;SSBP1;PFN2
GO_Biological_Process_2023,Regulation Of Protein Tyrosine Kinase Activity (GO:0061097),5/39,0.2132243383836118,0.9436583129183588,0,0,1.6461245463365557,2.5439380523445805,DLG3;NOX4;PTK6;THY1;LRP8
GO_Biological_Process_2023,Fc-gamma Receptor Signaling Pathway Involved In Phagocytosis (GO:0038096),3/20,0.2232060786783387,0.947028722722181,0,0,1.9747694074579192,2.961482323513249,PAK1;SYK;PTK2
GO_Biological_Process_2023,Glutamate Metabolic Process (GO:0006536),3/20,0.2232060786783387,0.947028722722181,0,0,1.9747694074579192,2.961482323513249,GCLC;ALDH18A1;GCLM
GO_Biological_Process_2023,Maturation Of LSU-rRNA (GO:0000470),3/20,0.2232060786783387,0.947028722722181,0,0,1.9747694074579192,2.961482323513249,NOP2;WDR12;RPL7
GO_Biological_Process_2023,Negative Regulation Of Protein Localization To Cell Periphery (GO:1904376),3/20,0.2232060786783387,0.947028722722181,0,0,1.9747694074579192,2.961482323513249,LRRC15;SAPCD2;PPFIA1
GO_Biological_Process_2023,Nuclear-Transcribed mRNA poly(A) Tail Shortening (GO:0000289),3/20,0.2232060786783387,0.947028722722181,0,0,1.9747694074579192,2.961482323513249,CNOT7;CNOT11;SAMD4B
GO_Biological_Process_2023,Positive Regulation Of Epithelial Cell Differentiation (GO:0030858),3/20,0.2232060786783387,0.947028722722181,0,0,1.9747694074579192,2.961482323513249,MESP1;SFRP4;SFN
GO_Biological_Process_2023,Regulation Of Calcium Ion Import (GO:0090279),3/20,0.2232060786783387,0.947028722722181,0,0,1.9747694074579192,2.961482323513249,LGALS3;EGF;SLC30A1
GO_Biological_Process_2023,Regulation Of Macrophage Chemotaxis (GO:0010758),3/20,0.2232060786783387,0.947028722722181,0,0,1.9747694074579192,2.961482323513249,MDK;MTUS1;PTK2
GO_Biological_Process_2023,Regulation Of Meiotic Cell Cycle (GO:0051445),3/20,0.2232060786783387,0.947028722722181,0,0,1.9747694074579192,2.961482323513249,CDC20;METTL3;ANAPC5
GO_Biological_Process_2023,Regulation Of Necroptotic Process (GO:0060544),3/20,0.2232060786783387,0.947028722722181,0,0,1.9747694074579192,2.961482323513249,CASP6;PELI1;OGT
GO_Biological_Process_2023,Regulation Of Toll-Like Receptor Signaling Pathway (GO:0034121),3/20,0.2232060786783387,0.947028722722181,0,0,1.9747694074579192,2.961482323513249,IRF7;SMPDL3B;LGR4
GO_Biological_Process_2023,Positive Regulation Of Nucleic Acid-Templated Transcription (GO:1903508),51/557,0.2248296236492961,0.947028722722181,0,0,1.1309316486262897,1.6878164067397654,MESP1;SIX1;FOXM1;BRCA2;SOX2;SIX4;CDH1;CD38;SUPT20H;PIM2;SOX4;SMARCC2;ZNF281;TESC;ILF2;RUNX2;UCHL5;TGFBR1;KAT2A;MORF4L2;IRF7;BLM;PRKAA1;MRPL12;MLLT3;MBTD1;RBBP4;NSD1;SPP1;PCBD2;RREB1;MTA3;SNX5;TFAP2A;NPM1;SMAD4;TAF15;NFYA;STAT1;EGF;ATAD2;IL31RA;HMGA1;HMGA2;COL1A1;MLLT11;FUBP3;KANSL1;HNRNPD;TCF3;OGT
GO_Biological_Process_2023,Blood Circulation (GO:0008015),6/50,0.2249098101603602,0.947028722722181,0,0,1.5265058901978217,2.27763196853001,ACE2;GCLC;STAT1;MYOF;GCLM;F5
GO_Biological_Process_2023,Cell Chemotaxis (GO:0060326),6/50,0.2249098101603602,0.947028722722181,0,0,1.5265058901978217,2.27763196853001,NELL1;CCL20;ENC1;ARHGEF16;TNFRSF25;EPHB1
GO_Biological_Process_2023,Regulation Of Interleukin-12 Production (GO:0032655),6/50,0.2249098101603602,0.947028722722181,0,0,1.5265058901978217,2.27763196853001,SYK;MDK;TNFSF4;CCR7;TIGIT;HSPD1
GO_Biological_Process_2023,Ribosome Assembly (GO:0042255),6/50,0.2249098101603602,0.947028722722181,0,0,1.5265058901978217,2.27763196853001,RPL5;NPM1;RPL10;NOP2;BRIX1;MDN1
GO_Biological_Process_2023,Steroid Biosynthetic Process (GO:0006694),6/50,0.2249098101603602,0.947028722722181,0,0,1.5265058901978217,2.27763196853001,SRD5A1;HSD17B1;OSBPL3;OSBPL2;SLC27A2;FDFT1
GO_Biological_Process_2023,Regulation Of MAP Kinase Activity (GO:0043405),12/114,0.2251410088729427,0.947028722722181,0,0,1.3176470588235294,1.964649142365752,UCHL1;IRAK1;EGF;STK38;CBLC;TNFSF11;TGFA;TRIB3;CD24;SORL1;CDK5RAP3;EZH2
GO_Biological_Process_2023,Kidney Development (GO:0001822),8/71,0.2256300534566838,0.947028722722181,0,0,1.421771482970993,2.116816632198553,TFAP2A;HELLS;CENPF;SIX1;SULF1;HSPB11;SOX4;TGFBR1
GO_Biological_Process_2023,Negative Regulation Of Protein Binding (GO:0032091),8/71,0.2256300534566838,0.947028722722181,0,0,1.421771482970993,2.116816632198553,GNL3L;DDX11;ATP2A2;SYMPK;SORL1;PTPRF;AURKB;AURKA
GO_Biological_Process_2023,Negative Regulation Of Protein Metabolic Process (GO:0051248),15/147,0.2257748804901954,0.947028722722181,0,0,1.2729787115158966,1.8944684065837325,NANOS1;DDX6;NQO1;NHLRC3;PUS7;TYMS;GIGYF2;DHFR;NELL1;TRIM2;DHX36;ENC1;IGF2BP3;CDK5RAP3;MAD2L1
GO_Biological_Process_2023,"Base-Excision Repair, AP Site Formation (GO:0006285)",2/11,0.2268309167672883,0.947028722722181,0,0,2.4863143631436317,3.688572665736795,MBD4;NEIL3
GO_Biological_Process_2023,Cellular Response To Superoxide (GO:0071451),2/11,0.2268309167672883,0.947028722722181,0,0,2.4863143631436317,3.688572665736795,NQO1;PRDX2
GO_Biological_Process_2023,Exit From Mitosis (GO:0010458),2/11,0.2268309167672883,0.947028722722181,0,0,2.4863143631436317,3.688572665736795,UBE2C;UBE2S
GO_Biological_Process_2023,Heterocycle Biosynthetic Process (GO:0018130),2/11,0.2268309167672883,0.947028722722181,0,0,2.4863143631436317,3.688572665736795,MOCOS;PYCR1
GO_Biological_Process_2023,Intestinal Absorption (GO:0050892),2/11,0.2268309167672883,0.947028722722181,0,0,2.4863143631436317,3.688572665736795,SLC2A5;SLC26A6
GO_Biological_Process_2023,Lipoprotein Transport (GO:0042953),2/11,0.2268309167672883,0.947028722722181,0,0,2.4863143631436317,3.688572665736795,VMP1;SAR1B
GO_Biological_Process_2023,Lysosomal Membrane Organization (GO:0097212),2/11,0.2268309167672883,0.947028722722181,0,0,2.4863143631436317,3.688572665736795,LAPTM4B;CHMP4C
GO_Biological_Process_2023,Macrophage Chemotaxis (GO:0048246),2/11,0.2268309167672883,0.947028722722181,0,0,2.4863143631436317,3.688572665736795,LGALS3;SAA1
GO_Biological_Process_2023,Maintenance Of Protein Localization In Endoplasmic Reticulum (GO:0035437),2/11,0.2268309167672883,0.947028722722181,0,0,2.4863143631436317,3.688572665736795,KDELR2;KDELR3
GO_Biological_Process_2023,Negative Regulation Of Leukocyte Apoptotic Process (GO:2000107),2/11,0.2268309167672883,0.947028722722181,0,0,2.4863143631436317,3.688572665736795,IRF7;CCR7
GO_Biological_Process_2023,"Negative Regulation Of Nuclear-Transcribed mRNA Catabolic Process, Deadenylation-Dependent Decay (GO:1900152)",2/11,0.2268309167672883,0.947028722722181,0,0,2.4863143631436317,3.688572665736795,HNRNPD;PAIP1
GO_Biological_Process_2023,Neurotransmitter Uptake (GO:0001504),2/11,0.2268309167672883,0.947028722722181,0,0,2.4863143631436317,3.688572665736795,SLC22A3;SLC1A7
GO_Biological_Process_2023,Nucleoside Phosphate Biosynthetic Process (GO:1901293),2/11,0.2268309167672883,0.947028722722181,0,0,2.4863143631436317,3.688572665736795,AK4;NMNAT2
GO_Biological_Process_2023,Podocyte Differentiation (GO:0072112),2/11,0.2268309167672883,0.947028722722181,0,0,2.4863143631436317,3.688572665736795,CD24;PROM1
GO_Biological_Process_2023,Positive Regulation Of Branching Involved In Ureteric Bud Morphogenesis (GO:0090190),2/11,0.2268309167672883,0.947028722722181,0,0,2.4863143631436317,3.688572665736795,SIX4;SIX1
GO_Biological_Process_2023,Positive Regulation Of Coagulation (GO:0050820),2/11,0.2268309167672883,0.947028722722181,0,0,2.4863143631436317,3.688572665736795,F12;HPSE
GO_Biological_Process_2023,Positive Regulation Of Hemostasis (GO:1900048),2/11,0.2268309167672883,0.947028722722181,0,0,2.4863143631436317,3.688572665736795,F12;HPSE
GO_Biological_Process_2023,Positive Regulation Of Keratinocyte Proliferation (GO:0010838),2/11,0.2268309167672883,0.947028722722181,0,0,2.4863143631436317,3.688572665736795,CDH3;MDK
GO_Biological_Process_2023,Positive Regulation Of Protein Exit From Endoplasmic Reticulum (GO:0070863),2/11,0.2268309167672883,0.947028722722181,0,0,2.4863143631436317,3.688572665736795,SAR1B;SORL1
GO_Biological_Process_2023,Positive Regulation Of Pseudopodium Assembly (GO:0031274),2/11,0.2268309167672883,0.947028722722181,0,0,2.4863143631436317,3.688572665736795,F2RL1;CCR7
GO_Biological_Process_2023,Regulation Of Actin Filament Depolymerization (GO:0030834),2/11,0.2268309167672883,0.947028722722181,0,0,2.4863143631436317,3.688572665736795,VIL1;F2RL1
GO_Biological_Process_2023,Regulation Of Adipose Tissue Development (GO:1904177),2/11,0.2268309167672883,0.947028722722181,0,0,2.4863143631436317,3.688572665736795,PRKAA1;SORL1
GO_Biological_Process_2023,Regulation Of Endocytic Recycling (GO:2001135),2/11,0.2268309167672883,0.947028722722181,0,0,2.4863143631436317,3.688572665736795,ARHGAP8;SORL1
GO_Biological_Process_2023,Regulation Of Leukocyte Cell-Cell Adhesion (GO:1903037),2/11,0.2268309167672883,0.947028722722181,0,0,2.4863143631436317,3.688572665736795,MDK;WNK1
GO_Biological_Process_2023,Regulation Of mRNA 3'-End Processing (GO:0031440),2/11,0.2268309167672883,0.947028722722181,0,0,2.4863143631436317,3.688572665736795,BARD1;DHX36
GO_Biological_Process_2023,Regulation Of Monocyte Chemotactic Protein-1 Production (GO:0071637),2/11,0.2268309167672883,0.947028722722181,0,0,2.4863143631436317,3.688572665736795,SYK;TWIST1
GO_Biological_Process_2023,Regulation Of Protein Exit From Endoplasmic Reticulum (GO:0070861),2/11,0.2268309167672883,0.947028722722181,0,0,2.4863143631436317,3.688572665736795,SAR1B;SORL1
GO_Biological_Process_2023,Regulation Of Pseudopodium Assembly (GO:0031272),2/11,0.2268309167672883,0.947028722722181,0,0,2.4863143631436317,3.688572665736795,F2RL1;CCR7
GO_Biological_Process_2023,Establishment Or Maintenance Of Epithelial Cell Apical/Basal Polarity (GO:0045197),5/40,0.22853206244698,0.947028722722181,0,0,1.599005148791343,2.360257539558956,DLG1;DLG3;DLG5;SCRIB;SYNE4
GO_Biological_Process_2023,Negative Regulation Of Cell-Cell Adhesion (GO:0022408),5/40,0.22853206244698,0.947028722722181,0,0,1.599005148791343,2.360257539558956,CDH1;EPCAM;WNK1;GTPBP4;PTK2
GO_Biological_Process_2023,Positive Regulation Of Cell Cycle G1/S Phase Transition (GO:1902808),5/40,0.22853206244698,0.947028722722181,0,0,1.599005148791343,2.360257539558956,PAGR1;STIL;RRM2;FAM83D;EZH2
GO_Biological_Process_2023,Embryonic Skeletal System Morphogenesis (GO:0048704),4/30,0.2293034690291712,0.947028722722181,0,0,1.7217995679534142,2.5357096518292312,TFAP2A;SIX1;TWIST1;TGFBR1
GO_Biological_Process_2023,Homologous Chromosome Pairing At Meiosis (GO:0007129),4/30,0.2293034690291712,0.947028722722181,0,0,1.7217995679534142,2.5357096518292312,FANCD2;MND1;HORMAD1;TRIP13
GO_Biological_Process_2023,"Maturation Of SSU-rRNA From Tricistronic rRNA Transcript (SSU-rRNA, 5.8S rRNA, LSU-rRNA) (GO:0000462)",4/30,0.2293034690291712,0.947028722722181,0,0,1.7217995679534142,2.5357096518292312,RPS16;HEATR1;RPP40;DCAF13
GO_Biological_Process_2023,Negative Regulation Of Blood Coagulation (GO:0030195),4/30,0.2293034690291712,0.947028722722181,0,0,1.7217995679534142,2.5357096518292312,FGB;FGA;PLAU;F12
GO_Biological_Process_2023,Nucleic Acid Metabolic Process (GO:0090304),4/30,0.2293034690291712,0.947028722722181,0,0,1.7217995679534142,2.5357096518292312,FEN1;NT5E;DNA2;KPNA2
GO_Biological_Process_2023,Positive Regulation Of Lipid Kinase Activity (GO:0090218),4/30,0.2293034690291712,0.947028722722181,0,0,1.7217995679534142,2.5357096518292312,CD19;EEF1A2;CCR7;PTK2
GO_Biological_Process_2023,Prostaglandin Metabolic Process (GO:0006693),4/30,0.2293034690291712,0.947028722722181,0,0,1.7217995679534142,2.5357096518292312,AKR1C1;PLA2G4A;PTGR1;PTGES
GO_Biological_Process_2023,Regulation Of Phosphorylation (GO:0042325),9/82,0.2293805684404307,0.947028722722181,0,0,1.3804746285934786,2.0325732719895395,BARD1;FLCN;CCDC88A;NELL1;SRPX2;CDKN2A;EGF;CD24;PTK2
GO_Biological_Process_2023,Cytoplasmic Translation (GO:0002181),10/93,0.231804718039753,0.9474989025825036,0,0,1.3491465863453815,1.9722634211041767,EIF4A2;EIF4A1;RPL5;RPS16;RPL10;MRPS12;RPL37A;RPL17;RPS24;RPL7
GO_Biological_Process_2023,Positive Regulation Of Cellular Component Biogenesis (GO:0044089),10/93,0.231804718039753,0.9474989025825036,0,0,1.3491465863453815,1.9722634211041767,VIL1;LGALS3;CLDN3;BCL2L11;GNL3L;SYK;MMP1;BIK;PRKCA;PFN2
GO_Biological_Process_2023,Cellular Response To Hypoxia (GO:0071456),8/72,0.2370553724611771,0.9474989025825036,0,0,1.3994798041615668,2.0144973345880937,SUV39H2;EGLN3;BNIP3;HILPDA;TWIST1;PMAIP1;ADAM8;AK4
GO_Biological_Process_2023,Negative Regulation Of Catabolic Process (GO:0009895),8/72,0.2370553724611771,0.9474989025825036,0,0,1.3994798041615668,2.0144973345880937,RPL5;FLCN;NQO1;NELL1;PRKAA1;RPL17;CDK5RAP3;MAD2L1
GO_Biological_Process_2023,Positive Regulation Of Actin Filament Bundle Assembly (GO:0032233),6/51,0.2386575045269553,0.9474989025825036,0,0,1.4925020374898126,2.1383461611571186,VIL1;CCDC88A;NELL1;PAK1;TGFBR1;PFN2
GO_Biological_Process_2023,Regulation Of Stress-Activated MAPK Cascade (GO:0032872),6/51,0.2386575045269553,0.9474989025825036,0,0,1.4925020374898126,2.1383461611571186,GREM1;F2RL1;FOXM1;EPHB1;KLHDC10;MAP4K4
GO_Biological_Process_2023,Proteolysis (GO:0006508),31/330,0.2409306298537359,0.9474989025825036,0,0,1.1622208520435384,1.654126445931884,ADAMDEC1;HM13;TMPRSS4;CTSV;IDE;PCSK7;ECE2;PCSK6;LRP8;WFDC2;DPP3;NLN;ADAM28;CAPN8;PLAU;CASP6;CASP4;PRSS2;HABP2;ST14;MMP7;MMP1;F12;TMPRSS11E;MMP9;KLK12;MMP12;CAPN12;ADAM12;ADAM8;OGT
GO_Biological_Process_2023,Negative Regulation Of MAPK Cascade (GO:0043409),11/105,0.2427757916314488,0.9474989025825036,0,0,1.3104087037061194,1.8550367458518755,DUSP4;FLCN;SMAD4;DLG1;UCHL1;STK38;CBLC;EPHB2;FOXM1;SORL1;CDK5RAP3
GO_Biological_Process_2023,Regulation Of Neuron Apoptotic Process (GO:0043523),11/105,0.2427757916314488,0.9474989025825036,0,0,1.3104087037061194,1.8550367458518755,TFAP2A;TOX3;EGLN3;SIX4;MDK;TRIM2;KIF14;SIX1;VSTM2L;CRLF1;CDK5R1
GO_Biological_Process_2023,Regulation Of Heart Rate By Cardiac Conduction (GO:0086091),5/41,0.2441457032436149,0.9474989025825036,0,0,1.554503495554198,2.191834519665289,DSP;JUP;KCNE4;PKP2;DSG2
GO_Biological_Process_2023,Stem Cell Differentiation (GO:0048863),5/41,0.2441457032436149,0.9474989025825036,0,0,1.554503495554198,2.191834519665289,EPCAM;ZNF281;HMGA2;MLLT3;ELL3
GO_Biological_Process_2023,Chromatin Remodeling (GO:0006338),22/228,0.2441746337657156,0.9474989025825036,0,0,1.1966438930840226,1.687114237221875,FOXA1;SUV39H2;KDM5B;PBRM1;NPM1;TFAP2C;SMARCC2;KDM4C;CBX3;CHD1L;NPM3;CHD2;UCHL5;DEPDC1B;KAT2A;PAK1;CFDP1;RBBP4;CHEK1;ARID2;MTA3;BPTF
GO_Biological_Process_2023,Chaperone-Mediated Protein Complex Assembly (GO:0051131),3/21,0.2457093758281568,0.9474989025825036,0,0,1.864958307911328,2.617666373318669,PSMG3;HOPX;HSPD1
GO_Biological_Process_2023,Focal Adhesion Assembly (GO:0048041),3/21,0.2457093758281568,0.9474989025825036,0,0,1.864958307911328,2.617666373318669,CTTN;THY1;ARHGEF7
GO_Biological_Process_2023,Macrophage Differentiation (GO:0030225),3/21,0.2457093758281568,0.9474989025825036,0,0,1.864958307911328,2.617666373318669,IL31RA;LIF;MMP9
GO_Biological_Process_2023,Porphyrin-Containing Compound Biosynthetic Process (GO:0006779),3/21,0.2457093758281568,0.9474989025825036,0,0,1.864958307911328,2.617666373318669,ABCB6;HMBS;FLVCR1
GO_Biological_Process_2023,Positive Regulation Of Blood Coagulation (GO:0030194),3/21,0.2457093758281568,0.9474989025825036,0,0,1.864958307911328,2.617666373318669,PLAU;F12;HPSE
GO_Biological_Process_2023,Positive Regulation Of Granulocyte Chemotaxis (GO:0071624),3/21,0.2457093758281568,0.9474989025825036,0,0,1.864958307911328,2.617666373318669,CAMK1D;MDK;CCR7
GO_Biological_Process_2023,Regulation Of Anoikis (GO:2000209),3/21,0.2457093758281568,0.9474989025825036,0,0,1.864958307911328,2.617666373318669,CEACAM5;PTRH2;PTK2
GO_Biological_Process_2023,Regulation Of Lipopolysaccharide-Mediated Signaling Pathway (GO:0031664),3/21,0.2457093758281568,0.9474989025825036,0,0,1.864958307911328,2.617666373318669,CD180;PRKCA;LTF
GO_Biological_Process_2023,Regulation Of Neurotransmitter Transport (GO:0051588),3/21,0.2457093758281568,0.9474989025825036,0,0,1.864958307911328,2.617666373318669,FER1L4;MYOF;MCTP2
GO_Biological_Process_2023,snRNA Metabolic Process (GO:0016073),3/21,0.2457093758281568,0.9474989025825036,0,0,1.864958307911328,2.617666373318669,INTS10;INTS7;INTS8
GO_Biological_Process_2023,Sulfur Compound Transport (GO:0072348),3/21,0.2457093758281568,0.9474989025825036,0,0,1.864958307911328,2.617666373318669,SLC35F3;RACGAP1;SLC26A6
GO_Biological_Process_2023,Bile Acid Metabolic Process (GO:0008206),4/31,0.247566787162164,0.9474989025825036,0,0,1.65793876904988,2.314606678420265,AKR1C1;OSBPL3;OSBPL2;SLC27A2
GO_Biological_Process_2023,Endodermal Cell Differentiation (GO:0035987),4/31,0.247566787162164,0.9474989025825036,0,0,1.65793876904988,2.314606678420265,COL11A1;COL7A1;HMGA2;MMP9
GO_Biological_Process_2023,Glutamine Family Amino Acid Metabolic Process (GO:0009064),4/31,0.247566787162164,0.9474989025825036,0,0,1.65793876904988,2.314606678420265,GCLC;CPS1;ALDH18A1;GCLM
GO_Biological_Process_2023,Organic Cation Transport (GO:0015695),4/31,0.247566787162164,0.9474989025825036,0,0,1.65793876904988,2.314606678420265,SLC44A5;SLC22A3;SLC35F3;SLC22A18
GO_Biological_Process_2023,Positive Regulation Of Lamellipodium Organization (GO:1902745),4/31,0.247566787162164,0.9474989025825036,0,0,1.65793876904988,2.314606678420265,VIL1;ACTR2;ARHGEF7;RREB1
GO_Biological_Process_2023,Protein Localization To Chromatin (GO:0071168),4/31,0.247566787162164,0.9474989025825036,0,0,1.65793876904988,2.314606678420265,MCM8;ZMYND8;PPHLN1;CENPA
GO_Biological_Process_2023,Regulation Of Extrinsic Apoptotic Signaling Pathway Via Death Domain Receptors (GO:1902041),4/31,0.247566787162164,0.9474989025825036,0,0,1.65793876904988,2.314606678420265,FGB;LGALS3;FGA;PMAIP1
GO_Biological_Process_2023,Regulation Of Gluconeogenesis (GO:0006111),4/31,0.247566787162164,0.9474989025825036,0,0,1.65793876904988,2.314606678420265,ZNF692;KAT2A;MST1;OGT
GO_Biological_Process_2023,Regulation Of Transmembrane Receptor Protein Serine/Threonine Kinase Signaling Pathway (GO:0090092),4/31,0.247566787162164,0.9474989025825036,0,0,1.65793876904988,2.314606678420265,SFRP4;SMAD4;PCSK6;TRIM33
GO_Biological_Process_2023,Cellular Response To Decreased Oxygen Levels (GO:0036294),8/73,0.2486734014038357,0.9474989025825036,0,0,1.3778740231616609,1.91746999948715,SUV39H2;EGLN3;BNIP3;HILPDA;TWIST1;PMAIP1;ADAM8;AK4
GO_Biological_Process_2023,Ribosomal Small Subunit Biogenesis (GO:0042274),9/84,0.250901044590302,0.9474989025825036,0,0,1.3435150030618497,1.8576737104101864,NPM1;RPS16;KRR1;MRPS12;HEATR1;FCF1;C1ORF131;IGF2BP3;RPS24
GO_Biological_Process_2023,Positive Regulation Of Epithelial Cell Migration (GO:0010634),10/95,0.2520446386737743,0.9474989025825036,0,0,1.317257785467128,1.8153775914166443,VIL1;NELL1;RAB25;EGF;PDCD6;PRKCA;MMP9;RREB1;PTK2;MAP4K4
GO_Biological_Process_2023,Protein Maturation (GO:0051604),12/117,0.2522252582907183,0.9474989025825036,0,0,1.2797896581945662,1.7628241353756076,GALNT2;TESC;F12;BOLA2;CASP4;TMPRSS4;ECE2;PCSK7;PCSK6;OGT;SORL1;HSPD1
GO_Biological_Process_2023,Negative Regulation Of Cell Differentiation (GO:0045596),20/207,0.2551760915069691,0.9474989025825036,0,0,1.1981642786023723,1.6364544697748211,SUZ12;FOXA1;TRIO;SORD;TWIST1;TMEM182;ASCL1;HOPX;TGFBR1;PTHLH;OVOL2;SOX2;GREM1;COL5A1;COL5A2;PKP2;TRIB3;PRAME;SOX4;ZNF750
GO_Biological_Process_2023,Protein Autophosphorylation (GO:0046777),16/162,0.2559472725032828,0.9474989025825036,0,0,1.227451178621375,1.6727506091346236,NEK6;STK39;PTK6;PTK2;AURKB;AURKA;PAK1;MELK;IRAK1;NEK2;ATM;MAP3K9;PIM2;MAP3K13;EPHB1;HTATIP2
GO_Biological_Process_2023,Inorganic Anion Transmembrane Transport (GO:0098661),7/63,0.2576343901056026,0.9474989025825036,0,0,1.399235474006116,1.897662447682687,CYP27B1;SLC20A1;ANO9;GABRE;SLC1A7;SLC12A8;XPR1
GO_Biological_Process_2023,Protein Polymerization (GO:0051258),7/63,0.2576343901056026,0.9474989025825036,0,0,1.399235474006116,1.897662447682687,FGB;VIL1;FGA;INF2;UBE2C;UBE2S;ZNF207
GO_Biological_Process_2023,DNA Conformation Change (GO:0071103),2/12,0.2583182789969423,0.9474989025825036,0,0,2.2375609756097563,3.0286793325347645,TOP2A;HMGB3
GO_Biological_Process_2023,DNA Strand Elongation (GO:0022616),2/12,0.2583182789969423,0.9474989025825036,0,0,2.2375609756097563,3.0286793325347645,RFC4;MCM4
GO_Biological_Process_2023,DNA Strand Elongation Involved In DNA Replication (GO:0006271),2/12,0.2583182789969423,0.9474989025825036,0,0,2.2375609756097563,3.0286793325347645,RFC4;MCM4
GO_Biological_Process_2023,MyD88-dependent Toll-Like Receptor Signaling Pathway (GO:0002755),2/12,0.2583182789969423,0.9474989025825036,0,0,2.2375609756097563,3.0286793325347645,IRAK1;HSPD1
GO_Biological_Process_2023,Alanine Transport (GO:0032328),2/12,0.2583182789969423,0.9474989025825036,0,0,2.2375609756097563,3.0286793325347645,SLC7A5;SLC36A4
GO_Biological_Process_2023,Axonal Fasciculation (GO:0007413),2/12,0.2583182789969423,0.9474989025825036,0,0,2.2375609756097563,3.0286793325347645,EPHB2;CDK5R1
GO_Biological_Process_2023,Cell Projection Assembly (GO:0030031),2/12,0.2583182789969423,0.9474989025825036,0,0,2.2375609756097563,3.0286793325347645,SCIN;NEFH
GO_Biological_Process_2023,Eye Photoreceptor Cell Differentiation (GO:0001754),2/12,0.2583182789969423,0.9474989025825036,0,0,2.2375609756097563,3.0286793325347645,MYO7A;PROM1
GO_Biological_Process_2023,Folic Acid Metabolic Process (GO:0046655),2/12,0.2583182789969423,0.9474989025825036,0,0,2.2375609756097563,3.0286793325347645,MTHFD2;SHMT2
GO_Biological_Process_2023,Granulocyte Activation (GO:0036230),2/12,0.2583182789969423,0.9474989025825036,0,0,2.2375609756097563,3.0286793325347645,CXCL6;F2RL1
GO_Biological_Process_2023,Histone H4-K16 Acetylation (GO:0043984),2/12,0.2583182789969423,0.9474989025825036,0,0,2.2375609756097563,3.0286793325347645,KANSL1;OGT
GO_Biological_Process_2023,Lipoprotein Localization (GO:0044872),2/12,0.2583182789969423,0.9474989025825036,0,0,2.2375609756097563,3.0286793325347645,VMP1;SAR1B
GO_Biological_Process_2023,Macrophage Migration (GO:1905517),2/12,0.2583182789969423,0.9474989025825036,0,0,2.2375609756097563,3.0286793325347645,LGALS3;SAA1
GO_Biological_Process_2023,Morphogenesis Of A Polarized Epithelium (GO:0001738),2/12,0.2583182789969423,0.9474989025825036,0,0,2.2375609756097563,3.0286793325347645,AHI1;SCRIB
GO_Biological_Process_2023,Multicellular Organismal-Level Iron Ion Homeostasis (GO:0060586),2/12,0.2583182789969423,0.9474989025825036,0,0,2.2375609756097563,3.0286793325347645,SLC11A2;HAMP
GO_Biological_Process_2023,Negative Regulation Of Hippo Signaling (GO:0035331),2/12,0.2583182789969423,0.9474989025825036,0,0,2.2375609756097563,3.0286793325347645,DLG5;CIT
GO_Biological_Process_2023,Nucleotide Metabolic Process (GO:0009117),2/12,0.2583182789969423,0.9474989025825036,0,0,2.2375609756097563,3.0286793325347645,ENPP3;NMNAT2
GO_Biological_Process_2023,Oligosaccharide-Lipid Intermediate Biosynthetic Process (GO:0006490),2/12,0.2583182789969423,0.9474989025825036,0,0,2.2375609756097563,3.0286793325347645,PDCD6;SRD5A3
GO_Biological_Process_2023,Phosphate Ion Homeostasis (GO:0055062),2/12,0.2583182789969423,0.9474989025825036,0,0,2.2375609756097563,3.0286793325347645,SFRP4;XPR1
GO_Biological_Process_2023,Positive Regulation Of Cellular Extravasation (GO:0002693),2/12,0.2583182789969423,0.9474989025825036,0,0,2.2375609756097563,3.0286793325347645,MDK;THY1
GO_Biological_Process_2023,Positive Regulation Of Insulin Receptor Signaling Pathway (GO:0046628),2/12,0.2583182789969423,0.9474989025825036,0,0,2.2375609756097563,3.0286793325347645,SORL1;SNX5
GO_Biological_Process_2023,Positive Regulation Of mRNA Metabolic Process (GO:1903313),2/12,0.2583182789969423,0.9474989025825036,0,0,2.2375609756097563,3.0286793325347645,CNOT7;PNPT1
GO_Biological_Process_2023,Positive Regulation Of Vasoconstriction (GO:0045907),2/12,0.2583182789969423,0.9474989025825036,0,0,2.2375609756097563,3.0286793325347645,FGB;FGA
GO_Biological_Process_2023,Quaternary Ammonium Group Transport (GO:0015697),2/12,0.2583182789969423,0.9474989025825036,0,0,2.2375609756097563,3.0286793325347645,SLC44A5;SLC22A3
GO_Biological_Process_2023,Regulation Of Dosage Compensation By Inactivation Of X Chromosome (GO:1900095),2/12,0.2583182789969423,0.9474989025825036,0,0,2.2375609756097563,3.0286793325347645,KANSL1;OGT
GO_Biological_Process_2023,Regulation Of Interleukin-5 Production (GO:0032674),2/12,0.2583182789969423,0.9474989025825036,0,0,2.2375609756097563,3.0286793325347645,PDE4D;TNFRSF21
GO_Biological_Process_2023,Regulation Of Leukocyte Adhesion To Vascular Endothelial Cell (GO:1904994),2/12,0.2583182789969423,0.9474989025825036,0,0,2.2375609756097563,3.0286793325347645,IRAK1;MDK
GO_Biological_Process_2023,Regulation Of Retinoic Acid Receptor Signaling Pathway (GO:0048385),2/12,0.2583182789969423,0.9474989025825036,0,0,2.2375609756097563,3.0286793325347645,PRAME;EZH2
GO_Biological_Process_2023,Ribosome Disassembly (GO:0032790),2/12,0.2583182789969423,0.9474989025825036,0,0,2.2375609756097563,3.0286793325347645,MCTS1;DENR
GO_Biological_Process_2023,snRNA Transcription (GO:0009301),2/12,0.2583182789969423,0.9474989025825036,0,0,2.2375609756097563,3.0286793325347645,ZC3H8;ELL3
GO_Biological_Process_2023,Steroid Catabolic Process (GO:0006706),2/12,0.2583182789969423,0.9474989025825036,0,0,2.2375609756097563,3.0286793325347645,CYP24A1;SPP1
GO_Biological_Process_2023,Organic Hydroxy Compound Biosynthetic Process (GO:1901617),5/42,0.260028260779524,0.9474989025825036,0,0,1.5124073370866284,2.037159686136307,PSAT1;HSD17B1;OSBPL3;OSBPL2;SLC27A2
GO_Biological_Process_2023,mRNA Metabolic Process (GO:0016071),9/85,0.2619050663428106,0.9474989025825036,0,0,1.325764656589422,1.7762239339815304,PNPT1;SCAF11;METTL3;SRSF1;PCBP2;HNRNPA2B1;SRSF4;U2AF1;FBXO11
GO_Biological_Process_2023,Macromolecule Catabolic Process (GO:0009057),9/85,0.2619050663428106,0.9474989025825036,0,0,1.325764656589422,1.7762239339815304,RNASEH2A;PNPT1;KIF16B;RNASET2;SIAH1;HNRNPD;MAGEA2;IDE;EXOSC1
GO_Biological_Process_2023,Positive Regulation Of Amide Metabolic Process (GO:0034250),9/85,0.2619050663428106,0.9474989025825036,0,0,1.325764656589422,1.7762239339815304,RPL5;NPM1;NSUN5;METTL3;HNRNPD;PLD1;EIF3C;OGT;SOX4
GO_Biological_Process_2023,Positive Regulation Of Protein Localization (GO:1903829),9/85,0.2619050663428106,0.9474989025825036,0,0,1.325764656589422,1.7762239339815304,CCDC88A;PRKAA1;GNL3L;NUMA1;LIF;CDK1;BICD1;CDK5RAP3;GNL3
GO_Biological_Process_2023,Positive Regulation Of Supramolecular Fiber Organization (GO:1902905),10/96,0.2623845914558638,0.9474989025825036,0,0,1.3018695850433195,1.7418285287777358,VIL1;PAK1;BAIAP2L1;SCIN;NUMA1;CTTN;F2RL1;CCR7;PFN2;CDK5R1
GO_Biological_Process_2023,'De Novo' Post-Translational Protein Folding (GO:0051084),4/32,0.2661282930876957,0.9474989025825036,0,0,1.598639455782313,2.116241793763959,SDF2L1;DNAJC7;HSPE1;UGGT1
GO_Biological_Process_2023,miRNA Processing (GO:0035196),4/32,0.2661282930876957,0.9474989025825036,0,0,1.598639455782313,2.116241793763959,PRKRA;METTL3;HNRNPA2B1;SRSF3
GO_Biological_Process_2023,Purine Ribonucleoside Triphosphate Metabolic Process (GO:0009205),4/32,0.2661282930876957,0.9474989025825036,0,0,1.598639455782313,2.116241793763959,NT5E;FIGNL1;AK4;ENPP3
GO_Biological_Process_2023,mRNA Stabilization (GO:0048255),6/53,0.2668604611747551,0.9474989025825036,0,0,1.428835249440774,1.8875333358564936,TAF15;FUS;IREB2;HNRNPD;IGF2BP3;PAIP1
GO_Biological_Process_2023,Fc Receptor Mediated Stimulatory Signaling Pathway (GO:0002431),3/22,0.2685410340883971,0.9474989025825036,0,0,1.7667062714749044,2.322779808048237,PAK1;SYK;PTK2
GO_Biological_Process_2023,Acylglycerol Biosynthetic Process (GO:0046463),3/22,0.2685410340883971,0.9474989025825036,0,0,1.7667062714749044,2.322779808048237,DGAT2;LPGAT1;PLA2G4A
GO_Biological_Process_2023,Cellular Response To Interferon-Beta (GO:0035458),3/22,0.2685410340883971,0.9474989025825036,0,0,1.7667062714749044,2.322779808048237,PNPT1;AIM2;STAT1
GO_Biological_Process_2023,Hexose Transmembrane Transport (GO:0008645),3/22,0.2685410340883971,0.9474989025825036,0,0,1.7667062714749044,2.322779808048237,SLC2A1;SLC50A1;SLC2A5
GO_Biological_Process_2023,Homologous Chromosome Segregation (GO:0045143),3/22,0.2685410340883971,0.9474989025825036,0,0,1.7667062714749044,2.322779808048237,PTTG1;FANCD2;MND1
GO_Biological_Process_2023,Modulation By Host Of Viral Process (GO:0044788),3/22,0.2685410340883971,0.9474989025825036,0,0,1.7667062714749044,2.322779808048237,ZDHHC9;LTF;PAIP1
GO_Biological_Process_2023,Organelle Fission (GO:0048285),3/22,0.2685410340883971,0.9474989025825036,0,0,1.7667062714749044,2.322779808048237,MTFP1;MTFR1;MTFR2
GO_Biological_Process_2023,Platelet Dense Granule Organization (GO:0060155),3/22,0.2685410340883971,0.9474989025825036,0,0,1.7667062714749044,2.322779808048237,HPS1;HPS3;AP1S1
GO_Biological_Process_2023,Protein Peptidyl-Prolyl Isomerization (GO:0000413),3/22,0.2685410340883971,0.9474989025825036,0,0,1.7667062714749044,2.322779808048237,PPIL1;PPIF;NKTR
GO_Biological_Process_2023,Regulation Of Histone Acetylation (GO:0035065),3/22,0.2685410340883971,0.9474989025825036,0,0,1.7667062714749044,2.322779808048237,FLCN;NFYA;TWIST1
GO_Biological_Process_2023,Regulation Of Mitochondrial Translation (GO:0070129),3/22,0.2685410340883971,0.9474989025825036,0,0,1.7667062714749044,2.322779808048237,FASTKD2;SHMT2;LRPPRC
GO_Biological_Process_2023,Regulation Of Mononuclear Cell Migration (GO:0071675),3/22,0.2685410340883971,0.9474989025825036,0,0,1.7667062714749044,2.322779808048237,LGALS3;MDK;PTK2
GO_Biological_Process_2023,Response To Gamma Radiation (GO:0010332),3/22,0.2685410340883971,0.9474989025825036,0,0,1.7667062714749044,2.322779808048237,PRKAA1;XRCC5;FANCD2
GO_Biological_Process_2023,Regulation Of Stress Fiber Assembly (GO:0051492),8/75,0.2724305196964441,0.9474989025825036,0,0,1.3365973072215422,1.7380732738205975,CCDC88A;NELL1;PAK1;ALMS1;PPFIA1;RHPN2;TGFBR1;PFN2
GO_Biological_Process_2023,Negative Regulation Of Gene Expression (GO:0010629),31/336,0.2736454398160374,0.9474989025825036,0,0,1.1389789459759236,1.4760279030408348,SUV39H2;DDX6;PRKAA1;TYMS;GIGYF2;AURKA;FLCN;TRIM2;CHEK1;DHX36;ENC1;IGF2BP3;NANOS1;PNPT1;NHLRC3;ZNF281;METTL3;SORD;PPHLN1;PUS7;OVOL2;DHFR;SLC7A5;CLDN3;CNOT7;PRKAR1A;CILP;PTRH2;LGR4;EZH2;PHF19
GO_Biological_Process_2023,Phosphorylation (GO:0016310),39/429,0.2747229651983578,0.9474989025825036,0,0,1.120898315658141,1.4481917556885682,PRKAA1;MAPKAP1;STK39;CDCA8;AURKB;AURKA;PAK1;IRAK1;STK38;CHEK1;PAK6;NEK2;MAP3K9;PIM2;EPHB2;EPHB1;PDK1;MAP4K4;PLK4;SYK;CSNK1A1;IGFBP3;NEK6;PRKCA;BRAF;CSNK1D;PTK6;DCLK1;PTK2;TGFBR1;SRPK1;MELK;WNK1;CCNE1;HKDC1;CDK1;BIRC5;ATM;MAP3K13
GO_Biological_Process_2023,Lysosome Organization (GO:0007040),5/43,0.2761428153839126,0.9474989025825036,0,0,1.4725267659068255,1.89490207318758,HOOK1;HPS1;ATP10B;TMEM106B;MYO7A
GO_Biological_Process_2023,mRNA Destabilization (GO:0061157),5/43,0.2761428153839126,0.9474989025825036,0,0,1.4725267659068255,1.89490207318758,ZC3H12D;DHX36;METTL3;MEX3D;GIGYF2
GO_Biological_Process_2023,Positive Regulation Of Stress Fiber Assembly (GO:0051496),5/43,0.2761428153839126,0.9474989025825036,0,0,1.4725267659068255,1.89490207318758,CCDC88A;NELL1;PAK1;TGFBR1;PFN2
GO_Biological_Process_2023,Regulation Of Chromosome Organization (GO:0033044),5/43,0.2761428153839126,0.9474989025825036,0,0,1.4725267659068255,1.89490207318758,RMI2;XRCC5;HNRNPD;BUB1;UCHL5
GO_Biological_Process_2023,Positive Regulation Of Hydrolase Activity (GO:0051345),17/176,0.2772248367553147,0.9474989025825036,0,0,1.197418480890179,1.5361998013328892,USP6NL;CCL20;THY1;CTSV;FLCN;FNTA;RASGEF1A;TBC1D30;TBC1D7;SGSM2;F2RL1;RGS8;ECT2;ARHGEF7;EZH2;RALGPS2;MAP4K4
GO_Biological_Process_2023,Positive Regulation Of Developmental Process (GO:0051094),22/233,0.277228917661555,0.9474989025825036,0,0,1.1679655959276811,1.49839672417079,PBRM1;PRKAA1;SMARCC2;NUMA1;BNIP3;FOXO6;LRP8;SORL1;AURKA;CDC20;VIL1;APELA;RBBP4;BASP1;MDK;DLG5;AGR2;ARHGEF7;ARID2;MAP3K13;RREB1;OGT
GO_Biological_Process_2023,Chromatin Organization (GO:0006325),25/268,0.2808851466168438,0.9474989025825036,0,0,1.1525560467359408,1.4635265299516715,L3MBTL1;FOXA1;SUV39H2;KDM5B;SOX2;PAK1;RBBP4;CHEK1;ARID2;MTA3;BPTF;PBRM1;NPM1;SMARCC2;KDM4C;CBX3;DDX11;HMGA2;CHD1L;NPM3;UCHL5;KAT2A;CFDP1;EZH2;PHF19
GO_Biological_Process_2023,Negative Regulation Of TOR Signaling (GO:0032007),6/54,0.2812647442216468,0.9474989025825036,0,0,1.3989914425427872,1.7745631504280377,FLCN;PRKAA1;DEPTOR;PDCD6;TBC1D7;ATM
GO_Biological_Process_2023,Protein K63-linked Ubiquitination (GO:0070534),6/54,0.2812647442216468,0.9474989025825036,0,0,1.3989914425427872,1.7745631504280377,RNF213;TRAF4;UBE2S;UBE2T;TRAF5;PELI1
GO_Biological_Process_2023,Regulation Of Myoblast Differentiation (GO:0045661),6/54,0.2812647442216468,0.9474989025825036,0,0,1.3989914425427872,1.7745631504280377,PBRM1;SMARCC2;IGFBP3;TMEM182;ARID2;SOX4
GO_Biological_Process_2023,DNA Damage Response (GO:0006974),35/384,0.2825124261554663,0.9474989025825036,0,0,1.1238706732543688,1.4206093298594895,TOP2A;FEN1;BLM;DCUN1D5;MCM8;MCM10;RECQL4;RAD51AP1;PAK1;BCL2L11;EXO1;CHEK1;CTLA4;SFN;BARD1;WDHD1;MBD4;RMI2;NPM1;RFC4;XRCC5;CBX3;DDX11;XRCC2;METTL3;CHD1L;DEPDC1B;AIM2;RAD51;UBE2T;POLE2;TIMELESS;CDK1;IRF7;ATM
GO_Biological_Process_2023,MAPK Cascade (GO:0000165),10/98,0.283457296005899,0.9474989025825036,0,0,1.2721423796791445,1.603782008912339,PAK1;PABPN1;ZDHHC9;EGF;IL31RA;CDK1;BRAF;MAP3K13;MAP4K4;MAPK13
GO_Biological_Process_2023,RNA Splicing (GO:0008380),10/98,0.283457296005899,0.9474989025825036,0,0,1.2721423796791445,1.603782008912339,SNRPN;SCAF11;FUS;SRSF4;SNRPA1;U2AF1;SNRNP25;RNPC3;NOL3;SRPK1
GO_Biological_Process_2023,Positive Regulation Of Protein-Containing Complex Assembly (GO:0031334),10/98,0.283457296005899,0.9474989025825036,0,0,1.2721423796791445,1.603782008912339,LGALS3;FERMT1;DEPDC1B;BCL2L11;GNL3L;SYK;MMP1;BIK;ATM;CXCL13
GO_Biological_Process_2023,Negative Regulation Of Double-Strand Break Repair (GO:2000780),4/33,0.2849298192336113,0.9474989025825036,0,0,1.543429750326302,1.9377951550905328,RMI2;PARPBP;TWIST1;HMGA2
GO_Biological_Process_2023,Negative Regulation Of Small Molecule Metabolic Process (GO:0062014),4/33,0.2849298192336113,0.9474989025825036,0,0,1.543429750326302,1.9377951550905328,CDA;FLCN;KAT2A;MST1
GO_Biological_Process_2023,Positive Regulation Of DNA Binding (GO:0043388),4/33,0.2849298192336113,0.9474989025825036,0,0,1.543429750326302,1.9377951550905328,EGF;TWIST1;MMP9;NME1
GO_Biological_Process_2023,Positive Regulation Of Ion Transmembrane Transporter Activity (GO:0032414),4/33,0.2849298192336113,0.9474989025825036,0,0,1.543429750326302,1.9377951550905328,AKAP9;STK39;NOL3;EPHB2
GO_Biological_Process_2023,Ventricular Cardiac Muscle Tissue Morphogenesis (GO:0055010),4/33,0.2849298192336113,0.9474989025825036,0,0,1.543429750326302,1.9377951550905328,DSP;SMAD4;PKP2;TGFBR1
GO_Biological_Process_2023,Cardiocyte Differentiation (GO:0035051),2/13,0.2898497514172071,0.9474989025825036,0,0,2.034035476718404,2.5189344597699224,GREM1;MESP1
GO_Biological_Process_2023,Chondroitin Sulfate Biosynthetic Process (GO:0030206),2/13,0.2898497514172071,0.9474989025825036,0,0,2.034035476718404,2.5189344597699224,UGDH;CHPF2
GO_Biological_Process_2023,Endoplasmic Reticulum Mannose Trimming (GO:1904380),2/13,0.2898497514172071,0.9474989025825036,0,0,2.034035476718404,2.5189344597699224,TRIM13;UGGT1
GO_Biological_Process_2023,Eye Photoreceptor Cell Development (GO:0042462),2/13,0.2898497514172071,0.9474989025825036,0,0,2.034035476718404,2.5189344597699224,MYO7A;THY1
GO_Biological_Process_2023,Glomerular Filtration (GO:0003094),2/13,0.2898497514172071,0.9474989025825036,0,0,2.034035476718404,2.5189344597699224,SULF1;IGHA1
GO_Biological_Process_2023,Glutamine Metabolic Process (GO:0006541),2/13,0.2898497514172071,0.9474989025825036,0,0,2.034035476718404,2.5189344597699224,CPS1;LGSN
GO_Biological_Process_2023,Membrane Protein Intracellular Domain Proteolysis (GO:0031293),2/13,0.2898497514172071,0.9474989025825036,0,0,2.034035476718404,2.5189344597699224,MMP7;HM13
GO_Biological_Process_2023,Monoacylglycerol Metabolic Process (GO:0046462),2/13,0.2898497514172071,0.9474989025825036,0,0,2.034035476718404,2.5189344597699224,DGAT2;PLA2G4A
GO_Biological_Process_2023,Negative Regulation Of Interleukin-12 Production (GO:0032695),2/13,0.2898497514172071,0.9474989025825036,0,0,2.034035476718404,2.5189344597699224,CCR7;TIGIT
GO_Biological_Process_2023,Negative Regulation Of Myoblast Differentiation (GO:0045662),2/13,0.2898497514172071,0.9474989025825036,0,0,2.034035476718404,2.5189344597699224,TMEM182;SOX4
GO_Biological_Process_2023,Negative Regulation Of Toll-Like Receptor Signaling Pathway (GO:0034122),2/13,0.2898497514172071,0.9474989025825036,0,0,2.034035476718404,2.5189344597699224,SMPDL3B;LGR4
GO_Biological_Process_2023,Negative Regulation Of Viral Transcription (GO:0032897),2/13,0.2898497514172071,0.9474989025825036,0,0,2.034035476718404,2.5189344597699224,TRIM13;LARP7
GO_Biological_Process_2023,Positive Regulation Of Cellular Response To Insulin Stimulus (GO:1900078),2/13,0.2898497514172071,0.9474989025825036,0,0,2.034035476718404,2.5189344597699224,SORL1;SNX5
GO_Biological_Process_2023,Positive Regulation Of Glycoprotein Biosynthetic Process (GO:0010560),2/13,0.2898497514172071,0.9474989025825036,0,0,2.034035476718404,2.5189344597699224,CCR7;RAMP1
GO_Biological_Process_2023,Positive Regulation Of Keratinocyte Differentiation (GO:0045618),2/13,0.2898497514172071,0.9474989025825036,0,0,2.034035476718404,2.5189344597699224,NUMA1;ETV4
GO_Biological_Process_2023,Positive Regulation Of Leukocyte Degranulation (GO:0043302),2/13,0.2898497514172071,0.9474989025825036,0,0,2.034035476718404,2.5189344597699224,SYK;F2RL1
GO_Biological_Process_2023,Positive Regulation Of Macrophage Chemotaxis (GO:0010759),2/13,0.2898497514172071,0.9474989025825036,0,0,2.034035476718404,2.5189344597699224,MDK;PTK2
GO_Biological_Process_2023,Positive Regulation Of Superoxide Anion Generation (GO:0032930),2/13,0.2898497514172071,0.9474989025825036,0,0,2.034035476718404,2.5189344597699224,SYK;F2RL1
GO_Biological_Process_2023,Positive Regulation Of Type 2 Immune Response (GO:0002830),2/13,0.2898497514172071,0.9474989025825036,0,0,2.034035476718404,2.5189344597699224,DENND1B;TNFSF4
GO_Biological_Process_2023,Potassium Ion Export Across Plasma Membrane (GO:0097623),2/13,0.2898497514172071,0.9474989025825036,0,0,2.034035476718404,2.5189344597699224,KCNK5;KCNE4
GO_Biological_Process_2023,Protein Hydroxylation (GO:0018126),2/13,0.2898497514172071,0.9474989025825036,0,0,2.034035476718404,2.5189344597699224,EGLN3;PLOD2
GO_Biological_Process_2023,Regulation Of ERBB Signaling Pathway (GO:1901184),2/13,0.2898497514172071,0.9474989025825036,0,0,2.034035476718404,2.5189344597699224,PTPN18;CEACAM1
GO_Biological_Process_2023,Regulation Of Cell Fate Commitment (GO:0010453),2/13,0.2898497514172071,0.9474989025825036,0,0,2.034035476718404,2.5189344597699224,RBBP4;MTA3
GO_Biological_Process_2023,Regulation Of Immune Effector Process (GO:0002697),2/13,0.2898497514172071,0.9474989025825036,0,0,2.034035476718404,2.5189344597699224,SUSD4;C4BPB
GO_Biological_Process_2023,Regulation Of Myoblast Fusion (GO:1901739),2/13,0.2898497514172071,0.9474989025825036,0,0,2.034035476718404,2.5189344597699224,CD53;TMEM182
GO_Biological_Process_2023,Regulation Of Vasculogenesis (GO:2001212),2/13,0.2898497514172071,0.9474989025825036,0,0,2.034035476718404,2.5189344597699224,CEACAM1;SORD
GO_Biological_Process_2023,Response To UV-A (GO:0070141),2/13,0.2898497514172071,0.9474989025825036,0,0,2.034035476718404,2.5189344597699224,MMP1;MMP9
GO_Biological_Process_2023,Response To Chemokine (GO:1990868),2/13,0.2898497514172071,0.9474989025825036,0,0,2.034035476718404,2.5189344597699224,WNK1;STK39
GO_Biological_Process_2023,Sodium-Independent Organic Anion Transport (GO:0043252),2/13,0.2898497514172071,0.9474989025825036,0,0,2.034035476718404,2.5189344597699224,SLCO1B3;SLCO5A1
GO_Biological_Process_2023,Thymus Development (GO:0048538),2/13,0.2898497514172071,0.9474989025825036,0,0,2.034035476718404,2.5189344597699224,SIX1;TGFBR1
GO_Biological_Process_2023,Cell-Cell Signaling By Wnt (GO:0198738),3/23,0.2915954328359886,0.9474989025825036,0,0,1.6782794386821231,2.0682913425285787,CSNK1A1;USP34;CD24
GO_Biological_Process_2023,Heparan Sulfate Proteoglycan Biosynthetic Process (GO:0015012),3/23,0.2915954328359886,0.9474989025825036,0,0,1.6782794386821231,2.0682913425285787,UGDH;HS3ST1;HS6ST2
GO_Biological_Process_2023,Negative Regulation Of Actin Filament Polymerization (GO:0030837),3/23,0.2915954328359886,0.9474989025825036,0,0,1.6782794386821231,2.0682913425285787,VIL1;SCIN;PFN2
GO_Biological_Process_2023,Negative Regulation Of Oxidative Stress-Induced Cell Death (GO:1903202),3/23,0.2915954328359886,0.9474989025825036,0,0,1.6782794386821231,2.0682913425285787,GPR37;PYCR1;NOL3
GO_Biological_Process_2023,Negative Regulation Of Protein Tyrosine Kinase Activity (GO:0061099),3/23,0.2915954328359886,0.9474989025825036,0,0,1.6782794386821231,2.0682913425285787,CBLC;PTK6;THY1
GO_Biological_Process_2023,Positive Regulation Of Cell-Substrate Junction Organization (GO:0150117),3/23,0.2915954328359886,0.9474989025825036,0,0,1.6782794386821231,2.0682913425285787,NELL1;THY1;MAP4K4
GO_Biological_Process_2023,Positive Regulation Of Neutrophil Migration (GO:1902624),3/23,0.2915954328359886,0.9474989025825036,0,0,1.6782794386821231,2.0682913425285787,CAMK1D;MDK;CCR7
GO_Biological_Process_2023,Protein Alkylation (GO:0008213),3/23,0.2915954328359886,0.9474989025825036,0,0,1.6782794386821231,2.0682913425285787,PRMT3;METTL21A;GSPT1
GO_Biological_Process_2023,Regulation Of Interleukin-4 Production (GO:0032673),3/23,0.2915954328359886,0.9474989025825036,0,0,1.6782794386821231,2.0682913425285787,SLC7A5;SYK;TNFSF4
GO_Biological_Process_2023,Nucleobase-Containing Compound Catabolic Process (GO:0034655),5/44,0.2924527560646918,0.9474989025825036,0,0,1.434691352223423,1.763884357653976,RNASEH2A;PNPT1;RNASET2;HNRNPD;EXOSC1
GO_Biological_Process_2023,Positive Regulation Of Leukocyte Cell-Cell Adhesion (GO:1903039),5/44,0.2924527560646918,0.9474989025825036,0,0,1.434691352223423,1.763884357653976,IRAK1;MDK;TNFSF11;THY1;HSPD1
GO_Biological_Process_2023,Positive Regulation Of Osteoblast Differentiation (GO:0045669),5/44,0.2924527560646918,0.9474989025825036,0,0,1.434691352223423,1.763884357653976,CCNA2;SCUBE3;NELL1;RUNX2;LTF
GO_Biological_Process_2023,Regulation Of Insulin Receptor Signaling Pathway (GO:0046626),5/44,0.2924527560646918,0.9474989025825036,0,0,1.434691352223423,1.763884357653976,GRB14;MZB1;SORL1;OGT;SNX5
GO_Biological_Process_2023,Positive Regulation Of Macromolecule Biosynthetic Process (GO:0010557),12/122,0.2997068807937443,0.9474989025825036,0,0,1.2212827663134411,1.4715850918148816,RPL5;EPM2AIP1;SLC25A37;NPM1;NSUN5;EGF;METTL3;HNRNPD;PLD1;EIF3C;OGT;SOX4
GO_Biological_Process_2023,Regulation Of Protein Catabolic Process (GO:0042176),12/122,0.2997068807937443,0.9474989025825036,0,0,1.2212827663134411,1.4715850918148816,BARD1;NQO1;NELL1;EEF1A2;C4BPB;IDE;FAM83D;SORL1;CDK5RAP3;UCHL5;OAZ3;MAD2L1
GO_Biological_Process_2023,Positive Regulation Of Cell Differentiation (GO:0045597),26/283,0.3028219883164755,0.9474989025825036,0,0,1.1331866163270023,1.3537162262546234,TWIST1;ASCL1;SCUBE3;MDK;DHX36;ARID2;ECT2;SOX4;PBRM1;SMAD4;SMARCC2;IGFBP3;RUNX2;PTK2;TGFBR1;COL1A1;CCNA2;NELL1;CEACAM1;PCP4;ASXL2;ADAM8;WDFY2;TCF3;EZH2;LTF
GO_Biological_Process_2023,DNA Damage Checkpoint Signaling (GO:0000077),4/34,0.3039148697288754,0.9474989025825036,0,0,1.491900691900692,1.776865137958263,CHEK1;DONSON;INTS7;RHNO1
GO_Biological_Process_2023,Embryonic Skeletal System Development (GO:0048706),4/34,0.3039148697288754,0.9474989025825036,0,0,1.491900691900692,1.776865137958263,COL1A1;KIAA1217;SIX1;SULF1
GO_Biological_Process_2023,Histone Deubiquitination (GO:0016578),4/34,0.3039148697288754,0.9474989025825036,0,0,1.491900691900692,1.776865137958263,BARD1;DEPDC1B;KAT2A;SUPT20H
GO_Biological_Process_2023,Protein Targeting To Vacuole (GO:0006623),4/34,0.3039148697288754,0.9474989025825036,0,0,1.491900691900692,1.776865137958263,ZFYVE16;VPS13C;VPS8;SORL1
GO_Biological_Process_2023,Regulation Of T Cell Receptor Signaling Pathway (GO:0050856),4/34,0.3039148697288754,0.9474989025825036,0,0,1.491900691900692,1.776865137958263,LGALS3;CEACAM1;THY1;KCNN4
GO_Biological_Process_2023,Organic Anion Transport (GO:0015711),9/89,0.3072754810595439,0.9474989025825036,0,0,1.25920085731782,1.485870360820594,SLC22A3;SLC17A9;SLC52A2;SLCO1B3;SLC2A1;MGST1;SLC4A11;SLCO5A1;SLC26A6
GO_Biological_Process_2023,Regulation Of Stem Cell Differentiation (GO:2000736),5/45,0.3089219880750813,0.9474989025825036,0,0,1.398747709224191,1.643062075607676,RBBP4;METTL3;SLC4A11;PUS7;MTA3
GO_Biological_Process_2023,Zymogen Activation (GO:0031638),5/45,0.3089219880750813,0.9474989025825036,0,0,1.398747709224191,1.643062075607676,FGB;FGA;ASPH;PLAU;F12
GO_Biological_Process_2023,Organonitrogen Compound Catabolic Process (GO:1901565),8/78,0.3091495534556489,0.9474989025825036,0,0,1.2791047385906626,1.5015795887377872,IL4I1;SGPL1;SIAH1;MAGEA2;PLA2G4A;IDE;NPL;PLA2G7
GO_Biological_Process_2023,Transmembrane Receptor Protein Tyrosine Kinase Signaling Pathway (GO:0007169),26/284,0.3092229710147551,0.9474989025825036,0,0,1.1287320592524368,1.3247845480183449,IDE;EFNA5;EFNA4;GIGYF2;PAK1;GRB14;BLNK;EPHB2;EPHB1;MPZL1;SYK;IL31RA;PTK6;SULF1;MMP9;SHCBP1;PTK2;AHI1;NELL1;DOK5;KIF16B;ARHGEF7;MUC20;NGEF;FRK;CDK5R1
GO_Biological_Process_2023,Positive Regulation Of Epithelial Cell Proliferation (GO:0050679),12/123,0.3094925613681005,0.9474989025825036,0,0,1.2102138948764716,1.4193645384630835,MMP12;NELL1;CDH3;MDK;EGF;PDCD6;TGFA;PRKCA;SRSF6;RREB1;TGFBR1;NME1
GO_Biological_Process_2023,Positive Regulation Of Cell Population Proliferation (GO:0008284),43/483,0.3104585185211757,0.9474989025825036,0,0,1.0951077377906646,1.2809529770252757,HILPDA;NOP2;KIF14;TGFA;TTK;FOXM1;HOXC10;PTHLH;CCAR1;PAK1;RAB25;EPCAM;MDK;PRAME;RPL17;SOX4;KRT6A;MCTS1;NPM1;KDM4C;STAT1;EGF;IL31RA;LIF;HMGA2;CDC7;OSMR;S100B;PTK2;TGFBR1;NME1;CCNA2;GREM1;CNOT7;SAPCD2;PRC1;TNFSF4;S100A6;BIRC5;HPSE;CRLF1;EZH2;LTF
GO_Biological_Process_2023,Positive Regulation Of Cellular Metabolic Process (GO:0031325),6/56,0.3105513230041921,0.9474989025825036,0,0,1.3428850855745722,1.570378010386384,ACE2;ARG2;CCNB1;AKR1C1;SORD;CDK1
GO_Biological_Process_2023,Small GTPase Mediated Signal Transduction (GO:0007264),11/112,0.3127441965633222,0.9474989025825036,0,0,1.219120869781644,1.4170691425550437,CCNA2;CCDC88A;RIT1;ARHGAP8;RASGEF1A;DOK5;CDKN2A;G3BP1;RAB18;PLD1;RALGPS2
GO_Biological_Process_2023,Fc-gamma Receptor Signaling Pathway (GO:0038094),3/24,0.3147738648665383,0.9474989025825036,0,0,1.598274209012464,1.8474464164788424,PAK1;SYK;PTK2
GO_Biological_Process_2023,Amyloid Fibril Formation (GO:1990000),3/24,0.3147738648665383,0.9474989025825036,0,0,1.598274209012464,1.8474464164788424,FUS;SIAH1;HNRNPA1
GO_Biological_Process_2023,Lipid Translocation (GO:0034204),3/24,0.3147738648665383,0.9474989025825036,0,0,1.598274209012464,1.8474464164788424,ATP8B1;ABCA4;ATP10B
GO_Biological_Process_2023,Mononuclear Cell Differentiation (GO:1903131),3/24,0.3147738648665383,0.9474989025825036,0,0,1.598274209012464,1.8474464164788424,IL31RA;LY6D;IKZF1
GO_Biological_Process_2023,Negative Regulation Of Antigen Receptor-Mediated Signaling Pathway (GO:0050858),3/24,0.3147738648665383,0.9474989025825036,0,0,1.598274209012464,1.8474464164788424,LGALS3;CEACAM1;THY1
GO_Biological_Process_2023,Negative Regulation Of Ion Transmembrane Transporter Activity (GO:0032413),3/24,0.3147738648665383,0.9474989025825036,0,0,1.598274209012464,1.8474464164788424,STK39;EPHB2;MMP9
GO_Biological_Process_2023,Regulation Of Cysteine-Type Endopeptidase Activity (GO:2000116),3/24,0.3147738648665383,0.9474989025825036,0,0,1.598274209012464,1.8474464164788424,SOX2;CST1;LTF
GO_Biological_Process_2023,Stress Granule Assembly (GO:0034063),3/24,0.3147738648665383,0.9474989025825036,0,0,1.598274209012464,1.8474464164788424,DDX6;G3BP1;BICD1
GO_Biological_Process_2023,Cellular Response To Metal Ion (GO:0071248),13/135,0.3155962975995002,0.9474989025825036,0,0,1.192866990711389,1.3757232672422923,TFAP2A;PRKAA1;AOC1;CPNE5;SYT1;CPNE4;BNIP3;BRAF;SYT13;MMP9;CDH1;PPIF;ECT2
GO_Biological_Process_2023,Peptide Biosynthetic Process (GO:0043043),15/158,0.3168798869718288,0.9474989025825036,0,0,1.1743480858416322,1.3495989658456824,MRPS17;RPL5;RPL10;MRPS12;MRPL12;GSPT1;RPL7;MRPL3;RPS16;EEF1A2;RPL37A;IGF2BP3;RPL17;RPS24;FARSB
GO_Biological_Process_2023,Neuron Projection Guidance (GO:0097485),12/124,0.319358053814264,0.9474989025825036,0,0,1.1993426818580193,1.3689805650909508,NELL1;TRIO;SEMA4B;SIAH1;PLEKHG4B;EPHB2;EFNA5;EPHB1;EFNA4;IGSF9;PTK2;CDK5R1
GO_Biological_Process_2023,2-Oxoglutarate Metabolic Process (GO:0006103),2/14,0.3212059798035866,0.9474989025825036,0,0,1.8644308943089432,2.117383230434469,GPT2;L2HGDH
GO_Biological_Process_2023,COPII-coated Vesicle Cargo Loading (GO:0090110),2/14,0.3212059798035866,0.9474989025825036,0,0,1.8644308943089432,2.117383230434469,SEC24A;SEC24D
GO_Biological_Process_2023,"RNA Phosphodiester Bond Hydrolysis, Endonucleolytic (GO:0090502)",2/14,0.3212059798035866,0.9474989025825036,0,0,1.8644308943089432,2.117383230434469,ZC3H12D;RPP40
GO_Biological_Process_2023,Dolichol Metabolic Process (GO:0019348),2/14,0.3212059798035866,0.9474989025825036,0,0,1.8644308943089432,2.117383230434469,PDCD6;SRD5A3
GO_Biological_Process_2023,Endoderm Development (GO:0007492),2/14,0.3212059798035866,0.9474989025825036,0,0,1.8644308943089432,2.117383230434469,DUSP4;KIF16B
GO_Biological_Process_2023,Establishment Of Apical/Basal Cell Polarity (GO:0035089),2/14,0.3212059798035866,0.9474989025825036,0,0,1.8644308943089432,2.117383230434469,SCRIB;SYNE4
GO_Biological_Process_2023,Establishment Of Spindle Localization (GO:0051293),2/14,0.3212059798035866,0.9474989025825036,0,0,1.8644308943089432,2.117383230434469,ESPL1;NUSAP1
GO_Biological_Process_2023,Formation Of Cytoplasmic Translation Initiation Complex (GO:0001732),2/14,0.3212059798035866,0.9474989025825036,0,0,1.8644308943089432,2.117383230434469,EIF3C;EIF3B
GO_Biological_Process_2023,"Maturation Of LSU-rRNA From Tricistronic rRNA Transcript (SSU-rRNA, 5.8S rRNA, LSU-rRNA) (GO:0000463)",2/14,0.3212059798035866,0.9474989025825036,0,0,1.8644308943089432,2.117383230434469,WDR12;RPL7
GO_Biological_Process_2023,Mitotic intra-S DNA Damage Checkpoint Signaling (GO:0031573),2/14,0.3212059798035866,0.9474989025825036,0,0,1.8644308943089432,2.117383230434469,EME1;FANCD2
GO_Biological_Process_2023,Myotube Cell Development (GO:0014904),2/14,0.3212059798035866,0.9474989025825036,0,0,1.8644308943089432,2.117383230434469,SIX1;TMEM182
GO_Biological_Process_2023,Negative Regulation Of T Cell Mediated Immunity (GO:0002710),2/14,0.3212059798035866,0.9474989025825036,0,0,1.8644308943089432,2.117383230434469,IL4I1;CEACAM1
GO_Biological_Process_2023,Negative Regulation Of Defense Response To Virus (GO:0050687),2/14,0.3212059798035866,0.9474989025825036,0,0,1.8644308943089432,2.117383230434469,TSPAN6;PCBP2
GO_Biological_Process_2023,Negative Regulation Of Fatty Acid Biosynthetic Process (GO:0045717),2/14,0.3212059798035866,0.9474989025825036,0,0,1.8644308943089432,2.117383230434469,CEACAM1;TRIB3
GO_Biological_Process_2023,"Negative Regulation Of mRNA Splicing, Via Spliceosome (GO:0048025)",2/14,0.3212059798035866,0.9474989025825036,0,0,1.8644308943089432,2.117383230434469,SRSF4;SRSF6
GO_Biological_Process_2023,Negative Regulation Of Single Stranded Viral RNA Replication Via Double Stranded DNA Intermediate (GO:0045869),2/14,0.3212059798035866,0.9474989025825036,0,0,1.8644308943089432,2.117383230434469,HMGA2;APOBEC3B
GO_Biological_Process_2023,Polarized Epithelial Cell Differentiation (GO:0030859),2/14,0.3212059798035866,0.9474989025825036,0,0,1.8644308943089432,2.117383230434469,SCRIB;SYNE4
GO_Biological_Process_2023,Positive Regulation Of Acute Inflammatory Response (GO:0002675),2/14,0.3212059798035866,0.9474989025825036,0,0,1.8644308943089432,2.117383230434469,C2CD4A;OSMR
GO_Biological_Process_2023,Positive Regulation Of Transcription From RNA Polymerase II Promoter Involved In Cellular Response To Chemical Stimulus (GO:1901522),2/14,0.3212059798035866,0.9474989025825036,0,0,1.8644308943089432,2.117383230434469,SMAD4;RUNX2
GO_Biological_Process_2023,Positive Regulation Of Transporter Activity (GO:0032411),2/14,0.3212059798035866,0.9474989025825036,0,0,1.8644308943089432,2.117383230434469,STK39;SYNGR3
GO_Biological_Process_2023,Prostanoid Biosynthetic Process (GO:0046457),2/14,0.3212059798035866,0.9474989025825036,0,0,1.8644308943089432,2.117383230434469,PLA2G4A;PTGES
GO_Biological_Process_2023,Regulation Of ATP Biosynthetic Process (GO:2001169),2/14,0.3212059798035866,0.9474989025825036,0,0,1.8644308943089432,2.117383230434469,FLCN;ENO1
GO_Biological_Process_2023,Regulation Of Bone Remodeling (GO:0046850),2/14,0.3212059798035866,0.9474989025825036,0,0,1.8644308943089432,2.117383230434469,GREM1;MDK
GO_Biological_Process_2023,Regulation Of Branching Involved In Ureteric Bud Morphogenesis (GO:0090189),2/14,0.3212059798035866,0.9474989025825036,0,0,1.8644308943089432,2.117383230434469,SIX4;SIX1
GO_Biological_Process_2023,Regulation Of Integrin Activation (GO:0033623),2/14,0.3212059798035866,0.9474989025825036,0,0,1.8644308943089432,2.117383230434469,FERMT1;KIF14
GO_Biological_Process_2023,Regulation Of Macrophage Differentiation (GO:0045649),2/14,0.3212059798035866,0.9474989025825036,0,0,1.8644308943089432,2.117383230434469,LIF;PRKCA
GO_Biological_Process_2023,Regulation Of Non-Canonical Wnt Signaling Pathway (GO:2000050),2/14,0.3212059798035866,0.9474989025825036,0,0,1.8644308943089432,2.117383230434469,SFRP4;RNF213
GO_Biological_Process_2023,Regulation Of Phosphate Metabolic Process (GO:0019220),2/14,0.3212059798035866,0.9474989025825036,0,0,1.8644308943089432,2.117383230434469,SRPX2;CD24
GO_Biological_Process_2023,Regulation Of Superoxide Anion Generation (GO:0032928),2/14,0.3212059798035866,0.9474989025825036,0,0,1.8644308943089432,2.117383230434469,SYK;F2RL1
GO_Biological_Process_2023,Resolution Of Meiotic Recombination Intermediates (GO:0000712),2/14,0.3212059798035866,0.9474989025825036,0,0,1.8644308943089432,2.117383230434469,TOP2A;EME1
GO_Biological_Process_2023,Synaptonemal Complex Assembly (GO:0007130),2/14,0.3212059798035866,0.9474989025825036,0,0,1.8644308943089432,2.117383230434469,HORMAD1;TRIP13
GO_Biological_Process_2023,Synaptonemal Complex Organization (GO:0070193),2/14,0.3212059798035866,0.9474989025825036,0,0,1.8644308943089432,2.117383230434469,HORMAD1;TRIP13
GO_Biological_Process_2023,Regulation Of Neuron Differentiation (GO:0045664),8/79,0.3216188813887714,0.9474989025825036,0,0,1.2610202216973814,1.4304862483787155,SOX2;PCP4;SIX1;TCF3;ASCL1;ECT2;CDK5RAP3;CDK5R1
GO_Biological_Process_2023,Endoderm Formation (GO:0001706),4/35,0.3230289321452749,0.9474989025825036,0,0,1.443696088857379,1.6313959065414332,DUSP4;COL7A1;HMGA2;MMP9
GO_Biological_Process_2023,Hexose Biosynthetic Process (GO:0019319),4/35,0.3230289321452749,0.9474989025825036,0,0,1.443696088857379,1.6313959065414332,SORD;ENO1;ENO3;SLC25A13
GO_Biological_Process_2023,Liver Development (GO:0001889),4/35,0.3230289321452749,0.9474989025825036,0,0,1.443696088857379,1.6313959065414332,LSR;CDK5RAP3;AURKA;E2F8
GO_Biological_Process_2023,Neutral Amino Acid Transport (GO:0015804),4/35,0.3230289321452749,0.9474989025825036,0,0,1.443696088857379,1.6313959065414332,SLC7A5;SLC38A9;SLC7A11;SLC36A4
GO_Biological_Process_2023,Platelet Aggregation (GO:0070527),4/35,0.3230289321452749,0.9474989025825036,0,0,1.443696088857379,1.6313959065414332,FGB;FGA;FGL1;GNAS
GO_Biological_Process_2023,Regulation Of mRNA Processing (GO:0050684),4/35,0.3230289321452749,0.9474989025825036,0,0,1.443696088857379,1.6313959065414332,RBM39;LARP7;SRSF3;SRPK1
GO_Biological_Process_2023,Regulation Of Sodium Ion Transport (GO:0002028),4/35,0.3230289321452749,0.9474989025825036,0,0,1.443696088857379,1.6313959065414332,BPIFA1;DLG1;WNK1;PKP2
GO_Biological_Process_2023,Positive Regulation Of Cellular Component Organization (GO:0051130),11/113,0.3231357528791071,0.9474989025825036,0,0,1.2071025835226794,1.3636429739371685,CDC20;LGALS3;CLDN3;BCL2L11;GNL3L;SYK;MMP1;BIK;BNIP3;TGFBR1;PROM2
GO_Biological_Process_2023,Intermediate Filament Organization (GO:0045109),7/68,0.3238860795772438,0.9474989025825036,0,0,1.2841931117461272,1.447752352859663,DSP;KRT80;KRT19;KRT15;PKP2;EPPK1;KRT6A
GO_Biological_Process_2023,Membrane Lipid Biosynthetic Process (GO:0046467),6/57,0.3253830475735693,0.9474989025825036,0,0,1.3164820940601178,1.4780831446530471,ALDH3B2;FA2H;SGPL1;CERS6;PRKD3;SGPP2
GO_Biological_Process_2023,Amino Acid Transport (GO:0006865),5/46,0.32551511893174,0.9474989025825036,0,0,1.364557414663945,1.531506061115472,SLC7A5;SLC38A9;SLC7A11;SLC7A1;SLC36A4
GO_Biological_Process_2023,Homotypic Cell-Cell Adhesion (GO:0034109),5/46,0.32551511893174,0.9474989025825036,0,0,1.364557414663945,1.531506061115472,FGB;FGA;FGL1;CEACAM5;GNAS
GO_Biological_Process_2023,Regulation Of mRNA Catabolic Process (GO:0061013),5/46,0.32551511893174,0.9474989025825036,0,0,1.364557414663945,1.531506061115472,PNPT1;CNOT7;DHX36;PRKCA;PKP3
GO_Biological_Process_2023,Regulation Of Nervous System Development (GO:0051960),5/46,0.32551511893174,0.9474989025825036,0,0,1.364557414663945,1.531506061115472,HES6;TENM4;NSUN5;KIF14;ASCL1
GO_Biological_Process_2023,Macromolecule Biosynthetic Process (GO:0009059),17/183,0.3335576186905839,0.9474989025825036,0,0,1.146483781278962,1.2587700117088287,MRPS17;RPL5;RPL10;MRPS12;MRPL12;TYMS;GSPT1;RPL7;MRPL3;RPS16;COL5A1;EEF1A2;RPL37A;IGF2BP3;RPL17;RPS24;FARSB
GO_Biological_Process_2023,Negative Regulation Of Protein Serine/Threonine Kinase Activity (GO:0071901),8/80,0.3341782839166911,0.9474989025825036,0,0,1.24343805249558,1.3629083816466974,PKIB;UCHL1;PRKAR1A;CDKN2A;STK38;CBLC;SORL1;CDK5RAP3
GO_Biological_Process_2023,Regulation Of Heart Contraction (GO:0008016),7/69,0.3374879037748861,0.9474989025825036,0,0,1.263411265660452,1.3723496726961737,CYP2J2;ACE2;APELA;ADORA3;PDE4D;RNF207;ATP2A2
GO_Biological_Process_2023,Regulation Of Protein Phosphorylation (GO:0001932),24/265,0.3378159688409236,0.9474989025825036,0,0,1.1150695751632311,1.2101337196925754,NPM1;IGFBP3;SORD;CDCA8;CSNK1D;EFNA5;MMP9;PTK2;C1ORF112;AURKB;CCNA2;CCDC88A;FLCN;PAK1;CLDN3;NSD1;DNAJC10;BIRC5;WDFY2;EPHB2;ECT2;CARD14;CDK5RAP3;PROM2
GO_Biological_Process_2023,RNA Polyadenylation (GO:0043631),3/25,0.3379847862252516,0.9474989025825036,0,0,1.5255421820400463,1.6548385877632692,ZCCHC7;PNPT1;SYMPK
GO_Biological_Process_2023,Bile Acid Biosynthetic Process (GO:0006699),3/25,0.3379847862252516,0.9474989025825036,0,0,1.5255421820400463,1.6548385877632692,OSBPL3;OSBPL2;SLC27A2
GO_Biological_Process_2023,Mismatch Repair (GO:0006298),3/25,0.3379847862252516,0.9474989025825036,0,0,1.5255421820400463,1.6548385877632692,RNASEH2A;MCM8;EXO1
GO_Biological_Process_2023,Phosphatidylethanolamine Metabolic Process (GO:0046337),3/25,0.3379847862252516,0.9474989025825036,0,0,1.5255421820400463,1.6548385877632692,ETNK1;NAPEPLD;CEPT1
GO_Biological_Process_2023,Positive Regulation Of Peptidase Activity (GO:0010952),3/25,0.3379847862252516,0.9474989025825036,0,0,1.5255421820400463,1.6548385877632692,CLDN4;CLDN3;CTSV
GO_Biological_Process_2023,Regulation Of Intracellular Estrogen Receptor Signaling Pathway (GO:0033146),3/25,0.3379847862252516,0.9474989025825036,0,0,1.5255421820400463,1.6548385877632692,FOXA1;PAGR1;PAK1
GO_Biological_Process_2023,Regulation Of Neutrophil Chemotaxis (GO:0090022),3/25,0.3379847862252516,0.9474989025825036,0,0,1.5255421820400463,1.6548385877632692,CAMK1D;MDK;CCR7
GO_Biological_Process_2023,Regulation Of Platelet Aggregation (GO:0090330),3/25,0.3379847862252516,0.9474989025825036,0,0,1.5255421820400463,1.6548385877632692,CEACAM1;SYK;PRKCA
GO_Biological_Process_2023,Regulation Of Protein Processing (GO:0070613),3/25,0.3379847862252516,0.9474989025825036,0,0,1.5255421820400463,1.6548385877632692,PLAU;ADAM8;MAGEA3
GO_Biological_Process_2023,Secretory Granule Organization (GO:0033363),3/25,0.3379847862252516,0.9474989025825036,0,0,1.5255421820400463,1.6548385877632692,HPS1;AP1S1;HPS3
GO_Biological_Process_2023,Ventricular Cardiac Muscle Tissue Development (GO:0003229),3/25,0.3379847862252516,0.9474989025825036,0,0,1.5255421820400463,1.6548385877632692,PKP2;DSG2;HOPX
GO_Biological_Process_2023,Vesicle Cargo Loading (GO:0035459),3/25,0.3379847862252516,0.9474989025825036,0,0,1.5255421820400463,1.6548385877632692,TMED10;SEC24A;SEC24D
GO_Biological_Process_2023,Inorganic Anion Transport (GO:0015698),6/58,0.3403072064921166,0.9474989025825036,0,0,1.2910946022192966,1.3916792907276023,RACGAP1;ANO9;SLC4A11;ENPP3;XPR1;SLC26A6
GO_Biological_Process_2023,mRNA Transport (GO:0051028),6/58,0.3403072064921166,0.9474989025825036,0,0,1.2910946022192966,1.3916792907276023,XPO1;DDX39A;HNRNPA2B1;SRSF3;NOL3;RAE1
GO_Biological_Process_2023,Positive Regulation Of Type II Interferon Production (GO:0032729),6/58,0.3403072064921166,0.9474989025825036,0,0,1.2910946022192966,1.3916792907276023,SLC7A5;PDE4D;TNFSF4;F2RL1;SCRIB;HSPD1
GO_Biological_Process_2023,Regulation Of Bone Mineralization (GO:0030500),6/58,0.3403072064921166,0.9474989025825036,0,0,1.2910946022192966,1.3916792907276023,CCNA2;GREM1;TFAP2A;CYP27B1;NELL1;TWIST1
GO_Biological_Process_2023,Epithelial To Mesenchymal Transition (GO:0001837),5/47,0.3421976240201631,0.9474989025825036,0,0,1.3319952293684731,1.4283875427147603,SMAD4;DLG5;HMGA2;FAM83D;TGFBR1
GO_Biological_Process_2023,Base-Excision Repair (GO:0006284),4/36,0.3422197348293442,0.9474989025825036,0,0,1.3985042735042734,1.4996192773412913,FEN1;NEIL3;HMGA2;DNA2
GO_Biological_Process_2023,Lytic Vacuole Organization (GO:0080171),4/36,0.3422197348293442,0.9474989025825036,0,0,1.3985042735042734,1.4996192773412913,HOOK1;HPS1;TMEM106B;MYO7A
GO_Biological_Process_2023,Positive Regulation Of Protein Metabolic Process (GO:0051247),18/196,0.3449640224422741,0.9474989025825036,0,0,1.1320363092931864,1.2048433945171813,BARD1;RPL5;NPM1;NSUN5;UHRF1;METTL3;C4BPB;IDE;PLD1;SORL1;OAZ3;SLC25A37;ASPH;HNRNPD;PAEP;EIF3C;OGT;SOX4
GO_Biological_Process_2023,B Cell Chemotaxis (GO:0035754),1/5,0.3484349857388927,0.9474989025825036,0,0,2.796160877513711,2.948002537323793,CXCL13
GO_Biological_Process_2023,C-terminal Protein Lipidation (GO:0006501),1/5,0.3484349857388927,0.9474989025825036,0,0,2.796160877513711,2.948002537323793,ATG16L1
GO_Biological_Process_2023,"CD4-positive, Alpha-Beta T Cell Activation (GO:0035710)",1/5,0.3484349857388927,0.9474989025825036,0,0,2.796160877513711,2.948002537323793,TNFSF4
GO_Biological_Process_2023,COPI Coating Of Golgi Vesicle (GO:0048205),1/5,0.3484349857388927,0.9474989025825036,0,0,2.796160877513711,2.948002537323793,TMED10
GO_Biological_Process_2023,COPI-coated Vesicle Budding (GO:0035964),1/5,0.3484349857388927,0.9474989025825036,0,0,2.796160877513711,2.948002537323793,TMED10
GO_Biological_Process_2023,DNA Replication-Dependent Chromatin Assembly (GO:0006335),1/5,0.3484349857388927,0.9474989025825036,0,0,2.796160877513711,2.948002537323793,RBBP4
GO_Biological_Process_2023,GDP-mannose Metabolic Process (GO:0019673),1/5,0.3484349857388927,0.9474989025825036,0,0,2.796160877513711,2.948002537323793,GMDS
GO_Biological_Process_2023,Golgi Transport Vesicle Coating (GO:0048200),1/5,0.3484349857388927,0.9474989025825036,0,0,2.796160877513711,2.948002537323793,TMED10
GO_Biological_Process_2023,His-Purkinje System Development (GO:0003164),1/5,0.3484349857388927,0.9474989025825036,0,0,2.796160877513711,2.948002537323793,HOPX
GO_Biological_Process_2023,L-ascorbic Acid Metabolic Process (GO:0019852),1/5,0.3484349857388927,0.9474989025825036,0,0,2.796160877513711,2.948002537323793,SLC2A1
GO_Biological_Process_2023,L-ornithine Transmembrane Transport (GO:1903352),1/5,0.3484349857388927,0.9474989025825036,0,0,2.796160877513711,2.948002537323793,SLC7A1
GO_Biological_Process_2023,Adenylate Cyclase-Activating Dopamine Receptor Signaling Pathway (GO:0007191),1/5,0.3484349857388927,0.9474989025825036,0,0,2.796160877513711,2.948002537323793,GNAS
GO_Biological_Process_2023,Amylin Receptor Signaling Pathway (GO:0097647),1/5,0.3484349857388927,0.9474989025825036,0,0,2.796160877513711,2.948002537323793,RAMP1
GO_Biological_Process_2023,Aromatic Compound Biosynthetic Process (GO:0019438),1/5,0.3484349857388927,0.9474989025825036,0,0,2.796160877513711,2.948002537323793,PSAT1
GO_Biological_Process_2023,Autocrine Signaling (GO:0035425),1/5,0.3484349857388927,0.9474989025825036,0,0,2.796160877513711,2.948002537323793,HILPDA
GO_Biological_Process_2023,Basic Amino Acid Transport (GO:0015802),1/5,0.3484349857388927,0.9474989025825036,0,0,2.796160877513711,2.948002537323793,SLC7A1
GO_Biological_Process_2023,Bradykinin Catabolic Process (GO:0010815),1/5,0.3484349857388927,0.9474989025825036,0,0,2.796160877513711,2.948002537323793,IDE
GO_Biological_Process_2023,Cellular Response To Iron Ion (GO:0071281),1/5,0.3484349857388927,0.9474989025825036,0,0,2.796160877513711,2.948002537323793,TFAP2A
GO_Biological_Process_2023,Cerebral Cortex Cell Migration (GO:0021795),1/5,0.3484349857388927,0.9474989025825036,0,0,2.796160877513711,2.948002537323793,PEX13
GO_Biological_Process_2023,Chemokine (C-X-C Motif) Ligand 12 Signaling Pathway (GO:0038146),1/5,0.3484349857388927,0.9474989025825036,0,0,2.796160877513711,2.948002537323793,STK39
GO_Biological_Process_2023,Chondrocyte Development (GO:0002063),1/5,0.3484349857388927,0.9474989025825036,0,0,2.796160877513711,2.948002537323793,SULF1
GO_Biological_Process_2023,Contact Inhibition (GO:0060242),1/5,0.3484349857388927,0.9474989025825036,0,0,2.796160877513711,2.948002537323793,PAK1
GO_Biological_Process_2023,Double-Strand Break Repair Via Synthesis-Dependent Strand Annealing (GO:0045003),1/5,0.3484349857388927,0.9474989025825036,0,0,2.796160877513711,2.948002537323793,RAD51
GO_Biological_Process_2023,Equilibrioception (GO:0050957),1/5,0.3484349857388927,0.9474989025825036,0,0,2.796160877513711,2.948002537323793,MYO7A
GO_Biological_Process_2023,Establishment Of Protein Localization To Telomere (GO:0070200),1/5,0.3484349857388927,0.9474989025825036,0,0,2.796160877513711,2.948002537323793,BRCA2
GO_Biological_Process_2023,Gastrulation With Mouth Forming Second (GO:0001702),1/5,0.3484349857388927,0.9474989025825036,0,0,2.796160877513711,2.948002537323793,UGDH
GO_Biological_Process_2023,Guanine Nucleotide Transmembrane Transport (GO:1903790),1/5,0.3484349857388927,0.9474989025825036,0,0,2.796160877513711,2.948002537323793,SLC17A9
GO_Biological_Process_2023,Heme Transport (GO:0015886),1/5,0.3484349857388927,0.9474989025825036,0,0,2.796160877513711,2.948002537323793,FLVCR1
GO_Biological_Process_2023,Heparan Sulfate Proteoglycan Catabolic Process (GO:0030200),1/5,0.3484349857388927,0.9474989025825036,0,0,2.796160877513711,2.948002537323793,HPSE
GO_Biological_Process_2023,Hepatocyte Differentiation (GO:0070365),1/5,0.3484349857388927,0.9474989025825036,0,0,2.796160877513711,2.948002537323793,E2F8
GO_Biological_Process_2023,Hexose Import Across Plasma Membrane (GO:0140271),1/5,0.3484349857388927,0.9474989025825036,0,0,2.796160877513711,2.948002537323793,SLC2A5
GO_Biological_Process_2023,Histamine Metabolic Process (GO:0001692),1/5,0.3484349857388927,0.9474989025825036,0,0,2.796160877513711,2.948002537323793,SLC22A3
GO_Biological_Process_2023,Immunoglobulin V(D)J Recombination (GO:0033152),1/5,0.3484349857388927,0.9474989025825036,0,0,2.796160877513711,2.948002537323793,TCF3
GO_Biological_Process_2023,Interleukin-27-Mediated Signaling Pathway (GO:0070106),1/5,0.3484349857388927,0.9474989025825036,0,0,2.796160877513711,2.948002537323793,STAT1
GO_Biological_Process_2023,Intracellular Phosphate Ion Homeostasis (GO:0030643),1/5,0.3484349857388927,0.9474989025825036,0,0,2.796160877513711,2.948002537323793,XPR1
GO_Biological_Process_2023,Kidney Morphogenesis (GO:0060993),1/5,0.3484349857388927,0.9474989025825036,0,0,2.796160877513711,2.948002537323793,SOX4
GO_Biological_Process_2023,Leukocyte Chemotaxis Involved In Inflammatory Response (GO:0002232),1/5,0.3484349857388927,0.9474989025825036,0,0,2.796160877513711,2.948002537323793,MDK
GO_Biological_Process_2023,Lipid Droplet Disassembly (GO:1905691),1/5,0.3484349857388927,0.9474989025825036,0,0,2.796160877513711,2.948002537323793,PRKAA1
GO_Biological_Process_2023,mRNA 5'-Splice Site Recognition (GO:0000395),1/5,0.3484349857388927,0.9474989025825036,0,0,2.796160877513711,2.948002537323793,SRSF1
GO_Biological_Process_2023,Maintenance Of DNA Repeat Elements (GO:0043570),1/5,0.3484349857388927,0.9474989025825036,0,0,2.796160877513711,2.948002537323793,RMI2
GO_Biological_Process_2023,Mesenchymal Cell Differentiation Involved In Kidney Development (GO:0072161),1/5,0.3484349857388927,0.9474989025825036,0,0,2.796160877513711,2.948002537323793,STAT1
GO_Biological_Process_2023,Mitochondrial RNA 3'-End Processing (GO:0000965),1/5,0.3484349857388927,0.9474989025825036,0,0,2.796160877513711,2.948002537323793,PNPT1
GO_Biological_Process_2023,Negative Regulation Of T Cell Differentiation In Thymus (GO:0033085),1/5,0.3484349857388927,0.9474989025825036,0,0,2.796160877513711,2.948002537323793,ZC3H8
GO_Biological_Process_2023,Negative Regulation Of Calcium Ion Import (GO:0090281),1/5,0.3484349857388927,0.9474989025825036,0,0,2.796160877513711,2.948002537323793,SLC30A1
GO_Biological_Process_2023,Negative Regulation Of Cardiac Muscle Cell Apoptotic Process (GO:0010667),1/5,0.3484349857388927,0.9474989025825036,0,0,2.796160877513711,2.948002537323793,MDK
GO_Biological_Process_2023,Negative Regulation Of Cardiac Muscle Cell Differentiation (GO:2000726),1/5,0.3484349857388927,0.9474989025825036,0,0,2.796160877513711,2.948002537323793,SMAD4
GO_Biological_Process_2023,Negative Regulation Of Cell Size (GO:0045792),1/5,0.3484349857388927,0.9474989025825036,0,0,2.796160877513711,2.948002537323793,DEPTOR
GO_Biological_Process_2023,Negative Regulation Of Cellular Extravasation (GO:0002692),1/5,0.3484349857388927,0.9474989025825036,0,0,2.796160877513711,2.948002537323793,ENC1
GO_Biological_Process_2023,Negative Regulation Of Histone Acetylation (GO:0035067),1/5,0.3484349857388927,0.9474989025825036,0,0,2.796160877513711,2.948002537323793,TWIST1
GO_Biological_Process_2023,Negative Regulation Of Insulin-Like Growth Factor Receptor Signaling Pathway (GO:0043569),1/5,0.3484349857388927,0.9474989025825036,0,0,2.796160877513711,2.948002537323793,CILP
GO_Biological_Process_2023,Negative Regulation Of Lipoprotein Lipase Activity (GO:0051005),1/5,0.3484349857388927,0.9474989025825036,0,0,2.796160877513711,2.948002537323793,ANGPTL4
GO_Biological_Process_2023,Negative Regulation Of Mast Cell Activation (GO:0033004),1/5,0.3484349857388927,0.9474989025825036,0,0,2.796160877513711,2.948002537323793,ENPP3
GO_Biological_Process_2023,Negative Regulation Of Monocyte Chemotaxis (GO:0090027),1/5,0.3484349857388927,0.9474989025825036,0,0,2.796160877513711,2.948002537323793,GREM1
GO_Biological_Process_2023,Negative Regulation Of Morphogenesis Of An Epithelium (GO:1905331),1/5,0.3484349857388927,0.9474989025825036,0,0,2.796160877513711,2.948002537323793,SULF1
GO_Biological_Process_2023,Negative Regulation Of Myeloid Cell Apoptotic Process (GO:0033033),1/5,0.3484349857388927,0.9474989025825036,0,0,2.796160877513711,2.948002537323793,IRF7
GO_Biological_Process_2023,Negative Regulation Of Nervous System Process (GO:0031645),1/5,0.3484349857388927,0.9474989025825036,0,0,2.796160877513711,2.948002537323793,TNFRSF21
GO_Biological_Process_2023,Negative Regulation Of Neuron Migration (GO:2001223),1/5,0.3484349857388927,0.9474989025825036,0,0,2.796160877513711,2.948002537323793,COL3A1
GO_Biological_Process_2023,Negative Regulation Of Relaxation Of Muscle (GO:1901078),1/5,0.3484349857388927,0.9474989025825036,0,0,2.796160877513711,2.948002537323793,PDE4D
GO_Biological_Process_2023,Negative Regulation Of Vitamin Metabolic Process (GO:0046137),1/5,0.3484349857388927,0.9474989025825036,0,0,2.796160877513711,2.948002537323793,PRMT3
GO_Biological_Process_2023,Neuroblast Proliferation (GO:0007405),1/5,0.3484349857388927,0.9474989025825036,0,0,2.796160877513711,2.948002537323793,RACGAP1
GO_Biological_Process_2023,Notochord Development (GO:0030903),1/5,0.3484349857388927,0.9474989025825036,0,0,2.796160877513711,2.948002537323793,STIL
GO_Biological_Process_2023,Nucleoside Transport (GO:0015858),1/5,0.3484349857388927,0.9474989025825036,0,0,2.796160877513711,2.948002537323793,SLC28A3
GO_Biological_Process_2023,Nucleoside Triphosphate Biosynthetic Process (GO:0009142),1/5,0.3484349857388927,0.9474989025825036,0,0,2.796160877513711,2.948002537323793,AK4
GO_Biological_Process_2023,Ornithine Transport (GO:0015822),1/5,0.3484349857388927,0.9474989025825036,0,0,2.796160877513711,2.948002537323793,SLC7A1
GO_Biological_Process_2023,Phosphatidylinositol Acyl-Chain Remodeling (GO:0036149),1/5,0.3484349857388927,0.9474989025825036,0,0,2.796160877513711,2.948002537323793,LPGAT1
GO_Biological_Process_2023,Plasma Membrane Raft Organization (GO:0044857),1/5,0.3484349857388927,0.9474989025825036,0,0,2.796160877513711,2.948002537323793,FA2H
GO_Biological_Process_2023,Polyamine Transport (GO:0015846),1/5,0.3484349857388927,0.9474989025825036,0,0,2.796160877513711,2.948002537323793,SLC22A3
GO_Biological_Process_2023,Positive Regulation Of T-helper 2 Cell Differentiation (GO:0045630),1/5,0.3484349857388927,0.9474989025825036,0,0,2.796160877513711,2.948002537323793,TNFSF4
GO_Biological_Process_2023,"Positive Regulation Of Wnt Signaling Pathway, Planar Cell Polarity Pathway (GO:2000096)",1/5,0.3484349857388927,0.9474989025825036,0,0,2.796160877513711,2.948002537323793,MLLT3
GO_Biological_Process_2023,Positive Regulation Of Antigen Processing And Presentation (GO:0002579),1/5,0.3484349857388927,0.9474989025825036,0,0,2.796160877513711,2.948002537323793,CCR7
GO_Biological_Process_2023,Positive Regulation Of Cell-Cell Adhesion Mediated By Integrin (GO:0033634),1/5,0.3484349857388927,0.9474989025825036,0,0,2.796160877513711,2.948002537323793,CXCL13
GO_Biological_Process_2023,Positive Regulation Of Cholesterol Biosynthetic Process (GO:0045542),1/5,0.3484349857388927,0.9474989025825036,0,0,2.796160877513711,2.948002537323793,PRKAA1
GO_Biological_Process_2023,Positive Regulation Of Dendritic Cell Antigen Processing And Presentation (GO:0002606),1/5,0.3484349857388927,0.9474989025825036,0,0,2.796160877513711,2.948002537323793,CCR7
GO_Biological_Process_2023,Positive Regulation Of Extrinsic Apoptotic Signaling Pathway Via Death Domain Receptors (GO:1902043),1/5,0.3484349857388927,0.9474989025825036,0,0,2.796160877513711,2.948002537323793,PMAIP1
GO_Biological_Process_2023,Positive Regulation Of Fever Generation (GO:0031622),1/5,0.3484349857388927,0.9474989025825036,0,0,2.796160877513711,2.948002537323793,TNFSF11
GO_Biological_Process_2023,Positive Regulation Of Focal Adhesion Disassembly (GO:0120183),1/5,0.3484349857388927,0.9474989025825036,0,0,2.796160877513711,2.948002537323793,MAP4K4
GO_Biological_Process_2023,Positive Regulation Of Granulocyte Differentiation (GO:0030854),1/5,0.3484349857388927,0.9474989025825036,0,0,2.796160877513711,2.948002537323793,TESC
GO_Biological_Process_2023,Positive Regulation Of Hemoglobin Biosynthetic Process (GO:0046985),1/5,0.3484349857388927,0.9474989025825036,0,0,2.796160877513711,2.948002537323793,SLC25A37
GO_Biological_Process_2023,Positive Regulation Of Killing Of Cells Of Another Organism (GO:0051712),1/5,0.3484349857388927,0.9474989025825036,0,0,2.796160877513711,2.948002537323793,SYK
GO_Biological_Process_2023,Positive Regulation Of Monoatomic Ion Transmembrane Transport (GO:0034767),1/5,0.3484349857388927,0.9474989025825036,0,0,2.796160877513711,2.948002537323793,STK39
GO_Biological_Process_2023,Positive Regulation Of Necroptotic Process (GO:0060545),1/5,0.3484349857388927,0.9474989025825036,0,0,2.796160877513711,2.948002537323793,CASP6
GO_Biological_Process_2023,Positive Regulation Of Programmed Necrotic Cell Death (GO:0062100),1/5,0.3484349857388927,0.9474989025825036,0,0,2.796160877513711,2.948002537323793,CASP6
GO_Biological_Process_2023,Positive Regulation Of Sterol Biosynthetic Process (GO:0106120),1/5,0.3484349857388927,0.9474989025825036,0,0,2.796160877513711,2.948002537323793,PRKAA1
GO_Biological_Process_2023,Positive Regulation Of Toll-Like Receptor 2 Signaling Pathway (GO:0034137),1/5,0.3484349857388927,0.9474989025825036,0,0,2.796160877513711,2.948002537323793,F2RL1
GO_Biological_Process_2023,Protein C-linked Glycosylation Via 2'-alpha-mannosyl-L-tryptophan (GO:0018406),1/5,0.3484349857388927,0.9474989025825036,0,0,2.796160877513711,2.948002537323793,DPY19L1
GO_Biological_Process_2023,Protein C-linked Glycosylation Via Tryptophan (GO:0018317),1/5,0.3484349857388927,0.9474989025825036,0,0,2.796160877513711,2.948002537323793,DPY19L1
GO_Biological_Process_2023,Purine Nucleobase Transmembrane Transport (GO:1904823),1/5,0.3484349857388927,0.9474989025825036,0,0,2.796160877513711,2.948002537323793,SLC28A3
GO_Biological_Process_2023,Purine Ribonucleoside Catabolic Process (GO:0046130),1/5,0.3484349857388927,0.9474989025825036,0,0,2.796160877513711,2.948002537323793,SORD
GO_Biological_Process_2023,Pyrimidine Nucleoside Transport (GO:0015864),1/5,0.3484349857388927,0.9474989025825036,0,0,2.796160877513711,2.948002537323793,SLC28A3
GO_Biological_Process_2023,Radial Glial Cell Differentiation (GO:0060019),1/5,0.3484349857388927,0.9474989025825036,0,0,2.796160877513711,2.948002537323793,METTL3
GO_Biological_Process_2023,Regulation Of T Cell Activation Via T Cell Receptor Contact With Antigen Bound To MHC Molecule On Antigen Presenting Cell (GO:2001188),1/5,0.3484349857388927,0.9474989025825036,0,0,2.796160877513711,2.948002537323793,LGALS3
GO_Biological_Process_2023,Regulation Of Apoptotic DNA Fragmentation (GO:1902510),1/5,0.3484349857388927,0.9474989025825036,0,0,2.796160877513711,2.948002537323793,ST20
GO_Biological_Process_2023,Regulation Of Endoplasmic Reticulum Tubular Network Organization (GO:1903371),1/5,0.3484349857388927,0.9474989025825036,0,0,2.796160877513711,2.948002537323793,ATL3
GO_Biological_Process_2023,Regulation Of Endothelial Cell-Matrix Adhesion Via Fibronectin (GO:1904904),1/5,0.3484349857388927,0.9474989025825036,0,0,2.796160877513711,2.948002537323793,MMP12
GO_Biological_Process_2023,Regulation Of Fat Cell Proliferation (GO:0070344),1/5,0.3484349857388927,0.9474989025825036,0,0,2.796160877513711,2.948002537323793,E2F3
GO_Biological_Process_2023,Regulation Of Focal Adhesion Disassembly (GO:0120182),1/5,0.3484349857388927,0.9474989025825036,0,0,2.796160877513711,2.948002537323793,MAP4K4
GO_Biological_Process_2023,Regulation Of Glomerular Filtration (GO:0003093),1/5,0.3484349857388927,0.9474989025825036,0,0,2.796160877513711,2.948002537323793,F2RL1
GO_Biological_Process_2023,Regulation Of Hematopoietic Stem Cell Proliferation (GO:1902033),1/5,0.3484349857388927,0.9474989025825036,0,0,2.796160877513711,2.948002537323793,N4BP2L2
GO_Biological_Process_2023,Regulation Of Hepatocyte Proliferation (GO:2000345),1/5,0.3484349857388927,0.9474989025825036,0,0,2.796160877513711,2.948002537323793,MDK
GO_Biological_Process_2023,Regulation Of Hyaluronan Biosynthetic Process (GO:1900125),1/5,0.3484349857388927,0.9474989025825036,0,0,2.796160877513711,2.948002537323793,EGF
GO_Biological_Process_2023,Regulation Of Immunoglobulin Mediated Immune Response (GO:0002889),1/5,0.3484349857388927,0.9474989025825036,0,0,2.796160877513711,2.948002537323793,TNFSF4
GO_Biological_Process_2023,Regulation Of Keratinocyte Apoptotic Process (GO:1902172),1/5,0.3484349857388927,0.9474989025825036,0,0,2.796160877513711,2.948002537323793,SFRP4
GO_Biological_Process_2023,Regulation Of Lysosome Organization (GO:1905671),1/5,0.3484349857388927,0.9474989025825036,0,0,2.796160877513711,2.948002537323793,LAPTM4B
GO_Biological_Process_2023,Regulation Of Macrophage Apoptotic Process (GO:2000109),1/5,0.3484349857388927,0.9474989025825036,0,0,2.796160877513711,2.948002537323793,IRF7
GO_Biological_Process_2023,Regulation Of Macrophage Proliferation (GO:0120040),1/5,0.3484349857388927,0.9474989025825036,0,0,2.796160877513711,2.948002537323793,PTK2
GO_Biological_Process_2023,Regulation Of Mitotic Spindle Checkpoint (GO:1903504),1/5,0.3484349857388927,0.9474989025825036,0,0,2.796160877513711,2.948002537323793,CCNB1
GO_Biological_Process_2023,Regulation Of Monoatomic Anion Transport (GO:0044070),1/5,0.3484349857388927,0.9474989025825036,0,0,2.796160877513711,2.948002537323793,ATP8B1
GO_Biological_Process_2023,Regulation Of Neutrophil Activation (GO:1902563),1/5,0.3484349857388927,0.9474989025825036,0,0,2.796160877513711,2.948002537323793,SYK
GO_Biological_Process_2023,Regulation Of Neutrophil Extravasation (GO:2000389),1/5,0.3484349857388927,0.9474989025825036,0,0,2.796160877513711,2.948002537323793,MDK
GO_Biological_Process_2023,Regulation Of Post-Transcriptional Gene Silencing By RNA (GO:1900368),1/5,0.3484349857388927,0.9474989025825036,0,0,2.796160877513711,2.948002537323793,XPO5
GO_Biological_Process_2023,Regulation Of Relaxation Of Cardiac Muscle (GO:1901897),1/5,0.3484349857388927,0.9474989025825036,0,0,2.796160877513711,2.948002537323793,PDE4D
GO_Biological_Process_2023,Regulation Of Retinal Ganglion Cell Axon Guidance (GO:0090259),1/5,0.3484349857388927,0.9474989025825036,0,0,2.796160877513711,2.948002537323793,NELL1
GO_Biological_Process_2023,Regulation Of Stress Granule Assembly (GO:0062028),1/5,0.3484349857388927,0.9474989025825036,0,0,2.796160877513711,2.948002537323793,G3BP1
GO_Biological_Process_2023,Regulation Of T-Circle Formation (GO:1904429),1/5,0.3484349857388927,0.9474989025825036,0,0,2.796160877513711,2.948002537323793,XRCC5
GO_Biological_Process_2023,Regulation Of Thymocyte Apoptotic Process (GO:0070243),1/5,0.3484349857388927,0.9474989025825036,0,0,2.796160877513711,2.948002537323793,ZC3H8
GO_Biological_Process_2023,Regulation Of Tooth Mineralization (GO:0070170),1/5,0.3484349857388927,0.9474989025825036,0,0,2.796160877513711,2.948002537323793,TFAP2A
GO_Biological_Process_2023,Regulation Of Type 2 Immune Response (GO:0002828),1/5,0.3484349857388927,0.9474989025825036,0,0,2.796160877513711,2.948002537323793,TNFSF4
GO_Biological_Process_2023,Regulation Of Type B Pancreatic Cell Proliferation (GO:0061469),1/5,0.3484349857388927,0.9474989025825036,0,0,2.796160877513711,2.948002537323793,SGPP2
GO_Biological_Process_2023,Response To DNA Damage Checkpoint Signaling (GO:0072423),1/5,0.3484349857388927,0.9474989025825036,0,0,2.796160877513711,2.948002537323793,EME1
GO_Biological_Process_2023,Response To Bile Acid (GO:1903412),1/5,0.3484349857388927,0.9474989025825036,0,0,2.796160877513711,2.948002537323793,CYP27B1
GO_Biological_Process_2023,Response To Lithium Ion (GO:0010226),1/5,0.3484349857388927,0.9474989025825036,0,0,2.796160877513711,2.948002537323793,CDH1
GO_Biological_Process_2023,Response To Testosterone (GO:0033574),1/5,0.3484349857388927,0.9474989025825036,0,0,2.796160877513711,2.948002537323793,SPP1
GO_Biological_Process_2023,Subtelomeric Heterochromatin Formation (GO:0031509),1/5,0.3484349857388927,0.9474989025825036,0,0,2.796160877513711,2.948002537323793,EZH2
GO_Biological_Process_2023,tRNA Catabolic Process (GO:0016078),1/5,0.3484349857388927,0.9474989025825036,0,0,2.796160877513711,2.948002537323793,SLFN13
GO_Biological_Process_2023,Telencephalon Cell Migration (GO:0022029),1/5,0.3484349857388927,0.9474989025825036,0,0,2.796160877513711,2.948002537323793,PEX13
GO_Biological_Process_2023,Tight Junction Organization (GO:0120193),1/5,0.3484349857388927,0.9474989025825036,0,0,2.796160877513711,2.948002537323793,CLDN12
GO_Biological_Process_2023,Toll-Like Receptor 9 Signaling Pathway (GO:0034162),1/5,0.3484349857388927,0.9474989025825036,0,0,2.796160877513711,2.948002537323793,IRAK1
GO_Biological_Process_2023,Tongue Development (GO:0043586),1/5,0.3484349857388927,0.9474989025825036,0,0,2.796160877513711,2.948002537323793,SIX4
GO_Biological_Process_2023,Trigeminal Nerve Development (GO:0021559),1/5,0.3484349857388927,0.9474989025825036,0,0,2.796160877513711,2.948002537323793,TFAP2A
GO_Biological_Process_2023,Urea Cycle (GO:0000050),1/5,0.3484349857388927,0.9474989025825036,0,0,2.796160877513711,2.948002537323793,CPS1
GO_Biological_Process_2023,Uridine Transport (GO:0015862),1/5,0.3484349857388927,0.9474989025825036,0,0,2.796160877513711,2.948002537323793,SLC28A3
GO_Biological_Process_2023,Vascular Endothelial Growth Factor Receptor-2 Signaling Pathway (GO:0036324),1/5,0.3484349857388927,0.9474989025825036,0,0,2.796160877513711,2.948002537323793,PDCD6
GO_Biological_Process_2023,Positive Regulation Of Inflammatory Response (GO:0050729),10/104,0.3491121915080714,0.9474989025825036,0,0,1.1905506883604506,1.2528902354043392,AIM2;MDK;TNFSF4;CASP4;NAPEPLD;C2CD4A;ADAM8;OSMR;PLA2G7;MAPK13
GO_Biological_Process_2023,Positive Regulation Of Protein Polymerization (GO:0032273),7/70,0.3511630748307716,0.9474989025825036,0,0,1.2432891607203531,1.3011077795142911,PAK1;BAIAP2L1;NUMA1;CTTN;CCR7;PFN2;CDK5R1
GO_Biological_Process_2023,3'-UTR-mediated mRNA Destabilization (GO:0061158),2/15,0.3522032904110956,0.9474989025825036,0,0,1.7209193245778611,1.795859751849212,ZC3H12D;DHX36
GO_Biological_Process_2023,B Cell Mediated Immunity (GO:0019724),2/15,0.3522032904110956,0.9474989025825036,0,0,1.7209193245778611,1.795859751849212,CD19;CD27
GO_Biological_Process_2023,DNA Alkylation (GO:0006305),2/15,0.3522032904110956,0.9474989025825036,0,0,1.7209193245778611,1.795859751849212,HELLS;DNMT3A
GO_Biological_Process_2023,Golgi To Endosome Transport (GO:0006895),2/15,0.3522032904110956,0.9474989025825036,0,0,1.7209193245778611,1.795859751849212,KIF16B;VPS13C
GO_Biological_Process_2023,T Cell Homeostasis (GO:0043029),2/15,0.3522032904110956,0.9474989025825036,0,0,1.7209193245778611,1.795859751849212,ZC3H8;PMAIP1
GO_Biological_Process_2023,Dolichol-Linked Oligosaccharide Biosynthetic Process (GO:0006488),2/15,0.3522032904110956,0.9474989025825036,0,0,1.7209193245778611,1.795859751849212,PDCD6;SRD5A3
GO_Biological_Process_2023,Epiboly Involved In Wound Healing (GO:0090505),2/15,0.3522032904110956,0.9474989025825036,0,0,1.7209193245778611,1.795859751849212,CCNA2;CEACAM1
GO_Biological_Process_2023,Folic Acid-Containing Compound Metabolic Process (GO:0006760),2/15,0.3522032904110956,0.9474989025825036,0,0,1.7209193245778611,1.795859751849212,SHMT2;MTHFD2
GO_Biological_Process_2023,Gas Transport (GO:0015669),2/15,0.3522032904110956,0.9474989025825036,0,0,1.7209193245778611,1.795859751849212,MB;GTPBP4
GO_Biological_Process_2023,Histone H4-K5 Acetylation (GO:0043981),2/15,0.3522032904110956,0.9474989025825036,0,0,1.7209193245778611,1.795859751849212,KANSL1;OGT
GO_Biological_Process_2023,Histone H4-K8 Acetylation (GO:0043982),2/15,0.3522032904110956,0.9474989025825036,0,0,1.7209193245778611,1.795859751849212,KANSL1;OGT
GO_Biological_Process_2023,Midbody Abscission (GO:0061952),2/15,0.3522032904110956,0.9474989025825036,0,0,1.7209193245778611,1.795859751849212,CHMP4C;KIF20A
GO_Biological_Process_2023,Negative Regulation Of Epithelial Cell Differentiation (GO:0030857),2/15,0.3522032904110956,0.9474989025825036,0,0,1.7209193245778611,1.795859751849212,SORD;MMP9
GO_Biological_Process_2023,Negative Regulation Of Gluconeogenesis (GO:0045721),2/15,0.3522032904110956,0.9474989025825036,0,0,1.7209193245778611,1.795859751849212,KAT2A;MST1
GO_Biological_Process_2023,Negative Regulation Of Immune Effector Process (GO:0002698),2/15,0.3522032904110956,0.9474989025825036,0,0,1.7209193245778611,1.795859751849212,LGALS3;ENPP3
GO_Biological_Process_2023,Negative Regulation Of mRNA Processing (GO:0050686),2/15,0.3522032904110956,0.9474989025825036,0,0,1.7209193245778611,1.795859751849212,SRSF4;SRSF6
GO_Biological_Process_2023,Negative Regulation Of Protein Processing (GO:0010955),2/15,0.3522032904110956,0.9474989025825036,0,0,1.7209193245778611,1.795859751849212,PLAU;MAGEA3
GO_Biological_Process_2023,Negative Regulation Of Type I Interferon-Mediated Signaling Pathway (GO:0060339),2/15,0.3522032904110956,0.9474989025825036,0,0,1.7209193245778611,1.795859751849212,CNOT7;METTL3
GO_Biological_Process_2023,Nitric Oxide Biosynthetic Process (GO:0006809),2/15,0.3522032904110956,0.9474989025825036,0,0,1.7209193245778611,1.795859751849212,NQO1;ARG2
GO_Biological_Process_2023,"Positive Regulation Of DNA Damage Response, Signal Transduction By P53 Class Mediator (GO:0043517)",2/15,0.3522032904110956,0.9474989025825036,0,0,1.7209193245778611,1.795859751849212,PMAIP1;ATM
GO_Biological_Process_2023,Positive Regulation Of Potassium Ion Transport (GO:0043268),2/15,0.3522032904110956,0.9474989025825036,0,0,1.7209193245778611,1.795859751849212,DLG1;KCNN4
GO_Biological_Process_2023,Positive Regulation Of Transmembrane Transport (GO:0034764),2/15,0.3522032904110956,0.9474989025825036,0,0,1.7209193245778611,1.795859751849212,BRAF;SLC26A6
GO_Biological_Process_2023,"Protein Localization To Chromosome, Telomeric Region (GO:0070198)",2/15,0.3522032904110956,0.9474989025825036,0,0,1.7209193245778611,1.795859751849212,XRCC5;BRCA2
GO_Biological_Process_2023,Receptor Catabolic Process (GO:0032801),2/15,0.3522032904110956,0.9474989025825036,0,0,1.7209193245778611,1.795859751849212,RNF43;KIF16B
GO_Biological_Process_2023,Regulation Of Hormone Secretion (GO:0046883),2/15,0.3522032904110956,0.9474989025825036,0,0,1.7209193245778611,1.795859751849212,LIF;SCG5
GO_Biological_Process_2023,Regulation Of Interleukin-13 Production (GO:0032656),2/15,0.3522032904110956,0.9474989025825036,0,0,1.7209193245778611,1.795859751849212,TNFSF4;TNFRSF21
GO_Biological_Process_2023,Regulation Of Lipoprotein Lipase Activity (GO:0051004),2/15,0.3522032904110956,0.9474989025825036,0,0,1.7209193245778611,1.795859751849212,ANGPTL4;PCSK6
GO_Biological_Process_2023,Renal Filtration (GO:0097205),2/15,0.3522032904110956,0.9474989025825036,0,0,1.7209193245778611,1.795859751849212,SULF1;IGHA1
GO_Biological_Process_2023,Sympathetic Nervous System Development (GO:0048485),2/15,0.3522032904110956,0.9474989025825036,0,0,1.7209193245778611,1.795859751849212,NELL1;SOX4
GO_Biological_Process_2023,Vasodilation (GO:0042311),2/15,0.3522032904110956,0.9474989025825036,0,0,1.7209193245778611,1.795859751849212,CPS1;F2RL1
GO_Biological_Process_2023,Regulation Of Endothelial Cell Proliferation (GO:0001936),9/93,0.354240122512127,0.9474989025825036,0,0,1.198976467500656,1.244274138492869,NELL1;EGF;STAT1;PDCD6;SORD;PRKCA;FUT2;SULF1;TGFBR1
GO_Biological_Process_2023,Cytoplasmic Microtubule Organization (GO:0031122),5/48,0.3589359918050191,0.9474989025825036,0,0,1.3009475643193025,1.3329654478740094,CCDC88A;DLG1;NUMA1;HOOK1;KATNBL1
GO_Biological_Process_2023,Negative Regulation Of ERK1 And ERK2 Cascade (GO:0070373),5/48,0.3589359918050191,0.9474989025825036,0,0,1.3009475643193025,1.3329654478740094,DUSP4;FLCN;SMAD4;DLG1;EPHB2
GO_Biological_Process_2023,Post-Translational Protein Modification (GO:0043687),5/48,0.3589359918050191,0.9474989025825036,0,0,1.3009475643193025,1.3329654478740094,CCNA2;DSCC1;STT3A;PRKCA;AURKB
GO_Biological_Process_2023,Regulation Of Intrinsic Apoptotic Signaling Pathway (GO:2001242),5/48,0.3589359918050191,0.9474989025825036,0,0,1.3009475643193025,1.3329654478740094,SIAH1;PPIF;PMAIP1;NOL3;MMP9
GO_Biological_Process_2023,Calcium-Ion Regulated Exocytosis (GO:0017156),3/26,0.3611439231552346,0.9474989025825036,0,0,1.459134679152187,1.4860976217900723,SCIN;SYT1;SYT13
GO_Biological_Process_2023,Cell-Cell Adhesion Mediated By Cadherin (GO:0044331),3/26,0.3611439231552346,0.9474989025825036,0,0,1.459134679152187,1.4860976217900723,CDH3;CDH1;CDH17
GO_Biological_Process_2023,Dendritic Spine Organization (GO:0097061),3/26,0.3611439231552346,0.9474989025825036,0,0,1.459134679152187,1.4860976217900723,NOL3;EPHB2;EPHB1
GO_Biological_Process_2023,miRNA-mediated Gene Silencing (GO:0035195),3/26,0.3611439231552346,0.9474989025825036,0,0,1.459134679152187,1.4860976217900723,DDX6;CNOT7;XPO5
GO_Biological_Process_2023,Positive Regulation Of Microtubule Polymerization Or Depolymerization (GO:0031112),3/26,0.3611439231552346,0.9474989025825036,0,0,1.459134679152187,1.4860976217900723,PAK1;NUMA1;CDK5R1
GO_Biological_Process_2023,Positive Regulation Of Monooxygenase Activity (GO:0032770),3/26,0.3611439231552346,0.9474989025825036,0,0,1.459134679152187,1.4860976217900723,DHFR;CYP27B1;CDH3
GO_Biological_Process_2023,Positive Regulation Of Nuclear Division (GO:0051785),3/26,0.3611439231552346,0.9474989025825036,0,0,1.459134679152187,1.4860976217900723,EGF;NUSAP1;TGFA
GO_Biological_Process_2023,Positive Regulation Of Phosphatidylinositol 3-Kinase Activity (GO:0043552),3/26,0.3611439231552346,0.9474989025825036,0,0,1.459134679152187,1.4860976217900723,CD19;CCR7;PTK2
GO_Biological_Process_2023,Protein Export From Nucleus (GO:0006611),3/26,0.3611439231552346,0.9474989025825036,0,0,1.459134679152187,1.4860976217900723,XPO1;XPO5;XPO7
GO_Biological_Process_2023,Regulation Of Actin Filament Bundle Assembly (GO:0032231),3/26,0.3611439231552346,0.9474989025825036,0,0,1.459134679152187,1.4860976217900723,VIL1;ALMS1;PFN2
GO_Biological_Process_2023,Regulation Of Epidermal Growth Factor-Activated Receptor Activity (GO:0007176),3/26,0.3611439231552346,0.9474989025825036,0,0,1.459134679152187,1.4860976217900723,EGF;CBLC;TGFA
GO_Biological_Process_2023,Regulation Of Fatty Acid Biosynthetic Process (GO:0042304),3/26,0.3611439231552346,0.9474989025825036,0,0,1.459134679152187,1.4860976217900723,CEACAM1;LPGAT1;TRIB3
GO_Biological_Process_2023,Regulation Of Nucleotide-Excision Repair (GO:2000819),3/26,0.3611439231552346,0.9474989025825036,0,0,1.459134679152187,1.4860976217900723,PBRM1;SMARCC2;ARID2
GO_Biological_Process_2023,Regulation Of Potassium Ion Transmembrane Transporter Activity (GO:1901016),3/26,0.3611439231552346,0.9474989025825036,0,0,1.459134679152187,1.4860976217900723,DLG1;AKAP9;STK39
GO_Biological_Process_2023,Regulation Of Vasoconstriction (GO:0019229),3/26,0.3611439231552346,0.9474989025825036,0,0,1.459134679152187,1.4860976217900723,FGB;FGA;ACE2
GO_Biological_Process_2023,Respiratory Chain Complex IV Assembly (GO:0008535),3/26,0.3611439231552346,0.9474989025825036,0,0,1.459134679152187,1.4860976217900723,COA1;COA6;COX20
GO_Biological_Process_2023,Negative Regulation Of Stress-Activated MAPK Cascade (GO:0032873),4/37,0.3614374533828954,0.9474989025825036,0,0,1.356051356051356,1.3800077282084562,DLG1;MARVELD3;F2RL1;FOXM1
GO_Biological_Process_2023,Negative Regulation Of Transferase Activity (GO:0051348),4/37,0.3614374533828954,0.9474989025825036,0,0,1.356051356051356,1.3800077282084562,EIF4A2;CDC20;BUB1B;MAD2L1
GO_Biological_Process_2023,Regulation Of Ossification (GO:0030278),4/37,0.3614374533828954,0.9474989025825036,0,0,1.356051356051356,1.3800077282084562,CYP27B1;NELL1;MDK;TWIST1
GO_Biological_Process_2023,Ventricular Septum Development (GO:0003281),4/37,0.3614374533828954,0.9474989025825036,0,0,1.356051356051356,1.3800077282084562,SMAD4;MATR3;SOX4;TGFBR1
GO_Biological_Process_2023,Regulation Of Cilium Assembly (GO:1902017),7/71,0.3648932461313726,0.9474989025825036,0,0,1.223795871559633,1.2337703519287802,USP6NL;CCDC88A;MPHOSPH9;RABGAP1;TBC1D30;TBC1D7;TBC1D16
GO_Biological_Process_2023,Regulation Of Hydrolase Activity (GO:0051336),7/71,0.3648932461313726,0.9474989025825036,0,0,1.223795871559633,1.2337703519287802,RABGAP1;FGD6;EFNA5;CDK5RAP3;NGEF;PTK2;PROM2
GO_Biological_Process_2023,"Regulation Of mRNA Splicing, Via Spliceosome (GO:0048024)",9/94,0.366140434319381,0.9474989025825036,0,0,1.184806022837794,1.1904200115479056,RBM39;TRA2A;SRSF3;LARP7;SRSF4;SRSF6;HNRNPA1;RBM5;SRPK1
GO_Biological_Process_2023,Homophilic Cell Adhesion Via Plasma Membrane Adhesion Molecules (GO:0007156),6/60,0.3703359900151879,0.9474989025825036,0,0,1.243140450964412,1.2348668593251744,CEACAM1;CDH1;CEACAM5;DSG2;CDH17;IGSF9
GO_Biological_Process_2023,Negative Regulation Of DNA Metabolic Process (GO:0051053),5/49,0.3756978499045663,0.9474989025825036,0,0,1.2713111567723665,1.2445755458511585,BLM;XRCC5;GMNN;CDC6;GTPBP4
GO_Biological_Process_2023,Positive Regulation Of Nervous System Development (GO:0051962),5/49,0.3756978499045663,0.9474989025825036,0,0,1.2713111567723665,1.2445755458511585,SRPX2;DLG5;IL1RAP;EPHB2;EPHB1
GO_Biological_Process_2023,Cell Junction Assembly (GO:0034329),9/95,0.3780806892663397,0.9474989025825036,0,0,1.1709651233996496,1.1389364666952466,VMP1;FLCN;FARP1;CDH3;CDH1;PKP2;PKP3;CDH17;GRHL2
GO_Biological_Process_2023,Establishment Of Protein Localization To Plasma Membrane (GO:0061951),4/38,0.3806348711861043,0.9474989025825036,0,0,1.3160956690368455,1.2712361621515704,GGA1;GOLGA4;KRT18;GORASP2
GO_Biological_Process_2023,Import Into Cell (GO:0098657),4/38,0.3806348711861043,0.9474989025825036,0,0,1.3160956690368455,1.2712361621515704,SLC7A5;SLC11A2;SLC1A7;SLC7A1
GO_Biological_Process_2023,Maturation Of SSU-rRNA (GO:0030490),4/38,0.3806348711861043,0.9474989025825036,0,0,1.3160956690368455,1.2712361621515704,RPS16;HEATR1;IGF2BP3;DCAF13
GO_Biological_Process_2023,Negative Regulation Of Epithelial Cell Apoptotic Process (GO:1904036),4/38,0.3806348711861043,0.9474989025825036,0,0,1.3160956690368455,1.2712361621515704,FGB;FGA;PRKAA1;MDK
GO_Biological_Process_2023,Regulation Of Telomere Maintenance (GO:0032204),4/38,0.3806348711861043,0.9474989025825036,0,0,1.3160956690368455,1.2712361621515704,XRCC5;DHX36;HNRNPD;GNL3
GO_Biological_Process_2023,Response To Peptide (GO:1901652),4/38,0.3806348711861043,0.9474989025825036,0,0,1.3160956690368455,1.2712361621515704,MMP12;MMP13;STAT1;MMP9
GO_Biological_Process_2023,Response To Transforming Growth Factor Beta (GO:0071559),4/38,0.3806348711861043,0.9474989025825036,0,0,1.3160956690368455,1.2712361621515704,SMAD4;PDCD5;TGFBR1;OVOL2
GO_Biological_Process_2023,B Cell Activation Involved In Immune Response (GO:0002312),2/16,0.3826893155741824,0.9474989025825036,0,0,1.5979094076655052,1.5348428083410974,CD19;CD180
GO_Biological_Process_2023,Activin Receptor Signaling Pathway (GO:0032924),2/16,0.3826893155741824,0.9474989025825036,0,0,1.5979094076655052,1.5348428083410974,SMAD4;TGFBR1
GO_Biological_Process_2023,"Alternative mRNA Splicing, Via Spliceosome (GO:0000380)",2/16,0.3826893155741824,0.9474989025825036,0,0,1.5979094076655052,1.5348428083410974,SRSF1;SRSF6
GO_Biological_Process_2023,Apoptotic Nuclear Changes (GO:0030262),2/16,0.3826893155741824,0.9474989025825036,0,0,1.5979094076655052,1.5348428083410974,TOP2A;CDK5RAP3
GO_Biological_Process_2023,Autonomic Nervous System Development (GO:0048483),2/16,0.3826893155741824,0.9474989025825036,0,0,1.5979094076655052,1.5348428083410974,NELL1;SOX4
GO_Biological_Process_2023,Chondroitin Sulfate Metabolic Process (GO:0030204),2/16,0.3826893155741824,0.9474989025825036,0,0,1.5979094076655052,1.5348428083410974,UGDH;CHPF2
GO_Biological_Process_2023,Glycoprotein Catabolic Process (GO:0006516),2/16,0.3826893155741824,0.9474989025825036,0,0,1.5979094076655052,1.5348428083410974,MMP12;NGLY1
GO_Biological_Process_2023,Intraciliary Anterograde Transport (GO:0035720),2/16,0.3826893155741824,0.9474989025825036,0,0,1.5979094076655052,1.5348428083410974,IFT80;HSPB11
GO_Biological_Process_2023,Negative Regulation Of ATP-dependent Activity (GO:0032780),2/16,0.3826893155741824,0.9474989025825036,0,0,1.5979094076655052,1.5348428083410974,PPIF;LTF
GO_Biological_Process_2023,Negative Regulation Of RNA Biosynthetic Process (GO:1902679),2/16,0.3826893155741824,0.9474989025825036,0,0,1.5979094076655052,1.5348428083410974,HMGA2;APOBEC3B
GO_Biological_Process_2023,Negative Regulation Of Release Of Cytochrome C From Mitochondria (GO:0090201),2/16,0.3826893155741824,0.9474989025825036,0,0,1.5979094076655052,1.5348428083410974,PPIF;NOL3
GO_Biological_Process_2023,Negative Regulation Of Viral-Induced Cytoplasmic Pattern Recognition Receptor Signaling Pathway (GO:0039532),2/16,0.3826893155741824,0.9474989025825036,0,0,1.5979094076655052,1.5348428083410974,TSPAN6;F2RL1
GO_Biological_Process_2023,Pharyngeal System Development (GO:0060037),2/16,0.3826893155741824,0.9474989025825036,0,0,1.5979094076655052,1.5348428083410974,SIX4;TGFBR1
GO_Biological_Process_2023,Positive Regulation Of Smooth Muscle Cell Migration (GO:0014911),2/16,0.3826893155741824,0.9474989025825036,0,0,1.5979094076655052,1.5348428083410974,NELL1;MDK
GO_Biological_Process_2023,"Protein Alpha-1,2-Demannosylation (GO:0036508)",2/16,0.3826893155741824,0.9474989025825036,0,0,1.5979094076655052,1.5348428083410974,TRIM13;UGGT1
GO_Biological_Process_2023,Regulation Of Fibrinolysis (GO:0051917),2/16,0.3826893155741824,0.9474989025825036,0,0,1.5979094076655052,1.5348428083410974,PLAU;F12
GO_Biological_Process_2023,Regulation Of Response To Cytokine Stimulus (GO:0060759),2/16,0.3826893155741824,0.9474989025825036,0,0,1.5979094076655052,1.5348428083410974,IRAK1;CD24
GO_Biological_Process_2023,Regulation Of Secretion (GO:0051046),2/16,0.3826893155741824,0.9474989025825036,0,0,1.5979094076655052,1.5348428083410974,SCIN;EGF
GO_Biological_Process_2023,Regulation Of Stem Cell Proliferation (GO:0072091),2/16,0.3826893155741824,0.9474989025825036,0,0,1.5979094076655052,1.5348428083410974,EPCAM;HMGA2
GO_Biological_Process_2023,Tail-Anchored Membrane Protein Insertion Into ER Membrane (GO:0071816),2/16,0.3826893155741824,0.9474989025825036,0,0,1.5979094076655052,1.5348428083410974,EMC9;GET4
GO_Biological_Process_2023,Positive Regulation Of T Cell Activation (GO:0050870),10/107,0.3828175535901281,0.9474989025825036,0,0,1.1535400242571254,1.107625399221846,PBRM1;SMARCC2;MDK;TNFSF11;RHOH;CCR7;THY1;ARID2;SLC7A1;HSPD1
GO_Biological_Process_2023,Cell Surface Receptor Signaling Pathway Involved In Cell-Cell Signaling (GO:1905114),3/27,0.3841742631100009,0.9474989025825036,0,0,1.398261134838316,1.3376591257739243,CSNK1A1;USP34;CD24
GO_Biological_Process_2023,Chaperone Cofactor-Dependent Protein Refolding (GO:0051085),3/27,0.3841742631100009,0.9474989025825036,0,0,1.398261134838316,1.3376591257739243,SDF2L1;DNAJC7;HSPE1
GO_Biological_Process_2023,Peptidyl-Proline Modification (GO:0018208),3/27,0.3841742631100009,0.9474989025825036,0,0,1.398261134838316,1.3376591257739243,PPIL1;PPIF;NKTR
GO_Biological_Process_2023,Protein Quality Control For Misfolded Or Incompletely Synthesized Proteins (GO:0006515),3/27,0.3841742631100009,0.9474989025825036,0,0,1.398261134838316,1.3376591257739243,NGLY1;YME1L1;UGGT1
GO_Biological_Process_2023,Regulation Of Immunoglobulin Production (GO:0002637),3/27,0.3841742631100009,0.9474989025825036,0,0,1.398261134838316,1.3376591257739243,TNFSF4;MZB1;EPHB2
GO_Biological_Process_2023,Regulation Of Mitochondrial Fission (GO:0090140),3/27,0.3841742631100009,0.9474989025825036,0,0,1.398261134838316,1.3376591257739243,INF2;BNIP3;MYO19
GO_Biological_Process_2023,Ventricular Septum Morphogenesis (GO:0060412),3/27,0.3841742631100009,0.9474989025825036,0,0,1.398261134838316,1.3376591257739243,SMAD4;SOX4;TGFBR1
GO_Biological_Process_2023,Purine Ribonucleotide Metabolic Process (GO:0009150),8/84,0.3850235777108827,0.9474989025825036,0,0,1.1777362623204275,1.1240912067732405,HINT1;NT5E;FIGNL1;AK4;ENPP3;AMPD3;HPRT1;PTHLH
GO_Biological_Process_2023,Positive Regulation Of Organelle Assembly (GO:1902117),6/61,0.3853936407091712,0.9474989025825036,0,0,1.2204712158257391,1.163707128421264,PLK4;CCDC88A;STIL;NUMA1;SPAG5;G3BP1
GO_Biological_Process_2023,Plasma Membrane Bounded Cell Projection Morphogenesis (GO:0120039),5/50,0.3924520721226064,0.9474989025825036,0,0,1.242991922894183,1.1626211322154365,PAK1;TRIO;CTTN;DCLK1;MAP4K4
GO_Biological_Process_2023,Positive Regulation Of Developmental Growth (GO:0048639),5/50,0.3924520721226064,0.9474989025825036,0,0,1.242991922894183,1.1626211322154365,GOLGA4;CPNE5;SYT1;AGR2;MAP3K13
GO_Biological_Process_2023,Positive Regulation Of Fat Cell Differentiation (GO:0045600),5/50,0.3924520721226064,0.9474989025825036,0,0,1.242991922894183,1.1626211322154365,ASXL2;NAPEPLD;SIX1;WDFY2;RREB1
GO_Biological_Process_2023,Positive Regulation Of Transport (GO:0051050),5/50,0.3924520721226064,0.9474989025825036,0,0,1.242991922894183,1.1626211322154365,CDH3;SCIN;NUMA1;SPAG5;SYNGR3
GO_Biological_Process_2023,Regulation Of Osteoblast Differentiation (GO:0045667),8/85,0.3978151080182643,0.9474989025825036,0,0,1.162377402279483,1.0714422170385465,CCNA2;GREM1;SCUBE3;NELL1;TWIST1;RUNX2;PTK2;LTF
GO_Biological_Process_2023,Histone H4 Acetylation (GO:0043967),4/39,0.3997674980767268,0.9474989025825036,0,0,1.27842316413745,1.1721506023693515,MBTD1;KANSL1;MORF4L2;OGT
GO_Biological_Process_2023,Negative Regulation Of Mitochondrion Organization (GO:0010823),4/39,0.3997674980767268,0.9474989025825036,0,0,1.27842316413745,1.1721506023693515,FLCN;BNIP3;PPIF;NOL3
GO_Biological_Process_2023,Negative Regulation Of Transport (GO:0051051),4/39,0.3997674980767268,0.9474989025825036,0,0,1.27842316413745,1.1721506023693515,LGALS3;SFRP4;EGF;HAMP
GO_Biological_Process_2023,Negative Regulation Of Ubiquitin-Dependent Protein Catabolic Process (GO:2000059),4/39,0.3997674980767268,0.9474989025825036,0,0,1.27842316413745,1.1721506023693515,RPL5;RPL17;OGT;UCHL5
GO_Biological_Process_2023,Odontogenesis (GO:0042476),4/39,0.3997674980767268,0.9474989025825036,0,0,1.27842316413745,1.1721506023693515,COL1A1;COL1A2;TUFT1;PITX2
GO_Biological_Process_2023,Positive Regulation Of Intrinsic Apoptotic Signaling Pathway (GO:2001244),4/39,0.3997674980767268,0.9474989025825036,0,0,1.27842316413745,1.1721506023693515,BCL2L11;SIAH1;PMAIP1;RNF183
GO_Biological_Process_2023,Retina Homeostasis (GO:0001895),4/39,0.3997674980767268,0.9474989025825036,0,0,1.27842316413745,1.1721506023693515,CDH3;IGKC;IGHA1;LTF
GO_Biological_Process_2023,Vitamin Transport (GO:0051180),4/39,0.3997674980767268,0.9474989025825036,0,0,1.27842316413745,1.1721506023693515,SLC35F3;TCN1;SLC52A2;SLC2A1
GO_Biological_Process_2023,RNA Methylation (GO:0001510),6/62,0.4004499294723874,0.9474989025825036,0,0,1.198611596227733,1.0969292277231766,METTL1;METTL3;TRMT13;SNRPE;TFB2M;TARBP1
GO_Biological_Process_2023,mRNA Export From Nucleus (GO:0006406),6/62,0.4004499294723874,0.9474989025825036,0,0,1.198611596227733,1.0969292277231766,XPO1;DDX39A;PABPN1;HNRNPA2B1;SRSF3;RAE1
GO_Biological_Process_2023,Negative Regulation Of Kinase Activity (GO:0033673),6/62,0.4004499294723874,0.9474989025825036,0,0,1.198611596227733,1.0969292277231766,CEACAM1;DEPTOR;TRIB3;SFN;THY1;EPHB2
GO_Biological_Process_2023,L-methionine Salvage (GO:0071267),1/6,0.4019417647196099,0.9474989025825036,0,0,2.236806825106642,2.038733251937248,BHMT2
GO_Biological_Process_2023,N-acetylneuraminate Catabolic Process (GO:0019262),1/6,0.4019417647196099,0.9474989025825036,0,0,2.236806825106642,2.038733251937248,NPL
GO_Biological_Process_2023,SMAD Protein Complex Assembly (GO:0007183),1/6,0.4019417647196099,0.9474989025825036,0,0,2.236806825106642,2.038733251937248,SMAD4
GO_Biological_Process_2023,Adenosine To Inosine Editing (GO:0006382),1/6,0.4019417647196099,0.9474989025825036,0,0,2.236806825106642,2.038733251937248,METTL3
GO_Biological_Process_2023,Adherens Junction Maintenance (GO:0034334),1/6,0.4019417647196099,0.9474989025825036,0,0,2.236806825106642,2.038733251937248,KIFC3
GO_Biological_Process_2023,Amino-Acid Betaine Metabolic Process (GO:0006577),1/6,0.4019417647196099,0.9474989025825036,0,0,2.236806825106642,2.038733251937248,BHMT2
GO_Biological_Process_2023,Antigen Processing And Presentation Of Endogenous Peptide Antigen Via MHC Class I (GO:0019885),1/6,0.4019417647196099,0.9474989025825036,0,0,2.236806825106642,2.038733251937248,IDE
GO_Biological_Process_2023,Atrioventricular Valve Formation (GO:0003190),1/6,0.4019417647196099,0.9474989025825036,0,0,2.236806825106642,2.038733251937248,SMAD4
GO_Biological_Process_2023,Axon Extension Involved In Axon Guidance (GO:0048846),1/6,0.4019417647196099,0.9474989025825036,0,0,2.236806825106642,2.038733251937248,NELL1
GO_Biological_Process_2023,Calcitonin Family Receptor Signaling Pathway (GO:0097646),1/6,0.4019417647196099,0.9474989025825036,0,0,2.236806825106642,2.038733251937248,RAMP1
GO_Biological_Process_2023,Catecholamine Uptake (GO:0090493),1/6,0.4019417647196099,0.9474989025825036,0,0,2.236806825106642,2.038733251937248,SLC22A3
GO_Biological_Process_2023,Cellular Response To Hepatocyte Growth Factor Stimulus (GO:0035729),1/6,0.4019417647196099,0.9474989025825036,0,0,2.236806825106642,2.038733251937248,NELL1
GO_Biological_Process_2023,Cellular Response To Interleukin-9 (GO:0071355),1/6,0.4019417647196099,0.9474989025825036,0,0,2.236806825106642,2.038733251937248,STAT1
GO_Biological_Process_2023,Cellular Response To Prostaglandin E Stimulus (GO:0071380),1/6,0.4019417647196099,0.9474989025825036,0,0,2.236806825106642,2.038733251937248,TNFSF4
GO_Biological_Process_2023,Choline Transport (GO:0015871),1/6,0.4019417647196099,0.9474989025825036,0,0,2.236806825106642,2.038733251937248,SLC44A5
GO_Biological_Process_2023,Citrulline Metabolic Process (GO:0000052),1/6,0.4019417647196099,0.9474989025825036,0,0,2.236806825106642,2.038733251937248,CPS1
GO_Biological_Process_2023,Delamination (GO:0060232),1/6,0.4019417647196099,0.9474989025825036,0,0,2.236806825106642,2.038733251937248,METTL3
GO_Biological_Process_2023,Dendrite Arborization (GO:0140059),1/6,0.4019417647196099,0.9474989025825036,0,0,2.236806825106642,2.038733251937248,NELL1
GO_Biological_Process_2023,Detection Of Muscle Stretch (GO:0035995),1/6,0.4019417647196099,0.9474989025825036,0,0,2.236806825106642,2.038733251937248,PTK2
GO_Biological_Process_2023,Detection Of Stimulus Involved In Sensory Perception Of Pain (GO:0062149),1/6,0.4019417647196099,0.9474989025825036,0,0,2.236806825106642,2.038733251937248,EPHB1
GO_Biological_Process_2023,Galactose Metabolic Process (GO:0006012),1/6,0.4019417647196099,0.9474989025825036,0,0,2.236806825106642,2.038733251937248,GALE
GO_Biological_Process_2023,Histidine Catabolic Process (GO:0006548),1/6,0.4019417647196099,0.9474989025825036,0,0,2.236806825106642,2.038733251937248,HAL
GO_Biological_Process_2023,Histidine Metabolic Process (GO:0006547),1/6,0.4019417647196099,0.9474989025825036,0,0,2.236806825106642,2.038733251937248,HAL
GO_Biological_Process_2023,Hyaluronan Biosynthetic Process (GO:0030213),1/6,0.4019417647196099,0.9474989025825036,0,0,2.236806825106642,2.038733251937248,CEMIP
GO_Biological_Process_2023,Interleukin-3-Mediated Signaling Pathway (GO:0038156),1/6,0.4019417647196099,0.9474989025825036,0,0,2.236806825106642,2.038733251937248,SYK
GO_Biological_Process_2023,Interleukin-9-Mediated Signaling Pathway (GO:0038113),1/6,0.4019417647196099,0.9474989025825036,0,0,2.236806825106642,2.038733251937248,STAT1
GO_Biological_Process_2023,Intracellular Triglyceride Homeostasis (GO:0035356),1/6,0.4019417647196099,0.9474989025825036,0,0,2.236806825106642,2.038733251937248,DGAT2
GO_Biological_Process_2023,Keratinocyte Proliferation (GO:0043616),1/6,0.4019417647196099,0.9474989025825036,0,0,2.236806825106642,2.038733251937248,FERMT1
GO_Biological_Process_2023,Leukotriene Transport (GO:0071716),1/6,0.4019417647196099,0.9474989025825036,0,0,2.236806825106642,2.038733251937248,ABCC3
GO_Biological_Process_2023,Long-Chain Fatty Acid Catabolic Process (GO:0042758),1/6,0.4019417647196099,0.9474989025825036,0,0,2.236806825106642,2.038733251937248,AIG1
GO_Biological_Process_2023,Lymphocyte Migration Into Lymphoid Organs (GO:0097021),1/6,0.4019417647196099,0.9474989025825036,0,0,2.236806825106642,2.038733251937248,WNK1
GO_Biological_Process_2023,Lymphoid Progenitor Cell Differentiation (GO:0002320),1/6,0.4019417647196099,0.9474989025825036,0,0,2.236806825106642,2.038733251937248,SOX4
GO_Biological_Process_2023,Macrophage Derived Foam Cell Differentiation (GO:0010742),1/6,0.4019417647196099,0.9474989025825036,0,0,2.236806825106642,2.038733251937248,STAT1
GO_Biological_Process_2023,Maintenance Of Lens Transparency (GO:0036438),1/6,0.4019417647196099,0.9474989025825036,0,0,2.236806825106642,2.038733251937248,STK39
GO_Biological_Process_2023,Membrane Biogenesis (GO:0044091),1/6,0.4019417647196099,0.9474989025825036,0,0,2.236806825106642,2.038733251937248,TLCD1
GO_Biological_Process_2023,Negative Regulation Of Centriole Replication (GO:0046600),1/6,0.4019417647196099,0.9474989025825036,0,0,2.236806825106642,2.038733251937248,KAT2A
GO_Biological_Process_2023,Negative Regulation Of Dendritic Cell Apoptotic Process (GO:2000669),1/6,0.4019417647196099,0.9474989025825036,0,0,2.236806825106642,2.038733251937248,CCR7
GO_Biological_Process_2023,Negative Regulation Of Dendritic Spine Development (GO:0061000),1/6,0.4019417647196099,0.9474989025825036,0,0,2.236806825106642,2.038733251937248,NGEF
GO_Biological_Process_2023,Negative Regulation Of Digestive System Process (GO:0060457),1/6,0.4019417647196099,0.9474989025825036,0,0,2.236806825106642,2.038733251937248,HAMP
GO_Biological_Process_2023,Negative Regulation Of Double-Strand Break Repair Via Nonhomologous End Joining (GO:2001033),1/6,0.4019417647196099,0.9474989025825036,0,0,2.236806825106642,2.038733251937248,HMGA2
GO_Biological_Process_2023,Negative Regulation Of Hematopoietic Progenitor Cell Differentiation (GO:1901533),1/6,0.4019417647196099,0.9474989025825036,0,0,2.236806825106642,2.038733251937248,N4BP2L2
GO_Biological_Process_2023,Negative Regulation Of Neuron Projection Regeneration (GO:0070571),1/6,0.4019417647196099,0.9474989025825036,0,0,2.236806825106642,2.038733251937248,THY1
GO_Biological_Process_2023,Negative Regulation Of p38MAPK Cascade (GO:1903753),1/6,0.4019417647196099,0.9474989025825036,0,0,2.236806825106642,2.038733251937248,DLG1
GO_Biological_Process_2023,Negative Regulation Of Plasminogen Activation (GO:0010757),1/6,0.4019417647196099,0.9474989025825036,0,0,2.236806825106642,2.038733251937248,PLAU
GO_Biological_Process_2023,Negative Regulation Of Response To Reactive Oxygen Species (GO:1901032),1/6,0.4019417647196099,0.9474989025825036,0,0,2.236806825106642,2.038733251937248,PYCR1
GO_Biological_Process_2023,Negative Regulation Of Ruffle Assembly (GO:1900028),1/6,0.4019417647196099,0.9474989025825036,0,0,2.236806825106642,2.038733251937248,PFN2
GO_Biological_Process_2023,Negative Regulation Of Steroid Metabolic Process (GO:0045939),1/6,0.4019417647196099,0.9474989025825036,0,0,2.236806825106642,2.038733251937248,NR0B1
GO_Biological_Process_2023,Neuron Projection Extension Involved In Neuron Projection Guidance (GO:1902284),1/6,0.4019417647196099,0.9474989025825036,0,0,2.236806825106642,2.038733251937248,NELL1
GO_Biological_Process_2023,"Neurotransmitter Receptor Transport, Endosome To Postsynaptic Membrane (GO:0098887)",1/6,0.4019417647196099,0.9474989025825036,0,0,2.236806825106642,2.038733251937248,SCRIB
GO_Biological_Process_2023,Noradrenergic Neuron Differentiation (GO:0003357),1/6,0.4019417647196099,0.9474989025825036,0,0,2.236806825106642,2.038733251937248,SOX4
GO_Biological_Process_2023,Norepinephrine Transport (GO:0015874),1/6,0.4019417647196099,0.9474989025825036,0,0,2.236806825106642,2.038733251937248,SLC22A3
GO_Biological_Process_2023,Nose Development (GO:0043584),1/6,0.4019417647196099,0.9474989025825036,0,0,2.236806825106642,2.038733251937248,SIX4
GO_Biological_Process_2023,Nuclear Polyadenylation-Dependent ncRNA Catabolic Process (GO:0071046),1/6,0.4019417647196099,0.9474989025825036,0,0,2.236806825106642,2.038733251937248,ZCCHC7
GO_Biological_Process_2023,Nuclear Polyadenylation-Dependent rRNA Catabolic Process (GO:0071035),1/6,0.4019417647196099,0.9474989025825036,0,0,2.236806825106642,2.038733251937248,ZCCHC7
GO_Biological_Process_2023,Nuclear Polyadenylation-Dependent tRNA Catabolic Process (GO:0071038),1/6,0.4019417647196099,0.9474989025825036,0,0,2.236806825106642,2.038733251937248,ZCCHC7
GO_Biological_Process_2023,Peptide Transport (GO:0015833),1/6,0.4019417647196099,0.9474989025825036,0,0,2.236806825106642,2.038733251937248,CDH17
GO_Biological_Process_2023,Positive Regulation Of IRE1-mediated Unfolded Protein Response (GO:1903896),1/6,0.4019417647196099,0.9474989025825036,0,0,2.236806825106642,2.038733251937248,BCL2L11
GO_Biological_Process_2023,Positive Regulation Of Cell Killing (GO:0031343),1/6,0.4019417647196099,0.9474989025825036,0,0,2.236806825106642,2.038733251937248,SYK
GO_Biological_Process_2023,Positive Regulation Of Deacetylase Activity (GO:0090045),1/6,0.4019417647196099,0.9474989025825036,0,0,2.236806825106642,2.038733251937248,FNTA
GO_Biological_Process_2023,Positive Regulation Of Gastrulation (GO:2000543),1/6,0.4019417647196099,0.9474989025825036,0,0,2.236806825106642,2.038733251937248,TENM4
GO_Biological_Process_2023,Positive Regulation Of Helicase Activity (GO:0051096),1/6,0.4019417647196099,0.9474989025825036,0,0,2.236806825106642,2.038733251937248,SSBP1
GO_Biological_Process_2023,Positive Regulation Of Humoral Immune Response (GO:0002922),1/6,0.4019417647196099,0.9474989025825036,0,0,2.236806825106642,2.038733251937248,CCR7
GO_Biological_Process_2023,Positive Regulation Of Immune Response To Tumor Cell (GO:0002839),1/6,0.4019417647196099,0.9474989025825036,0,0,2.236806825106642,2.038733251937248,HSPD1
GO_Biological_Process_2023,Positive Regulation Of Interleukin-5 Production (GO:0032754),1/6,0.4019417647196099,0.9474989025825036,0,0,2.236806825106642,2.038733251937248,PDE4D
GO_Biological_Process_2023,Positive Regulation Of Membrane Depolarization (GO:1904181),1/6,0.4019417647196099,0.9474989025825036,0,0,2.236806825106642,2.038733251937248,MLLT11
GO_Biological_Process_2023,Positive Regulation Of Protein Localization To Centrosome (GO:1904781),1/6,0.4019417647196099,0.9474989025825036,0,0,2.236806825106642,2.038733251937248,BICD1
GO_Biological_Process_2023,Positive Regulation Of Toll-Like Receptor 3 Signaling Pathway (GO:0034141),1/6,0.4019417647196099,0.9474989025825036,0,0,2.236806825106642,2.038733251937248,F2RL1
GO_Biological_Process_2023,Positive Regulation Of Trophoblast Cell Migration (GO:1901165),1/6,0.4019417647196099,0.9474989025825036,0,0,2.236806825106642,2.038733251937248,APELA
GO_Biological_Process_2023,Proteoglycan Catabolic Process (GO:0030167),1/6,0.4019417647196099,0.9474989025825036,0,0,2.236806825106642,2.038733251937248,HPSE
GO_Biological_Process_2023,Receptor-Mediated Virion Attachment To Host Cell (GO:0046813),1/6,0.4019417647196099,0.9474989025825036,0,0,2.236806825106642,2.038733251937248,LRRC15
GO_Biological_Process_2023,Regulation Of T Cell Tolerance Induction (GO:0002664),1/6,0.4019417647196099,0.9474989025825036,0,0,2.236806825106642,2.038733251937248,IL2RA
GO_Biological_Process_2023,Regulation Of T-helper 1 Cell Differentiation (GO:0045625),1/6,0.4019417647196099,0.9474989025825036,0,0,2.236806825106642,2.038733251937248,TNFSF4
GO_Biological_Process_2023,Regulation Of Adiponectin Secretion (GO:0070163),1/6,0.4019417647196099,0.9474989025825036,0,0,2.236806825106642,2.038733251937248,RAB11FIP3
GO_Biological_Process_2023,Regulation Of Glial Cell Apoptotic Process (GO:0034350),1/6,0.4019417647196099,0.9474989025825036,0,0,2.236806825106642,2.038733251937248,PRKCA
GO_Biological_Process_2023,Regulation Of Glial Cell Differentiation (GO:0045685),1/6,0.4019417647196099,0.9474989025825036,0,0,2.236806825106642,2.038733251937248,TNFRSF21
GO_Biological_Process_2023,Regulation Of Hemoglobin Biosynthetic Process (GO:0046984),1/6,0.4019417647196099,0.9474989025825036,0,0,2.236806825106642,2.038733251937248,SLC25A37
GO_Biological_Process_2023,Regulation Of Metallopeptidase Activity (GO:1905048),1/6,0.4019417647196099,0.9474989025825036,0,0,2.236806825106642,2.038733251937248,CLDN4
GO_Biological_Process_2023,Regulation Of Osteoclast Development (GO:2001204),1/6,0.4019417647196099,0.9474989025825036,0,0,2.236806825106642,2.038733251937248,LTF
GO_Biological_Process_2023,Regulation Of Potassium Ion Export Across Plasma Membrane (GO:1903764),1/6,0.4019417647196099,0.9474989025825036,0,0,2.236806825106642,2.038733251937248,DLG1
GO_Biological_Process_2023,Regulation Of Skeletal Muscle Satellite Cell Proliferation (GO:0014842),1/6,0.4019417647196099,0.9474989025825036,0,0,2.236806825106642,2.038733251937248,EPHB1
GO_Biological_Process_2023,Regulation Of Striated Muscle Cell Differentiation (GO:0051153),1/6,0.4019417647196099,0.9474989025825036,0,0,2.236806825106642,2.038733251937248,MESP1
GO_Biological_Process_2023,Regulation Of Striated Muscle Tissue Development (GO:0016202),1/6,0.4019417647196099,0.9474989025825036,0,0,2.236806825106642,2.038733251937248,CENPF
GO_Biological_Process_2023,Regulation Of Systemic Arterial Blood Pressure By Renin-Angiotensin (GO:0003081),1/6,0.4019417647196099,0.9474989025825036,0,0,2.236806825106642,2.038733251937248,ACE2
GO_Biological_Process_2023,Regulation Of Transforming Growth Factor Beta1 Production (GO:0032908),1/6,0.4019417647196099,0.9474989025825036,0,0,2.236806825106642,2.038733251937248,LAPTM4B
GO_Biological_Process_2023,Regulation Of Translational Termination (GO:0006449),1/6,0.4019417647196099,0.9474989025825036,0,0,2.236806825106642,2.038733251937248,GSPT1
GO_Biological_Process_2023,Regulation Of Vascular Associated Smooth Muscle Cell Apoptotic Process (GO:1905459),1/6,0.4019417647196099,0.9474989025825036,0,0,2.236806825106642,2.038733251937248,E2F3
GO_Biological_Process_2023,Release Of Sequestered Calcium Ion Into Cytosol By Sarcoplasmic Reticulum (GO:0014808),1/6,0.4019417647196099,0.9474989025825036,0,0,2.236806825106642,2.038733251937248,NOL3
GO_Biological_Process_2023,Response To Hepatocyte Growth Factor (GO:0035728),1/6,0.4019417647196099,0.9474989025825036,0,0,2.236806825106642,2.038733251937248,NELL1
GO_Biological_Process_2023,Skeletal Muscle Cell Differentiation (GO:0035914),1/6,0.4019417647196099,0.9474989025825036,0,0,2.236806825106642,2.038733251937248,SIX4
GO_Biological_Process_2023,"Substrate-Dependent Cell Migration, Cell Extension (GO:0006930)",1/6,0.4019417647196099,0.9474989025825036,0,0,2.236806825106642,2.038733251937248,NELL1
GO_Biological_Process_2023,Transepithelial Chloride Transport (GO:0030321),1/6,0.4019417647196099,0.9474989025825036,0,0,2.236806825106642,2.038733251937248,SLC26A6
GO_Biological_Process_2023,Very Long-Chain Fatty Acid Catabolic Process (GO:0042760),1/6,0.4019417647196099,0.9474989025825036,0,0,2.236806825106642,2.038733251937248,SLC27A2
GO_Biological_Process_2023,Xenobiotic Glucuronidation (GO:0052697),1/6,0.4019417647196099,0.9474989025825036,0,0,2.236806825106642,2.038733251937248,UGT1A6
GO_Biological_Process_2023,Cell-Matrix Adhesion (GO:0007160),10/109,0.4054318143714747,0.9474989025825036,0,0,1.1301123984947514,1.0202683794986227,FGB;FERMT1;FGA;COL3A1;CTTN;FGL1;PPFIA1;THY1;HPSE;ARHGEF7
GO_Biological_Process_2023,Positive Regulation Of Cysteine-Type Endopeptidase Activity Involved In Apoptotic Process (GO:0043280),10/109,0.4054318143714747,0.9474989025825036,0,0,1.1301123984947514,1.0202683794986227,EGLN3;SYK;TNFSF15;PDCD6;PDCD5;SORD;PMAIP1;ST20;HSPE1;HSPD1
GO_Biological_Process_2023,Gland Development (GO:0048732),7/74,0.406235528450923,0.9474989025825036,0,0,1.1688073394495413,1.0528875617863278,SOX2;MDK;SIX1;LSR;NR0B1;CDK5RAP3;TGFBR1
GO_Biological_Process_2023,Negative Regulation Of Neuron Apoptotic Process (GO:0043524),7/74,0.406235528450923,0.9474989025825036,0,0,1.1688073394495413,1.0528875617863278,TOX3;SIX4;MDK;KIF14;SIX1;VSTM2L;CRLF1
GO_Biological_Process_2023,Golgi To Plasma Membrane Protein Transport (GO:0043001),3/28,0.4070059515522669,0.9474989025825036,0,0,1.3422574740695543,1.2065921161504476,GGA1;GOLGA4;KRT18
GO_Biological_Process_2023,Cell-Substrate Junction Assembly (GO:0007044),3/28,0.4070059515522669,0.9474989025825036,0,0,1.3422574740695543,1.2065921161504476,CTTN;THY1;ARHGEF7
GO_Biological_Process_2023,Determination Of Bilateral Symmetry (GO:0009855),3/28,0.4070059515522669,0.9474989025825036,0,0,1.3422574740695543,1.2065921161504476,STIL;DNAH5;PITX2
GO_Biological_Process_2023,Establishment Of Endothelial Barrier (GO:0061028),3/28,0.4070059515522669,0.9474989025825036,0,0,1.3422574740695543,1.2065921161504476,CLDN3;PDE4D;F2RL1
GO_Biological_Process_2023,Limb Development (GO:0060173),3/28,0.4070059515522669,0.9474989025825036,0,0,1.3422574740695543,1.2065921161504476,COMP;GREM1;KAT2A
GO_Biological_Process_2023,Positive Regulation Of Protein Import Into Nucleus (GO:0042307),3/28,0.4070059515522669,0.9474989025825036,0,0,1.3422574740695543,1.2065921161504476,JUP;CDH1;ECT2
GO_Biological_Process_2023,Primary Neural Tube Formation (GO:0014020),3/28,0.4070059515522669,0.9474989025825036,0,0,1.3422574740695543,1.2065921161504476,STIL;SCRIB;GRHL2
GO_Biological_Process_2023,Pyroptosis (GO:0070269),3/28,0.4070059515522669,0.9474989025825036,0,0,1.3422574740695543,1.2065921161504476,GSDMB;CASP6;CASP4
GO_Biological_Process_2023,Regulation Of Platelet Activation (GO:0010543),3/28,0.4070059515522669,0.9474989025825036,0,0,1.3422574740695543,1.2065921161504476,SYK;PLA2G4A;PRKCA
GO_Biological_Process_2023,RNA Modification (GO:0009451),5/51,0.4091688679963104,0.9474989025825036,0,0,1.215903960054182,1.0865650068844628,METTL1;WDR4;METTL3;PUS7;PUS7L
GO_Biological_Process_2023,Negative Regulation Of MAP Kinase Activity (GO:0043407),5/51,0.4091688679963104,0.9474989025825036,0,0,1.215903960054182,1.0865650068844628,UCHL1;STK38;CBLC;SORL1;CDK5RAP3
GO_Biological_Process_2023,Positive Regulation Of Protein Localization To Cell Periphery (GO:1904377),5/51,0.4091688679963104,0.9474989025825036,0,0,1.215903960054182,1.0865650068844628,LGALS3;DLG1;NUMA1;ARHGEF16;EPHB2
GO_Biological_Process_2023,Positive Regulation Of Protein Localization To Plasma Membrane (GO:1903078),5/51,0.4091688679963104,0.9474989025825036,0,0,1.215903960054182,1.0865650068844628,LGALS3;DLG1;ARHGEF16;AGR2;EPHB2
GO_Biological_Process_2023,Regulation Of Synapse Assembly (GO:0051963),5/51,0.4091688679963104,0.9474989025825036,0,0,1.215903960054182,1.0865650068844628,SRPX2;DLG5;IL1RAP;EPHB2;EPHB1
GO_Biological_Process_2023,Sensory Perception (GO:0007600),5/51,0.4091688679963104,0.9474989025825036,0,0,1.215903960054182,1.0865650068844628,PNOC;GNAS;MYO7A;NIPSNAP1;PTGES
GO_Biological_Process_2023,Negative Regulation Of Binding (GO:0051100),8/86,0.4106108792929542,0.9474989025825036,0,0,1.1474123591626653,1.021322387342391,GNL3L;DDX11;SYMPK;HMGA2;SORL1;GTPBP4;AURKB;AURKA
GO_Biological_Process_2023,DNA Modification (GO:0006304),2/17,0.4125390963114038,0.9474989025825036,0,0,1.49130081300813,1.3204339766007815,MBD4;NEIL3
GO_Biological_Process_2023,G Protein-Coupled Acetylcholine Receptor Signaling Pathway (GO:0007213),2/17,0.4125390963114038,0.9474989025825036,0,0,1.49130081300813,1.3204339766007815,RGS8;CDK5R1
GO_Biological_Process_2023,Golgi To Vacuole Transport (GO:0006896),2/17,0.4125390963114038,0.9474989025825036,0,0,1.49130081300813,1.3204339766007815,CCDC91;AP1G2
GO_Biological_Process_2023,NAD Biosynthetic Process (GO:0009435),2/17,0.4125390963114038,0.9474989025825036,0,0,1.49130081300813,1.3204339766007815,QPRT;NMNAT2
GO_Biological_Process_2023,NLS-bearing Protein Import Into Nucleus (GO:0006607),2/17,0.4125390963114038,0.9474989025825036,0,0,1.49130081300813,1.3204339766007815,RANBP2;KPNA2
GO_Biological_Process_2023,Base Conversion Or Substitution Editing (GO:0016553),2/17,0.4125390963114038,0.9474989025825036,0,0,1.49130081300813,1.3204339766007815,METTL3;APOBEC3B
GO_Biological_Process_2023,Carboxylic Acid Catabolic Process (GO:0046395),2/17,0.4125390963114038,0.9474989025825036,0,0,1.49130081300813,1.3204339766007815,IL4I1;NPL
GO_Biological_Process_2023,Cell Migration Involved In Sprouting Angiogenesis (GO:0002042),2/17,0.4125390963114038,0.9474989025825036,0,0,1.49130081300813,1.3204339766007815,GREM1;NELL1
GO_Biological_Process_2023,Cellular Response To Alkaloid (GO:0071312),2/17,0.4125390963114038,0.9474989025825036,0,0,1.49130081300813,1.3204339766007815,RAD51;CASP6
GO_Biological_Process_2023,Embryonic Axis Specification (GO:0000578),2/17,0.4125390963114038,0.9474989025825036,0,0,1.49130081300813,1.3204339766007815,MESP1;STIL
GO_Biological_Process_2023,"mRNA Cis Splicing, Via Spliceosome (GO:0045292)",2/17,0.4125390963114038,0.9474989025825036,0,0,1.49130081300813,1.3204339766007815,SRSF1;SNRNP200
GO_Biological_Process_2023,Membrane Lipid Metabolic Process (GO:0006643),2/17,0.4125390963114038,0.9474989025825036,0,0,1.49130081300813,1.3204339766007815,FUT2;SMPDL3B
GO_Biological_Process_2023,Myeloid Cell Activation Involved In Immune Response (GO:0002275),2/17,0.4125390963114038,0.9474989025825036,0,0,1.49130081300813,1.3204339766007815,SYK;ENPP3
GO_Biological_Process_2023,ncRNA Metabolic Process (GO:0034660),2/17,0.4125390963114038,0.9474989025825036,0,0,1.49130081300813,1.3204339766007815,ZCCHC7;XPO5
GO_Biological_Process_2023,Negative Regulation Of Cellular Senescence (GO:2000773),2/17,0.4125390963114038,0.9474989025825036,0,0,1.49130081300813,1.3204339766007815,HMGA2;TWIST1
GO_Biological_Process_2023,Neural Tube Development (GO:0021915),2/17,0.4125390963114038,0.9474989025825036,0,0,1.49130081300813,1.3204339766007815,STIL;GRHL2
GO_Biological_Process_2023,Nuclear Envelope Organization (GO:0006998),2/17,0.4125390963114038,0.9474989025825036,0,0,1.49130081300813,1.3204339766007815,NUP155;LMNB1
GO_Biological_Process_2023,Positive Regulation By Host Of Viral Process (GO:0044794),2/17,0.4125390963114038,0.9474989025825036,0,0,1.49130081300813,1.3204339766007815,ZDHHC9;PAIP1
GO_Biological_Process_2023,Positive Regulation Of SMAD Protein Signal Transduction (GO:0060391),2/17,0.4125390963114038,0.9474989025825036,0,0,1.49130081300813,1.3204339766007815,SMAD4;TGFBR1
GO_Biological_Process_2023,Positive Regulation Of Alpha-Beta T Cell Proliferation (GO:0046641),2/17,0.4125390963114038,0.9474989025825036,0,0,1.49130081300813,1.3204339766007815,SYK;TNFSF4
GO_Biological_Process_2023,Positive Regulation Of Dendrite Morphogenesis (GO:0050775),2/17,0.4125390963114038,0.9474989025825036,0,0,1.49130081300813,1.3204339766007815,DHX36;LRP8
GO_Biological_Process_2023,Positive Regulation Of Glial Cell Differentiation (GO:0045687),2/17,0.4125390963114038,0.9474989025825036,0,0,1.49130081300813,1.3204339766007815,TENM4;MDK
GO_Biological_Process_2023,Positive Regulation Of Heart Rate (GO:0010460),2/17,0.4125390963114038,0.9474989025825036,0,0,1.49130081300813,1.3204339766007815,PDE4D;ATP2A2
GO_Biological_Process_2023,Positive Regulation Of Leukocyte Adhesion To Vascular Endothelial Cell (GO:1904996),2/17,0.4125390963114038,0.9474989025825036,0,0,1.49130081300813,1.3204339766007815,IRAK1;MDK
GO_Biological_Process_2023,Positive Regulation Of Peptidyl-Lysine Acetylation (GO:2000758),2/17,0.4125390963114038,0.9474989025825036,0,0,1.49130081300813,1.3204339766007815,PRKAA1;SOX4
GO_Biological_Process_2023,Positive Regulation Of Potassium Ion Transmembrane Transport (GO:1901381),2/17,0.4125390963114038,0.9474989025825036,0,0,1.49130081300813,1.3204339766007815,AKAP9;KCNN4
GO_Biological_Process_2023,Prostaglandin Biosynthetic Process (GO:0001516),2/17,0.4125390963114038,0.9474989025825036,0,0,1.49130081300813,1.3204339766007815,PLA2G4A;PTGES
GO_Biological_Process_2023,rRNA Modification (GO:0000154),2/17,0.4125390963114038,0.9474989025825036,0,0,1.49130081300813,1.3204339766007815,DKC1;TFB2M
GO_Biological_Process_2023,Regulation Of Delayed Rectifier Potassium Channel Activity (GO:1902259),2/17,0.4125390963114038,0.9474989025825036,0,0,1.49130081300813,1.3204339766007815,KCNE4;RNF207
GO_Biological_Process_2023,Regulation Of Glucose Transmembrane Transport (GO:0010827),2/17,0.4125390963114038,0.9474989025825036,0,0,1.49130081300813,1.3204339766007815,BRAF;TRIB3
GO_Biological_Process_2023,Regulation Of Receptor Signaling Pathway Via STAT (GO:1904892),2/17,0.4125390963114038,0.9474989025825036,0,0,1.49130081300813,1.3204339766007815,EGF;MST1
GO_Biological_Process_2023,Regulation Of Telomere Maintenance Via Telomere Lengthening (GO:1904356),2/17,0.4125390963114038,0.9474989025825036,0,0,1.49130081300813,1.3204339766007815,DHX36;HNRNPA2B1
GO_Biological_Process_2023,Regulation Of Vacuole Organization (GO:0044088),2/17,0.4125390963114038,0.9474989025825036,0,0,1.49130081300813,1.3204339766007815,LAPTM4B;EPHB2
GO_Biological_Process_2023,Regulation Of Viral Transcription (GO:0046782),2/17,0.4125390963114038,0.9474989025825036,0,0,1.49130081300813,1.3204339766007815,TRIM13;LARP7
GO_Biological_Process_2023,Triglyceride Biosynthetic Process (GO:0019432),2/17,0.4125390963114038,0.9474989025825036,0,0,1.49130081300813,1.3204339766007815,DGAT2;LPGAT1
GO_Biological_Process_2023,Ventricular Cardiac Muscle Cell Action Potential (GO:0086005),2/17,0.4125390963114038,0.9474989025825036,0,0,1.49130081300813,1.3204339766007815,KCNE4;PKP2
GO_Biological_Process_2023,Positive Regulation Of Myeloid Leukocyte Differentiation (GO:0002763),4/40,0.418793651570689,0.9474989025825036,0,0,1.2428435761769094,1.081742411996142,TESC;LIF;TNFSF11;PRKCA
GO_Biological_Process_2023,Protein Localization To Chromosome (GO:0034502),4/40,0.418793651570689,0.9474989025825036,0,0,1.2428435761769094,1.081742411996142,MCM8;XRCC5;ZMYND8;CENPA
GO_Biological_Process_2023,Regulation Of Microtubule Polymerization (GO:0031113),4/40,0.418793651570689,0.9474989025825036,0,0,1.2428435761769094,1.081742411996142,PAK1;NUMA1;AKAP9;CDK5R1
GO_Biological_Process_2023,Neuron Projection Morphogenesis (GO:0048812),13/146,0.4223211660996731,0.9474989025825036,0,0,1.0935487890998214,0.9426272429190776,FARP1;TRIO;NOL3;S100B;DCLK1;PAK1;CTTN;S100A6;TMEM106B;EPHB2;EPHB1;NEFH;MAP4K4
GO_Biological_Process_2023,Icosanoid Metabolic Process (GO:0006690),5/52,0.4258198559998105,0.9474989025825036,0,0,1.189968676483968,1.0159225434086363,CYP2J2;FAAH2;PLA2G4A;PTGR1;CYP4F11
GO_Biological_Process_2023,Negative Regulation Of Innate Immune Response (GO:0045824),5/52,0.4258198559998105,0.9474989025825036,0,0,1.189968676483968,1.0159225434086363,CNOT7;METTL3;PCBP2;SUSD4;AURKB
GO_Biological_Process_2023,Positive Regulation Of B Cell Activation (GO:0050871),5/52,0.4258198559998105,0.9474989025825036,0,0,1.189968676483968,1.0159225434086363,SYK;TNFSF4;CD38;CD27;EPHB2
GO_Biological_Process_2023,Regulation Of Protein Localization To Nucleus (GO:1900180),5/52,0.4258198559998105,0.9474989025825036,0,0,1.189968676483968,1.0159225434086363,FLCN;LIF;CDK1;CDK5RAP3;BYSL
GO_Biological_Process_2023,T Cell Activation (GO:0042110),10/111,0.428071973359136,0.9474989025825036,0,0,1.1076125994952437,0.9397693451593286,GPR89A;MDK;TNFSF4;SLAMF7;RHOH;F2RL1;SCRIB;CCR7;SOX4;HSPD1
GO_Biological_Process_2023,Alpha-Amino Acid Metabolic Process (GO:1901605),3/29,0.4295761143581983,0.9474989025825036,0,0,1.2905617872060826,1.0904683604647658,CPS1;NOX4;SLC25A13
GO_Biological_Process_2023,Glycolytic Process (GO:0006096),3/29,0.4295761143581983,0.9474989025825036,0,0,1.2905617872060826,1.0904683604647658,HKDC1;ENO1;ENO3
GO_Biological_Process_2023,Lipid Droplet Organization (GO:0034389),3/29,0.4295761143581983,0.9474989025825036,0,0,1.2905617872060826,1.0904683604647658,PRKAA1;RNF213;RAB18
GO_Biological_Process_2023,mRNA Splice Site Recognition (GO:0006376),3/29,0.4295761143581983,0.9474989025825036,0,0,1.2905617872060826,1.0904683604647658,SRSF1;NOL3;SRSF6
GO_Biological_Process_2023,Morphogenesis Of An Epithelium (GO:0002009),3/29,0.4295761143581983,0.9474989025825036,0,0,1.2905617872060826,1.0904683604647658,AHI1;TIMELESS;KRT6A
GO_Biological_Process_2023,Positive Regulation Of Microtubule Polymerization (GO:0031116),3/29,0.4295761143581983,0.9474989025825036,0,0,1.2905617872060826,1.0904683604647658,PAK1;NUMA1;CDK5R1
GO_Biological_Process_2023,Positive Regulation Of Viral Genome Replication (GO:0045070),3/29,0.4295761143581983,0.9474989025825036,0,0,1.2905617872060826,1.0904683604647658,TOP2A;CNOT7;SRPK1
GO_Biological_Process_2023,Response To Interferon-Beta (GO:0035456),3/29,0.4295761143581983,0.9474989025825036,0,0,1.2905617872060826,1.0904683604647658,PNPT1;AIM2;STAT1
GO_Biological_Process_2023,Sarcomere Organization (GO:0045214),3/29,0.4295761143581983,0.9474989025825036,0,0,1.2905617872060826,1.0904683604647658,KRT19;SIX4;TNNT1
GO_Biological_Process_2023,Tube Closure (GO:0060606),3/29,0.4295761143581983,0.9474989025825036,0,0,1.2905617872060826,1.0904683604647658,STIL;SCRIB;GRHL2
GO_Biological_Process_2023,Modulation Of Chemical Synaptic Transmission (GO:0050804),11/123,0.4297233919152129,0.9474989025825036,0,0,1.098723394937374,0.9279966691539024,TRIO;FER1L4;SYT1;AKAP9;NMU;MYOF;NPTX2;MCTP2;NOL3;LRP8;DLGAP4
GO_Biological_Process_2023,Positive Regulation Of Cysteine-Type Endopeptidase Activity (GO:2001056),6/64,0.4304723687501645,0.9474989025825036,0,0,1.1571536969901357,0.9753326143514606,AIM2;SYK;ASPH;PDCD6;PDCD5;PMAIP1
GO_Biological_Process_2023,Positive Regulation Of Type I Interferon Production (GO:0032481),6/64,0.4304723687501645,0.9474989025825036,0,0,1.1571536969901357,0.9753326143514606,IRAK1;STAT1;DHX36;G3BP1;IRF7;HSPD1
GO_Biological_Process_2023,Regulation Of Secretion By Cell (GO:1903530),6/64,0.4304723687501645,0.9474989025825036,0,0,1.1571536969901357,0.9753326143514606,FER1L4;SYT1;MYOF;SCG5;SAA1;MCTP2
GO_Biological_Process_2023,Response To Metal Ion (GO:0010038),6/64,0.4304723687501645,0.9474989025825036,0,0,1.1571536969901357,0.9753326143514606,FGB;FGA;PDCD6;SLC11A2;HAMP;SLC25A13
GO_Biological_Process_2023,Protein Modification Process (GO:0036211),60/711,0.4308163274425417,0.9474989025825036,0,0,1.0315939107587082,0.8686778270639471,ST6GALNAC1;PDCD6;NGLY1;PLOD2;PTPRH;FBXO22;CDC14B;CHEK1;NEK2;MAP3K9;PIM2;EPHB2;EPHB1;PDK1;DSP;SYK;IGFBP3;PRKCA;CSNK1D;PPP2R5C;FBXO11;TGFBR1;CCNA2;MELK;CCNE1;BIRC5;IVL;PRKAA1;STK39;CDCA8;FUT2;AURKB;AURKA;PAK1;IRAK1;STK38;PAK6;MAP4K4;B3GALNT2;PLK4;PTPN18;EGLN3;CSNK1A1;NEK6;BRAF;PTK6;DCLK1;PTK2;SRPK1;COL3A1;GGCX;WNK1;ATG16L1;UBE2S;QPCT;CDK1;STT3A;ATM;MAP3K13;SPRR1B
GO_Biological_Process_2023,Positive Regulation Of Protein Secretion (GO:0050714),7/76,0.4337528025364203,0.9474989025825036,0,0,1.134804768869388,0.9478802794950926,FGB;FGA;TMED10;EXOC7;F2RL1;ADAM8;SOX4
GO_Biological_Process_2023,Negative Regulation Of Intracellular Signal Transduction (GO:1902532),20/231,0.4359497647104401,0.9474989025825036,0,0,1.060477673692884,0.8804385346741102,DUSP4;PRKAA1;STAT1;PDCD6;PDE4D;SORD;TWIST1;RHOH;NOL3;MMP9;CIT;FLCN;DEPTOR;AIM2;CILP;TSPAN6;DLG5;TBC1D7;PPIF;TRIM59
GO_Biological_Process_2023,Negative Regulation Of Neuron Death (GO:1901215),8/88,0.4361618956457666,0.9474989025825036,0,0,1.1186046511627907,0.9281530191451396,TOX3;SIX4;MDK;KIF14;SIX1;VSTM2L;SORL1;CRLF1
GO_Biological_Process_2023,Positive Regulation Of Actin Filament Polymerization (GO:0030838),4/41,0.4376745042481729,0.9474989025825036,0,0,1.2091872091872091,0.9991269482691234,BAIAP2L1;CTTN;CCR7;PFN2
GO_Biological_Process_2023,Positive Regulation Of Ossification (GO:0045778),4/41,0.4376745042481729,0.9474989025825036,0,0,1.2091872091872091,0.9991269482691234,TFAP2A;CCNA2;CYP27B1;NELL1
GO_Biological_Process_2023,Regulation Of Amide Metabolic Process (GO:0034248),4/41,0.4376745042481729,0.9474989025825036,0,0,1.2091872091872091,0.9991269482691234,TMED10;RPL10;MSI2;PKP3
GO_Biological_Process_2023,Enzyme-Linked Receptor Protein Signaling Pathway (GO:0007167),11/124,0.4404669171514648,0.9474989025825036,0,0,1.088940494728789,0.8928440244200714,AHI1;TRIO;SYK;DOK5;IL31RA;LIF;BLNK;PTK6;PTPRF;MPZL1;FRK
GO_Biological_Process_2023,Actin Filament Capping (GO:0051693),2/18,0.4416516133621814,0.9474989025825036,0,0,1.3980182926829268,1.1425079594453522,VIL1;SCIN
GO_Biological_Process_2023,Antigen Processing And Presentation Of Peptide Antigen Via MHC Class I (GO:0002474),2/18,0.4416516133621814,0.9474989025825036,0,0,1.3980182926829268,1.1425079594453522,SAR1B;IDE
GO_Biological_Process_2023,Barbed-End Actin Filament Capping (GO:0051016),2/18,0.4416516133621814,0.9474989025825036,0,0,1.3980182926829268,1.1425079594453522,VIL1;SCIN
GO_Biological_Process_2023,Cell Junction Maintenance (GO:0034331),2/18,0.4416516133621814,0.9474989025825036,0,0,1.3980182926829268,1.1425079594453522,CLDN3;F2RL1
GO_Biological_Process_2023,Detection Of Mechanical Stimulus (GO:0050982),2/18,0.4416516133621814,0.9474989025825036,0,0,1.3980182926829268,1.1425079594453522,JUP;PTK2
GO_Biological_Process_2023,fatty-acyl-CoA Metabolic Process (GO:0035337),2/18,0.4416516133621814,0.9474989025825036,0,0,1.3980182926829268,1.1425079594453522,DGAT2;SLC27A2
GO_Biological_Process_2023,Mitotic Cytokinetic Process (GO:1902410),2/18,0.4416516133621814,0.9474989025825036,0,0,1.3980182926829268,1.1425079594453522,CHMP4C;KIF20A
GO_Biological_Process_2023,Negative Regulation Of ERBB Signaling Pathway (GO:1901185),2/18,0.4416516133621814,0.9474989025825036,0,0,1.3980182926829268,1.1425079594453522,PTPN18;CBLC
GO_Biological_Process_2023,Negative Regulation Of Lipid Catabolic Process (GO:0050995),2/18,0.4416516133621814,0.9474989025825036,0,0,1.3980182926829268,1.1425079594453522,PRKAA1;SORL1
GO_Biological_Process_2023,Positive Regulation Of CREB Transcription Factor Activity (GO:0032793),2/18,0.4416516133621814,0.9474989025825036,0,0,1.3980182926829268,1.1425079594453522,CAMK1D;LRP8
GO_Biological_Process_2023,Positive Regulation Of Macrophage Migration (GO:1905523),2/18,0.4416516133621814,0.9474989025825036,0,0,1.3980182926829268,1.1425079594453522,MDK;PTK2
GO_Biological_Process_2023,Regulation Of Cell-Cell Adhesion Mediated By Cadherin (GO:2000047),2/18,0.4416516133621814,0.9474989025825036,0,0,1.3980182926829268,1.1425079594453522,FOXA1;EPCAM
GO_Biological_Process_2023,Regulation Of Epidermal Cell Differentiation (GO:0045604),2/18,0.4416516133621814,0.9474989025825036,0,0,1.3980182926829268,1.1425079594453522,SFRP4;SFN
GO_Biological_Process_2023,Regulation Of Epithelial Cell Differentiation (GO:0030856),2/18,0.4416516133621814,0.9474989025825036,0,0,1.3980182926829268,1.1425079594453522,CEACAM1;CD24
GO_Biological_Process_2023,Regulation Of Lymphocyte Activation (GO:0051249),2/18,0.4416516133621814,0.9474989025825036,0,0,1.3980182926829268,1.1425079594453522,KAT2A;CD19
GO_Biological_Process_2023,Regulation Of Lymphocyte Proliferation (GO:0050670),2/18,0.4416516133621814,0.9474989025825036,0,0,1.3980182926829268,1.1425079594453522,LGALS3;MZB1
GO_Biological_Process_2023,Regulation Of Nervous System Process (GO:0031644),2/18,0.4416516133621814,0.9474989025825036,0,0,1.3980182926829268,1.1425079594453522,NPTX2;DLGAP4
GO_Biological_Process_2023,Regulation Of Protein Neddylation (GO:2000434),2/18,0.4416516133621814,0.9474989025825036,0,0,1.3980182926829268,1.1425079594453522,RPL5;DCUN1D5
GO_Biological_Process_2023,Vesicle Transport Along Actin Filament (GO:0030050),2/18,0.4416516133621814,0.9474989025825036,0,0,1.3980182926829268,1.1425079594453522,MYO7A;MYO19
GO_Biological_Process_2023,Carboxylic Acid Transport (GO:0046942),5/53,0.4423781205092734,0.9474989025825036,0,0,1.165114029729179,0.9502556851376645,SLC7A5;SLC16A9;SLC1A7;SLC7A1;SLC16A14
GO_Biological_Process_2023,Cellular Response To Alcohol (GO:0097306),5/53,0.4423781205092734,0.9474989025825036,0,0,1.165114029729179,0.9502556851376645,BLM;RAD51;JUP;CDH1;TNFSF4
GO_Biological_Process_2023,Gonad Development (GO:0008406),5/53,0.4423781205092734,0.9474989025825036,0,0,1.165114029729179,0.9502556851376645,TFAP2C;SIX4;BASP1;BIK;NR0B1
GO_Biological_Process_2023,Cell-Cell Adhesion Via Plasma-Membrane Adhesion Molecules (GO:0098742),15/172,0.442920907691826,0.9474989025825036,0,0,1.0688070341647125,0.8703980387113653,TENM4;CLDN2;IGSF9;PTPRF;CLDN6;CLDN10;CLDN4;CEACAM1;CDH3;CDH1;CEACAM5;CLDN7;CLDN12;DSG2;CDH17
GO_Biological_Process_2023,Endomembrane System Organization (GO:0010256),17/196,0.4434646970115114,0.9474989025825036,0,0,1.062459819510099,0.8639254766102978,USP6NL;TMED10;ATL3;NUP155;CSNK1A1;ATP8B1;OSBPL2;CSNK1D;LMNB1;VMP1;LAPTM4B;HOOK1;GORASP2;TLCD1;REEP6;ARHGEF7;GOLGA8A
GO_Biological_Process_2023,Antimicrobial Humoral Immune Response Mediated By Antimicrobial Peptide (GO:0061844),6/65,0.4453975743688592,0.9474989025825036,0,0,1.1374787617587336,0.9199791387944616,CXCL6;BPIFA1;CXCL13;CXCL14;KRT6A;LTF
GO_Biological_Process_2023,Cellular Response To Light Stimulus (GO:0071482),6/65,0.4453975743688592,0.9474989025825036,0,0,1.1374787617587336,0.9199791387944616,NPM1;METTL3;DHX36;AURKB;RHNO1;MAPK13
GO_Biological_Process_2023,Regulation Of Translational Initiation (GO:0006446),6/65,0.4453975743688592,0.9474989025825036,0,0,1.1374787617587336,0.9199791387944616,EIF4A2;NPM1;EIF4EBP1;BZW2;PAIP1;EIF3B
GO_Biological_Process_2023,Monoatomic Cation Homeostasis (GO:0055080),7/77,0.4474495640602023,0.9474989025825036,0,0,1.1185321100917431,0.8995139635462278,CYP27B1;WNK1;SLC11A2;SLC4A11;HAMP;SLC12A8;SLC39A4
GO_Biological_Process_2023,Positive Regulation Of Endothelial Cell Proliferation (GO:0001938),7/77,0.4474495640602023,0.9474989025825036,0,0,1.1185321100917431,0.8995139635462278,NELL1;APELA;MDK;EGF;PDCD6;PRKCA;TGFBR1
GO_Biological_Process_2023,Regulation Of Transcription Elongation By RNA Polymerase II (GO:0034243),7/77,0.4474495640602023,0.9474989025825036,0,0,1.1185321100917431,0.8995139635462278,ZMYND8;INTS10;LARP7;INTS7;CDK13;INTS8;ELL3
GO_Biological_Process_2023,Cellular Response To Chemical Stress (GO:0062197),8/89,0.4488914138043028,0.9474989025825036,0,0,1.1047342732369252,0.8848637176294258,PRDX2;NQO1;PRKAA1;PNPT1;SRXN1;PYCR1;SLC4A11;ATM
GO_Biological_Process_2023,Positive Regulation Of DNA Repair (GO:0045739),8/89,0.4488914138043028,0.9474989025825036,0,0,1.1047342732369252,0.8848637176294258,PBRM1;DEPDC1B;SMARCC2;DDX11;TIMELESS;FOXM1;ARID2;UCHL5
GO_Biological_Process_2023,rRNA Processing (GO:0006364),9/101,0.4499227209050526,0.9474989025825036,0,0,1.0942383982534147,0.873945713646483,RPL5;RPS16;DKC1;MRTO4;NOP2;IGF2BP3;RPS24;DCAF13;RPL7
GO_Biological_Process_2023,7-Methylguanosine Cap Hypermethylation (GO:0036261),1/7,0.451056993187469,0.9474989025825036,0,0,1.8639041235019296,1.4839688458960931,SNRPE
GO_Biological_Process_2023,DNA Ligation (GO:0006266),1/7,0.451056993187469,0.9474989025825036,0,0,1.8639041235019296,1.4839688458960931,TOP2A
GO_Biological_Process_2023,L-alanine Transport (GO:0015808),1/7,0.451056993187469,0.9474989025825036,0,0,1.8639041235019296,1.4839688458960931,SLC36A4
GO_Biological_Process_2023,N-terminal Peptidyl-Methionine Acetylation (GO:0017196),1/7,0.451056993187469,0.9474989025825036,0,0,1.8639041235019296,1.4839688458960931,NAA25
GO_Biological_Process_2023,RNA Capping (GO:0036260),1/7,0.451056993187469,0.9474989025825036,0,0,1.8639041235019296,1.4839688458960931,SNRPE
GO_Biological_Process_2023,UV Protection (GO:0009650),1/7,0.451056993187469,0.9474989025825036,0,0,1.8639041235019296,1.4839688458960931,FEN1
GO_Biological_Process_2023,Amino Sugar Catabolic Process (GO:0046348),1/7,0.451056993187469,0.9474989025825036,0,0,1.8639041235019296,1.4839688458960931,NPL
GO_Biological_Process_2023,Arginine Catabolic Process (GO:0006527),1/7,0.451056993187469,0.9474989025825036,0,0,1.8639041235019296,1.4839688458960931,ARG2
GO_Biological_Process_2023,Aspartate Family Amino Acid Biosynthetic Process (GO:0009067),1/7,0.451056993187469,0.9474989025825036,0,0,1.8639041235019296,1.4839688458960931,PLOD2
GO_Biological_Process_2023,"Blood Coagulation, Intrinsic Pathway (GO:0007597)",1/7,0.451056993187469,0.9474989025825036,0,0,1.8639041235019296,1.4839688458960931,F12
GO_Biological_Process_2023,Catecholamine Transport (GO:0051937),1/7,0.451056993187469,0.9474989025825036,0,0,1.8639041235019296,1.4839688458960931,SLC22A3
GO_Biological_Process_2023,Cell Migration Involved In Heart Development (GO:0060973),1/7,0.451056993187469,0.9474989025825036,0,0,1.8639041235019296,1.4839688458960931,PITX2
GO_Biological_Process_2023,Cellular Modified Amino Acid Biosynthetic Process (GO:0042398),1/7,0.451056993187469,0.9474989025825036,0,0,1.8639041235019296,1.4839688458960931,PLOD2
GO_Biological_Process_2023,Cellular Response To Interleukin-2 (GO:0071352),1/7,0.451056993187469,0.9474989025825036,0,0,1.8639041235019296,1.4839688458960931,IL2RA
GO_Biological_Process_2023,Coronary Vasculature Development (GO:0060976),1/7,0.451056993187469,0.9474989025825036,0,0,1.8639041235019296,1.4839688458960931,MESP1
GO_Biological_Process_2023,Diacylglycerol Biosynthetic Process (GO:0006651),1/7,0.451056993187469,0.9474989025825036,0,0,1.8639041235019296,1.4839688458960931,DGAT2
GO_Biological_Process_2023,Dopamine Uptake (GO:0090494),1/7,0.451056993187469,0.9474989025825036,0,0,1.8639041235019296,1.4839688458960931,SLC22A3
GO_Biological_Process_2023,"Endonucleolytic Cleavage In ITS1 To Separate SSU-rRNA From 5.8S rRNA And LSU-rRNA From Tricistronic rRNA Transcript (SSU-rRNA, 5.8S rRNA, LSU-rRNA) (GO:0000447)",1/7,0.451056993187469,0.9474989025825036,0,0,1.8639041235019296,1.4839688458960931,RPP40
GO_Biological_Process_2023,Establishment Of Protein Localization To Peroxisome (GO:0072663),1/7,0.451056993187469,0.9474989025825036,0,0,1.8639041235019296,1.4839688458960931,ZFAND6
GO_Biological_Process_2023,Estrogen Biosynthetic Process (GO:0006703),1/7,0.451056993187469,0.9474989025825036,0,0,1.8639041235019296,1.4839688458960931,HSD17B1
GO_Biological_Process_2023,Foam Cell Differentiation (GO:0090077),1/7,0.451056993187469,0.9474989025825036,0,0,1.8639041235019296,1.4839688458960931,STAT1
GO_Biological_Process_2023,Fructose Transmembrane Transport (GO:0015755),1/7,0.451056993187469,0.9474989025825036,0,0,1.8639041235019296,1.4839688458960931,SLC2A5
GO_Biological_Process_2023,Glutathione Catabolic Process (GO:0006751),1/7,0.451056993187469,0.9474989025825036,0,0,1.8639041235019296,1.4839688458960931,CHAC2
GO_Biological_Process_2023,Glycine Metabolic Process (GO:0006544),1/7,0.451056993187469,0.9474989025825036,0,0,1.8639041235019296,1.4839688458960931,SHMT2
GO_Biological_Process_2023,Hair Cell Differentiation (GO:0035315),1/7,0.451056993187469,0.9474989025825036,0,0,1.8639041235019296,1.4839688458960931,PITX2
GO_Biological_Process_2023,Histone Lysine Demethylation (GO:0070076),1/7,0.451056993187469,0.9474989025825036,0,0,1.8639041235019296,1.4839688458960931,KDM4C
GO_Biological_Process_2023,Immunological Synapse Formation (GO:0001771),1/7,0.451056993187469,0.9474989025825036,0,0,1.8639041235019296,1.4839688458960931,CCR7
GO_Biological_Process_2023,Inhibition Of Cysteine-Type Endopeptidase Activity (GO:0097340),1/7,0.451056993187469,0.9474989025825036,0,0,1.8639041235019296,1.4839688458960931,NOL3
GO_Biological_Process_2023,Interleukin-2-Mediated Signaling Pathway (GO:0038110),1/7,0.451056993187469,0.9474989025825036,0,0,1.8639041235019296,1.4839688458960931,IL2RA
GO_Biological_Process_2023,Intracellular pH Elevation (GO:0051454),1/7,0.451056993187469,0.9474989025825036,0,0,1.8639041235019296,1.4839688458960931,SLC26A6
GO_Biological_Process_2023,Lymphocyte Apoptotic Process (GO:0070227),1/7,0.451056993187469,0.9474989025825036,0,0,1.8639041235019296,1.4839688458960931,TNFRSF21
GO_Biological_Process_2023,Mitochondrial Outer Membrane Permeabilization (GO:0097345),1/7,0.451056993187469,0.9474989025825036,0,0,1.8639041235019296,1.4839688458960931,BNIP3
GO_Biological_Process_2023,Mitral Valve Development (GO:0003174),1/7,0.451056993187469,0.9474989025825036,0,0,1.8639041235019296,1.4839688458960931,SOX4
GO_Biological_Process_2023,Multi-Ciliated Epithelial Cell Differentiation (GO:1903251),1/7,0.451056993187469,0.9474989025825036,0,0,1.8639041235019296,1.4839688458960931,PLK4
GO_Biological_Process_2023,Myoblast Migration (GO:0051451),1/7,0.451056993187469,0.9474989025825036,0,0,1.8639041235019296,1.4839688458960931,SIX1
GO_Biological_Process_2023,Negative Regulation Of RNA Catabolic Process (GO:1902369),1/7,0.451056993187469,0.9474989025825036,0,0,1.8639041235019296,1.4839688458960931,PKP3
GO_Biological_Process_2023,Negative Regulation Of SMAD Protein Signal Transduction (GO:0060392),1/7,0.451056993187469,0.9474989025825036,0,0,1.8639041235019296,1.4839688458960931,CILP
GO_Biological_Process_2023,Negative Regulation Of Glial Cell Apoptotic Process (GO:0034351),1/7,0.451056993187469,0.9474989025825036,0,0,1.8639041235019296,1.4839688458960931,PRKCA
GO_Biological_Process_2023,Negative Regulation Of Intracellular Transport (GO:0032387),1/7,0.451056993187469,0.9474989025825036,0,0,1.8639041235019296,1.4839688458960931,ARHGAP8
GO_Biological_Process_2023,Negative Regulation Of Mitochondrial Fusion (GO:0010637),1/7,0.451056993187469,0.9474989025825036,0,0,1.8639041235019296,1.4839688458960931,BNIP3
GO_Biological_Process_2023,Negative Regulation Of Mitochondrial Membrane Potential (GO:0010917),1/7,0.451056993187469,0.9474989025825036,0,0,1.8639041235019296,1.4839688458960931,PMAIP1
GO_Biological_Process_2023,Negative Regulation Of Monooxygenase Activity (GO:0032769),1/7,0.451056993187469,0.9474989025825036,0,0,1.8639041235019296,1.4839688458960931,CYP27B1
GO_Biological_Process_2023,Negative Regulation Of Muscle Hypertrophy (GO:0014741),1/7,0.451056993187469,0.9474989025825036,0,0,1.8639041235019296,1.4839688458960931,SMAD4
GO_Biological_Process_2023,Negative Regulation Of Peptidyl-Lysine Acetylation (GO:2000757),1/7,0.451056993187469,0.9474989025825036,0,0,1.8639041235019296,1.4839688458960931,TWIST1
GO_Biological_Process_2023,Negative Regulation Of Phospholipase Activity (GO:0010519),1/7,0.451056993187469,0.9474989025825036,0,0,1.8639041235019296,1.4839688458960931,BICD1
GO_Biological_Process_2023,Negative Regulation Of Striated Muscle Cell Apoptotic Process (GO:0010664),1/7,0.451056993187469,0.9474989025825036,0,0,1.8639041235019296,1.4839688458960931,MDK
GO_Biological_Process_2023,Neuroepithelial Cell Differentiation (GO:0060563),1/7,0.451056993187469,0.9474989025825036,0,0,1.8639041235019296,1.4839688458960931,SOX4
GO_Biological_Process_2023,"Neurotransmitter Receptor Transport, Endosome To Plasma Membrane (GO:0099639)",1/7,0.451056993187469,0.9474989025825036,0,0,1.8639041235019296,1.4839688458960931,SCRIB
GO_Biological_Process_2023,Nucleolar Chromatin Organization (GO:1990700),1/7,0.451056993187469,0.9474989025825036,0,0,1.8639041235019296,1.4839688458960931,DDX11
GO_Biological_Process_2023,Olefinic Compound Biosynthetic Process (GO:0120255),1/7,0.451056993187469,0.9474989025825036,0,0,1.8639041235019296,1.4839688458960931,HSD17B1
GO_Biological_Process_2023,Osteoblast Development (GO:0002076),1/7,0.451056993187469,0.9474989025825036,0,0,1.8639041235019296,1.4839688458960931,PTHLH
GO_Biological_Process_2023,Peptidyl-Lysine Hydroxylation (GO:0017185),1/7,0.451056993187469,0.9474989025825036,0,0,1.8639041235019296,1.4839688458960931,PLOD2
GO_Biological_Process_2023,Peptidyl-Proline Hydroxylation To 4-hydroxy-L-proline (GO:0018401),1/7,0.451056993187469,0.9474989025825036,0,0,1.8639041235019296,1.4839688458960931,EGLN3
GO_Biological_Process_2023,Plasma Membrane To Endosome Transport (GO:0048227),1/7,0.451056993187469,0.9474989025825036,0,0,1.8639041235019296,1.4839688458960931,USP6NL
GO_Biological_Process_2023,"Positive Regulation Of CD4-positive, Alpha-Beta T Cell Differentiation (GO:0043372)",1/7,0.451056993187469,0.9474989025825036,0,0,1.8639041235019296,1.4839688458960931,TNFSF4
GO_Biological_Process_2023,Positive Regulation Of T-helper 2 Cell Cytokine Production (GO:2000553),1/7,0.451056993187469,0.9474989025825036,0,0,1.8639041235019296,1.4839688458960931,DENND1B
GO_Biological_Process_2023,Positive Regulation Of Calcium Ion Import (GO:0090280),1/7,0.451056993187469,0.9474989025825036,0,0,1.8639041235019296,1.4839688458960931,LGALS3
GO_Biological_Process_2023,Positive Regulation Of Cardiac Epithelial To Mesenchymal Transition (GO:0062043),1/7,0.451056993187469,0.9474989025825036,0,0,1.8639041235019296,1.4839688458960931,TGFBR1
GO_Biological_Process_2023,Positive Regulation Of Dendritic Cell Chemotaxis (GO:2000510),1/7,0.451056993187469,0.9474989025825036,0,0,1.8639041235019296,1.4839688458960931,CCR7
GO_Biological_Process_2023,Positive Regulation Of Endocytic Recycling (GO:2001137),1/7,0.451056993187469,0.9474989025825036,0,0,1.8639041235019296,1.4839688458960931,SORL1
GO_Biological_Process_2023,Positive Regulation Of Fibroblast Migration (GO:0010763),1/7,0.451056993187469,0.9474989025825036,0,0,1.8639041235019296,1.4839688458960931,PTK2
GO_Biological_Process_2023,Positive Regulation Of Isomerase Activity (GO:0010912),1/7,0.451056993187469,0.9474989025825036,0,0,1.8639041235019296,1.4839688458960931,UHRF1
GO_Biological_Process_2023,Positive Regulation Of Leukocyte Differentiation (GO:1902107),1/7,0.451056993187469,0.9474989025825036,0,0,1.8639041235019296,1.4839688458960931,LGALS3
GO_Biological_Process_2023,Positive Regulation Of Meiotic Nuclear Division (GO:0045836),1/7,0.451056993187469,0.9474989025825036,0,0,1.8639041235019296,1.4839688458960931,RAD51AP1
GO_Biological_Process_2023,Positive Regulation Of Melanin Biosynthetic Process (GO:0048023),1/7,0.451056993187469,0.9474989025825036,0,0,1.8639041235019296,1.4839688458960931,CDH3
GO_Biological_Process_2023,Positive Regulation Of Microtubule Nucleation (GO:0090063),1/7,0.451056993187469,0.9474989025825036,0,0,1.8639041235019296,1.4839688458960931,PAK1
GO_Biological_Process_2023,Positive Regulation Of Myeloid Cell Apoptotic Process (GO:0033034),1/7,0.451056993187469,0.9474989025825036,0,0,1.8639041235019296,1.4839688458960931,CDKN2A
GO_Biological_Process_2023,Positive Regulation Of Neuron Projection Arborization (GO:0150012),1/7,0.451056993187469,0.9474989025825036,0,0,1.8639041235019296,1.4839688458960931,MAP3K13
GO_Biological_Process_2023,Positive Regulation Of Secondary Metabolite Biosynthetic Process (GO:1900378),1/7,0.451056993187469,0.9474989025825036,0,0,1.8639041235019296,1.4839688458960931,CDH3
GO_Biological_Process_2023,Positive Regulation Of Tooth Mineralization (GO:0070172),1/7,0.451056993187469,0.9474989025825036,0,0,1.8639041235019296,1.4839688458960931,TFAP2A
GO_Biological_Process_2023,Protein Deglycosylation (GO:0006517),1/7,0.451056993187469,0.9474989025825036,0,0,1.8639041235019296,1.4839688458960931,NGLY1
GO_Biological_Process_2023,Protein Localization To Cytoplasmic Stress Granule (GO:1903608),1/7,0.451056993187469,0.9474989025825036,0,0,1.8639041235019296,1.4839688458960931,PAK1
GO_Biological_Process_2023,Purine Nucleotide Catabolic Process (GO:0006195),1/7,0.451056993187469,0.9474989025825036,0,0,1.8639041235019296,1.4839688458960931,HINT1
GO_Biological_Process_2023,rRNA Pseudouridine Synthesis (GO:0031118),1/7,0.451056993187469,0.9474989025825036,0,0,1.8639041235019296,1.4839688458960931,DKC1
GO_Biological_Process_2023,Regulation Of ATPase-coupled Calcium Transmembrane Transporter Activity (GO:1901894),1/7,0.451056993187469,0.9474989025825036,0,0,1.8639041235019296,1.4839688458960931,VMP1
GO_Biological_Process_2023,Regulation Of Cdc42 Protein Signal Transduction (GO:0032489),1/7,0.451056993187469,0.9474989025825036,0,0,1.8639041235019296,1.4839688458960931,NELL1
GO_Biological_Process_2023,Regulation Of T-helper 2 Cell Differentiation (GO:0045628),1/7,0.451056993187469,0.9474989025825036,0,0,1.8639041235019296,1.4839688458960931,TNFSF4
GO_Biological_Process_2023,Regulation Of Cardiac Muscle Cell Action Potential Involved In Regulation Of Contraction (GO:0098909),1/7,0.451056993187469,0.9474989025825036,0,0,1.8639041235019296,1.4839688458960931,ATP2A2
GO_Biological_Process_2023,Regulation Of Chaperone-Mediated Autophagy (GO:1904714),1/7,0.451056993187469,0.9474989025825036,0,0,1.8639041235019296,1.4839688458960931,EEF1A2
GO_Biological_Process_2023,Regulation Of Dendritic Cell Chemotaxis (GO:2000508),1/7,0.451056993187469,0.9474989025825036,0,0,1.8639041235019296,1.4839688458960931,CCR7
GO_Biological_Process_2023,Regulation Of Dopamine Metabolic Process (GO:0042053),1/7,0.451056993187469,0.9474989025825036,0,0,1.8639041235019296,1.4839688458960931,HPRT1
GO_Biological_Process_2023,Regulation Of Dopamine Receptor Signaling Pathway (GO:0060159),1/7,0.451056993187469,0.9474989025825036,0,0,1.8639041235019296,1.4839688458960931,RGS8
GO_Biological_Process_2023,Regulation Of Epithelial To Mesenchymal Transition Involved In Endocardial Cushion Formation (GO:1905005),1/7,0.451056993187469,0.9474989025825036,0,0,1.8639041235019296,1.4839688458960931,TGFBR1
GO_Biological_Process_2023,Regulation Of Extent Of Cell Growth (GO:0061387),1/7,0.451056993187469,0.9474989025825036,0,0,1.8639041235019296,1.4839688458960931,CTTN
GO_Biological_Process_2023,Regulation Of Hydrogen Peroxide-Induced Cell Death (GO:1903205),1/7,0.451056993187469,0.9474989025825036,0,0,1.8639041235019296,1.4839688458960931,PYCR1
GO_Biological_Process_2023,Regulation Of Leukocyte Degranulation (GO:0043300),1/7,0.451056993187469,0.9474989025825036,0,0,1.8639041235019296,1.4839688458960931,SYK
GO_Biological_Process_2023,Regulation Of Lipase Activity (GO:0060191),1/7,0.451056993187469,0.9474989025825036,0,0,1.8639041235019296,1.4839688458960931,PCSK6
GO_Biological_Process_2023,Regulation Of Lymphocyte Apoptotic Process (GO:0070228),1/7,0.451056993187469,0.9474989025825036,0,0,1.8639041235019296,1.4839688458960931,LGALS3
GO_Biological_Process_2023,Regulation Of Mammary Gland Epithelial Cell Proliferation (GO:0033599),1/7,0.451056993187469,0.9474989025825036,0,0,1.8639041235019296,1.4839688458960931,RREB1
GO_Biological_Process_2023,Regulation Of Mesenchymal Stem Cell Differentiation (GO:2000739),1/7,0.451056993187469,0.9474989025825036,0,0,1.8639041235019296,1.4839688458960931,SLC4A11
GO_Biological_Process_2023,Regulation Of Microvillus Organization (GO:0032530),1/7,0.451056993187469,0.9474989025825036,0,0,1.8639041235019296,1.4839688458960931,PLD1
GO_Biological_Process_2023,Regulation Of Myeloid Leukocyte Differentiation (GO:0002761),1/7,0.451056993187469,0.9474989025825036,0,0,1.8639041235019296,1.4839688458960931,IRF7
GO_Biological_Process_2023,Regulation Of Natural Killer Cell Mediated Cytotoxicity Directed Against Tumor Cell Target (GO:0002858),1/7,0.451056993187469,0.9474989025825036,0,0,1.8639041235019296,1.4839688458960931,CEACAM1
GO_Biological_Process_2023,Regulation Of Positive Chemotaxis (GO:0050926),1/7,0.451056993187469,0.9474989025825036,0,0,1.8639041235019296,1.4839688458960931,F2RL1
GO_Biological_Process_2023,Regulation Of Protein Glycosylation (GO:0060049),1/7,0.451056993187469,0.9474989025825036,0,0,1.8639041235019296,1.4839688458960931,RAMP1
GO_Biological_Process_2023,Regulation Of Protein Localization To Cilium (GO:1903564),1/7,0.451056993187469,0.9474989025825036,0,0,1.8639041235019296,1.4839688458960931,CCDC88A
GO_Biological_Process_2023,Regulation Of Stem Cell Division (GO:2000035),1/7,0.451056993187469,0.9474989025825036,0,0,1.8639041235019296,1.4839688458960931,MLLT3
GO_Biological_Process_2023,Release Of Sequestered Calcium Ion Into Cytosol By Endoplasmic Reticulum (GO:1903514),1/7,0.451056993187469,0.9474989025825036,0,0,1.8639041235019296,1.4839688458960931,NOL3
GO_Biological_Process_2023,Response To UV-C (GO:0010225),1/7,0.451056993187469,0.9474989025825036,0,0,1.8639041235019296,1.4839688458960931,ST20
GO_Biological_Process_2023,Response To Auditory Stimulus (GO:0010996),1/7,0.451056993187469,0.9474989025825036,0,0,1.8639041235019296,1.4839688458960931,MDK
GO_Biological_Process_2023,siRNA Processing (GO:0030422),1/7,0.451056993187469,0.9474989025825036,0,0,1.8639041235019296,1.4839688458960931,PRKRA
GO_Biological_Process_2023,snRNA Transcription By RNA Polymerase III (GO:0042796),1/7,0.451056993187469,0.9474989025825036,0,0,1.8639041235019296,1.4839688458960931,ZC3H8
GO_Biological_Process_2023,Spleen Development (GO:0048536),1/7,0.451056993187469,0.9474989025825036,0,0,1.8639041235019296,1.4839688458960931,PITX2
GO_Biological_Process_2023,tRNA Aminoacylation For Mitochondrial Protein Translation (GO:0070127),1/7,0.451056993187469,0.9474989025825036,0,0,1.8639041235019296,1.4839688458960931,DARS2
GO_Biological_Process_2023,tRNA Surveillance (GO:0106354),1/7,0.451056993187469,0.9474989025825036,0,0,1.8639041235019296,1.4839688458960931,ZCCHC7
GO_Biological_Process_2023,Telomeric D-loop Disassembly (GO:0061820),1/7,0.451056993187469,0.9474989025825036,0,0,1.8639041235019296,1.4839688458960931,RECQL4
GO_Biological_Process_2023,Terpenoid Metabolic Process (GO:0006721),1/7,0.451056993187469,0.9474989025825036,0,0,1.8639041235019296,1.4839688458960931,FDFT1
GO_Biological_Process_2023,Thyroid Gland Development (GO:0030878),1/7,0.451056993187469,0.9474989025825036,0,0,1.8639041235019296,1.4839688458960931,SIX1
GO_Biological_Process_2023,Thyroid Hormone Transport (GO:0070327),1/7,0.451056993187469,0.9474989025825036,0,0,1.8639041235019296,1.4839688458960931,SLC7A5
GO_Biological_Process_2023,Tooth Mineralization (GO:0034505),1/7,0.451056993187469,0.9474989025825036,0,0,1.8639041235019296,1.4839688458960931,COL1A1
GO_Biological_Process_2023,Tryptophan Metabolic Process (GO:0006568),1/7,0.451056993187469,0.9474989025825036,0,0,1.8639041235019296,1.4839688458960931,IL4I1
GO_Biological_Process_2023,Ventricular Trabecula Myocardium Morphogenesis (GO:0003222),1/7,0.451056993187469,0.9474989025825036,0,0,1.8639041235019296,1.4839688458960931,TGFBR1
GO_Biological_Process_2023,Protein Localization To Organelle (GO:0033365),12/137,0.4515638553734656,0.9474989025825036,0,0,1.073845398773006,0.8537484208189167,FAM83H;COL1A1;CEP68;PRKAA1;PAK1;SIX4;SIX1;CSNK1D;BICD1;SORL1;IPO4;GET4
GO_Biological_Process_2023,Intrinsic Apoptotic Signaling Pathway In Response To Endoplasmic Reticulum Stress (GO:0070059),3/30,0.4518286219346566,0.9474989025825036,0,0,1.2426954104806454,0.9872622594393952,CASP4;DNAJC10;TRIB3
GO_Biological_Process_2023,Lamellipodium Organization (GO:0097581),3/30,0.4518286219346566,0.9474989025825036,0,0,1.2426954104806454,0.9872622594393952,CCDC88A;CTTN;ARHGEF7
GO_Biological_Process_2023,Negative Regulation Of Carbohydrate Metabolic Process (GO:0045912),3/30,0.4518286219346566,0.9474989025825036,0,0,1.2426954104806454,0.9872622594393952,FLCN;KAT2A;MST1
GO_Biological_Process_2023,Negative Regulation Of Epithelial To Mesenchymal Transition (GO:0010719),3/30,0.4518286219346566,0.9474989025825036,0,0,1.2426954104806454,0.9872622594393952,FOXA1;OVOL2;ZNF750
GO_Biological_Process_2023,Positive Regulation Of Locomotion (GO:0040017),3/30,0.4518286219346566,0.9474989025825036,0,0,1.2426954104806454,0.9872622594393952,TWIST1;F2RL1;CCR7
GO_Biological_Process_2023,Protein Palmitoylation (GO:0018345),3/30,0.4518286219346566,0.9474989025825036,0,0,1.2426954104806454,0.9872622594393952,GOLGA7B;ZDHHC9;ZDHHC13
GO_Biological_Process_2023,Keratinocyte Differentiation (GO:0030216),4/42,0.4563741016084607,0.9474989025825036,0,0,1.177302229933809,0.9235257956588984,DSP;ST14;IVL;SPRR1B
GO_Biological_Process_2023,Monocyte Chemotaxis (GO:0002548),4/42,0.4563741016084607,0.9474989025825036,0,0,1.177302229933809,0.9235257956588984,LGALS3;CALCA;CCL20;TNFSF11
GO_Biological_Process_2023,Positive Regulation Of Neuron Differentiation (GO:0045666),4/42,0.4563741016084607,0.9474989025825036,0,0,1.177302229933809,0.9235257956588984,PCP4;TCF3;ASCL1;ECT2
GO_Biological_Process_2023,Mesenchymal Cell Differentiation (GO:0048762),5/54,0.4588182546883224,0.9474989025825036,0,0,1.1412738583521371,0.8891677259973373,SMAD4;DLG5;HMGA2;FAM83D;TGFBR1
GO_Biological_Process_2023,Organelle Disassembly (GO:1903008),5/54,0.4588182546883224,0.9474989025825036,0,0,1.1412738583521371,0.8891677259973373,MCTS1;PRKAA1;CDK1;DENR;AURKA
GO_Biological_Process_2023,Positive Regulation Of Leukocyte Chemotaxis (GO:0002690),5/54,0.4588182546883224,0.9474989025825036,0,0,1.1412738583521371,0.8891677259973373,MDK;F2RL1;CCR7;PLA2G7;PTK2
GO_Biological_Process_2023,Regulation Of Focal Adhesion Assembly (GO:0051893),5/54,0.4588182546883224,0.9474989025825036,0,0,1.1412738583521371,0.8891677259973373,NELL1;THY1;EFNA5;PTK2;MAP4K4
GO_Biological_Process_2023,Negative Regulation Of Immune Response (GO:0050777),6/66,0.4602396125572164,0.9474989025825036,0,0,1.1184596577017114,0.8679336736560459,LGALS3;COL3A1;SYK;PCBP2;ENPP3;AURKB
GO_Biological_Process_2023,Long-Chain Fatty Acid Metabolic Process (GO:0001676),7/78,0.4610847713736188,0.9474989025825036,0,0,1.1027178360683982,0.8536947800523244,CYP2J2;FAAH2;PLA2G4A;PTGR1;AIG1;CYP4F11;SLC27A2
GO_Biological_Process_2023,Negative Regulation Of Protein Modification Process (GO:0031400),7/78,0.4610847713736188,0.9474989025825036,0,0,1.1027178360683982,0.8536947800523244,PRKAA1;IGFBP3;DNAJC10;SORD;MAGEA2;EPHB2;CDK5RAP3
GO_Biological_Process_2023,Proteolysis Involved In Protein Catabolic Process (GO:0051603),7/78,0.4610847713736188,0.9474989025825036,0,0,1.1027178360683982,0.8536947800523244,HM13;NGLY1;CHMP4C;YME1L1;PMAIP1;CTSV;IDE
GO_Biological_Process_2023,Regulation Of TOR Signaling (GO:0032006),7/78,0.4610847713736188,0.9474989025825036,0,0,1.1027178360683982,0.8536947800523244,FLCN;PRKAA1;DEPTOR;PDCD6;TBC1D7;SLC38A9;FAM83D
GO_Biological_Process_2023,Protein Catabolic Process (GO:0030163),9/102,0.4618280825361773,0.9474989025825036,0,0,1.0824131323706616,0.8362318744581761,CEACAM1;BNIP3;SIAH1;NGLY1;MAGEA2;YME1L1;PMAIP1;CTSV;IDE
GO_Biological_Process_2023,Response To Endoplasmic Reticulum Stress (GO:0034976),10/114,0.461920390799493,0.9474989025825036,0,0,1.0754854826546003,0.8306648895148295,BCL2L11;GORASP2;DNAJC10;CASP4;ATP2A2;TRIB3;RNF183;PDIA6;CDK5RAP3;PDIA4
GO_Biological_Process_2023,COPII Vesicle Coating (GO:0048208),2/19,0.469946702336716,0.9474989025825036,0,0,1.3157101865136298,0.9935401142352664,TMED10;PDCD6
GO_Biological_Process_2023,Atrioventricular Valve Morphogenesis (GO:0003181),2/19,0.469946702336716,0.9474989025825036,0,0,1.3157101865136298,0.9935401142352664,SMAD4;SOX4
GO_Biological_Process_2023,Bicarbonate Transport (GO:0015701),2/19,0.469946702336716,0.9474989025825036,0,0,1.3157101865136298,0.9935401142352664,SLC4A11;SLC26A6
GO_Biological_Process_2023,Cellular Response To Lectin (GO:1990858),2/19,0.469946702336716,0.9474989025825036,0,0,1.3157101865136298,0.9935401142352664,PAK1;SYK
GO_Biological_Process_2023,Chondroitin Sulfate Proteoglycan Biosynthetic Process (GO:0050650),2/19,0.469946702336716,0.9474989025825036,0,0,1.3157101865136298,0.9935401142352664,UGDH;CHPF2
GO_Biological_Process_2023,Dopaminergic Neuron Differentiation (GO:0071542),2/19,0.469946702336716,0.9474989025825036,0,0,1.3157101865136298,0.9935401142352664,FOXA1;MANF
GO_Biological_Process_2023,Establishment Of Epithelial Cell Polarity (GO:0090162),2/19,0.469946702336716,0.9474989025825036,0,0,1.3157101865136298,0.9935401142352664,FERMT1;SYNE4
GO_Biological_Process_2023,Eye Morphogenesis (GO:0048592),2/19,0.469946702336716,0.9474989025825036,0,0,1.3157101865136298,0.9935401142352664,COL5A1;COL5A2
GO_Biological_Process_2023,Gastrulation (GO:0007369),2/19,0.469946702336716,0.9474989025825036,0,0,1.3157101865136298,0.9935401142352664,MESP1;UGDH
GO_Biological_Process_2023,Interleukin-1-Mediated Signaling Pathway (GO:0070498),2/19,0.469946702336716,0.9474989025825036,0,0,1.3157101865136298,0.9935401142352664,IRAK1;IL1RAP
GO_Biological_Process_2023,Mesoderm Development (GO:0007498),2/19,0.469946702336716,0.9474989025825036,0,0,1.3157101865136298,0.9935401142352664,MESP1;IKZF1
GO_Biological_Process_2023,Mitotic Sister Chromatid Cohesion (GO:0007064),2/19,0.469946702336716,0.9474989025825036,0,0,1.3157101865136298,0.9935401142352664,CDCA5;DSCC1
GO_Biological_Process_2023,Negative Regulation Of RNA Splicing (GO:0033119),2/19,0.469946702336716,0.9474989025825036,0,0,1.3157101865136298,0.9935401142352664,SRSF4;SRSF6
GO_Biological_Process_2023,Negative Regulation Of Fatty Acid Metabolic Process (GO:0045922),2/19,0.469946702336716,0.9474989025825036,0,0,1.3157101865136298,0.9935401142352664,CEACAM1;TRIB3
GO_Biological_Process_2023,Negative Regulation Of Telomere Maintenance Via Telomerase (GO:0032211),2/19,0.469946702336716,0.9474989025825036,0,0,1.3157101865136298,0.9935401142352664,GNL3L;HNRNPA1
GO_Biological_Process_2023,Phosphate Ion Transport (GO:0006817),2/19,0.469946702336716,0.9474989025825036,0,0,1.3157101865136298,0.9935401142352664,SLC20A1;XPR1
GO_Biological_Process_2023,Positive Regulation Of Alpha-Beta T Cell Activation (GO:0046635),2/19,0.469946702336716,0.9474989025825036,0,0,1.3157101865136298,0.9935401142352664,SYK;TNFSF4
GO_Biological_Process_2023,Positive Regulation Of Hormone Secretion (GO:0046887),2/19,0.469946702336716,0.9474989025825036,0,0,1.3157101865136298,0.9935401142352664,FGB;FGA
GO_Biological_Process_2023,Protein Heterooligomerization (GO:0051291),2/19,0.469946702336716,0.9474989025825036,0,0,1.3157101865136298,0.9935401142352664,CBR4;FARSB
GO_Biological_Process_2023,rRNA Catabolic Process (GO:0016075),2/19,0.469946702336716,0.9474989025825036,0,0,1.3157101865136298,0.9935401142352664,ZCCHC7;SLFN13
GO_Biological_Process_2023,Regulation Of Behavior (GO:0050795),2/19,0.469946702336716,0.9474989025825036,0,0,1.3157101865136298,0.9935401142352664,AHI1;AIM2
GO_Biological_Process_2023,Regulation Of Lymphocyte Differentiation (GO:0045619),2/19,0.469946702336716,0.9474989025825036,0,0,1.3157101865136298,0.9935401142352664,IL4I1;METTL3
GO_Biological_Process_2023,Regulation Of Protein-Containing Complex Disassembly (GO:0043244),2/19,0.469946702336716,0.9474989025825036,0,0,1.3157101865136298,0.9935401142352664,BNIP3;GSPT1
GO_Biological_Process_2023,Release Of Cytochrome C From Mitochondria (GO:0001836),2/19,0.469946702336716,0.9474989025825036,0,0,1.3157101865136298,0.9935401142352664,GGCT;SFN
GO_Biological_Process_2023,Stimulatory C-type Lectin Receptor Signaling Pathway (GO:0002223),2/19,0.469946702336716,0.9474989025825036,0,0,1.3157101865136298,0.9935401142352664,PAK1;SYK
GO_Biological_Process_2023,tRNA Metabolic Process (GO:0006399),2/19,0.469946702336716,0.9474989025825036,0,0,1.3157101865136298,0.9935401142352664,SLFN13;DARS2
GO_Biological_Process_2023,"Vesicle Targeting, Rough ER To cis-Golgi (GO:0048207)",2/19,0.469946702336716,0.9474989025825036,0,0,1.3157101865136298,0.9935401142352664,TMED10;PDCD6
GO_Biological_Process_2023,Regulation Of Anatomical Structure Morphogenesis (GO:0022603),11/127,0.4725684172795555,0.9474989025825036,0,0,1.0606038182625426,0.7949997144106645,CLDN4;CEACAM1;PAK1;CLDN3;INF2;CXCL13;EFNA5;NOL3;MYO19;HTATIP2;CDK5R1
GO_Biological_Process_2023,Endoplasmic Reticulum To Golgi Vesicle-Mediated Transport (GO:0006888),10/115,0.4731383215329615,0.9474989025825036,0,0,1.0651844070961718,0.7971493904037474,COPA;TMED10;SEC24A;ATL3;SAR1B;PDCD6;TRAPPC10;KDELR2;KDELR3;SEC24D
GO_Biological_Process_2023,Mitochondrial Gene Expression (GO:0140053),9/103,0.4736864569135784,0.9474989025825036,0,0,1.070839467889669,0.8001415941471153,MRPS17;MRPL3;FASTKD1;FASTKD2;MRPS12;MRPS23;TFB2M;MRPL12;TEFM
GO_Biological_Process_2023,Negative Regulation Of Cell-Matrix Adhesion (GO:0001953),3/31,0.4737138091599553,0.9474989025825036,0,0,1.198248060664168,0.8952733364990503,MMP12;CDKN2A;MAP4K4
GO_Biological_Process_2023,Phospholipid Translocation (GO:0045332),3/31,0.4737138091599553,0.9474989025825036,0,0,1.198248060664168,0.8952733364990503,ATP8B1;ABCA4;ATP10B
GO_Biological_Process_2023,Positive Regulation Of G1/S Transition Of Mitotic Cell Cycle (GO:1900087),3/31,0.4737138091599553,0.9474989025825036,0,0,1.198248060664168,0.8952733364990503,STIL;RRM2;CDC6
GO_Biological_Process_2023,Positive Regulation Of Mononuclear Cell Migration (GO:0071677),3/31,0.4737138091599553,0.9474989025825036,0,0,1.198248060664168,0.8952733364990503,LGALS3;CCR7;PLA2G7
GO_Biological_Process_2023,Positive Regulation Of MAP Kinase Activity (GO:0043406),8/91,0.4741971097116795,0.9474989025825036,0,0,1.077996195307546,0.8043276732840553,PAK1;IRAK1;EGF;TNFSF11;TGFA;CD24;MAP3K13;EZH2
GO_Biological_Process_2023,Positive Regulation Of Binding (GO:0051099),8/91,0.4741971097116795,0.9474989025825036,0,0,1.077996195307546,0.8043276732840553,CDT1;EGF;DDX11;GMNN;TRIB3;IDE;MMP9;NME1
GO_Biological_Process_2023,Positive Regulation Of Catabolic Process (GO:0009896),7/79,0.4746439499294915,0.9474989025825036,0,0,1.0873428474345903,0.8102773808681397,BARD1;C4BPB;IDE;SORL1;CDK5RAP3;PTK2;OAZ3
GO_Biological_Process_2023,Intracellular Glucose Homeostasis (GO:0001678),4/43,0.4748593540154379,0.9474989025825036,0,0,1.1470523778216086,0.8542519057775682,PRKAA1;HKDC1;SOX4;FOXA3
GO_Biological_Process_2023,Negative Regulation Of BMP Signaling Pathway (GO:0030514),4/43,0.4748593540154379,0.9474989025825036,0,0,1.1470523778216086,0.8542519057775682,GREM1;SKIL;SORL1;TRIM33
GO_Biological_Process_2023,Positive Regulation Of Biomineral Tissue Development (GO:0070169),4/43,0.4748593540154379,0.9474989025825036,0,0,1.1470523778216086,0.8542519057775682,TFAP2A;CCNA2;CYP27B1;NELL1
GO_Biological_Process_2023,Positive Regulation Of Receptor-Mediated Endocytosis (GO:0048260),4/43,0.4748593540154379,0.9474989025825036,0,0,1.1470523778216086,0.8542519057775682,GREM1;SFRP4;EGF;BICD1
GO_Biological_Process_2023,Response To Amyloid-Beta (GO:1904645),4/43,0.4748593540154379,0.9474989025825036,0,0,1.1470523778216086,0.8542519057775682,MMP12;MMP13;CASP4;MMP9
GO_Biological_Process_2023,Activation Of Cysteine-Type Endopeptidase Activity Involved In Apoptotic Process (GO:0006919),6/67,0.4749802684704587,0.9474989025825036,0,0,1.1000641308268868,0.8189779617070304,EGLN3;TNFSF15;SORD;ST20;HSPE1;HSPD1
GO_Biological_Process_2023,Regulation Of Protein Localization To Plasma Membrane (GO:1903076),7/80,0.488113254870938,0.9474989025825036,0,0,1.0723890913660927,0.7691258428412834,LGALS3;LRRC15;DLG1;ARHGEF16;PPFIA1;AGR2;EPHB2
GO_Biological_Process_2023,Neuropeptide Signaling Pathway (GO:0007218),6/68,0.4896022805890593,0.9474989025825036,0,0,1.0822620080447984,0.7729102808471542,GPR37;NMU;PNOC;KISS1R;GPR84;SORL1
GO_Biological_Process_2023,Regulation Of Reactive Oxygen Species Metabolic Process (GO:2000377),5/56,0.4912502130778961,0.9474989025825036,0,0,1.0963982416424114,0.7793217143587271,TFAP2A;ACE2;AKR1C1;SORD;FOXM1
GO_Biological_Process_2023,Negative Regulation Of Immune System Process (GO:0002683),4/44,0.4931000055417049,0.9474989025825036,0,0,1.1183150183150183,0.7906971124871374,COL3A1;TSPAN6;SMPDL3B;LGR4
GO_Biological_Process_2023,Regulation Of DNA-templated Transcription Elongation (GO:0032784),4/44,0.4931000055417049,0.9474989025825036,0,0,1.1183150183150183,0.7906971124871374,INTS10;INTS7;INTS8;ELL3
GO_Biological_Process_2023,Regulation Of Cell-Substrate Adhesion (GO:0010810),4/44,0.4931000055417049,0.9474989025825036,0,0,1.1183150183150183,0.7906971124871374,AGR2;PKP2;THY1;PTK2
GO_Biological_Process_2023,NIK/NF-kappaB Signaling (GO:0038061),3/32,0.4951881628164055,0.9474989025825036,0,0,1.1568660453177926,0.8130656575452294,IRAK1;TNFSF15;CARD14
GO_Biological_Process_2023,Cellular Nitrogen Compound Biosynthetic Process (GO:0044271),3/32,0.4951881628164055,0.9474989025825036,0,0,1.1568660453177926,0.8130656575452294,NQO1;ARG2;CPS1
GO_Biological_Process_2023,Gluconeogenesis (GO:0006094),3/32,0.4951881628164055,0.9474989025825036,0,0,1.1568660453177926,0.8130656575452294,ENO1;ENO3;SLC25A13
GO_Biological_Process_2023,Intracellular pH Reduction (GO:0051452),3/32,0.4951881628164055,0.9474989025825036,0,0,1.1568660453177926,0.8130656575452294,GPR89A;DMXL1;ATP6V0A4
GO_Biological_Process_2023,Left/Right Pattern Formation (GO:0060972),3/32,0.4951881628164055,0.9474989025825036,0,0,1.1568660453177926,0.8130656575452294,STIL;DNAH5;PITX2
GO_Biological_Process_2023,Mitochondrial Membrane Organization (GO:0007006),3/32,0.4951881628164055,0.9474989025825036,0,0,1.1568660453177926,0.8130656575452294,BNIP3;PPIF;PMAIP1
GO_Biological_Process_2023,Negative Regulation Of Fat Cell Differentiation (GO:0045599),3/32,0.4951881628164055,0.9474989025825036,0,0,1.1568660453177926,0.8130656575452294,FLCN;TRIO;TRIB3
GO_Biological_Process_2023,Neural Tube Closure (GO:0001843),3/32,0.4951881628164055,0.9474989025825036,0,0,1.1568660453177926,0.8130656575452294,STIL;SCRIB;GRHL2
GO_Biological_Process_2023,Vesicle Budding From Membrane (GO:0006900),3/32,0.4951881628164055,0.9474989025825036,0,0,1.1568660453177926,0.8130656575452294,TMED10;TRAPPC10;CHMP4C
GO_Biological_Process_2023,Cellular Response To Oxidative Stress (GO:0034599),10/117,0.4954270416552673,0.9474989025825036,0,0,1.0451598863844602,0.7340525547581584,PRDX2;NQO1;PRKAA1;PNPT1;SRXN1;PYCR1;SLC4A11;ATM;MMP9;PEX13
GO_Biological_Process_2023,Positive Regulation Of Protein Serine/Threonine Kinase Activity (GO:0071902),10/117,0.4954270416552673,0.9474989025825036,0,0,1.0451598863844602,0.7340525547581584,CEMIP;IRAK1;EGF;TNFSF11;TGFA;HMGA2;ADAM8;CD24;EZH2;LTF
GO_Biological_Process_2023,Protein Processing (GO:0016485),10/117,0.4954270416552673,0.9474989025825036,0,0,1.0451598863844602,0.7340525547581584,CASP6;HM13;F12;CASP4;TMPRSS4;YME1L1;ECE2;PCSK7;PCSK6;OGT
GO_Biological_Process_2023,DNA Cytosine Deamination (GO:0070383),1/8,0.4961409039706849,0.9474989025825036,0,0,1.597545050927135,1.119711836926636,APOBEC3B
GO_Biological_Process_2023,DNA Topological Change (GO:0006265),1/8,0.4961409039706849,0.9474989025825036,0,0,1.597545050927135,1.119711836926636,TOP2A
GO_Biological_Process_2023,N-acylphosphatidylethanolamine Metabolic Process (GO:0070292),1/8,0.4961409039706849,0.9474989025825036,0,0,1.597545050927135,1.119711836926636,NAPEPLD
GO_Biological_Process_2023,RNA Secondary Structure Unwinding (GO:0010501),1/8,0.4961409039706849,0.9474989025825036,0,0,1.597545050927135,1.119711836926636,DHX36
GO_Biological_Process_2023,Alcohol Catabolic Process (GO:0046164),1/8,0.4961409039706849,0.9474989025825036,0,0,1.597545050927135,1.119711836926636,SRD5A3
GO_Biological_Process_2023,Angiotensin Maturation (GO:0002003),1/8,0.4961409039706849,0.9474989025825036,0,0,1.597545050927135,1.119711836926636,ACE2
GO_Biological_Process_2023,Cobalamin Transport (GO:0015889),1/8,0.4961409039706849,0.9474989025825036,0,0,1.597545050927135,1.119711836926636,TCN1
GO_Biological_Process_2023,Dehydroascorbic Acid Transport (GO:0070837),1/8,0.4961409039706849,0.9474989025825036,0,0,1.597545050927135,1.119711836926636,SLC2A1
GO_Biological_Process_2023,Detection Of Mechanical Stimulus Involved In Sensory Perception Of Sound (GO:0050910),1/8,0.4961409039706849,0.9474989025825036,0,0,1.597545050927135,1.119711836926636,COL11A1
GO_Biological_Process_2023,Embryonic Forelimb Morphogenesis (GO:0035115),1/8,0.4961409039706849,0.9474989025825036,0,0,1.597545050927135,1.119711836926636,TFAP2A
GO_Biological_Process_2023,Fat-Soluble Vitamin Catabolic Process (GO:0042363),1/8,0.4961409039706849,0.9474989025825036,0,0,1.597545050927135,1.119711836926636,CYP4F11
GO_Biological_Process_2023,Formation Of Translation Preinitiation Complex (GO:0001731),1/8,0.4961409039706849,0.9474989025825036,0,0,1.597545050927135,1.119711836926636,MCTS1
GO_Biological_Process_2023,"Fructose 1,6-Bisphosphate Metabolic Process (GO:0030388)",1/8,0.4961409039706849,0.9474989025825036,0,0,1.597545050927135,1.119711836926636,PFKP
GO_Biological_Process_2023,Glutamine Transport (GO:0006868),1/8,0.4961409039706849,0.9474989025825036,0,0,1.597545050927135,1.119711836926636,SLC38A9
GO_Biological_Process_2023,Hyaluronan Catabolic Process (GO:0030214),1/8,0.4961409039706849,0.9474989025825036,0,0,1.597545050927135,1.119711836926636,CEMIP
GO_Biological_Process_2023,Integrin Activation (GO:0033622),1/8,0.4961409039706849,0.9474989025825036,0,0,1.597545050927135,1.119711836926636,MZB1
GO_Biological_Process_2023,Internal Protein Amino Acid Acetylation (GO:0006475),1/8,0.4961409039706849,0.9474989025825036,0,0,1.597545050927135,1.119711836926636,KAT2A
GO_Biological_Process_2023,Kynurenine Metabolic Process (GO:0070189),1/8,0.4961409039706849,0.9474989025825036,0,0,1.597545050927135,1.119711836926636,TDO2
GO_Biological_Process_2023,Mesodermal Cell Differentiation (GO:0048333),1/8,0.4961409039706849,0.9474989025825036,0,0,1.597545050927135,1.119711836926636,HMGA2
GO_Biological_Process_2023,Mitochondrial Fragmentation Involved In Apoptotic Process (GO:0043653),1/8,0.4961409039706849,0.9474989025825036,0,0,1.597545050927135,1.119711836926636,BNIP3
GO_Biological_Process_2023,ncRNA Export From Nucleus (GO:0097064),1/8,0.4961409039706849,0.9474989025825036,0,0,1.597545050927135,1.119711836926636,NPM1
GO_Biological_Process_2023,Negative Regulation Of cAMP-mediated Signaling (GO:0043951),1/8,0.4961409039706849,0.9474989025825036,0,0,1.597545050927135,1.119711836926636,PDE4D
GO_Biological_Process_2023,Negative Regulation Of Cytoplasmic Translation (GO:2000766),1/8,0.4961409039706849,0.9474989025825036,0,0,1.597545050927135,1.119711836926636,NMNAT2
GO_Biological_Process_2023,Negative Regulation Of Leukocyte Degranulation (GO:0043301),1/8,0.4961409039706849,0.9474989025825036,0,0,1.597545050927135,1.119711836926636,CEACAM1
GO_Biological_Process_2023,Negative Regulation Of Lipase Activity (GO:0060192),1/8,0.4961409039706849,0.9474989025825036,0,0,1.597545050927135,1.119711836926636,ANGPTL4
GO_Biological_Process_2023,Negative Regulation Of Platelet Aggregation (GO:0090331),1/8,0.4961409039706849,0.9474989025825036,0,0,1.597545050927135,1.119711836926636,CEACAM1
GO_Biological_Process_2023,"Negative Regulation Of Retrograde Protein Transport, ER To Cytosol (GO:1904153)",1/8,0.4961409039706849,0.9474989025825036,0,0,1.597545050927135,1.119711836926636,DERL3
GO_Biological_Process_2023,Negative Regulation Of Triglyceride Metabolic Process (GO:0090209),1/8,0.4961409039706849,0.9474989025825036,0,0,1.597545050927135,1.119711836926636,SORL1
GO_Biological_Process_2023,Neurotransmitter Reuptake (GO:0098810),1/8,0.4961409039706849,0.9474989025825036,0,0,1.597545050927135,1.119711836926636,SLC22A3
GO_Biological_Process_2023,Nucleic Acid Transport (GO:0050657),1/8,0.4961409039706849,0.9474989025825036,0,0,1.597545050927135,1.119711836926636,HNRNPA2B1
GO_Biological_Process_2023,Nucleoside Diphosphate Metabolic Process (GO:0009132),1/8,0.4961409039706849,0.9474989025825036,0,0,1.597545050927135,1.119711836926636,RRM2
GO_Biological_Process_2023,Peroxisomal Transport (GO:0043574),1/8,0.4961409039706849,0.9474989025825036,0,0,1.597545050927135,1.119711836926636,ZFAND6
GO_Biological_Process_2023,Phosphatidylglycerol Acyl-Chain Remodeling (GO:0036148),1/8,0.4961409039706849,0.9474989025825036,0,0,1.597545050927135,1.119711836926636,LPGAT1
GO_Biological_Process_2023,Positive Regulation Of Actin Cytoskeleton Reorganization (GO:2000251),1/8,0.4961409039706849,0.9474989025825036,0,0,1.597545050927135,1.119711836926636,BAIAP2L1
GO_Biological_Process_2023,Positive Regulation Of Blood Vessel Endothelial Cell Proliferation Involved In Sprouting Angiogenesis (GO:1903589),1/8,0.4961409039706849,0.9474989025825036,0,0,1.597545050927135,1.119711836926636,APELA
GO_Biological_Process_2023,Positive Regulation Of Calcium Ion-Dependent Exocytosis (GO:0045956),1/8,0.4961409039706849,0.9474989025825036,0,0,1.597545050927135,1.119711836926636,SYT1
GO_Biological_Process_2023,Positive Regulation Of Cell-Cell Adhesion Mediated By Cadherin (GO:2000049),1/8,0.4961409039706849,0.9474989025825036,0,0,1.597545050927135,1.119711836926636,FOXA1
GO_Biological_Process_2023,Positive Regulation Of Epithelial Cell Proliferation Involved In Wound Healing (GO:0060054),1/8,0.4961409039706849,0.9474989025825036,0,0,1.597545050927135,1.119711836926636,MMP12
GO_Biological_Process_2023,Positive Regulation Of Fatty Acid Beta-Oxidation (GO:0032000),1/8,0.4961409039706849,0.9474989025825036,0,0,1.597545050927135,1.119711836926636,TWIST1
GO_Biological_Process_2023,Positive Regulation Of Ligase Activity (GO:0051351),1/8,0.4961409039706849,0.9474989025825036,0,0,1.597545050927135,1.119711836926636,GCLM
GO_Biological_Process_2023,Positive Regulation Of Mast Cell Degranulation (GO:0043306),1/8,0.4961409039706849,0.9474989025825036,0,0,1.597545050927135,1.119711836926636,SYK
GO_Biological_Process_2023,Positive Regulation Of Membrane Invagination (GO:1905155),1/8,0.4961409039706849,0.9474989025825036,0,0,1.597545050927135,1.119711836926636,F2RL1
GO_Biological_Process_2023,Positive Regulation Of Memory T Cell Differentiation (GO:0043382),1/8,0.4961409039706849,0.9474989025825036,0,0,1.597545050927135,1.119711836926636,TNFSF4
GO_Biological_Process_2023,Positive Regulation Of Mitochondrial Membrane Permeability Involved In Apoptotic Process (GO:1902110),1/8,0.4961409039706849,0.9474989025825036,0,0,1.597545050927135,1.119711836926636,BNIP3
GO_Biological_Process_2023,Positive Regulation Of Peptide Secretion (GO:0002793),1/8,0.4961409039706849,0.9474989025825036,0,0,1.597545050927135,1.119711836926636,FGB
GO_Biological_Process_2023,Positive Regulation Of Respiratory Burst (GO:0060267),1/8,0.4961409039706849,0.9474989025825036,0,0,1.597545050927135,1.119711836926636,IGHA1
GO_Biological_Process_2023,Positive Regulation Of Smooth Muscle Cell Apoptotic Process (GO:0034393),1/8,0.4961409039706849,0.9474989025825036,0,0,1.597545050927135,1.119711836926636,E2F3
GO_Biological_Process_2023,Positive Regulation Of Synapse Maturation (GO:0090129),1/8,0.4961409039706849,0.9474989025825036,0,0,1.597545050927135,1.119711836926636,CDC20
GO_Biological_Process_2023,Positive Regulation Of Tumor Necrosis Factor-Mediated Signaling Pathway (GO:1903265),1/8,0.4961409039706849,0.9474989025825036,0,0,1.597545050927135,1.119711836926636,CASP4
GO_Biological_Process_2023,Protein Localization To Perinuclear Region Of Cytoplasm (GO:1905719),1/8,0.4961409039706849,0.9474989025825036,0,0,1.597545050927135,1.119711836926636,HOOK1
GO_Biological_Process_2023,Purine Nucleobase Transport (GO:0006863),1/8,0.4961409039706849,0.9474989025825036,0,0,1.597545050927135,1.119711836926636,SLC28A3
GO_Biological_Process_2023,Pyrimidine-Containing Compound Metabolic Process (GO:0072527),1/8,0.4961409039706849,0.9474989025825036,0,0,1.597545050927135,1.119711836926636,ENPP3
GO_Biological_Process_2023,Regulation Of DNA Methylation (GO:0044030),1/8,0.4961409039706849,0.9474989025825036,0,0,1.597545050927135,1.119711836926636,GRHL2
GO_Biological_Process_2023,Regulation Of DNA-templated Transcription Initiation (GO:2000142),1/8,0.4961409039706849,0.9474989025825036,0,0,1.597545050927135,1.119711836926636,TWIST1
GO_Biological_Process_2023,"Regulation Of Wnt Signaling Pathway, Planar Cell Polarity Pathway (GO:2000095)",1/8,0.4961409039706849,0.9474989025825036,0,0,1.597545050927135,1.119711836926636,MLLT3
GO_Biological_Process_2023,Regulation Of Angiotensin Levels In Blood (GO:0002002),1/8,0.4961409039706849,0.9474989025825036,0,0,1.597545050927135,1.119711836926636,ACE2
GO_Biological_Process_2023,Regulation Of Aspartic-Type Endopeptidase Activity Involved In Amyloid Precursor Protein Catabolic Process (GO:1902959),1/8,0.4961409039706849,0.9474989025825036,0,0,1.597545050927135,1.119711836926636,SORL1
GO_Biological_Process_2023,Regulation Of Dendritic Cell Antigen Processing And Presentation (GO:0002604),1/8,0.4961409039706849,0.9474989025825036,0,0,1.597545050927135,1.119711836926636,CCR7
GO_Biological_Process_2023,Regulation Of Gap Junction Assembly (GO:1903596),1/8,0.4961409039706849,0.9474989025825036,0,0,1.597545050927135,1.119711836926636,ACE2
GO_Biological_Process_2023,Regulation Of Generation Of Precursor Metabolites And Energy (GO:0043467),1/8,0.4961409039706849,0.9474989025825036,0,0,1.597545050927135,1.119711836926636,PNPT1
GO_Biological_Process_2023,Regulation Of Helicase Activity (GO:0051095),1/8,0.4961409039706849,0.9474989025825036,0,0,1.597545050927135,1.119711836926636,SSBP1
GO_Biological_Process_2023,Regulation Of Lysosomal Protein Catabolic Process (GO:1905165),1/8,0.4961409039706849,0.9474989025825036,0,0,1.597545050927135,1.119711836926636,LAPTM4B
GO_Biological_Process_2023,Regulation Of Macrophage Migration (GO:1905521),1/8,0.4961409039706849,0.9474989025825036,0,0,1.597545050927135,1.119711836926636,MTUS1
GO_Biological_Process_2023,Regulation Of Morphogenesis Of An Epithelium (GO:1905330),1/8,0.4961409039706849,0.9474989025825036,0,0,1.597545050927135,1.119711836926636,RNF207
GO_Biological_Process_2023,Regulation Of Pinocytosis (GO:0048548),1/8,0.4961409039706849,0.9474989025825036,0,0,1.597545050927135,1.119711836926636,PROM2
GO_Biological_Process_2023,Regulation Of Toll-Like Receptor 3 Signaling Pathway (GO:0034139),1/8,0.4961409039706849,0.9474989025825036,0,0,1.597545050927135,1.119711836926636,F2RL1
GO_Biological_Process_2023,Regulation Of Tumor Necrosis Factor Superfamily Cytokine Production (GO:1903555),1/8,0.4961409039706849,0.9474989025825036,0,0,1.597545050927135,1.119711836926636,LTF
GO_Biological_Process_2023,Response To Misfolded Protein (GO:0051788),1/8,0.4961409039706849,0.9474989025825036,0,0,1.597545050927135,1.119711836926636,F12
GO_Biological_Process_2023,Selenocysteine Incorporation (GO:0001514),1/8,0.4961409039706849,0.9474989025825036,0,0,1.597545050927135,1.119711836926636,DIO2
GO_Biological_Process_2023,Sensory Organ Morphogenesis (GO:0090596),1/8,0.4961409039706849,0.9474989025825036,0,0,1.597545050927135,1.119711836926636,COL5A2
GO_Biological_Process_2023,Sequestering Of Actin Monomers (GO:0042989),1/8,0.4961409039706849,0.9474989025825036,0,0,1.597545050927135,1.119711836926636,SCIN
GO_Biological_Process_2023,Serotonin Uptake (GO:0051610),1/8,0.4961409039706849,0.9474989025825036,0,0,1.597545050927135,1.119711836926636,SLC22A3
GO_Biological_Process_2023,Somatic Recombination Of Immunoglobulin Gene Segments (GO:0016447),1/8,0.4961409039706849,0.9474989025825036,0,0,1.597545050927135,1.119711836926636,TCF3
GO_Biological_Process_2023,Sympathetic Ganglion Development (GO:0061549),1/8,0.4961409039706849,0.9474989025825036,0,0,1.597545050927135,1.119711836926636,NELL1
GO_Biological_Process_2023,Translational Readthrough (GO:0006451),1/8,0.4961409039706849,0.9474989025825036,0,0,1.597545050927135,1.119711836926636,DIO2
GO_Biological_Process_2023,Translational Termination (GO:0006415),1/8,0.4961409039706849,0.9474989025825036,0,0,1.597545050927135,1.119711836926636,GSPT1
GO_Biological_Process_2023,Tyrosine Phosphorylation Of STAT Protein (GO:0007260),1/8,0.4961409039706849,0.9474989025825036,0,0,1.597545050927135,1.119711836926636,PTK6
GO_Biological_Process_2023,Ubiquitin-Dependent Protein Catabolic Process Via The C-end Degron Rule Pathway (GO:0140627),1/8,0.4961409039706849,0.9474989025825036,0,0,1.597545050927135,1.119711836926636,KLHDC10
GO_Biological_Process_2023,Unsaturated Fatty Acid Biosynthetic Process (GO:0006636),1/8,0.4961409039706849,0.9474989025825036,0,0,1.597545050927135,1.119711836926636,DECR2
GO_Biological_Process_2023,Vascular Associated Smooth Muscle Cell Differentiation (GO:0035886),1/8,0.4961409039706849,0.9474989025825036,0,0,1.597545050927135,1.119711836926636,MESP1
GO_Biological_Process_2023,Positive Regulation Of Stress-Activated MAPK Cascade (GO:0032874),9/105,0.4972241011181491,0.9474989025825036,0,0,1.0484154929577465,0.7325430512114791,UNC5CL;TRAF4;TRAF5;STK39;SORD;CD27;F2RL1;CCR7;KLHDC10
GO_Biological_Process_2023,DNA Methylation (GO:0006306),2/20,0.4973623138534126,0.9474989025825036,0,0,1.2425474254742548,0.8678404957586633,HELLS;DNMT3A
GO_Biological_Process_2023,Actin Filament-Based Transport (GO:0099515),2/20,0.4973623138534126,0.9474989025825036,0,0,1.2425474254742548,0.8678404957586633,MYO7A;MYO19
GO_Biological_Process_2023,Ameboidal-Type Cell Migration (GO:0001667),2/20,0.4973623138534126,0.9474989025825036,0,0,1.2425474254742548,0.8678404957586633,NANOS1;SMAD4
GO_Biological_Process_2023,Cell Projection Organization (GO:0030030),2/20,0.4973623138534126,0.9474989025825036,0,0,1.2425474254742548,0.8678404957586633,SCIN;NEFH
GO_Biological_Process_2023,Endothelial Cell Development (GO:0001885),2/20,0.4973623138534126,0.9474989025825036,0,0,1.2425474254742548,0.8678404957586633,PDE4D;F2RL1
GO_Biological_Process_2023,Epithelial Cilium Movement Involved In Extracellular Fluid Movement (GO:0003351),2/20,0.4973623138534126,0.9474989025825036,0,0,1.2425474254742548,0.8678404957586633,OFD1;CABYR
GO_Biological_Process_2023,Hydrogen Peroxide Catabolic Process (GO:0042744),2/20,0.4973623138534126,0.9474989025825036,0,0,1.2425474254742548,0.8678404957586633,PRDX2;PRDX4
GO_Biological_Process_2023,Intracellular Monoatomic Ion Homeostasis (GO:0006873),2/20,0.4973623138534126,0.9474989025825036,0,0,1.2425474254742548,0.8678404957586633,SLC4A11;SLC39A4
GO_Biological_Process_2023,Leukotriene Metabolic Process (GO:0006691),2/20,0.4973623138534126,0.9474989025825036,0,0,1.2425474254742548,0.8678404957586633,PLA2G4A;PTGR1
GO_Biological_Process_2023,Long-Term Memory (GO:0007616),2/20,0.4973623138534126,0.9474989025825036,0,0,1.2425474254742548,0.8678404957586633,KAT2A;NOL3
GO_Biological_Process_2023,Long-Term Synaptic Potentiation (GO:0060291),2/20,0.4973623138534126,0.9474989025825036,0,0,1.2425474254742548,0.8678404957586633,FOXM1;NOL3
GO_Biological_Process_2023,Mesoderm Formation (GO:0001707),2/20,0.4973623138534126,0.9474989025825036,0,0,1.2425474254742548,0.8678404957586633,MESP1;HMGA2
GO_Biological_Process_2023,Negative Regulation Of B Cell Activation (GO:0050869),2/20,0.4973623138534126,0.9474989025825036,0,0,1.2425474254742548,0.8678404957586633,CTLA4;TNFRSF21
GO_Biological_Process_2023,Negative Regulation Of Microtubule Depolymerization (GO:0007026),2/20,0.4973623138534126,0.9474989025825036,0,0,1.2425474254742548,0.8678404957586633,TPX2;CKAP2
GO_Biological_Process_2023,Negative Regulation Of Phosphate Metabolic Process (GO:0045936),2/20,0.4973623138534126,0.9474989025825036,0,0,1.2425474254742548,0.8678404957586633,CDA;CDKN2A
GO_Biological_Process_2023,Negative Regulation Of Phosphoprotein Phosphatase Activity (GO:0032515),2/20,0.4973623138534126,0.9474989025825036,0,0,1.2425474254742548,0.8678404957586633,LGALS3;PPP1R14D
GO_Biological_Process_2023,Negative Regulation Of Protein Localization To Plasma Membrane (GO:1903077),2/20,0.4973623138534126,0.9474989025825036,0,0,1.2425474254742548,0.8678404957586633,LRRC15;PPFIA1
GO_Biological_Process_2023,Negative Regulation Of Reproductive Process (GO:2000242),2/20,0.4973623138534126,0.9474989025825036,0,0,1.2425474254742548,0.8678404957586633,PAEP;SULF1
GO_Biological_Process_2023,Negative Regulation Of Small GTPase Mediated Signal Transduction (GO:0051058),2/20,0.4973623138534126,0.9474989025825036,0,0,1.2425474254742548,0.8678404957586633,MAPKAP1;EPHB2
GO_Biological_Process_2023,Negative Regulation Of Stem Cell Population Maintenance (GO:1902455),2/20,0.4973623138534126,0.9474989025825036,0,0,1.2425474254742548,0.8678404957586633,RBBP4;OGT
GO_Biological_Process_2023,Peripheral Nervous System Development (GO:0007422),2/20,0.4973623138534126,0.9474989025825036,0,0,1.2425474254742548,0.8678404957586633,UGT8;GFRA3
GO_Biological_Process_2023,Phosphatidylglycerol Metabolic Process (GO:0046471),2/20,0.4973623138534126,0.9474989025825036,0,0,1.2425474254742548,0.8678404957586633,LPGAT1;PLA2G4A
GO_Biological_Process_2023,Positive Regulation Of Protein Processing (GO:0010954),2/20,0.4973623138534126,0.9474989025825036,0,0,1.2425474254742548,0.8678404957586633,F12;ENO1
GO_Biological_Process_2023,Regulation Of Fibroblast Migration (GO:0010762),2/20,0.4973623138534126,0.9474989025825036,0,0,1.2425474254742548,0.8678404957586633,ARHGEF7;PTK2
GO_Biological_Process_2023,Regulation Of Phosphatase Activity (GO:0010921),2/20,0.4973623138534126,0.9474989025825036,0,0,1.2425474254742548,0.8678404957586633,PPP6R2;CDK5RAP3
GO_Biological_Process_2023,Regulation Of Smooth Muscle Contraction (GO:0006940),2/20,0.4973623138534126,0.9474989025825036,0,0,1.2425474254742548,0.8678404957586633,CTTN;NMU
GO_Biological_Process_2023,Sensory Perception Of Pain (GO:0019233),2/20,0.4973623138534126,0.9474989025825036,0,0,1.2425474254742548,0.8678404957586633,NIPSNAP1;PTGES
GO_Biological_Process_2023,Stress-Activated Protein Kinase Signaling Cascade (GO:0031098),2/20,0.4973623138534126,0.9474989025825036,0,0,1.2425474254742548,0.8678404957586633,MAP3K13;MAPK13
GO_Biological_Process_2023,Striated Muscle Cell Differentiation (GO:0051146),2/20,0.4973623138534126,0.9474989025825036,0,0,1.2425474254742548,0.8678404957586633,GREM1;MESP1
GO_Biological_Process_2023,Macromolecule Modification (GO:0043412),7/81,0.5014794894632209,0.9474989025825036,0,0,1.057839490867014,0.7301129576899056,GGCX;UBE2S;QPCT;STK38;PLOD2;FBXO22;FBXO11
GO_Biological_Process_2023,Golgi Organization (GO:0007030),11/130,0.5043238239117606,0.9474989025825036,0,0,1.0336958817861908,0.7076027775096587,USP6NL;VMP1;TMED10;ATL3;ATP8B1;GORASP2;CSNK1A1;CDK1;CSNK1D;ARHGEF7;GOLGA8A
GO_Biological_Process_2023,Regulation Of Small GTPase Mediated Signal Transduction (GO:0051056),10/118,0.5064821029262645,0.9474989025825036,0,0,1.0354257443718229,0.7043652304323824,FLCN;TRIO;ARHGAP8;RACGAP1;PLEKHG4B;ARHGEF19;TNFRSF25;ECT2;FOXM1;NGEF
GO_Biological_Process_2023,Chemokine-Mediated Signaling Pathway (GO:0070098),5/57,0.5071989715499242,0.9474989025825036,0,0,1.075254922231098,0.7299388507714538,CXCL6;CCL20;WNK1;STK39;CXCL13
GO_Biological_Process_2023,Signal Transduction In Response To DNA Damage (GO:0042770),5/57,0.5071989715499242,0.9474989025825036,0,0,1.075254922231098,0.7299388507714538,CHEK1;DONSON;ATM;INTS7;RHNO1
GO_Biological_Process_2023,Membrane Organization (GO:0061024),14/167,0.508184543593158,0.9474989025825036,0,0,1.0232291114644056,0.6926346548856886,NUP155;SAR1B;EXOC7;OSBPL2;SNAP23;ATP10B;SYNJ2;LMNB1;ACE2;CCDC88A;CHMP4C;KIF20A;TLCD1;CEP55
GO_Biological_Process_2023,Determination Of Left/Right Symmetry (GO:0007368),4/45,0.5110685838558445,0.9474989025825036,0,0,1.0909794812233835,0.7323215944781614,OFD1;STIL;DNAH5;PITX2
GO_Biological_Process_2023,Regulation Of Cellular Metabolic Process (GO:0031323),4/45,0.5110685838558445,0.9474989025825036,0,0,1.0909794812233835,0.7323215944781614,PNPT1;NEK6;FOXM1;OGT
GO_Biological_Process_2023,Regulation Of MAPK Cascade (GO:0043408),17/204,0.511351460897777,0.9474989025825036,0,0,1.0165594405594405,0.6818045206876504,DUSP4;GPR37;SYK;EGF;LIF;TGFBR1;SOX2;CCNA2;GREM1;CEACAM1;PAK1;DOK5;PAK6;CD24;FAM83D;EPHB1;MAP4K4
GO_Biological_Process_2023,Peptidyl-Lysine Modification (GO:0018205),8/94,0.5116011621459773,0.9474989025825036,0,0,1.0402208875352252,0.6971663762177661,RANBP2;ZNF451;PIAS3;HINT1;BCL11A;PLOD2;METTL21A;IVL
GO_Biological_Process_2023,Sphingolipid Metabolic Process (GO:0006665),8/94,0.5116011621459773,0.9474989025825036,0,0,1.0402208875352252,0.6971663762177661,ALDH3B2;UGT8;FA2H;SGPL1;CERS6;PRKD3;SGPP2;FUT3
GO_Biological_Process_2023,Carboxylic Acid Metabolic Process (GO:0019752),3/33,0.5162139864134827,0.9474989025825036,0,0,1.118242830994509,0.7394200650584233,CYP2J2;SLC2A1;PLA2G4A
GO_Biological_Process_2023,Epithelial Tube Morphogenesis (GO:0060562),3/33,0.5162139864134827,0.9474989025825036,0,0,1.118242830994509,0.7394200650584233,MESP1;PAK1;SCRIB
GO_Biological_Process_2023,Negative Regulation Of Epithelial Cell Migration (GO:0010633),3/33,0.5162139864134827,0.9474989025825036,0,0,1.118242830994509,0.7394200650584233,MARVELD3;EPPK1;PFN2
GO_Biological_Process_2023,Positive Regulation Of Cytokine Production Involved In Immune Response (GO:0002720),3/33,0.5162139864134827,0.9474989025825036,0,0,1.118242830994509,0.7394200650584233,SLC7A5;TNFSF4;F2RL1
GO_Biological_Process_2023,Positive Regulation Of Release Of Sequestered Calcium Ion Into Cytosol (GO:0051281),3/33,0.5162139864134827,0.9474989025825036,0,0,1.118242830994509,0.7394200650584233,CEMIP;CD19;THY1
GO_Biological_Process_2023,Protein K63-linked Deubiquitination (GO:0070536),3/33,0.5162139864134827,0.9474989025825036,0,0,1.118242830994509,0.7394200650584233,BARD1;DEPDC1B;SHMT2
GO_Biological_Process_2023,Regulation Of Activated T Cell Proliferation (GO:0046006),3/33,0.5162139864134827,0.9474989025825036,0,0,1.118242830994509,0.7394200650584233,PRKAR1A;SCRIB;CD24
GO_Biological_Process_2023,Regulation Of Potassium Ion Transmembrane Transport (GO:1901379),3/33,0.5162139864134827,0.9474989025825036,0,0,1.118242830994509,0.7394200650584233,DLG1;STK39;KCNN4
GO_Biological_Process_2023,Cellular Response To Tumor Necrosis Factor (GO:0071356),10/119,0.5174675935548453,0.9474989025825036,0,0,1.025870210469509,0.675851888324318,AIM2;TRAF4;CCL20;STAT1;ZFAND6;TRAF5;TNFSF11;CARD14;TNFRSF21;TXNDC17
GO_Biological_Process_2023,Regulation Of Protein-Containing Complex Assembly (GO:0043254),10/119,0.5174675935548453,0.9474989025825036,0,0,1.025870210469509,0.675851888324318,LGALS3;BCL2L11;GNL3L;SYK;SAR1B;MMP1;BIK;VPS8;HJURP;SORL1
GO_Biological_Process_2023,Neutrophil Chemotaxis (GO:0030593),6/70,0.5184261898847736,0.9474989025825036,0,0,1.0483267114914423,0.6887062157124568,CXCL6;LGALS3;SYK;CCL20;SAA1;CXCL13
GO_Biological_Process_2023,Sensory Organ Development (GO:0007423),6/70,0.5184261898847736,0.9474989025825036,0,0,1.0483267114914423,0.6887062157124568,SOX2;AHI1;SIX4;RAB18;MYO7A;ASCL1
GO_Biological_Process_2023,Ras Protein Signal Transduction (GO:0007265),12/144,0.522369721200822,0.9474989025825036,0,0,1.0165086447295035,0.6601000418093297,CCNA2;RIT1;COL1A2;RACGAP1;RASGEF1A;DOK5;CDKN2A;G3BP1;EPS8L1;TNFRSF25;PLD1;RALGPS2
GO_Biological_Process_2023,Eye Development (GO:0001654),5/58,0.5229434699114631,0.9474989025825036,0,0,1.054909463929646,0.6838787209745824,SOX2;COL5A1;COL5A2;RAB18;PITX2
GO_Biological_Process_2023,Glycosaminoglycan Biosynthetic Process (GO:0006024),5/58,0.5229434699114631,0.9474989025825036,0,0,1.054909463929646,0.6838787209745824,UGDH;CEMIP;CHPF2;B3GNT3;HS3ST1
GO_Biological_Process_2023,Response To Organic Cyclic Compound (GO:0014070),5/58,0.5229434699114631,0.9474989025825036,0,0,1.054909463929646,0.6838787209745824,FOXA1;CYP27B1;CYP24A1;SPP1;PMAIP1
GO_Biological_Process_2023,Protein-Containing Complex Assembly (GO:0065003),27/328,0.5237702962055834,0.9474989025825036,0,0,1.0029293479937875,0.6485964721640867,BLM;TMED10;PDCD6;SLC2A1;IL1RAP;NOL3;CENPA;HSPD1;CAND1;CASP4;KNTC1;DLGAP5;FGB;FGA;SMAD4;CENPW;CSNK1D;HOPX;VIL1;ANLN;CENPE;CENPF;AIM2;PSMG3;MZB1;VAMP1;SRPRB
GO_Biological_Process_2023,Histone H2A Acetylation (GO:0043968),2/21,0.523852082480285,0.9474989025825036,0,0,1.1770860077021823,0.7610401555971616,MBTD1;MORF4L2
GO_Biological_Process_2023,"Maturation Of 5.8S rRNA From Tricistronic rRNA Transcript (SSU-rRNA, 5.8S rRNA, LSU-rRNA) (GO:0000466)",2/21,0.523852082480285,0.9474989025825036,0,0,1.1770860077021823,0.7610401555971616,RPP40;WDR12
GO_Biological_Process_2023,Negative Regulation Of Double-Strand Break Repair Via Homologous Recombination (GO:2000042),2/21,0.523852082480285,0.9474989025825036,0,0,1.1770860077021823,0.7610401555971616,RMI2;PARPBP
GO_Biological_Process_2023,Plasma Membrane Repair (GO:0001778),2/21,0.523852082480285,0.9474989025825036,0,0,1.1770860077021823,0.7610401555971616,MYOF;CHMP4C
GO_Biological_Process_2023,Positive Regulation Of T Cell Cytokine Production (GO:0002726),2/21,0.523852082480285,0.9474989025825036,0,0,1.1770860077021823,0.7610401555971616,DENND1B;TNFSF4
GO_Biological_Process_2023,Positive Regulation Of Heart Contraction (GO:0045823),2/21,0.523852082480285,0.9474989025825036,0,0,1.1770860077021823,0.7610401555971616,APELA;ATP2A2
GO_Biological_Process_2023,Positive Regulation Of Smoothened Signaling Pathway (GO:0045880),2/21,0.523852082480285,0.9474989025825036,0,0,1.1770860077021823,0.7610401555971616,DLG5;UCHL5
GO_Biological_Process_2023,Protein Mannosylation (GO:0035268),2/21,0.523852082480285,0.9474989025825036,0,0,1.1770860077021823,0.7610401555971616,DPY19L1;TMTC4
GO_Biological_Process_2023,Regulation Of Cell-Substrate Junction Assembly (GO:0090109),2/21,0.523852082480285,0.9474989025825036,0,0,1.1770860077021823,0.7610401555971616,EFNA5;PTK2
GO_Biological_Process_2023,Regulation Of Dendritic Spine Development (GO:0060998),2/21,0.523852082480285,0.9474989025825036,0,0,1.1770860077021823,0.7610401555971616,DLG5;FOXO6
GO_Biological_Process_2023,Retrotransposon Silencing (GO:0010526),2/21,0.523852082480285,0.9474989025825036,0,0,1.1770860077021823,0.7610401555971616,ZNF93;APOBEC3B
GO_Biological_Process_2023,Positive Regulation Of Transmembrane Receptor Protein Serine/Threonine Kinase Signaling Pathway (GO:0090100),8/95,0.5238789011224239,0.9474989025825036,0,0,1.0282080501976674,0.664731081784409,CCNA2;FLCN;SCUBE3;SMAD4;NUMA1;TTK;SULF1;TGFBR1
GO_Biological_Process_2023,Negative Regulation Of DNA-templated Transcription (GO:0045892),84/1025,0.5245773709574647,0.9474989025825036,0,0,0.9979196195563946,0.6438201651509569,ZNF254;SUV39H2;MESP1;ZNF692;ZMYND8;GMNN;FHL2;ZC3H8;IKZF1;ENO1;FOXM1;N4BP2L2;SOX2;FLCN;ZMYM2;SIX4;BASP1;CD38;MAGEA2;MAGEA3;SOX4;TGIF1;SMARCC2;EED;ZNF281;DNMT3A;CBFA2T2;RUNX2;ELF3;PAX9;DEPDC1;IRF7;TIMELESS;ZNF239;BIRC5;TRIB3;ZNF431;ZNF750;L3MBTL1;CALCA;MAGEA12;RPL10;UHRF1;TWIST1;ASCL1;AURKB;CYP27B1;RBBP4;NSD1;PRAME;ZNF224;MTA3;RREB1;RPL17;SPDEF;E2F8;BPTF;TFAP2A;SMAD4;STAT1;XRCC5;CDKN2A;ATP8B1;BCL11A;CBX3;CBX2;HMGA1;LARP7;HMGA2;NR0B1;CENPF;GCLC;DLG1;CNOT7;TNFSF4;MAGED4;GTF2IRD1;TCF3;HAMP;OGT;FRK;TRIM33;EZH2;CDK5R1
GO_Biological_Process_2023,Epigenetic Regulation Of Gene Expression (GO:0040029),7/83,0.5278532809365216,0.9474989025825036,0,0,1.029888942539836,0.6580340595216304,SUV39H2;TFAP2C;CHEK1;DNMT3A;PPHLN1;EZH2;PHF19
GO_Biological_Process_2023,T Cell Differentiation (GO:0030217),4/46,0.528740333236712,0.9474989025825036,0,0,1.0649456363742078,0.6786449464575663,GPR89A;RHOH;MR1;SOX4
GO_Biological_Process_2023,Development Of Primary Male Sexual Characteristics (GO:0046546),4/46,0.528740333236712,0.9474989025825036,0,0,1.0649456363742078,0.6786449464575663,TFAP2C;SIX4;BIK;NR0B1
GO_Biological_Process_2023,Male Gonad Development (GO:0008584),4/46,0.528740333236712,0.9474989025825036,0,0,1.0649456363742078,0.6786449464575663,TFAP2C;SIX4;BIK;NR0B1
GO_Biological_Process_2023,Negative Regulation Of Cellular Metabolic Process (GO:0031324),4/46,0.528740333236712,0.9474989025825036,0,0,1.0649456363742078,0.6786449464575663,TFAP2A;FLCN;TWIST1;HMGA2
GO_Biological_Process_2023,Positive Regulation Of Peptide Hormone Secretion (GO:0090277),4/46,0.528740333236712,0.9474989025825036,0,0,1.0649456363742078,0.6786449464575663,FGB;FGA;TNFSF11;SOX4
GO_Biological_Process_2023,Vacuolar Transport (GO:0007034),4/46,0.528740333236712,0.9474989025825036,0,0,1.0649456363742078,0.6786449464575663,AP1G2;VPS13C;VPS8;TMEM106B
GO_Biological_Process_2023,Lipid Transport (GO:0006869),9/108,0.5319487761173244,0.9474989025825036,0,0,1.0164783165395537,0.6416093263107632,ABCC3;CEACAM1;CRABP2;ATP8B1;AKR1C1;SLCO1B3;ABCA4;OSBPL2;ABCA12
GO_Biological_Process_2023,Positive Regulation Of Metabolic Process (GO:0009893),9/108,0.5319487761173244,0.9474989025825036,0,0,1.0164783165395537,0.6416093263107632,CAMK1D;SYK;ALMS1;DIO2;GNAS;LCN2;TRPM8;IGHA1;OGT
GO_Biological_Process_2023,Myeloid Leukocyte Differentiation (GO:0002573),6/71,0.5325984545873017,0.9474989025825036,0,0,1.032142185442919,0.6502366825296707,IL31RA;LIF;TNFSF11;F2RL1;CCR7;MMP9
GO_Biological_Process_2023,Negative Regulation Of Cellular Response To Growth Factor Stimulus (GO:0090288),6/71,0.5325984545873017,0.9474989025825036,0,0,1.032142185442919,0.6502366825296707,GREM1;PDCD6;SULF1;SKIL;SORL1;TRIM33
GO_Biological_Process_2023,Cellular Response To Transforming Growth Factor Beta Stimulus (GO:0071560),8/96,0.5360452274029851,0.9474989025825036,0,0,1.0164682318905085,0.6338052896472112,SMAD4;COL3A1;COL1A2;FNTA;PDCD5;TGFBR1;PTK2;OVOL2
GO_Biological_Process_2023,Regulation Of Canonical Wnt Signaling Pathway (GO:0060828),17/207,0.5363571790260848,0.9474989025825036,0,0,1.000343319838057,0.6231688338594258,JUP;CSNK1A1;EGF;TPBG;MRPS12;USP34;CSNK1D;MLLT3;SOX2;COL1A1;GREM1;SFRP4;CDH3;WNK1;MDK;SOX4;LGR4
GO_Biological_Process_2023,Cellular Response To Hydrogen Peroxide (GO:0070301),3/34,0.5367590508491792,0.9474989025825036,0,0,1.0821114369501466,0.673296207148096,PPIF;ECT2;MAPK13
GO_Biological_Process_2023,Microtubule Polymerization (GO:0046785),3/34,0.5367590508491792,0.9474989025825036,0,0,1.0821114369501466,0.673296207148096,TPX2;ZNF207;CSNK1D
GO_Biological_Process_2023,Negative Regulation Of Ras Protein Signal Transduction (GO:0046580),3/34,0.5367590508491792,0.9474989025825036,0,0,1.0821114369501466,0.673296207148096,FLCN;MAPKAP1;EPHB2
GO_Biological_Process_2023,Positive Regulation Of Carbohydrate Metabolic Process (GO:0045913),3/34,0.5367590508491792,0.9474989025825036,0,0,1.0821114369501466,0.673296207148096,PRKAA1;EGF;PMAIP1
GO_Biological_Process_2023,Positive Regulation Of Immunoglobulin Production (GO:0002639),3/34,0.5367590508491792,0.9474989025825036,0,0,1.0821114369501466,0.673296207148096,TNFSF4;MZB1;EPHB2
GO_Biological_Process_2023,Regulation Of Blood Circulation (GO:1903522),3/34,0.5367590508491792,0.9474989025825036,0,0,1.0821114369501466,0.673296207148096,CYP2J2;ACE2;ADORA3
GO_Biological_Process_2023,Regulation Of Phosphatidylinositol 3-Kinase Activity (GO:0043551),3/34,0.5367590508491792,0.9474989025825036,0,0,1.0821114369501466,0.673296207148096,CD19;CCR7;PTK2
GO_Biological_Process_2023,Response To Estrogen (GO:0043627),3/34,0.5367590508491792,0.9474989025825036,0,0,1.0821114369501466,0.673296207148096,CYP27B1;KRT19;CD24
GO_Biological_Process_2023,Superoxide Metabolic Process (GO:0006801),3/34,0.5367590508491792,0.9474989025825036,0,0,1.0821114369501466,0.673296207148096,PRDX2;NQO1;NOX4
GO_Biological_Process_2023,Regulation Of ERK1 And ERK2 Cascade (GO:0070372),20/244,0.537106520491108,0.9474989025825036,0,0,0.9982164875814692,0.6204502840501244,DUSP4;FGB;FGA;SMAD4;ARHGAP8;SYK;CCL20;PRKCA;BRAF;CCNA2;FLCN;NELL1;APELA;CEACAM1;DLG1;F2RL1;CCR7;EPHB2;FAM83D;EPHB1
GO_Biological_Process_2023,ER-associated Misfolded Protein Catabolic Process (GO:0071712),1/9,0.537524197050763,0.9474989025825036,0,0,1.397775746496039,0.8677133276831004,UGGT1
GO_Biological_Process_2023,I-kappaB Phosphorylation (GO:0007252),1/9,0.537524197050763,0.9474989025825036,0,0,1.397775746496039,0.8677133276831004,PRDX4
GO_Biological_Process_2023,SNARE Complex Assembly (GO:0035493),1/9,0.537524197050763,0.9474989025825036,0,0,1.397775746496039,0.8677133276831004,VAMP1
GO_Biological_Process_2023,Amine Metabolic Process (GO:0009308),1/9,0.537524197050763,0.9474989025825036,0,0,1.397775746496039,0.8677133276831004,SULT1C2
GO_Biological_Process_2023,Amino Sugar Metabolic Process (GO:0006040),1/9,0.537524197050763,0.9474989025825036,0,0,1.397775746496039,0.8677133276831004,GFPT1
GO_Biological_Process_2023,Apical Protein Localization (GO:0045176),1/9,0.537524197050763,0.9474989025825036,0,0,1.397775746496039,0.8677133276831004,ATP8B1
GO_Biological_Process_2023,Aspartate Transmembrane Transport (GO:0015810),1/9,0.537524197050763,0.9474989025825036,0,0,1.397775746496039,0.8677133276831004,SLC25A13
GO_Biological_Process_2023,Autophagy Of Peroxisome (GO:0030242),1/9,0.537524197050763,0.9474989025825036,0,0,1.397775746496039,0.8677133276831004,ATM
GO_Biological_Process_2023,Axon Regeneration (GO:0031103),1/9,0.537524197050763,0.9474989025825036,0,0,1.397775746496039,0.8677133276831004,DHFR
GO_Biological_Process_2023,Biomineral Tissue Development (GO:0031214),1/9,0.537524197050763,0.9474989025825036,0,0,1.397775746496039,0.8677133276831004,COL1A1
GO_Biological_Process_2023,Carbohydrate Phosphorylation (GO:0046835),1/9,0.537524197050763,0.9474989025825036,0,0,1.397775746496039,0.8677133276831004,HKDC1
GO_Biological_Process_2023,Cell Differentiation Involved In Metanephros Development (GO:0072202),1/9,0.537524197050763,0.9474989025825036,0,0,1.397775746496039,0.8677133276831004,STAT1
GO_Biological_Process_2023,Cellular Response To Prostaglandin Stimulus (GO:0071379),1/9,0.537524197050763,0.9474989025825036,0,0,1.397775746496039,0.8677133276831004,TNFSF4
GO_Biological_Process_2023,Chloride Ion Homeostasis (GO:0055064),1/9,0.537524197050763,0.9474989025825036,0,0,1.397775746496039,0.8677133276831004,SLC12A8
GO_Biological_Process_2023,Dopamine Transport (GO:0015872),1/9,0.537524197050763,0.9474989025825036,0,0,1.397775746496039,0.8677133276831004,SLC22A3
GO_Biological_Process_2023,Dosage Compensation (GO:0007549),1/9,0.537524197050763,0.9474989025825036,0,0,1.397775746496039,0.8677133276831004,METTL3
GO_Biological_Process_2023,Endodermal Cell Fate Commitment (GO:0001711),1/9,0.537524197050763,0.9474989025825036,0,0,1.397775746496039,0.8677133276831004,SOX2
GO_Biological_Process_2023,Epithelial Cilium Movement Involved In Determination Of Left/Right Asymmetry (GO:0060287),1/9,0.537524197050763,0.9474989025825036,0,0,1.397775746496039,0.8677133276831004,OFD1
GO_Biological_Process_2023,Error-Prone Translesion Synthesis (GO:0042276),1/9,0.537524197050763,0.9474989025825036,0,0,1.397775746496039,0.8677133276831004,POLE2
GO_Biological_Process_2023,Ether Lipid Biosynthetic Process (GO:0008611),1/9,0.537524197050763,0.9474989025825036,0,0,1.397775746496039,0.8677133276831004,PLA2G4A
GO_Biological_Process_2023,Forelimb Morphogenesis (GO:0035136),1/9,0.537524197050763,0.9474989025825036,0,0,1.397775746496039,0.8677133276831004,TFAP2A
GO_Biological_Process_2023,Glucan Biosynthetic Process (GO:0009250),1/9,0.537524197050763,0.9474989025825036,0,0,1.397775746496039,0.8677133276831004,GYG2
GO_Biological_Process_2023,Glycogen Biosynthetic Process (GO:0005978),1/9,0.537524197050763,0.9474989025825036,0,0,1.397775746496039,0.8677133276831004,GYG2
GO_Biological_Process_2023,Hematopoietic Stem Cell Differentiation (GO:0060218),1/9,0.537524197050763,0.9474989025825036,0,0,1.397775746496039,0.8677133276831004,MLLT3
GO_Biological_Process_2023,Histone Methylation (GO:0016571),1/9,0.537524197050763,0.9474989025825036,0,0,1.397775746496039,0.8677133276831004,SUV39H2
GO_Biological_Process_2023,Histone Ubiquitination (GO:0016574),1/9,0.537524197050763,0.9474989025825036,0,0,1.397775746496039,0.8677133276831004,UHRF1
GO_Biological_Process_2023,Hormone Transport (GO:0009914),1/9,0.537524197050763,0.9474989025825036,0,0,1.397775746496039,0.8677133276831004,SLC7A5
GO_Biological_Process_2023,Insulin Metabolic Process (GO:1901142),1/9,0.537524197050763,0.9474989025825036,0,0,1.397775746496039,0.8677133276831004,IDE
GO_Biological_Process_2023,Intestinal Cholesterol Absorption (GO:0030299),1/9,0.537524197050763,0.9474989025825036,0,0,1.397775746496039,0.8677133276831004,AKR1C1
GO_Biological_Process_2023,Ketone Biosynthetic Process (GO:0042181),1/9,0.537524197050763,0.9474989025825036,0,0,1.397775746496039,0.8677133276831004,HSD17B1
GO_Biological_Process_2023,Leucine Transport (GO:0015820),1/9,0.537524197050763,0.9474989025825036,0,0,1.397775746496039,0.8677133276831004,SLC7A5
GO_Biological_Process_2023,Lipid Import Into Cell (GO:0140354),1/9,0.537524197050763,0.9474989025825036,0,0,1.397775746496039,0.8677133276831004,SLC27A2
GO_Biological_Process_2023,Lung Epithelium Development (GO:0060428),1/9,0.537524197050763,0.9474989025825036,0,0,1.397775746496039,0.8677133276831004,GRHL2
GO_Biological_Process_2023,Microtubule Anchoring (GO:0034453),1/9,0.537524197050763,0.9474989025825036,0,0,1.397775746496039,0.8677133276831004,BICD1
GO_Biological_Process_2023,Mitochondrial Ribosome Assembly (GO:0061668),1/9,0.537524197050763,0.9474989025825036,0,0,1.397775746496039,0.8677133276831004,FASTKD2
GO_Biological_Process_2023,Mitochondrion Morphogenesis (GO:0070584),1/9,0.537524197050763,0.9474989025825036,0,0,1.397775746496039,0.8677133276831004,PNPT1
GO_Biological_Process_2023,Mitotic Nuclear Membrane Organization (GO:0101024),1/9,0.537524197050763,0.9474989025825036,0,0,1.397775746496039,0.8677133276831004,RCC1
GO_Biological_Process_2023,Mitotic Nuclear Membrane Reassembly (GO:0007084),1/9,0.537524197050763,0.9474989025825036,0,0,1.397775746496039,0.8677133276831004,RCC1
GO_Biological_Process_2023,Mitral Valve Morphogenesis (GO:0003183),1/9,0.537524197050763,0.9474989025825036,0,0,1.397775746496039,0.8677133276831004,SOX4
GO_Biological_Process_2023,Monoatomic Anion Homeostasis (GO:0055081),1/9,0.537524197050763,0.9474989025825036,0,0,1.397775746496039,0.8677133276831004,SLC12A8
GO_Biological_Process_2023,Multivesicular Body-Lysosome Fusion (GO:0061763),1/9,0.537524197050763,0.9474989025825036,0,0,1.397775746496039,0.8677133276831004,CHMP4C
GO_Biological_Process_2023,Muscle Cell Migration (GO:0014812),1/9,0.537524197050763,0.9474989025825036,0,0,1.397775746496039,0.8677133276831004,SIX1
GO_Biological_Process_2023,Myelin Assembly (GO:0032288),1/9,0.537524197050763,0.9474989025825036,0,0,1.397775746496039,0.8677133276831004,TENM4
GO_Biological_Process_2023,Negative Regulation Of Cell Adhesion Mediated By Integrin (GO:0033629),1/9,0.537524197050763,0.9474989025825036,0,0,1.397775746496039,0.8677133276831004,WNK1
GO_Biological_Process_2023,Negative Regulation Of Cell-Cell Adhesion Mediated By Cadherin (GO:2000048),1/9,0.537524197050763,0.9474989025825036,0,0,1.397775746496039,0.8677133276831004,EPCAM
GO_Biological_Process_2023,Negative Regulation Of Delayed Rectifier Potassium Channel Activity (GO:1902260),1/9,0.537524197050763,0.9474989025825036,0,0,1.397775746496039,0.8677133276831004,KCNE4
GO_Biological_Process_2023,Negative Regulation Of Heterotypic Cell-Cell Adhesion (GO:0034115),1/9,0.537524197050763,0.9474989025825036,0,0,1.397775746496039,0.8677133276831004,WNK1
GO_Biological_Process_2023,Negative Regulation Of Necroptotic Process (GO:0060546),1/9,0.537524197050763,0.9474989025825036,0,0,1.397775746496039,0.8677133276831004,PELI1
GO_Biological_Process_2023,Negative Regulation Of Phosphatidylinositol 3-Kinase Signaling (GO:0014067),1/9,0.537524197050763,0.9474989025825036,0,0,1.397775746496039,0.8677133276831004,TWIST1
GO_Biological_Process_2023,Negative Regulation Of Potassium Ion Transmembrane Transporter Activity (GO:1901017),1/9,0.537524197050763,0.9474989025825036,0,0,1.397775746496039,0.8677133276831004,STK39
GO_Biological_Process_2023,Negative Regulation Of Protein Exit From Endoplasmic Reticulum (GO:0070862),1/9,0.537524197050763,0.9474989025825036,0,0,1.397775746496039,0.8677133276831004,DERL3
GO_Biological_Process_2023,Negative Regulation Of Protein Maturation (GO:1903318),1/9,0.537524197050763,0.9474989025825036,0,0,1.397775746496039,0.8677133276831004,MAGEA3
GO_Biological_Process_2023,Negative Regulation Of Sodium Ion Transmembrane Transport (GO:1902306),1/9,0.537524197050763,0.9474989025825036,0,0,1.397775746496039,0.8677133276831004,STK39
GO_Biological_Process_2023,Negative Regulation Of Transcription By Competitive Promoter Binding (GO:0010944),1/9,0.537524197050763,0.9474989025825036,0,0,1.397775746496039,0.8677133276831004,TFAP2A
GO_Biological_Process_2023,Negative Regulation Of Vascular Endothelial Growth Factor Signaling Pathway (GO:1900747),1/9,0.537524197050763,0.9474989025825036,0,0,1.397775746496039,0.8677133276831004,SORD
GO_Biological_Process_2023,Neurotransmitter Receptor Transport To Postsynaptic Membrane (GO:0098969),1/9,0.537524197050763,0.9474989025825036,0,0,1.397775746496039,0.8677133276831004,SCRIB
GO_Biological_Process_2023,Nuclear mRNA Surveillance (GO:0071028),1/9,0.537524197050763,0.9474989025825036,0,0,1.397775746496039,0.8677133276831004,ZCCHC7
GO_Biological_Process_2023,Organic Hydroxy Compound Catabolic Process (GO:1901616),1/9,0.537524197050763,0.9474989025825036,0,0,1.397775746496039,0.8677133276831004,CYP24A1
GO_Biological_Process_2023,Peptidyl-Amino Acid Modification (GO:0018193),1/9,0.537524197050763,0.9474989025825036,0,0,1.397775746496039,0.8677133276831004,FKBP10
GO_Biological_Process_2023,Peptidyl-Lysine Acetylation (GO:0018394),1/9,0.537524197050763,0.9474989025825036,0,0,1.397775746496039,0.8677133276831004,KAT2A
GO_Biological_Process_2023,Phosphatidylethanolamine Acyl-Chain Remodeling (GO:0036152),1/9,0.537524197050763,0.9474989025825036,0,0,1.397775746496039,0.8677133276831004,LPGAT1
GO_Biological_Process_2023,Pinocytosis (GO:0006907),1/9,0.537524197050763,0.9474989025825036,0,0,1.397775746496039,0.8677133276831004,SNX5
GO_Biological_Process_2023,Positive Regulation Of ATP Metabolic Process (GO:1903580),1/9,0.537524197050763,0.9474989025825036,0,0,1.397775746496039,0.8677133276831004,ENO1
GO_Biological_Process_2023,Positive Regulation Of T Cell Apoptotic Process (GO:0070234),1/9,0.537524197050763,0.9474989025825036,0,0,1.397775746496039,0.8677133276831004,ZC3H8
GO_Biological_Process_2023,Positive Regulation Of Hippo Signaling (GO:0035332),1/9,0.537524197050763,0.9474989025825036,0,0,1.397775746496039,0.8677133276831004,DLG5
GO_Biological_Process_2023,Positive Regulation Of Leukocyte Apoptotic Process (GO:2000108),1/9,0.537524197050763,0.9474989025825036,0,0,1.397775746496039,0.8677133276831004,CDKN2A
GO_Biological_Process_2023,Positive Regulation Of mRNA 3'-End Processing (GO:0031442),1/9,0.537524197050763,0.9474989025825036,0,0,1.397775746496039,0.8677133276831004,DHX36
GO_Biological_Process_2023,Positive Regulation Of Mesenchymal Cell Proliferation (GO:0002053),1/9,0.537524197050763,0.9474989025825036,0,0,1.397775746496039,0.8677133276831004,STAT1
GO_Biological_Process_2023,Positive Regulation Of Mitochondrial Membrane Permeability (GO:0035794),1/9,0.537524197050763,0.9474989025825036,0,0,1.397775746496039,0.8677133276831004,PPIF
GO_Biological_Process_2023,Positive Regulation Of Myoblast Fusion (GO:1901741),1/9,0.537524197050763,0.9474989025825036,0,0,1.397775746496039,0.8677133276831004,CD53
GO_Biological_Process_2023,"Positive Regulation Of Phagocytosis, Engulfment (GO:0060100)",1/9,0.537524197050763,0.9474989025825036,0,0,1.397775746496039,0.8677133276831004,F2RL1
GO_Biological_Process_2023,Positive Regulation Of Platelet Activation (GO:0010572),1/9,0.537524197050763,0.9474989025825036,0,0,1.397775746496039,0.8677133276831004,PLA2G4A
GO_Biological_Process_2023,Positive Regulation Of Protein Acetylation (GO:1901985),1/9,0.537524197050763,0.9474989025825036,0,0,1.397775746496039,0.8677133276831004,PRKAA1
GO_Biological_Process_2023,Positive Regulation Of Protein Sumoylation (GO:0033235),1/9,0.537524197050763,0.9474989025825036,0,0,1.397775746496039,0.8677133276831004,PIAS3
GO_Biological_Process_2023,Positive Regulation Of rRNA Processing (GO:2000234),1/9,0.537524197050763,0.9474989025825036,0,0,1.397775746496039,0.8677133276831004,HEATR1
GO_Biological_Process_2023,Positive Regulation Of Receptor Recycling (GO:0001921),1/9,0.537524197050763,0.9474989025825036,0,0,1.397775746496039,0.8677133276831004,SCRIB
GO_Biological_Process_2023,Positive Regulation Of Smooth Muscle Contraction (GO:0045987),1/9,0.537524197050763,0.9474989025825036,0,0,1.397775746496039,0.8677133276831004,NMU
GO_Biological_Process_2023,Positive Regulation Of Vasculogenesis (GO:2001214),1/9,0.537524197050763,0.9474989025825036,0,0,1.397775746496039,0.8677133276831004,CEACAM1
GO_Biological_Process_2023,Protein O-linked Glycosylation Via Serine (GO:0018242),1/9,0.537524197050763,0.9474989025825036,0,0,1.397775746496039,0.8677133276831004,GALNT2
GO_Biological_Process_2023,Protein Insertion Into ER Membrane By Stop-Transfer Membrane-Anchor Sequence (GO:0045050),1/9,0.537524197050763,0.9474989025825036,0,0,1.397775746496039,0.8677133276831004,EMC9
GO_Biological_Process_2023,Protein Localization To Microtubule Cytoskeleton (GO:0072698),1/9,0.537524197050763,0.9474989025825036,0,0,1.397775746496039,0.8677133276831004,FAM83D
GO_Biological_Process_2023,Regulation Of ER To Golgi Vesicle-Mediated Transport (GO:0060628),1/9,0.537524197050763,0.9474989025825036,0,0,1.397775746496039,0.8677133276831004,SORL1
GO_Biological_Process_2023,Regulation Of PERK-mediated Unfolded Protein Response (GO:1903897),1/9,0.537524197050763,0.9474989025825036,0,0,1.397775746496039,0.8677133276831004,AGR2
GO_Biological_Process_2023,Regulation Of RNA Polymerase II Regulatory Region Sequence-Specific DNA Binding (GO:1903025),1/9,0.537524197050763,0.9474989025825036,0,0,1.397775746496039,0.8677133276831004,NSD1
GO_Biological_Process_2023,Regulation Of Actin Filament-Based Movement (GO:1903115),1/9,0.537524197050763,0.9474989025825036,0,0,1.397775746496039,0.8677133276831004,PDE4D
GO_Biological_Process_2023,Regulation Of Animal Organ Morphogenesis (GO:2000027),1/9,0.537524197050763,0.9474989025825036,0,0,1.397775746496039,0.8677133276831004,SAPCD2
GO_Biological_Process_2023,Regulation Of Cell-Cell Adhesion Involved In Gastrulation (GO:0070587),1/9,0.537524197050763,0.9474989025825036,0,0,1.397775746496039,0.8677133276831004,WNK1
GO_Biological_Process_2023,Regulation Of Cellular Extravasation (GO:0002691),1/9,0.537524197050763,0.9474989025825036,0,0,1.397775746496039,0.8677133276831004,THY1
GO_Biological_Process_2023,Regulation Of Complement Activation (GO:0030449),1/9,0.537524197050763,0.9474989025825036,0,0,1.397775746496039,0.8677133276831004,SUSD4
GO_Biological_Process_2023,Regulation Of Dendritic Cell Apoptotic Process (GO:2000668),1/9,0.537524197050763,0.9474989025825036,0,0,1.397775746496039,0.8677133276831004,CCR7
GO_Biological_Process_2023,Regulation Of Long-Term Synaptic Depression (GO:1900452),1/9,0.537524197050763,0.9474989025825036,0,0,1.397775746496039,0.8677133276831004,NOL3
GO_Biological_Process_2023,Regulation Of Mast Cell Activation Involved In Immune Response (GO:0033006),1/9,0.537524197050763,0.9474989025825036,0,0,1.397775746496039,0.8677133276831004,ENPP3
GO_Biological_Process_2023,Regulation Of Memory T Cell Differentiation (GO:0043380),1/9,0.537524197050763,0.9474989025825036,0,0,1.397775746496039,0.8677133276831004,TNFSF4
GO_Biological_Process_2023,Regulation Of Myeloid Leukocyte Mediated Immunity (GO:0002886),1/9,0.537524197050763,0.9474989025825036,0,0,1.397775746496039,0.8677133276831004,SYK
GO_Biological_Process_2023,Regulation Of Protein Acetylation (GO:1901983),1/9,0.537524197050763,0.9474989025825036,0,0,1.397775746496039,0.8677133276831004,MAGEA2
GO_Biological_Process_2023,Regulation Of Protein Localization To Centrosome (GO:1904779),1/9,0.537524197050763,0.9474989025825036,0,0,1.397775746496039,0.8677133276831004,BICD1
GO_Biological_Process_2023,Regulation Of Tau-Protein Kinase Activity (GO:1902947),1/9,0.537524197050763,0.9474989025825036,0,0,1.397775746496039,0.8677133276831004,SORL1
GO_Biological_Process_2023,Regulation Of Viral-Induced Cytoplasmic Pattern Recognition Receptor Signaling Pathway (GO:0039531),1/9,0.537524197050763,0.9474989025825036,0,0,1.397775746496039,0.8677133276831004,TSPAN6
GO_Biological_Process_2023,Response To Type I Interferon (GO:0034340),1/9,0.537524197050763,0.9474989025825036,0,0,1.397775746496039,0.8677133276831004,SHMT2
GO_Biological_Process_2023,Sequestering Of Extracellular Ligand From Receptor (GO:0035581),1/9,0.537524197050763,0.9474989025825036,0,0,1.397775746496039,0.8677133276831004,GREM1
GO_Biological_Process_2023,Serotonin Transport (GO:0006837),1/9,0.537524197050763,0.9474989025825036,0,0,1.397775746496039,0.8677133276831004,SLC22A3
GO_Biological_Process_2023,Skeletal Muscle Tissue Regeneration (GO:0043403),1/9,0.537524197050763,0.9474989025825036,0,0,1.397775746496039,0.8677133276831004,TMEM182
GO_Biological_Process_2023,Synaptic Vesicle Fusion To Presynaptic Active Zone Membrane (GO:0031629),1/9,0.537524197050763,0.9474989025825036,0,0,1.397775746496039,0.8677133276831004,SNAP23
GO_Biological_Process_2023,Telomere Maintenance Via Recombination (GO:0000722),1/9,0.537524197050763,0.9474989025825036,0,0,1.397775746496039,0.8677133276831004,RAD51
GO_Biological_Process_2023,Telomeric Loop Disassembly (GO:0090657),1/9,0.537524197050763,0.9474989025825036,0,0,1.397775746496039,0.8677133276831004,RECQL4
GO_Biological_Process_2023,Toxin Transport (GO:1901998),1/9,0.537524197050763,0.9474989025825036,0,0,1.397775746496039,0.8677133276831004,SLC22A3
GO_Biological_Process_2023,Type II Interferon-Mediated Signaling Pathway (GO:0060333),1/9,0.537524197050763,0.9474989025825036,0,0,1.397775746496039,0.8677133276831004,STAT1
GO_Biological_Process_2023,Vesicle Fusion With Vacuole (GO:0051469),1/9,0.537524197050763,0.9474989025825036,0,0,1.397775746496039,0.8677133276831004,CHMP4C
GO_Biological_Process_2023,Cellular Response To Chemokine (GO:1990869),5/59,0.5384660558686648,0.9474989025825036,0,0,1.0353175411208395,0.6408934653751142,CXCL6;CCL20;WNK1;STK39;CXCL13
GO_Biological_Process_2023,Glucose Metabolic Process (GO:0006006),5/59,0.5384660558686648,0.9474989025825036,0,0,1.0353175411208395,0.6408934653751142,HKDC1;SORD;ENO1;ENO3;SLC25A13
GO_Biological_Process_2023,Phospholipid Transport (GO:0015914),5/59,0.5384660558686648,0.9474989025825036,0,0,1.0353175411208395,0.6408934653751142,ATP8B1;ABCA4;OSBPL2;ATP10B;ABCA12
GO_Biological_Process_2023,Positive Regulation Of Protein Ubiquitination (GO:0031398),7/84,0.5408377929409313,0.9474989025825036,0,0,1.0164581595774256,0.6247516485831768,FANCI;DCUN1D5;PDCD6;TBC1D7;MAGEA2;TRIB3;CDK5RAP3
GO_Biological_Process_2023,Regulation Of Cysteine-Type Endopeptidase Activity Involved In Apoptotic Process (GO:0043281),7/84,0.5408377929409313,0.9474989025825036,0,0,1.0164581595774256,0.6247516485831768,SOX2;SYK;PDCD6;PDCD5;PMAIP1;SFN;MAGEA3
GO_Biological_Process_2023,Proteasomal Protein Catabolic Process (GO:0010498),18/220,0.5419444330867325,0.9474989025825036,0,0,0.9962200653562894,0.6102762477930915,NHLRC3;CSNK1A1;SIAH1;KIF14;PPP2R5C;RAD23B;PSMB7;UCHL1;PSMA3;PSMB4;SPSB1;TRIM2;PCBP2;ENC1;TRIM13;PELI1;PMAIP1;PRAME
GO_Biological_Process_2023,Cytokine-Mediated Signaling Pathway (GO:0019221),21/257,0.5423363822819545,0.9474989025825036,0,0,0.9947876912138354,0.6086795892149685,CXCL6;SMAD4;SYK;CCL20;IL37;STAT1;IL31RA;IL1RAP;OSMR;CXCL13;LRP8;TXNDC17;CEACAM1;AIM2;IRAK1;TRAF4;IL2RA;TRAF5;TNFSF11;CARD14;CRLF1
GO_Biological_Process_2023,Negative Regulation Of Developmental Process (GO:0051093),9/109,0.5433352972038905,0.9474989025825036,0,0,1.006258420085732,0.613846474984958,GREM1;SUZ12;RBBP4;BCL11A;BNIP3;PRAME;THY1;OGT;HOPX
GO_Biological_Process_2023,Golgi To Plasma Membrane Transport (GO:0006893),4/47,0.5460931337535844,0.9474989025825036,0,0,1.0401226680296447,0.629238582824608,GGA1;GOLGA4;KRT18;EXOC7
GO_Biological_Process_2023,Positive Regulation Of Lymphocyte Activation (GO:0051251),4/47,0.5460931337535844,0.9474989025825036,0,0,1.0401226680296447,0.629238582824608,TNFSF4;TNFSF11;THY1;HSPD1
GO_Biological_Process_2023,Negative Regulation Of Cell Adhesion (GO:0007162),6/72,0.546592816004549,0.9474989025825036,0,0,1.016448099577684,0.6139866420751662,ADAMDEC1;CDH1;MDK;EPHB2;GTPBP4;PTK2
GO_Biological_Process_2023,Plasma Membrane Organization (GO:0007009),6/72,0.546592816004549,0.9474989025825036,0,0,1.016448099577684,0.6139866420751662,FA2H;COL5A1;MYOF;OSBPL2;CHMP4C;TLCD1
GO_Biological_Process_2023,Transforming Growth Factor Beta Receptor Signaling Pathway (GO:0007179),6/72,0.546592816004549,0.9474989025825036,0,0,1.016448099577684,0.6139866420751662,SMAD4;COL3A1;COL1A2;FNTA;TGFBR1;PTK2
GO_Biological_Process_2023,NAD Metabolic Process (GO:0019674),2/22,0.5493831719550428,0.9474989025825036,0,0,1.118170731707317,0.6697385749723599,QPRT;NMNAT2
GO_Biological_Process_2023,Acetylcholine Receptor Signaling Pathway (GO:0095500),2/22,0.5493831719550428,0.9474989025825036,0,0,1.118170731707317,0.6697385749723599,RGS8;CDK5R1
GO_Biological_Process_2023,Blood Vessel Endothelial Cell Migration (GO:0043534),2/22,0.5493831719550428,0.9474989025825036,0,0,1.118170731707317,0.6697385749723599,GREM1;NELL1
GO_Biological_Process_2023,Cytoskeleton-Dependent Intracellular Transport (GO:0030705),2/22,0.5493831719550428,0.9474989025825036,0,0,1.118170731707317,0.6697385749723599,CCDC88A;HOOK1
GO_Biological_Process_2023,Dendritic Cell Differentiation (GO:0097028),2/22,0.5493831719550428,0.9474989025825036,0,0,1.118170731707317,0.6697385749723599,F2RL1;CCR7
GO_Biological_Process_2023,Glucose Transmembrane Transport (GO:1904659),2/22,0.5493831719550428,0.9474989025825036,0,0,1.118170731707317,0.6697385749723599,SLC2A1;SLC2A5
GO_Biological_Process_2023,Membrane Protein Ectodomain Proteolysis (GO:0006509),2/22,0.5493831719550428,0.9474989025825036,0,0,1.118170731707317,0.6697385749723599,MMP7;HM13
GO_Biological_Process_2023,Mitochondrial Cytochrome C Oxidase Assembly (GO:0033617),2/22,0.5493831719550428,0.9474989025825036,0,0,1.118170731707317,0.6697385749723599,COA1;COX20
GO_Biological_Process_2023,Negative Regulation Of Cell Communication (GO:0010648),2/22,0.5493831719550428,0.9474989025825036,0,0,1.118170731707317,0.6697385749723599,IGFBP3;LIF
GO_Biological_Process_2023,Negative Regulation Of Cell Development (GO:0010721),2/22,0.5493831719550428,0.9474989025825036,0,0,1.118170731707317,0.6697385749723599,SORL1;PTHLH
GO_Biological_Process_2023,peptidyl-L-cysteine S-palmitoylation (GO:0018230),2/22,0.5493831719550428,0.9474989025825036,0,0,1.118170731707317,0.6697385749723599,GOLGA7B;ZDHHC9
GO_Biological_Process_2023,peptidyl-S-diacylglycerol-L-cysteine Biosynthetic Process From Peptidyl-Cysteine (GO:0018231),2/22,0.5493831719550428,0.9474989025825036,0,0,1.118170731707317,0.6697385749723599,GOLGA7B;ZDHHC9
GO_Biological_Process_2023,Positive Regulation Of Protein Autophosphorylation (GO:0031954),2/22,0.5493831719550428,0.9474989025825036,0,0,1.118170731707317,0.6697385749723599,GREM1;TOM1L1
GO_Biological_Process_2023,Positive Regulation Of Viral Life Cycle (GO:1903902),2/22,0.5493831719550428,0.9474989025825036,0,0,1.118170731707317,0.6697385749723599,TMPRSS4;KPNA2
GO_Biological_Process_2023,Regulation Of Dopamine Secretion (GO:0014059),2/22,0.5493831719550428,0.9474989025825036,0,0,1.118170731707317,0.6697385749723599,SYT1;SYT13
GO_Biological_Process_2023,Regulation Of Intracellular Steroid Hormone Receptor Signaling Pathway (GO:0033143),2/22,0.5493831719550428,0.9474989025825036,0,0,1.118170731707317,0.6697385749723599,KDM4C;NR0B1
GO_Biological_Process_2023,Regulation Of Neural Precursor Cell Proliferation (GO:2000177),2/22,0.5493831719550428,0.9474989025825036,0,0,1.118170731707317,0.6697385749723599,MDK;SHCBP1
GO_Biological_Process_2023,Regulation Of Vascular Endothelial Growth Factor Receptor Signaling Pathway (GO:0030947),2/22,0.5493831719550428,0.9474989025825036,0,0,1.118170731707317,0.6697385749723599,NELL1;PDCD6
GO_Biological_Process_2023,snRNA 3'-End Processing (GO:0034472),2/22,0.5493831719550428,0.9474989025825036,0,0,1.118170731707317,0.6697385749723599,INTS7;INTS8
GO_Biological_Process_2023,Integrin-Mediated Signaling Pathway (GO:0007229),7/85,0.5536731553809126,0.9474989025825036,0,0,1.0033717556653337,0.593174055578095,NELL1;CEACAM1;COL3A1;SYK;THY1;CDH17;PTK2
GO_Biological_Process_2023,Nuclear-Transcribed mRNA Catabolic Process (GO:0000956),7/85,0.5536731553809126,0.9474989025825036,0,0,1.0033717556653337,0.593174055578095,ZC3H12D;CNOT7;CNOT11;MRTO4;SAMD4B;ATM;GSPT1
GO_Biological_Process_2023,Regulation Of JNK Cascade (GO:0046328),9/110,0.5546148727372283,0.9474989025825036,0,0,0.9962408978191144,0.587265408557849,UNC5CL;TRAF4;TRAF5;MARVELD3;CD27;F2RL1;CCR7;EPHB1;MAP4K4
GO_Biological_Process_2023,Response To Lipid (GO:0033993),9/110,0.5546148727372283,0.9474989025825036,0,0,0.9962408978191144,0.587265408557849,FOXA1;CYP27B1;CYP24A1;IRAK1;CPS1;SYK;PELI1;SPP1;ASCL1
GO_Biological_Process_2023,Adherens Junction Organization (GO:0034332),3/35,0.556796237450091,0.9474989025825036,0,0,1.048238255033557,0.6138021236020604,CDH3;CDH1;CDH17
GO_Biological_Process_2023,Intrinsic Apoptotic Signaling Pathway By P53 Class Mediator (GO:0072332),3/35,0.556796237450091,0.9474989025825036,0,0,1.048238255033557,0.6138021236020604,HINT1;CASP6;PMAIP1
GO_Biological_Process_2023,Protein Methylation (GO:0006479),3/35,0.556796237450091,0.9474989025825036,0,0,1.048238255033557,0.6138021236020604,PRMT3;METTL21A;GSPT1
GO_Biological_Process_2023,Regulation Of Axon Extension (GO:0030516),3/35,0.556796237450091,0.9474989025825036,0,0,1.048238255033557,0.6138021236020604,GOLGA4;CTTN;MAP3K13
GO_Biological_Process_2023,Regulation Of Cardiac Muscle Contraction (GO:0055117),3/35,0.556796237450091,0.9474989025825036,0,0,1.048238255033557,0.6138021236020604,PDE4D;RNF207;ATP2A2
GO_Biological_Process_2023,Regulation Of Regulated Secretory Pathway (GO:1903305),3/35,0.556796237450091,0.9474989025825036,0,0,1.048238255033557,0.6138021236020604,SYT1;RAB15;SYT13
GO_Biological_Process_2023,Response To Nutrient Levels (GO:0031667),3/35,0.556796237450091,0.9474989025825036,0,0,1.048238255033557,0.6138021236020604,PRKAA1;LGSN;MAPKAP1
GO_Biological_Process_2023,Cellular Response To Reactive Oxygen Species (GO:0034614),6/73,0.5603969207388609,0.9474989025825036,0,0,1.0012224938875305,0.5798179176756015,PPIF;ATM;ECT2;MMP9;PEX13;MAPK13
GO_Biological_Process_2023,Granulocyte Chemotaxis (GO:0071621),6/73,0.5603969207388609,0.9474989025825036,0,0,1.0012224938875305,0.5798179176756015,CXCL6;LGALS3;SYK;CCL20;SAA1;CXCL13
GO_Biological_Process_2023,Organonitrogen Compound Biosynthetic Process (GO:1901566),10/123,0.5605745822706639,0.9474989025825036,0,0,0.989339319798716,0.5726226546243727,SLC44A5;ALDH3B2;FA2H;SGPL1;CERS6;CPS1;PRKD3;MOCOS;PLA2G4A;SGPP2
GO_Biological_Process_2023,Defense Response To Symbiont (GO:0140546),12/148,0.5616054755716011,0.9474989025825036,0,0,0.9863948033201012,0.5691060809160546,SLFN13;BPIFA1;CNOT7;AIM2;STAT1;BNIP3;MX2;G3BP1;IRF7;PMAIP1;F2RL1;APOBEC3B
GO_Biological_Process_2023,Chloride Transmembrane Transport (GO:1902476),4/48,0.5631074092759133,0.9474989025825036,0,0,1.0164280164280164,0.5837192503847968,ANO9;GABRE;SLC1A7;SLC12A8
GO_Biological_Process_2023,Oligosaccharide Metabolic Process (GO:0009311),4/48,0.5631074092759133,0.9474989025825036,0,0,1.0164280164280164,0.5837192503847968,ST6GALNAC1;FUT8;FUT2;FUT3
GO_Biological_Process_2023,Positive Regulation Of Reactive Oxygen Species Metabolic Process (GO:2000379),4/48,0.5631074092759133,0.9474989025825036,0,0,1.0164280164280164,0.5837192503847968,SYK;AKR1C1;SORD;F2RL1
GO_Biological_Process_2023,"Retrograde Vesicle-Mediated Transport, Golgi To Endoplasmic Reticulum (GO:0006890)",4/48,0.5631074092759133,0.9474989025825036,0,0,1.0164280164280164,0.5837192503847968,COPA;TMED10;KDELR2;KDELR3
GO_Biological_Process_2023,Negative Regulation Of Intrinsic Apoptotic Signaling Pathway (GO:2001243),5/61,0.5687824613200105,0.9474989025825036,0,0,0.9982328300898856,0.5632600970891788,PPIF;ENO1;NOL3;MMP9;MAGEA3
GO_Biological_Process_2023,Negative Regulation Of Viral Process (GO:0048525),5/61,0.5687824613200105,0.9474989025825036,0,0,0.9982328300898856,0.5632600970891788,STAT1;TRIM13;LARP7;LTF;SRPK1
GO_Biological_Process_2023,Axon Guidance (GO:0007411),12/149,0.5712225291398009,0.9474989025825036,0,0,0.9791411042944784,0.5482959370756325,NELL1;TRIO;SEMA4B;SIAH1;PLEKHG4B;EPHB2;EFNA5;EPHB1;EFNA4;IGSF9;PTK2;CDK5R1
GO_Biological_Process_2023,Negative Regulation Of Protein Phosphorylation (GO:0001933),12/149,0.5712225291398009,0.9474989025825036,0,0,0.9791411042944784,0.5482959370756325,GREM1;CEACAM1;DEPTOR;IGFBP3;PDE4D;DNAJC10;SORD;TRIB3;SFN;THY1;EPHB2;CDK5RAP3
GO_Biological_Process_2023,U2-type Prespliceosome Assembly (GO:1903241),2/23,0.5739343690600991,0.9474989025825036,0,0,1.0648664343786296,0.591256682683289,SNRPA1;SNRPE
GO_Biological_Process_2023,Artery Development (GO:0060840),2/23,0.5739343690600991,0.9474989025825036,0,0,1.0648664343786296,0.591256682683289,NELL1;TGFBR1
GO_Biological_Process_2023,Cellular Lipid Catabolic Process (GO:0044242),2/23,0.5739343690600991,0.9474989025825036,0,0,1.0648664343786296,0.591256682683289,PLD1;SMPDL3B
GO_Biological_Process_2023,Glial Cell Development (GO:0021782),2/23,0.5739343690600991,0.9474989025825036,0,0,1.0648664343786296,0.591256682683289,NSUN5;MDK
GO_Biological_Process_2023,Hepaticobiliary System Development (GO:0061008),2/23,0.5739343690600991,0.9474989025825036,0,0,1.0648664343786296,0.591256682683289,LSR;CDK5RAP3
GO_Biological_Process_2023,Lymphocyte Activation Involved In Immune Response (GO:0002285),2/23,0.5739343690600991,0.9474989025825036,0,0,1.0648664343786296,0.591256682683289,MDK;F2RL1
GO_Biological_Process_2023,Microtubule Nucleation (GO:0007020),2/23,0.5739343690600991,0.9474989025825036,0,0,1.0648664343786296,0.591256682683289,TPX2;CSNK1D
GO_Biological_Process_2023,Negative Regulation Of Extrinsic Apoptotic Signaling Pathway Via Death Domain Receptors (GO:1902042),2/23,0.5739343690600991,0.9474989025825036,0,0,1.0648664343786296,0.591256682683289,FGB;FGA
GO_Biological_Process_2023,Negative Regulation Of Protein Depolymerization (GO:1901880),2/23,0.5739343690600991,0.9474989025825036,0,0,1.0648664343786296,0.591256682683289,TPX2;CKAP2
GO_Biological_Process_2023,Nuclear Membrane Reassembly (GO:0031468),2/23,0.5739343690600991,0.9474989025825036,0,0,1.0648664343786296,0.591256682683289,CHMP4C;RCC1
GO_Biological_Process_2023,Positive Regulation Of Neuron Apoptotic Process (GO:0043525),2/23,0.5739343690600991,0.9474989025825036,0,0,1.0648664343786296,0.591256682683289,TFAP2A;CDK5R1
GO_Biological_Process_2023,Protein Localization To Cell Junction (GO:1902414),2/23,0.5739343690600991,0.9474989025825036,0,0,1.0648664343786296,0.591256682683289,DSP;MARVELD3
GO_Biological_Process_2023,Protein Targeting To ER (GO:0045047),2/23,0.5739343690600991,0.9474989025825036,0,0,1.0648664343786296,0.591256682683289,SRPRB;GET4
GO_Biological_Process_2023,Regulation Of Axon Extension Involved In Axon Guidance (GO:0048841),2/23,0.5739343690600991,0.9474989025825036,0,0,1.0648664343786296,0.591256682683289,NELL1;SEMA4B
GO_Biological_Process_2023,Regulation Of Cardiac Muscle Hypertrophy (GO:0010611),2/23,0.5739343690600991,0.9474989025825036,0,0,1.0648664343786296,0.591256682683289,SMAD4;PRKCA
GO_Biological_Process_2023,Regulation Of Cellular Response To Transforming Growth Factor Beta Stimulus (GO:1903844),2/23,0.5739343690600991,0.9474989025825036,0,0,1.0648664343786296,0.591256682683289,SMAD4;TRIM33
GO_Biological_Process_2023,Regulation Of Myotube Differentiation (GO:0010830),2/23,0.5739343690600991,0.9474989025825036,0,0,1.0648664343786296,0.591256682683289,CEACAM5;FBXO22
GO_Biological_Process_2023,Regulation Of Toll-Like Receptor 4 Signaling Pathway (GO:0034143),2/23,0.5739343690600991,0.9474989025825036,0,0,1.0648664343786296,0.591256682683289,F2RL1;LTF
GO_Biological_Process_2023,Response To BMP (GO:0071772),2/23,0.5739343690600991,0.9474989025825036,0,0,1.0648664343786296,0.591256682683289,SMAD4;RUNX2
GO_Biological_Process_2023,N-acetylneuraminate Metabolic Process (GO:0006054),1/10,0.5755104594499487,0.9474989025825036,0,0,1.2423996208274088,0.6864231521989539,NPL
GO_Biological_Process_2023,SRP-dependent Cotranslational Protein Targeting To Membrane (GO:0006614),1/10,0.5755104594499487,0.9474989025825036,0,0,1.2423996208274088,0.6864231521989539,SRPRB
GO_Biological_Process_2023,Actin Filament Depolymerization (GO:0030042),1/10,0.5755104594499487,0.9474989025825036,0,0,1.2423996208274088,0.6864231521989539,VIL1
GO_Biological_Process_2023,Alpha-Amino Acid Biosynthetic Process (GO:1901607),1/10,0.5755104594499487,0.9474989025825036,0,0,1.2423996208274088,0.6864231521989539,CPS1
GO_Biological_Process_2023,Angiogenesis Involved In Wound Healing (GO:0060055),1/10,0.5755104594499487,0.9474989025825036,0,0,1.2423996208274088,0.6864231521989539,HPSE
GO_Biological_Process_2023,Atrial Septum Morphogenesis (GO:0060413),1/10,0.5755104594499487,0.9474989025825036,0,0,1.2423996208274088,0.6864231521989539,SOX4
GO_Biological_Process_2023,Branched-Chain Amino Acid Transport (GO:0015803),1/10,0.5755104594499487,0.9474989025825036,0,0,1.2423996208274088,0.6864231521989539,SLC7A5
GO_Biological_Process_2023,Cell Proliferation In Forebrain (GO:0021846),1/10,0.5755104594499487,0.9474989025825036,0,0,1.2423996208274088,0.6864231521989539,KIF14
GO_Biological_Process_2023,Coenzyme A Biosynthetic Process (GO:0015937),1/10,0.5755104594499487,0.9474989025825036,0,0,1.2423996208274088,0.6864231521989539,SLC25A16
GO_Biological_Process_2023,Columnar/Cuboidal Epithelial Cell Differentiation (GO:0002065),1/10,0.5755104594499487,0.9474989025825036,0,0,1.2423996208274088,0.6864231521989539,SOX4
GO_Biological_Process_2023,Copper Ion Transport (GO:0006825),1/10,0.5755104594499487,0.9474989025825036,0,0,1.2423996208274088,0.6864231521989539,SLC11A2
GO_Biological_Process_2023,Diol Metabolic Process (GO:0034311),1/10,0.5755104594499487,0.9474989025825036,0,0,1.2423996208274088,0.6864231521989539,SGPP2
GO_Biological_Process_2023,Endosomal Vesicle Fusion (GO:0034058),1/10,0.5755104594499487,0.9474989025825036,0,0,1.2423996208274088,0.6864231521989539,VPS8
GO_Biological_Process_2023,Epithelial Cell Apoptotic Process (GO:1904019),1/10,0.5755104594499487,0.9474989025825036,0,0,1.2423996208274088,0.6864231521989539,CASP6
GO_Biological_Process_2023,Establishment Of Epithelial Cell Apical/Basal Polarity (GO:0045198),1/10,0.5755104594499487,0.9474989025825036,0,0,1.2423996208274088,0.6864231521989539,SYNE4
GO_Biological_Process_2023,Heme Catabolic Process (GO:0042167),1/10,0.5755104594499487,0.9474989025825036,0,0,1.2423996208274088,0.6864231521989539,SLCO1B3
GO_Biological_Process_2023,Histone H3-K14 Acetylation (GO:0044154),1/10,0.5755104594499487,0.9474989025825036,0,0,1.2423996208274088,0.6864231521989539,KAT2A
GO_Biological_Process_2023,Insulin-Like Growth Factor Receptor Signaling Pathway (GO:0048009),1/10,0.5755104594499487,0.9474989025825036,0,0,1.2423996208274088,0.6864231521989539,GIGYF2
GO_Biological_Process_2023,Mitochondrial Protein Processing (GO:0034982),1/10,0.5755104594499487,0.9474989025825036,0,0,1.2423996208274088,0.6864231521989539,YME1L1
GO_Biological_Process_2023,Monoamine Transport (GO:0015844),1/10,0.5755104594499487,0.9474989025825036,0,0,1.2423996208274088,0.6864231521989539,SLC22A3
GO_Biological_Process_2023,Monocyte Differentiation (GO:0030224),1/10,0.5755104594499487,0.9474989025825036,0,0,1.2423996208274088,0.6864231521989539,IL31RA
GO_Biological_Process_2023,Negative Regulation Of T-helper Cell Differentiation (GO:0045623),1/10,0.5755104594499487,0.9474989025825036,0,0,1.2423996208274088,0.6864231521989539,TNFSF4
GO_Biological_Process_2023,Negative Regulation Of Glycolytic Process (GO:0045820),1/10,0.5755104594499487,0.9474989025825036,0,0,1.2423996208274088,0.6864231521989539,FLCN
GO_Biological_Process_2023,Negative Regulation Of Homotypic Cell-Cell Adhesion (GO:0034111),1/10,0.5755104594499487,0.9474989025825036,0,0,1.2423996208274088,0.6864231521989539,CEACAM1
GO_Biological_Process_2023,Negative Regulation Of Hydrogen Peroxide-Induced Cell Death (GO:1903206),1/10,0.5755104594499487,0.9474989025825036,0,0,1.2423996208274088,0.6864231521989539,PYCR1
GO_Biological_Process_2023,Negative Regulation Of Inclusion Body Assembly (GO:0090084),1/10,0.5755104594499487,0.9474989025825036,0,0,1.2423996208274088,0.6864231521989539,SORL1
GO_Biological_Process_2023,Negative Regulation Of Interleukin-17 Production (GO:0032700),1/10,0.5755104594499487,0.9474989025825036,0,0,1.2423996208274088,0.6864231521989539,TNFSF4
GO_Biological_Process_2023,Negative Regulation Of Lipopolysaccharide-Mediated Signaling Pathway (GO:0031665),1/10,0.5755104594499487,0.9474989025825036,0,0,1.2423996208274088,0.6864231521989539,LTF
GO_Biological_Process_2023,Negative Regulation Of Pathway-Restricted SMAD Protein Phosphorylation (GO:0060394),1/10,0.5755104594499487,0.9474989025825036,0,0,1.2423996208274088,0.6864231521989539,GREM1
GO_Biological_Process_2023,Negative Regulation Of Programmed Necrotic Cell Death (GO:0062099),1/10,0.5755104594499487,0.9474989025825036,0,0,1.2423996208274088,0.6864231521989539,PELI1
GO_Biological_Process_2023,Negative Regulation Of Sodium Ion Transmembrane Transporter Activity (GO:2000650),1/10,0.5755104594499487,0.9474989025825036,0,0,1.2423996208274088,0.6864231521989539,STK39
GO_Biological_Process_2023,Negative Regulation Of Steroid Biosynthetic Process (GO:0010894),1/10,0.5755104594499487,0.9474989025825036,0,0,1.2423996208274088,0.6864231521989539,NR0B1
GO_Biological_Process_2023,Negative Regulation Of Transmembrane Transport (GO:0034763),1/10,0.5755104594499487,0.9474989025825036,0,0,1.2423996208274088,0.6864231521989539,OAZ3
GO_Biological_Process_2023,Negative Regulation Of Vascular Endothelial Growth Factor Receptor Signaling Pathway (GO:0030948),1/10,0.5755104594499487,0.9474989025825036,0,0,1.2423996208274088,0.6864231521989539,PDCD6
GO_Biological_Process_2023,Nuclear Pore Complex Assembly (GO:0051292),1/10,0.5755104594499487,0.9474989025825036,0,0,1.2423996208274088,0.6864231521989539,NDC1
GO_Biological_Process_2023,Omega-Hydroxylase P450 Pathway (GO:0097267),1/10,0.5755104594499487,0.9474989025825036,0,0,1.2423996208274088,0.6864231521989539,CYP4F11
GO_Biological_Process_2023,Peptidyl-Proline Hydroxylation (GO:0019511),1/10,0.5755104594499487,0.9474989025825036,0,0,1.2423996208274088,0.6864231521989539,EGLN3
GO_Biological_Process_2023,Positive Regulation Of DNA Methylation-Dependent Heterochromatin Formation (GO:0090309),1/10,0.5755104594499487,0.9474989025825036,0,0,1.2423996208274088,0.6864231521989539,PPHLN1
GO_Biological_Process_2023,Positive Regulation Of Actin Nucleation (GO:0051127),1/10,0.5755104594499487,0.9474989025825036,0,0,1.2423996208274088,0.6864231521989539,SCIN
GO_Biological_Process_2023,Positive Regulation Of Cellular Senescence (GO:2000774),1/10,0.5755104594499487,0.9474989025825036,0,0,1.2423996208274088,0.6864231521989539,ARG2
GO_Biological_Process_2023,Positive Regulation Of Cholesterol Metabolic Process (GO:0090205),1/10,0.5755104594499487,0.9474989025825036,0,0,1.2423996208274088,0.6864231521989539,PRKAA1
GO_Biological_Process_2023,Positive Regulation Of Dendrite Development (GO:1900006),1/10,0.5755104594499487,0.9474989025825036,0,0,1.2423996208274088,0.6864231521989539,LRP8
GO_Biological_Process_2023,Positive Regulation Of Interleukin-13 Production (GO:0032736),1/10,0.5755104594499487,0.9474989025825036,0,0,1.2423996208274088,0.6864231521989539,TNFSF4
GO_Biological_Process_2023,Positive Regulation Of Lipid Localization (GO:1905954),1/10,0.5755104594499487,0.9474989025825036,0,0,1.2423996208274088,0.6864231521989539,HILPDA
GO_Biological_Process_2023,Positive Regulation Of Non-Canonical Wnt Signaling Pathway (GO:2000052),1/10,0.5755104594499487,0.9474989025825036,0,0,1.2423996208274088,0.6864231521989539,MLLT3
GO_Biological_Process_2023,Positive Regulation Of Post-Transcriptional Gene Silencing By RNA (GO:1900370),1/10,0.5755104594499487,0.9474989025825036,0,0,1.2423996208274088,0.6864231521989539,XPO5
GO_Biological_Process_2023,Positive Regulation Of Voltage-Gated Potassium Channel Activity (GO:1903818),1/10,0.5755104594499487,0.9474989025825036,0,0,1.2423996208274088,0.6864231521989539,RNF207
GO_Biological_Process_2023,Protein Kinase C-activating G Protein-Coupled Receptor Signaling Pathway (GO:0007205),1/10,0.5755104594499487,0.9474989025825036,0,0,1.2423996208274088,0.6864231521989539,PRKD3
GO_Biological_Process_2023,Protein Localization To Endosome (GO:0036010),1/10,0.5755104594499487,0.9474989025825036,0,0,1.2423996208274088,0.6864231521989539,NELL1
GO_Biological_Process_2023,Purine Nucleoside Bisphosphate Biosynthetic Process (GO:0034033),1/10,0.5755104594499487,0.9474989025825036,0,0,1.2423996208274088,0.6864231521989539,SLC25A16
GO_Biological_Process_2023,Purine Ribonucleoside Triphosphate Biosynthetic Process (GO:0009206),1/10,0.5755104594499487,0.9474989025825036,0,0,1.2423996208274088,0.6864231521989539,SLC25A13
GO_Biological_Process_2023,Regulation Of T-helper 2 Cell Cytokine Production (GO:2000551),1/10,0.5755104594499487,0.9474989025825036,0,0,1.2423996208274088,0.6864231521989539,DENND1B
GO_Biological_Process_2023,Regulation Of Cardiac Muscle Cell Apoptotic Process (GO:0010665),1/10,0.5755104594499487,0.9474989025825036,0,0,1.2423996208274088,0.6864231521989539,MDK
GO_Biological_Process_2023,Regulation Of Cysteine-Type Endopeptidase Activity Involved In Apoptotic Signaling Pathway (GO:2001267),1/10,0.5755104594499487,0.9474989025825036,0,0,1.2423996208274088,0.6864231521989539,MMP9
GO_Biological_Process_2023,Regulation Of Dendritic Cell Differentiation (GO:2001198),1/10,0.5755104594499487,0.9474989025825036,0,0,1.2423996208274088,0.6864231521989539,LGALS3
GO_Biological_Process_2023,Regulation Of Gene Expression By Genomic Imprinting (GO:0006349),1/10,0.5755104594499487,0.9474989025825036,0,0,1.2423996208274088,0.6864231521989539,DNMT3A
GO_Biological_Process_2023,Regulation Of Lipid Transport (GO:0032368),1/10,0.5755104594499487,0.9474989025825036,0,0,1.2423996208274088,0.6864231521989539,SAR1B
GO_Biological_Process_2023,Regulation Of Melanin Biosynthetic Process (GO:0048021),1/10,0.5755104594499487,0.9474989025825036,0,0,1.2423996208274088,0.6864231521989539,CDH3
GO_Biological_Process_2023,Regulation Of Microtubule Nucleation (GO:0010968),1/10,0.5755104594499487,0.9474989025825036,0,0,1.2423996208274088,0.6864231521989539,PAK1
GO_Biological_Process_2023,Regulation Of Mitochondrial Depolarization (GO:0051900),1/10,0.5755104594499487,0.9474989025825036,0,0,1.2423996208274088,0.6864231521989539,MLLT11
GO_Biological_Process_2023,Regulation Of Opsonization (GO:1903027),1/10,0.5755104594499487,0.9474989025825036,0,0,1.2423996208274088,0.6864231521989539,C4BPB
GO_Biological_Process_2023,"Regulation Of Phagocytosis, Engulfment (GO:0060099)",1/10,0.5755104594499487,0.9474989025825036,0,0,1.2423996208274088,0.6864231521989539,F2RL1
GO_Biological_Process_2023,Regulation Of Respiratory Burst (GO:0060263),1/10,0.5755104594499487,0.9474989025825036,0,0,1.2423996208274088,0.6864231521989539,IGHA1
GO_Biological_Process_2023,Regulation Of Smooth Muscle Cell Apoptotic Process (GO:0034391),1/10,0.5755104594499487,0.9474989025825036,0,0,1.2423996208274088,0.6864231521989539,CDKN2A
GO_Biological_Process_2023,Regulation Of Synapse Maturation (GO:0090128),1/10,0.5755104594499487,0.9474989025825036,0,0,1.2423996208274088,0.6864231521989539,CDC20
GO_Biological_Process_2023,Regulation Of Toll-Like Receptor 2 Signaling Pathway (GO:0034135),1/10,0.5755104594499487,0.9474989025825036,0,0,1.2423996208274088,0.6864231521989539,F2RL1
GO_Biological_Process_2023,Regulation Of Triglyceride Catabolic Process (GO:0010896),1/10,0.5755104594499487,0.9474989025825036,0,0,1.2423996208274088,0.6864231521989539,SORL1
GO_Biological_Process_2023,Response To Sterol (GO:0036314),1/10,0.5755104594499487,0.9474989025825036,0,0,1.2423996208274088,0.6864231521989539,TGFBR1
GO_Biological_Process_2023,Ribonucleoside Bisphosphate Biosynthetic Process (GO:0034030),1/10,0.5755104594499487,0.9474989025825036,0,0,1.2423996208274088,0.6864231521989539,SLC25A16
GO_Biological_Process_2023,Surfactant Homeostasis (GO:0043129),1/10,0.5755104594499487,0.9474989025825036,0,0,1.2423996208274088,0.6864231521989539,BPIFA1
GO_Biological_Process_2023,tRNA Threonylcarbamoyladenosine Metabolic Process (GO:0070525),1/10,0.5755104594499487,0.9474989025825036,0,0,1.2423996208274088,0.6864231521989539,LAGE3
GO_Biological_Process_2023,Thyroid Hormone Generation (GO:0006590),1/10,0.5755104594499487,0.9474989025825036,0,0,1.2423996208274088,0.6864231521989539,DIO2
GO_Biological_Process_2023,Urogenital System Development (GO:0001655),1/10,0.5755104594499487,0.9474989025825036,0,0,1.2423996208274088,0.6864231521989539,EPHB2
GO_Biological_Process_2023,Vacuole Fusion (GO:0097576),1/10,0.5755104594499487,0.9474989025825036,0,0,1.2423996208274088,0.6864231521989539,CHMP4C
GO_Biological_Process_2023,"DNA Damage Response, Signal Transduction By P53 Class Mediator (GO:0030330)",3/36,0.5763031797067788,0.9474989025825036,0,0,1.0164179932331243,0.5601697105709347,ATM;FOXM1;GTSE1
GO_Biological_Process_2023,Histone Deacetylation (GO:0016575),3/36,0.5763031797067788,0.9474989025825036,0,0,1.0164179932331243,0.5601697105709347,RBBP4;MORF4L2;MTA3
GO_Biological_Process_2023,Negative Regulation Of Protein Kinase B Signaling (GO:0051898),3/36,0.5763031797067788,0.9474989025825036,0,0,1.0164179932331243,0.5601697105709347,FLCN;PDCD6;SORD
GO_Biological_Process_2023,Neural Crest Cell Migration (GO:0001755),3/36,0.5763031797067788,0.9474989025825036,0,0,1.0164179932331243,0.5601697105709347,NELL1;SEMA4B;PITX2
GO_Biological_Process_2023,Positive Regulation Of Myeloid Cell Differentiation (GO:0045639),3/36,0.5763031797067788,0.9474989025825036,0,0,1.0164179932331243,0.5601697105709347,SCIN;STAT1;TESC
GO_Biological_Process_2023,Receptor Signaling Pathway Via JAK-STAT (GO:0007259),3/36,0.5763031797067788,0.9474989025825036,0,0,1.0164179932331243,0.5601697105709347,STAT1;IL31RA;PTK6
GO_Biological_Process_2023,Regulation Of Type II Interferon Production (GO:0032649),7/87,0.5788578508661457,0.9487058815538588,0,0,0.9781804281345564,0.5347696158457425,SLC7A5;PDE4D;TNFSF4;F2RL1;CCR7;SCRIB;HSPD1
GO_Biological_Process_2023,Erythrocyte Differentiation (GO:0030218),4/49,0.5797660263025063,0.9487058815538588,0,0,0.9937864604531272,0.5417434688446205,RACGAP1;FLVCR1;IKZF1;CDK5RAP3
GO_Biological_Process_2023,Negative Regulation Of Cysteine-Type Endopeptidase Activity Involved In Apoptotic Process (GO:0043154),4/49,0.5797660263025063,0.9487058815538588,0,0,0.9937864604531272,0.5417434688446205,SFN;NOL3;MMP9;MAGEA3
GO_Biological_Process_2023,Response To UV (GO:0009411),8/100,0.5834234331668376,0.9487058815538588,0,0,0.9720610930764728,0.5237873977589357,FEN1;NPM1;METTL3;DHX36;IVL;AURKB;RHNO1;MAPK13
GO_Biological_Process_2023,Cell Junction Organization (GO:0034330),5/62,0.5835484638198418,0.9487058815538588,0,0,0.9806663880225917,0.5282141532261028,VMP1;CLDN3;MARVELD3;PPFIA1;GRHL2
GO_Biological_Process_2023,Regulation Of Embryonic Development (GO:0045995),5/62,0.5835484638198418,0.9487058815538588,0,0,0.9806663880225917,0.5282141532261028,KAT2A;RACGAP1;DHX36;CDK1;UCHL5
GO_Biological_Process_2023,Axonogenesis (GO:0007409),15/188,0.5849544062645665,0.9487058815538588,0,0,0.9691051653633944,0.5196549021557193,TRIO;SEMA4B;SIAH1;EFNA5;S100B;EFNA4;IGSF9;PTK2;NELL1;PLEKHG4B;S100A6;EPHB2;EPHB1;NEFH;CDK5R1
GO_Biological_Process_2023,Negative Regulation Of Phosphorylation (GO:0042326),6/75,0.5873897996023213,0.9487058815538588,0,0,0.9720952482194112,0.5172194385822418,CDKN2A;IGFBP3;DNAJC10;SORD;EPHB2;CDK5RAP3
GO_Biological_Process_2023,Nucleosome Organization (GO:0034728),6/75,0.5873897996023213,0.9487058815538588,0,0,0.9720952482194112,0.5172194385822418,NPM1;SMARCC2;RBBP4;HMGA1;CHD2;ARID2
GO_Biological_Process_2023,Regulation Of Plasma Membrane Bounded Cell Projection Assembly (GO:0120032),6/75,0.5873897996023213,0.9487058815538588,0,0,0.9720952482194112,0.5172194385822418,USP6NL;RABGAP1;ATP8B1;CCR7;PLD1;TBC1D16
GO_Biological_Process_2023,Regulation Of Protein Ubiquitination (GO:0031396),9/113,0.5877429929966994,0.9487058815538588,0,0,0.9673441989731028,0.5141100813166686,FANCI;GNL3L;PRMT3;TBC1D7;OGT;CDK5RAP3;SOX4;GTPBP4;TGFBR1
GO_Biological_Process_2023,Positive Regulation Of Plasma Membrane Bounded Cell Projection Assembly (GO:0120034),7/88,0.5911895927035632,0.9487058815538588,0,0,0.9660512704345527,0.5077744324257877,ACTR2;ANLN;CCDC88A;NELL1;EPS8L1;F2RL1;CCR7
GO_Biological_Process_2023,Melanosome Organization (GO:0032438),3/37,0.5952619071824835,0.9487058815538588,0,0,0.9864695115385996,0.5117347979768214,HPS1;AP1S1;HPS3
GO_Biological_Process_2023,Negative Regulation Of Endothelial Cell Proliferation (GO:0001937),3/37,0.5952619071824835,0.9487058815538588,0,0,0.9864695115385996,0.5117347979768214,STAT1;SORD;SULF1
GO_Biological_Process_2023,Positive Regulation Of Exocytosis (GO:0045921),3/37,0.5952619071824835,0.9487058815538588,0,0,0.9864695115385996,0.5117347979768214,FGB;FGA;RAB15
GO_Biological_Process_2023,Positive Regulation Of Signaling (GO:0023056),3/37,0.5952619071824835,0.9487058815538588,0,0,0.9864695115385996,0.5117347979768214,SYT1;NMU;SCRIB
GO_Biological_Process_2023,Protein Acylation (GO:0043543),3/37,0.5952619071824835,0.9487058815538588,0,0,0.9864695115385996,0.5117347979768214,KAT2A;ZDHHC9;ZDHHC13
GO_Biological_Process_2023,Regulation Of p38MAPK Cascade (GO:1900744),3/37,0.5952619071824835,0.9487058815538588,0,0,0.9864695115385996,0.5117347979768214,DLG1;STK39;SORD
GO_Biological_Process_2023,Regulation Of TORC1 Signaling (GO:1903432),4/50,0.596054185424994,0.9487058815538588,0,0,0.9721293199554067,0.5030027504912508,FLCN;DEPTOR;SLC38A9;ATM
GO_Biological_Process_2023,Regulation Of Mitochondrion Organization (GO:0010821),4/50,0.596054185424994,0.9487058815538588,0,0,0.9721293199554067,0.5030027504912508,FLCN;SLC30A9;INF2;MYO19
GO_Biological_Process_2023,ERK1 And ERK2 Cascade (GO:0070371),2/24,0.5974943979332956,0.9487058815538588,0,0,1.0164079822616408,0.5234606520972652,EGF;CDK1
GO_Biological_Process_2023,"RNA Splicing, Via Transesterification Reactions (GO:0000375)",2/24,0.5974943979332956,0.9487058815538588,0,0,1.0164079822616408,0.5234606520972652,SCAF11;SRSF4
GO_Biological_Process_2023,Dicarboxylic Acid Transport (GO:0006835),2/24,0.5974943979332956,0.9487058815538588,0,0,1.0164079822616408,0.5234606520972652,SLC1A7;SLC26A6
GO_Biological_Process_2023,Early Endosome To Late Endosome Transport (GO:0045022),2/24,0.5974943979332956,0.9487058815538588,0,0,1.0164079822616408,0.5234606520972652,HOOK1;KIF16B
GO_Biological_Process_2023,Endosome Transport Via Multivesicular Body Sorting Pathway (GO:0032509),2/24,0.5974943979332956,0.9487058815538588,0,0,1.0164079822616408,0.5234606520972652,LAPTM4B;CHMP4C
GO_Biological_Process_2023,Gliogenesis (GO:0042063),2/24,0.5974943979332956,0.9487058815538588,0,0,1.0164079822616408,0.5234606520972652,VCAN;METTL3
GO_Biological_Process_2023,mRNA Polyadenylation (GO:0006378),2/24,0.5974943979332956,0.9487058815538588,0,0,1.0164079822616408,0.5234606520972652,PNPT1;SYMPK
GO_Biological_Process_2023,Multivesicular Body Sorting Pathway (GO:0071985),2/24,0.5974943979332956,0.9487058815538588,0,0,1.0164079822616408,0.5234606520972652,LAPTM4B;CHMP4C
GO_Biological_Process_2023,Negative Regulation Of Ossification (GO:0030279),2/24,0.5974943979332956,0.9487058815538588,0,0,1.0164079822616408,0.5234606520972652,GREM1;MDK
GO_Biological_Process_2023,Outflow Tract Septum Morphogenesis (GO:0003148),2/24,0.5974943979332956,0.9487058815538588,0,0,1.0164079822616408,0.5234606520972652,NELL1;SMAD4
GO_Biological_Process_2023,Positive Regulation Of Cellular Response To Transforming Growth Factor Beta Stimulus (GO:1903846),2/24,0.5974943979332956,0.9487058815538588,0,0,1.0164079822616408,0.5234606520972652,FLCN;SMAD4
GO_Biological_Process_2023,Positive Regulation Of p38MAPK Cascade (GO:1900745),2/24,0.5974943979332956,0.9487058815538588,0,0,1.0164079822616408,0.5234606520972652,SORD;STK39
GO_Biological_Process_2023,Positive Regulation Of Peptidyl-Threonine Phosphorylation (GO:0010800),2/24,0.5974943979332956,0.9487058815538588,0,0,1.0164079822616408,0.5234606520972652,CEMIP;EGF
GO_Biological_Process_2023,Positive Regulation Of Transforming Growth Factor Beta Receptor Signaling Pathway (GO:0030511),2/24,0.5974943979332956,0.9487058815538588,0,0,1.0164079822616408,0.5234606520972652,FLCN;SMAD4
GO_Biological_Process_2023,Positive Regulation Of Vascular Endothelial Growth Factor Production (GO:0010575),2/24,0.5974943979332956,0.9487058815538588,0,0,1.0164079822616408,0.5234606520972652,HPSE;SULF1
GO_Biological_Process_2023,Regulation Of Actin Nucleation (GO:0051125),2/24,0.5974943979332956,0.9487058815538588,0,0,1.0164079822616408,0.5234606520972652,VIL1;SCIN
GO_Biological_Process_2023,Regulation Of Cytokine Production Involved In Immune Response (GO:0002718),2/24,0.5974943979332956,0.9487058815538588,0,0,1.0164079822616408,0.5234606520972652,SLC7A5;F2RL1
GO_Biological_Process_2023,Regulation Of Microtubule Depolymerization (GO:0031114),2/24,0.5974943979332956,0.9487058815538588,0,0,1.0164079822616408,0.5234606520972652,TPX2;CKAP2
GO_Biological_Process_2023,Regulation Of Ruffle Assembly (GO:1900027),2/24,0.5974943979332956,0.9487058815538588,0,0,1.0164079822616408,0.5234606520972652,EPS8L1;PFN2
GO_Biological_Process_2023,Response To Purine-Containing Compound (GO:0014074),2/24,0.5974943979332956,0.9487058815538588,0,0,1.0164079822616408,0.5234606520972652,NT5E;STAT1
GO_Biological_Process_2023,Regulation Of Cytoskeleton Organization (GO:0051493),9/114,0.5985277812551426,0.9487058815538588,0,0,0.9580789082320008,0.4917649809750597,CCDC88A;PRKAA1;PAK1;BAIAP2L1;KATNBL1;ARHGEF19;EFNA5;BICD1;PTK2
GO_Biological_Process_2023,Positive Regulation Of Protein Phosphorylation (GO:0001934),30/377,0.5991543955346395,0.9487058815538588,0,0,0.9659720682775438,0.4948056283714822,CEMIP;CDCA8;TTK;EFNA5;LRP8;AURKB;FLCN;PAK1;CCR7;PROM2;SMAD4;XRCC5;EGF;LIF;CSNK1D;BRAF;MMP9;PTK2;TGFBR1;TOM1L1;CCNA2;CENPE;NELL1;CLDN3;TRAF4;AKAP9;BIRC5;WDFY2;CARD14;PFN2
GO_Biological_Process_2023,Wnt Signaling Pathway (GO:0016055),6/76,0.6005586767692978,0.9487058815538588,0,0,0.9581557806496682,0.4885587737911803,SFRP4;JUP;CSNK1A1;USP34;SIAH1;CD24
GO_Biological_Process_2023,Positive Regulation Of Interleukin-6 Production (GO:0032755),6/76,0.6005586767692978,0.9487058815538588,0,0,0.9581557806496682,0.4885587737911803,SYK;TNFSF4;TWIST1;F2RL1;HSPD1;MAPK13
GO_Biological_Process_2023,Sensory Perception Of Mechanical Stimulus (GO:0050954),7/89,0.6033369907061266,0.9487058815538588,0,0,0.9542179458491832,0.4821466534613757,TFAP2A;COL1A1;CEMIP;COL11A1;BIRC5;ATP6V0A4;MYO7A
GO_Biological_Process_2023,DNA Methylation-Dependent Heterochromatin Formation (GO:0006346),1/11,0.6103783870237373,0.9487058815538588,0,0,1.1180987202925046,0.5519787358771465,HELLS
GO_Biological_Process_2023,Golgi To Lysosome Transport (GO:0090160),1/11,0.6103783870237373,0.9487058815538588,0,0,1.1180987202925046,0.5519787358771465,CCDC91
GO_Biological_Process_2023,P-body Assembly (GO:0033962),1/11,0.6103783870237373,0.9487058815538588,0,0,1.1180987202925046,0.5519787358771465,DDX6
GO_Biological_Process_2023,Actin Crosslink Formation (GO:0051764),1/11,0.6103783870237373,0.9487058815538588,0,0,1.1180987202925046,0.5519787358771465,BAIAP2L1
GO_Biological_Process_2023,Cell Part Morphogenesis (GO:0032990),1/11,0.6103783870237373,0.9487058815538588,0,0,1.1180987202925046,0.5519787358771465,PNPT1
GO_Biological_Process_2023,Cellular Response To Growth Hormone Stimulus (GO:0071378),1/11,0.6103783870237373,0.9487058815538588,0,0,1.1180987202925046,0.5519787358771465,PTK2
GO_Biological_Process_2023,Central Nervous System Myelination (GO:0022010),1/11,0.6103783870237373,0.9487058815538588,0,0,1.1180987202925046,0.5519787358771465,TENM4
GO_Biological_Process_2023,Central Nervous System Neuron Axonogenesis (GO:0021955),1/11,0.6103783870237373,0.9487058815538588,0,0,1.1180987202925046,0.5519787358771465,EPHB1
GO_Biological_Process_2023,Central Nervous System Projection Neuron Axonogenesis (GO:0021952),1/11,0.6103783870237373,0.9487058815538588,0,0,1.1180987202925046,0.5519787358771465,EPHB1
GO_Biological_Process_2023,Cytidine To Uridine Editing (GO:0016554),1/11,0.6103783870237373,0.9487058815538588,0,0,1.1180987202925046,0.5519787358771465,APOBEC3B
GO_Biological_Process_2023,Detection Of Light Stimulus Involved In Sensory Perception (GO:0050962),1/11,0.6103783870237373,0.9487058815538588,0,0,1.1180987202925046,0.5519787358771465,REEP6
GO_Biological_Process_2023,Detection Of Light Stimulus Involved In Visual Perception (GO:0050908),1/11,0.6103783870237373,0.9487058815538588,0,0,1.1180987202925046,0.5519787358771465,REEP6
GO_Biological_Process_2023,Dosage Compensation By Inactivation Of X Chromosome (GO:0009048),1/11,0.6103783870237373,0.9487058815538588,0,0,1.1180987202925046,0.5519787358771465,METTL3
GO_Biological_Process_2023,Erythrocyte Development (GO:0048821),1/11,0.6103783870237373,0.9487058815538588,0,0,1.1180987202925046,0.5519787358771465,HEATR3
GO_Biological_Process_2023,Fatty Acid Beta-Oxidation Using acyl-CoA Oxidase (GO:0033540),1/11,0.6103783870237373,0.9487058815538588,0,0,1.1180987202925046,0.5519787358771465,DECR2
GO_Biological_Process_2023,Ganglion Development (GO:0061548),1/11,0.6103783870237373,0.9487058815538588,0,0,1.1180987202925046,0.5519787358771465,NELL1
GO_Biological_Process_2023,Intestinal Lipid Absorption (GO:0098856),1/11,0.6103783870237373,0.9487058815538588,0,0,1.1180987202925046,0.5519787358771465,AKR1C1
GO_Biological_Process_2023,Intrinsic Apoptotic Signaling Pathway In Response To Oxidative Stress (GO:0008631),1/11,0.6103783870237373,0.9487058815538588,0,0,1.1180987202925046,0.5519787358771465,PDK1
GO_Biological_Process_2023,Isotype Switching (GO:0045190),1/11,0.6103783870237373,0.9487058815538588,0,0,1.1180987202925046,0.5519787358771465,HSPD1
GO_Biological_Process_2023,Lysosomal Microautophagy (GO:0016237),1/11,0.6103783870237373,0.9487058815538588,0,0,1.1180987202925046,0.5519787358771465,ATG16L1
GO_Biological_Process_2023,Macrophage Activation Involved In Immune Response (GO:0002281),1/11,0.6103783870237373,0.9487058815538588,0,0,1.1180987202925046,0.5519787358771465,SYK
GO_Biological_Process_2023,Magnesium Ion Transport (GO:0015693),1/11,0.6103783870237373,0.9487058815538588,0,0,1.1180987202925046,0.5519787358771465,SLC41A2
GO_Biological_Process_2023,Mitochondrial Respiratory Chain Complex III Assembly (GO:0034551),1/11,0.6103783870237373,0.9487058815538588,0,0,1.1180987202925046,0.5519787358771465,UQCC1
GO_Biological_Process_2023,Mitochondrion Distribution (GO:0048311),1/11,0.6103783870237373,0.9487058815538588,0,0,1.1180987202925046,0.5519787358771465,MSTO1
GO_Biological_Process_2023,Negative Regulation Of Bone Remodeling (GO:0046851),1/11,0.6103783870237373,0.9487058815538588,0,0,1.1180987202925046,0.5519787358771465,GREM1
GO_Biological_Process_2023,Negative Regulation Of calcineurin-NFAT Signaling Cascade (GO:0070885),1/11,0.6103783870237373,0.9487058815538588,0,0,1.1180987202925046,0.5519787358771465,FHL2
GO_Biological_Process_2023,Negative Regulation Of Calcineurin-Mediated Signaling (GO:0106057),1/11,0.6103783870237373,0.9487058815538588,0,0,1.1180987202925046,0.5519787358771465,FHL2
GO_Biological_Process_2023,Negative Regulation Of Cellular Response To Vascular Endothelial Growth Factor Stimulus (GO:1902548),1/11,0.6103783870237373,0.9487058815538588,0,0,1.1180987202925046,0.5519787358771465,SORD
GO_Biological_Process_2023,Negative Regulation Of Fibrinolysis (GO:0051918),1/11,0.6103783870237373,0.9487058815538588,0,0,1.1180987202925046,0.5519787358771465,PLAU
GO_Biological_Process_2023,Negative Regulation Of Heart Contraction (GO:0045822),1/11,0.6103783870237373,0.9487058815538588,0,0,1.1180987202925046,0.5519787358771465,PDE4D
GO_Biological_Process_2023,Negative Regulation Of Leukocyte Chemotaxis (GO:0002689),1/11,0.6103783870237373,0.9487058815538588,0,0,1.1180987202925046,0.5519787358771465,GREM1
GO_Biological_Process_2023,Negative Regulation Of Myotube Differentiation (GO:0010832),1/11,0.6103783870237373,0.9487058815538588,0,0,1.1180987202925046,0.5519787358771465,CEACAM5
GO_Biological_Process_2023,Negative Regulation Of Potassium Ion Transmembrane Transport (GO:1901380),1/11,0.6103783870237373,0.9487058815538588,0,0,1.1180987202925046,0.5519787358771465,STK39
GO_Biological_Process_2023,Negative Regulation Of Vascular Permeability (GO:0043116),1/11,0.6103783870237373,0.9487058815538588,0,0,1.1180987202925046,0.5519787358771465,CEACAM1
GO_Biological_Process_2023,Negative Regulation Of Voltage-Gated Potassium Channel Activity (GO:1903817),1/11,0.6103783870237373,0.9487058815538588,0,0,1.1180987202925046,0.5519787358771465,KCNE4
GO_Biological_Process_2023,Neutrophil Activation Involved In Immune Response (GO:0002283),1/11,0.6103783870237373,0.9487058815538588,0,0,1.1180987202925046,0.5519787358771465,SYK
GO_Biological_Process_2023,Nucleoside Phosphate Catabolic Process (GO:1901292),1/11,0.6103783870237373,0.9487058815538588,0,0,1.1180987202925046,0.5519787358771465,ENPP3
GO_Biological_Process_2023,Phospholipid Efflux (GO:0033700),1/11,0.6103783870237373,0.9487058815538588,0,0,1.1180987202925046,0.5519787358771465,ABCA12
GO_Biological_Process_2023,Polyamine Metabolic Process (GO:0006595),1/11,0.6103783870237373,0.9487058815538588,0,0,1.1180987202925046,0.5519787358771465,AOC1
GO_Biological_Process_2023,Positive Regulation Of Cytoplasmic Transport (GO:1903651),1/11,0.6103783870237373,0.9487058815538588,0,0,1.1180987202925046,0.5519787358771465,SORL1
GO_Biological_Process_2023,Positive Regulation Of Endoplasmic Reticulum Unfolded Protein Response (GO:1900103),1/11,0.6103783870237373,0.9487058815538588,0,0,1.1180987202925046,0.5519787358771465,BCL2L11
GO_Biological_Process_2023,Positive Regulation Of Myelination (GO:0031643),1/11,0.6103783870237373,0.9487058815538588,0,0,1.1180987202925046,0.5519787358771465,TENM4
GO_Biological_Process_2023,Positive Regulation Of Protein Maturation (GO:1903319),1/11,0.6103783870237373,0.9487058815538588,0,0,1.1180987202925046,0.5519787358771465,SOX4
GO_Biological_Process_2023,Post-Transcriptional Gene Silencing (GO:0016441),1/11,0.6103783870237373,0.9487058815538588,0,0,1.1180987202925046,0.5519787358771465,GIGYF2
GO_Biological_Process_2023,pre-mRNA Cleavage Required For Polyadenylation (GO:0098789),1/11,0.6103783870237373,0.9487058815538588,0,0,1.1180987202925046,0.5519787358771465,CSTF2
GO_Biological_Process_2023,Programmed Necrotic Cell Death (GO:0097300),1/11,0.6103783870237373,0.9487058815538588,0,0,1.1180987202925046,0.5519787358771465,PPIF
GO_Biological_Process_2023,Pyrimidine Nucleobase Metabolic Process (GO:0006206),1/11,0.6103783870237373,0.9487058815538588,0,0,1.1180987202925046,0.5519787358771465,CDA
GO_Biological_Process_2023,"Regulation Of CD4-positive, Alpha-Beta T Cell Differentiation (GO:0043370)",1/11,0.6103783870237373,0.9487058815538588,0,0,1.1180987202925046,0.5519787358771465,TNFSF4
GO_Biological_Process_2023,Regulation Of T Cell Apoptotic Process (GO:0070232),1/11,0.6103783870237373,0.9487058815538588,0,0,1.1180987202925046,0.5519787358771465,LGALS3
GO_Biological_Process_2023,Regulation Of Amyloid Precursor Protein Catabolic Process (GO:1902991),1/11,0.6103783870237373,0.9487058815538588,0,0,1.1180987202925046,0.5519787358771465,TMED10
GO_Biological_Process_2023,Regulation Of Cell Activation (GO:0050865),1/11,0.6103783870237373,0.9487058815538588,0,0,1.1180987202925046,0.5519787358771465,SYK
GO_Biological_Process_2023,Regulation Of Cell Communication By Electrical Coupling Involved In Cardiac Conduction (GO:1901844),1/11,0.6103783870237373,0.9487058815538588,0,0,1.1180987202925046,0.5519787358771465,PDE4D
GO_Biological_Process_2023,Regulation Of Epithelial Cell Apoptotic Process (GO:1904035),1/11,0.6103783870237373,0.9487058815538588,0,0,1.1180987202925046,0.5519787358771465,MDK
GO_Biological_Process_2023,Regulation Of Leukocyte Tethering Or Rolling (GO:1903236),1/11,0.6103783870237373,0.9487058815538588,0,0,1.1180987202925046,0.5519787358771465,ENC1
GO_Biological_Process_2023,Regulation Of Lipid Kinase Activity (GO:0043550),1/11,0.6103783870237373,0.9487058815538588,0,0,1.1180987202925046,0.5519787358771465,EEF1A2
GO_Biological_Process_2023,Regulation Of Mesenchymal Cell Proliferation (GO:0010464),1/11,0.6103783870237373,0.9487058815538588,0,0,1.1180987202925046,0.5519787358771465,STAT1
GO_Biological_Process_2023,Regulation Of Microtubule-Based Movement (GO:0060632),1/11,0.6103783870237373,0.9487058815538588,0,0,1.1180987202925046,0.5519787358771465,NEFH
GO_Biological_Process_2023,Regulation Of Mitochondrial Fusion (GO:0010635),1/11,0.6103783870237373,0.9487058815538588,0,0,1.1180987202925046,0.5519787358771465,BNIP3
GO_Biological_Process_2023,Regulation Of Phospholipase C Activity (GO:1900274),1/11,0.6103783870237373,0.9487058815538588,0,0,1.1180987202925046,0.5519787358771465,BICD1
GO_Biological_Process_2023,Regulation Of Response To Oxidative Stress (GO:1902882),1/11,0.6103783870237373,0.9487058815538588,0,0,1.1180987202925046,0.5519787358771465,AIFM2
GO_Biological_Process_2023,Regulation Of Stress-Activated Protein Kinase Signaling Cascade (GO:0070302),1/11,0.6103783870237373,0.9487058815538588,0,0,1.1180987202925046,0.5519787358771465,GREM1
GO_Biological_Process_2023,Respiratory Chain Complex III Assembly (GO:0017062),1/11,0.6103783870237373,0.9487058815538588,0,0,1.1180987202925046,0.5519787358771465,UQCC1
GO_Biological_Process_2023,Response To Nitric Oxide (GO:0071731),1/11,0.6103783870237373,0.9487058815538588,0,0,1.1180987202925046,0.5519787358771465,CCR7
GO_Biological_Process_2023,Skeletal Muscle Fiber Development (GO:0048741),1/11,0.6103783870237373,0.9487058815538588,0,0,1.1180987202925046,0.5519787358771465,SIX1
GO_Biological_Process_2023,sno(s)RNA 3'-End Processing (GO:0031126),1/11,0.6103783870237373,0.9487058815538588,0,0,1.1180987202925046,0.5519787358771465,LARP7
GO_Biological_Process_2023,Sphingoid Metabolic Process (GO:0046519),1/11,0.6103783870237373,0.9487058815538588,0,0,1.1180987202925046,0.5519787358771465,SGPP2
GO_Biological_Process_2023,Sulfate Transport (GO:0008272),1/11,0.6103783870237373,0.9487058815538588,0,0,1.1180987202925046,0.5519787358771465,SLC26A6
GO_Biological_Process_2023,Tyrosine Metabolic Process (GO:0006570),1/11,0.6103783870237373,0.9487058815538588,0,0,1.1180987202925046,0.5519787358771465,IL4I1
GO_Biological_Process_2023,Positive Regulation Of Ras Protein Signal Transduction (GO:0046579),4/51,0.6119593075982849,0.9487058815538588,0,0,0.9513937599043982,0.4672194758962387,COL3A1;RASGEF1A;F2RL1;MAP4K4
GO_Biological_Process_2023,Regulated Exocytosis (GO:0045055),4/51,0.6119593075982849,0.9487058815538588,0,0,0.9513937599043982,0.4672194758962387,TMED10;SCIN;SYT13;SYNGR3
GO_Biological_Process_2023,Regulation Of Release Of Sequestered Calcium Ion Into Cytosol (GO:0051279),4/51,0.6119593075982849,0.9487058815538588,0,0,0.9513937599043982,0.4672194758962387,CEMIP;PDE4D;CD19;THY1
GO_Biological_Process_2023,Positive Regulation Of Interleukin-1 Production (GO:0032732),5/64,0.6122372140628122,0.9487058815538588,0,0,0.9473199217253554,0.4647887520911506,AIM2;TMED10;IGHD;SAA1;F2RL1
GO_Biological_Process_2023,Neutrophil Migration (GO:1990266),6/77,0.6134974664608649,0.9487058815538588,0,0,0.944608974138228,0.4615162444599915,CXCL6;LGALS3;SYK;CCL20;SAA1;CXCL13
GO_Biological_Process_2023,Positive Regulation Of JNK Cascade (GO:0046330),6/77,0.6134974664608649,0.9487058815538588,0,0,0.944608974138228,0.4615162444599915,UNC5CL;TRAF4;TRAF5;CD27;F2RL1;CCR7
GO_Biological_Process_2023,Regulation Of T Cell Proliferation (GO:0042129),6/77,0.6134974664608649,0.9487058815538588,0,0,0.944608974138228,0.4615162444599915,IL4I1;LGALS3;DLG5;VTCN1;SLC7A1;TNFRSF21
GO_Biological_Process_2023,Sphingolipid Biosynthetic Process (GO:0030148),6/77,0.6134974664608649,0.9487058815538588,0,0,0.944608974138228,0.4615162444599915,ALDH3B2;FA2H;SGPL1;CERS6;PRKD3;SGPP2
GO_Biological_Process_2023,RNA 3'-End Processing (GO:0031123),3/38,0.6136584967785914,0.9487058815538588,0,0,0.9582323716551904,0.4679208693107199,PNPT1;INTS7;INTS8
GO_Biological_Process_2023,Calcium-Dependent Cell-Cell Adhesion Via Plasma Membrane Cell Adhesion Molecules (GO:0016339),3/38,0.6136584967785914,0.9487058815538588,0,0,0.9582323716551904,0.4679208693107199,CDH3;CDH1;CDH17
GO_Biological_Process_2023,Regulation Of Protein Import Into Nucleus (GO:0042306),3/38,0.6136584967785914,0.9487058815538588,0,0,0.9582323716551904,0.4679208693107199,JUP;CDH1;ECT2
GO_Biological_Process_2023,Response To cAMP (GO:0051591),3/38,0.6136584967785914,0.9487058815538588,0,0,0.9582323716551904,0.4679208693107199,STAT1;AKAP9;SLC26A6
GO_Biological_Process_2023,Ubiquitin-Dependent Protein Catabolic Process (GO:0006511),29/367,0.613851986635457,0.9487058815538588,0,0,0.9585211869536348,0.4677597233449184,UHRF1;KIF14;CBLC;FBXO22;CCAR1;PSMB7;UCHL1;PSMB4;RNF213;TRIM2;PCBP2;MARVELD3;PRAME;GET4;RNF43;NHLRC3;CSNK1A1;UBE2C;SIAH1;PPP2R5C;FBXO11;RAD23B;TOM1L1;PSMA3;SPSB1;UBE2S;TRIM13;PELI1;CHMP4C
GO_Biological_Process_2023,Organelle Organization (GO:0006996),33/418,0.6200256565538648,0.9487058815538588,0,0,0.9574536091627452,0.4576574828382617,USP6NL;TMED10;ATL3;NUMA1;SAR1B;MAPKAP1;CDCA8;THY1;NOL3;STRIP2;FGD6;MSTO1;MDK;PAK6;CEP55;CENPW;CSNK1A1;ATP8B1;VPS13C;HPS3;CSNK1D;VMP1;ZFYVE16;GORASP2;KIF4A;RAB18;CHMP4C;YME1L1;MTFR1;REEP6;MTFR2;ARHGEF7;GOLGA8A
GO_Biological_Process_2023,ATP Biosynthetic Process (GO:0006754),2/25,0.6200604335437061,0.9487058815538588,0,0,0.9721633085896076,0.4646341103679971,ALDOA;SLC25A13
GO_Biological_Process_2023,Cardiac Conduction System Development (GO:0003161),2/25,0.6200604335437061,0.9487058815538588,0,0,0.9721633085896076,0.4646341103679971,SMAD4;GJB6
GO_Biological_Process_2023,Lamellipodium Assembly (GO:0030032),2/25,0.6200604335437061,0.9487058815538588,0,0,0.9721633085896076,0.4646341103679971,CCDC88A;ARHGEF7
GO_Biological_Process_2023,Metanephros Development (GO:0001656),2/25,0.6200604335437061,0.9487058815538588,0,0,0.9721633085896076,0.4646341103679971,SIX4;SIX1
GO_Biological_Process_2023,Myotube Differentiation (GO:0014902),2/25,0.6200604335437061,0.9487058815538588,0,0,0.9721633085896076,0.4646341103679971,SIX4;TMEM182
GO_Biological_Process_2023,Negative Regulation Of Protein Localization To Membrane (GO:1905476),2/25,0.6200604335437061,0.9487058815538588,0,0,0.9721633085896076,0.4646341103679971,LRRC15;PPFIA1
GO_Biological_Process_2023,Negative Regulation Of Proteolysis Involved In Protein Catabolic Process (GO:1903051),2/25,0.6200604335437061,0.9487058815538588,0,0,0.9721633085896076,0.4646341103679971,RPL5;RPL17
GO_Biological_Process_2023,Negative Regulation Of Signaling Receptor Activity (GO:2000272),2/25,0.6200604335437061,0.9487058815538588,0,0,0.9721633085896076,0.4646341103679971,CBLC;EPHB2
GO_Biological_Process_2023,Negative Regulation Of Stress Fiber Assembly (GO:0051497),2/25,0.6200604335437061,0.9487058815538588,0,0,0.9721633085896076,0.4646341103679971,PPFIA1;RHPN2
GO_Biological_Process_2023,Negative Regulation Of Telomere Maintenance Via Telomere Lengthening (GO:1904357),2/25,0.6200604335437061,0.9487058815538588,0,0,0.9721633085896076,0.4646341103679971,GNL3L;HNRNPA1
GO_Biological_Process_2023,Negative Regulation Of Transposition (GO:0010529),2/25,0.6200604335437061,0.9487058815538588,0,0,0.9721633085896076,0.4646341103679971,ZNF93;APOBEC3B
GO_Biological_Process_2023,Proteoglycan Metabolic Process (GO:0006029),2/25,0.6200604335437061,0.9487058815538588,0,0,0.9721633085896076,0.4646341103679971,HPSE;SULF1
GO_Biological_Process_2023,Regulation Of Actin Cytoskeleton Reorganization (GO:2000249),2/25,0.6200604335437061,0.9487058815538588,0,0,0.9721633085896076,0.4646341103679971,BAIAP2L1;MDK
GO_Biological_Process_2023,Regulation Of Biomineral Tissue Development (GO:0070167),2/25,0.6200604335437061,0.9487058815538588,0,0,0.9721633085896076,0.4646341103679971,CYP27B1;TWIST1
GO_Biological_Process_2023,Regulation Of Hippo Signaling (GO:0035330),2/25,0.6200604335437061,0.9487058815538588,0,0,0.9721633085896076,0.4646341103679971,DLG5;CIT
GO_Biological_Process_2023,Regulation Of Monocyte Chemotaxis (GO:0090025),2/25,0.6200604335437061,0.9487058815538588,0,0,0.9721633085896076,0.4646341103679971,GREM1;PLA2G7
GO_Biological_Process_2023,Regulation Of Postsynapse Organization (GO:0099175),2/25,0.6200604335437061,0.9487058815538588,0,0,0.9721633085896076,0.4646341103679971,NOL3;CDK5R1
GO_Biological_Process_2023,Vesicle-Mediated Transport Between Endosomal Compartments (GO:0098927),2/25,0.6200604335437061,0.9487058815538588,0,0,0.9721633085896076,0.4646341103679971,HOOK1;KIF16B
GO_Biological_Process_2023,Regulation Of DNA Repair (GO:0006282),10/129,0.6220621802463715,0.9487058815538588,0,0,0.9391477179106936,0.4458277183357508,MBTD1;BARD1;DEPDC1B;PBRM1;KAT2A;SMARCC2;MORF4L2;SUPT20H;ARID2;UCHL5
GO_Biological_Process_2023,Regulation Of Tyrosine Phosphorylation Of STAT Protein (GO:0042509),5/65,0.62614050742099,0.9487058815538588,0,0,0.9314803502341682,0.4361009177799733,CNOT7;IL31RA;LIF;PTK6;CRLF1
GO_Biological_Process_2023,Proteasome-Mediated Ubiquitin-Dependent Protein Catabolic Process (GO:0043161),25/319,0.6265120341409673,0.9487058815538588,0,0,0.9499408916318536,0.4441802931680869,DERL3;CCNF;KIF14;CDC20;FBXL20;PSMB7;UCHL1;PSMB4;TRIM2;PCBP2;PRAME;KLHDC10;NHLRC3;CSNK1A1;UBE2C;SIAH1;PPP2R5C;RAD23B;PSMA3;SPSB1;UBE2S;DNAJC10;TRIM13;PELI1;ANAPC5
GO_Biological_Process_2023,Positive Regulation Of Response To External Stimulus (GO:0032103),12/155,0.6269750513657621,0.9487058815538588,0,0,0.93774936719722,0.437786913233834,AIM2;PLAU;MDK;TNFSF4;CD180;CASP4;NAPEPLD;F2RL1;PRKCA;ADAM8;PLA2G7;MAPK13
GO_Biological_Process_2023,Rho Protein Signal Transduction (GO:0007266),4/52,0.6274709170249617,0.9487058815538588,0,0,0.9315221815221816,0.4341433242809196,COL1A2;RACGAP1;EPS8L1;TNFRSF25
GO_Biological_Process_2023,Arachidonic Acid Metabolic Process (GO:0019369),4/52,0.6274709170249617,0.9487058815538588,0,0,0.9315221815221816,0.4341433242809196,CYP2J2;FAAH2;PLA2G4A;CYP4F11
GO_Biological_Process_2023,Negative Regulation Of Response To Stimulus (GO:0048585),4/52,0.6274709170249617,0.9487058815538588,0,0,0.9315221815221816,0.4341433242809196,COL3A1;IGFBP3;VPS13C;THY1
GO_Biological_Process_2023,Sprouting Angiogenesis (GO:0002040),4/52,0.6274709170249617,0.9487058815538588,0,0,0.9315221815221816,0.4341433242809196,GREM1;NELL1;RNF213;E2F8
GO_Biological_Process_2023,Internal Peptidyl-Lysine Acetylation (GO:0018393),3/39,0.6314827326761646,0.9487058815538588,0,0,0.931563961765304,0.4282256825139027,MBTD1;KAT2A;MORF4L2
GO_Biological_Process_2023,Negative Regulation Of Cell-Substrate Adhesion (GO:0010812),3/39,0.6314827326761646,0.9487058815538588,0,0,0.931563961765304,0.4282256825139027,CDKN2A;EFNA5;MAP4K4
GO_Biological_Process_2023,"Nuclear-Transcribed mRNA Catabolic Process, Deadenylation-Dependent Decay (GO:0000288)",3/39,0.6314827326761646,0.9487058815538588,0,0,0.931563961765304,0.4282256825139027,CNOT7;CNOT11;SAMD4B
GO_Biological_Process_2023,Positive Regulation Of Intracellular Transport (GO:0032388),3/39,0.6314827326761646,0.9487058815538588,0,0,0.931563961765304,0.4282256825139027,NUMA1;SPAG5;SORL1
GO_Biological_Process_2023,Regulation Of Mitochondrial Membrane Potential (GO:0051881),3/39,0.6314827326761646,0.9487058815538588,0,0,0.931563961765304,0.4282256825139027,PMAIP1;PYCR1;SLC4A11
GO_Biological_Process_2023,Regulation Of Monoatomic Cation Transmembrane Transport (GO:1904062),3/39,0.6314827326761646,0.9487058815538588,0,0,0.931563961765304,0.4282256825139027,BPIFA1;DLG1;WNK1
GO_Biological_Process_2023,Positive Regulation Of Peptidyl-Tyrosine Phosphorylation (GO:0050731),10/130,0.6318737037124462,0.9487058815538588,0,0,0.9312704248366012,0.4275143473725621,GREM1;NELL1;DLG3;IL31RA;LIF;NOX4;PTK6;EFNA5;LRP8;CRLF1
GO_Biological_Process_2023,Positive Regulation Of Neuron Projection Development (GO:0010976),7/92,0.6386050749775556,0.9487058815538588,0,0,0.920388559093362,0.4127657842888712,TUBB2B;CAMK1D;MDK;DHX36;PTK6;CBFA2T2;LRP8
GO_Biological_Process_2023,Sensory Perception Of Sound (GO:0007605),7/92,0.6386050749775556,0.9487058815538588,0,0,0.920388559093362,0.4127657842888712,TFAP2A;COL1A1;CEMIP;COL11A1;BIRC5;ATP6V0A4;MYO7A
GO_Biological_Process_2023,Steroid Metabolic Process (GO:0008202),7/92,0.6386050749775556,0.9487058815538588,0,0,0.920388559093362,0.4127657842888712,CYP27B1;CYP24A1;BDH1;SRD5A1;HSD17B1;AKR1C1;FDFT1
GO_Biological_Process_2023,Positive Regulation Of Protein Localization To Membrane (GO:1905477),6/79,0.6386550462304965,0.9487058815538588,0,0,0.9186287972669726,0.4119047050965274,LGALS3;CEMIP;DLG1;PDCD5;ARHGEF16;EPHB2
GO_Biological_Process_2023,Positive Regulation Of Protein Modification By Small Protein Conjugation Or Removal (GO:1903322),6/79,0.6386550462304965,0.9487058815538588,0,0,0.9186287972669726,0.4119047050965274,FANCI;PIAS3;DCUN1D5;TBC1D7;CDK5RAP3;GNL3
GO_Biological_Process_2023,DNA-templated Transcription Elongation (GO:0006354),2/26,0.6416367911315515,0.9487058815538588,0,0,0.9316056910569106,0.4133840775167792,PBRM1;ELL3
GO_Biological_Process_2023,Acute Inflammatory Response (GO:0002526),2/26,0.6416367911315515,0.9487058815538588,0,0,0.9316056910569106,0.4133840775167792,TNFSF4;C2CD4A
GO_Biological_Process_2023,cAMP-mediated Signaling (GO:0019933),2/26,0.6416367911315515,0.9487058815538588,0,0,0.9316056910569106,0.4133840775167792,PDE4D;PDE7A
GO_Biological_Process_2023,Histone H3-K4 Methylation (GO:0051568),2/26,0.6416367911315515,0.9487058815538588,0,0,0.9316056910569106,0.4133840775167792,PAGR1;NFYA
GO_Biological_Process_2023,Negative Regulation Of Endothelial Cell Apoptotic Process (GO:2000352),2/26,0.6416367911315515,0.9487058815538588,0,0,0.9316056910569106,0.4133840775167792,FGB;FGA
GO_Biological_Process_2023,Negative Regulation Of Lipid Metabolic Process (GO:0045833),2/26,0.6416367911315515,0.9487058815538588,0,0,0.9316056910569106,0.4133840775167792,PRKAA1;CEACAM1
GO_Biological_Process_2023,Negative Regulation Of Receptor-Mediated Endocytosis (GO:0048261),2/26,0.6416367911315515,0.9487058815538588,0,0,0.9316056910569106,0.4133840775167792,ANKRD13D;ANKRD13A
GO_Biological_Process_2023,Protein Targeting To Lysosome (GO:0006622),2/26,0.6416367911315515,0.9487058815538588,0,0,0.9316056910569106,0.4133840775167792,ZFYVE16;SORL1
GO_Biological_Process_2023,Regulation Of Transcription By RNA Polymerase III (GO:0006359),2/26,0.6416367911315515,0.9487058815538588,0,0,0.9316056910569106,0.4133840775167792,DHX36;ZC3H8
GO_Biological_Process_2023,Regulation Of Vascular Endothelial Growth Factor Production (GO:0010574),2/26,0.6416367911315515,0.9487058815538588,0,0,0.9316056910569106,0.4133840775167792,HPSE;SULF1
GO_Biological_Process_2023,Telomere Maintenance Via Telomere Lengthening (GO:0010833),2/26,0.6416367911315515,0.9487058815538588,0,0,0.9316056910569106,0.4133840775167792,RAD51;DKC1
GO_Biological_Process_2023,C-terminal Protein Amino Acid Modification (GO:0018410),1/12,0.6423838237506801,0.9487058815538588,0,0,1.0163979834912191,0.4498265416638072,ATG16L1
GO_Biological_Process_2023,C4-dicarboxylate Transport (GO:0015740),1/12,0.6423838237506801,0.9487058815538588,0,0,1.0163979834912191,0.4498265416638072,SLC25A13
GO_Biological_Process_2023,DNA Deamination (GO:0045006),1/12,0.6423838237506801,0.9487058815538588,0,0,1.0163979834912191,0.4498265416638072,APOBEC3B
GO_Biological_Process_2023,V(D)J Recombination (GO:0033151),1/12,0.6423838237506801,0.9487058815538588,0,0,1.0163979834912191,0.4498265416638072,TCF3
GO_Biological_Process_2023,Adipose Tissue Development (GO:0060612),1/12,0.6423838237506801,0.9487058815538588,0,0,1.0163979834912191,0.4498265416638072,DGAT2
GO_Biological_Process_2023,Aspartate Family Amino Acid Metabolic Process (GO:0009066),1/12,0.6423838237506801,0.9487058815538588,0,0,1.0163979834912191,0.4498265416638072,SLC25A13
GO_Biological_Process_2023,Atrial Cardiac Muscle Tissue Development (GO:0003228),1/12,0.6423838237506801,0.9487058815538588,0,0,1.0163979834912191,0.4498265416638072,GJB6
GO_Biological_Process_2023,"Base-Excision Repair, Gap-Filling (GO:0006287)",1/12,0.6423838237506801,0.9487058815538588,0,0,1.0163979834912191,0.4498265416638072,FEN1
GO_Biological_Process_2023,Biogenic Amine Metabolic Process (GO:0006576),1/12,0.6423838237506801,0.9487058815538588,0,0,1.0163979834912191,0.4498265416638072,SLC22A3
GO_Biological_Process_2023,cAMP Metabolic Process (GO:0046058),1/12,0.6423838237506801,0.9487058815538588,0,0,1.0163979834912191,0.4498265416638072,PTHLH
GO_Biological_Process_2023,Cardiac Right Ventricle Morphogenesis (GO:0003215),1/12,0.6423838237506801,0.9487058815538588,0,0,1.0163979834912191,0.4498265416638072,SOX4
GO_Biological_Process_2023,Cell-Cell Junction Maintenance (GO:0045217),1/12,0.6423838237506801,0.9487058815538588,0,0,1.0163979834912191,0.4498265416638072,F2RL1
GO_Biological_Process_2023,Cellular Component Maintenance (GO:0043954),1/12,0.6423838237506801,0.9487058815538588,0,0,1.0163979834912191,0.4498265416638072,CLDN3
GO_Biological_Process_2023,Defense Response To Tumor Cell (GO:0002357),1/12,0.6423838237506801,0.9487058815538588,0,0,1.0163979834912191,0.4498265416638072,PRDX2
GO_Biological_Process_2023,Dendrite Self-Avoidance (GO:0070593),1/12,0.6423838237506801,0.9487058815538588,0,0,1.0163979834912191,0.4498265416638072,IGSF9
GO_Biological_Process_2023,Detection Of Calcium Ion (GO:0005513),1/12,0.6423838237506801,0.9487058815538588,0,0,1.0163979834912191,0.4498265416638072,SYT1
GO_Biological_Process_2023,Early Endosome To Golgi Transport (GO:0034498),1/12,0.6423838237506801,0.9487058815538588,0,0,1.0163979834912191,0.4498265416638072,TRAPPC10
GO_Biological_Process_2023,Endothelium Development (GO:0003158),1/12,0.6423838237506801,0.9487058815538588,0,0,1.0163979834912191,0.4498265416638072,MESP1
GO_Biological_Process_2023,Exonucleolytic Catabolism Of Deadenylated mRNA (GO:0043928),1/12,0.6423838237506801,0.9487058815538588,0,0,1.0163979834912191,0.4498265416638072,CNOT7
GO_Biological_Process_2023,Fatty Acid Transmembrane Transport (GO:1902001),1/12,0.6423838237506801,0.9487058815538588,0,0,1.0163979834912191,0.4498265416638072,SLC2A1
GO_Biological_Process_2023,Glucose Import (GO:0046323),1/12,0.6423838237506801,0.9487058815538588,0,0,1.0163979834912191,0.4498265416638072,SLC2A1
GO_Biological_Process_2023,Ionotropic Glutamate Receptor Signaling Pathway (GO:0035235),1/12,0.6423838237506801,0.9487058815538588,0,0,1.0163979834912191,0.4498265416638072,CDK5R1
GO_Biological_Process_2023,Lipid Droplet Formation (GO:0140042),1/12,0.6423838237506801,0.9487058815538588,0,0,1.0163979834912191,0.4498265416638072,RNF213
GO_Biological_Process_2023,Low-Density Lipoprotein Particle Remodeling (GO:0034374),1/12,0.6423838237506801,0.9487058815538588,0,0,1.0163979834912191,0.4498265416638072,PLA2G7
GO_Biological_Process_2023,mRNA Cleavage Involved In mRNA Processing (GO:0098787),1/12,0.6423838237506801,0.9487058815538588,0,0,1.0163979834912191,0.4498265416638072,CSTF2
GO_Biological_Process_2023,Mesoderm Morphogenesis (GO:0048332),1/12,0.6423838237506801,0.9487058815538588,0,0,1.0163979834912191,0.4498265416638072,MESP1
GO_Biological_Process_2023,Microtubule Anchoring At Microtubule Organizing Center (GO:0072393),1/12,0.6423838237506801,0.9487058815538588,0,0,1.0163979834912191,0.4498265416638072,BICD1
GO_Biological_Process_2023,"Mitochondrial Electron Transport, Ubiquinol To Cytochrome C (GO:0006122)",1/12,0.6423838237506801,0.9487058815538588,0,0,1.0163979834912191,0.4498265416638072,UQCRC2
GO_Biological_Process_2023,Negative Regulation By Host Of Viral Process (GO:0044793),1/12,0.6423838237506801,0.9487058815538588,0,0,1.0163979834912191,0.4498265416638072,LTF
GO_Biological_Process_2023,Negative Regulation By Host Of Viral Transcription (GO:0043922),1/12,0.6423838237506801,0.9487058815538588,0,0,1.0163979834912191,0.4498265416638072,HMGA2
GO_Biological_Process_2023,Negative Regulation Of Alcohol Biosynthetic Process (GO:1902931),1/12,0.6423838237506801,0.9487058815538588,0,0,1.0163979834912191,0.4498265416638072,CYP27B1
GO_Biological_Process_2023,Negative Regulation Of Cardiac Muscle Hypertrophy (GO:0010614),1/12,0.6423838237506801,0.9487058815538588,0,0,1.0163979834912191,0.4498265416638072,SMAD4
GO_Biological_Process_2023,Negative Regulation Of Cell Cycle Phase Transition (GO:1901988),1/12,0.6423838237506801,0.9487058815538588,0,0,1.0163979834912191,0.4498265416638072,SOX2
GO_Biological_Process_2023,Negative Regulation Of Epidermal Growth Factor-Activated Receptor Activity (GO:0007175),1/12,0.6423838237506801,0.9487058815538588,0,0,1.0163979834912191,0.4498265416638072,CBLC
GO_Biological_Process_2023,Negative Regulation Of Locomotion (GO:0040013),1/12,0.6423838237506801,0.9487058815538588,0,0,1.0163979834912191,0.4498265416638072,FRMD5
GO_Biological_Process_2023,Negative Regulation Of Mononuclear Cell Migration (GO:0071676),1/12,0.6423838237506801,0.9487058815538588,0,0,1.0163979834912191,0.4498265416638072,GREM1
GO_Biological_Process_2023,Negative Regulation Of Potassium Ion Transport (GO:0043267),1/12,0.6423838237506801,0.9487058815538588,0,0,1.0163979834912191,0.4498265416638072,STK39
GO_Biological_Process_2023,Negative Regulation Of Stem Cell Differentiation (GO:2000737),1/12,0.6423838237506801,0.9487058815538588,0,0,1.0163979834912191,0.4498265416638072,N4BP2L2
GO_Biological_Process_2023,Negative Regulation Of Substrate Adhesion-Dependent Cell Spreading (GO:1900025),1/12,0.6423838237506801,0.9487058815538588,0,0,1.0163979834912191,0.4498265416638072,EFNA5
GO_Biological_Process_2023,Organophosphate Catabolic Process (GO:0046434),1/12,0.6423838237506801,0.9487058815538588,0,0,1.0163979834912191,0.4498265416638072,PLD1
GO_Biological_Process_2023,Phosphatidylcholine Acyl-Chain Remodeling (GO:0036151),1/12,0.6423838237506801,0.9487058815538588,0,0,1.0163979834912191,0.4498265416638072,PLA2G4A
GO_Biological_Process_2023,Phospholipid Homeostasis (GO:0055091),1/12,0.6423838237506801,0.9487058815538588,0,0,1.0163979834912191,0.4498265416638072,TLCD1
GO_Biological_Process_2023,Porphyrin-Containing Compound Catabolic Process (GO:0006787),1/12,0.6423838237506801,0.9487058815538588,0,0,1.0163979834912191,0.4498265416638072,SLCO1B3
GO_Biological_Process_2023,Positive Regulation By Symbiont Of Entry Into Host (GO:0075294),1/12,0.6423838237506801,0.9487058815538588,0,0,1.0163979834912191,0.4498265416638072,TMPRSS4
GO_Biological_Process_2023,"Positive Regulation Of CD4-positive, Alpha-Beta T Cell Activation (GO:2000516)",1/12,0.6423838237506801,0.9487058815538588,0,0,1.0163979834912191,0.4498265416638072,TNFSF4
GO_Biological_Process_2023,Positive Regulation Of T-helper Cell Differentiation (GO:0045624),1/12,0.6423838237506801,0.9487058815538588,0,0,1.0163979834912191,0.4498265416638072,TNFSF4
GO_Biological_Process_2023,Positive Regulation Of Alcohol Biosynthetic Process (GO:1902932),1/12,0.6423838237506801,0.9487058815538588,0,0,1.0163979834912191,0.4498265416638072,PRKAA1
GO_Biological_Process_2023,Positive Regulation Of Fatty Acid Oxidation (GO:0046321),1/12,0.6423838237506801,0.9487058815538588,0,0,1.0163979834912191,0.4498265416638072,TWIST1
GO_Biological_Process_2023,Positive Regulation Of Myeloid Leukocyte Mediated Immunity (GO:0002888),1/12,0.6423838237506801,0.9487058815538588,0,0,1.0163979834912191,0.4498265416638072,F2RL1
GO_Biological_Process_2023,Positive Regulation Of Neuron Migration (GO:2001224),1/12,0.6423838237506801,0.9487058815538588,0,0,1.0163979834912191,0.4498265416638072,MDK
GO_Biological_Process_2023,Positive Regulation Of Nuclear-Transcribed mRNA poly(A) Tail Shortening (GO:0060213),1/12,0.6423838237506801,0.9487058815538588,0,0,1.0163979834912191,0.4498265416638072,CNOT7
GO_Biological_Process_2023,Positive Regulation Of Regulated Secretory Pathway (GO:1903307),1/12,0.6423838237506801,0.9487058815538588,0,0,1.0163979834912191,0.4498265416638072,RAB15
GO_Biological_Process_2023,Positive Regulation Of Ruffle Assembly (GO:1900029),1/12,0.6423838237506801,0.9487058815538588,0,0,1.0163979834912191,0.4498265416638072,EPS8L1
GO_Biological_Process_2023,Positive Regulation Of Sodium Ion Transmembrane Transporter Activity (GO:2000651),1/12,0.6423838237506801,0.9487058815538588,0,0,1.0163979834912191,0.4498265416638072,TESC
GO_Biological_Process_2023,Positive Regulation Of Sodium Ion Transport (GO:0010765),1/12,0.6423838237506801,0.9487058815538588,0,0,1.0163979834912191,0.4498265416638072,PKP2
GO_Biological_Process_2023,Positive Regulation Of Vascular Endothelial Cell Proliferation (GO:1905564),1/12,0.6423838237506801,0.9487058815538588,0,0,1.0163979834912191,0.4498265416638072,MDK
GO_Biological_Process_2023,Positive Regulation Of Viral Entry Into Host Cell (GO:0046598),1/12,0.6423838237506801,0.9487058815538588,0,0,1.0163979834912191,0.4498265416638072,TMPRSS4
GO_Biological_Process_2023,pre-miRNA Processing (GO:0031054),1/12,0.6423838237506801,0.9487058815538588,0,0,1.0163979834912191,0.4498265416638072,PRKRA
GO_Biological_Process_2023,Protein Heterotetramerization (GO:0051290),1/12,0.6423838237506801,0.9487058815538588,0,0,1.0163979834912191,0.4498265416638072,FARSB
GO_Biological_Process_2023,Pyrimidine Deoxyribonucleotide Catabolic Process (GO:0009223),1/12,0.6423838237506801,0.9487058815538588,0,0,1.0163979834912191,0.4498265416638072,MBD4
GO_Biological_Process_2023,Regulation Of SNARE Complex Assembly (GO:0035542),1/12,0.6423838237506801,0.9487058815538588,0,0,1.0163979834912191,0.4498265416638072,VPS8
GO_Biological_Process_2023,Regulation Of T Cell Differentiation In Thymus (GO:0033081),1/12,0.6423838237506801,0.9487058815538588,0,0,1.0163979834912191,0.4498265416638072,ZC3H8
GO_Biological_Process_2023,Regulation Of Actin Filament Organization (GO:0110053),1/12,0.6423838237506801,0.9487058815538588,0,0,1.0163979834912191,0.4498265416638072,VIL1
GO_Biological_Process_2023,Regulation Of Actomyosin Structure Organization (GO:0110020),1/12,0.6423838237506801,0.9487058815538588,0,0,1.0163979834912191,0.4498265416638072,ALMS1
GO_Biological_Process_2023,Regulation Of Cell Communication By Electrical Coupling (GO:0010649),1/12,0.6423838237506801,0.9487058815538588,0,0,1.0163979834912191,0.4498265416638072,PDE4D
GO_Biological_Process_2023,Regulation Of Chemokine (C-X-C Motif) Ligand 2 Production (GO:2000341),1/12,0.6423838237506801,0.9487058815538588,0,0,1.0163979834912191,0.4498265416638072,F2RL1
GO_Biological_Process_2023,Regulation Of Monooxygenase Activity (GO:0032768),1/12,0.6423838237506801,0.9487058815538588,0,0,1.0163979834912191,0.4498265416638072,HM13
GO_Biological_Process_2023,"Regulation Of Retrograde Protein Transport, ER To Cytosol (GO:1904152)",1/12,0.6423838237506801,0.9487058815538588,0,0,1.0163979834912191,0.4498265416638072,DERL3
GO_Biological_Process_2023,Secretion (GO:0046903),1/12,0.6423838237506801,0.9487058815538588,0,0,1.0163979834912191,0.4498265416638072,TPD52
GO_Biological_Process_2023,Spinal Cord Development (GO:0021510),1/12,0.6423838237506801,0.9487058815538588,0,0,1.0163979834912191,0.4498265416638072,SOX4
GO_Biological_Process_2023,Synaptic Membrane Adhesion (GO:0099560),1/12,0.6423838237506801,0.9487058815538588,0,0,1.0163979834912191,0.4498265416638072,PTPRF
GO_Biological_Process_2023,tRNA 5'-Leader Removal (GO:0001682),1/12,0.6423838237506801,0.9487058815538588,0,0,1.0163979834912191,0.4498265416638072,RPP40
GO_Biological_Process_2023,Triglyceride Catabolic Process (GO:0019433),1/12,0.6423838237506801,0.9487058815538588,0,0,1.0163979834912191,0.4498265416638072,CPS1
GO_Biological_Process_2023,Blood Vessel Morphogenesis (GO:0048514),4/53,0.6425805212366965,0.9487058815538588,0,0,0.912461687971892,0.4035481759816673,NELL1;APELA;SYK;TGFBR1
GO_Biological_Process_2023,Glycoprotein Metabolic Process (GO:0009100),4/53,0.6425805212366965,0.9487058815538588,0,0,0.912461687971892,0.4035481759816673,FUT8;NGLY1;HPSE;PCSK6
GO_Biological_Process_2023,Negative Regulation Of Cysteine-Type Endopeptidase Activity (GO:2000117),4/53,0.6425805212366965,0.9487058815538588,0,0,0.912461687971892,0.4035481759816673,CST1;SFN;MAGEA3;LTF
GO_Biological_Process_2023,Negative Regulation Of Viral Genome Replication (GO:0045071),4/53,0.6425805212366965,0.9487058815538588,0,0,0.912461687971892,0.4035481759816673,HMGA2;LTF;SRPK1;APOBEC3B
GO_Biological_Process_2023,Positive Regulation Of Chemokine Production (GO:0032722),4/53,0.6425805212366965,0.9487058815538588,0,0,0.912461687971892,0.4035481759816673,SYK;TNFSF4;TWIST1;F2RL1
GO_Biological_Process_2023,Regulation Of Macromolecule Biosynthetic Process (GO:0010556),4/53,0.6425805212366965,0.9487058815538588,0,0,0.912461687971892,0.4035481759816673,TOM1L1;RPL10;MSI2;PKP3
GO_Biological_Process_2023,Positive Regulation Of DNA-templated Transcription (GO:0045893),99/1243,0.6433903179523149,0.949521656762093,0,0,0.965439453611845,0.4257623832812894,FOXA1;EHF;SOX2;IL4I1;CREB3L4;CDH1;NFATC2IP;TNFSF11;SUPT20H;PIM2;PITX2;SOX4;SMARCC2;ZNF281;ILF2;RUNX2;MORF4L2;BLM;TWIST1;MRPL12;MBTD1;CYP27B1;DHX36;RREB1;SNX5;BPTF;TFAP2A;TFAP2C;SMAD4;JUP;IL31RA;HMGA1;LIF;HMGA2;ELL3;COL1A1;MLLT11;AHI1;FUBP3;HNRNPD;ATM;TCF3;CDK13;OGT;MESP1;HNF4G;ZC3H8;SIX1;FOXM1;BRCA2;HOXC10;PAGR1;FLCN;SIX4;CD38;MYBL2;HTATIP2;ACTR2;TESC;CKAP2;ETV4;UCHL5;TGFBR1;GNL3;MMP12;CCNA2;GREM1;TOX3;KAT2A;ELF3;IRF7;ZNF750;PRKAA1;UHRF1;HEATR1;MLLT3;ASCL1;RBBP4;EPCAM;NSD1;SPP1;E2F3;PCBD2;MTA3;E2F8;NPM1;TAF15;NFYA;STAT1;EGF;MACC1;ATAD2;GRHL1;GRHL2;KANSL1;PRKRA;ASXL2;F2RL1;FOXA3
GO_Biological_Process_2023,Negative Regulation Of Secretion By Cell (GO:1903531),3/40,0.6487277789076529,0.9558699528735116,0,0,0.9063370875451412,0.39221021208348,PNKD;LIF;SLC30A1
GO_Biological_Process_2023,Protein Deacetylation (GO:0006476),3/40,0.6487277789076529,0.9558699528735116,0,0,0.9063370875451412,0.39221021208348,RBBP4;MORF4L2;MTA3
GO_Biological_Process_2023,Regulation Of Cytokine-Mediated Signaling Pathway (GO:0001959),3/40,0.6487277789076529,0.9558699528735116,0,0,0.9063370875451412,0.39221021208348,IRAK1;SYK;CD24
GO_Biological_Process_2023,Regulation Of Glycolytic Process (GO:0006110),3/40,0.6487277789076529,0.9558699528735116,0,0,0.9063370875451412,0.39221021208348,FLCN;PRKAA1;OGT
GO_Biological_Process_2023,Regulation Of G1/S Transition Of Mitotic Cell Cycle (GO:2000045),8/106,0.6498432206491223,0.9571314155689984,0,0,0.912247395898384,0.3932006531038856,STIL;DLG1;PBRM1;SMARCC2;RRM2;CDKN2A;KIF14;ARID2
GO_Biological_Process_2023,Regulation Of Organelle Assembly (GO:1902115),6/80,0.6508611282045307,0.9580285194556296,0,0,0.9061653340381948,0.3891608403030404,USP6NL;NPM1;STIL;RABGAP1;EPHB2;TBC1D16
GO_Biological_Process_2023,Phosphate-Containing Compound Metabolic Process (GO:0006796),14/184,0.6563665842893057,0.9580285194556296,0,0,0.9200462494580142,0.3873724349947647,DUSP4;SLC22A3;SLC20A1;MAPKAP1;GFPT1;INPP4B;PAK1;ACP6;HKDC1;ENPP3;EPHB2;ALDOA;PSPH;PFKP
GO_Biological_Process_2023,Endoplasmic Reticulum Organization (GO:0007029),4/54,0.6572814903770378,0.9580285194556296,0,0,0.8941636141636141,0.3752294158710843,ATL3;RAB18;REEP6;GET4
GO_Biological_Process_2023,Monoatomic Anion Transmembrane Transport (GO:0098656),4/54,0.6572814903770378,0.9580285194556296,0,0,0.8941636141636141,0.3752294158710843,ANO9;GABRE;SLC1A7;SLC12A8
GO_Biological_Process_2023,Negative Regulation Of Neuron Projection Development (GO:0010977),4/54,0.6572814903770378,0.9580285194556296,0,0,0.8941636141636141,0.3752294158710843,BCL11A;THY1;CBFA2T2;NGEF
GO_Biological_Process_2023,Negative Regulation Of Protein Catabolic Process (GO:0042177),4/54,0.6572814903770378,0.9580285194556296,0,0,0.8941636141636141,0.3752294158710843,NQO1;NELL1;CDK5RAP3;MAD2L1
GO_Biological_Process_2023,Vesicle Organization (GO:0016050),7/94,0.6610817653941964,0.9580285194556296,0,0,0.8991317796759113,0.3721306354470763,LAPTM4B;ZFYVE16;SAR1B;HOOK1;TRAPPC10;CHMP4C;VAMP1
GO_Biological_Process_2023,T Cell Activation Involved In Immune Response (GO:0002286),2/27,0.6622337745781983,0.9580285194556296,0,0,0.8942926829268293,0.3685707918724114,MDK;F2RL1
GO_Biological_Process_2023,Amino Acid Import Across Plasma Membrane (GO:0089718),2/27,0.6622337745781983,0.9580285194556296,0,0,0.8942926829268293,0.3685707918724114,SLC7A5;SLC7A1
GO_Biological_Process_2023,Cardiac Muscle Cell Differentiation (GO:0055007),2/27,0.6622337745781983,0.9580285194556296,0,0,0.8942926829268293,0.3685707918724114,GREM1;MESP1
GO_Biological_Process_2023,Establishment Of Protein Localization To Vacuole (GO:0072666),2/27,0.6622337745781983,0.9580285194556296,0,0,0.8942926829268293,0.3685707918724114,VPS13C;VPS8
GO_Biological_Process_2023,Glycerophospholipid Catabolic Process (GO:0046475),2/27,0.6622337745781983,0.9580285194556296,0,0,0.8942926829268293,0.3685707918724114,PLA2G4A;PLA2G7
GO_Biological_Process_2023,Monoubiquitinated Histone H2A Deubiquitination (GO:0035522),2/27,0.6622337745781983,0.9580285194556296,0,0,0.8942926829268293,0.3685707918724114,KAT2A;SUPT20H
GO_Biological_Process_2023,Monoubiquitinated Histone Deubiquitination (GO:0035521),2/27,0.6622337745781983,0.9580285194556296,0,0,0.8942926829268293,0.3685707918724114,KAT2A;SUPT20H
GO_Biological_Process_2023,Negative Regulation Of Neurogenesis (GO:0050768),2/27,0.6622337745781983,0.9580285194556296,0,0,0.8942926829268293,0.3685707918724114,THY1;SORL1
GO_Biological_Process_2023,Peptidyl-Lysine Methylation (GO:0018022),2/27,0.6622337745781983,0.9580285194556296,0,0,0.8942926829268293,0.3685707918724114,SUV39H2;METTL21A
GO_Biological_Process_2023,Positive Regulation Of TORC1 Signaling (GO:1904263),2/27,0.6622337745781983,0.9580285194556296,0,0,0.8942926829268293,0.3685707918724114,FLCN;SLC38A9
GO_Biological_Process_2023,Positive Regulation Of Cytosolic Calcium Ion Concentration Involved In Phospholipase C-activating G Protein-Coupled Signaling Pathway (GO:0051482),2/27,0.6622337745781983,0.9580285194556296,0,0,0.8942926829268293,0.3685707918724114,CALCA;F2RL1
GO_Biological_Process_2023,Positive Regulation Of Filopodium Assembly (GO:0051491),2/27,0.6622337745781983,0.9580285194556296,0,0,0.8942926829268293,0.3685707918724114,NELL1;CCR7
GO_Biological_Process_2023,Regulation Of Catecholamine Secretion (GO:0050433),2/27,0.6622337745781983,0.9580285194556296,0,0,0.8942926829268293,0.3685707918724114,SYT1;SYT13
GO_Biological_Process_2023,Regulation Of Peptidase Activity (GO:0052547),2/27,0.6622337745781983,0.9580285194556296,0,0,0.8942926829268293,0.3685707918724114,PSMA3;CTSV
GO_Biological_Process_2023,Regulation Of Transcription Regulatory Region DNA Binding (GO:2000677),2/27,0.6622337745781983,0.9580285194556296,0,0,0.8942926829268293,0.3685707918724114,NSD1;TWIST1
GO_Biological_Process_2023,Intracellular Protein Transport (GO:0006886),25/325,0.6635492366202482,0.9580285194556296,0,0,0.9306328592042876,0.3817011337171191,RPAIN;COPA;TMED10;SAR1B;PDCD6;IPO4;GGA1;XPO1;XPO5;TIMM17A;HEATR3;E2F3;KPNA2;TNPO1;NPM1;ARL14;SYK;NUP155;SYNRG;XPO7;SORL1;MMP12;CTTN;SCG5;RAB18
GO_Biological_Process_2023,Carbohydrate Catabolic Process (GO:0016052),3/41,0.665389864797323,0.9580285194556296,0,0,0.8824379435470923,0.3594894642642317,HKDC1;ENO1;ENO3
GO_Biological_Process_2023,Cellular Response To Retinoic Acid (GO:0071300),3/41,0.665389864797323,0.9580285194556296,0,0,0.8824379435470923,0.3594894642642317,TESC;PTK6;ATM
GO_Biological_Process_2023,Double-Strand Break Repair Via Nonhomologous End Joining (GO:0006303),3/41,0.665389864797323,0.9580285194556296,0,0,0.8824379435470923,0.3594894642642317,DCLRE1C;XRCC5;ATM
GO_Biological_Process_2023,Negative Regulation Of DNA Recombination (GO:0045910),3/41,0.665389864797323,0.9580285194556296,0,0,0.8824379435470923,0.3594894642642317,BLM;RMI2;PARPBP
GO_Biological_Process_2023,Positive Regulation Of Response To Biotic Stimulus (GO:0002833),3/41,0.665389864797323,0.9580285194556296,0,0,0.8824379435470923,0.3594894642642317,CD180;PRKCA;ADAM8
GO_Biological_Process_2023,Positive Regulation Of Viral Process (GO:0048524),3/41,0.665389864797323,0.9580285194556296,0,0,0.8824379435470923,0.3594894642642317,CNOT7;KPNA2;SRPK1
GO_Biological_Process_2023,Regulation Of Dendrite Development (GO:0050773),3/41,0.665389864797323,0.9580285194556296,0,0,0.8824379435470923,0.3594894642642317,CAMK1D;BCL11A;LRP8
GO_Biological_Process_2023,Glycerophospholipid Biosynthetic Process (GO:0046474),8/108,0.6705661442308603,0.9580285194556296,0,0,0.8939045287637699,0.3572336877686903,SLC44A5;INPP4B;ACP6;ETNK1;PLA2G4A;SYNJ2;CEPT1;PLD1
GO_Biological_Process_2023,Ceramide Metabolic Process (GO:0006672),4/55,0.6715689367633203,0.9580285194556296,0,0,0.8765831118772295,0.3490015794632421,FA2H;SGPL1;CERS6;FUT3
GO_Biological_Process_2023,Neuron Migration (GO:0001764),4/55,0.6715689367633203,0.9580285194556296,0,0,0.8765831118772295,0.3490015794632421,NELL1;TUBB2B;PEX13;CDK5R1
GO_Biological_Process_2023,Phosphatidylcholine Metabolic Process (GO:0046470),4/55,0.6715689367633203,0.9580285194556296,0,0,0.8765831118772295,0.3490015794632421,SLC44A5;LPGAT1;PLA2G4A;PLA2G7
GO_Biological_Process_2023,Positive Regulation Of Tyrosine Phosphorylation Of STAT Protein (GO:0042531),4/55,0.6715689367633203,0.9580285194556296,0,0,0.8765831118772295,0.3490015794632421,IL31RA;LIF;PTK6;CRLF1
GO_Biological_Process_2023,ATP Transport (GO:0015867),1/13,0.67176163467157,0.9580285194556296,0,0,0.9316473694901484,0.3706575006466198,SLC17A9
GO_Biological_Process_2023,T Cell Differentiation In Thymus (GO:0033077),1/13,0.67176163467157,0.9580285194556296,0,0,0.9316473694901484,0.3706575006466198,MR1
GO_Biological_Process_2023,acyl-CoA Biosynthetic Process (GO:0071616),1/13,0.67176163467157,0.9580285194556296,0,0,0.9316473694901484,0.3706575006466198,SLC27A2
GO_Biological_Process_2023,Branching Involved In Blood Vessel Morphogenesis (GO:0001569),1/13,0.67176163467157,0.9580285194556296,0,0,0.9316473694901484,0.3706575006466198,NELL1
GO_Biological_Process_2023,Cardiac Left Ventricle Morphogenesis (GO:0003214),1/13,0.67176163467157,0.9580285194556296,0,0,0.9316473694901484,0.3706575006466198,SMAD4
GO_Biological_Process_2023,Cranial Nerve Development (GO:0021545),1/13,0.67176163467157,0.9580285194556296,0,0,0.9316473694901484,0.3706575006466198,TFAP2A
GO_Biological_Process_2023,Cytoplasmic Sequestering Of Protein (GO:0051220),1/13,0.67176163467157,0.9580285194556296,0,0,0.9316473694901484,0.3706575006466198,GET4
GO_Biological_Process_2023,Endolysosomal Toll-Like Receptor Signaling Pathway (GO:0140894),1/13,0.67176163467157,0.9580285194556296,0,0,0.9316473694901484,0.3706575006466198,IRAK1
GO_Biological_Process_2023,"Endonucleolytic Cleavage Of Tricistronic rRNA Transcript (SSU-rRNA, 5.8S rRNA, LSU-rRNA) (GO:0000479)",1/13,0.67176163467157,0.9580285194556296,0,0,0.9316473694901484,0.3706575006466198,RPP40
GO_Biological_Process_2023,Endothelial Cell Differentiation (GO:0045446),1/13,0.67176163467157,0.9580285194556296,0,0,0.9316473694901484,0.3706575006466198,MESP1
GO_Biological_Process_2023,Ether Lipid Metabolic Process (GO:0046485),1/13,0.67176163467157,0.9580285194556296,0,0,0.9316473694901484,0.3706575006466198,PLA2G7
GO_Biological_Process_2023,Extracellular Transport (GO:0006858),1/13,0.67176163467157,0.9580285194556296,0,0,0.9316473694901484,0.3706575006466198,CABYR
GO_Biological_Process_2023,Immune Response-Regulating Cell Surface Receptor Signaling Pathway (GO:0002768),1/13,0.67176163467157,0.9580285194556296,0,0,0.9316473694901484,0.3706575006466198,CD24
GO_Biological_Process_2023,Interleukin-6-Mediated Signaling Pathway (GO:0070102),1/13,0.67176163467157,0.9580285194556296,0,0,0.9316473694901484,0.3706575006466198,SMAD4
GO_Biological_Process_2023,Lipid Oxidation (GO:0034440),1/13,0.67176163467157,0.9580285194556296,0,0,0.9316473694901484,0.3706575006466198,PLA2G7
GO_Biological_Process_2023,Microtubule-Based Transport (GO:0099111),1/13,0.67176163467157,0.9580285194556296,0,0,0.9316473694901484,0.3706575006466198,CABYR
GO_Biological_Process_2023,Microvillus Organization (GO:0032528),1/13,0.67176163467157,0.9580285194556296,0,0,0.9316473694901484,0.3706575006466198,MAP4K4
GO_Biological_Process_2023,ncRNA Transcription (GO:0098781),1/13,0.67176163467157,0.9580285194556296,0,0,0.9316473694901484,0.3706575006466198,GTF3A
GO_Biological_Process_2023,"Negative Regulation Of DNA Damage Response, Signal Transduction By P53 Class Mediator (GO:0043518)",1/13,0.67176163467157,0.9580285194556296,0,0,0.9316473694901484,0.3706575006466198,TWIST1
GO_Biological_Process_2023,Negative Regulation Of NLRP3 Inflammasome Complex Assembly (GO:1900226),1/13,0.67176163467157,0.9580285194556296,0,0,0.9316473694901484,0.3706575006466198,CSNK1A1
GO_Biological_Process_2023,Negative Regulation Of Bone Mineralization (GO:0030502),1/13,0.67176163467157,0.9580285194556296,0,0,0.9316473694901484,0.3706575006466198,GREM1
GO_Biological_Process_2023,Negative Regulation Of Fibroblast Growth Factor Receptor Signaling Pathway (GO:0040037),1/13,0.67176163467157,0.9580285194556296,0,0,0.9316473694901484,0.3706575006466198,SULF1
GO_Biological_Process_2023,Negative Regulation Of Receptor Internalization (GO:0002091),1/13,0.67176163467157,0.9580285194556296,0,0,0.9316473694901484,0.3706575006466198,ANKRD13D
GO_Biological_Process_2023,Negative Regulation Of Secretion (GO:0051048),1/13,0.67176163467157,0.9580285194556296,0,0,0.9316473694901484,0.3706575006466198,EGF
GO_Biological_Process_2023,Negative Regulation Of Translational Initiation (GO:0045947),1/13,0.67176163467157,0.9580285194556296,0,0,0.9316473694901484,0.3706575006466198,EIF4EBP1
GO_Biological_Process_2023,Neuromuscular Process Controlling Balance (GO:0050885),1/13,0.67176163467157,0.9580285194556296,0,0,0.9316473694901484,0.3706575006466198,MYO7A
GO_Biological_Process_2023,Peptidyl-Methionine Modification (GO:0018206),1/13,0.67176163467157,0.9580285194556296,0,0,0.9316473694901484,0.3706575006466198,NAA25
GO_Biological_Process_2023,Positive Regulation Of T Cell Receptor Signaling Pathway (GO:0050862),1/13,0.67176163467157,0.9580285194556296,0,0,0.9316473694901484,0.3706575006466198,KCNN4
GO_Biological_Process_2023,Positive Regulation Of Alpha-Beta T Cell Differentiation (GO:0046638),1/13,0.67176163467157,0.9580285194556296,0,0,0.9316473694901484,0.3706575006466198,TNFSF4
GO_Biological_Process_2023,Positive Regulation Of Fatty Acid Biosynthetic Process (GO:0045723),1/13,0.67176163467157,0.9580285194556296,0,0,0.9316473694901484,0.3706575006466198,LPGAT1
GO_Biological_Process_2023,Positive Regulation Of Glycogen Biosynthetic Process (GO:0045725),1/13,0.67176163467157,0.9580285194556296,0,0,0.9316473694901484,0.3706575006466198,EPM2AIP1
GO_Biological_Process_2023,Positive Regulation Of Granulocyte Macrophage Colony-Stimulating Factor Production (GO:0032725),1/13,0.67176163467157,0.9580285194556296,0,0,0.9316473694901484,0.3706575006466198,PAEP
GO_Biological_Process_2023,Positive Regulation Of Heterochromatin Formation (GO:0031453),1/13,0.67176163467157,0.9580285194556296,0,0,0.9316473694901484,0.3706575006466198,PPHLN1
GO_Biological_Process_2023,Positive Regulation Of Potassium Ion Transmembrane Transporter Activity (GO:1901018),1/13,0.67176163467157,0.9580285194556296,0,0,0.9316473694901484,0.3706575006466198,AKAP9
GO_Biological_Process_2023,Positive Regulation Of Protein Deacetylation (GO:0090312),1/13,0.67176163467157,0.9580285194556296,0,0,0.9316473694901484,0.3706575006466198,FNTA
GO_Biological_Process_2023,Protein Import Into Peroxisome Matrix (GO:0016558),1/13,0.67176163467157,0.9580285194556296,0,0,0.9316473694901484,0.3706575006466198,PEX13
GO_Biological_Process_2023,Regulation Of IRE1-mediated Unfolded Protein Response (GO:1903894),1/13,0.67176163467157,0.9580285194556296,0,0,0.9316473694901484,0.3706575006466198,BCL2L11
GO_Biological_Process_2023,Regulation Of Cell Projection Organization (GO:0031344),1/13,0.67176163467157,0.9580285194556296,0,0,0.9316473694901484,0.3706575006466198,PROM2
GO_Biological_Process_2023,Regulation Of Fatty Acid Beta-Oxidation (GO:0031998),1/13,0.67176163467157,0.9580285194556296,0,0,0.9316473694901484,0.3706575006466198,TWIST1
GO_Biological_Process_2023,Regulation Of Gastrulation (GO:0010470),1/13,0.67176163467157,0.9580285194556296,0,0,0.9316473694901484,0.3706575006466198,TENM4
GO_Biological_Process_2023,Regulation Of Lamellipodium Organization (GO:1902743),1/13,0.67176163467157,0.9580285194556296,0,0,0.9316473694901484,0.3706575006466198,VIL1
GO_Biological_Process_2023,Regulation Of Response To Endoplasmic Reticulum Stress (GO:1905897),1/13,0.67176163467157,0.9580285194556296,0,0,0.9316473694901484,0.3706575006466198,MANF
GO_Biological_Process_2023,Regulation Of Trophoblast Cell Migration (GO:1901163),1/13,0.67176163467157,0.9580285194556296,0,0,0.9316473694901484,0.3706575006466198,APELA
GO_Biological_Process_2023,Secondary Palate Development (GO:0062009),1/13,0.67176163467157,0.9580285194556296,0,0,0.9316473694901484,0.3706575006466198,SMAD4
GO_Biological_Process_2023,Signal Peptide Processing (GO:0006465),1/13,0.67176163467157,0.9580285194556296,0,0,0.9316473694901484,0.3706575006466198,HM13
GO_Biological_Process_2023,Substrate-Dependent Cell Migration (GO:0006929),1/13,0.67176163467157,0.9580285194556296,0,0,0.9316473694901484,0.3706575006466198,NELL1
GO_Biological_Process_2023,Suppression Of Viral Release By Host (GO:0044790),1/13,0.67176163467157,0.9580285194556296,0,0,0.9316473694901484,0.3706575006466198,TRIM13
GO_Biological_Process_2023,T Cell Receptor Signaling Pathway (GO:0050852),7/95,0.6719956209348755,0.9580285194556296,0,0,0.8888657214345288,0.3533271952534529,DENND1B;WNK1;PDE4D;CTLA4;THY1;VTCN1;TNFRSF21
GO_Biological_Process_2023,DNA-templated Transcription (GO:0006351),15/199,0.6732262094304926,0.9594123316633004,0,0,0.9106183693647952,0.3603079077924198,SMAD4;NFYA;GTF3A;PAX5;TFB2M;MRPL12;ELL3;FUBP3;POLR1C;NFE2L3;TRIP13;POLR2H;RREB1;POLR2J;TEFM
GO_Biological_Process_2023,Establishment Of Protein Localization To Membrane (GO:0090150),5/69,0.6786449760783274,0.9608873623116312,0,0,0.8730719303604154,0.3384525772135646,GOLGA7B;ZDHHC9;GORASP2;NACA;BRAF
GO_Biological_Process_2023,Response To Molecule Of Bacterial Origin (GO:0002237),5/69,0.6786449760783274,0.9608873623116312,0,0,0.8730719303604154,0.3384525772135646,CYP27B1;IRAK1;CPS1;PELI1;CD24
GO_Biological_Process_2023,Regulation Of Proteasomal Ubiquitin-Dependent Protein Catabolic Process (GO:0032434),8/109,0.6806438270852139,0.9608873623116312,0,0,0.8850055140152938,0.3404758912578626,XPO1;CSNK1A1;CSNK1D;TRIB3;FBXO22;OGT;RAD23B;UCHL5
GO_Biological_Process_2023,Branching Morphogenesis Of An Epithelial Tube (GO:0048754),3/42,0.6814679852935279,0.9608873623116312,0,0,0.8597643966771483,0.329724809676638,NELL1;PAK1;SIX1
GO_Biological_Process_2023,Cardiac Ventricle Morphogenesis (GO:0003208),3/42,0.6814679852935279,0.9608873623116312,0,0,0.8597643966771483,0.329724809676638,MESP1;PKP2;SOX4
GO_Biological_Process_2023,Cellular Response To Glucose Starvation (GO:0042149),3/42,0.6814679852935279,0.9608873623116312,0,0,0.8597643966771483,0.329724809676638,PRKAA1;PMAIP1;HNRNPA1
GO_Biological_Process_2023,Embryonic Heart Tube Morphogenesis (GO:0003143),3/42,0.6814679852935279,0.9608873623116312,0,0,0.8597643966771483,0.329724809676638,MESP1;AHI1;STIL
GO_Biological_Process_2023,Lysosome Localization (GO:0032418),3/42,0.6814679852935279,0.9608873623116312,0,0,0.8597643966771483,0.329724809676638,SPAG9;FLCN;TMEM106B
GO_Biological_Process_2023,Modulation By Host Of Symbiont Process (GO:0051851),3/42,0.6814679852935279,0.9608873623116312,0,0,0.8597643966771483,0.329724809676638,ST6GALNAC1;NAPEPLD;HMGA2
GO_Biological_Process_2023,Negative Regulation Of I-kappaB kinase/NF-kappaB Signaling (GO:0043124),3/42,0.6814679852935279,0.9608873623116312,0,0,0.8597643966771483,0.329724809676638,STAT1;RHOH;TRIM59
GO_Biological_Process_2023,Positive Regulation Of Calcium Ion Transmembrane Transport (GO:1904427),3/42,0.6814679852935279,0.9608873623116312,0,0,0.8597643966771483,0.329724809676638,CEMIP;CD19;THY1
GO_Biological_Process_2023,Substantia Nigra Development (GO:0021762),3/42,0.6814679852935279,0.9608873623116312,0,0,0.8597643966771483,0.329724809676638,BASP1;MAPKAP1;SYNGR3
GO_Biological_Process_2023,Cellular Response To Osmotic Stress (GO:0071470),2/28,0.6818666647247151,0.9608873623116312,0,0,0.8598499061913696,0.3292547119149996,STK39;SLC4A11
GO_Biological_Process_2023,Glycosaminoglycan Metabolic Process (GO:0030203),2/28,0.6818666647247151,0.9608873623116312,0,0,0.8598499061913696,0.3292547119149996,UGDH;HS3ST1
GO_Biological_Process_2023,Negative Regulation Of Actin Filament Bundle Assembly (GO:0032232),2/28,0.6818666647247151,0.9608873623116312,0,0,0.8598499061913696,0.3292547119149996,PPFIA1;RHPN2
GO_Biological_Process_2023,Negative Regulation Of Cytoskeleton Organization (GO:0051494),2/28,0.6818666647247151,0.9608873623116312,0,0,0.8598499061913696,0.3292547119149996,SMAD4;PFN2
GO_Biological_Process_2023,Negative Regulation Of Signaling (GO:0023057),2/28,0.6818666647247151,0.9608873623116312,0,0,0.8598499061913696,0.3292547119149996,IGFBP3;LIF
GO_Biological_Process_2023,Negative Regulation Of Wound Healing (GO:0061045),2/28,0.6818666647247151,0.9608873623116312,0,0,0.8598499061913696,0.3292547119149996,CLDN3;EPPK1
GO_Biological_Process_2023,Phospholipid Catabolic Process (GO:0009395),2/28,0.6818666647247151,0.9608873623116312,0,0,0.8598499061913696,0.3292547119149996,PLA2G4A;PLD1
GO_Biological_Process_2023,Positive Regulation Of mRNA Processing (GO:0050685),2/28,0.6818666647247151,0.9608873623116312,0,0,0.8598499061913696,0.3292547119149996,DHX36;TRA2A
GO_Biological_Process_2023,Regulation Of Calcium Ion-Dependent Exocytosis (GO:0017158),2/28,0.6818666647247151,0.9608873623116312,0,0,0.8598499061913696,0.3292547119149996,SYT1;SYT13
GO_Biological_Process_2023,Regulation Of Sodium Ion Transmembrane Transport (GO:1902305),2/28,0.6818666647247151,0.9608873623116312,0,0,0.8598499061913696,0.3292547119149996,BPIFA1;DLG1
GO_Biological_Process_2023,Transcription By RNA Polymerase III (GO:0006383),2/28,0.6818666647247151,0.9608873623116312,0,0,0.8598499061913696,0.3292547119149996,GTF3A;ZC3H8
GO_Biological_Process_2023,Transcription Elongation By RNA Polymerase II (GO:0006368),2/28,0.6818666647247151,0.9608873623116312,0,0,0.8598499061913696,0.3292547119149996,PBRM1;ELL3
GO_Biological_Process_2023,Protein Polyubiquitination (GO:0000209),17/226,0.6826751886260167,0.9608873623116312,0,0,0.908451969083548,0.3467889101071987,BARD1;WSB1;NHLRC3;UBE2C;FBXO22;RNF213;TRAF4;RUSC1;UBE2S;TRIM2;UBE2T;TRAF5;PELI1;PRAME;ANAPC5;RNF183;TRIM45
GO_Biological_Process_2023,Regulation Of Macroautophagy (GO:0016241),7/96,0.6826883397386837,0.9608873623116312,0,0,0.8788303611311549,0.3354643433646967,UCHL1;EXOC7;BNIP3;TRIM13;SNX5;ATP6V1C2;CDK5R1
GO_Biological_Process_2023,Cellular Response To Peptide (GO:1901653),4/56,0.6854395951017438,0.9608873623116312,0,0,0.8596787827557059,0.3246962934977018,DDX11;CASP4;TIMELESS;RPL17
GO_Biological_Process_2023,Regulation Of Stem Cell Population Maintenance (GO:2000036),4/56,0.6854395951017438,0.9608873623116312,0,0,0.8596787827557059,0.3246962934977018,KAT2A;RBBP4;HMGA2;OGT
GO_Biological_Process_2023,Positive Regulation Of Ubiquitin-Dependent Protein Catabolic Process (GO:2000060),6/83,0.6859294730724376,0.9608873623116312,0,0,0.8707173022576445,0.3282434139011426,CSNK1A1;CSNK1D;TRIB3;FBXO22;CDK5RAP3;PTK2
GO_Biological_Process_2023,Mitochondrion Organization (GO:0007005),12/162,0.6870591716610811,0.9608873623116312,0,0,0.8936441717791411,0.3354158100668031,PNPT1;MTFP1;MSTO1;AIFM2;BIK;VPS13C;BNIP3;TIMM17A;YME1L1;MTFR1;MTFR2;HSPD1
GO_Biological_Process_2023,Regulation Of Macromolecule Metabolic Process (GO:0060255),12/162,0.6870591716610811,0.9608873623116312,0,0,0.8936441717791411,0.3354158100668031,SOX2;NELL1;FUBP3;CDH1;KIF16B;PCBP2;TMPRSS4;HNRNPD;IGF2BP3;ASCL1;PTHLH;TBC1D16
GO_Biological_Process_2023,Skeletal System Development (GO:0001501),11/149,0.6872251058301919,0.9608873623116312,0,0,0.8904468673082221,0.3340007211320683,COMP;KIAA1217;COL1A1;COL1A2;EPYC;GNAS;COL10A1;GUSBP3;SULF1;TGFBR1;PTHLH
GO_Biological_Process_2023,Organic Substance Transport (GO:0071702),15/201,0.6881017418448312,0.9608873623116312,0,0,0.9007276404227056,0.3367087197575731,NDC1;SLC22A3;ABCB6;ABCA4;SLC50A1;ABCA12;CYP27B1;CENPF;TCN1;SLC22A18;SLCO1B3;FLVCR1;KCNN4;TNPO1;RAMP1
GO_Biological_Process_2023,Negative Regulation Of Extrinsic Apoptotic Signaling Pathway (GO:2001237),5/70,0.6909694869539494,0.9608873623116312,0,0,0.8595930642357033,0.3177568403211558,FGB;LGALS3;FGA;NOL3;TGFBR1
GO_Biological_Process_2023,Positive Regulation Of Protein Transport (GO:0051222),5/70,0.6909694869539494,0.9608873623116312,0,0,0.8595930642357033,0.3177568403211558,FGB;FGA;TMED10;EXOC7;ADAM8
GO_Biological_Process_2023,Regulation Of Actin Filament-Based Process (GO:0032970),5/70,0.6909694869539494,0.9608873623116312,0,0,0.8595930642357033,0.3177568403211558,CCDC88A;PAK1;BAIAP2L1;ARHGEF19;EFNA5
GO_Biological_Process_2023,Nitrogen Compound Transport (GO:0071705),12/163,0.6951560961327332,0.9608873623116312,0,0,0.8876772437329866,0.3227761873109245,NDC1;SLC22A3;SLC7A5;CENPF;RACGAP1;SLC35F3;TCN1;SLC52A2;FLVCR1;SLC7A1;RAMP1;SLC26A6
GO_Biological_Process_2023,Protein Localization To Plasma Membrane (GO:0072659),10/137,0.6965662019746587,0.9608873623116312,0,0,0.8796028253821213,0.3180577325488374,CCDC88A;DLG1;JUP;CDH1;GORASP2;TESC;PKP2;WDR72;PKP3;RAMP1
GO_Biological_Process_2023,SCF-dependent Proteasomal Ubiquitin-Dependent Protein Catabolic Process (GO:0031146),3/43,0.6969636172078221,0.9608873623116312,0,0,0.8382245271507016,0.3026175528370679,FBXL20;CCNF;KIF14
GO_Biological_Process_2023,Energy Derivation By Oxidation Of Organic Compounds (GO:0015980),3/43,0.6969636172078221,0.9608873623116312,0,0,0.8382245271507016,0.3026175528370679,GFPT1;UQCRC2;SLC25A13
GO_Biological_Process_2023,mRNA Catabolic Process (GO:0006402),3/43,0.6969636172078221,0.9608873623116312,0,0,0.8382245271507016,0.3026175528370679,PNPT1;METTL3;MRTO4
GO_Biological_Process_2023,Positive Regulation Of T Cell Mediated Immunity (GO:0002711),3/43,0.6969636172078221,0.9608873623116312,0,0,0.8382245271507016,0.3026175528370679,TNFSF4;CD1A;HSPD1
GO_Biological_Process_2023,Positive Regulation Of Transcription Elongation By RNA Polymerase II (GO:0032968),3/43,0.6969636172078221,0.9608873623116312,0,0,0.8382245271507016,0.3026175528370679,ZMYND8;CDK13;ELL3
GO_Biological_Process_2023,Negative Regulation Of Growth (GO:0045926),9/124,0.6980284346848621,0.9608873623116312,0,0,0.8742884528342075,0.3143027117575967,CDA;CYP27B1;FLCN;SMAD4;PNPT1;CDKN2A;TMPRSS4;ST20;ENO1
GO_Biological_Process_2023,Calcium Ion-Regulated Exocytosis Of Neurotransmitter (GO:0048791),1/14,0.6987274252680372,0.9608873623116312,0,0,0.8599353114892421,0.3082821331359994,SYT1
GO_Biological_Process_2023,Detection Of Mechanical Stimulus Involved In Sensory Perception (GO:0050974),1/14,0.6987274252680372,0.9608873623116312,0,0,0.8599353114892421,0.3082821331359994,COL11A1
GO_Biological_Process_2023,Establishment Of Protein Localization To Chromosome (GO:0070199),1/14,0.6987274252680372,0.9608873623116312,0,0,0.8599353114892421,0.3082821331359994,BRCA2
GO_Biological_Process_2023,Hyaluronan Metabolic Process (GO:0030212),1/14,0.6987274252680372,0.9608873623116312,0,0,0.8599353114892421,0.3082821331359994,CEMIP
GO_Biological_Process_2023,Icosanoid Transport (GO:0071715),1/14,0.6987274252680372,0.9608873623116312,0,0,0.8599353114892421,0.3082821331359994,ABCC3
GO_Biological_Process_2023,Lipoprotein Biosynthetic Process (GO:0042158),1/14,0.6987274252680372,0.9608873623116312,0,0,0.8599353114892421,0.3082821331359994,ATG16L1
GO_Biological_Process_2023,Mammary Gland Epithelium Development (GO:0061180),1/14,0.6987274252680372,0.9608873623116312,0,0,0.8599353114892421,0.3082821331359994,SCRIB
GO_Biological_Process_2023,Membrane Raft Organization (GO:0031579),1/14,0.6987274252680372,0.9608873623116312,0,0,0.8599353114892421,0.3082821331359994,FA2H
GO_Biological_Process_2023,miRNA-mediated Gene Silencing By Inhibition Of Translation (GO:0035278),1/14,0.6987274252680372,0.9608873623116312,0,0,0.8599353114892421,0.3082821331359994,DDX6
GO_Biological_Process_2023,Microvillus Assembly (GO:0030033),1/14,0.6987274252680372,0.9608873623116312,0,0,0.8599353114892421,0.3082821331359994,MAP4K4
GO_Biological_Process_2023,Mitochondrion Transport Along Microtubule (GO:0047497),1/14,0.6987274252680372,0.9608873623116312,0,0,0.8599353114892421,0.3082821331359994,LRPPRC
GO_Biological_Process_2023,Monosaccharide Transmembrane Transport (GO:0015749),1/14,0.6987274252680372,0.9608873623116312,0,0,0.8599353114892421,0.3082821331359994,SLC50A1
GO_Biological_Process_2023,Negative Regulation Of Leukocyte Mediated Cytotoxicity (GO:0001911),1/14,0.6987274252680372,0.9608873623116312,0,0,0.8599353114892421,0.3082821331359994,CEACAM1
GO_Biological_Process_2023,Negative Regulation Of Nucleocytoplasmic Transport (GO:0046823),1/14,0.6987274252680372,0.9608873623116312,0,0,0.8599353114892421,0.3082821331359994,BARD1
GO_Biological_Process_2023,Negative Regulation Of Smooth Muscle Cell Migration (GO:0014912),1/14,0.6987274252680372,0.9608873623116312,0,0,0.8599353114892421,0.3082821331359994,IGFBP3
GO_Biological_Process_2023,Negative Regulation Of Transcription Elongation By RNA Polymerase II (GO:0034244),1/14,0.6987274252680372,0.9608873623116312,0,0,0.8599353114892421,0.3082821331359994,LARP7
GO_Biological_Process_2023,Neuron Cell-Cell Adhesion (GO:0007158),1/14,0.6987274252680372,0.9608873623116312,0,0,0.8599353114892421,0.3082821331359994,CDK5R1
GO_Biological_Process_2023,Nuclear Pore Organization (GO:0006999),1/14,0.6987274252680372,0.9608873623116312,0,0,0.8599353114892421,0.3082821331359994,NDC1
GO_Biological_Process_2023,Pathway-Restricted SMAD Protein Phosphorylation (GO:0060389),1/14,0.6987274252680372,0.9608873623116312,0,0,0.8599353114892421,0.3082821331359994,TGFBR1
GO_Biological_Process_2023,Photoreceptor Cell Development (GO:0042461),1/14,0.6987274252680372,0.9608873623116312,0,0,0.8599353114892421,0.3082821331359994,MYO7A
GO_Biological_Process_2023,Positive Regulation Of Glycogen Metabolic Process (GO:0070875),1/14,0.6987274252680372,0.9608873623116312,0,0,0.8599353114892421,0.3082821331359994,EPM2AIP1
GO_Biological_Process_2023,Positive Regulation Of Histone Acetylation (GO:0035066),1/14,0.6987274252680372,0.9608873623116312,0,0,0.8599353114892421,0.3082821331359994,SMAD4
GO_Biological_Process_2023,Positive Regulation Of Long-Term Synaptic Potentiation (GO:1900273),1/14,0.6987274252680372,0.9608873623116312,0,0,0.8599353114892421,0.3082821331359994,EPHB2
GO_Biological_Process_2023,Positive Regulation Of Mitochondrial Translation (GO:0070131),1/14,0.6987274252680372,0.9608873623116312,0,0,0.8599353114892421,0.3082821331359994,FASTKD2
GO_Biological_Process_2023,Positive Regulation Of Protein-Containing Complex Disassembly (GO:0043243),1/14,0.6987274252680372,0.9608873623116312,0,0,0.8599353114892421,0.3082821331359994,BNIP3
GO_Biological_Process_2023,Positive Regulation Of Telomere Maintenance In Response To DNA Damage (GO:1904507),1/14,0.6987274252680372,0.9608873623116312,0,0,0.8599353114892421,0.3082821331359994,UCHL5
GO_Biological_Process_2023,Post-Translational Protein Targeting To Endoplasmic Reticulum Membrane (GO:0006620),1/14,0.6987274252680372,0.9608873623116312,0,0,0.8599353114892421,0.3082821331359994,GET4
GO_Biological_Process_2023,Primary Alcohol Metabolic Process (GO:0034308),1/14,0.6987274252680372,0.9608873623116312,0,0,0.8599353114892421,0.3082821331359994,NAPEPLD
GO_Biological_Process_2023,Protein Homotrimerization (GO:0070207),1/14,0.6987274252680372,0.9608873623116312,0,0,0.8599353114892421,0.3082821331359994,PNPT1
GO_Biological_Process_2023,Protein Trimerization (GO:0070206),1/14,0.6987274252680372,0.9608873623116312,0,0,0.8599353114892421,0.3082821331359994,PNPT1
GO_Biological_Process_2023,Regulation Of Carbohydrate Catabolic Process (GO:0043470),1/14,0.6987274252680372,0.9608873623116312,0,0,0.8599353114892421,0.3082821331359994,OGT
GO_Biological_Process_2023,Regulation Of Mast Cell Degranulation (GO:0043304),1/14,0.6987274252680372,0.9608873623116312,0,0,0.8599353114892421,0.3082821331359994,SYK
GO_Biological_Process_2023,Regulation Of Neuron Projection Arborization (GO:0150011),1/14,0.6987274252680372,0.9608873623116312,0,0,0.8599353114892421,0.3082821331359994,MAP3K13
GO_Biological_Process_2023,Regulation Of Nuclear-Transcribed mRNA poly(A) Tail Shortening (GO:0060211),1/14,0.6987274252680372,0.9608873623116312,0,0,0.8599353114892421,0.3082821331359994,CNOT7
GO_Biological_Process_2023,Regulation Of Transposition (GO:0010528),1/14,0.6987274252680372,0.9608873623116312,0,0,0.8599353114892421,0.3082821331359994,APOBEC3B
GO_Biological_Process_2023,Respiratory Electron Transport Chain (GO:0022904),1/14,0.6987274252680372,0.9608873623116312,0,0,0.8599353114892421,0.3082821331359994,SLC25A13
GO_Biological_Process_2023,Response To Muscle Stretch (GO:0035994),1/14,0.6987274252680372,0.9608873623116312,0,0,0.8599353114892421,0.3082821331359994,PTK2
GO_Biological_Process_2023,"Synaptic Transmission, GABAergic (GO:0051932)",1/14,0.6987274252680372,0.9608873623116312,0,0,0.8599353114892421,0.3082821331359994,GABRE
GO_Biological_Process_2023,Synaptic Vesicle Membrane Organization (GO:0048499),1/14,0.6987274252680372,0.9608873623116312,0,0,0.8599353114892421,0.3082821331359994,SNAP23
GO_Biological_Process_2023,tRNA 5'-End Processing (GO:0099116),1/14,0.6987274252680372,0.9608873623116312,0,0,0.8599353114892421,0.3082821331359994,RPP40
GO_Biological_Process_2023,Ubiquinone Metabolic Process (GO:0006743),1/14,0.6987274252680372,0.9608873623116312,0,0,0.8599353114892421,0.3082821331359994,NQO1
GO_Biological_Process_2023,Vascular Endothelial Growth Factor Signaling Pathway (GO:0038084),1/14,0.6987274252680372,0.9608873623116312,0,0,0.8599353114892421,0.3082821331359994,NELL1
GO_Biological_Process_2023,Cytoskeleton Organization (GO:0007010),8/111,0.7002176016913431,0.9608873623116312,0,0,0.8677258737269907,0.3092263784003481,STRIP2;FGD6;MDK;MAPKAP1;PAK6;THY1;NOL3;LRCH3
GO_Biological_Process_2023,Negative Regulation Of Transmembrane Receptor Protein Serine/Threonine Kinase Signaling Pathway (GO:0090101),8/111,0.7002176016913431,0.9608873623116312,0,0,0.8677258737269907,0.3092263784003481,GREM1;ZNF451;RBBP4;CILP;SKIL;OGT;SORL1;TRIM33
GO_Biological_Process_2023,Carbohydrate Derivative Biosynthetic Process (GO:1901137),2/29,0.7005548339150907,0.9608873623116312,0,0,0.8279584462511291,0.2946560360205396,RRM2;PDCD6
GO_Biological_Process_2023,Chondrocyte Differentiation (GO:0002062),2/29,0.7005548339150907,0.9608873623116312,0,0,0.8279584462511291,0.2946560360205396,HMGA2;SULF1
GO_Biological_Process_2023,Peptidyl-Tyrosine Dephosphorylation (GO:0035335),2/29,0.7005548339150907,0.9608873623116312,0,0,0.8279584462511291,0.2946560360205396,PTPN18;PTPRF
GO_Biological_Process_2023,Phosphatidic Acid Biosynthetic Process (GO:0006654),2/29,0.7005548339150907,0.9608873623116312,0,0,0.8279584462511291,0.2946560360205396,ACP6;PLD1
GO_Biological_Process_2023,Positive Regulation Of B Cell Proliferation (GO:0030890),2/29,0.7005548339150907,0.9608873623116312,0,0,0.8279584462511291,0.2946560360205396,CD38;EPHB2
GO_Biological_Process_2023,Positive Regulation Of Neural Precursor Cell Proliferation (GO:2000179),2/29,0.7005548339150907,0.9608873623116312,0,0,0.8279584462511291,0.2946560360205396,VCAN;MDK
GO_Biological_Process_2023,Protein Insertion Into ER Membrane (GO:0045048),2/29,0.7005548339150907,0.9608873623116312,0,0,0.8279584462511291,0.2946560360205396,EMC9;GET4
GO_Biological_Process_2023,Regulation Of Establishment Of Planar Polarity (GO:0090175),2/29,0.7005548339150907,0.9608873623116312,0,0,0.8279584462511291,0.2946560360205396,SAPCD2;CELSR3
GO_Biological_Process_2023,Regulation Of Muscle Contraction (GO:0006937),2/29,0.7005548339150907,0.9608873623116312,0,0,0.8279584462511291,0.2946560360205396,TNNT1;ENO1
GO_Biological_Process_2023,Regulation Of Neuron Migration (GO:2001222),2/29,0.7005548339150907,0.9608873623116312,0,0,0.8279584462511291,0.2946560360205396,COL3A1;MDK
GO_Biological_Process_2023,Regulation Of Protein Modification By Small Protein Conjugation Or Removal (GO:1903320),2/29,0.7005548339150907,0.9608873623116312,0,0,0.8279584462511291,0.2946560360205396,DCUN1D5;TGFBR1
GO_Biological_Process_2023,Response To Alcohol (GO:0097305),2/29,0.7005548339150907,0.9608873623116312,0,0,0.8279584462511291,0.2946560360205396,CCR7;TGFBR1
GO_Biological_Process_2023,Vacuolar Acidification (GO:0007035),2/29,0.7005548339150907,0.9608873623116312,0,0,0.8279584462511291,0.2946560360205396,DMXL1;ATP6V0A4
GO_Biological_Process_2023,Intracellular Monoatomic Cation Homeostasis (GO:0030003),14/190,0.70251073930494,0.9632121615061418,0,0,0.8883878713424168,0.3136849517472144,SLC30A9;SMAD4;SLC11A2;IREB2;TMPRSS4;SLC4A11;ATP2A2;SLC30A1;CP;BOLA2;FLVCR1;SLC39A7;HAMP;SLC39A4
GO_Biological_Process_2023,Lipid Biosynthetic Process (GO:0008610),5/71,0.7029672811671537,0.9634802208644502,0,0,0.8465226485996187,0.2983526156120206,PRKAA1;SRD5A1;HSD17B1;CBR4;FDFT1
GO_Biological_Process_2023,Positive Regulation Of Cold-Induced Thermogenesis (GO:0120162),7/98,0.7033992223592995,0.9637143762910818,0,0,0.8594213126323218,0.3023707714988884,SYK;ALMS1;DIO2;GNAS;LCN2;TRPM8;OGT
GO_Biological_Process_2023,Response To Cytokine (GO:0034097),9/125,0.7070664900050848,0.9664717447538383,0,0,0.8667039719576831,0.3004260937612305,CYP27B1;COL3A1;IRAK1;SHMT2;STAT1;MX2;PRKCA;CCR7;OSMR
GO_Biological_Process_2023,Negative Regulation Of Cell Cycle (GO:0045786),6/85,0.7079827975037817,0.9664717447538383,0,0,0.8485809786140943,0.2930451220249083,BARD1;CDT1;CDKN2A;GMNN;SCRIB;MAD2L1
GO_Biological_Process_2023,Positive Regulation Of Cytokine Production (GO:0001819),24/320,0.7088304869717025,0.9664717447538383,0,0,0.9051214378779274,0.3114874675072205,TMED10;SYK;PDE4D;HILPDA;TWIST1;SCRIB;SULF1;SORL1;HSPD1;MAPK13;SLC7A5;KAT2A;IRAK1;MDK;TNFSF4;G3BP1;IGHD;SAA1;IRF7;PAEP;F2RL1;CCR7;HPSE;TIGIT
GO_Biological_Process_2023,Defense Response To Bacterium (GO:0042742),15/204,0.7096659542039658,0.9664717447538383,0,0,0.8862840362533049,0.3039607766646851,IGHM;GSDMB;SYK;SLC30A1;CXCL13;MR1;WFDC2;WFDC3;BPIFA1;RNF213;CASP4;LCN2;IGHA1;KRT6A;LTF
GO_Biological_Process_2023,Autophagosome Maturation (GO:0097352),3/44,0.7118804510788074,0.9664717447538383,0,0,0.8177353829670084,0.2779035162874536,VMP1;CHMP4C;ATP2A2
GO_Biological_Process_2023,Cellular Response To Ketone (GO:1901655),3/44,0.7118804510788074,0.9664717447538383,0,0,0.8177353829670084,0.2779035162874536,POSTN;TNFSF4;SPP1
GO_Biological_Process_2023,Lymphocyte Chemotaxis (GO:0048247),3/44,0.7118804510788074,0.9664717447538383,0,0,0.8177353829670084,0.2779035162874536,CCL20;SAA1;CXCL13
GO_Biological_Process_2023,Neural Crest Cell Development (GO:0014032),3/44,0.7118804510788074,0.9664717447538383,0,0,0.8177353829670084,0.2779035162874536,NELL1;PDCD6;SEMA4B
GO_Biological_Process_2023,Positive Regulation Of Chemotaxis (GO:0050921),3/44,0.7118804510788074,0.9664717447538383,0,0,0.8177353829670084,0.2779035162874536,NELL1;MDK;F2RL1
GO_Biological_Process_2023,Positive Regulation Of Nucleocytoplasmic Transport (GO:0046824),3/44,0.7118804510788074,0.9664717447538383,0,0,0.8177353829670084,0.2779035162874536,JUP;CDH1;ECT2
GO_Biological_Process_2023,Regulation Of Neuron Death (GO:1901214),4/58,0.711924894020974,0.9664717447538383,0,0,0.8277483833039389,0.2812547122611322,EGLN3;TRIM2;KIF14;SORL1
GO_Biological_Process_2023,Selective Autophagy (GO:0061912),4/58,0.711924894020974,0.9664717447538383,0,0,0.8277483833039389,0.2812547122611322,RNF213;ATM;LGALS8;OGT
GO_Biological_Process_2023,Axon Development (GO:0061564),7/99,0.7134131113380556,0.9664717447538383,0,0,0.8500332402606037,0.2870516584863246,DHFR;S100A6;NMNAT2;EPHB2;S100B;NEFH;CDK5R1
GO_Biological_Process_2023,Negative Regulation Of Multicellular Organismal Process (GO:0051241),17/231,0.7165251621674296,0.9664717447538383,0,0,0.8869820273184759,0.2956682868140389,FOXA1;BRCA2;GRHL2;HOXC10;OVOL2;FLCN;RBBP4;TNNT1;MDK;MARVELD3;PAEP;SRSF6;RAB11FIP3;OGT;LGR4;PFN2;ZNF750
GO_Biological_Process_2023,Artery Morphogenesis (GO:0048844),2/30,0.7183209718089585,0.9664717447538383,0,0,0.7983449477351916,0.2641234636412752,NELL1;TGFBR1
GO_Biological_Process_2023,Cardiac Muscle Cell Action Potential Involved In Contraction (GO:0086002),2/30,0.7183209718089585,0.9664717447538383,0,0,0.7983449477351916,0.2641234636412752,KCNE4;PKP2
GO_Biological_Process_2023,Immunoglobulin Mediated Immune Response (GO:0016064),2/30,0.7183209718089585,0.9664717447538383,0,0,0.7983449477351916,0.2641234636412752,CD19;CD27
GO_Biological_Process_2023,Innate Immune Response Activating Cell Surface Receptor Signaling Pathway (GO:0002220),2/30,0.7183209718089585,0.9664717447538383,0,0,0.7983449477351916,0.2641234636412752,PAK1;SYK
GO_Biological_Process_2023,Negative Regulation Of Peptidyl-Tyrosine Phosphorylation (GO:0050732),2/30,0.7183209718089585,0.9664717447538383,0,0,0.7983449477351916,0.2641234636412752,PTK6;THY1
GO_Biological_Process_2023,Phospholipid Dephosphorylation (GO:0046839),2/30,0.7183209718089585,0.9664717447538383,0,0,0.7983449477351916,0.2641234636412752,SYNJ2;SGPP2
GO_Biological_Process_2023,Positive Regulation Of JUN Kinase Activity (GO:0043507),2/30,0.7183209718089585,0.9664717447538383,0,0,0.7983449477351916,0.2641234636412752,PAK1;MAP3K13
GO_Biological_Process_2023,Positive Regulation Of Cell Communication (GO:0010647),2/30,0.7183209718089585,0.9664717447538383,0,0,0.7983449477351916,0.2641234636412752,SYT1;NMU
GO_Biological_Process_2023,Positive Regulation Of Phosphate Metabolic Process (GO:0045937),2/30,0.7183209718089585,0.9664717447538383,0,0,0.7983449477351916,0.2641234636412752,NELL1;EGF
GO_Biological_Process_2023,Regulation Of Vasculature Development (GO:1901342),2/30,0.7183209718089585,0.9664717447538383,0,0,0.7983449477351916,0.2641234636412752,CXCL13;HTATIP2
GO_Biological_Process_2023,Exocytosis (GO:0006887),6/86,0.7186052806110437,0.9664717447538383,0,0,0.8379278728606357,0.2768874468975172,TMED10;RAB25;EXOC7;SNAP23;SYNGR3;SYTL3
GO_Biological_Process_2023,Regulation Of Cellular Component Organization (GO:0051128),11/153,0.7200827080272955,0.9664717447538383,0,0,0.8651738758732653,0.2841137580916206,CEACAM1;ZFYVE16;DCUN1D5;HJURP;KIF14;PAK6;CCNL2;MKI67;MLLT3;MCM2;AURKA
GO_Biological_Process_2023,DNA Double-Strand Break Processing (GO:0000729),1/15,0.7234791196843282,0.9664717447538383,0,0,0.7984678332027509,0.2584509375237597,DNA2
GO_Biological_Process_2023,N-terminal Protein Amino Acid Acetylation (GO:0006474),1/15,0.7234791196843282,0.9664717447538383,0,0,0.7984678332027509,0.2584509375237597,NAA25
GO_Biological_Process_2023,Amyloid-Beta Metabolic Process (GO:0050435),1/15,0.7234791196843282,0.9664717447538383,0,0,0.7984678332027509,0.2584509375237597,IDE
GO_Biological_Process_2023,Cellular Glucuronidation (GO:0052695),1/15,0.7234791196843282,0.9664717447538383,0,0,0.7984678332027509,0.2584509375237597,UGT1A6
GO_Biological_Process_2023,Cellular Response To Corticosteroid Stimulus (GO:0071384),1/15,0.7234791196843282,0.9664717447538383,0,0,0.7984678332027509,0.2584509375237597,BCL2L11
GO_Biological_Process_2023,Coenzyme A Metabolic Process (GO:0015936),1/15,0.7234791196843282,0.9664717447538383,0,0,0.7984678332027509,0.2584509375237597,SLC25A16
GO_Biological_Process_2023,Dendritic Cell Chemotaxis (GO:0002407),1/15,0.7234791196843282,0.9664717447538383,0,0,0.7984678332027509,0.2584509375237597,CCR7
GO_Biological_Process_2023,Endosome To Lysosome Transport Via Multivesicular Body Sorting Pathway (GO:0032510),1/15,0.7234791196843282,0.9664717447538383,0,0,0.7984678332027509,0.2584509375237597,CHMP4C
GO_Biological_Process_2023,Glucuronate Metabolic Process (GO:0019585),1/15,0.7234791196843282,0.9664717447538383,0,0,0.7984678332027509,0.2584509375237597,UGT1A6
GO_Biological_Process_2023,Glutamine Family Amino Acid Catabolic Process (GO:0009065),1/15,0.7234791196843282,0.9664717447538383,0,0,0.7984678332027509,0.2584509375237597,AOC1
GO_Biological_Process_2023,Glycosaminoglycan Catabolic Process (GO:0006027),1/15,0.7234791196843282,0.9664717447538383,0,0,0.7984678332027509,0.2584509375237597,CEMIP
GO_Biological_Process_2023,Intracellular Sterol Transport (GO:0032366),1/15,0.7234791196843282,0.9664717447538383,0,0,0.7984678332027509,0.2584509375237597,OSBPL2
GO_Biological_Process_2023,Keratan Sulfate Biosynthetic Process (GO:0018146),1/15,0.7234791196843282,0.9664717447538383,0,0,0.7984678332027509,0.2584509375237597,B3GNT3
GO_Biological_Process_2023,mRNA Methylation (GO:0080009),1/15,0.7234791196843282,0.9664717447538383,0,0,0.7984678332027509,0.2584509375237597,METTL3
GO_Biological_Process_2023,Membrane Repolarization During Action Potential (GO:0086011),1/15,0.7234791196843282,0.9664717447538383,0,0,0.7984678332027509,0.2584509375237597,KCNE4
GO_Biological_Process_2023,miRNA Metabolic Process (GO:0010586),1/15,0.7234791196843282,0.9664717447538383,0,0,0.7984678332027509,0.2584509375237597,XPO5
GO_Biological_Process_2023,Negative Regulation Of Endoplasmic Reticulum Stress-Induced Intrinsic Apoptotic Signaling Pathway (GO:1902236),1/15,0.7234791196843282,0.9664717447538383,0,0,0.7984678332027509,0.2584509375237597,MAGEA3
GO_Biological_Process_2023,Negative Regulation Of Macrophage Activation (GO:0043031),1/15,0.7234791196843282,0.9664717447538383,0,0,0.7984678332027509,0.2584509375237597,IL31RA
GO_Biological_Process_2023,Negative Regulation Of Platelet Activation (GO:0010544),1/15,0.7234791196843282,0.9664717447538383,0,0,0.7984678332027509,0.2584509375237597,CEACAM1
GO_Biological_Process_2023,Peptidyl-Lysine Trimethylation (GO:0018023),1/15,0.7234791196843282,0.9664717447538383,0,0,0.7984678332027509,0.2584509375237597,NFYA
GO_Biological_Process_2023,Platelet-Derived Growth Factor Receptor Signaling Pathway (GO:0048008),1/15,0.7234791196843282,0.9664717447538383,0,0,0.7984678332027509,0.2584509375237597,NELL1
GO_Biological_Process_2023,Polyol Biosynthetic Process (GO:0046173),1/15,0.7234791196843282,0.9664717447538383,0,0,0.7984678332027509,0.2584509375237597,CYP27B1
GO_Biological_Process_2023,Positive Regulation Of Cell Activation (GO:0050867),1/15,0.7234791196843282,0.9664717447538383,0,0,0.7984678332027509,0.2584509375237597,PLA2G4A
GO_Biological_Process_2023,Positive Regulation Of Glucose Metabolic Process (GO:0010907),1/15,0.7234791196843282,0.9664717447538383,0,0,0.7984678332027509,0.2584509375237597,PMAIP1
GO_Biological_Process_2023,Positive Regulation Of Immunoglobulin Mediated Immune Response (GO:0002891),1/15,0.7234791196843282,0.9664717447538383,0,0,0.7984678332027509,0.2584509375237597,TNFSF4
GO_Biological_Process_2023,Positive Regulation Of Muscle Cell Differentiation (GO:0051149),1/15,0.7234791196843282,0.9664717447538383,0,0,0.7984678332027509,0.2584509375237597,MESP1
GO_Biological_Process_2023,Positive Regulation Of Secretion (GO:0051047),1/15,0.7234791196843282,0.9664717447538383,0,0,0.7984678332027509,0.2584509375237597,SCIN
GO_Biological_Process_2023,Positive Regulation Of Syncytium Formation By Plasma Membrane Fusion (GO:0060143),1/15,0.7234791196843282,0.9664717447538383,0,0,0.7984678332027509,0.2584509375237597,CD53
GO_Biological_Process_2023,Positive Regulation Of Transcription By RNA Polymerase III (GO:0045945),1/15,0.7234791196843282,0.9664717447538383,0,0,0.7984678332027509,0.2584509375237597,ZC3H8
GO_Biological_Process_2023,Regulation Of Rac Protein Signal Transduction (GO:0035020),1/15,0.7234791196843282,0.9664717447538383,0,0,0.7984678332027509,0.2584509375237597,OGT
GO_Biological_Process_2023,Regulation Of Carbohydrate Metabolic Process (GO:0006109),1/15,0.7234791196843282,0.9664717447538383,0,0,0.7984678332027509,0.2584509375237597,PDK1
GO_Biological_Process_2023,Regulation Of Cellular Response To Heat (GO:1900034),1/15,0.7234791196843282,0.9664717447538383,0,0,0.7984678332027509,0.2584509375237597,DNAJC7
GO_Biological_Process_2023,Regulation Of Cholesterol Biosynthetic Process (GO:0045540),1/15,0.7234791196843282,0.9664717447538383,0,0,0.7984678332027509,0.2584509375237597,PRKAA1
GO_Biological_Process_2023,Regulation Of Clathrin-Dependent Endocytosis (GO:2000369),1/15,0.7234791196843282,0.9664717447538383,0,0,0.7984678332027509,0.2584509375237597,PROM2
GO_Biological_Process_2023,Regulation Of Granulocyte Macrophage Colony-Stimulating Factor Production (GO:0032645),1/15,0.7234791196843282,0.9664717447538383,0,0,0.7984678332027509,0.2584509375237597,PAEP
GO_Biological_Process_2023,Regulation Of mRNA Metabolic Process (GO:1903311),1/15,0.7234791196843282,0.9664717447538383,0,0,0.7984678332027509,0.2584509375237597,SRPK1
GO_Biological_Process_2023,Regulation Of Monocyte Differentiation (GO:0045655),1/15,0.7234791196843282,0.9664717447538383,0,0,0.7984678332027509,0.2584509375237597,IRF7
GO_Biological_Process_2023,Regulation Of rRNA Processing (GO:2000232),1/15,0.7234791196843282,0.9664717447538383,0,0,0.7984678332027509,0.2584509375237597,HEATR1
GO_Biological_Process_2023,Regulation Of Systemic Arterial Blood Pressure (GO:0003073),1/15,0.7234791196843282,0.9664717447538383,0,0,0.7984678332027509,0.2584509375237597,SLC2A5
GO_Biological_Process_2023,Regulation Of Systemic Arterial Blood Pressure By Hormone (GO:0001990),1/15,0.7234791196843282,0.9664717447538383,0,0,0.7984678332027509,0.2584509375237597,ACE2
GO_Biological_Process_2023,Regulation Of Telomere Maintenance In Response To DNA Damage (GO:1904505),1/15,0.7234791196843282,0.9664717447538383,0,0,0.7984678332027509,0.2584509375237597,UCHL5
GO_Biological_Process_2023,Sphingolipid Catabolic Process (GO:0030149),1/15,0.7234791196843282,0.9664717447538383,0,0,0.7984678332027509,0.2584509375237597,SGPL1
GO_Biological_Process_2023,Stem Cell Development (GO:0048864),1/15,0.7234791196843282,0.9664717447538383,0,0,0.7984678332027509,0.2584509375237597,PDCD6
GO_Biological_Process_2023,Aerobic Respiration (GO:0009060),4/59,0.72454006885243,0.9666353515858646,0,0,0.8126540126540126,0.2618519239285516,MTFR1;MTFR2;UQCRC2;TEFM
GO_Biological_Process_2023,Anterior/Posterior Pattern Specification (GO:0009952),4/59,0.72454006885243,0.9666353515858646,0,0,0.8126540126540126,0.2618519239285516,HES6;BASP1;TGFBR1;HOXC6
GO_Biological_Process_2023,Positive Regulation Of MAPK Cascade (GO:0043410),23/310,0.724923819573769,0.9666353515858646,0,0,0.8945019186360574,0.2877511648085276,FGB;FGA;ARHGAP8;GPR37;CCL20;EGF;LIF;TGFA;PRKCA;BRAF;TGFBR1;SOX2;NELL1;APELA;IRAK1;DOK5;TNFSF11;F2RL1;CCR7;ADAM8;CD24;EZH2;KLHDC10
GO_Biological_Process_2023,Positive Regulation Of Secretion By Cell (GO:1903532),5/73,0.7259781769134359,0.9666353515858646,0,0,0.8215350892953394,0.2630845554625496,FGB;FGA;TMED10;EXOC7;ADAM8
GO_Biological_Process_2023,Regulation Of Rho Protein Signal Transduction (GO:0035023),5/73,0.7259781769134359,0.9666353515858646,0,0,0.8215350892953394,0.2630845554625496,FLCN;NELL1;COL3A1;EPS8L1;F2RL1
GO_Biological_Process_2023,Hexose Metabolic Process (GO:0019318),3/45,0.7262241398063585,0.9666353515858646,0,0,0.798221912315872,0.2553484592639878,HKDC1;SORD;ALDOA
GO_Biological_Process_2023,Negative Regulation Of Response To Biotic Stimulus (GO:0002832),3/45,0.7262241398063585,0.9666353515858646,0,0,0.798221912315872,0.2553484592639878,PCBP2;AURKB;LTF
GO_Biological_Process_2023,Regulation Of Apoptotic Signaling Pathway (GO:2001233),3/45,0.7262241398063585,0.9666353515858646,0,0,0.798221912315872,0.2553484592639878,DEPTOR;CTSV;TGFBR1
GO_Biological_Process_2023,Regulation Of Protein Modification Process (GO:0031399),3/45,0.7262241398063585,0.9666353515858646,0,0,0.798221912315872,0.2553484592639878,FLCN;CCDC88A;PTK2
GO_Biological_Process_2023,Triglyceride Metabolic Process (GO:0006641),3/45,0.7262241398063585,0.9666353515858646,0,0,0.798221912315872,0.2553484592639878,LPGAT1;DGAT2;CPS1
GO_Biological_Process_2023,Negative Regulation Of Canonical Wnt Signaling Pathway (GO:0090090),8/114,0.7280943616790554,0.9666353515858646,0,0,0.8430290293526709,0.2675138676478647,SOX2;GREM1;SFRP4;MESP1;MDK;CSNK1A1;TPBG;MLLT3
GO_Biological_Process_2023,Hemopoiesis (GO:0030097),7/101,0.7327507660592795,0.9666353515858646,0,0,0.8318563341791919,0.2586654392356403,L3MBTL1;FLCN;MELK;ZNF160;CDK13;OGT;RUNX2
GO_Biological_Process_2023,Visual Perception (GO:0007601),7/101,0.7327507660592795,0.9666353515858646,0,0,0.8318563341791919,0.2586654392356403,COL1A1;PRKRA;RDH10;COL11A1;MYO7A;REEP6;KIFC3
GO_Biological_Process_2023,Actin Filament Polymerization (GO:0030041),2/31,0.7351904108000179,0.9666353515858646,0,0,0.7707737594617325,0.2371098566110564,VIL1;INF2
GO_Biological_Process_2023,Cellular Response To cAMP (GO:0071320),2/31,0.7351904108000179,0.9666353515858646,0,0,0.7707737594617325,0.2371098566110564,AKAP9;SLC26A6
GO_Biological_Process_2023,Leukocyte Cell-Cell Adhesion (GO:0007159),2/31,0.7351904108000179,0.9666353515858646,0,0,0.7707737594617325,0.2371098566110564,NT5E;SYK
GO_Biological_Process_2023,Negative Regulation Of DNA Biosynthetic Process (GO:2000279),2/31,0.7351904108000179,0.9666353515858646,0,0,0.7707737594617325,0.2371098566110564,GNL3L;HNRNPA1
GO_Biological_Process_2023,Negative Regulation Of Microtubule Polymerization Or Depolymerization (GO:0031111),2/31,0.7351904108000179,0.9666353515858646,0,0,0.7707737594617325,0.2371098566110564,TPX2;CKAP2
GO_Biological_Process_2023,Non-Motile Cilium Assembly (GO:1905515),2/31,0.7351904108000179,0.9666353515858646,0,0,0.7707737594617325,0.2371098566110564,GORAB;CSNK1D
GO_Biological_Process_2023,Positive Regulation Of Rho Protein Signal Transduction (GO:0035025),2/31,0.7351904108000179,0.9666353515858646,0,0,0.7707737594617325,0.2371098566110564,COL3A1;F2RL1
GO_Biological_Process_2023,Positive Regulation Of Proteolysis Involved In Protein Catabolic Process (GO:1903052),2/31,0.7351904108000179,0.9666353515858646,0,0,0.7707737594617325,0.2371098566110564,CDK5RAP3;PTK2
GO_Biological_Process_2023,Presynaptic Endocytosis (GO:0140238),2/31,0.7351904108000179,0.9666353515858646,0,0,0.7707737594617325,0.2371098566110564,SYT1;SYNJ2
GO_Biological_Process_2023,Receptor Signaling Pathway Via STAT (GO:0097696),2/31,0.7351904108000179,0.9666353515858646,0,0,0.7707737594617325,0.2371098566110564,STAT1;IL31RA
GO_Biological_Process_2023,Regulation Of Long-Term Synaptic Potentiation (GO:1900271),2/31,0.7351904108000179,0.9666353515858646,0,0,0.7707737594617325,0.2371098566110564,NOL3;EPHB2
GO_Biological_Process_2023,Regulation Of Macrophage Activation (GO:0043030),2/31,0.7351904108000179,0.9666353515858646,0,0,0.7707737594617325,0.2371098566110564,IL31RA;HSPD1
GO_Biological_Process_2023,Toll-Like Receptor Signaling Pathway (GO:0002224),2/31,0.7351904108000179,0.9666353515858646,0,0,0.7707737594617325,0.2371098566110564,IRAK1;HSPD1
GO_Biological_Process_2023,Triglyceride Homeostasis (GO:0070328),2/31,0.7351904108000179,0.9666353515858646,0,0,0.7707737594617325,0.2371098566110564,DGAT2;ANGPTL4
GO_Biological_Process_2023,Translation (GO:0006412),17/234,0.7357444794059614,0.9666353515858646,0,0,0.8745749734136831,0.2683829169193633,MRPS17;RPL5;RPL10;FASTKD2;MRPS12;MRPS23;MRPL12;GSPT1;RPL7;MRPL3;RPS16;EEF1A2;RPL37A;IGF2BP3;RPL17;RPS24;FARSB
GO_Biological_Process_2023,Histone Acetylation (GO:0016573),4/60,0.7367393030704402,0.9666353515858646,0,0,0.7980987266701552,0.2438360619722625,MBTD1;KAT2A;MORF4L2;SUPT20H
GO_Biological_Process_2023,Regulation Of Extrinsic Apoptotic Signaling Pathway (GO:2001236),4/60,0.7367393030704402,0.9666353515858646,0,0,0.7980987266701552,0.2438360619722625,LGALS3;DEPTOR;NOL3;TGFBR1
GO_Biological_Process_2023,Response To Retinoic Acid (GO:0032526),4/60,0.7367393030704402,0.9666353515858646,0,0,0.7980987266701552,0.2438360619722625,TESC;PTK6;ATM;ASCL1
GO_Biological_Process_2023,Regulation Of Endothelial Cell Migration (GO:0010594),6/88,0.7390374581225507,0.9666353515858646,0,0,0.8174011568966545,0.2471875633312932,NELL1;CEACAM1;EGF;PDCD6;PRKCA;PTK2
GO_Biological_Process_2023,Intracellular Protein Transmembrane Transport (GO:0065002),3/46,0.7400020635398243,0.9666353515858646,0,0,0.779616044950835,0.2347441875419533,TIMM17A;PEX13;HSPD1
GO_Biological_Process_2023,Myofibril Assembly (GO:0030239),3/46,0.7400020635398243,0.9666353515858646,0,0,0.779616044950835,0.2347441875419533,KRT19;SIX4;TNNT1
GO_Biological_Process_2023,Negative Regulation Of Cold-Induced Thermogenesis (GO:0120163),3/46,0.7400020635398243,0.9666353515858646,0,0,0.779616044950835,0.2347441875419533,FLCN;HOXC10;LGR4
GO_Biological_Process_2023,Protein Sumoylation (GO:0016925),3/46,0.7400020635398243,0.9666353515858646,0,0,0.779616044950835,0.2347441875419533,RANBP2;ZNF451;PIAS3
GO_Biological_Process_2023,Response To Hydrogen Peroxide (GO:0042542),3/46,0.7400020635398243,0.9666353515858646,0,0,0.779616044950835,0.2347441875419533,PPIF;ECT2;MAPK13
GO_Biological_Process_2023,Protein Targeting (GO:0006605),9/129,0.7414527934233062,0.9666353515858646,0,0,0.8376301285976729,0.2505718454687897,GOLGA7B;ZDHHC9;NACA;ZFAND6;VPS13C;VPS8;TIMM17A;SRPRB;SORL1
GO_Biological_Process_2023,DNA Repair-Dependent Chromatin Remodeling (GO:0140861),1/16,0.7461984100564091,0.9666353515858646,0,0,0.745196018687792,0.2181663801096477,DEPDC1B
GO_Biological_Process_2023,acetyl-CoA Metabolic Process (GO:0006084),1/16,0.7461984100564091,0.9666353515858646,0,0,0.745196018687792,0.2181663801096477,TDO2
GO_Biological_Process_2023,Activation Of Cysteine-Type Endopeptidase Activity (GO:0097202),1/16,0.7461984100564091,0.9666353515858646,0,0,0.745196018687792,0.2181663801096477,ASPH
GO_Biological_Process_2023,Cell Communication By Electrical Coupling Involved In Cardiac Conduction (GO:0086064),1/16,0.7461984100564091,0.9666353515858646,0,0,0.745196018687792,0.2181663801096477,PKP2
GO_Biological_Process_2023,Cell Surface Toll-Like Receptor Signaling Pathway (GO:0140895),1/16,0.7461984100564091,0.9666353515858646,0,0,0.745196018687792,0.2181663801096477,IRAK1
GO_Biological_Process_2023,Cellular Response To Fatty Acid (GO:0071398),1/16,0.7461984100564091,0.9666353515858646,0,0,0.745196018687792,0.2181663801096477,DGAT2
GO_Biological_Process_2023,Cellular Response To Gamma Radiation (GO:0071480),1/16,0.7461984100564091,0.9666353515858646,0,0,0.745196018687792,0.2181663801096477,XRCC5
GO_Biological_Process_2023,Dicarboxylic Acid Catabolic Process (GO:0043649),1/16,0.7461984100564091,0.9666353515858646,0,0,0.745196018687792,0.2181663801096477,QPRT
GO_Biological_Process_2023,Endoplasmic Reticulum Tubular Network Organization (GO:0071786),1/16,0.7461984100564091,0.9666353515858646,0,0,0.745196018687792,0.2181663801096477,RAB18
GO_Biological_Process_2023,Establishment Of Protein Localization To Endoplasmic Reticulum (GO:0072599),1/16,0.7461984100564091,0.9666353515858646,0,0,0.745196018687792,0.2181663801096477,SRPRB
GO_Biological_Process_2023,Heart Process (GO:0003015),1/16,0.7461984100564091,0.9666353515858646,0,0,0.745196018687792,0.2181663801096477,NOX4
GO_Biological_Process_2023,Intracellular Cholesterol Transport (GO:0032367),1/16,0.7461984100564091,0.9666353515858646,0,0,0.745196018687792,0.2181663801096477,OSBPL2
GO_Biological_Process_2023,Late Endosome To Lysosome Transport (GO:1902774),1/16,0.7461984100564091,0.9666353515858646,0,0,0.745196018687792,0.2181663801096477,CHMP4C
GO_Biological_Process_2023,Lymphocyte Mediated Immunity (GO:0002449),1/16,0.7461984100564091,0.9666353515858646,0,0,0.745196018687792,0.2181663801096477,CR2
GO_Biological_Process_2023,Maturation Of 5.8S rRNA (GO:0000460),1/16,0.7461984100564091,0.9666353515858646,0,0,0.745196018687792,0.2181663801096477,WDR12
GO_Biological_Process_2023,Mesonephric Tubule Development (GO:0072164),1/16,0.7461984100564091,0.9666353515858646,0,0,0.745196018687792,0.2181663801096477,SIX1
GO_Biological_Process_2023,Mitophagy (GO:0000423),1/16,0.7461984100564091,0.9666353515858646,0,0,0.745196018687792,0.2181663801096477,OGT
GO_Biological_Process_2023,Negative Regulation Of Amyloid-Beta Formation (GO:1902430),1/16,0.7461984100564091,0.9666353515858646,0,0,0.745196018687792,0.2181663801096477,SORL1
GO_Biological_Process_2023,Negative Regulation Of Biosynthetic Process (GO:0009890),1/16,0.7461984100564091,0.9666353515858646,0,0,0.745196018687792,0.2181663801096477,CEACAM1
GO_Biological_Process_2023,Negative Regulation Of Chemokine Production (GO:0032682),1/16,0.7461984100564091,0.9666353515858646,0,0,0.745196018687792,0.2181663801096477,F2RL1
GO_Biological_Process_2023,Negative Regulation Of Inflammatory Response To Antigenic Stimulus (GO:0002862),1/16,0.7461984100564091,0.9666353515858646,0,0,0.745196018687792,0.2181663801096477,SYK
GO_Biological_Process_2023,Negative Regulation Of Interleukin-10 Production (GO:0032693),1/16,0.7461984100564091,0.9666353515858646,0,0,0.745196018687792,0.2181663801096477,TNFRSF21
GO_Biological_Process_2023,Negative Regulation Of Natural Killer Cell Mediated Cytotoxicity (GO:0045953),1/16,0.7461984100564091,0.9666353515858646,0,0,0.745196018687792,0.2181663801096477,CEACAM1
GO_Biological_Process_2023,Nuclear Migration (GO:0007097),1/16,0.7461984100564091,0.9666353515858646,0,0,0.745196018687792,0.2181663801096477,LMNB1
GO_Biological_Process_2023,Oligodendrocyte Development (GO:0014003),1/16,0.7461984100564091,0.9666353515858646,0,0,0.745196018687792,0.2181663801096477,NSUN5
GO_Biological_Process_2023,Phosphatidylinositol Dephosphorylation (GO:0046856),1/16,0.7461984100564091,0.9666353515858646,0,0,0.745196018687792,0.2181663801096477,SYNJ2
GO_Biological_Process_2023,Positive Regulation Of Cell Migration Involved In Sprouting Angiogenesis (GO:0090050),1/16,0.7461984100564091,0.9666353515858646,0,0,0.745196018687792,0.2181663801096477,SRPX2
GO_Biological_Process_2023,Positive Regulation Of Homotypic Cell-Cell Adhesion (GO:0034112),1/16,0.7461984100564091,0.9666353515858646,0,0,0.745196018687792,0.2181663801096477,TNFSF11
GO_Biological_Process_2023,Positive Regulation Of Lymphocyte Migration (GO:2000403),1/16,0.7461984100564091,0.9666353515858646,0,0,0.745196018687792,0.2181663801096477,CCL20
GO_Biological_Process_2023,Positive Regulation Of Muscle Hypertrophy (GO:0014742),1/16,0.7461984100564091,0.9666353515858646,0,0,0.745196018687792,0.2181663801096477,PRKCA
GO_Biological_Process_2023,Positive Regulation Of Positive Chemotaxis (GO:0050927),1/16,0.7461984100564091,0.9666353515858646,0,0,0.745196018687792,0.2181663801096477,F2RL1
GO_Biological_Process_2023,Protein O-linked Mannosylation (GO:0035269),1/16,0.7461984100564091,0.9666353515858646,0,0,0.745196018687792,0.2181663801096477,TMTC4
GO_Biological_Process_2023,Protein Localization To Endoplasmic Reticulum (GO:0070972),1/16,0.7461984100564091,0.9666353515858646,0,0,0.745196018687792,0.2181663801096477,KDELR2
GO_Biological_Process_2023,Protein Targeting To Peroxisome (GO:0006625),1/16,0.7461984100564091,0.9666353515858646,0,0,0.745196018687792,0.2181663801096477,ZFAND6
GO_Biological_Process_2023,Regulation Of DNA Strand Elongation (GO:0060382),1/16,0.7461984100564091,0.9666353515858646,0,0,0.745196018687792,0.2181663801096477,UCHL5
GO_Biological_Process_2023,Regulation Of Golgi Organization (GO:1903358),1/16,0.7461984100564091,0.9666353515858646,0,0,0.745196018687792,0.2181663801096477,USP6NL
GO_Biological_Process_2023,Regulation Of NMDA Receptor Activity (GO:2000310),1/16,0.7461984100564091,0.9666353515858646,0,0,0.745196018687792,0.2181663801096477,EPHB2
GO_Biological_Process_2023,Regulation Of Blood Vessel Endothelial Cell Proliferation Involved In Sprouting Angiogenesis (GO:1903587),1/16,0.7461984100564091,0.9666353515858646,0,0,0.745196018687792,0.2181663801096477,APELA
GO_Biological_Process_2023,Regulation Of Nucleocytoplasmic Transport (GO:0046822),1/16,0.7461984100564091,0.9666353515858646,0,0,0.745196018687792,0.2181663801096477,MX2
GO_Biological_Process_2023,Regulation Of Protein Kinase C Signaling (GO:0090036),1/16,0.7461984100564091,0.9666353515858646,0,0,0.745196018687792,0.2181663801096477,SEZ6L2
GO_Biological_Process_2023,Regulation Of Steroid Biosynthetic Process (GO:0050810),1/16,0.7461984100564091,0.9666353515858646,0,0,0.745196018687792,0.2181663801096477,NR0B1
GO_Biological_Process_2023,Regulation Of Transforming Growth Factor Beta Production (GO:0071634),1/16,0.7461984100564091,0.9666353515858646,0,0,0.745196018687792,0.2181663801096477,SMAD4
GO_Biological_Process_2023,Response To UV-B (GO:0010224),1/16,0.7461984100564091,0.9666353515858646,0,0,0.745196018687792,0.2181663801096477,IVL
GO_Biological_Process_2023,Ruffle Organization (GO:0031529),1/16,0.7461984100564091,0.9666353515858646,0,0,0.745196018687792,0.2181663801096477,CCR7
GO_Biological_Process_2023,Sulfation (GO:0051923),1/16,0.7461984100564091,0.9666353515858646,0,0,0.745196018687792,0.2181663801096477,SULT1C2
GO_Biological_Process_2023,"Synaptic Transmission, Cholinergic (GO:0007271)",1/16,0.7461984100564091,0.9666353515858646,0,0,0.745196018687792,0.2181663801096477,NQO1
GO_Biological_Process_2023,Regulation Of Pathway-Restricted SMAD Protein Phosphorylation (GO:0060393),4/61,0.7485257343270396,0.9666353515858646,0,0,0.7840541524752052,0.2271010457476793,GREM1;SMAD4;TTK;TGFBR1
GO_Biological_Process_2023,Histone Lysine Methylation (GO:0034968),2/32,0.7511905398679682,0.9666353515858646,0,0,0.745040650406504,0.2131531085893427,PAGR1;SUV39H2
GO_Biological_Process_2023,Mesenchymal Cell Migration (GO:0090497),2/32,0.7511905398679682,0.9666353515858646,0,0,0.745040650406504,0.2131531085893427,NELL1;SEMA4B
GO_Biological_Process_2023,Negative Regulation Of Osteoblast Differentiation (GO:0045668),2/32,0.7511905398679682,0.9666353515858646,0,0,0.745040650406504,0.2131531085893427,GREM1;TWIST1
GO_Biological_Process_2023,Negative Regulation Of Proteasomal Ubiquitin-Dependent Protein Catabolic Process (GO:0032435),2/32,0.7511905398679682,0.9666353515858646,0,0,0.745040650406504,0.2131531085893427,OGT;UCHL5
GO_Biological_Process_2023,Protein Transmembrane Import Into Intracellular Organelle (GO:0044743),2/32,0.7511905398679682,0.9666353515858646,0,0,0.745040650406504,0.2131531085893427,TIMM17A;HSPD1
GO_Biological_Process_2023,Golgi Vesicle Transport (GO:0048193),14/197,0.7513580290735538,0.9666353515858646,0,0,0.8540768786670426,0.2441575232685643,COPA;TMED10;SEC24A;ATL3;SAR1B;TRAPPC10;PDCD6;SNAP23;SORL1;GOLGA4;SGSM2;KDELR2;KDELR3;SEC24D
GO_Biological_Process_2023,Actin Filament Organization (GO:0007015),10/144,0.753713212935431,0.9666353515858646,0,0,0.8333333333333334,0.2356194479368556,VIL1;DLG1;MARCKSL1;BAIAP2L1;SCIN;POF1B;ELMO3;MYO7A;ALDOA;MYO19
GO_Biological_Process_2023,Positive Regulation Of Apoptotic Signaling Pathway (GO:2001235),4/62,0.7599034631438435,0.9666353515858646,0,0,0.7704938739421499,0.2115497844244504,SIAH1;PMAIP1;CTSV;TGFBR1
GO_Biological_Process_2023,Protein Lipidation (GO:0006497),4/62,0.7599034631438435,0.9666353515858646,0,0,0.7704938739421499,0.2115497844244504,ZDHHC9;ATG16L1;ZDHHC13;PIGM
GO_Biological_Process_2023,Positive Regulation Of Kinase Activity (GO:0033674),7/104,0.7600243743731118,0.9666353515858646,0,0,0.8059964059396576,0.2211692621586949,CCNA2;CENPE;TRAF4;XRCC5;EEF1A2;CCR7;PTK2
GO_Biological_Process_2023,Positive Regulation Of Vasculature Development (GO:1904018),7/104,0.7600243743731118,0.9666353515858646,0,0,0.8059964059396576,0.2211692621586949,APELA;JUP;PDCD6;TWIST1;HMGA2;PRKCA;ANGPTL4
GO_Biological_Process_2023,Positive Regulation Of Protein Modification Process (GO:0031401),16/225,0.7611789305002957,0.9666353515858646,0,0,0.854487779327554,0.2331784556194235,CDCA2;CDCA8;CSNK1D;EFNA5;MMP9;PTK2;AURKB;CCNA2;FLCN;PAK1;CLDN3;BIRC5;WDFY2;RAMP1;CARD14;PROM2
GO_Biological_Process_2023,Regulation Of Protein Binding (GO:0043393),8/118,0.7624486506694302,0.9666353515858646,0,0,0.8121953933459441,0.2202837289218868,GNL3L;DDX11;SYMPK;TRIB3;IDE;SORL1;AURKB;AURKA
GO_Biological_Process_2023,Regulation Of Tumor Necrosis Factor-Mediated Signaling Pathway (GO:0010803),3/48,0.7658974737233656,0.9666353515858646,0,0,0.7448850925360992,0.1986660419419638,SYK;CASP4;F2RL1
GO_Biological_Process_2023,Glycolipid Metabolic Process (GO:0006664),2/33,0.7663502964424859,0.9666353515858646,0,0,0.7209677419354839,0.1918609850772474,UGT8;FUT2
GO_Biological_Process_2023,Inositol Lipid-Mediated Signaling (GO:0048017),2/33,0.7663502964424859,0.9666353515858646,0,0,0.7209677419354839,0.1918609850772474,EXOC7;OGT
GO_Biological_Process_2023,intra-Golgi Vesicle-Mediated Transport (GO:0006891),2/33,0.7663502964424859,0.9666353515858646,0,0,0.7209677419354839,0.1918609850772474,COPA;TRAPPC10
GO_Biological_Process_2023,Monoubiquitinated Protein Deubiquitination (GO:0035520),2/33,0.7663502964424859,0.9666353515858646,0,0,0.7209677419354839,0.1918609850772474,KAT2A;SUPT20H
GO_Biological_Process_2023,Negative Regulation Of Endocytosis (GO:0045806),2/33,0.7663502964424859,0.9666353515858646,0,0,0.7209677419354839,0.1918609850772474,LGALS3;PROM2
GO_Biological_Process_2023,Phosphatidic Acid Metabolic Process (GO:0046473),2/33,0.7663502964424859,0.9666353515858646,0,0,0.7209677419354839,0.1918609850772474,ACP6;PLD1
GO_Biological_Process_2023,Positive Regulation Of RNA Metabolic Process (GO:0051254),2/33,0.7663502964424859,0.9666353515858646,0,0,0.7209677419354839,0.1918609850772474,PNPT1;HEATR1
GO_Biological_Process_2023,Positive Regulation Of Nitrogen Compound Metabolic Process (GO:0051173),2/33,0.7663502964424859,0.9666353515858646,0,0,0.7209677419354839,0.1918609850772474,UHRF1;EGF
GO_Biological_Process_2023,Positive Regulation Of Small Molecule Metabolic Process (GO:0062013),2/33,0.7663502964424859,0.9666353515858646,0,0,0.7209677419354839,0.1918609850772474,PRKAA1;PMAIP1
GO_Biological_Process_2023,Regulation Of NLRP3 Inflammasome Complex Assembly (GO:1900225),2/33,0.7663502964424859,0.9666353515858646,0,0,0.7209677419354839,0.1918609850772474,DEPDC1B;CSNK1A1
GO_Biological_Process_2023,Regulation Of Amyloid-Beta Formation (GO:1902003),2/33,0.7663502964424859,0.9666353515858646,0,0,0.7209677419354839,0.1918609850772474,TMED10;SORL1
GO_Biological_Process_2023,Regulation Of Type I Interferon-Mediated Signaling Pathway (GO:0060338),2/33,0.7663502964424859,0.9666353515858646,0,0,0.7209677419354839,0.1918609850772474,CNOT7;METTL3
GO_Biological_Process_2023,Ubiquitin-Dependent Protein Catabolic Process Via The Multivesicular Body Sorting Pathway (GO:0043162),2/33,0.7663502964424859,0.9666353515858646,0,0,0.7209677419354839,0.1918609850772474,TOM1L1;CHMP4C
GO_Biological_Process_2023,Vasculogenesis (GO:0001570),2/33,0.7663502964424859,0.9666353515858646,0,0,0.7209677419354839,0.1918609850772474,NELL1;APELA
GO_Biological_Process_2023,DNA Biosynthetic Process (GO:0071897),1/17,0.767052086895383,0.9666353515858646,0,0,0.698583180987203,0.1852646578027507,TYMS
GO_Biological_Process_2023,"DNA Damage Response, Signal Transduction By P53 Class Mediator Resulting In Cell Cycle Arrest (GO:0006977)",1/17,0.767052086895383,0.9666353515858646,0,0,0.698583180987203,0.1852646578027507,GTSE1
GO_Biological_Process_2023,Carbohydrate Derivative Catabolic Process (GO:1901136),1/17,0.767052086895383,0.9666353515858646,0,0,0.698583180987203,0.1852646578027507,NGLY1
GO_Biological_Process_2023,Carboxylic Acid Biosynthetic Process (GO:0046394),1/17,0.767052086895383,0.9666353515858646,0,0,0.698583180987203,0.1852646578027507,UGDH
GO_Biological_Process_2023,Cellular Response To dsRNA (GO:0071359),1/17,0.767052086895383,0.9666353515858646,0,0,0.698583180987203,0.1852646578027507,NPM1
GO_Biological_Process_2023,Cellular Response To Glucocorticoid Stimulus (GO:0071385),1/17,0.767052086895383,0.9666353515858646,0,0,0.698583180987203,0.1852646578027507,BCL2L11
GO_Biological_Process_2023,Cellular Response To Unfolded Protein (GO:0034620),1/17,0.767052086895383,0.9666353515858646,0,0,0.698583180987203,0.1852646578027507,HSPD1
GO_Biological_Process_2023,Detection Of Visible Light (GO:0009584),1/17,0.767052086895383,0.9666353515858646,0,0,0.698583180987203,0.1852646578027507,REEP6
GO_Biological_Process_2023,Diol Biosynthetic Process (GO:0034312),1/17,0.767052086895383,0.9666353515858646,0,0,0.698583180987203,0.1852646578027507,DHFR
GO_Biological_Process_2023,Embryonic Digit Morphogenesis (GO:0042733),1/17,0.767052086895383,0.9666353515858646,0,0,0.698583180987203,0.1852646578027507,TWIST1
GO_Biological_Process_2023,Epoxygenase P450 Pathway (GO:0019373),1/17,0.767052086895383,0.9666353515858646,0,0,0.698583180987203,0.1852646578027507,CYP2J2
GO_Biological_Process_2023,Facultative Heterochromatin Formation (GO:0140718),1/17,0.767052086895383,0.9666353515858646,0,0,0.698583180987203,0.1852646578027507,HELLS
GO_Biological_Process_2023,Filopodium Assembly (GO:0046847),1/17,0.767052086895383,0.9666353515858646,0,0,0.698583180987203,0.1852646578027507,FGD6
GO_Biological_Process_2023,Growth Hormone Receptor Signaling Pathway (GO:0060396),1/17,0.767052086895383,0.9666353515858646,0,0,0.698583180987203,0.1852646578027507,PTK2
GO_Biological_Process_2023,Keratan Sulfate Metabolic Process (GO:0042339),1/17,0.767052086895383,0.9666353515858646,0,0,0.698583180987203,0.1852646578027507,B3GNT3
GO_Biological_Process_2023,Negative Regulation Of Rho Protein Signal Transduction (GO:0035024),1/17,0.767052086895383,0.9666353515858646,0,0,0.698583180987203,0.1852646578027507,FLCN
GO_Biological_Process_2023,Negative Regulation Of Calcium Ion Transport (GO:0051926),1/17,0.767052086895383,0.9666353515858646,0,0,0.698583180987203,0.1852646578027507,SLC30A1
GO_Biological_Process_2023,Negative Regulation Of Leukocyte Activation (GO:0002695),1/17,0.767052086895383,0.9666353515858646,0,0,0.698583180987203,0.1852646578027507,IL31RA
GO_Biological_Process_2023,Negative Regulation Of Oxidative Stress-Induced Intrinsic Apoptotic Signaling Pathway (GO:1902176),1/17,0.767052086895383,0.9666353515858646,0,0,0.698583180987203,0.1852646578027507,NOL3
GO_Biological_Process_2023,Negative Regulation Of Striated Muscle Cell Differentiation (GO:0051154),1/17,0.767052086895383,0.9666353515858646,0,0,0.698583180987203,0.1852646578027507,CEACAM5
GO_Biological_Process_2023,Nicotinamide Nucleotide Metabolic Process (GO:0046496),1/17,0.767052086895383,0.9666353515858646,0,0,0.698583180987203,0.1852646578027507,QPRT
GO_Biological_Process_2023,"Nuclear-Transcribed mRNA Catabolic Process, Exonucleolytic (GO:0000291)",1/17,0.767052086895383,0.9666353515858646,0,0,0.698583180987203,0.1852646578027507,CNOT7
GO_Biological_Process_2023,Polyol Metabolic Process (GO:0019751),1/17,0.767052086895383,0.9666353515858646,0,0,0.698583180987203,0.1852646578027507,INPP4B
GO_Biological_Process_2023,Positive Regulation Of Cardiac Muscle Hypertrophy (GO:0010613),1/17,0.767052086895383,0.9666353515858646,0,0,0.698583180987203,0.1852646578027507,PRKCA
GO_Biological_Process_2023,Positive Regulation Of Cartilage Development (GO:0061036),1/17,0.767052086895383,0.9666353515858646,0,0,0.698583180987203,0.1852646578027507,MDK
GO_Biological_Process_2023,Positive Regulation Of Dendrite Extension (GO:1903861),1/17,0.767052086895383,0.9666353515858646,0,0,0.698583180987203,0.1852646578027507,SYT1
GO_Biological_Process_2023,Positive Regulation Of Fatty Acid Metabolic Process (GO:0045923),1/17,0.767052086895383,0.9666353515858646,0,0,0.698583180987203,0.1852646578027507,LPGAT1
GO_Biological_Process_2023,Positive Regulation Of Leukocyte Proliferation (GO:0070665),1/17,0.767052086895383,0.9666353515858646,0,0,0.698583180987203,0.1852646578027507,PTK2
GO_Biological_Process_2023,Positive Regulation Of Macrophage Activation (GO:0043032),1/17,0.767052086895383,0.9666353515858646,0,0,0.698583180987203,0.1852646578027507,HSPD1
GO_Biological_Process_2023,Positive Regulation Of Nitric-Oxide Synthase Activity (GO:0051000),1/17,0.767052086895383,0.9666353515858646,0,0,0.698583180987203,0.1852646578027507,DHFR
GO_Biological_Process_2023,Positive Regulation Of Peptidyl-Serine Phosphorylation Of STAT Protein (GO:0033141),1/17,0.767052086895383,0.9666353515858646,0,0,0.698583180987203,0.1852646578027507,LIF
GO_Biological_Process_2023,Positive Regulation Of Regulatory T Cell Differentiation (GO:0045591),1/17,0.767052086895383,0.9666353515858646,0,0,0.698583180987203,0.1852646578027507,IL4I1
GO_Biological_Process_2023,Positive Regulation Of Small GTPase Mediated Signal Transduction (GO:0051057),1/17,0.767052086895383,0.9666353515858646,0,0,0.698583180987203,0.1852646578027507,RASGEF1A
GO_Biological_Process_2023,rRNA Transcription (GO:0009303),1/17,0.767052086895383,0.9666353515858646,0,0,0.698583180987203,0.1852646578027507,GTF3A
GO_Biological_Process_2023,Receptor Recycling (GO:0001881),1/17,0.767052086895383,0.9666353515858646,0,0,0.698583180987203,0.1852646578027507,SORL1
GO_Biological_Process_2023,Regulation Of DNA Methylation-Dependent Heterochromatin Formation (GO:0090308),1/17,0.767052086895383,0.9666353515858646,0,0,0.698583180987203,0.1852646578027507,PPHLN1
GO_Biological_Process_2023,Regulation Of Inflammatory Response To Antigenic Stimulus (GO:0002861),1/17,0.767052086895383,0.9666353515858646,0,0,0.698583180987203,0.1852646578027507,SYK
GO_Biological_Process_2023,Response To Interferon-Alpha (GO:0035455),1/17,0.767052086895383,0.9666353515858646,0,0,0.698583180987203,0.1852646578027507,MX2
GO_Biological_Process_2023,"Retrograde Protein Transport, ER To Cytosol (GO:0030970)",1/17,0.767052086895383,0.9666353515858646,0,0,0.698583180987203,0.1852646578027507,HM13
GO_Biological_Process_2023,Ribosomal Small Subunit Assembly (GO:0000028),1/17,0.767052086895383,0.9666353515858646,0,0,0.698583180987203,0.1852646578027507,XRCC5
GO_Biological_Process_2023,Toll-Like Receptor 4 Signaling Pathway (GO:0034142),1/17,0.767052086895383,0.9666353515858646,0,0,0.698583180987203,0.1852646578027507,IRAK1
GO_Biological_Process_2023,Transcription By RNA Polymerase I (GO:0006360),1/17,0.767052086895383,0.9666353515858646,0,0,0.698583180987203,0.1852646578027507,POLR1C
GO_Biological_Process_2023,Transepithelial Transport (GO:0070633),1/17,0.767052086895383,0.9666353515858646,0,0,0.698583180987203,0.1852646578027507,SLC26A6
GO_Biological_Process_2023,Regulation Of Actin Cytoskeleton Organization (GO:0032956),6/91,0.767657446489928,0.9666353515858646,0,0,0.7884222637710341,0.2084680541723405,CCDC88A;PAK1;BAIAP2L1;MDK;ARHGEF19;EFNA5
GO_Biological_Process_2023,Cell Morphogenesis Involved In Neuron Differentiation (GO:0048667),5/77,0.7680748240094861,0.9666353515858646,0,0,0.7757245639041608,0.204688985018216,FARP1;S100A6;TMEM106B;S100B;NEFH
GO_Biological_Process_2023,Chloride Transport (GO:0006821),5/77,0.7680748240094861,0.9666353515858646,0,0,0.7757245639041608,0.204688985018216,ANO9;GABRE;SLC1A7;SLC12A8;SLC26A6
GO_Biological_Process_2023,Positive Regulation Of Synaptic Transmission (GO:0050806),5/77,0.7680748240094861,0.9666353515858646,0,0,0.7757245639041608,0.204688985018216,SYT1;NMU;FOXM1;EPHB2;NOL3
GO_Biological_Process_2023,Regulation Of Cold-Induced Thermogenesis (GO:0120161),10/146,0.7685964480780147,0.9666353515858646,0,0,0.8209883217993079,0.216075277808683,FLCN;SYK;ALMS1;DIO2;GNAS;LCN2;TRPM8;OGT;HOXC10;LGR4
GO_Biological_Process_2023,Cellular Response To Organonitrogen Compound (GO:0071417),7/105,0.7686543282649179,0.9666353515858646,0,0,0.7977282656181739,0.2098934099795504,AOC1;JUP;CDH1;AKAP9;SLC38A9;SLC26A6;MAPK13
GO_Biological_Process_2023,Neuron Differentiation (GO:0030182),12/173,0.7689246253963319,0.9666353515858646,0,0,0.8320847464085661,0.2186405272813529,FOXA1;UGDH;TENM4;WNK1;MYO7A;PITX2;ASCL1;SOX4;RUNX2;TGFBR1;MANF;CDK5R1
GO_Biological_Process_2023,Positive Regulation Of Angiogenesis (GO:0045766),8/119,0.770533129731828,0.9666353515858646,0,0,0.8048342099749688,0.2097982481687203,APELA;JUP;MDK;PDCD6;TWIST1;HMGA2;PRKCA;ANGPTL4
GO_Biological_Process_2023,Positive Regulation Of Cellular Biosynthetic Process (GO:0031328),12/174,0.7755655285539573,0.9666353515858646,0,0,0.8269029765962281,0.2101679770818826,RPL5;EPM2AIP1;NPM1;LPGAT1;CDH3;NSUN5;METTL3;HNRNPD;PLD1;EIF3C;OGT;SOX4
GO_Biological_Process_2023,Vesicle-Mediated Transport (GO:0016192),30/411,0.7765409486721944,0.9666353515858646,0,0,0.8781090639104355,0.2220789656134776,USP6NL;DENND1B;TMED10;DENND1A;SNAP23;RASEF;LRP8;CYTH2;GOLGA4;AP1G2;RAB25;AP1S1;CHML;RAB11FIP3;REPS1;SPAG9;ARL14;EXOC7;SCRIB;CSNK1D;SYTL3;DCLK1;EPN3;AHI1;ZFYVE16;HOOK1;ALMS1;CHMP4C;VAMP1;OCIAD2
GO_Biological_Process_2023,Positive Regulation Of Protein Catabolic Process (GO:0045732),6/92,0.7766610892729594,0.9666353515858646,0,0,0.7792119178938989,0.1969467491018859,BARD1;ADAM8;C4BPB;IDE;SORL1;OAZ3
GO_Biological_Process_2023,Positive Regulation Of Cell Growth (GO:0030307),7/106,0.7770551037383849,0.9666353515858646,0,0,0.7896271584344979,0.1991787228595034,GOLGA4;CPNE5;SYT1;MAPKAP1;MAP3K13;PRSS2;TGFBR1
GO_Biological_Process_2023,Intrinsic Apoptotic Signaling Pathway In Response To DNA Damage (GO:0008630),3/49,0.7780364642461255,0.9666353515858646,0,0,0.7286521473857336,0.1828784906924033,BCL2L11;SFN;ATM
GO_Biological_Process_2023,Negative Regulation Of Tumor Necrosis Factor Superfamily Cytokine Production (GO:1903556),3/49,0.7780364642461255,0.9666353515858646,0,0,0.7286521473857336,0.1828784906924033,ARG2;IL37;LTF
GO_Biological_Process_2023,Positive Regulation Of miRNA Metabolic Process (GO:2000630),3/49,0.7780364642461255,0.9666353515858646,0,0,0.7286521473857336,0.1828784906924033,FOXA1;PNPT1;GNL3
GO_Biological_Process_2023,Positive Regulation Of Pathway-Restricted SMAD Protein Phosphorylation (GO:0010862),3/49,0.7780364642461255,0.9666353515858646,0,0,0.7286521473857336,0.1828784906924033,SMAD4;TTK;TGFBR1
GO_Biological_Process_2023,Regulation Of Cell Communication (GO:0010646),3/49,0.7780364642461255,0.9666353515858646,0,0,0.7286521473857336,0.1828784906924033,IGFBPL1;SCG5;CDK13
GO_Biological_Process_2023,Cellular Response To Glucose Stimulus (GO:0071333),2/34,0.780699728029089,0.9666353515858646,0,0,0.6983993902439024,0.1728990175239507,PRKAA1;SOX4
GO_Biological_Process_2023,Embryonic Limb Morphogenesis (GO:0030326),2/34,0.780699728029089,0.9666353515858646,0,0,0.6983993902439024,0.1728990175239507,TFAP2A;TWIST1
GO_Biological_Process_2023,Glial Cell Differentiation (GO:0010001),2/34,0.780699728029089,0.9666353515858646,0,0,0.6983993902439024,0.1728990175239507,SOX2;VCAN
GO_Biological_Process_2023,Membrane Protein Proteolysis (GO:0033619),2/34,0.780699728029089,0.9666353515858646,0,0,0.6983993902439024,0.1728990175239507,MMP7;HM13
GO_Biological_Process_2023,Negative Regulation Of JNK Cascade (GO:0046329),2/34,0.780699728029089,0.9666353515858646,0,0,0.6983993902439024,0.1728990175239507,MARVELD3;F2RL1
GO_Biological_Process_2023,Organophosphate Biosynthetic Process (GO:0090407),2/34,0.780699728029089,0.9666353515858646,0,0,0.6983993902439024,0.1728990175239507,CPS1;MOCOS
GO_Biological_Process_2023,Positive Regulation Of Neuron Death (GO:1901216),2/34,0.780699728029089,0.9666353515858646,0,0,0.6983993902439024,0.1728990175239507,TFAP2A;CDK5R1
GO_Biological_Process_2023,Positive Regulation Of Organelle Organization (GO:0010638),2/34,0.780699728029089,0.9666353515858646,0,0,0.6983993902439024,0.1728990175239507,ATL3;KATNBL1
GO_Biological_Process_2023,Positive Regulation Of Transcription By RNA Polymerase I (GO:0045943),2/34,0.780699728029089,0.9666353515858646,0,0,0.6983993902439024,0.1728990175239507,DDX11;HEATR1
GO_Biological_Process_2023,Regulation Of DNA Biosynthetic Process (GO:2000278),2/34,0.780699728029089,0.9666353515858646,0,0,0.6983993902439024,0.1728990175239507,TOM1L1;ATM
GO_Biological_Process_2023,Regulation Of Interleukin-17 Production (GO:0032660),2/34,0.780699728029089,0.9666353515858646,0,0,0.6983993902439024,0.1728990175239507,SLC7A5;TNFSF4
GO_Biological_Process_2023,Regulation Of Neuronal Synaptic Plasticity (GO:0048168),2/34,0.780699728029089,0.9666353515858646,0,0,0.6983993902439024,0.1728990175239507,NOL3;EPHB2
GO_Biological_Process_2023,Semaphorin-Plexin Signaling Pathway (GO:0071526),2/34,0.780699728029089,0.9666353515858646,0,0,0.6983993902439024,0.1728990175239507,NELL1;SEMA4B
GO_Biological_Process_2023,Defense Response To Virus (GO:0051607),13/189,0.7853847716065451,0.9666353515858646,0,0,0.8244251911378984,0.1991658960559507,STAT1;BNIP3;MX2;SLFN13;BPIFA1;CNOT7;AIM2;G3BP1;TRIM13;IRF7;PMAIP1;F2RL1;APOBEC3B
GO_Biological_Process_2023,Endocytosis (GO:0006897),13/189,0.7853847716065451,0.9666353515858646,0,0,0.8244251911378984,0.1991658960559507,DENND1B;DENND1A;CSNK1D;C1ORF43;LRP8;SORL1;EPN3;CYTH2;CTTN;AP1S1;OCIAD2;SNX5;REPS1
GO_Biological_Process_2023,Regulation Of Peptidyl-Serine Phosphorylation (GO:0033135),6/93,0.7853997574680628,0.9666353515858646,0,0,0.7702133041058933,0.1860546094033655,PAK1;PDE4D;NSD1;LIF;BRAF;PFN2
GO_Biological_Process_2023,Adrenergic Receptor Signaling Pathway (GO:0071875),1/18,0.7861932607588094,0.9666353515858646,0,0,0.6574542065455067,0.1581523437146451,PDE4D
GO_Biological_Process_2023,Branching Involved In Ureteric Bud Morphogenesis (GO:0001658),1/18,0.7861932607588094,0.9666353515858646,0,0,0.6574542065455067,0.1581523437146451,SIX1
GO_Biological_Process_2023,Cardiac Atrium Morphogenesis (GO:0003209),1/18,0.7861932607588094,0.9666353515858646,0,0,0.6574542065455067,0.1581523437146451,MESP1
GO_Biological_Process_2023,Cardiac Muscle Cell Contraction (GO:0086003),1/18,0.7861932607588094,0.9666353515858646,0,0,0.6574542065455067,0.1581523437146451,PKP2
GO_Biological_Process_2023,Dendritic Cell Migration (GO:0036336),1/18,0.7861932607588094,0.9666353515858646,0,0,0.6574542065455067,0.1581523437146451,CCR7
GO_Biological_Process_2023,Endothelial Cell Proliferation (GO:0001935),1/18,0.7861932607588094,0.9666353515858646,0,0,0.6574542065455067,0.1581523437146451,DLG1
GO_Biological_Process_2023,Energy Reserve Metabolic Process (GO:0006112),1/18,0.7861932607588094,0.9666353515858646,0,0,0.6574542065455067,0.1581523437146451,GFPT1
GO_Biological_Process_2023,Excitatory Postsynaptic Potential (GO:0060079),1/18,0.7861932607588094,0.9666353515858646,0,0,0.6574542065455067,0.1581523437146451,FOXM1
GO_Biological_Process_2023,Glucose 6-Phosphate Metabolic Process (GO:0051156),1/18,0.7861932607588094,0.9666353515858646,0,0,0.6574542065455067,0.1581523437146451,HKDC1
GO_Biological_Process_2023,Glycerolipid Catabolic Process (GO:0046503),1/18,0.7861932607588094,0.9666353515858646,0,0,0.6574542065455067,0.1581523437146451,PLA2G4A
GO_Biological_Process_2023,Heart Trabecula Morphogenesis (GO:0061384),1/18,0.7861932607588094,0.9666353515858646,0,0,0.6574542065455067,0.1581523437146451,TGFBR1
GO_Biological_Process_2023,Icosanoid Biosynthetic Process (GO:0046456),1/18,0.7861932607588094,0.9666353515858646,0,0,0.6574542065455067,0.1581523437146451,PLA2G4A
GO_Biological_Process_2023,Intracellular Sodium Ion Homeostasis (GO:0006883),1/18,0.7861932607588094,0.9666353515858646,0,0,0.6574542065455067,0.1581523437146451,TMPRSS4
GO_Biological_Process_2023,Maintenance Of Protein Localization In Organelle (GO:0072595),1/18,0.7861932607588094,0.9666353515858646,0,0,0.6574542065455067,0.1581523437146451,KDELR2
GO_Biological_Process_2023,Maintenance Of Protein Location In Nucleus (GO:0051457),1/18,0.7861932607588094,0.9666353515858646,0,0,0.6574542065455067,0.1581523437146451,BARD1
GO_Biological_Process_2023,Membrane Repolarization (GO:0086009),1/18,0.7861932607588094,0.9666353515858646,0,0,0.6574542065455067,0.1581523437146451,KCNE4
GO_Biological_Process_2023,Myoblast Fusion (GO:0007520),1/18,0.7861932607588094,0.9666353515858646,0,0,0.6574542065455067,0.1581523437146451,PTGFRN
GO_Biological_Process_2023,ncRNA-mediated Post-Transcriptional Gene Silencing (GO:0035194),1/18,0.7861932607588094,0.9666353515858646,0,0,0.6574542065455067,0.1581523437146451,CNOT7
GO_Biological_Process_2023,"Negative Regulation Of DNA-templated Transcription, Elongation (GO:0032785)",1/18,0.7861932607588094,0.9666353515858646,0,0,0.6574542065455067,0.1581523437146451,LARP7
GO_Biological_Process_2023,Negative Regulation Of Amyloid Precursor Protein Catabolic Process (GO:1902992),1/18,0.7861932607588094,0.9666353515858646,0,0,0.6574542065455067,0.1581523437146451,SORL1
GO_Biological_Process_2023,Negative Regulation Of Nervous System Development (GO:0051961),1/18,0.7861932607588094,0.9666353515858646,0,0,0.6574542065455067,0.1581523437146451,SORL1
GO_Biological_Process_2023,Negative Regulation Of Signal Transduction By P53 Class Mediator (GO:1901797),1/18,0.7861932607588094,0.9666353515858646,0,0,0.6574542065455067,0.1581523437146451,TWIST1
GO_Biological_Process_2023,Negative Regulation Of Viral Entry Into Host Cell (GO:0046597),1/18,0.7861932607588094,0.9666353515858646,0,0,0.6574542065455067,0.1581523437146451,LRRC15
GO_Biological_Process_2023,Neural Crest Cell Differentiation (GO:0014033),1/18,0.7861932607588094,0.9666353515858646,0,0,0.6574542065455067,0.1581523437146451,PDCD6
GO_Biological_Process_2023,Neuron Fate Commitment (GO:0048663),1/18,0.7861932607588094,0.9666353515858646,0,0,0.6574542065455067,0.1581523437146451,TGFBR1
GO_Biological_Process_2023,Positive Regulation Of G Protein-Coupled Receptor Signaling Pathway (GO:0045745),1/18,0.7861932607588094,0.9666353515858646,0,0,0.6574542065455067,0.1581523437146451,PRKCA
GO_Biological_Process_2023,Positive Regulation Of NLRP3 Inflammasome Complex Assembly (GO:1900227),1/18,0.7861932607588094,0.9666353515858646,0,0,0.6574542065455067,0.1581523437146451,DEPDC1B
GO_Biological_Process_2023,Positive Regulation Of Cation Transmembrane Transport (GO:1904064),1/18,0.7861932607588094,0.9666353515858646,0,0,0.6574542065455067,0.1581523437146451,KCNN4
GO_Biological_Process_2023,Positive Regulation Of Glycolytic Process (GO:0045821),1/18,0.7861932607588094,0.9666353515858646,0,0,0.6574542065455067,0.1581523437146451,PRKAA1
GO_Biological_Process_2023,Positive Regulation Of Monocyte Chemotaxis (GO:0090026),1/18,0.7861932607588094,0.9666353515858646,0,0,0.6574542065455067,0.1581523437146451,PLA2G7
GO_Biological_Process_2023,Positive Regulation Of Nervous System Process (GO:0031646),1/18,0.7861932607588094,0.9666353515858646,0,0,0.6574542065455067,0.1581523437146451,TENM4
GO_Biological_Process_2023,Positive Regulation Of Neuroblast Proliferation (GO:0002052),1/18,0.7861932607588094,0.9666353515858646,0,0,0.6574542065455067,0.1581523437146451,VCAN
GO_Biological_Process_2023,Positive Regulation Of Osteoclast Differentiation (GO:0045672),1/18,0.7861932607588094,0.9666353515858646,0,0,0.6574542065455067,0.1581523437146451,TNFSF11
GO_Biological_Process_2023,Positive Regulation Of Phosphoprotein Phosphatase Activity (GO:0032516),1/18,0.7861932607588094,0.9666353515858646,0,0,0.6574542065455067,0.1581523437146451,PPP1R14D
GO_Biological_Process_2023,Positive Regulation Of Stress-Activated Protein Kinase Signaling Cascade (GO:0070304),1/18,0.7861932607588094,0.9666353515858646,0,0,0.6574542065455067,0.1581523437146451,KLHDC10
GO_Biological_Process_2023,Protein Import Into Mitochondrial Matrix (GO:0030150),1/18,0.7861932607588094,0.9666353515858646,0,0,0.6574542065455067,0.1581523437146451,TIMM17A
GO_Biological_Process_2023,Regulation Of T Cell Cytokine Production (GO:0002724),1/18,0.7861932607588094,0.9666353515858646,0,0,0.6574542065455067,0.1581523437146451,TNFSF4
GO_Biological_Process_2023,Regulation Of cAMP-mediated Signaling (GO:0043949),1/18,0.7861932607588094,0.9666353515858646,0,0,0.6574542065455067,0.1581523437146451,PDE4D
GO_Biological_Process_2023,Regulation Of Defense Response To Virus (GO:0050688),1/18,0.7861932607588094,0.9666353515858646,0,0,0.6574542065455067,0.1581523437146451,PCBP2
GO_Biological_Process_2023,Regulation Of Dendrite Extension (GO:1903859),1/18,0.7861932607588094,0.9666353515858646,0,0,0.6574542065455067,0.1581523437146451,SYT1
GO_Biological_Process_2023,Regulation Of Oxidative Stress-Induced Intrinsic Apoptotic Signaling Pathway (GO:1902175),1/18,0.7861932607588094,0.9666353515858646,0,0,0.6574542065455067,0.1581523437146451,NOL3
GO_Biological_Process_2023,Regulation Of Peptidyl-Serine Phosphorylation Of STAT Protein (GO:0033139),1/18,0.7861932607588094,0.9666353515858646,0,0,0.6574542065455067,0.1581523437146451,LIF
GO_Biological_Process_2023,Regulation Of Protein Deacetylation (GO:0090311),1/18,0.7861932607588094,0.9666353515858646,0,0,0.6574542065455067,0.1581523437146451,KAT2A
GO_Biological_Process_2023,Regulation Of Vascular Endothelial Cell Proliferation (GO:1905562),1/18,0.7861932607588094,0.9666353515858646,0,0,0.6574542065455067,0.1581523437146451,MDK
GO_Biological_Process_2023,Regulation Of Ventricular Cardiac Muscle Cell Membrane Repolarization (GO:0060307),1/18,0.7861932607588094,0.9666353515858646,0,0,0.6574542065455067,0.1581523437146451,KCNE4
GO_Biological_Process_2023,Renal Absorption (GO:0070293),1/18,0.7861932607588094,0.9666353515858646,0,0,0.6574542065455067,0.1581523437146451,CLDN4
GO_Biological_Process_2023,Response To Axon Injury (GO:0048678),1/18,0.7861932607588094,0.9666353515858646,0,0,0.6574542065455067,0.1581523437146451,DHFR
GO_Biological_Process_2023,Response To Cholesterol (GO:0070723),1/18,0.7861932607588094,0.9666353515858646,0,0,0.6574542065455067,0.1581523437146451,TGFBR1
GO_Biological_Process_2023,Ureteric Bud Development (GO:0001657),1/18,0.7861932607588094,0.9666353515858646,0,0,0.6574542065455067,0.1581523437146451,SIX1
GO_Biological_Process_2023,Ureteric Bud Morphogenesis (GO:0060675),1/18,0.7861932607588094,0.9666353515858646,0,0,0.6574542065455067,0.1581523437146451,SIX1
GO_Biological_Process_2023,Central Nervous System Development (GO:0007417),20/283,0.7895010626454279,0.9696711918137084,0,0,0.8483635187277595,0.2005141953603237,MARCKSL1;ABCB6;SLC2A1;LSR;MSI2;SYNJ2;S100B;GRHL2;DCLK1;UGT8;AHI1;SCIN;AIM2;RBBP4;RAB18;PAFAH1B3;CDK5RAP3;SOX4;CDK5R1;BPTF
GO_Biological_Process_2023,Pyruvate Metabolic Process (GO:0006090),3/50,0.7896523373377732,0.9696711918137084,0,0,0.7131099658587878,0.1684098392319079,HKDC1;ENO1;ENO3
GO_Biological_Process_2023,tRNA Processing (GO:0008033),3/50,0.7896523373377732,0.9696711918137084,0,0,0.7131099658587878,0.1684098392319079,METTL1;WDR4;RPP40
GO_Biological_Process_2023,Negative Regulation Of DNA-binding Transcription Factor Activity (GO:0043433),10/149,0.7897132491444074,0.9696711918137084,0,0,0.8031369022429116,0.1896088768863517,HES6;SFRP4;AIM2;IRAK1;CDKN2A;ADORA3;TNFSF4;NR0B1;CDK5RAP3;ZNF431
GO_Biological_Process_2023,Canonical Wnt Signaling Pathway (GO:0060070),4/65,0.7916379003586238,0.9710653008387106,0,0,0.7324806341199784,0.1711449705181788,SFRP4;CDH3;JUP;SIAH1
GO_Biological_Process_2023,Monocarboxylic Acid Biosynthetic Process (GO:0072330),4/65,0.7916379003586238,0.9710653008387106,0,0,0.7324806341199784,0.1711449705181788,OSBPL3;OSBPL2;SLC27A2;CBR4
GO_Biological_Process_2023,Positive Regulation Of T Cell Proliferation (GO:0042102),4/65,0.7916379003586238,0.9710653008387106,0,0,0.7324806341199784,0.1711449705181788,SYK;TNFSF4;CD24;SLC7A1
GO_Biological_Process_2023,Positive Regulation Of Gene Expression (GO:0010628),35/480,0.7936334220429307,0.9710924142843972,0,0,0.8767191290911251,0.2026392567621449,RPL5;PRKAA1;PDCD5;HILPDA;TWIST1;PLD1;CYP27B1;CDH3;DHX36;AGR2;EPHB2;RPL17;SOX4;TFAP2A;NPM1;NSUN5;IL37;EGF;TESC;METTL3;HMGA2;BRAF;TGFBR1;OVOL2;SFRP4;KAT2A;CLDN3;FUBP3;RNF207;HNRNPD;SAA1;ATM;PKP3;EIF3C;OGT
GO_Biological_Process_2023,Negative Regulation Of Transcription By RNA Polymerase II (GO:0000122),57/763,0.7940431147798841,0.9710924142843972,0,0,0.8991555035254377,0.2073610109496822,ZNF254;ZNF451;SUV39H2;ZNF692;ZMYND8;FHL2;ENO1;FOXM1;N4BP2L2;SOX2;FLCN;MAGEA2;MAGEA3;SOX4;TGIF1;EED;ZNF281;DNMT3A;IRF7;ZNF239;TRIB3;ZNF431;ZNF750;MAGEA12;RPL10;UHRF1;TWIST1;ASCL1;AURKB;CYP27B1;RBBP4;NSD1;RREB1;RPL17;ZNF224;MTA3;SPDEF;E2F8;BPTF;TFAP2A;SMAD4;STAT1;BCL11A;CBX3;CBX2;LARP7;HMGA2;NR0B1;DLG1;MAGED4;GTF2IRD1;TCF3;HAMP;OGT;FRK;TRIM33;EZH2
GO_Biological_Process_2023,Negative Regulation Of Cell Cycle G1/S Phase Transition (GO:1902807),2/35,0.7942696149612196,0.9710924142843972,0,0,0.6771988174427199,0.1559807679047708,SOX2;DLG1
GO_Biological_Process_2023,One-Carbon Compound Transport (GO:0019755),2/35,0.7942696149612196,0.9710924142843972,0,0,0.6771988174427199,0.1559807679047708,SLC4A11;SLC26A6
GO_Biological_Process_2023,Regulation Of Postsynaptic Membrane Potential (GO:0060078),2/35,0.7942696149612196,0.9710924142843972,0,0,0.6771988174427199,0.1559807679047708,FOXM1;GABRE
GO_Biological_Process_2023,Regulatory ncRNA Processing (GO:0070918),2/35,0.7942696149612196,0.9710924142843972,0,0,0.6771988174427199,0.1559807679047708,TDRKH;PRKRA
GO_Biological_Process_2023,Skeletal Muscle Organ Development (GO:0060538),2/35,0.7942696149612196,0.9710924142843972,0,0,0.6771988174427199,0.1559807679047708,SIX4;SIX1
GO_Biological_Process_2023,tRNA Aminoacylation For Protein Translation (GO:0006418),2/35,0.7942696149612196,0.9710924142843972,0,0,0.6771988174427199,0.1559807679047708,DARS2;FARSB
GO_Biological_Process_2023,Regulation Of Protein Kinase B Signaling (GO:0051896),9/136,0.7947492742096065,0.9710924142843972,0,0,0.7911577648017513,0.1817515596922059,FLCN;AIM2;EGF;PDCD6;SORD;CCR7;HPSE;PTK2;TGFBR1
GO_Biological_Process_2023,Positive Regulation Of Phosphorylation (GO:0042327),16/231,0.7955414780071836,0.9710924142843972,0,0,0.8303670013444321,0.1899317472215456,EGF;CDCA8;CSNK1D;EFNA5;MMP9;PTK2;AURKB;CCNA2;FLCN;NELL1;PAK1;CLDN3;BIRC5;WDFY2;CARD14;PROM2
GO_Biological_Process_2023,Positive Regulation Of Macromolecule Metabolic Process (GO:0010604),26/364,0.7989083761920748,0.9710924142843972,0,0,0.8577684691546078,0.1925767523003047,RPL5;PRKAA1;UHRF1;PDCD5;TWIST1;CYP27B1;CDH3;DHX36;AGR2;EPHB2;RPL17;TFAP2A;IL37;EGF;TESC;HMGA2;SCRIB;BRAF;TGFBR1;OVOL2;SFRP4;CLDN3;FUBP3;RNF207;ATM;PKP3
GO_Biological_Process_2023,Amide Biosynthetic Process (GO:0043604),3/51,0.8007581344464297,0.9710924142843972,0,0,0.6982153752287981,0.1551408953288638,FA2H;CERS6;CPS1
GO_Biological_Process_2023,Microtubule Bundle Formation (GO:0001578),3/51,0.8007581344464297,0.9710924142843972,0,0,0.6982153752287981,0.1551408953288638,NUMA1;ZNF207;KIF20A
GO_Biological_Process_2023,Receptor Internalization (GO:0031623),3/51,0.8007581344464297,0.9710924142843972,0,0,0.6982153752287981,0.1551408953288638,CEACAM1;SYK;RAMP1
GO_Biological_Process_2023,Negative Regulation Of Endopeptidase Activity (GO:0010951),4/66,0.8014378193449613,0.9710924142843972,0,0,0.7206270432076883,0.1595092757054714,CST1;SORL1;SERPINB5;LTF
GO_Biological_Process_2023,Modification-Dependent Protein Catabolic Process (GO:0019941),13/192,0.8032738007495213,0.9710924142843972,0,0,0.810474260179498,0.177542208467887,RNF43;UBE2C;UHRF1;SIAH1;CBLC;FBXO22;FBXO11;CCAR1;SPSB1;RNF213;UBE2S;MARVELD3;GET4
GO_Biological_Process_2023,RNA-templated DNA Biosynthetic Process (GO:0006278),1/19,0.8037624832399983,0.9710924142843972,0,0,0.6208951181528878,0.1356354527066409,DKC1
GO_Biological_Process_2023,Cardiac Epithelial To Mesenchymal Transition (GO:0060317),1/19,0.8037624832399983,0.9710924142843972,0,0,0.6208951181528878,0.1356354527066409,TGFBR1
GO_Biological_Process_2023,Cardiac Ventricle Development (GO:0003231),1/19,0.8037624832399983,0.9710924142843972,0,0,0.6208951181528878,0.1356354527066409,MATR3
GO_Biological_Process_2023,Cellular Response To Misfolded Protein (GO:0071218),1/19,0.8037624832399983,0.9710924142843972,0,0,0.6208951181528878,0.1356354527066409,UGGT1
GO_Biological_Process_2023,Cortical Actin Cytoskeleton Organization (GO:0030866),1/19,0.8037624832399983,0.9710924142843972,0,0,0.6208951181528878,0.1356354527066409,DLG1
GO_Biological_Process_2023,Glycogen Metabolic Process (GO:0005977),1/19,0.8037624832399983,0.9710924142843972,0,0,0.6208951181528878,0.1356354527066409,GYG2
GO_Biological_Process_2023,Leukotriene Biosynthetic Process (GO:0019370),1/19,0.8037624832399983,0.9710924142843972,0,0,0.6208951181528878,0.1356354527066409,PLA2G4A
GO_Biological_Process_2023,Linoleic Acid Metabolic Process (GO:0043651),1/19,0.8037624832399983,0.9710924142843972,0,0,0.6208951181528878,0.1356354527066409,CYP2J2
GO_Biological_Process_2023,Multicellular Organismal-Level Water Homeostasis (GO:0050891),1/19,0.8037624832399983,0.9710924142843972,0,0,0.6208951181528878,0.1356354527066409,BPIFA1
GO_Biological_Process_2023,Negative Regulation Of Axon Extension Involved In Axon Guidance (GO:0048843),1/19,0.8037624832399983,0.9710924142843972,0,0,0.6208951181528878,0.1356354527066409,SEMA4B
GO_Biological_Process_2023,Negative Regulation Of Cyclin-Dependent Protein Serine/Threonine Kinase Activity (GO:0045736),1/19,0.8037624832399983,0.9710924142843972,0,0,0.6208951181528878,0.1356354527066409,CDKN2A
GO_Biological_Process_2023,Negative Regulation Of Peptidyl-Serine Phosphorylation (GO:0033137),1/19,0.8037624832399983,0.9710924142843972,0,0,0.6208951181528878,0.1356354527066409,PDE4D
GO_Biological_Process_2023,Oligodendrocyte Differentiation (GO:0048709),1/19,0.8037624832399983,0.9710924142843972,0,0,0.6208951181528878,0.1356354527066409,NSUN5
GO_Biological_Process_2023,Phosphatidylcholine Biosynthetic Process (GO:0006656),1/19,0.8037624832399983,0.9710924142843972,0,0,0.6208951181528878,0.1356354527066409,SLC44A5
GO_Biological_Process_2023,piRNA Processing (GO:0034587),1/19,0.8037624832399983,0.9710924142843972,0,0,0.6208951181528878,0.1356354527066409,TDRKH
GO_Biological_Process_2023,Pore Complex Assembly (GO:0046931),1/19,0.8037624832399983,0.9710924142843972,0,0,0.6208951181528878,0.1356354527066409,NDC1
GO_Biological_Process_2023,Positive Regulation Of Activated T Cell Proliferation (GO:0042104),1/19,0.8037624832399983,0.9710924142843972,0,0,0.6208951181528878,0.1356354527066409,CD24
GO_Biological_Process_2023,Positive Regulation Of Mitochondrial Fission (GO:0090141),1/19,0.8037624832399983,0.9710924142843972,0,0,0.6208951181528878,0.1356354527066409,BNIP3
GO_Biological_Process_2023,Protein Insertion Into Membrane (GO:0051205),1/19,0.8037624832399983,0.9710924142843972,0,0,0.6208951181528878,0.1356354527066409,GET4
GO_Biological_Process_2023,Purine Ribonucleotide Transport (GO:0015868),1/19,0.8037624832399983,0.9710924142843972,0,0,0.6208951181528878,0.1356354527066409,SLC17A9
GO_Biological_Process_2023,Receptor Clustering (GO:0043113),1/19,0.8037624832399983,0.9710924142843972,0,0,0.6208951181528878,0.1356354527066409,THY1
GO_Biological_Process_2023,Regulation Of Fibroblast Growth Factor Receptor Signaling Pathway (GO:0040036),1/19,0.8037624832399983,0.9710924142843972,0,0,0.6208951181528878,0.1356354527066409,SULF1
GO_Biological_Process_2023,Regulation Of Neuroinflammatory Response (GO:0150077),1/19,0.8037624832399983,0.9710924142843972,0,0,0.6208951181528878,0.1356354527066409,MMP9
GO_Biological_Process_2023,Regulation Of Tissue Remodeling (GO:0034103),1/19,0.8037624832399983,0.9710924142843972,0,0,0.6208951181528878,0.1356354527066409,MDK
GO_Biological_Process_2023,Regulation Of Vascular Endothelial Growth Factor Signaling Pathway (GO:1900746),1/19,0.8037624832399983,0.9710924142843972,0,0,0.6208951181528878,0.1356354527066409,SORD
GO_Biological_Process_2023,Skeletal Muscle Contraction (GO:0003009),1/19,0.8037624832399983,0.9710924142843972,0,0,0.6208951181528878,0.1356354527066409,TNNT1
GO_Biological_Process_2023,Sphingosine Metabolic Process (GO:0006670),1/19,0.8037624832399983,0.9710924142843972,0,0,0.6208951181528878,0.1356354527066409,SGPP2
GO_Biological_Process_2023,Superoxide Anion Generation (GO:0042554),1/19,0.8037624832399983,0.9710924142843972,0,0,0.6208951181528878,0.1356354527066409,NOX4
GO_Biological_Process_2023,Telomere Maintenance Via Telomerase (GO:0007004),1/19,0.8037624832399983,0.9710924142843972,0,0,0.6208951181528878,0.1356354527066409,DKC1
GO_Biological_Process_2023,Water Transport (GO:0006833),1/19,0.8037624832399983,0.9710924142843972,0,0,0.6208951181528878,0.1356354527066409,TNPO1
GO_Biological_Process_2023,Histone Modification (GO:0016570),5/81,0.8050632923002969,0.9720276780766752,0,0,0.7347361990804746,0.1593160686898751,MBTD1;RBBP4;MORF4L2;MTA3;AURKB
GO_Biological_Process_2023,Negative Regulation Of NF-kappaB Transcription Factor Activity (GO:0032088),5/81,0.8050632923002969,0.9720276780766752,0,0,0.7347361990804746,0.1593160686898751,AIM2;IRAK1;CDKN2A;ADORA3;CDK5RAP3
GO_Biological_Process_2023,Histone H3 Acetylation (GO:0043966),2/36,0.8070911482754034,0.9728848557428196,0,0,0.6572453371592539,0.1408599465451817,KAT2A;SUPT20H
GO_Biological_Process_2023,Regulation Of T Cell Mediated Cytotoxicity (GO:0001914),2/36,0.8070911482754034,0.9728848557428196,0,0,0.6572453371592539,0.1408599465451817,CEACAM1;CD1A
GO_Biological_Process_2023,Regulation Of Peptidyl-Threonine Phosphorylation (GO:0010799),2/36,0.8070911482754034,0.9728848557428196,0,0,0.6572453371592539,0.1408599465451817,CEMIP;EGF
GO_Biological_Process_2023,Regulation Of Trans-Synaptic Signaling (GO:0099177),2/36,0.8070911482754034,0.9728848557428196,0,0,0.6572453371592539,0.1408599465451817,NOL3;LRP8
GO_Biological_Process_2023,Substrate Adhesion-Dependent Cell Spreading (GO:0034446),2/36,0.8070911482754034,0.9728848557428196,0,0,0.6572453371592539,0.1408599465451817,NELL1;KIF14
GO_Biological_Process_2023,Positive Regulation Of Defense Response (GO:0031349),8/124,0.8079675285923359,0.9736232935143035,0,0,0.7699320474401722,0.1641752349078515,AIM2;MDK;TNFSF4;CASP4;NAPEPLD;ADAM8;PLA2G7;MAPK13
GO_Biological_Process_2023,Positive Regulation Of NF-kappaB Transcription Factor Activity (GO:0051092),10/152,0.8093940722005788,0.9749193332940594,0,0,0.786039768019884,0.1662233347448713,NPM1;AIM2;IRAK1;TRAF5;TRIM13;TNFSF11;IL1RAP;MAP3K13;CARD14;LTF
GO_Biological_Process_2023,Peptidyl-Tyrosine Phosphorylation (GO:0018108),4/67,0.8108607830135193,0.9749193332940594,0,0,0.7091497567688044,0.1486795582925191,SYK;PTK6;EPHB2;PTK2
GO_Biological_Process_2023,Cardiac Muscle Tissue Development (GO:0048738),3/52,0.8113675385583212,0.9749193332940594,0,0,0.6839287270735017,0.1429644503555708,GREM1;MESP1;SMAD4
GO_Biological_Process_2023,Cartilage Development (GO:0051216),3/52,0.8113675385583212,0.9749193332940594,0,0,0.6839287270735017,0.1429644503555708,EPYC;HMGA2;SULF1
GO_Biological_Process_2023,Neurotransmitter Transport (GO:0006836),3/52,0.8113675385583212,0.9749193332940594,0,0,0.6839287270735017,0.1429644503555708,SLC22A3;SYT1;SLC1A7
GO_Biological_Process_2023,Regulation Of Cell Development (GO:0060284),3/52,0.8113675385583212,0.9749193332940594,0,0,0.6839287270735017,0.1429644503555708,HES6;ASCL1;FBXO22
GO_Biological_Process_2023,Negative Regulation Of Apoptotic Signaling Pathway (GO:2001234),5/82,0.8135412667998536,0.9749193332940594,0,0,0.7251545034074051,0.1496418870594426,LGALS3;PPIF;NOL3;MMP9;TGFBR1
GO_Biological_Process_2023,Negative Regulation Of Inflammatory Response (GO:0050728),7/111,0.8156798489918202,0.9749193332940594,0,0,0.7514584803575629,0.1530971482733743,SYK;MDK;SIGLEC10;SAA1;ENPP3;SMPDL3B;TRIM45
GO_Biological_Process_2023,Regulation Of Transforming Growth Factor Beta Receptor Signaling Pathway (GO:0017015),7/111,0.8156798489918202,0.9749193332940594,0,0,0.7514584803575629,0.1530971482733743,ZNF451;FLCN;SMAD4;RBBP4;CILP;OGT;TRIM33
GO_Biological_Process_2023,Monocarboxylic Acid Metabolic Process (GO:0032787),6/97,0.8177602977369568,0.9749193332940594,0,0,0.7361965662699159,0.1481124570126034,CYP2J2;FA2H;SGPL1;AKR1C1;DECR2;CYP4F11
GO_Biological_Process_2023,Muscle Tissue Development (GO:0060537),2/37,0.8191956544551156,0.9749193332940594,0,0,0.6384320557491289,0.1273239919977448,SIX4;SIX1
GO_Biological_Process_2023,Spliceosomal snRNP Assembly (GO:0000387),2/37,0.8191956544551156,0.9749193332940594,0,0,0.6384320557491289,0.1273239919977448,GEMIN6;SNRPE
GO_Biological_Process_2023,Type I Interferon-Mediated Signaling Pathway (GO:0060337),2/37,0.8191956544551156,0.9749193332940594,0,0,0.6384320557491289,0.1273239919977448,IRAK1;STAT1
GO_Biological_Process_2023,T Cell Mediated Immunity (GO:0002456),1/20,0.8198887770822655,0.9749193332940594,0,0,0.5881843548542288,0.1168055227503197,CR2
GO_Biological_Process_2023,Activation Of Adenylate Cyclase Activity (GO:0007190),1/20,0.8198887770822655,0.9749193332940594,0,0,0.5881843548542288,0.1168055227503197,ADORA3
GO_Biological_Process_2023,Adenine Nucleotide Transport (GO:0051503),1/20,0.8198887770822655,0.9749193332940594,0,0,0.5881843548542288,0.1168055227503197,SLC17A9
GO_Biological_Process_2023,Anterior/Posterior Axis Specification (GO:0009948),1/20,0.8198887770822655,0.9749193332940594,0,0,0.5881843548542288,0.1168055227503197,MESP1
GO_Biological_Process_2023,Calcium-Mediated Signaling Using Intracellular Calcium Source (GO:0035584),1/20,0.8198887770822655,0.9749193332940594,0,0,0.5881843548542288,0.1168055227503197,CCL20
GO_Biological_Process_2023,Cilium-Dependent Cell Motility (GO:0060285),1/20,0.8198887770822655,0.9749193332940594,0,0,0.5881843548542288,0.1168055227503197,EFHC1
GO_Biological_Process_2023,Endoplasmic Reticulum Calcium Ion Homeostasis (GO:0032469),1/20,0.8198887770822655,0.9749193332940594,0,0,0.5881843548542288,0.1168055227503197,ATP2A2
GO_Biological_Process_2023,Gamma-Aminobutyric Acid Signaling Pathway (GO:0007214),1/20,0.8198887770822655,0.9749193332940594,0,0,0.5881843548542288,0.1168055227503197,GABRE
GO_Biological_Process_2023,Late Endosome To Vacuole Transport (GO:0045324),1/20,0.8198887770822655,0.9749193332940594,0,0,0.5881843548542288,0.1168055227503197,CHMP4C
GO_Biological_Process_2023,Lipopolysaccharide-Mediated Signaling Pathway (GO:0031663),1/20,0.8198887770822655,0.9749193332940594,0,0,0.5881843548542288,0.1168055227503197,IRAK1
GO_Biological_Process_2023,Negative Regulation Of Cyclin-Dependent Protein Kinase Activity (GO:1904030),1/20,0.8198887770822655,0.9749193332940594,0,0,0.5881843548542288,0.1168055227503197,CDKN2A
GO_Biological_Process_2023,Negative Regulation Of Viral Life Cycle (GO:1903901),1/20,0.8198887770822655,0.9749193332940594,0,0,0.5881843548542288,0.1168055227503197,LRRC15
GO_Biological_Process_2023,Positive Regulation Of Antigen Receptor-Mediated Signaling Pathway (GO:0050857),1/20,0.8198887770822655,0.9749193332940594,0,0,0.5881843548542288,0.1168055227503197,KCNN4
GO_Biological_Process_2023,Positive Regulation Of Embryonic Development (GO:0040019),1/20,0.8198887770822655,0.9749193332940594,0,0,0.5881843548542288,0.1168055227503197,TENM4
GO_Biological_Process_2023,Positive Regulation Of Leukocyte Activation (GO:0002696),1/20,0.8198887770822655,0.9749193332940594,0,0,0.5881843548542288,0.1168055227503197,HSPD1
GO_Biological_Process_2023,Positive Regulation Of Lipid Catabolic Process (GO:0050996),1/20,0.8198887770822655,0.9749193332940594,0,0,0.5881843548542288,0.1168055227503197,TWIST1
GO_Biological_Process_2023,Positive Regulation Of Lipid Storage (GO:0010884),1/20,0.8198887770822655,0.9749193332940594,0,0,0.5881843548542288,0.1168055227503197,HILPDA
GO_Biological_Process_2023,Positive Regulation Of Vascular Associated Smooth Muscle Cell Proliferation (GO:1904707),1/20,0.8198887770822655,0.9749193332940594,0,0,0.5881843548542288,0.1168055227503197,MMP9
GO_Biological_Process_2023,Receptor Metabolic Process (GO:0043112),1/20,0.8198887770822655,0.9749193332940594,0,0,0.5881843548542288,0.1168055227503197,KIF16B
GO_Biological_Process_2023,Regulation Of Cardiac Muscle Cell Proliferation (GO:0060043),1/20,0.8198887770822655,0.9749193332940594,0,0,0.5881843548542288,0.1168055227503197,TGFBR1
GO_Biological_Process_2023,Regulation Of Cardiac Muscle Contraction By Calcium Ion Signaling (GO:0010882),1/20,0.8198887770822655,0.9749193332940594,0,0,0.5881843548542288,0.1168055227503197,ATP2A2
GO_Biological_Process_2023,Regulation Of Mitotic Spindle Assembly (GO:1901673),1/20,0.8198887770822655,0.9749193332940594,0,0,0.5881843548542288,0.1168055227503197,CHMP4C
GO_Biological_Process_2023,Response To ATP (GO:0033198),1/20,0.8198887770822655,0.9749193332940594,0,0,0.5881843548542288,0.1168055227503197,NT5E
GO_Biological_Process_2023,Response To Ketone (GO:1901654),1/20,0.8198887770822655,0.9749193332940594,0,0,0.5881843548542288,0.1168055227503197,CCR7
GO_Biological_Process_2023,Sulfur Compound Catabolic Process (GO:0044273),1/20,0.8198887770822655,0.9749193332940594,0,0,0.5881843548542288,0.1168055227503197,HPSE
GO_Biological_Process_2023,Negative Regulation Of Wnt Signaling Pathway (GO:0030178),9/140,0.8213213637167148,0.9749193332940594,0,0,0.7668319909500148,0.1509438352168343,SOX2;GREM1;RNF43;SFRP4;RNF213;MDK;CSNK1A1;TPBG;MLLT3
GO_Biological_Process_2023,Actin Cytoskeleton Reorganization (GO:0031532),3/53,0.8214947421440608,0.9749193332940594,0,0,0.6702135448444173,0.1317839162983161,PAK1;CTTN;PLEK2
GO_Biological_Process_2023,Actin Polymerization Or Depolymerization (GO:0008154),3/53,0.8214947421440608,0.9749193332940594,0,0,0.6702135448444173,0.1317839162983161,VIL1;INF2;SCIN
GO_Biological_Process_2023,Negative Regulation Of Metabolic Process (GO:0009892),3/53,0.8214947421440608,0.9749193332940594,0,0,0.6702135448444173,0.1317839162983161,FLCN;HOXC10;LGR4
GO_Biological_Process_2023,"Regulation Of Alternative mRNA Splicing, Via Spliceosome (GO:0000381)",3/53,0.8214947421440608,0.9749193332940594,0,0,0.6702135448444173,0.1317839162983161,SRSF6;HNRNPA1;RBM5
GO_Biological_Process_2023,Regulation Of Proteasomal Protein Catabolic Process (GO:0061136),3/53,0.8214947421440608,0.9749193332940594,0,0,0.6702135448444173,0.1317839162983161,XPO1;RAD23B;UCHL5
GO_Biological_Process_2023,Regulation Of Receptor Signaling Pathway Via JAK-STAT (GO:0046425),3/53,0.8214947421440608,0.9749193332940594,0,0,0.6702135448444173,0.1317839162983161,EGF;MST1;OCIAD2
GO_Biological_Process_2023,Positive Regulation Of Proteasomal Ubiquitin-Dependent Protein Catabolic Process (GO:0032436),5/83,0.82172149712214,0.9749193332940594,0,0,0.7158184922387733,0.1405536471475937,CDC20;CSNK1A1;CSNK1D;TRIB3;FBXO22
GO_Biological_Process_2023,Vascular Transport (GO:0010232),5/83,0.82172149712214,0.9749193332940594,0,0,0.7158184922387733,0.1405536471475937,ABCC3;SLC7A5;SLC22A3;SLC2A1;SLC7A1
GO_Biological_Process_2023,Vesicle-Mediated Transport To The Plasma Membrane (GO:0098876),5/83,0.82172149712214,0.9749193332940594,0,0,0.7158184922387733,0.1405536471475937,DENND1B;GGA1;EXOC7;DENND1A;RAB11FIP3
GO_Biological_Process_2023,Calcium Ion Transport (GO:0006816),7/112,0.8227445409311096,0.9758194410593592,0,0,0.7442609582059123,0.1452124030212903,CYP27B1;ORAI2;ATP2A2;TRPM8;KCNN4;MS4A1;RAMP1
GO_Biological_Process_2023,Mitochondrial Translation (GO:0032543),6/98,0.8252186172619884,0.9784394205955668,0,0,0.7281545657489104,0.1398835433837415,MRPS17;MRPL3;FASTKD2;MRPS12;MRPS23;MRPL12
GO_Biological_Process_2023,Brain Development (GO:0007420),11/169,0.8283059816819618,0.9811601701018928,0,0,0.7768783614929103,0.146342635501028,CENPF;AIM2;ABCB6;RBBP4;RAB18;SYNJ2;PAFAH1B3;GRHL2;CDK5RAP3;BPTF;CDK5R1
GO_Biological_Process_2023,Amino Acid Catabolic Process (GO:0009063),2/38,0.8306143635192983,0.9811601701018928,0,0,0.6206639566395664,0.1151888095780804,IL4I1;HAL
GO_Biological_Process_2023,Cellular Response To Type I Interferon (GO:0071357),2/38,0.8306143635192983,0.9811601701018928,0,0,0.6206639566395664,0.1151888095780804,IRAK1;STAT1
GO_Biological_Process_2023,Heart Looping (GO:0001947),2/38,0.8306143635192983,0.9811601701018928,0,0,0.6206639566395664,0.1151888095780804,MESP1;STIL
GO_Biological_Process_2023,Membrane Assembly (GO:0071709),2/38,0.8306143635192983,0.9811601701018928,0,0,0.6206639566395664,0.1151888095780804,CHMP4C;TLCD1
GO_Biological_Process_2023,Membrane Fission (GO:0090148),2/38,0.8306143635192983,0.9811601701018928,0,0,0.6206639566395664,0.1151888095780804,EXOC7;CHMP4C
GO_Biological_Process_2023,Positive Regulation Of Axonogenesis (GO:0050772),2/38,0.8306143635192983,0.9811601701018928,0,0,0.6206639566395664,0.1151888095780804,GOLGA4;MAP3K13
GO_Biological_Process_2023,Peptidyl-Tyrosine Modification (GO:0018212),3/54,0.8311543275851935,0.9811601701018928,0,0,0.6570362128988264,0.1215121380994435,SYK;EPHB2;PTK2
GO_Biological_Process_2023,Regulation Of Exocytosis (GO:0017157),3/54,0.8311543275851935,0.9811601701018928,0,0,0.6570362128988264,0.1215121380994435,FGB;FGA;SYT1
GO_Biological_Process_2023,Regulation Of Smooth Muscle Cell Proliferation (GO:0048660),3/54,0.8311543275851935,0.9811601701018928,0,0,0.6570362128988264,0.1215121380994435,STAT1;XRCC5;IGFBP3
GO_Biological_Process_2023,Antigen Processing And Presentation Of Endogenous Peptide Antigen (GO:0002483),1/21,0.8346905809048887,0.9811601701018928,0,0,0.5587446678854358,0.10096191216138,IDE
GO_Biological_Process_2023,Innate Immune Response In Mucosa (GO:0002227),1/21,0.8346905809048887,0.9811601701018928,0,0,0.5587446678854358,0.10096191216138,LTF
GO_Biological_Process_2023,Modulation By Symbiont Of Entry Into Host (GO:0052372),1/21,0.8346905809048887,0.9811601701018928,0,0,0.5587446678854358,0.10096191216138,EXOC7
GO_Biological_Process_2023,Negative Regulation Of GTPase Activity (GO:0034260),1/21,0.8346905809048887,0.9811601701018928,0,0,0.5587446678854358,0.10096191216138,WNK1
GO_Biological_Process_2023,Negative Regulation Of Biomineral Tissue Development (GO:0070168),1/21,0.8346905809048887,0.9811601701018928,0,0,0.5587446678854358,0.10096191216138,GREM1
GO_Biological_Process_2023,Negative Regulation Of Osteoclast Differentiation (GO:0045671),1/21,0.8346905809048887,0.9811601701018928,0,0,0.5587446678854358,0.10096191216138,LTF
GO_Biological_Process_2023,Negative Regulation Of Reactive Oxygen Species Metabolic Process (GO:2000378),1/21,0.8346905809048887,0.9811601701018928,0,0,0.5587446678854358,0.10096191216138,TFAP2A
GO_Biological_Process_2023,Negative Regulation Of Tumor Necrosis Factor-Mediated Signaling Pathway (GO:0010804),1/21,0.8346905809048887,0.9811601701018928,0,0,0.5587446678854358,0.10096191216138,F2RL1
GO_Biological_Process_2023,Outer Dynein Arm Assembly (GO:0036158),1/21,0.8346905809048887,0.9811601701018928,0,0,0.5587446678854358,0.10096191216138,DNAH5
GO_Biological_Process_2023,Peptide Catabolic Process (GO:0043171),1/21,0.8346905809048887,0.9811601701018928,0,0,0.5587446678854358,0.10096191216138,IDE
GO_Biological_Process_2023,poly(A)+ mRNA Export From Nucleus (GO:0016973),1/21,0.8346905809048887,0.9811601701018928,0,0,0.5587446678854358,0.10096191216138,PABPN1
GO_Biological_Process_2023,Positive Regulation Of Transcription Regulatory Region DNA Binding (GO:2000679),1/21,0.8346905809048887,0.9811601701018928,0,0,0.5587446678854358,0.10096191216138,TWIST1
GO_Biological_Process_2023,Regulation Of Cardiac Conduction (GO:1903779),1/21,0.8346905809048887,0.9811601701018928,0,0,0.5587446678854358,0.10096191216138,ATP2A2
GO_Biological_Process_2023,Regulation Of Histone Deacetylation (GO:0031063),1/21,0.8346905809048887,0.9811601701018928,0,0,0.5587446678854358,0.10096191216138,KAT2A
GO_Biological_Process_2023,Regulation Of Lipid Storage (GO:0010883),1/21,0.8346905809048887,0.9811601701018928,0,0,0.5587446678854358,0.10096191216138,HILPDA
GO_Biological_Process_2023,Response To Cadmium Ion (GO:0046686),1/21,0.8346905809048887,0.9811601701018928,0,0,0.5587446678854358,0.10096191216138,MMP9
GO_Biological_Process_2023,Sodium Ion Import Across Plasma Membrane (GO:0098719),1/21,0.8346905809048887,0.9811601701018928,0,0,0.5587446678854358,0.10096191216138,SLC9A7
GO_Biological_Process_2023,Regulation Of Interleukin-6 Production (GO:0032675),7/114,0.8362357023744132,0.982246184595924,0,0,0.7302695132756009,0.1306048794855022,SYK;IL37;TNFSF4;TWIST1;F2RL1;HSPD1;MAPK13
GO_Biological_Process_2023,Protein K48-linked Ubiquitination (GO:0070936),4/70,0.8369500622723258,0.982246184595924,0,0,0.6768046768046768,0.1204650552950028,UBE2C;UBE2T;PELI1;TRIM45
GO_Biological_Process_2023,Regulation Of Actin Filament Polymerization (GO:0030833),4/70,0.8369500622723258,0.982246184595924,0,0,0.6768046768046768,0.1204650552950028,BAIAP2L1;CTTN;CCR7;PFN2
GO_Biological_Process_2023,Regulation Of Cellular Biosynthetic Process (GO:0031326),4/70,0.8369500622723258,0.982246184595924,0,0,0.6768046768046768,0.1204650552950028,TOM1L1;RPL10;MSI2;PKP3
GO_Biological_Process_2023,Calcium-Mediated Signaling (GO:0019722),5/85,0.8372111884960111,0.982246184595924,0,0,0.697846670739157,0.1239926457931786,PRKAA1;CCL20;ATP2A2;TNFSF11;MCTP2
GO_Biological_Process_2023,Transport Across Blood-Brain Barrier (GO:0150104),5/85,0.8372111884960111,0.982246184595924,0,0,0.697846670739157,0.1239926457931786,ABCC3;SLC7A5;SLC22A3;SLC2A1;SLC7A1
GO_Biological_Process_2023,Regulation Of Organelle Organization (GO:0033043),6/100,0.8394042733304595,0.984007283099414,0,0,0.7125838838890912,0.1247469564288698,USP6NL;SLC30A9;SAR1B;AKAP9;PTK2;UCHL5
GO_Biological_Process_2023,Negative Regulation Of Signal Transduction (GO:0009968),18/267,0.839642791052622,0.984007283099414,0,0,0.8060864146240133,0.1408867568643722,RNF43;PTPN18;PDCD6;IGFBP3;METTL3;SORD;TWIST1;NR0B1;SULF1;SFRP4;GRB14;CILP;TSPAN6;PRAME;SMPDL3B;LGR4;EZH2;LTF
GO_Biological_Process_2023,Response To Peptide Hormone (GO:0043434),3/55,0.8403611593656716,0.984007283099414,0,0,0.6443657014126812,0.1120703560614302,STAT1;SLC2A1;OGT
GO_Biological_Process_2023,Fibroblast Growth Factor Receptor Signaling Pathway (GO:0008543),2/39,0.841378213346451,0.984007283099414,0,0,0.60385629531971,0.1042944370942522,KIF16B;SHCBP1
GO_Biological_Process_2023,Negative Regulation Of Proteasomal Protein Catabolic Process (GO:1901799),2/39,0.841378213346451,0.984007283099414,0,0,0.60385629531971,0.1042944370942522,OGT;UCHL5
GO_Biological_Process_2023,Neuron Projection Extension (GO:1990138),2/39,0.841378213346451,0.984007283099414,0,0,0.60385629531971,0.1042944370942522,NELL1;S100B
GO_Biological_Process_2023,Organelle Transport Along Microtubule (GO:0072384),2/39,0.841378213346451,0.984007283099414,0,0,0.60385629531971,0.1042944370942522,BICD1;LRPPRC
GO_Biological_Process_2023,Positive Regulation Of Pattern Recognition Receptor Signaling Pathway (GO:0062208),2/39,0.841378213346451,0.984007283099414,0,0,0.60385629531971,0.1042944370942522,F2RL1;LTF
GO_Biological_Process_2023,Regulation Of Receptor-Mediated Endocytosis (GO:0048259),2/39,0.841378213346451,0.984007283099414,0,0,0.60385629531971,0.1042944370942522,BICD1;PROM2
GO_Biological_Process_2023,Vesicle Cytoskeletal Trafficking (GO:0099518),2/39,0.841378213346451,0.984007283099414,0,0,0.60385629531971,0.1042944370942522,MYO7A;MYO19
GO_Biological_Process_2023,Negative Regulation Of Macromolecule Metabolic Process (GO:0010605),12/186,0.8449060222783318,0.9846340180421488,0,0,0.7693674635075101,0.1296614017220179,FLCN;SLC7A5;PRKAA1;CLDN3;CNOT7;PRKAR1A;CILP;ZNF281;PTRH2;SORD;OVOL2;AURKA
GO_Biological_Process_2023,Negative Regulation Of Supramolecular Fiber Organization (GO:1902904),4/71,0.8449490193533218,0.9846340180421488,0,0,0.6666666666666666,0.112319323714177,TPX2;SMAD4;CKAP2;PFN2
GO_Biological_Process_2023,Fc-epsilon Receptor Signaling Pathway (GO:0038095),1/22,0.8482766169120746,0.9846340180421488,0,0,0.5321087606279562,0.0875576969044829,SYK
GO_Biological_Process_2023,Cellular Response To Cadmium Ion (GO:0071276),1/22,0.8482766169120746,0.9846340180421488,0,0,0.5321087606279562,0.0875576969044829,MMP9
GO_Biological_Process_2023,Cellular Response To Low-Density Lipoprotein Particle Stimulus (GO:0071404),1/22,0.8482766169120746,0.9846340180421488,0,0,0.5321087606279562,0.0875576969044829,SYK
GO_Biological_Process_2023,Inositol Phosphate Metabolic Process (GO:0043647),1/22,0.8482766169120746,0.9846340180421488,0,0,0.5321087606279562,0.0875576969044829,INPP4B
GO_Biological_Process_2023,Natural Killer Cell Mediated Immunity (GO:0002228),1/22,0.8482766169120746,0.9846340180421488,0,0,0.5321087606279562,0.0875576969044829,SLAMF7
GO_Biological_Process_2023,Negative Regulation Of G Protein-Coupled Receptor Signaling Pathway (GO:0045744),1/22,0.8482766169120746,0.9846340180421488,0,0,0.5321087606279562,0.0875576969044829,BICD1
GO_Biological_Process_2023,Negative Regulation Of Axonogenesis (GO:0050771),1/22,0.8482766169120746,0.9846340180421488,0,0,0.5321087606279562,0.0875576969044829,THY1
GO_Biological_Process_2023,Negative Regulation Of Protein Localization To Nucleus (GO:1900181),1/22,0.8482766169120746,0.9846340180421488,0,0,0.5321087606279562,0.0875576969044829,FLCN
GO_Biological_Process_2023,Peptidyl-Glutamic Acid Modification (GO:0018200),1/22,0.8482766169120746,0.9846340180421488,0,0,0.5321087606279562,0.0875576969044829,GGCX
GO_Biological_Process_2023,Positive Regulation Of Cilium Assembly (GO:0045724),1/22,0.8482766169120746,0.9846340180421488,0,0,0.5321087606279562,0.0875576969044829,CCDC88A
GO_Biological_Process_2023,Protein Neddylation (GO:0045116),1/22,0.8482766169120746,0.9846340180421488,0,0,0.5321087606279562,0.0875576969044829,DCUN1D5
GO_Biological_Process_2023,Regulation Of Cardiac Muscle Cell Membrane Repolarization (GO:0099623),1/22,0.8482766169120746,0.9846340180421488,0,0,0.5321087606279562,0.0875576969044829,KCNE4
GO_Biological_Process_2023,Regulation Of Catabolic Process (GO:0009894),1/22,0.8482766169120746,0.9846340180421488,0,0,0.5321087606279562,0.0875576969044829,FAM83D
GO_Biological_Process_2023,Regulation Of Protein Export From Nucleus (GO:0046825),1/22,0.8482766169120746,0.9846340180421488,0,0,0.5321087606279562,0.0875576969044829,BARD1
GO_Biological_Process_2023,Regulation Of Release Of Sequestered Calcium Ion Into Cytosol By Sarcoplasmic Reticulum (GO:0010880),1/22,0.8482766169120746,0.9846340180421488,0,0,0.5321087606279562,0.0875576969044829,PDE4D
GO_Biological_Process_2023,tRNA Aminoacylation (GO:0043039),1/22,0.8482766169120746,0.9846340180421488,0,0,0.5321087606279562,0.0875576969044829,DARS2
GO_Biological_Process_2023,Nucleotide-Excision Repair (GO:0006289),3/56,0.8491302868017521,0.9846340180421488,0,0,0.6321733224354473,0.1033872974480254,SLC30A9;BRCA2;RAD23B
GO_Biological_Process_2023,Peptide Metabolic Process (GO:0006518),3/56,0.8491302868017521,0.9846340180421488,0,0,0.6321733224354473,0.1033872974480254,NLN;HM13;IDE
GO_Biological_Process_2023,"Positive Regulation Of DNA-templated Transcription, Elongation (GO:0032786)",3/56,0.8491302868017521,0.9846340180421488,0,0,0.6321733224354473,0.1033872974480254,ZMYND8;CDK13;ELL3
GO_Biological_Process_2023,Regulation Of Cation Channel Activity (GO:2001257),3/56,0.8491302868017521,0.9846340180421488,0,0,0.6321733224354473,0.1033872974480254,DLG1;PDE4D;MMP9
GO_Biological_Process_2023,Response To Lipopolysaccharide (GO:0032496),10/159,0.8499051627191783,0.9846340180421488,0,0,0.7488238584024214,0.1217816052389044,CYP27B1;CXCL6;IRAK1;CPS1;PABPN1;IL37;TNFSF4;CD180;PELI1;CXCL13
GO_Biological_Process_2023,Notch Signaling Pathway (GO:0007219),2/40,0.8515176877785259,0.9846340180421488,0,0,0.5879332477535302,0.0945014544587724,GMDS;ASCL1
GO_Biological_Process_2023,Cellular Response To Heat (GO:0034605),2/40,0.8515176877785259,0.9846340180421488,0,0,0.5879332477535302,0.0945014544587724,PDCD6;DHX36
GO_Biological_Process_2023,Cyclic-Nucleotide-Mediated Signaling (GO:0019935),2/40,0.8515176877785259,0.9846340180421488,0,0,0.5879332477535302,0.0945014544587724,PDE4D;PDE7A
GO_Biological_Process_2023,mRNA 3'-End Processing (GO:0031124),2/40,0.8515176877785259,0.9846340180421488,0,0,0.5879332477535302,0.0945014544587724,CSTF2;SYMPK
GO_Biological_Process_2023,Negative Regulation Of Protein Localization (GO:1903828),2/40,0.8515176877785259,0.9846340180421488,0,0,0.5879332477535302,0.0945014544587724,FLCN;ANKRD13A
GO_Biological_Process_2023,Nucleic Acid-Templated Transcription (GO:0097659),2/40,0.8515176877785259,0.9846340180421488,0,0,0.5879332477535302,0.0945014544587724,SMAD4;FUBP3
GO_Biological_Process_2023,Positive Regulation Of Catalytic Activity (GO:0043085),2/40,0.8515176877785259,0.9846340180421488,0,0,0.5879332477535302,0.0945014544587724,XRCC5;SSBP1
GO_Biological_Process_2023,Positive Regulation Of Monoatomic Ion Transport (GO:0043270),2/40,0.8515176877785259,0.9846340180421488,0,0,0.5879332477535302,0.0945014544587724,DLG1;PKP2
GO_Biological_Process_2023,Positive Regulation Of Stem Cell Population Maintenance (GO:1902459),2/40,0.8515176877785259,0.9846340180421488,0,0,0.5879332477535302,0.0945014544587724,RBBP4;OGT
GO_Biological_Process_2023,Regulation Of Microtubule Cytoskeleton Organization (GO:0070507),2/40,0.8515176877785259,0.9846340180421488,0,0,0.5879332477535302,0.0945014544587724,PRKAA1;EFNA5
GO_Biological_Process_2023,Regulation Of Protein Dephosphorylation (GO:0035304),2/40,0.8515176877785259,0.9846340180421488,0,0,0.5879332477535302,0.0945014544587724,CDCA2;PPP6R2
GO_Biological_Process_2023,Regulation Of Small Molecule Metabolic Process (GO:0062012),2/40,0.8515176877785259,0.9846340180421488,0,0,0.5879332477535302,0.0945014544587724,OGT;PDK1
GO_Biological_Process_2023,Synaptic Vesicle Endocytosis (GO:0048488),2/40,0.8515176877785259,0.9846340180421488,0,0,0.5879332477535302,0.0945014544587724,SYT1;SYNJ2
GO_Biological_Process_2023,Protein Targeting To Membrane (GO:0006612),4/72,0.8526144168763815,0.984872128919788,0,0,0.6568268332974215,0.1047296365629013,GOLGA7B;ZDHHC9;NACA;GET4
GO_Biological_Process_2023,Regulation Of Protein Secretion (GO:0050708),6/102,0.8526444592878517,0.984872128919788,0,0,0.6976619804400978,0.1112161314808889,FGB;FGA;TMED10;EXOC7;SAA1;ADAM8
GO_Biological_Process_2023,Sensory Perception Of Light Stimulus (GO:0050953),6/102,0.8526444592878517,0.984872128919788,0,0,0.6976619804400978,0.1112161314808889,COL1A1;PRKRA;RDH10;COL11A1;MYO7A;KIFC3
GO_Biological_Process_2023,Negative Regulation Of Response To External Stimulus (GO:0032102),9/146,0.856129828520661,0.984872128919788,0,0,0.7330067360685855,0.1138603152930537,CLDN3;PCBP2;SAA1;EPPK1;ENPP3;SMPDL3B;AURKB;LTF;TRIM45
GO_Biological_Process_2023,Positive Regulation Of Intracellular Signal Transduction (GO:1902533),37/525,0.8571152100056437,0.984872128919788,0,0,0.844172922731219,0.130157059161987,GPR89A;SLC20A1;SOX2;FLCN;IRAK1;TSPAN6;DHX36;TNFSF11;PMAIP1;SLC38A9;CCR7;PIM2;ECT2;RPL17;CDK5RAP3;UNC5CL;SMAD4;GPR37;EGF;NEK6;SIAH1;LIF;ZDHHC13;S100B;PTK2;TGFBR1;DOK5;DLG5;TRAF5;PELI1;TRIM13;CD27;F2RL1;ADAM8;TNFRSF25;HPSE;LTF
GO_Biological_Process_2023,Myeloid Cell Differentiation (GO:0030099),3/57,0.8574768568889626,0.984872128919788,0,0,0.6204325130499627,0.0953983790790792,RACGAP1;FLVCR1;IKZF1
GO_Biological_Process_2023,Nervous System Development (GO:0007399),30/433,0.8588701427713985,0.984872128919788,0,0,0.8291566354081362,0.1261458516024682,MESP1;ZMYND8;SLC2A1;MSI2;ASCL1;EFNA5;UGT8;SCIN;CDH1;MDK;ENC1;IGF2BP3;EPHB2;ECT2;GUSBP3;EPHB1;SOX4;FARP1;MARCKSL1;STIL;SIAH1;GFRA3;S100B;GRHL2;DCLK1;TGFBR1;SLC25A16;NELL1;AHI1;PAFAH1B3
GO_Biological_Process_2023,Regulation Of DNA-templated Transcription (GO:0006355),146/1922,0.8591150365128496,0.984872128919788,0,0,0.9112031483355012,0.138368427658838,FOXA1;ZNF692;EHF;GMNN;IKZF1;ENO1;SOX2;CREB3L4;CDH1;BASP1;SUPT20H;PIM2;CCNL2;PITX2;ARID2;SOX4;PIAS3;HES6;SMARCC2;ZNF281;OVOL1;ILF2;RUNX2;OVOL2;PRKAR1A;MORF4L2;TIMELESS;TRIB3;ZNF431;L3MBTL1;BLM;CALCA;CRABP2;TWIST1;FOXO6;MRPL12;MBTD1;CYP27B1;DHX36;ZSCAN16;RREB1;SNX5;BPTF;HOXC6;TFAP2A;TFAP2C;SMAD4;FUS;CBX3;XRCC5;ATP8B1;BCL11A;IL31RA;HMGA1;HMGA2;NR0B1;HOPX;COL1A1;MLLT11;GCLC;CNOT7;GON4L;FUBP3;TNFSF4;HNRNPD;NFE2L3;GTF2IRD1;TCF3;OGT;ZNF652;EZH2;PHF19;MESP1;SUV39H2;HNF4G;ZC3H8;SIX1;HMGB3;TFCP2L1;FOXM1;BRCA2;CHD2;HOXC10;HINT1;ZMYM2;SIX4;ZNF280B;CD38;HTATIP2;PBRM1;EED;TESC;DNMT3A;RHOH;PAX5;CBFA2T2;ETV4;UCHL5;TGFBR1;TOX4;TOX3;KAT2A;ELF3;PAX9;DEPDC1;IRF7;ZNF239;BIRC5;ZNF117;MCM2;PRKAA1;ZNF518A;MLLT3;ASCL1;BARX1;RBBP4;NSD1;SPP1;PAK6;E2F3;GPBP1L1;PRAME;PCBD2;E2F5;MTA3;ZNF224;SPDEF;E2F8;NPM1;KDM4C;TAF15;NFYA;CDKN2A;STAT1;EGF;ATAD2;GRHL1;GRHL2;TARBP1;TBX15;CENPF;KANSL1;PRKRA;TRIM33;FOXA3;CDK5R1
GO_Biological_Process_2023,Actin Nucleation (GO:0045010),1/23,0.8607466880930004,0.984872128919788,0,0,0.507894299484793,0.0761613021074184,SCIN
GO_Biological_Process_2023,Adaptive Immune Response Based On Somatic Recombination Of Immune Receptors Built From Immunoglobulin Superfamily Domains (GO:0002460),1/23,0.8607466880930004,0.984872128919788,0,0,0.507894299484793,0.0761613021074184,CR2
GO_Biological_Process_2023,Axon Extension (GO:0048675),1/23,0.8607466880930004,0.984872128919788,0,0,0.507894299484793,0.0761613021074184,NELL1
GO_Biological_Process_2023,Cellular Response To Interleukin-6 (GO:0071354),1/23,0.8607466880930004,0.984872128919788,0,0,0.507894299484793,0.0761613021074184,SMAD4
GO_Biological_Process_2023,Cytosolic Pattern Recognition Receptor Signaling Pathway (GO:0002753),1/23,0.8607466880930004,0.984872128919788,0,0,0.507894299484793,0.0761613021074184,IRF7
GO_Biological_Process_2023,Diacylglycerol Metabolic Process (GO:0046339),1/23,0.8607466880930004,0.984872128919788,0,0,0.507894299484793,0.0761613021074184,DGAT2
GO_Biological_Process_2023,Immune Response-Activating Cell Surface Receptor Signaling Pathway (GO:0002429),1/23,0.8607466880930004,0.984872128919788,0,0,0.507894299484793,0.0761613021074184,CD19
GO_Biological_Process_2023,Long-Chain Fatty Acid Transport (GO:0015909),1/23,0.8607466880930004,0.984872128919788,0,0,0.507894299484793,0.0761613021074184,SLC27A2
GO_Biological_Process_2023,Long-Chain fatty-acyl-CoA Metabolic Process (GO:0035336),1/23,0.8607466880930004,0.984872128919788,0,0,0.507894299484793,0.0761613021074184,DGAT2
GO_Biological_Process_2023,Negative Regulation Of Epidermal Growth Factor Receptor Signaling Pathway (GO:0042059),1/23,0.8607466880930004,0.984872128919788,0,0,0.507894299484793,0.0761613021074184,CBLC
GO_Biological_Process_2023,Negative Regulation Of Neuron Differentiation (GO:0045665),1/23,0.8607466880930004,0.984872128919788,0,0,0.507894299484793,0.0761613021074184,SOX2
GO_Biological_Process_2023,Positive Regulation Of Epithelial Cell Apoptotic Process (GO:1904037),1/23,0.8607466880930004,0.984872128919788,0,0,0.507894299484793,0.0761613021074184,SFRP4
GO_Biological_Process_2023,Positive Regulation Of Lamellipodium Assembly (GO:0010592),1/23,0.8607466880930004,0.984872128919788,0,0,0.507894299484793,0.0761613021074184,ACTR2
GO_Biological_Process_2023,"Positive Regulation Of mRNA Splicing, Via Spliceosome (GO:0048026)",1/23,0.8607466880930004,0.984872128919788,0,0,0.507894299484793,0.0761613021074184,TRA2A
GO_Biological_Process_2023,Positive Regulation Of Protein Targeting To Membrane (GO:0090314),1/23,0.8607466880930004,0.984872128919788,0,0,0.507894299484793,0.0761613021074184,CEMIP
GO_Biological_Process_2023,Potassium Ion Homeostasis (GO:0055075),1/23,0.8607466880930004,0.984872128919788,0,0,0.507894299484793,0.0761613021074184,SLC12A8
GO_Biological_Process_2023,Regulation Of T Cell Migration (GO:2000404),1/23,0.8607466880930004,0.984872128919788,0,0,0.507894299484793,0.0761613021074184,CCL20
GO_Biological_Process_2023,Regulation Of Cell Junction Assembly (GO:1901888),1/23,0.8607466880930004,0.984872128919788,0,0,0.507894299484793,0.0761613021074184,CLDN3
GO_Biological_Process_2023,Regulation Of Lipid Catabolic Process (GO:0050994),1/23,0.8607466880930004,0.984872128919788,0,0,0.507894299484793,0.0761613021074184,PRKAA1
GO_Biological_Process_2023,Rescue Of Stalled Ribosome (GO:0072344),1/23,0.8607466880930004,0.984872128919788,0,0,0.507894299484793,0.0761613021074184,KLHDC10
GO_Biological_Process_2023,Translesion Synthesis (GO:0019985),1/23,0.8607466880930004,0.984872128919788,0,0,0.507894299484793,0.0761613021074184,POLE2
GO_Biological_Process_2023,Lymphocyte Migration (GO:0072676),2/41,0.8610626822064903,0.984872128919788,0,0,0.5728267667292057,0.0856879963877671,CCL20;SAA1
GO_Biological_Process_2023,Non-Canonical Wnt Signaling Pathway (GO:0035567),2/41,0.8610626822064903,0.984872128919788,0,0,0.5728267667292057,0.0856879963877671,SFRP4;CELSR3
GO_Biological_Process_2023,Protein Localization To Lysosome (GO:0061462),2/41,0.8610626822064903,0.984872128919788,0,0,0.5728267667292057,0.0856879963877671,ZFYVE16;SORL1
GO_Biological_Process_2023,Regulation Of Chemokine Production (GO:0032642),2/41,0.8610626822064903,0.984872128919788,0,0,0.5728267667292057,0.0856879963877671,TNFSF4;F2RL1
GO_Biological_Process_2023,Synaptic Vesicle Exocytosis (GO:0016079),2/41,0.8610626822064903,0.984872128919788,0,0,0.5728267667292057,0.0856879963877671,SYT1;SNAP23
GO_Biological_Process_2023,Visual System Development (GO:0150063),2/41,0.8610626822064903,0.984872128919788,0,0,0.5728267667292057,0.0856879963877671,SOX2;RAB18
GO_Biological_Process_2023,Protein Ubiquitination (GO:0016567),30/434,0.8619903548836523,0.9853535884378378,0,0,0.8270582020981254,0.1228274040877135,UHRF1;CCNF;CBLC;BRCA2;FBXO22;CCAR1;RNF213;CAND1;RUSC1;TRIM2;ENC1;MARVELD3;PRAME;BARD1;RNF43;WSB1;NHLRC3;UBE2C;FBXO32;FBXO11;BSPRY;DEPDC1B;SPSB1;RAD51;UBE2S;KLHL7;UBE2T;TRIM13;RNF183;TRIM33
GO_Biological_Process_2023,ERAD Pathway (GO:0036503),5/89,0.8648780316948003,0.9853535884378378,0,0,0.6644704308112983,0.0964590367088358,DERL3;DNAJC10;TRIM13;UGGT1;GET4
GO_Biological_Process_2023,Regulation Of Vesicle-Mediated Transport (GO:0060627),5/89,0.8648780316948003,0.9853535884378378,0,0,0.6644704308112983,0.0964590367088358,NELL1;ZFYVE16;RAB25;SYT1;PLD1
GO_Biological_Process_2023,Positive Regulation Of DNA-binding Transcription Factor Activity (GO:0051091),16/246,0.8657438057268609,0.9853535884378378,0,0,0.775570886143644,0.1118111466763512,FOXA1;NPM1;CAMK1D;JUP;IL1RAP;LRP8;AIM2;IRAK1;TRAF5;TRIM13;TNFSF11;ADAM8;TCF3;MAP3K13;CARD14;LTF
GO_Biological_Process_2023,Cellular Component Assembly (GO:0022607),17/260,0.866695903017493,0.9853535884378378,0,0,0.7798797087685977,0.1115751360489613,FGB;FGA;SLC2A1;IL1RAP;GRHL2;VMP1;VIL1;BAIAP2L1;SCIN;GORASP2;PKP2;EPPK1;KNTC1;TLCD1;TRIP13;HORMAD1;NEFH
GO_Biological_Process_2023,Regulation Of Angiogenesis (GO:0045765),13/205,0.8683096579375263,0.9853535884378378,0,0,0.7550580622058523,0.1066193925528754,JUP;STAT1;PDCD6;TWIST1;HMGA2;PRKCA;SULF1;CXCL13;THBS2;APELA;CEACAM1;ANGPTL4;HTATIP2
GO_Biological_Process_2023,Regulation Of Gene Expression (GO:0010468),83/1127,0.8694927033700385,0.9853535884378378,0,0,0.8829353230162768,0.123474387775973,RPL5;PDCD5;SIX1;BRCA2;SOX2;FLCN;HINT1;CDH3;CDH1;ZNF280B;SUPT20H;CCNL2;EPHB2;SOX4;NANOS1;HES6;ZNF281;TESC;SORD;RHOH;TGFBR1;OVOL2;ACE2;SLC7A5;SFRP4;KAT2A;CLDN3;PRKAR1A;PTRH2;ZNF638;ESRP1;RNF207;ZNF117;MATR3;PKP3;ZNF431;MCM2;LTF;PRKAA1;CRABP2;SRSF1;TMPRSS4;TWIST1;VTCN1;ASCL1;PTHLH;AURKA;CYP27B1;RBBP4;NSD1;DHX36;PCBP2;AGR2;PAK6;IGF2BP3;GPBP1L1;HNRNPA1;RREB1;RPL17;BPTF;TFAP2A;TFAP2C;NFYA;FUS;IL37;EGF;AHNAK2;HMGA1;HMGA2;BRAF;NELL1;CNOT7;GON4L;FUBP3;KANSL1;CILP;HNRNPD;GTF2IRD1;ATM;TCF3;OGT;EZH2;PHF19
GO_Biological_Process_2023,Ceramide Biosynthetic Process (GO:0046513),2/42,0.8700423948428069,0.9853535884378378,0,0,0.5584756097560976,0.077747254281663,FA2H;CERS6
GO_Biological_Process_2023,Determination Of Heart Left/Right Asymmetry (GO:0061371),2/42,0.8700423948428069,0.9853535884378378,0,0,0.5584756097560976,0.077747254281663,MESP1;STIL
GO_Biological_Process_2023,Lipid Modification (GO:0030258),2/42,0.8700423948428069,0.9853535884378378,0,0,0.5584756097560976,0.077747254281663,PLA2G7;SGPP2
GO_Biological_Process_2023,Regulation Of Axonogenesis (GO:0050770),2/42,0.8700423948428069,0.9853535884378378,0,0,0.5584756097560976,0.077747254281663,PAK1;THY1
GO_Biological_Process_2023,Regulation Of Neurotransmitter Receptor Activity (GO:0099601),2/42,0.8700423948428069,0.9853535884378378,0,0,0.5584756097560976,0.077747254281663,NPTX2;DLGAP4
GO_Biological_Process_2023,Skeletal Muscle Tissue Development (GO:0007519),2/42,0.8700423948428069,0.9853535884378378,0,0,0.5584756097560976,0.077747254281663,SIX4;SIX1
GO_Biological_Process_2023,Stress-Activated MAPK Cascade (GO:0051403),2/42,0.8700423948428069,0.9853535884378378,0,0,0.5584756097560976,0.077747254281663,MAP3K13;MAPK13
GO_Biological_Process_2023,Translational Elongation (GO:0006414),2/42,0.8700423948428069,0.9853535884378378,0,0,0.5584756097560976,0.077747254281663,EEF1A2;KLHDC10
GO_Biological_Process_2023,Lysosomal Transport (GO:0007041),6/105,0.8708141915525387,0.9853535884378378,0,0,0.676409572497592,0.093565471957674,CCDC91;ZFYVE16;HOOK1;CHMP4C;TMEM106B;SORL1
GO_Biological_Process_2023,Regulation Of Peptidyl-Tyrosine Phosphorylation (GO:0050730),5/90,0.8711422147294741,0.9853535884378378,0,0,0.6566171978870962,0.0905803673520391,NELL1;CNOT7;LIF;EFNA5;LRP8
GO_Biological_Process_2023,Regulation Of Phosphatidylinositol 3-Kinase Signaling (GO:0014066),5/90,0.8711422147294741,0.9853535884378378,0,0,0.6566171978870962,0.0905803673520391,CEACAM1;EGF;TWIST1;F2RL1;PTK2
GO_Biological_Process_2023,Acylglycerol Catabolic Process (GO:0046464),1/24,0.8721924088045055,0.9853535884378378,0,0,0.4857854436584267,0.0664288408220142,CPS1
GO_Biological_Process_2023,Acylglycerol Homeostasis (GO:0055090),1/24,0.8721924088045055,0.9853535884378378,0,0,0.4857854436584267,0.0664288408220142,ANGPTL4
GO_Biological_Process_2023,Eosinophil Chemotaxis (GO:0048245),1/24,0.8721924088045055,0.9853535884378378,0,0,0.4857854436584267,0.0664288408220142,LGALS3
GO_Biological_Process_2023,Eosinophil Migration (GO:0072677),1/24,0.8721924088045055,0.9853535884378378,0,0,0.4857854436584267,0.0664288408220142,LGALS3
GO_Biological_Process_2023,Natural Killer Cell Mediated Cytotoxicity (GO:0042267),1/24,0.8721924088045055,0.9853535884378378,0,0,0.4857854436584267,0.0664288408220142,SLAMF7
GO_Biological_Process_2023,Positive Regulation Of Interleukin-17 Production (GO:0032740),1/24,0.8721924088045055,0.9853535884378378,0,0,0.4857854436584267,0.0664288408220142,SLC7A5
GO_Biological_Process_2023,Positive Regulation Of Lipid Metabolic Process (GO:0045834),1/24,0.8721924088045055,0.9853535884378378,0,0,0.4857854436584267,0.0664288408220142,EEF1A2
GO_Biological_Process_2023,Protein K48-linked Deubiquitination (GO:0071108),1/24,0.8721924088045055,0.9853535884378378,0,0,0.4857854436584267,0.0664288408220142,USP34
GO_Biological_Process_2023,Regulation Of AMPA Receptor Activity (GO:2000311),1/24,0.8721924088045055,0.9853535884378378,0,0,0.4857854436584267,0.0664288408220142,NOL3
GO_Biological_Process_2023,Regulation Of Neuroblast Proliferation (GO:1902692),1/24,0.8721924088045055,0.9853535884378378,0,0,0.4857854436584267,0.0664288408220142,VCAN
GO_Biological_Process_2023,Regulation Of Proteolysis Involved In Protein Catabolic Process (GO:1903050),1/24,0.8721924088045055,0.9853535884378378,0,0,0.4857854436584267,0.0664288408220142,UCHL5
GO_Biological_Process_2023,Regulation Of Ryanodine-Sensitive Calcium-Release Channel Activity (GO:0060314),1/24,0.8721924088045055,0.9853535884378378,0,0,0.4857854436584267,0.0664288408220142,PDE4D
GO_Biological_Process_2023,Regulation Of Viral Life Cycle (GO:1903900),1/24,0.8721924088045055,0.9853535884378378,0,0,0.4857854436584267,0.0664288408220142,KPNA2
GO_Biological_Process_2023,Response To Hexose (GO:0009746),1/24,0.8721924088045055,0.9853535884378378,0,0,0.4857854436584267,0.0664288408220142,SLC2A5
GO_Biological_Process_2023,Secondary Alcohol Biosynthetic Process (GO:1902653),1/24,0.8721924088045055,0.9853535884378378,0,0,0.4857854436584267,0.0664288408220142,FDFT1
GO_Biological_Process_2023,Neuron Projection Development (GO:0031175),12/192,0.8727407017814969,0.9853535884378378,0,0,0.7434764826175869,0.1011996300128155,PAK1;TRIO;CTTN;NMNAT2;EPHB2;NOL3;EPHB1;NEFH;DCLK1;MANF;MAP4K4;CDK5R1
GO_Biological_Process_2023,Transcription By RNA Polymerase II (GO:0006366),12/192,0.8727407017814969,0.9853535884378378,0,0,0.7434764826175869,0.1011996300128155,CYP27B1;PBRM1;NFYA;NFE2L3;ZC3H8;E2F3;PAX5;POLR2H;TRIP13;RREB1;POLR2J;ELL3
GO_Biological_Process_2023,Heart Morphogenesis (GO:0003007),3/59,0.8729629461370169,0.9853535884378378,0,0,0.5982088381417241,0.0812739498645916,MESP1;TGFBR1;PTK2
GO_Biological_Process_2023,Negative Regulation Of Cytokine-Mediated Signaling Pathway (GO:0001960),3/59,0.8729629461370169,0.9853535884378378,0,0,0.5982088381417241,0.0812739498645916,CNOT7;METTL3;F2RL1
GO_Biological_Process_2023,Negative Regulation Of Protein-Containing Complex Assembly (GO:0031333),3/59,0.8729629461370169,0.9853535884378378,0,0,0.5982088381417241,0.0812739498645916,CSNK1A1;KIF14;SORL1
GO_Biological_Process_2023,Positive Regulation Of Protein Binding (GO:0032092),3/59,0.8729629461370169,0.9853535884378378,0,0,0.5982088381417241,0.0812739498645916,TRIB3;IDE;MMP9
GO_Biological_Process_2023,Positive Regulation Of Proteolysis (GO:0045862),3/59,0.8729629461370169,0.9853535884378378,0,0,0.5982088381417241,0.0812739498645916,ASPH;CTSV;OGT
GO_Biological_Process_2023,protein-DNA Complex Assembly (GO:0065004),3/59,0.8729629461370169,0.9853535884378378,0,0,0.5982088381417241,0.0812739498645916,NPM1;RAD51;RBBP4
GO_Biological_Process_2023,Regulation Of Cell Death (GO:0010941),3/59,0.8729629461370169,0.9853535884378378,0,0,0.5982088381417241,0.0812739498645916,CASP6;CHMP4C;AGR2
GO_Biological_Process_2023,Regulation Of Type I Interferon Production (GO:0032479),3/59,0.8729629461370169,0.9853535884378378,0,0,0.5982088381417241,0.0812739498645916,IRAK1;G3BP1;IRF7
GO_Biological_Process_2023,Regulation Of Fat Cell Differentiation (GO:0045598),4/75,0.873703568594722,0.985888068383711,0,0,0.6289704036182909,0.0849198900943244,TRIO;ASXL2;TRIB3;WDFY2
GO_Biological_Process_2023,Positive Regulation Of ERK1 And ERK2 Cascade (GO:0070374),11/179,0.8777163990162894,0.9865598000230752,0,0,0.7302341537473358,0.0952457152819654,FGB;FGA;NELL1;APELA;ARHGAP8;CCL20;TNFSF11;F2RL1;PRKCA;BRAF;CCR7
GO_Biological_Process_2023,Positive Regulation Of miRNA Transcription (GO:1902895),2/43,0.8784852398931905,0.9865598000230752,0,0,0.5448245092207019,0.0705853783623448,FOXA1;GNL3
GO_Biological_Process_2023,Regulation Of JUN Kinase Activity (GO:0043506),2/43,0.8784852398931905,0.9865598000230752,0,0,0.5448245092207019,0.0705853783623448,PAK1;MAP3K13
GO_Biological_Process_2023,Regulation Of Endothelial Cell Apoptotic Process (GO:2000351),2/43,0.8784852398931905,0.9865598000230752,0,0,0.5448245092207019,0.0705853783623448,FGB;FGA
GO_Biological_Process_2023,Regulation Of Filopodium Assembly (GO:0051489),2/43,0.8784852398931905,0.9865598000230752,0,0,0.5448245092207019,0.0705853783623448,NELL1;CCR7
GO_Biological_Process_2023,Protein Stabilization (GO:0050821),13/208,0.8806024631764848,0.9865598000230752,0,0,0.7433190096173522,0.0945122602111395,CCT3;RPL5;MCM8;TESC;GTPBP4;HSPD1;PRKRA;ZNF207;PIM2;RPL17;SOX4;CCT5;PFN2
GO_Biological_Process_2023,Endosomal Transport (GO:0016197),11/180,0.8819550116307019,0.9865598000230752,0,0,0.7258733343249685,0.0911800210558929,SPAG9;LAPTM4B;DENND1B;GGA1;ZFYVE16;DENND1A;ALMS1;RAB11FIP3;SNX5;DCLK1;REPS1
GO_Biological_Process_2023,Fatty Acid Metabolic Process (GO:0006631),7/122,0.8821963522236315,0.9865598000230752,0,0,0.6791703230953331,0.085127633581752,CYP2J2;FA2H;SGPL1;DECR2;CYP4F11;SLC27A2;CBR4
GO_Biological_Process_2023,Activation Of Protein Kinase B Activity (GO:0032148),1/25,0.8826978769141111,0.9865598000230752,0,0,0.4655189924842575,0.0580838717440941,CCDC88A
GO_Biological_Process_2023,"Chemical Synaptic Transmission, Postsynaptic (GO:0099565)",1/25,0.8826978769141111,0.9865598000230752,0,0,0.4655189924842575,0.0580838717440941,FOXM1
GO_Biological_Process_2023,Cholesterol Biosynthetic Process (GO:0006695),1/25,0.8826978769141111,0.9865598000230752,0,0,0.4655189924842575,0.0580838717440941,FDFT1
GO_Biological_Process_2023,fatty-acyl-CoA Biosynthetic Process (GO:0046949),1/25,0.8826978769141111,0.9865598000230752,0,0,0.4655189924842575,0.0580838717440941,SLC27A2
GO_Biological_Process_2023,Late Endosome To Vacuole Transport Via Multivesicular Body Sorting Pathway (GO:0032511),1/25,0.8826978769141111,0.9865598000230752,0,0,0.4655189924842575,0.0580838717440941,CHMP4C
GO_Biological_Process_2023,Negative Regulation Of TORC1 Signaling (GO:1904262),1/25,0.8826978769141111,0.9865598000230752,0,0,0.4655189924842575,0.0580838717440941,DEPTOR
GO_Biological_Process_2023,Negative Regulation Of Intracellular Protein Transport (GO:0090317),1/25,0.8826978769141111,0.9865598000230752,0,0,0.4655189924842575,0.0580838717440941,BARD1
GO_Biological_Process_2023,Negative Regulation Of Response To Endoplasmic Reticulum Stress (GO:1903573),1/25,0.8826978769141111,0.9865598000230752,0,0,0.4655189924842575,0.0580838717440941,MAGEA3
GO_Biological_Process_2023,Organophosphate Ester Transport (GO:0015748),1/25,0.8826978769141111,0.9865598000230752,0,0,0.4655189924842575,0.0580838717440941,OSBPL2
GO_Biological_Process_2023,Osteoclast Differentiation (GO:0030316),1/25,0.8826978769141111,0.9865598000230752,0,0,0.4655189924842575,0.0580838717440941,TNFSF11
GO_Biological_Process_2023,Positive Regulation Of Interleukin-2 Production (GO:0032743),1/25,0.8826978769141111,0.9865598000230752,0,0,0.4655189924842575,0.0580838717440941,PDE4D
GO_Biological_Process_2023,Positive Regulation Of Striated Muscle Cell Differentiation (GO:0051155),1/25,0.8826978769141111,0.9865598000230752,0,0,0.4655189924842575,0.0580838717440941,MESP1
GO_Biological_Process_2023,Regulation Of Cell Cycle Phase Transition (GO:1901987),1/25,0.8826978769141111,0.9865598000230752,0,0,0.4655189924842575,0.0580838717440941,DBF4
GO_Biological_Process_2023,Regulation Of Cell Size (GO:0008361),1/25,0.8826978769141111,0.9865598000230752,0,0,0.4655189924842575,0.0580838717440941,DEPTOR
GO_Biological_Process_2023,Regulation Of Double-Strand Break Repair Via Nonhomologous End Joining (GO:2001032),1/25,0.8826978769141111,0.9865598000230752,0,0,0.4655189924842575,0.0580838717440941,HMGA2
GO_Biological_Process_2023,Regulation Of Glycogen Biosynthetic Process (GO:0005979),1/25,0.8826978769141111,0.9865598000230752,0,0,0.4655189924842575,0.0580838717440941,EPM2AIP1
GO_Biological_Process_2023,Response To dsRNA (GO:0043331),1/25,0.8826978769141111,0.9865598000230752,0,0,0.4655189924842575,0.0580838717440941,PMAIP1
GO_Biological_Process_2023,Sodium Ion Homeostasis (GO:0055078),1/25,0.8826978769141111,0.9865598000230752,0,0,0.4655189924842575,0.0580838717440941,TMPRSS4
GO_Biological_Process_2023,Sterol Transport (GO:0015918),1/25,0.8826978769141111,0.9865598000230752,0,0,0.4655189924842575,0.0580838717440941,OSBPL2
GO_Biological_Process_2023,Cellular Response To Organic Cyclic Compound (GO:0071407),9/152,0.8853044198318711,0.9865598000230752,0,0,0.702019964114269,0.0855226806711605,BLM;AOC1;RAD51;JUP;CDH1;CASP6;AKAP9;SPP1;SLC26A6
GO_Biological_Process_2023,Actomyosin Structure Organization (GO:0031032),4/77,0.8862694195066368,0.9865598000230752,0,0,0.6116714335892418,0.0738497158682343,FRMD5;KRT19;SIX4;TNNT1
GO_Biological_Process_2023,Embryonic Organ Development (GO:0048568),4/77,0.8862694195066368,0.9865598000230752,0,0,0.6116714335892418,0.0738497158682343,APELA;PPIL1;STIL;RPL10
GO_Biological_Process_2023,Negative Regulation Of Transforming Growth Factor Beta Receptor Signaling Pathway (GO:0030512),4/77,0.8862694195066368,0.9865598000230752,0,0,0.6116714335892418,0.0738497158682343,ZNF451;RBBP4;CILP;OGT
GO_Biological_Process_2023,Embryonic Organ Morphogenesis (GO:0048562),2/44,0.886418779093735,0.9865598000230752,0,0,0.5318234610917538,0.0641197090329144,MESP1;SIX1
GO_Biological_Process_2023,Establishment Of Protein Localization To Mitochondrion (GO:0072655),2/44,0.886418779093735,0.9865598000230752,0,0,0.5318234610917538,0.0641197090329144,TIMM17A;HSPD1
GO_Biological_Process_2023,Regulation Of Viral Entry Into Host Cell (GO:0046596),2/44,0.886418779093735,0.9865598000230752,0,0,0.5318234610917538,0.0641197090329144,LRRC15;TMPRSS4
GO_Biological_Process_2023,Response To Unfolded Protein (GO:0006986),2/44,0.886418779093735,0.9865598000230752,0,0,0.5318234610917538,0.0641197090329144,HSPE1;HSPD1
GO_Biological_Process_2023,Synaptic Vesicle Recycling (GO:0036465),2/44,0.886418779093735,0.9865598000230752,0,0,0.5318234610917538,0.0641197090329144,SYT1;SYNJ2
GO_Biological_Process_2023,Autophagosome Organization (GO:1905037),3/61,0.8869398272488135,0.9865598000230752,0,0,0.5775178304685363,0.0692895136585609,VMP1;ATG16L1;ATP2A2
GO_Biological_Process_2023,Fatty Acid Catabolic Process (GO:0009062),3/61,0.8869398272488135,0.9865598000230752,0,0,0.5775178304685363,0.0692895136585609,AIG1;SLC27A2;PEX13
GO_Biological_Process_2023,Regulation Of Cell Motility (GO:2000145),7/123,0.887103683045595,0.9865598000230752,0,0,0.6732784983654961,0.0806543283316459,FRMD5;CEACAM1;KIF2A;KIF14;TWIST1;CCR7;FUT3
GO_Biological_Process_2023,Positive Regulation Of Signal Transduction (GO:0009967),17/266,0.8882382450145871,0.9865598000230752,0,0,0.7608353413654618,0.0901706120238273,MESP1;CD180;PRKCA;CTSV;SULF1;SORL1;UCHL5;TGFBR1;CYP27B1;NELL1;DEPDC1B;CDH3;DLG5;ASXL2;TNFSF11;SNX5;ATP6V1C2
GO_Biological_Process_2023,Positive Regulation Of Protein Kinase B Signaling (GO:0051897),5/93,0.8884762045589832,0.9865598000230752,0,0,0.6341283945132449,0.0749840423729303,EGF;CCR7;HPSE;TGFBR1;PTK2
GO_Biological_Process_2023,Cellular Response To Lipopolysaccharide (GO:0071222),7/124,0.8918383140465663,0.9865598000230752,0,0,0.667487388588306,0.0764075651284381,CXCL6;IRAK1;PABPN1;IL37;TNFSF4;CD180;CXCL13
GO_Biological_Process_2023,Regulation Of Innate Immune Response (GO:0045088),4/78,0.8921330287761581,0.9865598000230752,0,0,0.6033726033726033,0.0688689622970143,PCBP2;ADAM8;LRP8;AURKB
GO_Biological_Process_2023,Fc Receptor Signaling Pathway (GO:0038093),1/26,0.8923402895299017,0.9865598000230752,0,0,0.4468738574040219,0.0509023860885058,SYK
GO_Biological_Process_2023,"Wnt Signaling Pathway, Planar Cell Polarity Pathway (GO:0060071)",1/26,0.8923402895299017,0.9865598000230752,0,0,0.4468738574040219,0.0509023860885058,CELSR3
GO_Biological_Process_2023,Antigen Processing And Presentation Of Exogenous Peptide Antigen Via MHC Class II (GO:0019886),1/26,0.8923402895299017,0.9865598000230752,0,0,0.4468738574040219,0.0509023860885058,CTSV
GO_Biological_Process_2023,Camera-Type Eye Development (GO:0043010),1/26,0.8923402895299017,0.9865598000230752,0,0,0.4468738574040219,0.0509023860885058,PITX2
GO_Biological_Process_2023,Cellular Response To Xenobiotic Stimulus (GO:0071466),1/26,0.8923402895299017,0.9865598000230752,0,0,0.4468738574040219,0.0509023860885058,AIM2
GO_Biological_Process_2023,Meiosis I (GO:0007127),1/26,0.8923402895299017,0.9865598000230752,0,0,0.4468738574040219,0.0509023860885058,PTTG1
GO_Biological_Process_2023,Mitotic G1 DNA Damage Checkpoint Signaling (GO:0031571),1/26,0.8923402895299017,0.9865598000230752,0,0,0.4468738574040219,0.0509023860885058,GTSE1
GO_Biological_Process_2023,Negative Regulation Of Catalytic Activity (GO:0043086),1/26,0.8923402895299017,0.9865598000230752,0,0,0.4468738574040219,0.0509023860885058,CAND1
GO_Biological_Process_2023,Negative Regulation Of Insulin Receptor Signaling Pathway (GO:0046627),1/26,0.8923402895299017,0.9865598000230752,0,0,0.4468738574040219,0.0509023860885058,GRB14
GO_Biological_Process_2023,Negative Regulation Of Protein Polymerization (GO:0032272),1/26,0.8923402895299017,0.9865598000230752,0,0,0.4468738574040219,0.0509023860885058,PFN2
GO_Biological_Process_2023,Nuclear Membrane Organization (GO:0071763),1/26,0.8923402895299017,0.9865598000230752,0,0,0.4468738574040219,0.0509023860885058,CHMP4C
GO_Biological_Process_2023,Organelle Membrane Fusion (GO:0090174),1/26,0.8923402895299017,0.9865598000230752,0,0,0.4468738574040219,0.0509023860885058,VAMP1
GO_Biological_Process_2023,Plasma Membrane Invagination (GO:0099024),1/26,0.8923402895299017,0.9865598000230752,0,0,0.4468738574040219,0.0509023860885058,AURKB
GO_Biological_Process_2023,Positive Regulation Of Adenylate Cyclase Activity (GO:0045762),1/26,0.8923402895299017,0.9865598000230752,0,0,0.4468738574040219,0.0509023860885058,ADORA3
GO_Biological_Process_2023,Positive Regulation Of Erythrocyte Differentiation (GO:0045648),1/26,0.8923402895299017,0.9865598000230752,0,0,0.4468738574040219,0.0509023860885058,STAT1
GO_Biological_Process_2023,Protein Localization To Cell Surface (GO:0034394),1/26,0.8923402895299017,0.9865598000230752,0,0,0.4468738574040219,0.0509023860885058,GGA1
GO_Biological_Process_2023,Regulation Of Myeloid Cell Differentiation (GO:0045637),1/26,0.8923402895299017,0.9865598000230752,0,0,0.4468738574040219,0.0509023860885058,L3MBTL1
GO_Biological_Process_2023,Response To Glucocorticoid (GO:0051384),1/26,0.8923402895299017,0.9865598000230752,0,0,0.4468738574040219,0.0509023860885058,BCL2L11
GO_Biological_Process_2023,Glycerophospholipid Metabolic Process (GO:0006650),3/62,0.8933992855854616,0.9865598000230752,0,0,0.5676983691999049,0.0639919080749702,ACP6;PLA2G4A;PLA2G7
GO_Biological_Process_2023,Protein-Containing Complex Disassembly (GO:0032984),3/62,0.8933992855854616,0.9865598000230752,0,0,0.5676983691999049,0.0639919080749702,CHMP4C;RPL17;GSPT1
GO_Biological_Process_2023,Protein Modification By Small Protein Conjugation (GO:0032446),24/364,0.8936503371136042,0.9865598000230752,0,0,0.7860684941467316,0.0883860933912122,BARD1;RANBP2;ZNF451;PIAS3;RNF43;DCUN1D5;BCL11A;UBE2C;CCNF;CBLC;FBXO32;FBXO11;CCAR1;BSPRY;SPSB1;RNF213;CAND1;KLHL7;ENC1;MARVELD3;TRIM13;RNF183;CDK5RAP3;TRIM33
GO_Biological_Process_2023,"Retrograde Transport, Endosome To Golgi (GO:0042147)",5/94,0.8937908111231324,0.9865598000230752,0,0,0.6269690376339289,0.070398292496218,SPAG9;GGA1;TRAPPC10;SGSM2;SNX5
GO_Biological_Process_2023,Regulation Of Inflammatory Response (GO:0050727),15/240,0.8946908531974688,0.9865598000230752,0,0,0.7430034828928498,0.082679225164465,IL37;PLA2G7;MMP9;MAPK13;ACE2;AIM2;MDK;TNFSF4;CASP4;NAPEPLD;SAA1;ENPP3;SMPDL3B;PTGES;TRIM45
GO_Biological_Process_2023,Protein Localization (GO:0008104),23/351,0.8954732721818074,0.9865598000230752,0,0,0.7809133912833878,0.0862151067454061,CEP68;NPM1;COPA;TMED10;ARL14;SAR1B;ATP8B1;SYNRG;PDCD6;NR0B1;MYO7A;PEX13;BICD1;GGA1;AHI1;AKAP10;AKAP11;CTTN;HOOK1;MARVELD3;SCG5;TIMM17A;RAB18
GO_Biological_Process_2023,Negative Regulation Of Cell Growth (GO:0030308),7/125,0.8964044139513933,0.9865598000230752,0,0,0.6617944332141191,0.0723762302668134,CDA;CYP27B1;FLCN;SMAD4;CDKN2A;ST20;ENO1
GO_Biological_Process_2023,Response To Insulin (GO:0032868),4/79,0.8977297873130509,0.9865598000230752,0,0,0.5952950752950753,0.0642241003105107,CEACAM1;SLC2A1;TRIB3;OGT
GO_Biological_Process_2023,Regulation Of Cell Growth (GO:0001558),14/227,0.8983777506002545,0.9865598000230752,0,0,0.732573162150627,0.078505940255971,CDA;SMAD4;DCUN1D5;CDKN2A;MAPKAP1;KIF14;ENO1;TGFBR1;CYP27B1;FLCN;CEACAM1;ST20;PAK6;PRSS2
GO_Biological_Process_2023,Phosphatidylinositol Metabolic Process (GO:0046488),3/63,0.8995253592548632,0.9865598000230752,0,0,0.5582062233068944,0.0591073592045144,INPP4B;LPGAT1;SYNJ2
GO_Biological_Process_2023,Cellular Response To Starvation (GO:0009267),7/126,0.9008061711570732,0.9865598000230752,0,0,0.6561971577621875,0.0685497482090785,FLCN;PRKAA1;AOC1;PMAIP1;ASNS;HNRNPA1;XPR1
GO_Biological_Process_2023,Protein-Containing Complex Organization (GO:0043933),7/126,0.9008061711570732,0.9865598000230752,0,0,0.6561971577621875,0.0685497482090785,VIL1;FGB;NDC1;FGA;SLC2A1;KNTC1;IL1RAP
GO_Biological_Process_2023,Positive Regulation Of Blood Vessel Endothelial Cell Migration (GO:0043536),2/46,0.9008636304734744,0.9865598000230752,0,0,0.5075942350332594,0.0529935418430016,SRPX2;PRKCA
GO_Biological_Process_2023,Response To Glucose (GO:0009749),2/46,0.9008636304734744,0.9865598000230752,0,0,0.5075942350332594,0.0529935418430016,PRKAA1;SOX4
GO_Biological_Process_2023,GPI Anchor Metabolic Process (GO:0006505),1/27,0.9011905094280738,0.9865598000230752,0,0,0.4296629634838044,0.0447015338449486,PIGM
GO_Biological_Process_2023,Cellular Response To Acid Chemical (GO:0071229),1/27,0.9011905094280738,0.9865598000230752,0,0,0.4296629634838044,0.0447015338449486,SLC38A9
GO_Biological_Process_2023,Cellular Response To Epidermal Growth Factor Stimulus (GO:0071364),1/27,0.9011905094280738,0.9865598000230752,0,0,0.4296629634838044,0.0447015338449486,VIL1
GO_Biological_Process_2023,Cortical Cytoskeleton Organization (GO:0030865),1/27,0.9011905094280738,0.9865598000230752,0,0,0.4296629634838044,0.0447015338449486,DLG1
GO_Biological_Process_2023,Dorsal/Ventral Pattern Formation (GO:0009953),1/27,0.9011905094280738,0.9865598000230752,0,0,0.4296629634838044,0.0447015338449486,GREM1
GO_Biological_Process_2023,Iron-Sulfur Cluster Assembly (GO:0016226),1/27,0.9011905094280738,0.9865598000230752,0,0,0.4296629634838044,0.0447015338449486,BOLA2
GO_Biological_Process_2023,Metallo-Sulfur Cluster Assembly (GO:0031163),1/27,0.9011905094280738,0.9865598000230752,0,0,0.4296629634838044,0.0447015338449486,BOLA2
GO_Biological_Process_2023,Negative Regulation Of NIK/NF-kappaB Signaling (GO:1901223),1/27,0.9011905094280738,0.9865598000230752,0,0,0.4296629634838044,0.0447015338449486,TSPAN6
GO_Biological_Process_2023,Negative Regulation Of Notch Signaling Pathway (GO:0045746),1/27,0.9011905094280738,0.9865598000230752,0,0,0.4296629634838044,0.0447015338449486,METTL3
GO_Biological_Process_2023,Negative Regulation Of Cellular Response To Insulin Stimulus (GO:1900077),1/27,0.9011905094280738,0.9865598000230752,0,0,0.4296629634838044,0.0447015338449486,GRB14
GO_Biological_Process_2023,Phospholipid Biosynthetic Process (GO:0008654),1/27,0.9011905094280738,0.9865598000230752,0,0,0.4296629634838044,0.0447015338449486,SRD5A3
GO_Biological_Process_2023,Positive Regulation Of Calcium Ion Transmembrane Transporter Activity (GO:1901021),1/27,0.9011905094280738,0.9865598000230752,0,0,0.4296629634838044,0.0447015338449486,VMP1
GO_Biological_Process_2023,Regulation Of Actin Polymerization Or Depolymerization (GO:0008064),1/27,0.9011905094280738,0.9865598000230752,0,0,0.4296629634838044,0.0447015338449486,PFN2
GO_Biological_Process_2023,Regulation Of Androgen Receptor Signaling Pathway (GO:0060765),1/27,0.9011905094280738,0.9865598000230752,0,0,0.4296629634838044,0.0447015338449486,KDM4C
GO_Biological_Process_2023,Regulation Of Insulin Secretion Involved In Cellular Response To Glucose Stimulus (GO:0061178),1/27,0.9011905094280738,0.9865598000230752,0,0,0.4296629634838044,0.0447015338449486,EFNA5
GO_Biological_Process_2023,Positive Regulation Of Transcription By RNA Polymerase II (GO:0045944),67/938,0.9017055679021896,0.9865598000230752,0,0,0.8540659340659341,0.0883678395106915,FOXA1;MESP1;EHF;ZMYND8;HNF4G;SIX1;FOXM1;HOXC10;PAGR1;SOX2;IL4I1;FLCN;CREB3L4;NFATC2IP;TNFSF11;MYBL2;PITX2;SOX4;HTATIP2;ACTR2;CKAP2;ETV4;RUNX2;MMP12;CCNA2;GREM1;TOX3;KAT2A;ELF3;IRF7;ZNF750;UHRF1;TWIST1;ASCL1;CYP27B1;EPCAM;DHX36;E2F3;RREB1;E2F8;BPTF;TFAP2A;NPM1;TFAP2C;SMAD4;JUP;NFYA;STAT1;MACC1;ATAD2;HMGA1;LIF;LARP7;HMGA2;GRHL1;GRHL2;ELL3;AHI1;FUBP3;PRKRA;ASXL2;F2RL1;ATM;TCF3;CDK13;OGT;FOXA3
GO_Biological_Process_2023,Glycoprotein Biosynthetic Process (GO:0009101),4/80,0.903069111615223,0.9865598000230752,0,0,0.5874301137459033,0.0598921380092745,B3GALNT2;ST6GALNAC1;PDCD6;FUT2
GO_Biological_Process_2023,Response To Type II Interferon (GO:0034341),4/80,0.903069111615223,0.9865598000230752,0,0,0.5874301137459033,0.0598921380092745,CYP27B1;CCL20;STAT1;SLC26A6
GO_Biological_Process_2023,Regulation Of Protein Metabolic Process (GO:0051246),5/96,0.903766021912782,0.9865598000230752,0,0,0.6131223693838233,0.062038650470417,RPL10;UHRF1;MSI2;PKP3;FAM83D
GO_Biological_Process_2023,Protein Transport (GO:0015031),20/313,0.9046041554707126,0.9865598000230752,0,0,0.7602378557631205,0.0762197963632996,NDC1;NPM1;COPA;TMED10;ARL14;SAR1B;SYNRG;PDCD6;ABCA12;PDIA4;VMP1;GGA1;GOLGA4;CENPF;KRT18;CTTN;SCG5;TIMM17A;RAB18;RAMP1
GO_Biological_Process_2023,Protein Localization To Cell Periphery (GO:1990778),8/142,0.9050461780811102,0.9865598000230752,0,0,0.6658506731946144,0.0664314629467665,DLG1;JUP;CDH1;TESC;PKP2;WDR72;PKP3;RAMP1
GO_Biological_Process_2023,Cytosolic Transport (GO:0016482),7/127,0.9050477842731074,0.9865598000230752,0,0,0.6506931702344546,0.0649180545298886,SPAG9;GGA1;CCDC91;KIF16B;HOOK1;VPS13C;SNX5
GO_Biological_Process_2023,Regulation Of Response To External Stimulus (GO:0032101),7/127,0.9050477842731074,0.9865598000230752,0,0,0.6506931702344546,0.0649180545298886,IL37;TNFSF4;CASP4;F2RL1;EPHB2;LRP8;PTGES
GO_Biological_Process_2023,Endocytic Recycling (GO:0032456),3/64,0.9053321562396356,0.9865598000230752,0,0,0.5490252953120155,0.054602420857408,DENND1B;DENND1A;RAB11FIP3
GO_Biological_Process_2023,Negative Regulation Of Cell Death (GO:0060548),3/64,0.9053321562396356,0.9865598000230752,0,0,0.5490252953120155,0.054602420857408,BNIP3;CHMP4C;SORL1
GO_Biological_Process_2023,Negative Regulation Of Defense Response (GO:0031348),6/112,0.906027595077973,0.9865598000230752,0,0,0.6314988236379573,0.0623197867965048,PCBP2;SAA1;ENPP3;SMPDL3B;AURKB;TRIM45
GO_Biological_Process_2023,Protein Deubiquitination (GO:0016579),6/112,0.906027595077973,0.9865598000230752,0,0,0.6314988236379573,0.0623197867965048,DEPDC1B;UCHL1;SHMT2;USP34;CDK1;UCHL5
GO_Biological_Process_2023,Generation Of Neurons (GO:0048699),10/172,0.9068849448301788,0.9865598000230752,0,0,0.6882413459210844,0.0672684953556441,NELL1;TUBB2B;RACGAP1;SIX4;SIX1;ASCL1;PEX13;RUNX2;CIT;CDK5R1
GO_Biological_Process_2023,Cognition (GO:0050890),2/47,0.9074254093961948,0.9865598000230752,0,0,0.4962872628726287,0.0482112850616786,NSUN5;TMPRSS11E
GO_Biological_Process_2023,Insulin Receptor Signaling Pathway (GO:0008286),2/47,0.9074254093961948,0.9865598000230752,0,0,0.4962872628726287,0.0482112850616786,GRB14;IDE
GO_Biological_Process_2023,Negative Regulation Of Tumor Necrosis Factor Production (GO:0032720),2/47,0.9074254093961948,0.9865598000230752,0,0,0.4962872628726287,0.0482112850616786,ARG2;IL37
GO_Biological_Process_2023,Positive Regulation Of TOR Signaling (GO:0032008),2/47,0.9074254093961948,0.9865598000230752,0,0,0.4962872628726287,0.0482112850616786,FLCN;SLC38A9
GO_Biological_Process_2023,Positive Regulation Of Smooth Muscle Cell Proliferation (GO:0048661),2/47,0.9074254093961948,0.9865598000230752,0,0,0.4962872628726287,0.0482112850616786,STAT1;MMP9
GO_Biological_Process_2023,Protein Monoubiquitination (GO:0006513),2/47,0.9074254093961948,0.9865598000230752,0,0,0.4962872628726287,0.0482112850616786,UHRF1;UBE2T
GO_Biological_Process_2023,Cellular Response To Interleukin-1 (GO:0071347),4/81,0.9081603079879992,0.9865598000230752,0,0,0.5797694369122941,0.0558517207348498,IRAK1;CCL20;IL1RAP;MAPK13
GO_Biological_Process_2023,Positive Regulation Of Growth (GO:0045927),4/81,0.9081603079879992,0.9865598000230752,0,0,0.5797694369122941,0.0558517207348498,MAPKAP1;AGR2;PRSS2;TGFBR1
GO_Biological_Process_2023,Regulation Of Defense Response (GO:0031347),5/97,0.908440232861448,0.9865598000230752,0,0,0.6064247961541526,0.0582326565856622,IL37;TNFSF4;CASP4;LRP8;PTGES
GO_Biological_Process_2023,RNA Phosphodiester Bond Hydrolysis (GO:0090501),1/28,0.90931358430737,0.9865598000230752,0,0,0.4137269505947141,0.0393310630481202,ZC3H12D
GO_Biological_Process_2023,Antigen Processing And Presentation Of Peptide Antigen Via MHC Class II (GO:0002495),1/28,0.90931358430737,0.9865598000230752,0,0,0.4137269505947141,0.0393310630481202,CTSV
GO_Biological_Process_2023,Fatty Acid Derivative Biosynthetic Process (GO:1901570),1/28,0.90931358430737,0.9865598000230752,0,0,0.4137269505947141,0.0393310630481202,SLC27A2
GO_Biological_Process_2023,Hematopoietic Progenitor Cell Differentiation (GO:0002244),1/28,0.90931358430737,0.9865598000230752,0,0,0.4137269505947141,0.0393310630481202,MLLT3
GO_Biological_Process_2023,Membrane Fusion (GO:0061025),1/28,0.90931358430737,0.9865598000230752,0,0,0.4137269505947141,0.0393310630481202,SNAP23
GO_Biological_Process_2023,Mucosal Immune Response (GO:0002385),1/28,0.90931358430737,0.9865598000230752,0,0,0.4137269505947141,0.0393310630481202,LTF
GO_Biological_Process_2023,Negative Regulation Of Cation Channel Activity (GO:2001258),1/28,0.90931358430737,0.9865598000230752,0,0,0.4137269505947141,0.0393310630481202,MMP9
GO_Biological_Process_2023,Negative Regulation Of Type II Interferon Production (GO:0032689),1/28,0.90931358430737,0.9865598000230752,0,0,0.4137269505947141,0.0393310630481202,TNFSF4
GO_Biological_Process_2023,"Nuclear-Transcribed mRNA Catabolic Process, Nonsense-Mediated Decay (GO:0000184)",1/28,0.90931358430737,0.9865598000230752,0,0,0.4137269505947141,0.0393310630481202,GSPT1
GO_Biological_Process_2023,Positive Regulation Of Defense Response To Virus By Host (GO:0002230),1/28,0.90931358430737,0.9865598000230752,0,0,0.4137269505947141,0.0393310630481202,STAT1
GO_Biological_Process_2023,Positive Regulation Of Fibroblast Proliferation (GO:0048146),1/28,0.90931358430737,0.9865598000230752,0,0,0.4137269505947141,0.0393310630481202,S100A6
GO_Biological_Process_2023,Regulation Of Chemotaxis (GO:0050920),1/28,0.90931358430737,0.9865598000230752,0,0,0.4137269505947141,0.0393310630481202,F2RL1
GO_Biological_Process_2023,Regulation Of Lipid Biosynthetic Process (GO:0046890),1/28,0.90931358430737,0.9865598000230752,0,0,0.4137269505947141,0.0393310630481202,CEACAM1
GO_Biological_Process_2023,Regulation Of Monoatomic Ion Transport (GO:0043269),1/28,0.90931358430737,0.9865598000230752,0,0,0.4137269505947141,0.0393310630481202,CLDN10
GO_Biological_Process_2023,Regulation Of Nitric-Oxide Synthase Activity (GO:0050999),1/28,0.90931358430737,0.9865598000230752,0,0,0.4137269505947141,0.0393310630481202,DHFR
GO_Biological_Process_2023,Regulation Of Plasma Membrane Bounded Cell Projection Organization (GO:0120035),1/28,0.90931358430737,0.9865598000230752,0,0,0.4137269505947141,0.0393310630481202,CCDC88A
GO_Biological_Process_2023,Regulation Of Protein Targeting To Membrane (GO:0090313),1/28,0.90931358430737,0.9865598000230752,0,0,0.4137269505947141,0.0393310630481202,CEMIP
GO_Biological_Process_2023,Regulation Of Protein Transport (GO:0051223),1/28,0.90931358430737,0.9865598000230752,0,0,0.4137269505947141,0.0393310630481202,SAA1
GO_Biological_Process_2023,Sterol Biosynthetic Process (GO:0016126),1/28,0.90931358430737,0.9865598000230752,0,0,0.4137269505947141,0.0393310630481202,FDFT1
GO_Biological_Process_2023,Regulation Of Nucleic Acid-Templated Transcription (GO:1903506),30/452,0.909646610345539,0.986631101611926,0,0,0.7909870285653805,0.0749057558998941,CRABP2;SIX1;BRCA2;SOX2;HINT1;RBBP4;ZNF280B;NSD1;PAK6;GPBP1L1;RREB1;SOX4;BPTF;HES6;NFYA;FUS;ZNF281;HMGA1;RHOH;HMGA2;TGFBR1;KAT2A;GON4L;HNRNPD;GTF2IRD1;ZNF117;TCF3;EZH2;ZNF431;PHF19
GO_Biological_Process_2023,Autophagosome Assembly (GO:0000045),3/65,0.9108334735051232,0.9876281876343742,0,0,0.5401405262847133,0.0504465290805836,VMP1;ATG16L1;ATP2A2
GO_Biological_Process_2023,Cellular Response To Mechanical Stimulus (GO:0071260),2/48,0.9135787759648244,0.9877720457817138,0,0,0.4854718981972428,0.043879703543096,BNIP3;CHEK1
GO_Biological_Process_2023,Myelination (GO:0042552),2/48,0.9135787759648244,0.9877720457817138,0,0,0.4854718981972428,0.043879703543096,TNFRSF21;BCAS1
GO_Biological_Process_2023,Protein Modification By Small Protein Removal (GO:0070646),6/114,0.9144289190465574,0.9877720457817138,0,0,0.61973648465091,0.0554388623555538,DEPDC1B;HINT1;UCHL1;USP34;CDK1;UCHL5
GO_Biological_Process_2023,Cellular Response To Type II Interferon (GO:0071346),3/66,0.9160427727966638,0.9877720457817138,0,0,0.531537813417008,0.0466117309816233,CCL20;STAT1;SLC26A6
GO_Biological_Process_2023,Regulation Of Endocytosis (GO:0030100),3/66,0.9160427727966638,0.9877720457817138,0,0,0.531537813417008,0.0466117309816233,LGALS3;ZFYVE16;SYK
GO_Biological_Process_2023,Response To Reactive Oxygen Species (GO:0000302),3/66,0.9160427727966638,0.9877720457817138,0,0,0.531537813417008,0.0466117309816233,ATM;MMP9;PEX13
GO_Biological_Process_2023,JNK Cascade (GO:0007254),1/29,0.9167692237088126,0.9877720457817138,0,0,0.3989292243405589,0.0346667512628082,MAP3K13
GO_Biological_Process_2023,RNA Biosynthetic Process (GO:0032774),1/29,0.9167692237088126,0.9877720457817138,0,0,0.3989292243405589,0.0346667512628082,PRIM2
GO_Biological_Process_2023,RNA-mediated Gene Silencing (GO:0031047),1/29,0.9167692237088126,0.9877720457817138,0,0,0.3989292243405589,0.0346667512628082,CNOT7
GO_Biological_Process_2023,Alpha-Amino Acid Catabolic Process (GO:1901606),1/29,0.9167692237088126,0.9877720457817138,0,0,0.3989292243405589,0.0346667512628082,IL4I1
GO_Biological_Process_2023,Cardiac Muscle Cell Action Potential (GO:0086001),1/29,0.9167692237088126,0.9877720457817138,0,0,0.3989292243405589,0.0346667512628082,PKP2
GO_Biological_Process_2023,Defense Response To Fungus (GO:0050832),1/29,0.9167692237088126,0.9877720457817138,0,0,0.3989292243405589,0.0346667512628082,LTF
GO_Biological_Process_2023,Integrated Stress Response Signaling (GO:0140467),1/29,0.9167692237088126,0.9877720457817138,0,0,0.3989292243405589,0.0346667512628082,NFE2L3
GO_Biological_Process_2023,Multivesicular Body Assembly (GO:0036258),1/29,0.9167692237088126,0.9877720457817138,0,0,0.3989292243405589,0.0346667512628082,CHMP4C
GO_Biological_Process_2023,Negative Regulation Of DNA Binding (GO:0043392),1/29,0.9167692237088126,0.9877720457817138,0,0,0.3989292243405589,0.0346667512628082,HMGA2
GO_Biological_Process_2023,Positive Regulation Of Calcium Ion Transport (GO:0051928),1/29,0.9167692237088126,0.9877720457817138,0,0,0.3989292243405589,0.0346667512628082,LGALS3
GO_Biological_Process_2023,Positive Regulation Of Dephosphorylation (GO:0035306),1/29,0.9167692237088126,0.9877720457817138,0,0,0.3989292243405589,0.0346667512628082,CDCA2
GO_Biological_Process_2023,Positive Regulation Of Endopeptidase Activity (GO:0010950),1/29,0.9167692237088126,0.9877720457817138,0,0,0.3989292243405589,0.0346667512628082,AIM2
GO_Biological_Process_2023,Protein Acetylation (GO:0006473),1/29,0.9167692237088126,0.9877720457817138,0,0,0.3989292243405589,0.0346667512628082,DSCC1
GO_Biological_Process_2023,Regulation Of Monoatomic Ion Transmembrane Transport (GO:0034765),1/29,0.9167692237088126,0.9877720457817138,0,0,0.3989292243405589,0.0346667512628082,WNK1
GO_Biological_Process_2023,Regulation Of Striated Muscle Contraction (GO:0006942),1/29,0.9167692237088126,0.9877720457817138,0,0,0.3989292243405589,0.0346667512628082,RNF207
GO_Biological_Process_2023,Transmembrane Receptor Protein Serine/Threonine Kinase Signaling Pathway (GO:0007178),7/130,0.916853706000583,0.9877720457817138,0,0,0.6347181820442057,0.0550982064862754,SMAD4;COL3A1;COL1A2;FNTA;RUNX2;PTK2;TGFBR1
GO_Biological_Process_2023,Regulation Of NIK/NF-kappaB Signaling (GO:1901222),4/83,0.9176348683730138,0.988325152951501,0,0,0.5650299068020587,0.0485675492706972,DLG1;IRAK1;TSPAN6;CD27
GO_Biological_Process_2023,Autophagy Of Mitochondrion (GO:0000422),2/49,0.9193465121355135,0.9887261003182344,0,0,0.4751167618059159,0.0399536015119332,BNIP3;OGT
GO_Biological_Process_2023,Fatty Acid Beta-Oxidation (GO:0006635),2/49,0.9193465121355135,0.9887261003182344,0,0,0.4751167618059159,0.0399536015119332,DECR2;SLC27A2
GO_Biological_Process_2023,Heterophilic Cell-Cell Adhesion Via Plasma Membrane Cell Adhesion Molecules (GO:0007157),2/49,0.9193465121355135,0.9887261003182344,0,0,0.4751167618059159,0.0399536015119332,TENM4;CEACAM5
GO_Biological_Process_2023,Interferon-Mediated Signaling Pathway (GO:0140888),2/49,0.9193465121355135,0.9887261003182344,0,0,0.4751167618059159,0.0399536015119332,IRAK1;STAT1
GO_Biological_Process_2023,Proton Transmembrane Transport (GO:1902600),2/49,0.9193465121355135,0.9887261003182344,0,0,0.4751167618059159,0.0399536015119332,SLC4A11;ATP6V0A4
GO_Biological_Process_2023,Positive Regulation Of Cellular Catabolic Process (GO:0031331),8/146,0.9197884071428089,0.9889131985913506,0,0,0.6464087417735441,0.0540472870122649,FLCN;PRKAA1;PNPT1;CNOT7;BNIP3;TWIST1;ADAM8;PIM2
GO_Biological_Process_2023,Regulation Of Neurogenesis (GO:0050767),3/67,0.9209731609181464,0.988996345066968,0,0,0.5232039353264185,0.0430724418868225,HES6;ASCL1;SORL1
GO_Biological_Process_2023,Regulation Of Viral Genome Replication (GO:0045069),3/67,0.9209731609181464,0.988996345066968,0,0,0.5232039353264185,0.0430724418868225,CNOT7;LTF;SRPK1
GO_Biological_Process_2023,Dephosphorylation (GO:0016311),8/147,0.9231506668487316,0.988996345066968,0,0,0.6417230964310559,0.0513139895909825,DUSP4;PTPN18;ACP6;PPP2R5C;PTPRH;SGPP2;PSPH;CDC14B
GO_Biological_Process_2023,GPI Anchor Biosynthetic Process (GO:0006506),1/30,0.9236122368896588,0.988996345066968,0,0,0.3851520309315178,0.0306053175264558,PIGM
GO_Biological_Process_2023,Multivesicular Body Organization (GO:0036257),1/30,0.9236122368896588,0.988996345066968,0,0,0.3851520309315178,0.0306053175264558,CHMP4C
GO_Biological_Process_2023,Negative Regulation Of Axon Extension (GO:0030517),1/30,0.9236122368896588,0.988996345066968,0,0,0.3851520309315178,0.0306053175264558,SEMA4B
GO_Biological_Process_2023,Negative Regulation Of Interleukin-1 Production (GO:0032692),1/30,0.9236122368896588,0.988996345066968,0,0,0.3851520309315178,0.0306053175264558,CEACAM1
GO_Biological_Process_2023,Negative Regulation Of Myeloid Leukocyte Differentiation (GO:0002762),1/30,0.9236122368896588,0.988996345066968,0,0,0.3851520309315178,0.0306053175264558,CEACAM1
GO_Biological_Process_2023,Positive Regulation Of Protein Targeting To Mitochondrion (GO:1903955),1/30,0.9236122368896588,0.988996345066968,0,0,0.3851520309315178,0.0306053175264558,PDCD5
GO_Biological_Process_2023,Regulation Of Cell Migration Involved In Sprouting Angiogenesis (GO:0090049),1/30,0.9236122368896588,0.988996345066968,0,0,0.3851520309315178,0.0306053175264558,SRPX2
GO_Biological_Process_2023,Regulation Of Potassium Ion Transport (GO:0043266),1/30,0.9236122368896588,0.988996345066968,0,0,0.3851520309315178,0.0306053175264558,DLG1
GO_Biological_Process_2023,Response To Amino Acid (GO:0043200),1/30,0.9236122368896588,0.988996345066968,0,0,0.3851520309315178,0.0306053175264558,SLC38A9
GO_Biological_Process_2023,Response To Epidermal Growth Factor (GO:0070849),1/30,0.9236122368896588,0.988996345066968,0,0,0.3851520309315178,0.0306053175264558,VIL1
GO_Biological_Process_2023,Protein Localization To Membrane (GO:0072657),11/192,0.924070833790206,0.988996345066968,0,0,0.6773019975542917,0.0534842022802184,DLG1;JUP;NUP155;CDH1;TESC;PKP2;WDR72;BRAF;PKP3;THY1;RAMP1
GO_Biological_Process_2023,Positive Regulation Of Cell Death (GO:0010942),2/50,0.9247504144580396,0.988996345066968,0,0,0.4651930894308943,0.0363927066964166,BNIP3;HTATIP2
GO_Biological_Process_2023,Cellular Response To Molecule Of Bacterial Origin (GO:0071219),6/117,0.9258036448144058,0.988996345066968,0,0,0.6028877288045992,0.0464784920790092,CXCL6;PABPN1;IL37;TNFSF4;CD180;CXCL13
GO_Biological_Process_2023,Cellular Respiration (GO:0045333),4/85,0.9262249909312033,0.988996345066968,0,0,0.5510182547219584,0.0422289938046387,MTFR1;MTFR2;UQCRC2;SLC25A13
GO_Biological_Process_2023,Positive Regulation Of Endothelial Cell Migration (GO:0010595),4/85,0.9262249909312033,0.988996345066968,0,0,0.5510182547219584,0.0422289938046387,NELL1;EGF;PDCD6;PRKCA
GO_Biological_Process_2023,Response To Interleukin-1 (GO:0070555),4/85,0.9262249909312033,0.988996345066968,0,0,0.5510182547219584,0.0422289938046387,IRAK1;CCL20;PRKCA;MAPK13
GO_Biological_Process_2023,Organelle Assembly (GO:0070925),20/322,0.926889658261386,0.988996345066968,0,0,0.7372142967965312,0.0559698634313822,PLK4;OFD1;ACTR2;ABCB6;DNAH5;HPS1;HPS3;ATP2A2;IFT80;TTC39C;HSPB11;CDC14B;VMP1;AHI1;ATG16L1;GORASP2;WDR90;CHMP4C;AP1S1;HYLS1
GO_Biological_Process_2023,Regulation Of Signal Transduction (GO:0009966),11/193,0.9269177460663888,0.988996345066968,0,0,0.6735435012565607,0.0511155185112159,NELL1;IGFBPL1;IRAK1;DOK5;IGFBP3;MZB1;CD24;CDK13;SULF1;RGS8;OGT
GO_Biological_Process_2023,Positive Regulation Of Cell Projection Organization (GO:0031346),6/118,0.929288223711922,0.988996345066968,0,0,0.5974720572825707,0.0438164119693128,CAMK1D;MDK;PTK6;MAP3K13;CBFA2T2;PROM2
GO_Biological_Process_2023,SMAD Protein Signal Transduction (GO:0060395),2/51,0.9298113023058324,0.988996345066968,0,0,0.4556744649079144,0.0331610776955976,SMAD4;RUNX2
GO_Biological_Process_2023,Cholesterol Transport (GO:0030301),2/51,0.9298113023058324,0.988996345066968,0,0,0.4556744649079144,0.0331610776955976,AKR1C1;OSBPL2
GO_Biological_Process_2023,Regulation Of Smoothened Signaling Pathway (GO:0008589),2/51,0.9298113023058324,0.988996345066968,0,0,0.4556744649079144,0.0331610776955976,DLG5;UCHL5
GO_Biological_Process_2023,Antigen Processing And Presentation Of Exogenous Peptide Antigen (GO:0002478),1/31,0.9298929346684784,0.988996345066968,0,0,0.3722933170830794,0.0270604463262374,CTSV
GO_Biological_Process_2023,Cardiac Muscle Tissue Morphogenesis (GO:0055008),1/31,0.9298929346684784,0.988996345066968,0,0,0.3722933170830794,0.0270604463262374,PKP2
GO_Biological_Process_2023,Negative Chemotaxis (GO:0050919),1/31,0.9298929346684784,0.988996345066968,0,0,0.3722933170830794,0.0270604463262374,SEMA4B
GO_Biological_Process_2023,Negative Regulation Of Chemotaxis (GO:0050922),1/31,0.9298929346684784,0.988996345066968,0,0,0.3722933170830794,0.0270604463262374,SEMA4B
GO_Biological_Process_2023,Negative Regulation Of Intracellular Steroid Hormone Receptor Signaling Pathway (GO:0033144),1/31,0.9298929346684784,0.988996345066968,0,0,0.3722933170830794,0.0270604463262374,NR0B1
GO_Biological_Process_2023,Positive Regulation Of Extrinsic Apoptotic Signaling Pathway (GO:2001238),1/31,0.9298929346684784,0.988996345066968,0,0,0.3722933170830794,0.0270604463262374,PMAIP1
GO_Biological_Process_2023,Positive Regulation Of Glucose Transmembrane Transport (GO:0010828),1/31,0.9298929346684784,0.988996345066968,0,0,0.3722933170830794,0.0270604463262374,BRAF
GO_Biological_Process_2023,Regulation Of Protein Autophosphorylation (GO:0031952),1/31,0.9298929346684784,0.988996345066968,0,0,0.3722933170830794,0.0270604463262374,TOM1L1
GO_Biological_Process_2023,Regulation Of Protein Localization To Cell Surface (GO:2000008),1/31,0.9298929346684784,0.988996345066968,0,0,0.3722933170830794,0.0270604463262374,EGF
GO_Biological_Process_2023,Regulation Of Response To Biotic Stimulus (GO:0002831),1/31,0.9298929346684784,0.988996345066968,0,0,0.3722933170830794,0.0270604463262374,LRP8
GO_Biological_Process_2023,Response To Estradiol (GO:0032355),1/31,0.9298929346684784,0.988996345066968,0,0,0.3722933170830794,0.0270604463262374,FOXA1
GO_Biological_Process_2023,Phospholipid Metabolic Process (GO:0006644),3/69,0.9300477685525458,0.988996345066968,0,0,0.5072938044262022,0.03678860687047,ACP6;PLD1;FDFT1
GO_Biological_Process_2023,Positive Regulation Of Phosphatidylinositol 3-Kinase Signaling (GO:0014068),3/69,0.9300477685525458,0.988996345066968,0,0,0.5072938044262022,0.03678860687047,EGF;F2RL1;PTK2
GO_Biological_Process_2023,Glucose Homeostasis (GO:0042593),4/87,0.933999365270167,0.990964656323992,0,0,0.5376818629830677,0.0367126596977365,PRKAA1;HKDC1;SOX4;FOXA3
GO_Biological_Process_2023,Sulfur Compound Biosynthetic Process (GO:0044272),3/70,0.9342163052152064,0.990964656323992,0,0,0.4996949359365467,0.0340028799210411,UGDH;CHPF2;B3GNT3
GO_Biological_Process_2023,Adenylate Cyclase-Inhibiting G Protein-Coupled Receptor Signaling Pathway (GO:0007193),2/52,0.9345490314944932,0.990964656323992,0,0,0.4465365853658536,0.0302265907450261,GABBR1;GPR37
GO_Biological_Process_2023,Fatty Acid Oxidation (GO:0019395),2/52,0.9345490314944932,0.990964656323992,0,0,0.4465365853658536,0.0302265907450261,SLC27A2;PEX13
GO_Biological_Process_2023,Regulation Of Peptide Hormone Secretion (GO:0090276),2/52,0.9345490314944932,0.990964656323992,0,0,0.4465365853658536,0.0302265907450261,FGB;FGA
GO_Biological_Process_2023,Regulation Of Proteolysis (GO:0030162),2/52,0.9345490314944932,0.990964656323992,0,0,0.4465365853658536,0.0302265907450261,ASPH;OGT
GO_Biological_Process_2023,Glycosphingolipid Metabolic Process (GO:0006687),1/32,0.9356574985882178,0.990964656323992,0,0,0.3602641976764758,0.0239596549964551,UGT8
GO_Biological_Process_2023,Negative Regulation Of G1/S Transition Of Mitotic Cell Cycle (GO:2000134),1/32,0.9356574985882178,0.990964656323992,0,0,0.3602641976764758,0.0239596549964551,DLG1
GO_Biological_Process_2023,Proteoglycan Biosynthetic Process (GO:0030166),1/32,0.9356574985882178,0.990964656323992,0,0,0.3602641976764758,0.0239596549964551,UGDH
GO_Biological_Process_2023,Regulation Of Calcium Ion Transmembrane Transporter Activity (GO:1901019),1/32,0.9356574985882178,0.990964656323992,0,0,0.3602641976764758,0.0239596549964551,PDE4D
GO_Biological_Process_2023,Regulation Of Transcription By RNA Polymerase I (GO:0006356),1/32,0.9356574985882178,0.990964656323992,0,0,0.3602641976764758,0.0239596549964551,HEATR1
GO_Biological_Process_2023,Regulation Of Transmembrane Transport (GO:0034762),1/32,0.9356574985882178,0.990964656323992,0,0,0.3602641976764758,0.0239596549964551,TRIB3
GO_Biological_Process_2023,Respiratory System Development (GO:0060541),1/32,0.9356574985882178,0.990964656323992,0,0,0.3602641976764758,0.0239596549964551,BASP1
GO_Biological_Process_2023,Very Long-Chain Fatty Acid Metabolic Process (GO:0000038),1/32,0.9356574985882178,0.990964656323992,0,0,0.3602641976764758,0.0239596549964551,SLC27A2
GO_Biological_Process_2023,Regulation Of Cytokine Production (GO:0001817),9/167,0.9374720110813076,0.9920930475796208,0,0,0.6348492717449441,0.0409911867542381,KAT2A;HILPDA;IRF7;SAA1;CCR7;IGF2BP3;VTCN1;LGR4;LTF
GO_Biological_Process_2023,Endosome Organization (GO:0007032),2/53,0.9389825118380056,0.9920930475796208,0,0,0.4377570540411286,0.0275604942996032,LAPTM4B;HOOK1
GO_Biological_Process_2023,Positive Regulation Of NIK/NF-kappaB Signaling (GO:1901224),2/53,0.9389825118380056,0.9920930475796208,0,0,0.4377570540411286,0.0275604942996032,IRAK1;CD27
GO_Biological_Process_2023,Potassium Ion Transmembrane Transport (GO:0071805),7/137,0.9395702248036744,0.9920930475796208,0,0,0.6003105151729005,0.037418984809088,KCNK5;SLC9A7;KCNE4;KCNQ3;KCNN4;KCNK1;SLC12A8
GO_Biological_Process_2023,Actin Filament Bundle Assembly (GO:0051017),1/33,0.9409483194819774,0.9920930475796208,0,0,0.3489868982327849,0.0212418070857299,BAIAP2L1
GO_Biological_Process_2023,Actin Filament Bundle Organization (GO:0061572),1/33,0.9409483194819774,0.9920930475796208,0,0,0.3489868982327849,0.0212418070857299,BAIAP2L1
GO_Biological_Process_2023,ncRNA Catabolic Process (GO:0034661),1/33,0.9409483194819774,0.9920930475796208,0,0,0.3489868982327849,0.0212418070857299,SLFN13
GO_Biological_Process_2023,Negative Regulation Of Blood Vessel Endothelial Cell Migration (GO:0043537),1/33,0.9409483194819774,0.9920930475796208,0,0,0.3489868982327849,0.0212418070857299,JUP
GO_Biological_Process_2023,Positive Regulation Of Notch Signaling Pathway (GO:0045747),1/33,0.9409483194819774,0.9920930475796208,0,0,0.3489868982327849,0.0212418070857299,MESP1
GO_Biological_Process_2023,Positive Regulation Of T Cell Mediated Cytotoxicity (GO:0001916),1/33,0.9409483194819774,0.9920930475796208,0,0,0.3489868982327849,0.0212418070857299,MR1
GO_Biological_Process_2023,Positive Regulation Of Protein Dephosphorylation (GO:0035307),1/33,0.9409483194819774,0.9920930475796208,0,0,0.3489868982327849,0.0212418070857299,CDCA2
GO_Biological_Process_2023,Positive Regulation Of Reproductive Process (GO:2000243),1/33,0.9409483194819774,0.9920930475796208,0,0,0.3489868982327849,0.0212418070857299,APELA
GO_Biological_Process_2023,Regulation Of Lamellipodium Assembly (GO:0010591),1/33,0.9409483194819774,0.9920930475796208,0,0,0.3489868982327849,0.0212418070857299,ACTR2
GO_Biological_Process_2023,Regulation Of Protein Polymerization (GO:0032271),1/33,0.9409483194819774,0.9920930475796208,0,0,0.3489868982327849,0.0212418070857299,PFN2
GO_Biological_Process_2023,Regulation Of Sprouting Angiogenesis (GO:1903670),1/33,0.9409483194819774,0.9920930475796208,0,0,0.3489868982327849,0.0212418070857299,CEACAM1
GO_Biological_Process_2023,Positive Regulation Of Peptidyl-Serine Phosphorylation (GO:0033138),4/89,0.941023505710174,0.9920930475796208,0,0,0.5249730661495368,0.0319116218769293,PAK1;LIF;BRAF;PFN2
GO_Biological_Process_2023,Receptor-Mediated Endocytosis (GO:0006898),6/122,0.941822288869404,0.9924224137041892,0,0,0.576743107663772,0.0345692178086361,ACE2;SYK;CTTN;AP1S1;SORL1;RAMP1
GO_Biological_Process_2023,Cholesterol Homeostasis (GO:0042632),3/72,0.941873669792949,0.9924224137041892,0,0,0.4851579701302491,0.0290532590236371,DGAT2;AKR1C1;CD24
GO_Biological_Process_2023,Nucleosome Assembly (GO:0006334),2/54,0.943129728613641,0.9927193762014594,0,0,0.4293151969981238,0.0251370211523577,NPM1;RBBP4
GO_Biological_Process_2023,Regulation Of Blood Vessel Endothelial Cell Migration (GO:0043535),2/54,0.943129728613641,0.9927193762014594,0,0,0.4293151969981238,0.0251370211523577,JUP;PRKCA
GO_Biological_Process_2023,Positive Regulation Of Proteasomal Protein Catabolic Process (GO:1901800),4/90,0.9442737837492148,0.9927193762014594,0,0,0.5188403327938211,0.0297498531500466,CSNK1A1;CSNK1D;TRIB3;FBXO22
GO_Biological_Process_2023,Monoatomic Ion Transport (GO:0006811),5/107,0.945251623753436,0.9927193762014594,0,0,0.5466719369482674,0.0307798814690374,SLC9A7;WNK1;SLC20A1;SLC1A7;SLC26A6
GO_Biological_Process_2023,Positive Regulation Of Autophagy (GO:0010508),5/107,0.945251623753436,0.9927193762014594,0,0,0.5466719369482674,0.0307798814690374,FLCN;PRKAA1;BNIP3;TRIM13;PIM2
GO_Biological_Process_2023,Sterol Homeostasis (GO:0055092),3/73,0.9453844257638292,0.9927193762014594,0,0,0.4782009936372352,0.0268575058045224,DGAT2;AKR1C1;CD24
GO_Biological_Process_2023,Ubiquitin-Dependent ERAD Pathway (GO:0030433),3/73,0.9453844257638292,0.9927193762014594,0,0,0.4782009936372352,0.0268575058045224,DERL3;DNAJC10;TRIM13
GO_Biological_Process_2023,Cellular Response To Amyloid-Beta (GO:1904646),1/34,0.9458043086567484,0.9927193762014594,0,0,0.338393071482651,0.018855124289508,CASP4
GO_Biological_Process_2023,Cellular Response To Vascular Endothelial Growth Factor Stimulus (GO:0035924),1/34,0.9458043086567484,0.9927193762014594,0,0,0.338393071482651,0.018855124289508,NELL1
GO_Biological_Process_2023,Negative Regulation Of Interleukin-6 Production (GO:0032715),1/34,0.9458043086567484,0.9927193762014594,0,0,0.338393071482651,0.018855124289508,IL37
GO_Biological_Process_2023,Regulation Of calcineurin-NFAT Signaling Cascade (GO:0070884),1/34,0.9458043086567484,0.9927193762014594,0,0,0.338393071482651,0.018855124289508,FHL2
GO_Biological_Process_2023,Regulation Of Metal Ion Transport (GO:0010959),1/34,0.9458043086567484,0.9927193762014594,0,0,0.338393071482651,0.018855124289508,WNK1
GO_Biological_Process_2023,Smoothened Signaling Pathway (GO:0007224),1/34,0.9458043086567484,0.9927193762014594,0,0,0.338393071482651,0.018855124289508,STIL
GO_Biological_Process_2023,Cellular Response To Growth Factor Stimulus (GO:0071363),8/155,0.9459209011380474,0.9927193762014594,0,0,0.6065329436548181,0.0337210041416634,VIL1;NELL1;SMAD4;IBSP;PDCD5;RUNX2;TGFBR1;OVOL2
GO_Biological_Process_2023,Cellular Response To Fibroblast Growth Factor Stimulus (GO:0044344),2/55,0.947007766910772,0.9935166398767435,0,0,0.4211919005982513,0.0229330499634169,KIF16B;SHCBP1
GO_Biological_Process_2023,Plasma Membrane Bounded Cell Projection Assembly (GO:0120031),16/275,0.9472189259621406,0.9935166398767435,0,0,0.6876291156733961,0.0372867122423525,PLK4;OFD1;ACTR2;DNAH5;IFT80;TTC39C;HSPB11;CDC14B;CCDC88A;AHI1;NELL1;FGD6;WDR90;HYLS1;ARHGEF7;MAP4K4
GO_Biological_Process_2023,Positive Regulation Of Lymphocyte Proliferation (GO:0050671),3/74,0.9486971806265369,0.9947844584353828,0,0,0.4714399883130387,0.0248286813591658,CD38;EPHB2;SLC7A1
GO_Biological_Process_2023,Action Potential (GO:0001508),1/35,0.950261182833768,0.9950392160269332,0,0,0.3284224110119367,0.0167555868781797,KCNE4
GO_Biological_Process_2023,Cellular Response To Amino Acid Stimulus (GO:0071230),1/35,0.950261182833768,0.9950392160269332,0,0,0.3284224110119367,0.0167555868781797,SLC38A9
GO_Biological_Process_2023,Glutamate Receptor Signaling Pathway (GO:0007215),1/35,0.950261182833768,0.9950392160269332,0,0,0.3284224110119367,0.0167555868781797,CDK5R1
GO_Biological_Process_2023,Macrophage Activation (GO:0042116),1/35,0.950261182833768,0.9950392160269332,0,0,0.3284224110119367,0.0167555868781797,SYK
GO_Biological_Process_2023,Positive Regulation Of DNA-templated Transcription Initiation (GO:2000144),2/56,0.9506328380785204,0.9950392160269332,0,0,0.4133694670280036,0.0209278092920928,DHX36;TWIST1
GO_Biological_Process_2023,Regulation Of Wnt Signaling Pathway (GO:0030111),5/109,0.9507670980527716,0.9950392160269332,0,0,0.5361002772426108,0.0270656382521975,RNF43;SFRP4;DEPDC1B;SULF1;ATP6V1C2
GO_Biological_Process_2023,Cellular Response To Oxygen-Containing Compound (GO:1901701),25/406,0.9514652461596084,0.9950392160269332,0,0,0.7294948521045259,0.0362939141310504,CXCL6;PRKAA1;CPNE5;CPNE4;CXCL13;PABPN1;CDH1;DHX36;SLC38A9;ECT2;AOC1;SYT1;IL37;TESC;CD180;BRAF;PTK6;SYT13;PEX13;MMP9;TNFSF4;AKAP9;PPIF;ATM;SLC26A6
GO_Biological_Process_2023,Defense Response To Gram-negative Bacterium (GO:0050829),3/75,0.9518218976246984,0.9950392160269332,0,0,0.464866788692292,0.0229538873486626,IGHM;MR1;LTF
GO_Biological_Process_2023,Positive Regulation Of Intracellular Protein Transport (GO:0090316),6/126,0.9523330243404088,0.9950392160269332,0,0,0.5573960880195599,0.0272234979951344,CEMIP;JUP;CDH1;SAR1B;ECT2;SORL1
GO_Biological_Process_2023,Monoatomic Anion Transport (GO:0006820),2/57,0.9540203077464218,0.9950392160269332,0,0,0.4058314855875831,0.0191026182232243,ANO9;SLC26A6
GO_Biological_Process_2023,Positive Regulation Of Interleukin-1 Beta Production (GO:0032731),2/57,0.9540203077464218,0.9950392160269332,0,0,0.4058314855875831,0.0191026182232243,AIM2;F2RL1
GO_Biological_Process_2023,Regulation Of Transcription Initiation By RNA Polymerase II (GO:0060260),2/57,0.9540203077464218,0.9950392160269332,0,0,0.4058314855875831,0.0191026182232243,ZNF451;DHX36
GO_Biological_Process_2023,Negative Regulation Of Sequestering Of Calcium Ion (GO:0051283),1/36,0.9543517270809604,0.9950392160269332,0,0,0.3190215025681205,0.0149056380960453,CCR7
GO_Biological_Process_2023,Positive Regulation Of RNA Splicing (GO:0033120),1/36,0.9543517270809604,0.9950392160269332,0,0,0.3190215025681205,0.0149056380960453,TRA2A
GO_Biological_Process_2023,Positive Regulation Of Interferon-Beta Production (GO:0032728),1/36,0.9543517270809604,0.9950392160269332,0,0,0.3190215025681205,0.0149056380960453,IRF7
GO_Biological_Process_2023,Regulation Of Erythrocyte Differentiation (GO:0045646),1/36,0.9543517270809604,0.9950392160269332,0,0,0.3190215025681205,0.0149056380960453,STAT1
GO_Biological_Process_2023,Regulation Of Tumor Necrosis Factor Production (GO:0032680),6/127,0.9546777357362528,0.9950392160269332,0,0,0.5527591990139222,0.0256377703547689,ARG2;SYK;IL37;TWIST1;EPHB2;LTF
GO_Biological_Process_2023,Muscle Contraction (GO:0006936),4/94,0.9557003911806896,0.9950392160269332,0,0,0.4956722290055623,0.0224593118744566,ASPH;PABPN1;MYOF;ALDOA
GO_Biological_Process_2023,Memory (GO:0007613),2/58,0.9571847256789224,0.9950392160269332,0,0,0.3985627177700348,0.0174406582862294,KAT2A;NOL3
GO_Biological_Process_2023,Regulation Of Phagocytosis (GO:0050764),2/58,0.9571847256789224,0.9950392160269332,0,0,0.3985627177700348,0.0174406582862294,CAMK1D;SYK
GO_Biological_Process_2023,Negative Regulation Of Blood Vessel Morphogenesis (GO:2000181),3/77,0.9575451047172114,0.9950392160269332,0,0,0.4522533515822106,0.0196198594446414,STAT1;THBS2;SULF1
GO_Biological_Process_2023,Aortic Valve Morphogenesis (GO:0003180),1/37,0.95810603461385,0.9950392160269332,0,0,0.3101428668156273,0.0132731296311387,TWIST1
GO_Biological_Process_2023,Axonemal Dynein Complex Assembly (GO:0070286),1/37,0.95810603461385,0.9950392160269332,0,0,0.3101428668156273,0.0132731296311387,DNAH5
GO_Biological_Process_2023,Mitochondrion Disassembly (GO:0061726),1/37,0.95810603461385,0.9950392160269332,0,0,0.3101428668156273,0.0132731296311387,BNIP3
GO_Biological_Process_2023,Negative Regulation Of Endothelial Cell Migration (GO:0010596),1/37,0.95810603461385,0.9950392160269332,0,0,0.3101428668156273,0.0132731296311387,JUP
GO_Biological_Process_2023,Negative Regulation Of Smooth Muscle Cell Proliferation (GO:0048662),1/37,0.95810603461385,0.9950392160269332,0,0,0.3101428668156273,0.0132731296311387,IGFBP3
GO_Biological_Process_2023,Positive Regulation Of Immune Effector Process (GO:0002699),1/37,0.95810603461385,0.9950392160269332,0,0,0.3101428668156273,0.0132731296311387,TNFSF4
GO_Biological_Process_2023,Positive Regulation Of Receptor Signaling Pathway Via JAK-STAT (GO:0046427),1/37,0.95810603461385,0.9950392160269332,0,0,0.3101428668156273,0.0132731296311387,OCIAD2
GO_Biological_Process_2023,Positive Regulation Of Receptor Signaling Pathway Via STAT (GO:1904894),1/37,0.95810603461385,0.9950392160269332,0,0,0.3101428668156273,0.0132731296311387,OCIAD2
GO_Biological_Process_2023,Regulation Of Cellular Component Biogenesis (GO:0044087),1/37,0.95810603461385,0.9950392160269332,0,0,0.3101428668156273,0.0132731296311387,HJURP
GO_Biological_Process_2023,Regulation Of Defense Response To Virus By Host (GO:0050691),1/37,0.95810603461385,0.9950392160269332,0,0,0.3101428668156273,0.0132731296311387,STAT1
GO_Biological_Process_2023,Regulation Of Phosphoprotein Phosphatase Activity (GO:0043666),1/37,0.95810603461385,0.9950392160269332,0,0,0.3101428668156273,0.0132731296311387,PPP6R2
GO_Biological_Process_2023,Regulation Of Sodium Ion Transmembrane Transporter Activity (GO:2000649),1/37,0.95810603461385,0.9950392160269332,0,0,0.3101428668156273,0.0132731296311387,STK39
GO_Biological_Process_2023,Regulation Of Vascular Associated Smooth Muscle Cell Proliferation (GO:1904705),1/37,0.95810603461385,0.9950392160269332,0,0,0.3101428668156273,0.0132731296311387,MMP9
GO_Biological_Process_2023,DNA-templated Transcription Initiation (GO:0006352),2/59,0.9601398557408152,0.9951059591560528,0,0,0.3915489944373128,0.0159267730029977,E2F3;TFB2M
GO_Biological_Process_2023,Cilium Movement (GO:0003341),2/59,0.9601398557408152,0.9951059591560528,0,0,0.3915489944373128,0.0159267730029977,CABYR;DNAH5
GO_Biological_Process_2023,Protein Targeting To Mitochondrion (GO:0006626),2/59,0.9601398557408152,0.9951059591560528,0,0,0.3915489944373128,0.0159267730029977,TIMM17A;HSPD1
GO_Biological_Process_2023,Regulation Of miRNA Transcription (GO:1902893),2/59,0.9601398557408152,0.9951059591560528,0,0,0.3915489944373128,0.0159267730029977,FOXA1;GNL3
GO_Biological_Process_2023,Cellular Response To Nutrient Levels (GO:0031669),3/78,0.9601615713031304,0.9951059591560528,0,0,0.4461989017693715,0.0181396386313585,FLCN;PRKAA1;MAPKAP1
GO_Biological_Process_2023,Positive Regulation Of Tumor Necrosis Factor Production (GO:0032760),3/78,0.9601615713031304,0.9951059591560528,0,0,0.4461989017693715,0.0181396386313585,SYK;TWIST1;EPHB2
GO_Biological_Process_2023,Connective Tissue Development (GO:0061448),1/38,0.96155172806537,0.9951059591560528,0,0,0.3017441573200257,0.0118304578477855,SULF1
GO_Biological_Process_2023,Fatty Acid Transport (GO:0015908),1/38,0.96155172806537,0.9951059591560528,0,0,0.3017441573200257,0.0118304578477855,CRABP2
GO_Biological_Process_2023,mRNA Transcription By RNA Polymerase II (GO:0042789),1/38,0.96155172806537,0.9951059591560528,0,0,0.3017441573200257,0.0118304578477855,CYP27B1
GO_Biological_Process_2023,Signal Release From Synapse (GO:0099643),1/38,0.96155172806537,0.9951059591560528,0,0,0.3017441573200257,0.0118304578477855,SYT1
GO_Biological_Process_2023,Inorganic Cation Transmembrane Transport (GO:0098662),16/284,0.9616427866631092,0.9951059591560528,0,0,0.6642066420664207,0.0259785969138225,KCNK5;SLC41A2;SLC11A2;SLC39A11;SLC4A11;ATP2A2;SLC30A1;HTR3A;SLC9A7;KCNQ3;ATP6V0A4;TRPM8;SLC39A7;KCNN4;KCNK1;SLC39A4
GO_Biological_Process_2023,Negative Regulation Of Cellular Component Organization (GO:0051129),3/79,0.9626259676923214,0.9951059591560528,0,0,0.4403037795831862,0.0167713232474199,LGALS3;XRCC5;SORL1
GO_Biological_Process_2023,Vesicle Fusion (GO:0006906),3/79,0.9626259676923214,0.9951059591560528,0,0,0.4403037795831862,0.0167713232474199,VPS8;CHMP4C;VAMP1
GO_Biological_Process_2023,Regulation Of Protein Localization (GO:0032880),4/97,0.9628062164427356,0.9951059591560528,0,0,0.4796040279911248,0.0181784873298949,DLG1;PRKAA1;BORA;EGF
GO_Biological_Process_2023,Positive Regulation Of Phagocytosis (GO:0050766),2/60,0.9628987068785992,0.9951059591560528,0,0,0.3847771236333053,0.0145472909077059,CAMK1D;F2RL1
GO_Biological_Process_2023,Regulation Of Autophagy (GO:0010506),13/241,0.9639659881467793,0.9951059591560528,0,0,0.6345783119554564,0.023288558902502,PRKAA1;EXOC7;BNIP3;FLCN;UCHL1;EEF1A2;TRIB3;ATM;PIM2;MAGEA3;SNX5;ATP6V1C2;CDK5R1
GO_Biological_Process_2023,Anterograde Axonal Transport (GO:0008089),1/39,0.9647141618707764,0.9951059591560528,0,0,0.2937874851662978,0.010553853228665,KIF4A
GO_Biological_Process_2023,Axonal Transport (GO:0098930),1/39,0.9647141618707764,0.9951059591560528,0,0,0.2937874851662978,0.010553853228665,KIF4A
GO_Biological_Process_2023,Negative Regulation Of Protein Secretion (GO:0050709),1/39,0.9647141618707764,0.9951059591560528,0,0,0.2937874851662978,0.010553853228665,RAB11FIP3
GO_Biological_Process_2023,Positive Regulation Of Lipid Biosynthetic Process (GO:0046889),1/39,0.9647141618707764,0.9951059591560528,0,0,0.2937874851662978,0.010553853228665,LPGAT1
GO_Biological_Process_2023,Release Of Sequestered Calcium Ion Into Cytosol (GO:0051209),1/39,0.9647141618707764,0.9951059591560528,0,0,0.2937874851662978,0.010553853228665,CCR7
GO_Biological_Process_2023,Circulatory System Development (GO:0072359),6/132,0.9649069741605872,0.9951059591560528,0,0,0.5306787751775527,0.0189577468062548,APELA;KAT2A;COL3A1;PKP2;SOX4;TGFBR1
GO_Biological_Process_2023,Positive Regulation Of Immune Response (GO:0050778),3/80,0.9649463485731288,0.9951059591560528,0,0,0.4345617774537847,0.0155063707900106,TNFSF4;F2RL1;CCR7
GO_Biological_Process_2023,BMP Signaling Pathway (GO:0030509),2/61,0.9654735644910988,0.9951059591560528,0,0,0.3782348077718065,0.0132898691139714,SMAD4;RUNX2
GO_Biological_Process_2023,Positive Regulation Of Interleukin-8 Production (GO:0032757),2/61,0.9654735644910988,0.9951059591560528,0,0,0.3782348077718065,0.0132898691139714,SYK;F2RL1
GO_Biological_Process_2023,Cilium Assembly (GO:0060271),13/243,0.9667074596521869,0.9951059591560528,0,0,0.6289908452771773,0.0212972230173799,PLK4;OFD1;ACTR2;GORAB;DNAH5;CSNK1D;IFT80;TTC39C;HSPB11;CDC14B;AHI1;WDR90;HYLS1
GO_Biological_Process_2023,Cellular Response To Insulin Stimulus (GO:0032869),4/99,0.9669390839962988,0.9951059591560528,0,0,0.4694556905083221,0.015782997197209,CEACAM1;GRB14;TRIB3;IDE
GO_Biological_Process_2023,Cellular Response To Lipid (GO:0071396),12/228,0.9669537021481608,0.9951059591560528,0,0,0.618336741649625,0.0207789975113428,CXCL6;SYK;PABPN1;IL37;TNFSF4;TESC;CD180;MGST1;SPP1;PTK6;ATM;CXCL13
GO_Biological_Process_2023,Cilium Organization (GO:0044782),12/228,0.9669537021481608,0.9951059591560528,0,0,0.618336741649625,0.0207789975113428,PLK4;OFD1;AHI1;ACTR2;WDR90;DNAH5;HYLS1;IFT80;TTC39C;HSPB11;CDC14B;AURKA
GO_Biological_Process_2023,Aortic Valve Development (GO:0003176),1/40,0.9676166088979656,0.9951059591560528,0,0,0.2862388474819919,0.0094227926099261,TWIST1
GO_Biological_Process_2023,Negative Regulation Of Mitotic Cell Cycle Phase Transition (GO:1901991),1/40,0.9676166088979656,0.9951059591560528,0,0,0.2862388474819919,0.0094227926099261,DLG1
GO_Biological_Process_2023,Positive Regulation Of Insulin Secretion (GO:0032024),1/40,0.9676166088979656,0.9951059591560528,0,0,0.2862388474819919,0.0094227926099261,SOX4
GO_Biological_Process_2023,Protein Localization To Cilium (GO:0061512),1/40,0.9676166088979656,0.9951059591560528,0,0,0.2862388474819919,0.0094227926099261,CSNK1D
GO_Biological_Process_2023,Regulation Of Autophagosome Assembly (GO:2000785),1/40,0.9676166088979656,0.9951059591560528,0,0,0.2862388474819919,0.0094227926099261,EPHB2
GO_Biological_Process_2023,Regulation Of Cytosolic Calcium Ion Concentration (GO:0051480),1/40,0.9676166088979656,0.9951059591560528,0,0,0.2862388474819919,0.0094227926099261,CALCA
GO_Biological_Process_2023,Phosphatidylinositol-Mediated Signaling (GO:0048015),2/62,0.9678760209618612,0.9951059591560528,0,0,0.371910569105691,0.0121433551698751,EXOC7;OGT
GO_Biological_Process_2023,Cellular Response To Organic Substance (GO:0071310),3/82,0.9691855039088896,0.9953599416668504,0,0,0.4235138746225315,0.0132556653320095,SYK;CCR7;RAMP1
GO_Biological_Process_2023,Positive Regulation Of Tumor Necrosis Factor Superfamily Cytokine Production (GO:1903557),3/82,0.9691855039088896,0.9953599416668504,0,0,0.4235138746225315,0.0132556653320095,SYK;TWIST1;EPHB2
GO_Biological_Process_2023,Oxidative Phosphorylation (GO:0006119),2/63,0.9701170070013548,0.9953599416668504,0,0,0.3657936825269892,0.0110976641874299,UQCRC2;TEFM
GO_Biological_Process_2023,Regulation Of Cellular Catabolic Process (GO:0031329),2/63,0.9701170070013548,0.9953599416668504,0,0,0.3657936825269892,0.0110976641874299,TRIB3;ATM
GO_Biological_Process_2023,Acylglycerol Metabolic Process (GO:0006639),1/41,0.9702804308093548,0.9953599416668504,0,0,0.2790676416819013,0.0084195113092413,DGAT2
GO_Biological_Process_2023,Detection Of Chemical Stimulus Involved In Sensory Perception Of Bitter Taste (GO:0001580),1/41,0.9702804308093548,0.9953599416668504,0,0,0.2790676416819013,0.0084195113092413,CST1
GO_Biological_Process_2023,Negative Regulation Of Proteolysis (GO:0045861),1/41,0.9702804308093548,0.9953599416668504,0,0,0.2790676416819013,0.0084195113092413,MAGEA3
GO_Biological_Process_2023,Response To Amino Acid Starvation (GO:1990928),1/41,0.9702804308093548,0.9953599416668504,0,0,0.2790676416819013,0.0084195113092413,FLCN
GO_Biological_Process_2023,Positive Regulation Of Macroautophagy (GO:0016239),2/64,0.9722068217741652,0.99564266883324,0,0,0.3598741148701809,0.0101436700304875,BNIP3;TRIM13
GO_Biological_Process_2023,Cellular Response To Cytokine Stimulus (GO:0071345),17/308,0.9725910142110832,0.99564266883324,0,0,0.6495141422151731,0.0180510502191512,PNPT1;CCL20;IL37;STAT1;ZFAND6;IL31RA;STK39;OSMR;LRP8;MAPK13;AIM2;WNK1;TNFSF11;CCR7;CRLF1;SLC26A6;TNFRSF21
GO_Biological_Process_2023,Cellular Response To Amino Acid Starvation (GO:0034198),1/42,0.9727252350253368,0.99564266883324,0,0,0.2722462507988882,0.0075285960448155,FLCN
GO_Biological_Process_2023,Potassium Ion Import Across Plasma Membrane (GO:1990573),1/42,0.9727252350253368,0.99564266883324,0,0,0.2722462507988882,0.0075285960448155,SLC12A8
GO_Biological_Process_2023,Regulation Of Osteoclast Differentiation (GO:0045670),1/42,0.9727252350253368,0.99564266883324,0,0,0.2722462507988882,0.0075285960448155,TNFSF11
GO_Biological_Process_2023,Sensory Perception Of Bitter Taste (GO:0050913),1/42,0.9727252350253368,0.99564266883324,0,0,0.2722462507988882,0.0075285960448155,CST1
GO_Biological_Process_2023,Regulation Of Interleukin-1 Beta Production (GO:0032651),3/84,0.97293649256024,0.99564266883324,0,0,0.4130115472397351,0.0113315783673337,AIM2;F2RL1;CCR7
GO_Biological_Process_2023,Fatty Acid Biosynthetic Process (GO:0006633),2/65,0.9741551631744936,0.99564266883324,0,0,0.3541424699961285,0.0092731082853649,DECR2;CBR4
GO_Biological_Process_2023,Heart Development (GO:0007507),8/171,0.9743570360631204,0.99564266883324,0,0,0.5465153824781672,0.0141970900728553,MESP1;APELA;KAT2A;COL3A1;PKP2;SOX4;PTK2;TGFBR1
GO_Biological_Process_2023,Metal Ion Transport (GO:0030001),8/171,0.9743570360631204,0.99564266883324,0,0,0.5465153824781672,0.0141970900728553,KCNK5;CYP27B1;SLC41A2;SLC11A2;SLC4A11;KCNN4;KCNK1;RAMP1
GO_Biological_Process_2023,Defense Response To Gram-positive Bacterium (GO:0050830),3/85,0.9746454345220597,0.99564266883324,0,0,0.4079524992931442,0.0104768447668937,CASP4;MR1;KRT6A
GO_Biological_Process_2023,Glycolipid Biosynthetic Process (GO:0009247),1/43,0.974969018943016,0.99564266883324,0,0,0.2657496880531615,0.0067366440222597,PIGM
GO_Biological_Process_2023,Learning (GO:0007612),1/43,0.974969018943016,0.99564266883324,0,0,0.2657496880531615,0.0067366440222597,EPHB2
GO_Biological_Process_2023,mRNA Transcription (GO:0009299),1/43,0.974969018943016,0.99564266883324,0,0,0.2657496880531615,0.0067366440222597,CYP27B1
GO_Biological_Process_2023,Neurotransmitter Secretion (GO:0007269),1/43,0.974969018943016,0.99564266883324,0,0,0.2657496880531615,0.0067366440222597,SYT1
GO_Biological_Process_2023,Regulation Of Primary Metabolic Process (GO:0080090),1/43,0.974969018943016,0.99564266883324,0,0,0.2657496880531615,0.0067366440222597,RNF213
GO_Biological_Process_2023,Monoatomic Cation Transmembrane Transport (GO:0098655),15/281,0.97548155335048,0.99564266883324,0,0,0.6270593508972184,0.015566139537036,KCNK5;SLC41A2;SLC11A2;SLC39A11;SLC4A11;ATP2A2;SLC30A1;SLC9A7;KCNQ3;ATP6V0A4;TRPM8;SLC39A7;KCNN4;KCNK1;SLC39A4
GO_Biological_Process_2023,Potassium Ion Transport (GO:0006813),5/122,0.9758963310467552,0.99564266883324,0,0,0.4761942055772233,0.0116186226122316,KCNK5;SLC9A7;KCNQ3;KCNN4;KCNK1
GO_Biological_Process_2023,Cellular Response To BMP Stimulus (GO:0071773),2/66,0.9759711567879056,0.99564266883324,0,0,0.3485899390243902,0.0084784900678109,SMAD4;RUNX2
GO_Biological_Process_2023,Negative Regulation Of Angiogenesis (GO:0016525),3/86,0.9762515202756182,0.99564266883324,0,0,0.4030153561163507,0.009686482373838,STAT1;THBS2;SULF1
GO_Biological_Process_2023,Positive Regulation Of Cytokine-Mediated Signaling Pathway (GO:0001961),1/44,0.977028301691048,0.99564266883324,0,0,0.2595552910165384,0.0060319765599712,CASP4
GO_Biological_Process_2023,Extrinsic Apoptotic Signaling Pathway (GO:0097191),2/67,0.9776633843015082,0.99564266883324,0,0,0.3432082551594747,0.0077530250704088,MLLT11;CD27
GO_Biological_Process_2023,Negative Regulation Of Cellular Catabolic Process (GO:0031330),2/67,0.9776633843015082,0.99564266883324,0,0,0.3432082551594747,0.0077530250704088,SORL1;MAGEA3
GO_Biological_Process_2023,Protein Secretion (GO:0009306),2/67,0.9776633843015082,0.99564266883324,0,0,0.3432082551594747,0.0077530250704088,AP1S1;PDIA4
GO_Biological_Process_2023,Regulation Of Insulin Secretion (GO:0050796),3/87,0.9777605107751262,0.99564266883324,0,0,0.398195763967576,0.0089556279786581,ABCA12;EFNA5;SOX4
GO_Biological_Process_2023,Regulation Of Neuron Projection Development (GO:0010975),8/174,0.9778360807843988,0.99564266883324,0,0,0.5365501172376164,0.0120258209452952,CCDC88A;PAK1;CAMK1D;MDK;PTK6;CBFA2T2;NOL3;CDK5R1
GO_Biological_Process_2023,Protein Dephosphorylation (GO:0006470),5/124,0.9784778880144954,0.99564266883324,0,0,0.4681396077062468,0.0101853556899633,PTPN18;PPP2R5C;PTPRH;PTPRF;CDC14B
GO_Biological_Process_2023,I-kappaB kinase/NF-kappaB Signaling (GO:0007249),1/45,0.9789182457859192,0.99564266883324,0,0,0.25364245748158,0.0054043973345201,PRDX4
GO_Biological_Process_2023,Detection Of Chemical Stimulus Involved In Sensory Perception Of Taste (GO:0050912),1/45,0.9789182457859192,0.99564266883324,0,0,0.25364245748158,0.0054043973345201,CST1
GO_Biological_Process_2023,Establishment Of Protein Localization To Extracellular Region (GO:0035592),1/45,0.9789182457859192,0.99564266883324,0,0,0.25364245748158,0.0054043973345201,PDIA4
GO_Biological_Process_2023,Natural Killer Cell Activation (GO:0030101),1/45,0.9789182457859192,0.99564266883324,0,0,0.25364245748158,0.0054043973345201,SLAMF7
GO_Biological_Process_2023,Regulation Of Fibroblast Proliferation (GO:0048145),1/46,0.9806527684469724,0.9962805659348256,0,0,0.2479924165481752,0.0048449878670034,S100A6
GO_Biological_Process_2023,Regulation Of Endopeptidase Activity (GO:0052548),2/69,0.9807083160565194,0.9962805659348256,0,0,0.3329268292682927,0.0064854801890356,PSMA3;SERPINB5
GO_Biological_Process_2023,Regulation Of Monoatomic Ion Transmembrane Transporter Activity (GO:0032412),2/69,0.9807083160565194,0.9962805659348256,0,0,0.3329268292682927,0.0064854801890356,PPIF;STK39
GO_Biological_Process_2023,Mitochondrial Respiratory Chain Complex Assembly (GO:0033108),3/90,0.9817583030955176,0.9962805659348256,0,0,0.3844017588521176,0.0070768856284501,COA1;UQCC1;COX20
GO_Biological_Process_2023,Negative Regulation Of Cytokine Production (GO:0001818),8/178,0.9818009048678008,0.9962805659348256,0,0,0.5238102095183238,0.0096206836840528,CEACAM1;IL37;TNFSF4;F2RL1;CCR7;TIGIT;TNFRSF21;LGR4
GO_Biological_Process_2023,Mitochondrial ATP Synthesis Coupled Electron Transport (GO:0042775),2/70,0.9820757103186416,0.9962805659348256,0,0,0.328012912482066,0.0059327287155132,UQCRC2;COA6
GO_Biological_Process_2023,Regulation Of Notch Signaling Pathway (GO:0008593),2/70,0.9820757103186416,0.9962805659348256,0,0,0.328012912482066,0.0059327287155132,MESP1;METTL3
GO_Biological_Process_2023,Negative Regulation Of Hydrolase Activity (GO:0051346),1/47,0.982244643575408,0.9962805659348256,0,0,0.2425880295683967,0.0043459339296915,WNK1
GO_Biological_Process_2023,Regulation Of Interleukin-2 Production (GO:0032663),1/47,0.982244643575408,0.9962805659348256,0,0,0.2425880295683967,0.0043459339296915,PDE4D
GO_Biological_Process_2023,Secondary Alcohol Metabolic Process (GO:1902652),1/47,0.982244643575408,0.9962805659348256,0,0,0.2425880295683967,0.0043459339296915,UGT1A6
GO_Biological_Process_2023,Adenylate Cyclase-Activating G Protein-Coupled Receptor Signaling Pathway (GO:0007189),4/110,0.9829807965522924,0.9967533296908,0,0,0.4204851752021563,0.0072179200920486,CALCA;GNAS;RAMP1;PTHLH
GO_Biological_Process_2023,Synapse Assembly (GO:0007416),2/71,0.9833487698787278,0.996852598083599,0,0,0.3232414280664545,0.0054276826634079,FARP1;CDH1
GO_Biological_Process_2023,Regulation Of Cellular Localization (GO:0060341),2/72,0.9845337553806776,0.9975059267389736,0,0,0.3186062717770034,0.0049661461188114,BORA;REEP6
GO_Biological_Process_2023,Second-Messenger-Mediated Signaling (GO:0019932),2/72,0.9845337553806776,0.9975059267389736,0,0,0.3186062717770034,0.0049661461188114,TNFSF11;MCTP2
GO_Biological_Process_2023,Anterograde Trans-Synaptic Signaling (GO:0098916),9/199,0.985448115136916,0.9981583405516896,0,0,0.5269990653301962,0.0077251749730057,DLG1;CHRNA5;SYT1;DLG3;AKAP9;PNOC;KCNQ3;HTR3A;NPTX2
GO_Biological_Process_2023,Negative Regulation Of Cell Projection Organization (GO:0031345),1/50,0.9862768940384165,0.998272380591914,0,0,0.227698391971048,0.0031463678497351,CBFA2T2
GO_Biological_Process_2023,Regulation Of Interferon-Beta Production (GO:0032648),1/50,0.9862768940384165,0.998272380591914,0,0,0.227698391971048,0.0031463678497351,IRF7
GO_Biological_Process_2023,Plasma Membrane Bounded Cell Projection Organization (GO:0120036),5/132,0.9864311793349052,0.998272380591914,0,0,0.4384580974415461,0.0059900910623841,CTTN;RAB25;CCR7;MANF;CDK5R1
GO_Biological_Process_2023,Neuron Development (GO:0048666),6/150,0.986642547927202,0.998272380591914,0,0,0.4638854930725346,0.0062380840709382,UGDH;TENM4;WNK1;ASCL1;MANF;CDK5R1
GO_Biological_Process_2023,Positive Regulation Of Leukocyte Mediated Cytotoxicity (GO:0001912),1/51,0.9874061833450148,0.9987712312212796,0,0,0.2231322364411944,0.0028279313138692,CD1A
GO_Biological_Process_2023,Inflammatory Response (GO:0006954),11/236,0.9882349341386364,0.999125073922866,0,0,0.5435329382110498,0.0064326155267862,CXCL6;ELF3;CCL20;TNFSF4;ADORA3;IL2RA;BLNK;NOX4;CCR7;ADAM8;CXCL13
GO_Biological_Process_2023,Positive Regulation Of Response To Stimulus (GO:0048584),2/77,0.9893305089185456,0.999125073922866,0,0,0.2972845528455284,0.0031889173620756,DEPDC1B;UCHL5
GO_Biological_Process_2023,Phosphatidylinositol Biosynthetic Process (GO:0006661),3/98,0.9893342558881691,0.999125073922866,0,0,0.3518769467904049,0.0037731873600217,INPP4B;PIGM;SYNJ2
GO_Biological_Process_2023,NADH Dehydrogenase Complex Assembly (GO:0010257),1/53,0.989393709257629,0.999125073922866,0,0,0.2145267894810856,0.0022874859300987,COA1
GO_Biological_Process_2023,Mitochondrial Respiratory Chain Complex I Assembly (GO:0032981),1/53,0.989393709257629,0.999125073922866,0,0,0.2145267894810856,0.0022874859300987,COA1
GO_Biological_Process_2023,Regulation Of Lipid Metabolic Process (GO:0019216),1/54,0.9902665930722656,0.999125073922866,0,0,0.2104676163866947,0.0020586018924765,RNF213
GO_Biological_Process_2023,Positive Regulation Of Endocytosis (GO:0045807),2/79,0.9908116422764808,0.999125073922866,0,0,0.2895312005068102,0.0026726135973167,CAMK1D;BICD1
GO_Biological_Process_2023,"Regulation Of Synaptic Transmission, Glutamatergic (GO:0051966)",1/55,0.9910676612924288,0.999125073922866,0,0,0.2065587830365405,0.0018533427336448,SYT1
GO_Biological_Process_2023,Calcium Ion Transmembrane Transport (GO:0070588),2/80,0.9914748391838738,0.999125073922866,0,0,0.2858036272670419,0.0024469671622151,ATP2A2;TRPM8
GO_Biological_Process_2023,Pattern Recognition Receptor Signaling Pathway (GO:0002221),1/56,0.9918028191242714,0.999125073922866,0,0,0.2027920890809373,0.0016691740803044,IRAK1
GO_Biological_Process_2023,Calcium Ion Homeostasis (GO:0055074),3/102,0.9918778170352306,0.999125073922866,0,0,0.3375857414905615,0.0027531290647563,CYP27B1;ATP2A2;SLC30A1
GO_Biological_Process_2023,Regulation Of Interleukin-8 Production (GO:0032677),2/81,0.9920911383109848,0.999125073922866,0,0,0.2821704229700524,0.0022405185487937,SYK;F2RL1
GO_Biological_Process_2023,Endosome To Lysosome Transport (GO:0008333),1/57,0.9924774863209408,0.999125073922866,0,0,0.1991599199094628,0.0015038466939701,HOOK1
GO_Biological_Process_2023,Regulation Of Calcium Ion Transport (GO:0051924),1/57,0.9924774863209408,0.999125073922866,0,0,0.1991599199094628,0.0015038466939701,EGF
GO_Biological_Process_2023,Striated Muscle Contraction (GO:0006941),1/57,0.9924774863209408,0.999125073922866,0,0,0.1991599199094628,0.0015038466939701,TNNT1
GO_Biological_Process_2023,Sodium Ion Transmembrane Transport (GO:0035725),2/82,0.9926637637895256,0.999125073922866,0,0,0.2786280487804878,0.0020516159859297,SLC9A7;KCNK1
GO_Biological_Process_2023,Muscle Organ Development (GO:0007517),1/58,0.993096637429314,0.999125073922866,0,0,0.1956551952703208,0.0013553624322352,CHD2
GO_Biological_Process_2023,Phospholipase C-activating G Protein-Coupled Receptor Signaling Pathway (GO:0007200),2/83,0.9931957270586704,0.999125073922866,0,0,0.2751731406202951,0.0018787521996078,CALCA;F2RL1
GO_Biological_Process_2023,Adenylate Cyclase-Modulating G Protein-Coupled Receptor Signaling Pathway (GO:0007188),6/163,0.993599787599924,0.999125073922866,0,0,0.4251709155466961,0.002729929579126,CALCA;GABBR1;GPR37;GNAS;RAMP1;PTHLH
GO_Biological_Process_2023,Transcription Preinitiation Complex Assembly (GO:0070897),1/59,0.9936648379914532,0.999125073922866,0,0,0.1922713232049423,0.0012219446907113,PTPN18
GO_Biological_Process_2023,Regulation Of Kinase Activity (GO:0043549),2/85,0.9941487262007228,0.999125073922866,0,0,0.268513076697032,0.0015757581356116,ECT2;C1ORF112
GO_Biological_Process_2023,Negative Regulation Of Peptidase Activity (GO:0010466),1/60,0.9941862782586064,0.999125073922866,0,0,0.1890021586672037,0.0011020124689379,SERPINB5
GO_Biological_Process_2023,Response To Tumor Necrosis Factor (GO:0034612),3/108,0.9946272375692894,0.999125073922866,0,0,0.3181905342979168,0.0017141712004326,CCL20;ZFAND6;TNFRSF21
GO_Biological_Process_2023,Negative Regulation Of Autophagy (GO:0010507),1/61,0.994664804299954,0.999125073922866,0,0,0.1858419662807231,0.0009941576366429249,MAGEA3
GO_Biological_Process_2023,Fat Cell Differentiation (GO:0045444),1/62,0.9951039457459844,0.999125073922866,0,0,0.182785386759373,0.0008971251536365601,HMGA2
GO_Biological_Process_2023,Synapse Organization (GO:0050808),4/131,0.9955055977359948,0.999125073922866,0,0,0.3505523348043033,0.0015790743689592,FARP1;CDH1;PPFIA1;PTPRF
GO_Biological_Process_2023,Chemical Synaptic Transmission (GO:0007268),12/273,0.9955539074739644,0.999125073922866,0,0,0.5104576546082786,0.002274602264407,NQO1;GABBR1;DLG1;CHRNA5;SYT1;DLG3;AKAP9;PNOC;KCNQ3;HTR3A;GABRE;NPTX2
GO_Biological_Process_2023,Cellular Response To Peptide Hormone Stimulus (GO:0071375),2/89,0.995678586542972,0.999125073922866,0,0,0.2561115783571628,0.0011091623255511,CEACAM1;TRIB3
GO_Biological_Process_2023,Sodium Ion Transport (GO:0006814),2/89,0.995678586542972,0.999125073922866,0,0,0.2561115783571628,0.0011091623255511,SLC4A11;KCNK1
GO_Biological_Process_2023,Cellular Response To Virus (GO:0098586),1/64,0.995876766990578,0.999125073922866,0,0,0.17696333052823,0.0007311694749772253,LGALS8
GO_Biological_Process_2023,Cholesterol Metabolic Process (GO:0008203),1/67,0.9968133961783632,0.9994434260106112,0,0,0.1688918434805089,0.000539050721297492,FDFT1
GO_Biological_Process_2023,Cellular Response To Hormone Stimulus (GO:0032870),2/94,0.997047926935106,0.9994434260106112,0,0,0.2421261930010604,0.0007158313264781571,AKR1C1;RAMP1
GO_Biological_Process_2023,Aerobic Electron Transport Chain (GO:0019646),1/68,0.9970756696236964,0.9994434260106112,0,0,0.1663619744058501,0.0004872101045862745,UQCRC2
GO_Biological_Process_2023,Phagocytosis (GO:0006909),1/69,0.9973163489148058,0.9994434260106112,0,0,0.1639065132451518,0.00044045917621747847,C1ORF43
GO_Biological_Process_2023,Regulation Of Transcription By RNA Polymerase II (GO:0006357),134/2028,0.998057034671026,0.9994434260106112,0,0,0.7724294785431588,0.001502263591985,FOXA1;ZNF692;EHF;ZMYND8;IKZF1;ENO1;SOX2;IL4I1;CREB3L4;NFATC2IP;TNFSF11;MAGEA2;SUPT20H;CCNL2;PITX2;ARID2;MAGEA3;SOX4;PIAS3;HES6;SMARCC2;ZNF281;OVOL1;RUNX2;OVOL2;PRKAR1A;TRIB3;ZNF431;MAGEA12;TWIST1;FOXO6;CYP27B1;DHX36;ZSCAN16;RREB1;BPTF;HOXC6;TFAP2A;TFAP2C;SMAD4;JUP;FUS;CBX3;BCL11A;CBX2;LIF;HMGA1;LARP7;HMGA2;NR0B1;ELL3;HOPX;AHI1;DLG1;FUBP3;MAGED4;NFE2L3;GTF2IRD1;ATM;TCF3;CDK13;OGT;HAMP;ZNF652;EZH2;ZNF254;MESP1;SUV39H2;FHL2;HNF4G;SIX1;HMGB3;TFCP2L1;FOXM1;CHD2;N4BP2L2;HOXC10;PAGR1;FLCN;SIX4;MYBL2;HTATIP2;TGIF1;ACTR2;PBRM1;EED;DNMT3A;CKAP2;PAX5;ETV4;MMP12;TOX4;GREM1;CCNA2;TOX3;KAT2A;ELF3;PAX9;IRF7;ZNF239;MCM2;ZNF750;RPL10;UHRF1;ZNF518A;ASCL1;BARX1;AURKB;RBBP4;EPCAM;NSD1;E2F3;E2F5;MTA3;ZNF224;RPL17;SPDEF;E2F8;NPM1;KDM4C;NFYA;STAT1;MACC1;ATAD2;GRHL1;GRHL2;TARBP1;TBX15;PRKRA;ASXL2;F2RL1;FRK;TRIM33;FOXA3
GO_Biological_Process_2023,Positive Regulation Of Neurogenesis (GO:0050769),1/75,0.9983968678061388,0.9994434260106112,0,0,0.1505673863991962,0.00024157311307854864,VCAN
GO_Biological_Process_2023,Inorganic Cation Import Across Plasma Membrane (GO:0098659),2/103,0.9985212514166694,0.9994434260106112,0,0,0.2204419222410046,0.0003262194379757076,SLC9A7;SLC12A8
GO_Biological_Process_2023,Transcription Initiation At RNA Polymerase II Promoter (GO:0006367),1/76,0.998528744759674,0.9994434260106112,0,0,0.1485516961202518,0.00021871839615152127,E2F3
GO_Biological_Process_2023,Macroautophagy (GO:0016236),2/104,0.9986310905248263,0.9994434260106112,0,0,0.2182687709230033,0.0002989948838385958,ATG16L1;CHMP4C
GO_Biological_Process_2023,Calcium Ion Transmembrane Import Into Cytosol (GO:0097553),1/83,0.9991929734478476,0.9996777223655186,0,0,0.1358184331386275,0.00010965333434452542,CCR7
GO_Biological_Process_2023,Intracellular Calcium Ion Homeostasis (GO:0006874),3/139,0.9994068803925126,0.9996777223655186,0,0,0.2452445895991099,0.00014550252918974323,CALCA;ATP2A2;SLC30A1
GO_Biological_Process_2023,Sensory Perception Of Chemical Stimulus (GO:0007606),1/110,0.9999182021324012,0.9999182021324012,0,0,0.1020243865622327,8.345718599520133e-06,GNAS
