stringId_A,stringId_B,preferredName_A,preferredName_B,ncbiTaxonId,score,nscore,fscore,pscore,ascore,escore,dscore,tscore
9606.ENSP00000156626,9606.ENSP00000217182,ST6GALNAC1,EEF1A2,9606,0.944,0.0,0.0,0.0,0.055,0.231,0.0,0.93
9606.ENSP00000161559,9606.ENSP00000221992,CEACAM1,CEACAM5,9606,0.909,0.0,0.0,0.059,0.128,0.188,0.0,0.88
9606.ENSP00000166345,9606.ENSP00000251496,TRIP13,NCAPG,9606,0.711,0.0,0.0,0.0,0.562,0.0,0.0,0.368
9606.ENSP00000166345,9606.ENSP00000301633,TRIP13,BIRC5,9606,0.716,0.0,0.0,0.0,0.619,0.071,0.0,0.262
9606.ENSP00000166345,9606.ENSP00000468425,TRIP13,TK1,9606,0.722,0.042,0.0,0.0,0.407,0.0,0.0,0.55
9606.ENSP00000166345,9606.ENSP00000302530,TRIP13,BUB1,9606,0.725,0.0,0.0,0.0,0.576,0.0,0.0,0.378
9606.ENSP00000166345,9606.ENSP00000363055,TRIP13,ZWINT,9606,0.727,0.0,0.0,0.0,0.443,0.0,0.0,0.531
9606.ENSP00000166345,9606.ENSP00000356379,TRIP13,ASPM,9606,0.729,0.0,0.0,0.0,0.553,0.0,0.0,0.418
9606.ENSP00000166345,9606.ENSP00000414109,TRIP13,HJURP,9606,0.741,0.0,0.0,0.0,0.633,0.0,0.0,0.325
9606.ENSP00000166345,9606.ENSP00000288207,TRIP13,CCNB2,9606,0.741,0.0,0.0,0.0,0.584,0.112,0.0,0.355
9606.ENSP00000166345,9606.ENSP00000499238,TRIP13,NUSAP1,9606,0.744,0.0,0.0,0.0,0.518,0.0,0.0,0.491
9606.ENSP00000166345,9606.ENSP00000356319,TRIP13,KIF14,9606,0.744,0.0,0.0,0.0,0.527,0.292,0.0,0.297
9606.ENSP00000166345,9606.ENSP00000355922,TRIP13,CENPF,9606,0.746,0.0,0.0,0.0,0.54,0.0,0.0,0.471
9606.ENSP00000166345,9606.ENSP00000265748,TRIP13,ANLN,9606,0.748,0.0,0.0,0.0,0.514,0.292,0.0,0.327
9606.ENSP00000166345,9606.ENSP00000358813,TRIP13,TTK,9606,0.759,0.0,0.0,0.0,0.614,0.0,0.0,0.402
9606.ENSP00000166345,9606.ENSP00000363524,TRIP13,KIF4A,9606,0.76,0.0,0.0,0.0,0.606,0.0,0.0,0.416
9606.ENSP00000166345,9606.ENSP00000355966,TRIP13,NEK2,9606,0.761,0.0,0.0,0.0,0.608,0.048,0.0,0.412
9606.ENSP00000166345,9606.ENSP00000377492,TRIP13,HMMR,9606,0.763,0.0,0.0,0.0,0.653,0.071,0.0,0.325
9606.ENSP00000166345,9606.ENSP00000216911,TRIP13,AURKA,9606,0.771,0.0,0.0,0.0,0.614,0.064,0.0,0.416
9606.ENSP00000166345,9606.ENSP00000442068,TRIP13,CDCA3,9606,0.774,0.0,0.0,0.0,0.69,0.0,0.0,0.301
9606.ENSP00000166345,9606.ENSP00000481380,TRIP13,CCNA2,9606,0.778,0.0,0.0,0.0,0.692,0.0,0.0,0.308
9606.ENSP00000166345,9606.ENSP00000260363,TRIP13,KIF23,9606,0.779,0.0,0.0,0.0,0.596,0.292,0.0,0.29
9606.ENSP00000166345,9606.ENSP00000355167,TRIP13,HORMAD1,9606,0.781,0.0,0.0,0.0,0.067,0.214,0.0,0.725
9606.ENSP00000166345,9606.ENSP00000313950,TRIP13,AURKB,9606,0.788,0.0,0.0,0.0,0.562,0.308,0.0,0.357
9606.ENSP00000166345,9606.ENSP00000247191,TRIP13,DLGAP5,9606,0.789,0.0,0.0,0.0,0.656,0.0,0.0,0.413
9606.ENSP00000166345,9606.ENSP00000260731,TRIP13,KIF11,9606,0.789,0.0,0.0,0.0,0.668,0.0,0.0,0.391
9606.ENSP00000166345,9606.ENSP00000256442,TRIP13,CCNB1,9606,0.797,0.0,0.0,0.0,0.686,0.112,0.0,0.331
9606.ENSP00000166345,9606.ENSP00000342307,TRIP13,FOXM1,9606,0.8,0.0,0.0,0.0,0.505,0.061,0.0,0.603
9606.ENSP00000166345,9606.ENSP00000361298,TRIP13,KIF2C,9606,0.811,0.0,0.0,0.0,0.721,0.0,0.0,0.35
9606.ENSP00000166345,9606.ENSP00000360540,TRIP13,CEP55,9606,0.815,0.0,0.0,0.0,0.685,0.0,0.0,0.436
9606.ENSP00000166345,9606.ENSP00000271452,TRIP13,NUF2,9606,0.816,0.0,0.0,0.0,0.753,0.049,0.0,0.281
9606.ENSP00000166345,9606.ENSP00000377793,TRIP13,PRC1,9606,0.82,0.0,0.0,0.0,0.729,0.292,0.0,0.137
9606.ENSP00000166345,9606.ENSP00000411532,TRIP13,TOP2A,9606,0.823,0.0,0.0,0.0,0.546,0.091,0.0,0.606
9606.ENSP00000166345,9606.ENSP00000348838,TRIP13,UBE2C,9606,0.828,0.0,0.0,0.0,0.47,0.091,0.0,0.672
9606.ENSP00000166345,9606.ENSP00000428489,TRIP13,PBK,9606,0.84,0.0,0.0,0.0,0.644,0.096,0.0,0.544
9606.ENSP00000166345,9606.ENSP00000378699,TRIP13,CDK1,9606,0.845,0.0,0.0,0.0,0.689,0.051,0.0,0.517
9606.ENSP00000166345,9606.ENSP00000275517,TRIP13,CDCA5,9606,0.876,0.0,0.0,0.0,0.811,0.0,0.0,0.371
9606.ENSP00000166345,9606.ENSP00000300403,TRIP13,TPX2,9606,0.879,0.0,0.0,0.0,0.784,0.065,0.0,0.447
9606.ENSP00000166345,9606.ENSP00000298048,TRIP13,MELK,9606,0.906,0.0,0.0,0.0,0.845,0.0,0.0,0.419
9606.ENSP00000166345,9606.ENSP00000378356,TRIP13,KIF20A,9606,0.913,0.0,0.0,0.0,0.787,0.292,0.0,0.471
9606.ENSP00000166345,9606.ENSP00000287598,TRIP13,BUB1B,9606,0.928,0.0,0.0,0.0,0.683,0.51,0.0,0.576
9606.ENSP00000166345,9606.ENSP00000296509,TRIP13,MAD2L1,9606,0.994,0.0,0.0,0.0,0.59,0.977,0.0,0.437
9606.ENSP00000166345,9606.ENSP00000361540,TRIP13,CDC20,9606,0.996,0.0,0.0,0.0,0.81,0.944,0.0,0.734
9606.ENSP00000215743,9606.ENSP00000359114,MMP11,COL11A1,9606,0.732,0.0,0.0,0.0,0.323,0.05,0.0,0.616
9606.ENSP00000215743,9606.ENSP00000260227,MMP11,MMP7,9606,0.75,0.0,0.0,0.112,0.064,0.0,0.5,0.471
9606.ENSP00000215743,9606.ENSP00000322788,MMP11,MMP1,9606,0.772,0.0,0.0,0.113,0.149,0.0,0.5,0.468
9606.ENSP00000215743,9606.ENSP00000327368,MMP11,COL10A1,9606,0.812,0.0,0.0,0.0,0.524,0.05,0.0,0.617
9606.ENSP00000216446,9606.ENSP00000217289,PLEK2,FERMT1,9606,0.8,0.0,0.0,0.0,0.188,0.0,0.0,0.764
9606.ENSP00000216911,9606.ENSP00000315644,AURKA,TYMS,9606,0.729,0.0,0.0,0.0,0.551,0.0,0.0,0.421
9606.ENSP00000216911,9606.ENSP00000300035,AURKA,PCLAF,9606,0.735,0.0,0.0,0.0,0.445,0.0,0.0,0.543
9606.ENSP00000216911,9606.ENSP00000265748,AURKA,ANLN,9606,0.741,0.0,0.0,0.0,0.541,0.0,0.0,0.459
9606.ENSP00000216911,9606.ENSP00000313199,AURKA,HNRNPD,9606,0.744,0.0,0.0,0.0,0.118,0.672,0.0,0.186
9606.ENSP00000216911,9606.ENSP00000391090,AURKA,CHEK1,9606,0.754,0.0,0.0,0.0,0.471,0.075,0.0,0.537
9606.ENSP00000216911,9606.ENSP00000320147,AURKA,EZH2,9606,0.761,0.0,0.0,0.0,0.291,0.102,0.0,0.655
9606.ENSP00000216911,9606.ENSP00000358813,AURKA,TTK,9606,0.779,0.0,0.0,0.0,0.676,0.094,0.0,0.307
9606.ENSP00000216911,9606.ENSP00000412292,AURKA,DEPDC1,9606,0.782,0.0,0.0,0.0,0.701,0.0,0.0,0.3
9606.ENSP00000216911,9606.ENSP00000363055,AURKA,ZWINT,9606,0.787,0.0,0.0,0.0,0.431,0.0,0.0,0.642
9606.ENSP00000216911,9606.ENSP00000428489,AURKA,PBK,9606,0.791,0.0,0.0,0.0,0.617,0.067,0.0,0.462
9606.ENSP00000216911,9606.ENSP00000342307,AURKA,FOXM1,9606,0.793,0.0,0.0,0.0,0.498,0.051,0.0,0.599
9606.ENSP00000216911,9606.ENSP00000323300,AURKA,SPAG5,9606,0.8,0.0,0.0,0.0,0.581,0.294,0.0,0.376
9606.ENSP00000216911,9606.ENSP00000429089,AURKA,CCNE2,9606,0.812,0.0,0.0,0.0,0.191,0.616,0.0,0.446
9606.ENSP00000216911,9606.ENSP00000442068,AURKA,CDCA3,9606,0.815,0.0,0.0,0.0,0.729,0.0,0.0,0.348
9606.ENSP00000216911,9606.ENSP00000355966,AURKA,NEK2,9606,0.829,0.0,0.0,0.123,0.641,0.0,0.0,0.501
9606.ENSP00000216911,9606.ENSP00000376457,AURKA,ECT2,9606,0.831,0.0,0.0,0.0,0.495,0.071,0.0,0.67
9606.ENSP00000216911,9606.ENSP00000499238,AURKA,NUSAP1,9606,0.843,0.0,0.0,0.0,0.705,0.0,0.0,0.488
9606.ENSP00000216911,9606.ENSP00000357643,AURKA,MKI67,9606,0.85,0.0,0.0,0.0,0.523,0.0,0.0,0.7
9606.ENSP00000216911,9606.ENSP00000414109,AURKA,HJURP,9606,0.852,0.0,0.0,0.0,0.78,0.0,0.0,0.357
9606.ENSP00000216911,9606.ENSP00000275517,AURKA,CDCA5,9606,0.864,0.0,0.0,0.0,0.672,0.0,0.0,0.604
9606.ENSP00000216911,9606.ENSP00000335357,AURKA,CDKN3,9606,0.87,0.0,0.0,0.0,0.793,0.135,0.0,0.334
9606.ENSP00000216911,9606.ENSP00000363524,AURKA,KIF4A,9606,0.885,0.0,0.0,0.0,0.692,0.0,0.0,0.642
9606.ENSP00000216911,9606.ENSP00000353770,AURKA,RRM2,9606,0.892,0.0,0.0,0.0,0.574,0.0,0.0,0.757
9606.ENSP00000216911,9606.ENSP00000271452,AURKA,NUF2,9606,0.893,0.0,0.0,0.0,0.674,0.292,0.0,0.574
9606.ENSP00000216911,9606.ENSP00000355922,AURKA,CENPF,9606,0.902,0.0,0.0,0.0,0.679,0.0,0.0,0.708
9606.ENSP00000216911,9606.ENSP00000377793,AURKA,PRC1,9606,0.91,0.0,0.0,0.0,0.823,0.075,0.0,0.498
9606.ENSP00000216911,9606.ENSP00000298048,AURKA,MELK,9606,0.913,0.0,0.0,0.093,0.831,0.045,0.0,0.479
9606.ENSP00000216911,9606.ENSP00000313950,AURKA,AURKB,9606,0.922,0.0,0.0,0.061,0.573,0.421,0.54,0.387
9606.ENSP00000216911,9606.ENSP00000260363,AURKA,KIF23,9606,0.924,0.0,0.0,0.0,0.694,0.091,0.0,0.749
9606.ENSP00000216911,9606.ENSP00000287598,AURKA,BUB1B,9606,0.924,0.0,0.0,0.0,0.723,0.089,0.0,0.722
9606.ENSP00000216911,9606.ENSP00000296509,AURKA,MAD2L1,9606,0.929,0.0,0.0,0.0,0.647,0.1,0.0,0.796
9606.ENSP00000216911,9606.ENSP00000356379,AURKA,ASPM,9606,0.93,0.0,0.0,0.0,0.705,0.314,0.0,0.685
9606.ENSP00000216911,9606.ENSP00000261597,AURKA,NDC80,9606,0.933,0.0,0.0,0.0,0.72,0.474,0.0,0.584
9606.ENSP00000216911,9606.ENSP00000378356,AURKA,KIF20A,9606,0.936,0.0,0.0,0.0,0.833,0.084,0.0,0.616
9606.ENSP00000216911,9606.ENSP00000360540,AURKA,CEP55,9606,0.936,0.0,0.0,0.0,0.802,0.161,0.0,0.65
9606.ENSP00000216911,9606.ENSP00000481380,AURKA,CCNA2,9606,0.949,0.0,0.0,0.0,0.853,0.0,0.0,0.669
9606.ENSP00000216911,9606.ENSP00000378699,AURKA,CDK1,9606,0.951,0.0,0.0,0.125,0.777,0.525,0.0,0.537
9606.ENSP00000216911,9606.ENSP00000251496,AURKA,NCAPG,9606,0.952,0.0,0.0,0.0,0.816,0.103,0.0,0.735
9606.ENSP00000216911,9606.ENSP00000336868,AURKA,CENPA,9606,0.959,0.0,0.0,0.0,0.785,0.149,0.0,0.797
9606.ENSP00000216911,9606.ENSP00000411532,AURKA,TOP2A,9606,0.963,0.0,0.0,0.0,0.826,0.071,0.0,0.791
9606.ENSP00000216911,9606.ENSP00000247191,AURKA,DLGAP5,9606,0.966,0.0,0.0,0.0,0.843,0.226,0.0,0.746
9606.ENSP00000216911,9606.ENSP00000377536,AURKA,PTTG1,9606,0.967,0.0,0.0,0.0,0.68,0.329,0.5,0.73
9606.ENSP00000216911,9606.ENSP00000377492,AURKA,HMMR,9606,0.97,0.0,0.0,0.0,0.794,0.292,0.0,0.811
9606.ENSP00000216911,9606.ENSP00000302530,AURKA,BUB1,9606,0.971,0.0,0.0,0.0,0.836,0.089,0.0,0.822
9606.ENSP00000216911,9606.ENSP00000260731,AURKA,KIF11,9606,0.972,0.0,0.0,0.0,0.812,0.272,0.0,0.816
9606.ENSP00000216911,9606.ENSP00000361298,AURKA,KIF2C,9606,0.975,0.0,0.0,0.0,0.799,0.323,0.0,0.833
9606.ENSP00000216911,9606.ENSP00000256442,AURKA,CCNB1,9606,0.979,0.0,0.0,0.0,0.863,0.094,0.0,0.845
9606.ENSP00000216911,9606.ENSP00000348838,AURKA,UBE2C,9606,0.986,0.0,0.0,0.0,0.835,0.3,0.4,0.828
9606.ENSP00000216911,9606.ENSP00000288207,AURKA,CCNB2,9606,0.988,0.0,0.0,0.0,0.86,0.637,0.0,0.799
9606.ENSP00000216911,9606.ENSP00000301633,AURKA,BIRC5,9606,0.993,0.0,0.0,0.0,0.824,0.492,0.54,0.865
9606.ENSP00000216911,9606.ENSP00000361540,AURKA,CDC20,9606,0.995,0.0,0.0,0.0,0.902,0.513,0.5,0.817
9606.ENSP00000216911,9606.ENSP00000300403,AURKA,TPX2,9606,0.999,0.0,0.0,0.0,0.846,0.988,0.9,0.995
9606.ENSP00000219097,9606.ENSP00000481380,ORC6,CCNA2,9606,0.721,0.0,0.0,0.0,0.251,0.0,0.4,0.429
9606.ENSP00000219097,9606.ENSP00000391090,ORC6,CHEK1,9606,0.732,0.0,0.0,0.0,0.294,0.0,0.5,0.303
9606.ENSP00000219097,9606.ENSP00000378699,ORC6,CDK1,9606,0.743,0.0,0.0,0.0,0.284,0.0,0.5,0.34
9606.ENSP00000219097,9606.ENSP00000256442,ORC6,CCNB1,9606,0.776,0.0,0.0,0.0,0.265,0.0,0.5,0.44
9606.ENSP00000220514,9606.ENSP00000261597,OIP5,NDC80,9606,0.712,0.0,0.0,0.0,0.68,0.0,0.0,0.138
9606.ENSP00000220514,9606.ENSP00000300403,OIP5,TPX2,9606,0.728,0.0,0.0,0.0,0.64,0.0,0.0,0.277
9606.ENSP00000220514,9606.ENSP00000379911,OIP5,CENPK,9606,0.734,0.0,0.0,0.0,0.371,0.0,0.5,0.222
9606.ENSP00000220514,9606.ENSP00000412292,OIP5,DEPDC1,9606,0.737,0.0,0.0,0.0,0.64,0.0,0.0,0.3
9606.ENSP00000220514,9606.ENSP00000391090,OIP5,CHEK1,9606,0.743,0.0,0.0,0.0,0.639,0.0,0.0,0.318
9606.ENSP00000220514,9606.ENSP00000356379,OIP5,ASPM,9606,0.75,0.0,0.0,0.0,0.644,0.0,0.0,0.327
9606.ENSP00000220514,9606.ENSP00000335463,OIP5,KNL1,9606,0.758,0.0,0.0,0.0,0.345,0.0,0.5,0.322
9606.ENSP00000220514,9606.ENSP00000288207,OIP5,CCNB2,9606,0.77,0.0,0.0,0.0,0.724,0.0,0.0,0.203
9606.ENSP00000220514,9606.ENSP00000265036,OIP5,DEPDC1B,9606,0.774,0.0,0.0,0.0,0.774,0.0,0.0,0.0
9606.ENSP00000220514,9606.ENSP00000358813,OIP5,TTK,9606,0.777,0.0,0.0,0.0,0.661,0.0,0.0,0.37
9606.ENSP00000220514,9606.ENSP00000251496,OIP5,NCAPG,9606,0.783,0.0,0.0,0.0,0.678,0.0,0.0,0.353
9606.ENSP00000220514,9606.ENSP00000282074,OIP5,SPC25,9606,0.791,0.0,0.0,0.0,0.791,0.0,0.0,0.0
9606.ENSP00000220514,9606.ENSP00000335357,OIP5,CDKN3,9606,0.792,0.0,0.0,0.0,0.792,0.0,0.0,0.0
9606.ENSP00000220514,9606.ENSP00000240488,OIP5,MND1,9606,0.795,0.0,0.0,0.0,0.784,0.0,0.0,0.093
9606.ENSP00000220514,9606.ENSP00000363055,OIP5,ZWINT,9606,0.814,0.0,0.0,0.0,0.72,0.0,0.0,0.365
9606.ENSP00000220514,9606.ENSP00000281453,OIP5,CENPU,9606,0.815,0.0,0.0,0.0,0.455,0.0,0.5,0.378
9606.ENSP00000220514,9606.ENSP00000378356,OIP5,KIF20A,9606,0.817,0.0,0.0,0.0,0.78,0.0,0.0,0.203
9606.ENSP00000220514,9606.ENSP00000377007,OIP5,CENPN,9606,0.819,0.0,0.0,0.0,0.446,0.0,0.5,0.399
9606.ENSP00000220514,9606.ENSP00000494957,OIP5,UBE2T,9606,0.821,0.0,0.0,0.0,0.64,0.502,0.0,0.083
9606.ENSP00000220514,9606.ENSP00000287598,OIP5,BUB1B,9606,0.837,0.0,0.0,0.0,0.784,0.0,0.0,0.277
9606.ENSP00000220514,9606.ENSP00000360540,OIP5,CEP55,9606,0.84,0.0,0.0,0.0,0.778,0.0,0.0,0.31
9606.ENSP00000220514,9606.ENSP00000298048,OIP5,MELK,9606,0.842,0.0,0.0,0.0,0.789,0.0,0.0,0.279
9606.ENSP00000220514,9606.ENSP00000301633,OIP5,BIRC5,9606,0.844,0.0,0.0,0.0,0.787,0.0,0.0,0.296
9606.ENSP00000220514,9606.ENSP00000378699,OIP5,CDK1,9606,0.846,0.0,0.0,0.0,0.79,0.0,0.0,0.299
9606.ENSP00000220514,9606.ENSP00000481380,OIP5,CCNA2,9606,0.85,0.0,0.0,0.0,0.789,0.0,0.0,0.321
9606.ENSP00000220514,9606.ENSP00000228843,OIP5,RAD51AP1,9606,0.85,0.0,0.0,0.0,0.781,0.0,0.0,0.346
9606.ENSP00000220514,9606.ENSP00000428489,OIP5,PBK,9606,0.854,0.0,0.0,0.0,0.791,0.0,0.0,0.329
9606.ENSP00000220514,9606.ENSP00000296509,OIP5,MAD2L1,9606,0.854,0.0,0.0,0.0,0.782,0.0,0.0,0.358
9606.ENSP00000220514,9606.ENSP00000247191,OIP5,DLGAP5,9606,0.856,0.0,0.0,0.0,0.794,0.0,0.0,0.331
9606.ENSP00000220514,9606.ENSP00000271452,OIP5,NUF2,9606,0.864,0.0,0.0,0.0,0.77,0.138,0.0,0.367
9606.ENSP00000220514,9606.ENSP00000361298,OIP5,KIF2C,9606,0.866,0.0,0.0,0.0,0.785,0.0,0.0,0.405
9606.ENSP00000220514,9606.ENSP00000499238,OIP5,NUSAP1,9606,0.872,0.0,0.0,0.0,0.784,0.0,0.0,0.43
9606.ENSP00000220514,9606.ENSP00000260731,OIP5,KIF11,9606,0.873,0.0,0.0,0.0,0.788,0.0,0.0,0.425
9606.ENSP00000220514,9606.ENSP00000256442,OIP5,CCNB1,9606,0.888,0.0,0.0,0.0,0.784,0.0,0.0,0.502
9606.ENSP00000220514,9606.ENSP00000302530,OIP5,BUB1,9606,0.891,0.0,0.0,0.0,0.778,0.0,0.0,0.53
9606.ENSP00000220514,9606.ENSP00000377492,OIP5,HMMR,9606,0.895,0.0,0.0,0.0,0.787,0.0,0.0,0.53
9606.ENSP00000220514,9606.ENSP00000414109,OIP5,HJURP,9606,0.957,0.0,0.0,0.0,0.546,0.51,0.5,0.663
9606.ENSP00000220514,9606.ENSP00000336868,OIP5,CENPA,9606,0.981,0.0,0.0,0.0,0.775,0.459,0.5,0.734
9606.ENSP00000222271,9606.ENSP00000327368,COMP,COL10A1,9606,0.768,0.0,0.0,0.0,0.479,0.099,0.0,0.546
9606.ENSP00000225964,9606.ENSP00000260302,COL1A1,MMP13,9606,0.702,0.0,0.0,0.0,0.099,0.05,0.0,0.68
9606.ENSP00000225964,9606.ENSP00000378517,COL1A1,SPP1,9606,0.747,0.0,0.0,0.0,0.061,0.0,0.0,0.742
9606.ENSP00000225964,9606.ENSP00000322788,COL1A1,MMP1,9606,0.767,0.0,0.0,0.0,0.139,0.05,0.0,0.738
9606.ENSP00000225964,9606.ENSP00000327368,COL1A1,COL10A1,9606,0.781,0.0,0.0,0.152,0.208,0.0,0.4,0.521
9606.ENSP00000225964,9606.ENSP00000330523,COL1A1,CTHRC1,9606,0.795,0.0,0.0,0.0,0.333,0.0,0.0,0.706
9606.ENSP00000225964,9606.ENSP00000355751,COL1A1,THBS2,9606,0.828,0.0,0.0,0.0,0.368,0.099,0.0,0.722
9606.ENSP00000225964,9606.ENSP00000361405,COL1A1,MMP9,9606,0.84,0.0,0.0,0.0,0.089,0.05,0.0,0.83
9606.ENSP00000225964,9606.ENSP00000359114,COL1A1,COL11A1,9606,0.965,0.0,0.0,0.095,0.244,0.0,0.72,0.841
9606.ENSP00000225964,9606.ENSP00000304408,COL1A1,COL3A1,9606,0.999,0.0,0.0,0.065,0.958,0.0,0.9,0.965
9606.ENSP00000228843,9606.ENSP00000271452,RAD51AP1,NUF2,9606,0.706,0.0,0.0,0.0,0.575,0.0,0.0,0.338
9606.ENSP00000228843,9606.ENSP00000412292,RAD51AP1,DEPDC1,9606,0.715,0.0,0.0,0.0,0.489,0.0,0.0,0.465
9606.ENSP00000228843,9606.ENSP00000301633,RAD51AP1,BIRC5,9606,0.716,0.0,0.0,0.0,0.459,0.0,0.0,0.497
9606.ENSP00000228843,9606.ENSP00000265036,RAD51AP1,DEPDC1B,9606,0.722,0.0,0.0,0.0,0.657,0.0,0.0,0.224
9606.ENSP00000228843,9606.ENSP00000275517,RAD51AP1,CDCA5,9606,0.724,0.0,0.0,0.0,0.534,0.0,0.0,0.433
9606.ENSP00000228843,9606.ENSP00000302530,RAD51AP1,BUB1,9606,0.724,0.0,0.0,0.241,0.512,0.0,0.0,0.315
9606.ENSP00000228843,9606.ENSP00000342307,RAD51AP1,FOXM1,9606,0.727,0.0,0.0,0.0,0.461,0.0,0.0,0.515
9606.ENSP00000228843,9606.ENSP00000481380,RAD51AP1,CCNA2,9606,0.734,0.0,0.0,0.0,0.65,0.0,0.0,0.27
9606.ENSP00000228843,9606.ENSP00000288207,RAD51AP1,CCNB2,9606,0.734,0.0,0.0,0.0,0.462,0.0,0.0,0.526
9606.ENSP00000228843,9606.ENSP00000361540,RAD51AP1,CDC20,9606,0.737,0.0,0.0,0.0,0.484,0.0,0.0,0.511
9606.ENSP00000228843,9606.ENSP00000353770,RAD51AP1,RRM2,9606,0.744,0.0,0.0,0.0,0.485,0.0,0.0,0.525
9606.ENSP00000228843,9606.ENSP00000287598,RAD51AP1,BUB1B,9606,0.747,0.0,0.0,0.0,0.651,0.0,0.0,0.304
9606.ENSP00000228843,9606.ENSP00000306473,RAD51AP1,SHCBP1,9606,0.749,0.0,0.0,0.0,0.473,0.0,0.0,0.544
9606.ENSP00000228843,9606.ENSP00000310356,RAD51AP1,RMI2,9606,0.754,0.0,0.0,0.0,0.345,0.0,0.5,0.311
9606.ENSP00000228843,9606.ENSP00000499238,RAD51AP1,NUSAP1,9606,0.758,0.0,0.0,0.0,0.621,0.0,0.0,0.387
9606.ENSP00000228843,9606.ENSP00000377007,RAD51AP1,CENPN,9606,0.76,0.0,0.0,0.0,0.527,0.0,0.0,0.514
9606.ENSP00000228843,9606.ENSP00000428489,RAD51AP1,PBK,9606,0.771,0.0,0.0,0.0,0.55,0.0,0.0,0.513
9606.ENSP00000228843,9606.ENSP00000378356,RAD51AP1,KIF20A,9606,0.783,0.0,0.0,0.0,0.519,0.0,0.0,0.568
9606.ENSP00000228843,9606.ENSP00000363524,RAD51AP1,KIF4A,9606,0.795,0.0,0.0,0.0,0.533,0.0,0.0,0.579
9606.ENSP00000228843,9606.ENSP00000391090,RAD51AP1,CHEK1,9606,0.802,0.0,0.0,0.0,0.537,0.0,0.0,0.59
9606.ENSP00000228843,9606.ENSP00000281453,RAD51AP1,CENPU,9606,0.806,0.0,0.0,0.0,0.766,0.0,0.0,0.206
9606.ENSP00000228843,9606.ENSP00000411532,RAD51AP1,TOP2A,9606,0.822,0.0,0.0,0.0,0.641,0.0,0.0,0.524
9606.ENSP00000228843,9606.ENSP00000358813,RAD51AP1,TTK,9606,0.838,0.0,0.0,0.0,0.638,0.0,0.0,0.572
9606.ENSP00000228843,9606.ENSP00000360540,RAD51AP1,CEP55,9606,0.839,0.0,0.0,0.0,0.776,0.0,0.0,0.312
9606.ENSP00000228843,9606.ENSP00000378699,RAD51AP1,CDK1,9606,0.844,0.0,0.0,0.0,0.794,0.0,0.0,0.274
9606.ENSP00000228843,9606.ENSP00000377492,RAD51AP1,HMMR,9606,0.852,0.0,0.0,0.0,0.782,0.0,0.0,0.348
9606.ENSP00000228843,9606.ENSP00000240488,RAD51AP1,MND1,9606,0.857,0.0,0.0,0.0,0.765,0.0,0.0,0.417
9606.ENSP00000228843,9606.ENSP00000296509,RAD51AP1,MAD2L1,9606,0.859,0.0,0.0,0.0,0.724,0.0,0.0,0.509
9606.ENSP00000228843,9606.ENSP00000363055,RAD51AP1,ZWINT,9606,0.861,0.0,0.0,0.0,0.766,0.0,0.0,0.433
9606.ENSP00000228843,9606.ENSP00000260731,RAD51AP1,KIF11,9606,0.864,0.0,0.0,0.0,0.792,0.0,0.0,0.373
9606.ENSP00000228843,9606.ENSP00000247191,RAD51AP1,DLGAP5,9606,0.884,0.0,0.0,0.0,0.779,0.0,0.0,0.498
9606.ENSP00000228843,9606.ENSP00000298048,RAD51AP1,MELK,9606,0.887,0.0,0.0,0.0,0.784,0.0,0.0,0.5
9606.ENSP00000228843,9606.ENSP00000251496,RAD51AP1,NCAPG,9606,0.911,0.0,0.0,0.0,0.785,0.0,0.0,0.607
9606.ENSP00000240488,9606.ENSP00000481380,MND1,CCNA2,9606,0.718,0.0,0.0,0.0,0.682,0.0,0.0,0.15
9606.ENSP00000240488,9606.ENSP00000358813,MND1,TTK,9606,0.728,0.0,0.0,0.0,0.652,0.0,0.0,0.25
9606.ENSP00000240488,9606.ENSP00000395232,MND1,MTFR2,9606,0.768,0.0,0.0,0.0,0.729,0.0,0.0,0.182
9606.ENSP00000240488,9606.ENSP00000265036,MND1,DEPDC1B,9606,0.776,0.0,0.0,0.0,0.776,0.0,0.0,0.0
9606.ENSP00000240488,9606.ENSP00000261597,MND1,NDC80,9606,0.78,0.0,0.0,0.0,0.774,0.0,0.0,0.068
9606.ENSP00000240488,9606.ENSP00000377492,MND1,HMMR,9606,0.785,0.0,0.0,0.0,0.768,0.0,0.0,0.114
9606.ENSP00000240488,9606.ENSP00000282074,MND1,SPC25,9606,0.791,0.0,0.0,0.0,0.791,0.0,0.0,0.0
9606.ENSP00000240488,9606.ENSP00000356379,MND1,ASPM,9606,0.792,0.0,0.0,0.0,0.783,0.0,0.0,0.085
9606.ENSP00000240488,9606.ENSP00000360540,MND1,CEP55,9606,0.794,0.0,0.0,0.0,0.768,0.0,0.0,0.147
9606.ENSP00000240488,9606.ENSP00000298048,MND1,MELK,9606,0.797,0.0,0.0,0.0,0.778,0.0,0.0,0.124
9606.ENSP00000240488,9606.ENSP00000364855,MND1,MSH5,9606,0.804,0.0,0.0,0.0,0.074,0.0,0.0,0.797
9606.ENSP00000240488,9606.ENSP00000281453,MND1,CENPU,9606,0.805,0.0,0.0,0.0,0.771,0.0,0.0,0.186
9606.ENSP00000240488,9606.ENSP00000378699,MND1,CDK1,9606,0.805,0.0,0.0,0.0,0.782,0.0,0.0,0.138
9606.ENSP00000240488,9606.ENSP00000247191,MND1,DLGAP5,9606,0.816,0.0,0.0,0.0,0.78,0.0,0.0,0.199
9606.ENSP00000240488,9606.ENSP00000428489,MND1,PBK,9606,0.823,0.0,0.0,0.0,0.802,0.051,0.0,0.135
9606.ENSP00000240488,9606.ENSP00000251496,MND1,NCAPG,9606,0.824,0.0,0.0,0.0,0.785,0.0,0.0,0.212
9606.ENSP00000240488,9606.ENSP00000302530,MND1,BUB1,9606,0.825,0.0,0.0,0.0,0.788,0.0,0.0,0.206
9606.ENSP00000240488,9606.ENSP00000271452,MND1,NUF2,9606,0.829,0.0,0.0,0.0,0.8,0.0,0.0,0.183
9606.ENSP00000240488,9606.ENSP00000296509,MND1,MAD2L1,9606,0.837,0.0,0.0,0.0,0.784,0.0,0.0,0.276
9606.ENSP00000240488,9606.ENSP00000391090,MND1,CHEK1,9606,0.861,0.0,0.0,0.0,0.769,0.0,0.0,0.425
9606.ENSP00000244537,9606.ENSP00000411532,H4C6,TOP2A,9606,0.734,0.0,0.0,0.0,0.049,0.63,0.0,0.306
9606.ENSP00000244537,9606.ENSP00000479617,H4C6,UHRF1,9606,0.735,0.0,0.0,0.0,0.057,0.292,0.5,0.3
9606.ENSP00000244537,9606.ENSP00000481380,H4C6,CCNA2,9606,0.775,0.0,0.0,0.0,0.053,0.294,0.5,0.406
9606.ENSP00000244537,9606.ENSP00000378699,H4C6,CDK1,9606,0.82,0.0,0.0,0.0,0.056,0.333,0.4,0.581
9606.ENSP00000244537,9606.ENSP00000379911,H4C6,CENPK,9606,0.903,0.0,0.0,0.0,0.054,0.8,0.5,0.099
9606.ENSP00000244537,9606.ENSP00000281453,H4C6,CENPU,9606,0.905,0.0,0.0,0.0,0.058,0.8,0.5,0.113
9606.ENSP00000244537,9606.ENSP00000292614,H4C6,POLR2J,9606,0.927,0.0,0.0,0.0,0.044,0.852,0.5,0.086
9606.ENSP00000244537,9606.ENSP00000287394,H4C6,ATAD2,9606,0.96,0.0,0.0,0.0,0.056,0.914,0.0,0.554
9606.ENSP00000244537,9606.ENSP00000377007,H4C6,CENPN,9606,0.961,0.0,0.0,0.0,0.06,0.905,0.5,0.246
9606.ENSP00000244537,9606.ENSP00000316578,H4C6,SUZ12,9606,0.964,0.0,0.0,0.0,0.047,0.9,0.5,0.336
9606.ENSP00000244537,9606.ENSP00000358262,H4C6,CHD1L,9606,0.966,0.0,0.0,0.0,0.049,0.935,0.0,0.487
9606.ENSP00000244537,9606.ENSP00000320147,H4C6,EZH2,9606,0.977,0.0,0.0,0.0,0.062,0.908,0.5,0.531
9606.ENSP00000244537,9606.ENSP00000289316,H4C6,H2BC5,9606,0.992,0.0,0.06,0.0,0.317,0.929,0.4,0.768
9606.ENSP00000244537,9606.ENSP00000336868,H4C6,CENPA,9606,0.999,0.0,0.0,0.0,0.157,0.988,0.9,0.944
9606.ENSP00000244537,9606.ENSP00000414109,H4C6,HJURP,9606,0.999,0.0,0.0,0.0,0.049,0.966,0.5,0.972
9606.ENSP00000247191,9606.ENSP00000253462,DLGAP5,GINS2,9606,0.72,0.0,0.0,0.0,0.445,0.0,0.0,0.517
9606.ENSP00000247191,9606.ENSP00000281453,DLGAP5,CENPU,9606,0.734,0.0,0.0,0.0,0.438,0.0,0.0,0.546
9606.ENSP00000247191,9606.ENSP00000415430,DLGAP5,GTSE1,9606,0.736,0.0,0.0,0.0,0.492,0.0,0.0,0.502
9606.ENSP00000247191,9606.ENSP00000306473,DLGAP5,SHCBP1,9606,0.74,0.0,0.0,0.0,0.667,0.0,0.0,0.25
9606.ENSP00000247191,9606.ENSP00000335463,DLGAP5,KNL1,9606,0.748,0.0,0.0,0.0,0.465,0.0,0.0,0.548
9606.ENSP00000247191,9606.ENSP00000328236,DLGAP5,KNTC1,9606,0.764,0.0,0.0,0.0,0.7,0.0,0.0,0.247
9606.ENSP00000247191,9606.ENSP00000250024,DLGAP5,E2F8,9606,0.799,0.0,0.0,0.0,0.726,0.0,0.0,0.296
9606.ENSP00000247191,9606.ENSP00000468425,DLGAP5,TK1,9606,0.811,0.0,0.0,0.0,0.527,0.0,0.0,0.618
9606.ENSP00000247191,9606.ENSP00000465992,DLGAP5,KIF18B,9606,0.818,0.0,0.0,0.0,0.607,0.0,0.0,0.556
9606.ENSP00000247191,9606.ENSP00000282074,DLGAP5,SPC25,9606,0.854,0.0,0.0,0.0,0.828,0.0,0.0,0.185
9606.ENSP00000247191,9606.ENSP00000376457,DLGAP5,ECT2,9606,0.858,0.0,0.0,0.0,0.663,0.0,0.0,0.598
9606.ENSP00000247191,9606.ENSP00000342307,DLGAP5,FOXM1,9606,0.872,0.0,0.0,0.0,0.787,0.0,0.0,0.424
9606.ENSP00000247191,9606.ENSP00000265036,DLGAP5,DEPDC1B,9606,0.878,0.0,0.0,0.0,0.803,0.0,0.0,0.406
9606.ENSP00000247191,9606.ENSP00000412292,DLGAP5,DEPDC1,9606,0.881,0.0,0.0,0.0,0.809,0.0,0.0,0.404
9606.ENSP00000247191,9606.ENSP00000300035,DLGAP5,PCLAF,9606,0.881,0.0,0.0,0.0,0.769,0.0,0.0,0.505
9606.ENSP00000247191,9606.ENSP00000377793,DLGAP5,PRC1,9606,0.892,0.0,0.0,0.0,0.857,0.0,0.0,0.279
9606.ENSP00000247191,9606.ENSP00000328228,DLGAP5,CDCA2,9606,0.898,0.0,0.0,0.0,0.817,0.0,0.0,0.465
9606.ENSP00000247191,9606.ENSP00000357643,DLGAP5,MKI67,9606,0.902,0.0,0.0,0.0,0.841,0.0,0.0,0.409
9606.ENSP00000247191,9606.ENSP00000296509,DLGAP5,MAD2L1,9606,0.906,0.0,0.0,0.0,0.828,0.0,0.0,0.479
9606.ENSP00000247191,9606.ENSP00000377536,DLGAP5,PTTG1,9606,0.913,0.0,0.0,0.0,0.84,0.0,0.0,0.484
9606.ENSP00000247191,9606.ENSP00000265748,DLGAP5,ANLN,9606,0.914,0.0,0.0,0.0,0.828,0.0,0.0,0.523
9606.ENSP00000247191,9606.ENSP00000363055,DLGAP5,ZWINT,9606,0.92,0.0,0.0,0.0,0.787,0.0,0.0,0.643
9606.ENSP00000247191,9606.ENSP00000275517,DLGAP5,CDCA5,9606,0.921,0.0,0.0,0.0,0.782,0.0,0.0,0.652
9606.ENSP00000247191,9606.ENSP00000323300,DLGAP5,SPAG5,9606,0.928,0.0,0.0,0.0,0.872,0.072,0.0,0.447
9606.ENSP00000247191,9606.ENSP00000356319,DLGAP5,KIF14,9606,0.933,0.0,0.0,0.0,0.799,0.0,0.0,0.683
9606.ENSP00000247191,9606.ENSP00000336868,DLGAP5,CENPA,9606,0.945,0.0,0.0,0.0,0.837,0.0,0.0,0.68
9606.ENSP00000247191,9606.ENSP00000414109,DLGAP5,HJURP,9606,0.946,0.0,0.0,0.0,0.84,0.0,0.0,0.678
9606.ENSP00000247191,9606.ENSP00000251496,DLGAP5,NCAPG,9606,0.948,0.0,0.0,0.0,0.852,0.0,0.0,0.662
9606.ENSP00000247191,9606.ENSP00000353770,DLGAP5,RRM2,9606,0.95,0.0,0.0,0.0,0.848,0.0,0.0,0.683
9606.ENSP00000247191,9606.ENSP00000313950,DLGAP5,AURKB,9606,0.95,0.0,0.0,0.0,0.737,0.0,0.0,0.818
9606.ENSP00000247191,9606.ENSP00000260363,DLGAP5,KIF23,9606,0.951,0.0,0.0,0.0,0.854,0.0,0.0,0.678
9606.ENSP00000247191,9606.ENSP00000442068,DLGAP5,CDCA3,9606,0.951,0.0,0.0,0.0,0.902,0.0,0.0,0.521
9606.ENSP00000247191,9606.ENSP00000378699,DLGAP5,CDK1,9606,0.957,0.0,0.0,0.0,0.877,0.335,0.0,0.517
9606.ENSP00000247191,9606.ENSP00000261597,DLGAP5,NDC80,9606,0.957,0.0,0.0,0.0,0.929,0.0,0.0,0.418
9606.ENSP00000247191,9606.ENSP00000363524,DLGAP5,KIF4A,9606,0.962,0.0,0.0,0.0,0.859,0.0,0.0,0.741
9606.ENSP00000247191,9606.ENSP00000335357,DLGAP5,CDKN3,9606,0.962,0.0,0.0,0.0,0.958,0.045,0.0,0.122
9606.ENSP00000247191,9606.ENSP00000355966,DLGAP5,NEK2,9606,0.963,0.0,0.0,0.0,0.886,0.0,0.0,0.691
9606.ENSP00000247191,9606.ENSP00000271452,DLGAP5,NUF2,9606,0.964,0.0,0.0,0.0,0.911,0.0,0.0,0.615
9606.ENSP00000247191,9606.ENSP00000499238,DLGAP5,NUSAP1,9606,0.965,0.0,0.0,0.0,0.865,0.0,0.0,0.752
9606.ENSP00000247191,9606.ENSP00000256442,DLGAP5,CCNB1,9606,0.965,0.0,0.0,0.0,0.88,0.0,0.0,0.723
9606.ENSP00000247191,9606.ENSP00000301633,DLGAP5,BIRC5,9606,0.967,0.0,0.0,0.0,0.907,0.0,0.0,0.661
9606.ENSP00000247191,9606.ENSP00000348838,DLGAP5,UBE2C,9606,0.968,0.0,0.0,0.0,0.892,0.046,0.0,0.72
9606.ENSP00000247191,9606.ENSP00000481380,DLGAP5,CCNA2,9606,0.97,0.0,0.0,0.0,0.917,0.0,0.0,0.655
9606.ENSP00000247191,9606.ENSP00000378356,DLGAP5,KIF20A,9606,0.97,0.0,0.0,0.0,0.889,0.0,0.0,0.741
9606.ENSP00000247191,9606.ENSP00000288207,DLGAP5,CCNB2,9606,0.974,0.0,0.0,0.0,0.881,0.0,0.0,0.79
9606.ENSP00000247191,9606.ENSP00000361298,DLGAP5,KIF2C,9606,0.975,0.0,0.0,0.0,0.912,0.0,0.0,0.728
9606.ENSP00000247191,9606.ENSP00000355922,DLGAP5,CENPF,9606,0.976,0.0,0.0,0.0,0.913,0.0,0.0,0.743
9606.ENSP00000247191,9606.ENSP00000358813,DLGAP5,TTK,9606,0.977,0.0,0.0,0.0,0.947,0.0,0.0,0.582
9606.ENSP00000247191,9606.ENSP00000300403,DLGAP5,TPX2,9606,0.978,0.0,0.0,0.0,0.88,0.0,0.0,0.831
9606.ENSP00000247191,9606.ENSP00000411532,DLGAP5,TOP2A,9606,0.978,0.0,0.0,0.0,0.916,0.0,0.0,0.754
9606.ENSP00000247191,9606.ENSP00000428489,DLGAP5,PBK,9606,0.979,0.0,0.0,0.0,0.926,0.0,0.0,0.732
9606.ENSP00000247191,9606.ENSP00000361540,DLGAP5,CDC20,9606,0.981,0.0,0.0,0.0,0.931,0.0,0.0,0.735
9606.ENSP00000247191,9606.ENSP00000287598,DLGAP5,BUB1B,9606,0.981,0.0,0.0,0.0,0.928,0.0,0.0,0.746
9606.ENSP00000247191,9606.ENSP00000298048,DLGAP5,MELK,9606,0.982,0.0,0.0,0.0,0.91,0.0,0.0,0.813
9606.ENSP00000247191,9606.ENSP00000302530,DLGAP5,BUB1,9606,0.986,0.0,0.0,0.0,0.949,0.0,0.0,0.751
9606.ENSP00000247191,9606.ENSP00000356379,DLGAP5,ASPM,9606,0.994,0.0,0.0,0.0,0.974,0.0,0.0,0.799
9606.ENSP00000247191,9606.ENSP00000260731,DLGAP5,KIF11,9606,0.997,0.0,0.0,0.0,0.966,0.0,0.0,0.922
9606.ENSP00000247191,9606.ENSP00000377492,DLGAP5,HMMR,9606,0.999,0.0,0.0,0.0,0.999,0.072,0.0,0.594
9606.ENSP00000247191,9606.ENSP00000360540,DLGAP5,CEP55,9606,0.999,0.0,0.0,0.0,0.999,0.0,0.0,0.755
9606.ENSP00000250024,9606.ENSP00000468425,E2F8,TK1,9606,0.714,0.0,0.0,0.0,0.453,0.0,0.0,0.498
9606.ENSP00000250024,9606.ENSP00000302530,E2F8,BUB1,9606,0.72,0.0,0.0,0.0,0.58,0.0,0.0,0.36
9606.ENSP00000250024,9606.ENSP00000378356,E2F8,KIF20A,9606,0.722,0.0,0.0,0.0,0.636,0.0,0.0,0.267
9606.ENSP00000250024,9606.ENSP00000429089,E2F8,CCNE2,9606,0.723,0.0,0.0,0.0,0.48,0.0,0.0,0.49
9606.ENSP00000250024,9606.ENSP00000378699,E2F8,CDK1,9606,0.734,0.0,0.0,0.0,0.523,0.066,0.0,0.452
9606.ENSP00000250024,9606.ENSP00000323300,E2F8,SPAG5,9606,0.735,0.0,0.0,0.0,0.71,0.0,0.0,0.124
9606.ENSP00000250024,9606.ENSP00000298048,E2F8,MELK,9606,0.745,0.0,0.0,0.0,0.528,0.0,0.0,0.482
9606.ENSP00000250024,9606.ENSP00000355966,E2F8,NEK2,9606,0.753,0.0,0.0,0.0,0.602,0.0,0.0,0.404
9606.ENSP00000250024,9606.ENSP00000363055,E2F8,ZWINT,9606,0.766,0.0,0.0,0.0,0.639,0.0,0.0,0.378
9606.ENSP00000250024,9606.ENSP00000342307,E2F8,FOXM1,9606,0.77,0.0,0.0,0.0,0.609,0.0,0.0,0.435
9606.ENSP00000250024,9606.ENSP00000414109,E2F8,HJURP,9606,0.771,0.0,0.0,0.0,0.575,0.0,0.0,0.484
9606.ENSP00000250024,9606.ENSP00000361298,E2F8,KIF2C,9606,0.772,0.0,0.0,0.0,0.677,0.0,0.0,0.323
9606.ENSP00000250024,9606.ENSP00000357643,E2F8,MKI67,9606,0.782,0.0,0.0,0.0,0.722,0.0,0.0,0.248
9606.ENSP00000250024,9606.ENSP00000358813,E2F8,TTK,9606,0.786,0.0,0.0,0.0,0.661,0.0,0.0,0.395
9606.ENSP00000250024,9606.ENSP00000355922,E2F8,CENPF,9606,0.803,0.0,0.0,0.0,0.587,0.0,0.0,0.542
9606.ENSP00000250024,9606.ENSP00000353770,E2F8,RRM2,9606,0.805,0.0,0.0,0.0,0.688,0.0,0.0,0.401
9606.ENSP00000250024,9606.ENSP00000411532,E2F8,TOP2A,9606,0.808,0.0,0.0,0.0,0.728,0.0,0.0,0.323
9606.ENSP00000250024,9606.ENSP00000481380,E2F8,CCNA2,9606,0.816,0.0,0.0,0.0,0.66,0.057,0.0,0.473
9606.ENSP00000250024,9606.ENSP00000287598,E2F8,BUB1B,9606,0.836,0.0,0.0,0.0,0.777,0.0,0.0,0.294
9606.ENSP00000250024,9606.ENSP00000260731,E2F8,KIF11,9606,0.87,0.0,0.0,0.0,0.815,0.0,0.0,0.324
9606.ENSP00000250448,9606.ENSP00000363149,FOXA1,SPDEF,9606,0.709,0.0,0.0,0.0,0.332,0.0,0.0,0.583
9606.ENSP00000250448,9606.ENSP00000501092,FOXA1,TFAP2A,9606,0.716,0.0,0.0,0.0,0.139,0.31,0.0,0.56
9606.ENSP00000250448,9606.ENSP00000378699,FOXA1,CDK1,9606,0.787,0.0,0.0,0.0,0.072,0.51,0.0,0.57
9606.ENSP00000250448,9606.ENSP00000391490,FOXA1,AGR2,9606,0.85,0.0,0.0,0.0,0.457,0.292,0.0,0.642
9606.ENSP00000250448,9606.ENSP00000291527,FOXA1,TFF1,9606,0.88,0.0,0.0,0.0,0.328,0.0,0.5,0.674
9606.ENSP00000251496,9606.ENSP00000360944,NCAPG,STIL,9606,0.708,0.0,0.0,0.0,0.651,0.0,0.0,0.199
9606.ENSP00000251496,9606.ENSP00000265036,NCAPG,DEPDC1B,9606,0.739,0.0,0.0,0.0,0.657,0.0,0.0,0.27
9606.ENSP00000251496,9606.ENSP00000323300,NCAPG,SPAG5,9606,0.742,0.0,0.0,0.0,0.607,0.0,0.0,0.372
9606.ENSP00000251496,9606.ENSP00000300035,NCAPG,PCLAF,9606,0.744,0.0,0.0,0.0,0.559,0.0,0.0,0.444
9606.ENSP00000251496,9606.ENSP00000391090,NCAPG,CHEK1,9606,0.775,0.0,0.0,0.0,0.698,0.0,0.0,0.286
9606.ENSP00000251496,9606.ENSP00000377536,NCAPG,PTTG1,9606,0.804,0.0,0.0,0.0,0.664,0.0,0.0,0.44
9606.ENSP00000251496,9606.ENSP00000442068,NCAPG,CDCA3,9606,0.81,0.0,0.0,0.0,0.738,0.0,0.0,0.305
9606.ENSP00000251496,9606.ENSP00000335357,NCAPG,CDKN3,9606,0.816,0.0,0.0,0.0,0.792,0.0,0.0,0.15
9606.ENSP00000251496,9606.ENSP00000355966,NCAPG,NEK2,9606,0.823,0.0,0.0,0.0,0.589,0.0,0.0,0.587
9606.ENSP00000251496,9606.ENSP00000412292,NCAPG,DEPDC1,9606,0.824,0.0,0.0,0.0,0.784,0.0,0.0,0.22
9606.ENSP00000251496,9606.ENSP00000306473,NCAPG,SHCBP1,9606,0.83,0.0,0.0,0.0,0.789,0.0,0.0,0.228
9606.ENSP00000251496,9606.ENSP00000296509,NCAPG,MAD2L1,9606,0.837,0.0,0.0,0.0,0.574,0.088,0.0,0.614
9606.ENSP00000251496,9606.ENSP00000310842,NCAPG,FANCI,9606,0.842,0.0,0.0,0.0,0.793,0.0,0.0,0.27
9606.ENSP00000251496,9606.ENSP00000281453,NCAPG,CENPU,9606,0.846,0.0,0.0,0.0,0.665,0.0,0.0,0.561
9606.ENSP00000251496,9606.ENSP00000253462,NCAPG,GINS2,9606,0.852,0.0,0.0,0.0,0.694,0.0,0.0,0.537
9606.ENSP00000251496,9606.ENSP00000363055,NCAPG,ZWINT,9606,0.852,0.0,0.0,0.0,0.657,0.0,0.0,0.587
9606.ENSP00000251496,9606.ENSP00000342307,NCAPG,FOXM1,9606,0.86,0.0,0.0,0.0,0.658,0.07,0.0,0.597
9606.ENSP00000251496,9606.ENSP00000328228,NCAPG,CDCA2,9606,0.86,0.0,0.0,0.0,0.794,0.0,0.0,0.35
9606.ENSP00000251496,9606.ENSP00000348838,NCAPG,UBE2C,9606,0.86,0.0,0.0,0.0,0.724,0.059,0.0,0.507
9606.ENSP00000251496,9606.ENSP00000376457,NCAPG,ECT2,9606,0.865,0.0,0.0,0.0,0.813,0.0,0.0,0.307
9606.ENSP00000251496,9606.ENSP00000282074,NCAPG,SPC25,9606,0.866,0.0,0.0,0.0,0.839,0.0,0.0,0.205
9606.ENSP00000251496,9606.ENSP00000336868,NCAPG,CENPA,9606,0.87,0.0,0.0,0.0,0.743,0.092,0.0,0.487
9606.ENSP00000251496,9606.ENSP00000301633,NCAPG,BIRC5,9606,0.876,0.0,0.0,0.0,0.685,0.1,0.0,0.597
9606.ENSP00000251496,9606.ENSP00000414109,NCAPG,HJURP,9606,0.882,0.0,0.0,0.0,0.784,0.0,0.0,0.477
9606.ENSP00000251496,9606.ENSP00000275517,NCAPG,CDCA5,9606,0.886,0.0,0.0,0.0,0.792,0.0,0.0,0.478
9606.ENSP00000251496,9606.ENSP00000353770,NCAPG,RRM2,9606,0.892,0.0,0.0,0.0,0.802,0.0,0.0,0.475
9606.ENSP00000251496,9606.ENSP00000360540,NCAPG,CEP55,9606,0.899,0.0,0.0,0.0,0.825,0.0,0.0,0.447
9606.ENSP00000251496,9606.ENSP00000357643,NCAPG,MKI67,9606,0.908,0.0,0.0,0.0,0.811,0.0,0.0,0.537
9606.ENSP00000251496,9606.ENSP00000377492,NCAPG,HMMR,9606,0.909,0.0,0.0,0.0,0.817,0.0,0.0,0.523
9606.ENSP00000251496,9606.ENSP00000313950,NCAPG,AURKB,9606,0.913,0.0,0.0,0.0,0.711,0.075,0.0,0.7
9606.ENSP00000251496,9606.ENSP00000428489,NCAPG,PBK,9606,0.92,0.0,0.0,0.0,0.846,0.0,0.0,0.507
9606.ENSP00000251496,9606.ENSP00000377793,NCAPG,PRC1,9606,0.921,0.0,0.0,0.0,0.844,0.292,0.0,0.345
9606.ENSP00000251496,9606.ENSP00000356319,NCAPG,KIF14,9606,0.924,0.0,0.0,0.0,0.787,0.0,0.0,0.66
9606.ENSP00000251496,9606.ENSP00000355922,NCAPG,CENPF,9606,0.924,0.0,0.0,0.0,0.827,0.0,0.0,0.582
9606.ENSP00000251496,9606.ENSP00000271452,NCAPG,NUF2,9606,0.93,0.0,0.0,0.0,0.865,0.0,0.0,0.505
9606.ENSP00000251496,9606.ENSP00000499238,NCAPG,NUSAP1,9606,0.931,0.0,0.0,0.0,0.84,0.0,0.0,0.59
9606.ENSP00000251496,9606.ENSP00000361298,NCAPG,KIF2C,9606,0.933,0.0,0.0,0.0,0.813,0.0,0.0,0.66
9606.ENSP00000251496,9606.ENSP00000363524,NCAPG,KIF4A,9606,0.934,0.0,0.0,0.0,0.843,0.0,0.0,0.599
9606.ENSP00000251496,9606.ENSP00000298048,NCAPG,MELK,9606,0.936,0.0,0.0,0.0,0.85,0.0,0.0,0.59
9606.ENSP00000251496,9606.ENSP00000261597,NCAPG,NDC80,9606,0.949,0.0,0.0,0.0,0.935,0.0,0.0,0.245
9606.ENSP00000251496,9606.ENSP00000361540,NCAPG,CDC20,9606,0.949,0.0,0.0,0.0,0.816,0.0,0.0,0.737
9606.ENSP00000251496,9606.ENSP00000260363,NCAPG,KIF23,9606,0.949,0.0,0.0,0.215,0.827,0.0,0.0,0.656
9606.ENSP00000251496,9606.ENSP00000300403,NCAPG,TPX2,9606,0.949,0.0,0.0,0.0,0.827,0.0,0.0,0.72
9606.ENSP00000251496,9606.ENSP00000481380,NCAPG,CCNA2,9606,0.949,0.0,0.0,0.0,0.854,0.0,0.0,0.668
9606.ENSP00000251496,9606.ENSP00000287598,NCAPG,BUB1B,9606,0.952,0.0,0.0,0.0,0.837,0.0,0.0,0.719
9606.ENSP00000251496,9606.ENSP00000378356,NCAPG,KIF20A,9606,0.958,0.0,0.0,0.0,0.844,0.0,0.0,0.745
9606.ENSP00000251496,9606.ENSP00000256442,NCAPG,CCNB1,9606,0.962,0.0,0.0,0.0,0.824,0.0,0.4,0.672
9606.ENSP00000251496,9606.ENSP00000411532,NCAPG,TOP2A,9606,0.967,0.0,0.0,0.0,0.85,0.088,0.0,0.78
9606.ENSP00000251496,9606.ENSP00000288207,NCAPG,CCNB2,9606,0.97,0.0,0.0,0.0,0.823,0.0,0.4,0.742
9606.ENSP00000251496,9606.ENSP00000356379,NCAPG,ASPM,9606,0.972,0.0,0.0,0.0,0.91,0.0,0.0,0.702
9606.ENSP00000251496,9606.ENSP00000358813,NCAPG,TTK,9606,0.973,0.0,0.0,0.0,0.923,0.0,0.0,0.667
9606.ENSP00000251496,9606.ENSP00000260731,NCAPG,KIF11,9606,0.975,0.0,0.0,0.0,0.912,0.086,0.0,0.722
9606.ENSP00000251496,9606.ENSP00000302530,NCAPG,BUB1,9606,0.976,0.0,0.0,0.0,0.908,0.0,0.0,0.756
9606.ENSP00000251496,9606.ENSP00000378699,NCAPG,CDK1,9606,0.981,0.0,0.0,0.0,0.866,0.292,0.4,0.708
9606.ENSP00000253462,9606.ENSP00000411532,GINS2,TOP2A,9606,0.711,0.0,0.0,0.0,0.6,0.0,0.0,0.306
9606.ENSP00000253462,9606.ENSP00000315644,GINS2,TYMS,9606,0.743,0.0,0.0,0.0,0.605,0.0,0.0,0.376
9606.ENSP00000253462,9606.ENSP00000288207,GINS2,CCNB2,9606,0.844,0.0,0.0,0.0,0.778,0.058,0.0,0.313
9606.ENSP00000253462,9606.ENSP00000262460,GINS2,GINS1,9606,0.999,0.0,0.0,0.0,0.701,0.999,0.8,0.998
9606.ENSP00000256442,9606.ENSP00000262460,CCNB1,GINS1,9606,0.711,0.0,0.0,0.0,0.456,0.091,0.0,0.462
9606.ENSP00000256442,9606.ENSP00000328236,CCNB1,KNTC1,9606,0.731,0.0,0.0,0.0,0.387,0.071,0.4,0.305
9606.ENSP00000256442,9606.ENSP00000415430,CCNB1,GTSE1,9606,0.746,0.0,0.0,0.0,0.402,0.0,0.4,0.35
9606.ENSP00000256442,9606.ENSP00000262643,CCNB1,CCNE1,9606,0.746,0.0,0.0,0.0,0.467,0.0,0.0,0.544
9606.ENSP00000256442,9606.ENSP00000310842,CCNB1,FANCI,9606,0.746,0.0,0.0,0.0,0.508,0.0,0.0,0.505
9606.ENSP00000256442,9606.ENSP00000281453,CCNB1,CENPU,9606,0.747,0.0,0.0,0.0,0.418,0.0,0.4,0.334
9606.ENSP00000256442,9606.ENSP00000429089,CCNB1,CCNE2,9606,0.755,0.0,0.0,0.0,0.456,0.0,0.0,0.569
9606.ENSP00000256442,9606.ENSP00000328228,CCNB1,CDCA2,9606,0.763,0.0,0.0,0.0,0.584,0.0,0.0,0.453
9606.ENSP00000256442,9606.ENSP00000377007,CCNB1,CENPN,9606,0.768,0.0,0.0,0.0,0.553,0.0,0.4,0.205
9606.ENSP00000256442,9606.ENSP00000335463,CCNB1,KNL1,9606,0.789,0.0,0.0,0.0,0.444,0.117,0.4,0.368
9606.ENSP00000256442,9606.ENSP00000300035,CCNB1,PCLAF,9606,0.796,0.0,0.0,0.0,0.542,0.0,0.0,0.574
9606.ENSP00000256442,9606.ENSP00000315644,CCNB1,TYMS,9606,0.841,0.0,0.0,0.0,0.51,0.0,0.0,0.688
9606.ENSP00000256442,9606.ENSP00000265036,CCNB1,DEPDC1B,9606,0.845,0.0,0.0,0.0,0.822,0.0,0.0,0.164
9606.ENSP00000256442,9606.ENSP00000494957,CCNB1,UBE2T,9606,0.851,0.0,0.0,0.0,0.79,0.072,0.0,0.296
9606.ENSP00000256442,9606.ENSP00000265748,CCNB1,ANLN,9606,0.86,0.0,0.0,0.0,0.607,0.0,0.0,0.657
9606.ENSP00000256442,9606.ENSP00000356319,CCNB1,KIF14,9606,0.861,0.0,0.0,0.0,0.773,0.0,0.0,0.416
9606.ENSP00000256442,9606.ENSP00000323300,CCNB1,SPAG5,9606,0.865,0.0,0.0,0.0,0.787,0.146,0.0,0.318
9606.ENSP00000256442,9606.ENSP00000357643,CCNB1,MKI67,9606,0.868,0.0,0.0,0.0,0.699,0.0,0.0,0.581
9606.ENSP00000256442,9606.ENSP00000275517,CCNB1,CDCA5,9606,0.869,0.0,0.0,0.0,0.639,0.0,0.4,0.445
9606.ENSP00000256442,9606.ENSP00000412292,CCNB1,DEPDC1,9606,0.871,0.0,0.0,0.0,0.822,0.0,0.0,0.308
9606.ENSP00000256442,9606.ENSP00000414109,CCNB1,HJURP,9606,0.871,0.0,0.0,0.0,0.744,0.0,0.0,0.516
9606.ENSP00000256442,9606.ENSP00000468425,CCNB1,TK1,9606,0.879,0.0,0.0,0.0,0.726,0.0,0.0,0.576
9606.ENSP00000256442,9606.ENSP00000282074,CCNB1,SPC25,9606,0.903,0.0,0.0,0.0,0.815,0.0,0.4,0.194
9606.ENSP00000256442,9606.ENSP00000353770,CCNB1,RRM2,9606,0.905,0.0,0.0,0.0,0.653,0.0,0.0,0.739
9606.ENSP00000256442,9606.ENSP00000355966,CCNB1,NEK2,9606,0.91,0.0,0.0,0.0,0.782,0.0,0.0,0.606
9606.ENSP00000256442,9606.ENSP00000376457,CCNB1,ECT2,9606,0.911,0.0,0.0,0.0,0.62,0.071,0.0,0.768
9606.ENSP00000256442,9606.ENSP00000260363,CCNB1,KIF23,9606,0.922,0.0,0.0,0.0,0.84,0.0,0.0,0.532
9606.ENSP00000256442,9606.ENSP00000499238,CCNB1,NUSAP1,9606,0.923,0.0,0.0,0.0,0.84,0.0,0.0,0.543
9606.ENSP00000256442,9606.ENSP00000363524,CCNB1,KIF4A,9606,0.931,0.0,0.0,0.0,0.82,0.0,0.0,0.636
9606.ENSP00000256442,9606.ENSP00000384863,CCNB1,XPO1,9606,0.931,0.0,0.0,0.0,0.144,0.097,0.75,0.686
9606.ENSP00000256442,9606.ENSP00000377793,CCNB1,PRC1,9606,0.932,0.0,0.0,0.0,0.825,0.356,0.0,0.452
9606.ENSP00000256442,9606.ENSP00000391090,CCNB1,CHEK1,9606,0.935,0.0,0.0,0.0,0.449,0.069,0.0,0.885
9606.ENSP00000256442,9606.ENSP00000358813,CCNB1,TTK,9606,0.936,0.0,0.0,0.0,0.783,0.071,0.0,0.706
9606.ENSP00000256442,9606.ENSP00000442068,CCNB1,CDCA3,9606,0.936,0.0,0.0,0.0,0.89,0.0,0.0,0.446
9606.ENSP00000256442,9606.ENSP00000360540,CCNB1,CEP55,9606,0.94,0.0,0.0,0.0,0.814,0.0,0.0,0.693
9606.ENSP00000256442,9606.ENSP00000335357,CCNB1,CDKN3,9606,0.941,0.0,0.0,0.0,0.812,0.175,0.0,0.65
9606.ENSP00000256442,9606.ENSP00000377492,CCNB1,HMMR,9606,0.942,0.0,0.0,0.0,0.799,0.091,0.0,0.709
9606.ENSP00000256442,9606.ENSP00000300403,CCNB1,TPX2,9606,0.949,0.0,0.0,0.0,0.836,0.045,0.0,0.703
9606.ENSP00000256442,9606.ENSP00000363055,CCNB1,ZWINT,9606,0.95,0.0,0.0,0.0,0.775,0.0,0.4,0.66
9606.ENSP00000256442,9606.ENSP00000356379,CCNB1,ASPM,9606,0.952,0.0,0.0,0.0,0.838,0.0,0.0,0.714
9606.ENSP00000256442,9606.ENSP00000336868,CCNB1,CENPA,9606,0.953,0.0,0.0,0.0,0.826,0.047,0.4,0.584
9606.ENSP00000256442,9606.ENSP00000378356,CCNB1,KIF20A,9606,0.954,0.0,0.0,0.0,0.843,0.0,0.0,0.722
9606.ENSP00000256442,9606.ENSP00000313950,CCNB1,AURKB,9606,0.962,0.0,0.0,0.0,0.587,0.094,0.4,0.851
9606.ENSP00000256442,9606.ENSP00000428489,CCNB1,PBK,9606,0.962,0.0,0.0,0.0,0.858,0.098,0.0,0.729
9606.ENSP00000256442,9606.ENSP00000361298,CCNB1,KIF2C,9606,0.966,0.0,0.0,0.0,0.813,0.0,0.4,0.724
9606.ENSP00000256442,9606.ENSP00000260731,CCNB1,KIF11,9606,0.966,0.0,0.0,0.0,0.849,0.136,0.0,0.762
9606.ENSP00000256442,9606.ENSP00000271452,CCNB1,NUF2,9606,0.967,0.0,0.0,0.0,0.848,0.0,0.4,0.668
9606.ENSP00000256442,9606.ENSP00000298048,CCNB1,MELK,9606,0.972,0.0,0.0,0.0,0.849,0.126,0.0,0.808
9606.ENSP00000256442,9606.ENSP00000261597,CCNB1,NDC80,9606,0.981,0.0,0.0,0.0,0.851,0.226,0.72,0.492
9606.ENSP00000256442,9606.ENSP00000377536,CCNB1,PTTG1,9606,0.984,0.0,0.0,0.0,0.854,0.0,0.0,0.899
9606.ENSP00000256442,9606.ENSP00000355922,CCNB1,CENPF,9606,0.988,0.0,0.0,0.0,0.832,0.0,0.72,0.773
9606.ENSP00000256442,9606.ENSP00000342307,CCNB1,FOXM1,9606,0.988,0.0,0.0,0.0,0.683,0.535,0.5,0.863
9606.ENSP00000256442,9606.ENSP00000296509,CCNB1,MAD2L1,9606,0.988,0.0,0.0,0.0,0.812,0.127,0.4,0.899
9606.ENSP00000256442,9606.ENSP00000411532,CCNB1,TOP2A,9606,0.989,0.0,0.0,0.0,0.859,0.052,0.0,0.925
9606.ENSP00000256442,9606.ENSP00000348838,CCNB1,UBE2C,9606,0.99,0.0,0.0,0.0,0.859,0.072,0.5,0.877
9606.ENSP00000256442,9606.ENSP00000302530,CCNB1,BUB1,9606,0.992,0.0,0.0,0.0,0.846,0.279,0.4,0.9
9606.ENSP00000256442,9606.ENSP00000301633,CCNB1,BIRC5,9606,0.993,0.0,0.0,0.0,0.906,0.098,0.4,0.884
9606.ENSP00000256442,9606.ENSP00000481380,CCNB1,CCNA2,9606,0.995,0.0,0.0,0.0,0.855,0.588,0.4,0.889
9606.ENSP00000256442,9606.ENSP00000288207,CCNB1,CCNB2,9606,0.998,0.0,0.0,0.067,0.785,0.803,0.9,0.741
9606.ENSP00000256442,9606.ENSP00000287598,CCNB1,BUB1B,9606,0.998,0.0,0.0,0.0,0.847,0.279,0.72,0.966
9606.ENSP00000256442,9606.ENSP00000361540,CCNB1,CDC20,9606,0.999,0.0,0.0,0.0,0.91,0.989,0.9,0.97
9606.ENSP00000256442,9606.ENSP00000378699,CCNB1,CDK1,9606,0.999,0.0,0.0,0.0,0.895,0.999,0.9,0.999
9606.ENSP00000257264,9606.ENSP00000362108,TCN1,LCN2,9606,0.733,0.0,0.0,0.0,0.426,0.0,0.0,0.555
9606.ENSP00000258729,9606.ENSP00000378356,IGF2BP3,KIF20A,9606,0.714,0.0,0.0,0.0,0.189,0.292,0.0,0.542
9606.ENSP00000258729,9606.ENSP00000378284,IGF2BP3,MATR3,9606,0.735,0.0,0.0,0.0,0.0,0.456,0.0,0.532
9606.ENSP00000259008,9606.ENSP00000494957,BRIP1,UBE2T,9606,0.742,0.0,0.0,0.0,0.2,0.051,0.0,0.687
9606.ENSP00000259008,9606.ENSP00000310356,BRIP1,RMI2,9606,0.752,0.0,0.0,0.0,0.161,0.0,0.5,0.457
9606.ENSP00000259008,9606.ENSP00000391090,BRIP1,CHEK1,9606,0.933,0.0,0.0,0.0,0.279,0.068,0.8,0.566
9606.ENSP00000259008,9606.ENSP00000310842,BRIP1,FANCI,9606,0.994,0.0,0.0,0.0,0.256,0.0,0.0,0.993
9606.ENSP00000259008,9606.ENSP00000287647,BRIP1,FANCD2,9606,0.997,0.0,0.0,0.0,0.209,0.515,0.0,0.993
9606.ENSP00000259818,9606.ENSP00000271452,TUBB2B,NUF2,9606,0.846,0.0,0.0,0.0,0.129,0.807,0.0,0.158
9606.ENSP00000259818,9606.ENSP00000300403,TUBB2B,TPX2,9606,0.911,0.0,0.0,0.0,0.117,0.9,0.0,0.074
9606.ENSP00000259818,9606.ENSP00000356319,TUBB2B,KIF14,9606,0.916,0.0,0.0,0.0,0.087,0.9,0.0,0.156
9606.ENSP00000259818,9606.ENSP00000377793,TUBB2B,PRC1,9606,0.924,0.0,0.0,0.0,0.127,0.905,0.0,0.154
9606.ENSP00000259818,9606.ENSP00000361298,TUBB2B,KIF2C,9606,0.924,0.0,0.0,0.0,0.104,0.9,0.0,0.223
9606.ENSP00000259818,9606.ENSP00000261597,TUBB2B,NDC80,9606,0.925,0.0,0.0,0.0,0.131,0.905,0.0,0.168
9606.ENSP00000259818,9606.ENSP00000260731,TUBB2B,KIF11,9606,0.974,0.0,0.0,0.0,0.081,0.941,0.0,0.561
9606.ENSP00000260126,9606.ENSP00000260128,SLCO5A1,SULF1,9606,0.925,0.0,0.0,0.0,0.046,0.0,0.0,0.925
9606.ENSP00000260128,9606.ENSP00000304408,SULF1,COL3A1,9606,0.748,0.0,0.0,0.0,0.443,0.0,0.0,0.566
9606.ENSP00000260227,9606.ENSP00000458585,MMP7,MMP12,9606,0.737,0.0,0.0,0.08,0.199,0.0,0.4,0.476
9606.ENSP00000260227,9606.ENSP00000361850,MMP7,PLAU,9606,0.746,0.0,0.0,0.0,0.088,0.0,0.0,0.732
9606.ENSP00000260227,9606.ENSP00000322788,MMP7,MMP1,9606,0.878,0.0,0.0,0.079,0.149,0.0,0.5,0.727
9606.ENSP00000260227,9606.ENSP00000361405,MMP7,MMP9,9606,0.883,0.0,0.0,0.0,0.15,0.0,0.4,0.789
9606.ENSP00000260227,9606.ENSP00000378517,MMP7,SPP1,9606,0.941,0.0,0.0,0.0,0.149,0.0,0.75,0.745
9606.ENSP00000260302,9606.ENSP00000327368,MMP13,COL10A1,9606,0.936,0.0,0.0,0.0,0.362,0.05,0.0,0.903
9606.ENSP00000260363,9606.ENSP00000328228,KIF23,CDCA2,9606,0.758,0.0,0.0,0.0,0.561,0.0,0.0,0.472
9606.ENSP00000260363,9606.ENSP00000335463,KIF23,KNL1,9606,0.762,0.0,0.0,0.0,0.49,0.0,0.0,0.552
9606.ENSP00000260363,9606.ENSP00000353770,KIF23,RRM2,9606,0.763,0.0,0.0,0.0,0.62,0.0,0.0,0.403
9606.ENSP00000260363,9606.ENSP00000342307,KIF23,FOXM1,9606,0.789,0.0,0.0,0.0,0.702,0.0,0.0,0.324
9606.ENSP00000260363,9606.ENSP00000355966,KIF23,NEK2,9606,0.793,0.0,0.0,0.0,0.661,0.0,0.0,0.416
9606.ENSP00000260363,9606.ENSP00000361540,KIF23,CDC20,9606,0.797,0.0,0.0,0.0,0.617,0.0,0.0,0.493
9606.ENSP00000260363,9606.ENSP00000328236,KIF23,KNTC1,9606,0.798,0.0,0.0,0.0,0.718,0.0,0.0,0.311
9606.ENSP00000260363,9606.ENSP00000275517,KIF23,CDCA5,9606,0.799,0.0,0.0,0.0,0.437,0.0,0.0,0.659
9606.ENSP00000260363,9606.ENSP00000296509,KIF23,MAD2L1,9606,0.821,0.0,0.0,0.0,0.66,0.0,0.0,0.494
9606.ENSP00000260363,9606.ENSP00000358813,KIF23,TTK,9606,0.833,0.0,0.0,0.0,0.71,0.0,0.0,0.447
9606.ENSP00000260363,9606.ENSP00000348838,KIF23,UBE2C,9606,0.834,0.0,0.0,0.0,0.695,0.0,0.0,0.478
9606.ENSP00000260363,9606.ENSP00000414109,KIF23,HJURP,9606,0.842,0.0,0.0,0.0,0.651,0.0,0.0,0.567
9606.ENSP00000260363,9606.ENSP00000465992,KIF23,KIF18B,9606,0.859,0.0,0.0,0.0,0.435,0.0,0.54,0.504
9606.ENSP00000260363,9606.ENSP00000412292,KIF23,DEPDC1,9606,0.865,0.0,0.0,0.0,0.788,0.0,0.0,0.39
9606.ENSP00000260363,9606.ENSP00000336868,KIF23,CENPA,9606,0.865,0.0,0.0,0.0,0.538,0.287,0.0,0.624
9606.ENSP00000260363,9606.ENSP00000261597,KIF23,NDC80,9606,0.866,0.0,0.0,0.0,0.843,0.0,0.0,0.184
9606.ENSP00000260363,9606.ENSP00000363055,KIF23,ZWINT,9606,0.868,0.0,0.0,0.0,0.638,0.0,0.0,0.649
9606.ENSP00000260363,9606.ENSP00000357643,KIF23,MKI67,9606,0.88,0.0,0.0,0.0,0.769,0.312,0.0,0.305
9606.ENSP00000260363,9606.ENSP00000428489,KIF23,PBK,9606,0.884,0.0,0.0,0.0,0.833,0.049,0.0,0.326
9606.ENSP00000260363,9606.ENSP00000301633,KIF23,BIRC5,9606,0.885,0.0,0.0,0.0,0.614,0.3,0.0,0.611
9606.ENSP00000260363,9606.ENSP00000442068,KIF23,CDCA3,9606,0.886,0.0,0.0,0.0,0.812,0.0,0.0,0.421
9606.ENSP00000260363,9606.ENSP00000377492,KIF23,HMMR,9606,0.889,0.0,0.0,0.0,0.78,0.294,0.0,0.343
9606.ENSP00000260363,9606.ENSP00000499238,KIF23,NUSAP1,9606,0.9,0.0,0.0,0.0,0.826,0.0,0.0,0.451
9606.ENSP00000260363,9606.ENSP00000298048,KIF23,MELK,9606,0.906,0.0,0.0,0.0,0.856,0.0,0.0,0.375
9606.ENSP00000260363,9606.ENSP00000300403,KIF23,TPX2,9606,0.906,0.0,0.0,0.0,0.816,0.0,0.0,0.512
9606.ENSP00000260363,9606.ENSP00000271452,KIF23,NUF2,9606,0.912,0.0,0.0,0.0,0.8,0.0,0.0,0.58
9606.ENSP00000260363,9606.ENSP00000378699,KIF23,CDK1,9606,0.914,0.0,0.0,0.0,0.808,0.0,0.0,0.57
9606.ENSP00000260363,9606.ENSP00000481380,KIF23,CCNA2,9606,0.914,0.0,0.0,0.0,0.844,0.0,0.0,0.474
9606.ENSP00000260363,9606.ENSP00000361298,KIF23,KIF2C,9606,0.917,0.0,0.0,0.0,0.63,0.0,0.54,0.551
9606.ENSP00000260363,9606.ENSP00000287598,KIF23,BUB1B,9606,0.926,0.0,0.0,0.0,0.851,0.068,0.0,0.515
9606.ENSP00000260363,9606.ENSP00000411532,KIF23,TOP2A,9606,0.927,0.0,0.0,0.0,0.726,0.292,0.0,0.656
9606.ENSP00000260363,9606.ENSP00000355922,KIF23,CENPF,9606,0.93,0.0,0.0,0.0,0.854,0.0,0.0,0.542
9606.ENSP00000260363,9606.ENSP00000288207,KIF23,CCNB2,9606,0.937,0.0,0.0,0.0,0.795,0.0,0.0,0.707
9606.ENSP00000260363,9606.ENSP00000363524,KIF23,KIF4A,9606,0.955,0.0,0.0,0.0,0.82,0.067,0.4,0.607
9606.ENSP00000260363,9606.ENSP00000378356,KIF23,KIF20A,9606,0.958,0.0,0.0,0.0,0.816,0.292,0.54,0.39
9606.ENSP00000260363,9606.ENSP00000302530,KIF23,BUB1,9606,0.958,0.0,0.0,0.0,0.855,0.068,0.0,0.715
9606.ENSP00000260363,9606.ENSP00000356319,KIF23,KIF14,9606,0.958,0.0,0.0,0.0,0.789,0.325,0.54,0.439
9606.ENSP00000260363,9606.ENSP00000313950,KIF23,AURKB,9606,0.961,0.0,0.0,0.0,0.686,0.328,0.0,0.833
9606.ENSP00000260363,9606.ENSP00000306473,KIF23,SHCBP1,9606,0.965,0.0,0.0,0.0,0.698,0.829,0.0,0.382
9606.ENSP00000260363,9606.ENSP00000360540,KIF23,CEP55,9606,0.975,0.0,0.0,0.0,0.794,0.398,0.0,0.819
9606.ENSP00000260363,9606.ENSP00000356379,KIF23,ASPM,9606,0.987,0.0,0.0,0.0,0.967,0.3,0.0,0.5
9606.ENSP00000260363,9606.ENSP00000265748,KIF23,ANLN,9606,0.989,0.0,0.0,0.0,0.74,0.331,0.0,0.946
9606.ENSP00000260363,9606.ENSP00000377793,KIF23,PRC1,9606,0.992,0.0,0.0,0.0,0.814,0.536,0.0,0.918
9606.ENSP00000260363,9606.ENSP00000260731,KIF23,KIF11,9606,0.994,0.0,0.0,0.0,0.963,0.313,0.54,0.574
9606.ENSP00000260363,9606.ENSP00000376457,KIF23,ECT2,9606,0.999,0.0,0.0,0.0,0.762,0.642,0.9,0.969
9606.ENSP00000260585,9606.ENSP00000311648,SELENOI,UGT8,9606,0.905,0.0,0.0,0.0,0.042,0.0,0.9,0.09
9606.ENSP00000260585,9606.ENSP00000392553,SELENOI,PLPP5,9606,0.919,0.0,0.0,0.0,0.044,0.054,0.913,0.091
9606.ENSP00000260585,9606.ENSP00000329697,SELENOI,PLPP2,9606,0.949,0.0,0.0,0.0,0.0,0.054,0.913,0.429
9606.ENSP00000260665,9606.ENSP00000384863,LRPPRC,XPO1,9606,0.938,0.0,0.0,0.0,0.258,0.0,0.0,0.921
9606.ENSP00000260731,9606.ENSP00000479617,KIF11,UHRF1,9606,0.708,0.0,0.0,0.0,0.587,0.069,0.0,0.301
9606.ENSP00000260731,9606.ENSP00000315644,KIF11,TYMS,9606,0.726,0.0,0.0,0.0,0.636,0.0,0.0,0.279
9606.ENSP00000260731,9606.ENSP00000377601,KIF11,HELLS,9606,0.746,0.0,0.0,0.0,0.662,0.071,0.0,0.258
9606.ENSP00000260731,9606.ENSP00000335463,KIF11,KNL1,9606,0.759,0.0,0.0,0.0,0.506,0.0,0.0,0.534
9606.ENSP00000260731,9606.ENSP00000468425,KIF11,TK1,9606,0.761,0.0,0.0,0.0,0.483,0.0,0.0,0.557
9606.ENSP00000260731,9606.ENSP00000282074,KIF11,SPC25,9606,0.796,0.0,0.0,0.0,0.785,0.0,0.0,0.088
9606.ENSP00000260731,9606.ENSP00000377007,KIF11,CENPN,9606,0.796,0.0,0.0,0.0,0.614,0.0,0.0,0.494
9606.ENSP00000260731,9606.ENSP00000391090,KIF11,CHEK1,9606,0.801,0.0,0.0,0.0,0.694,0.0,0.0,0.377
9606.ENSP00000260731,9606.ENSP00000412292,KIF11,DEPDC1,9606,0.839,0.0,0.0,0.0,0.792,0.0,0.0,0.258
9606.ENSP00000260731,9606.ENSP00000265036,KIF11,DEPDC1B,9606,0.842,0.0,0.0,0.0,0.812,0.0,0.0,0.195
9606.ENSP00000260731,9606.ENSP00000275517,KIF11,CDCA5,9606,0.844,0.0,0.0,0.0,0.764,0.0,0.0,0.366
9606.ENSP00000260731,9606.ENSP00000335357,KIF11,CDKN3,9606,0.848,0.0,0.0,0.0,0.794,0.096,0.0,0.25
9606.ENSP00000260731,9606.ENSP00000310842,KIF11,FANCI,9606,0.856,0.0,0.0,0.0,0.814,0.0,0.0,0.254
9606.ENSP00000260731,9606.ENSP00000300035,KIF11,PCLAF,9606,0.857,0.0,0.0,0.0,0.776,0.0,0.0,0.389
9606.ENSP00000260731,9606.ENSP00000360944,KIF11,STIL,9606,0.858,0.0,0.0,0.0,0.802,0.0,0.0,0.311
9606.ENSP00000260731,9606.ENSP00000377536,KIF11,PTTG1,9606,0.859,0.0,0.0,0.0,0.569,0.0,0.0,0.687
9606.ENSP00000260731,9606.ENSP00000306473,KIF11,SHCBP1,9606,0.863,0.0,0.0,0.0,0.839,0.0,0.0,0.179
9606.ENSP00000260731,9606.ENSP00000465992,KIF11,KIF18B,9606,0.871,0.0,0.0,0.0,0.593,0.158,0.54,0.278
9606.ENSP00000260731,9606.ENSP00000376457,KIF11,ECT2,9606,0.891,0.0,0.0,0.0,0.823,0.0,0.0,0.41
9606.ENSP00000260731,9606.ENSP00000328228,KIF11,CDCA2,9606,0.904,0.0,0.0,0.0,0.853,0.0,0.0,0.372
9606.ENSP00000260731,9606.ENSP00000328236,KIF11,KNTC1,9606,0.915,0.0,0.0,0.208,0.819,0.0,0.0,0.454
9606.ENSP00000260731,9606.ENSP00000348838,KIF11,UBE2C,9606,0.916,0.0,0.0,0.0,0.835,0.0,0.0,0.511
9606.ENSP00000260731,9606.ENSP00000442068,KIF11,CDCA3,9606,0.922,0.0,0.0,0.0,0.853,0.0,0.0,0.49
9606.ENSP00000260731,9606.ENSP00000377492,KIF11,HMMR,9606,0.928,0.0,0.0,0.0,0.815,0.049,0.0,0.623
9606.ENSP00000260731,9606.ENSP00000363055,KIF11,ZWINT,9606,0.928,0.0,0.0,0.0,0.794,0.0,0.0,0.665
9606.ENSP00000260731,9606.ENSP00000356319,KIF11,KIF14,9606,0.93,0.0,0.0,0.0,0.806,0.0,0.54,0.284
9606.ENSP00000260731,9606.ENSP00000414109,KIF11,HJURP,9606,0.93,0.0,0.0,0.0,0.846,0.0,0.0,0.563
9606.ENSP00000260731,9606.ENSP00000357643,KIF11,MKI67,9606,0.931,0.0,0.0,0.0,0.861,0.0,0.0,0.523
9606.ENSP00000260731,9606.ENSP00000342307,KIF11,FOXM1,9606,0.934,0.0,0.0,0.0,0.818,0.054,0.0,0.649
9606.ENSP00000260731,9606.ENSP00000298048,KIF11,MELK,9606,0.941,0.0,0.0,0.0,0.897,0.0,0.0,0.449
9606.ENSP00000260731,9606.ENSP00000336868,KIF11,CENPA,9606,0.942,0.0,0.0,0.0,0.832,0.078,0.0,0.658
9606.ENSP00000260731,9606.ENSP00000288207,KIF11,CCNB2,9606,0.944,0.0,0.0,0.0,0.841,0.136,0.0,0.629
9606.ENSP00000260731,9606.ENSP00000265748,KIF11,ANLN,9606,0.947,0.0,0.0,0.0,0.879,0.0,0.0,0.582
9606.ENSP00000260731,9606.ENSP00000353770,KIF11,RRM2,9606,0.947,0.0,0.0,0.0,0.863,0.0,0.0,0.634
9606.ENSP00000260731,9606.ENSP00000363524,KIF11,KIF4A,9606,0.952,0.0,0.0,0.0,0.891,0.0,0.4,0.324
9606.ENSP00000260731,9606.ENSP00000323300,KIF11,SPAG5,9606,0.954,0.0,0.0,0.0,0.883,0.071,0.0,0.613
9606.ENSP00000260731,9606.ENSP00000428489,KIF11,PBK,9606,0.955,0.0,0.0,0.0,0.908,0.045,0.0,0.533
9606.ENSP00000260731,9606.ENSP00000301633,KIF11,BIRC5,9606,0.957,0.0,0.0,0.0,0.885,0.067,0.0,0.637
9606.ENSP00000260731,9606.ENSP00000355966,KIF11,NEK2,9606,0.959,0.0,0.0,0.0,0.845,0.054,0.0,0.745
9606.ENSP00000260731,9606.ENSP00000313950,KIF11,AURKB,9606,0.964,0.0,0.0,0.0,0.768,0.272,0.0,0.804
9606.ENSP00000260731,9606.ENSP00000300403,KIF11,TPX2,9606,0.965,0.0,0.0,0.0,0.843,0.0,0.0,0.79
9606.ENSP00000260731,9606.ENSP00000361298,KIF11,KIF2C,9606,0.968,0.0,0.0,0.0,0.848,0.0,0.54,0.579
9606.ENSP00000260731,9606.ENSP00000261597,KIF11,NDC80,9606,0.972,0.0,0.0,0.0,0.927,0.094,0.0,0.62
9606.ENSP00000260731,9606.ENSP00000377793,KIF11,PRC1,9606,0.972,0.0,0.0,0.0,0.902,0.409,0.0,0.56
9606.ENSP00000260731,9606.ENSP00000355922,KIF11,CENPF,9606,0.972,0.0,0.0,0.0,0.903,0.0,0.0,0.728
9606.ENSP00000260731,9606.ENSP00000296509,KIF11,MAD2L1,9606,0.973,0.0,0.0,0.0,0.773,0.519,0.0,0.775
9606.ENSP00000260731,9606.ENSP00000499238,KIF11,NUSAP1,9606,0.974,0.0,0.0,0.0,0.907,0.0,0.0,0.739
9606.ENSP00000260731,9606.ENSP00000271452,KIF11,NUF2,9606,0.975,0.0,0.0,0.0,0.925,0.084,0.0,0.669
9606.ENSP00000260731,9606.ENSP00000411532,KIF11,TOP2A,9606,0.975,0.0,0.0,0.0,0.91,0.0,0.0,0.735
9606.ENSP00000260731,9606.ENSP00000481380,KIF11,CCNA2,9606,0.978,0.0,0.0,0.0,0.913,0.0,0.0,0.762
9606.ENSP00000260731,9606.ENSP00000378356,KIF11,KIF20A,9606,0.98,0.0,0.0,0.0,0.902,0.073,0.54,0.587
9606.ENSP00000260731,9606.ENSP00000358813,KIF11,TTK,9606,0.984,0.0,0.0,0.0,0.958,0.139,0.0,0.611
9606.ENSP00000260731,9606.ENSP00000302530,KIF11,BUB1,9606,0.985,0.0,0.0,0.0,0.912,0.31,0.0,0.774
9606.ENSP00000260731,9606.ENSP00000361540,KIF11,CDC20,9606,0.987,0.0,0.0,0.0,0.92,0.143,0.0,0.825
9606.ENSP00000260731,9606.ENSP00000378699,KIF11,CDK1,9606,0.987,0.0,0.0,0.0,0.858,0.364,0.0,0.869
9606.ENSP00000260731,9606.ENSP00000356379,KIF11,ASPM,9606,0.989,0.0,0.0,0.0,0.962,0.079,0.0,0.714
9606.ENSP00000260731,9606.ENSP00000287598,KIF11,BUB1B,9606,0.994,0.0,0.0,0.0,0.937,0.31,0.0,0.875
9606.ENSP00000260731,9606.ENSP00000360540,KIF11,CEP55,9606,0.997,0.0,0.0,0.0,0.994,0.0,0.0,0.519
9606.ENSP00000261208,9606.ENSP00000364986,HAL,AGMAT,9606,0.753,0.115,0.0,0.0,0.382,0.0,0.42,0.315
9606.ENSP00000261597,9606.ENSP00000315644,NDC80,TYMS,9606,0.703,0.0,0.0,0.0,0.626,0.0,0.0,0.238
9606.ENSP00000261597,9606.ENSP00000379911,NDC80,CENPK,9606,0.733,0.0,0.0,0.0,0.552,0.0,0.0,0.429
9606.ENSP00000261597,9606.ENSP00000356319,NDC80,KIF14,9606,0.736,0.0,0.0,0.0,0.667,0.092,0.0,0.198
9606.ENSP00000261597,9606.ENSP00000353770,NDC80,RRM2,9606,0.745,0.0,0.0,0.0,0.684,0.0,0.0,0.229
9606.ENSP00000261597,9606.ENSP00000328236,NDC80,KNTC1,9606,0.78,0.0,0.0,0.0,0.68,0.09,0.0,0.306
9606.ENSP00000261597,9606.ENSP00000300403,NDC80,TPX2,9606,0.788,0.0,0.0,0.0,0.663,0.0,0.0,0.398
9606.ENSP00000261597,9606.ENSP00000357643,NDC80,MKI67,9606,0.796,0.0,0.0,0.0,0.749,0.0,0.0,0.222
9606.ENSP00000261597,9606.ENSP00000363524,NDC80,KIF4A,9606,0.821,0.0,0.0,0.0,0.74,0.0,0.0,0.338
9606.ENSP00000261597,9606.ENSP00000442068,NDC80,CDCA3,9606,0.822,0.0,0.0,0.0,0.809,0.0,0.0,0.107
9606.ENSP00000261597,9606.ENSP00000377793,NDC80,PRC1,9606,0.828,0.0,0.0,0.0,0.748,0.0,0.0,0.346
9606.ENSP00000261597,9606.ENSP00000377536,NDC80,PTTG1,9606,0.833,0.0,0.0,0.0,0.678,0.0,0.0,0.503
9606.ENSP00000261597,9606.ENSP00000377492,NDC80,HMMR,9606,0.835,0.0,0.0,0.0,0.797,0.173,0.0,0.094
9606.ENSP00000261597,9606.ENSP00000377007,NDC80,CENPN,9606,0.852,0.0,0.0,0.0,0.562,0.0,0.0,0.677
9606.ENSP00000261597,9606.ENSP00000414109,NDC80,HJURP,9606,0.866,0.0,0.0,0.0,0.807,0.0,0.0,0.336
9606.ENSP00000261597,9606.ENSP00000335357,NDC80,CDKN3,9606,0.867,0.0,0.0,0.0,0.799,0.064,0.0,0.351
9606.ENSP00000261597,9606.ENSP00000348838,NDC80,UBE2C,9606,0.87,0.0,0.0,0.0,0.803,0.063,0.0,0.35
9606.ENSP00000261597,9606.ENSP00000288207,NDC80,CCNB2,9606,0.875,0.0,0.0,0.0,0.675,0.16,0.4,0.329
9606.ENSP00000261597,9606.ENSP00000411532,NDC80,TOP2A,9606,0.876,0.0,0.0,0.0,0.833,0.094,0.0,0.245
9606.ENSP00000261597,9606.ENSP00000301633,NDC80,BIRC5,9606,0.885,0.0,0.0,0.0,0.831,0.0,0.0,0.344
9606.ENSP00000261597,9606.ENSP00000323300,NDC80,SPAG5,9606,0.887,0.0,0.0,0.0,0.812,0.156,0.0,0.347
9606.ENSP00000261597,9606.ENSP00000481380,NDC80,CCNA2,9606,0.893,0.0,0.0,0.0,0.841,0.0,0.0,0.355
9606.ENSP00000261597,9606.ENSP00000378356,NDC80,KIF20A,9606,0.896,0.0,0.0,0.0,0.855,0.0,0.0,0.314
9606.ENSP00000261597,9606.ENSP00000281453,NDC80,CENPU,9606,0.897,0.0,0.0,0.0,0.518,0.129,0.0,0.774
9606.ENSP00000261597,9606.ENSP00000360540,NDC80,CEP55,9606,0.914,0.0,0.0,0.0,0.84,0.126,0.0,0.432
9606.ENSP00000261597,9606.ENSP00000336868,NDC80,CENPA,9606,0.917,0.0,0.0,0.0,0.68,0.095,0.0,0.737
9606.ENSP00000261597,9606.ENSP00000499238,NDC80,NUSAP1,9606,0.918,0.0,0.0,0.0,0.891,0.0,0.0,0.281
9606.ENSP00000261597,9606.ENSP00000361298,NDC80,KIF2C,9606,0.934,0.0,0.0,0.0,0.81,0.0,0.0,0.666
9606.ENSP00000261597,9606.ENSP00000428489,NDC80,PBK,9606,0.934,0.0,0.0,0.0,0.913,0.0,0.0,0.275
9606.ENSP00000261597,9606.ENSP00000298048,NDC80,MELK,9606,0.935,0.0,0.0,0.0,0.907,0.0,0.0,0.325
9606.ENSP00000261597,9606.ENSP00000378699,NDC80,CDK1,9606,0.957,0.0,0.0,0.0,0.862,0.0,0.4,0.524
9606.ENSP00000261597,9606.ENSP00000361540,NDC80,CDC20,9606,0.962,0.0,0.0,0.0,0.825,0.0,0.5,0.609
9606.ENSP00000261597,9606.ENSP00000296509,NDC80,MAD2L1,9606,0.968,0.0,0.0,0.0,0.853,0.267,0.5,0.474
9606.ENSP00000261597,9606.ENSP00000356379,NDC80,ASPM,9606,0.969,0.0,0.0,0.0,0.959,0.16,0.0,0.17
9606.ENSP00000261597,9606.ENSP00000313950,NDC80,AURKB,9606,0.979,0.0,0.0,0.0,0.746,0.474,0.0,0.856
9606.ENSP00000261597,9606.ENSP00000355966,NDC80,NEK2,9606,0.985,0.0,0.0,0.0,0.809,0.512,0.0,0.854
9606.ENSP00000261597,9606.ENSP00000355922,NDC80,CENPF,9606,0.987,0.0,0.0,0.0,0.853,0.0,0.72,0.727
9606.ENSP00000261597,9606.ENSP00000363055,NDC80,ZWINT,9606,0.991,0.0,0.0,0.0,0.507,0.912,0.54,0.608
9606.ENSP00000261597,9606.ENSP00000358813,NDC80,TTK,9606,0.992,0.0,0.0,0.0,0.948,0.663,0.0,0.592
9606.ENSP00000261597,9606.ENSP00000287598,NDC80,BUB1B,9606,0.992,0.0,0.0,0.0,0.856,0.238,0.72,0.793
9606.ENSP00000261597,9606.ENSP00000335463,NDC80,KNL1,9606,0.995,0.0,0.0,0.0,0.392,0.791,0.54,0.937
9606.ENSP00000261597,9606.ENSP00000302530,NDC80,BUB1,9606,0.998,0.0,0.0,0.0,0.932,0.838,0.0,0.853
9606.ENSP00000261597,9606.ENSP00000271452,NDC80,NUF2,9606,0.999,0.0,0.0,0.0,0.958,0.997,0.9,0.998
9606.ENSP00000261597,9606.ENSP00000282074,NDC80,SPC25,9606,0.999,0.0,0.0,0.0,0.83,0.995,0.9,0.943
9606.ENSP00000261622,9606.ENSP00000416293,SLC7A5,SLC2A1,9606,0.719,0.0,0.0,0.0,0.287,0.045,0.0,0.62
9606.ENSP00000261622,9606.ENSP00000280612,SLC7A5,SLC7A11,9606,0.739,0.0,0.0,0.074,0.158,0.0,0.5,0.41
9606.ENSP00000262460,9606.ENSP00000348838,GINS1,UBE2C,9606,0.701,0.0,0.0,0.0,0.384,0.0,0.0,0.534
9606.ENSP00000262460,9606.ENSP00000378699,GINS1,CDK1,9606,0.726,0.0,0.0,0.0,0.38,0.094,0.0,0.552
9606.ENSP00000262460,9606.ENSP00000353770,GINS1,RRM2,9606,0.819,0.0,0.0,0.0,0.614,0.0,0.0,0.551
9606.ENSP00000262460,9606.ENSP00000363055,GINS1,ZWINT,9606,0.849,0.0,0.0,0.0,0.768,0.0,0.0,0.376
9606.ENSP00000262643,9606.ENSP00000391090,CCNE1,CHEK1,9606,0.704,0.0,0.0,0.0,0.205,0.0,0.0,0.643
9606.ENSP00000262643,9606.ENSP00000288207,CCNE1,CCNB2,9606,0.757,0.0,0.0,0.0,0.483,0.0,0.0,0.548
9606.ENSP00000262643,9606.ENSP00000361540,CCNE1,CDC20,9606,0.76,0.0,0.0,0.0,0.247,0.068,0.0,0.685
9606.ENSP00000262643,9606.ENSP00000342307,CCNE1,FOXM1,9606,0.776,0.0,0.0,0.0,0.167,0.51,0.0,0.496
9606.ENSP00000262643,9606.ENSP00000481380,CCNE1,CCNA2,9606,0.903,0.0,0.0,0.0,0.344,0.176,0.4,0.737
9606.ENSP00000262643,9606.ENSP00000429089,CCNE1,CCNE2,9606,0.956,0.0,0.0,0.076,0.147,0.0,0.9,0.518
9606.ENSP00000262643,9606.ENSP00000378699,CCNE1,CDK1,9606,0.972,0.0,0.0,0.0,0.193,0.812,0.0,0.834
9606.ENSP00000264220,9606.ENSP00000315644,PPAT,TYMS,9606,0.712,0.0,0.0,0.0,0.194,0.201,0.0,0.589
9606.ENSP00000264220,9606.ENSP00000382595,PPAT,PAICS,9606,0.999,0.231,0.0,0.408,0.975,0.126,0.798,0.986
9606.ENSP00000264933,9606.ENSP00000360540,PDCD6,CEP55,9606,0.795,0.0,0.0,0.0,0.056,0.0,0.0,0.792
9606.ENSP00000264933,9606.ENSP00000381823,PDCD6,SEC24A,9606,0.918,0.0,0.0,0.0,0.055,0.0,0.9,0.208
9606.ENSP00000265036,9606.ENSP00000494957,DEPDC1B,UBE2T,9606,0.706,0.0,0.0,0.0,0.466,0.292,0.0,0.286
9606.ENSP00000265036,9606.ENSP00000301633,DEPDC1B,BIRC5,9606,0.709,0.0,0.0,0.0,0.528,0.292,0.0,0.2
9606.ENSP00000265036,9606.ENSP00000302530,DEPDC1B,BUB1,9606,0.721,0.0,0.0,0.0,0.665,0.0,0.0,0.201
9606.ENSP00000265036,9606.ENSP00000355966,DEPDC1B,NEK2,9606,0.723,0.0,0.0,0.0,0.682,0.0,0.0,0.165
9606.ENSP00000265036,9606.ENSP00000328228,DEPDC1B,CDCA2,9606,0.723,0.0,0.0,0.0,0.674,0.0,0.0,0.186
9606.ENSP00000265036,9606.ENSP00000265748,DEPDC1B,ANLN,9606,0.74,0.0,0.0,0.0,0.502,0.0,0.4,0.2
9606.ENSP00000265036,9606.ENSP00000428489,DEPDC1B,PBK,9606,0.741,0.0,0.0,0.0,0.599,0.0,0.0,0.38
9606.ENSP00000265036,9606.ENSP00000378699,DEPDC1B,CDK1,9606,0.762,0.0,0.0,0.0,0.705,0.051,0.0,0.217
9606.ENSP00000265036,9606.ENSP00000378356,DEPDC1B,KIF20A,9606,0.795,0.0,0.0,0.0,0.669,0.0,0.0,0.406
9606.ENSP00000265036,9606.ENSP00000287598,DEPDC1B,BUB1B,9606,0.797,0.0,0.0,0.0,0.797,0.0,0.0,0.0
9606.ENSP00000265036,9606.ENSP00000412292,DEPDC1B,DEPDC1,9606,0.798,0.0,0.0,0.068,0.782,0.0,0.0,0.086
9606.ENSP00000265036,9606.ENSP00000271452,DEPDC1B,NUF2,9606,0.81,0.0,0.0,0.0,0.799,0.0,0.0,0.095
9606.ENSP00000265036,9606.ENSP00000377492,DEPDC1B,HMMR,9606,0.812,0.0,0.0,0.0,0.781,0.049,0.0,0.171
9606.ENSP00000265036,9606.ENSP00000356319,DEPDC1B,KIF14,9606,0.822,0.0,0.0,0.0,0.729,0.0,0.0,0.369
9606.ENSP00000265036,9606.ENSP00000360540,DEPDC1B,CEP55,9606,0.834,0.0,0.0,0.0,0.789,0.0,0.0,0.249
9606.ENSP00000265171,9606.ENSP00000378517,EGF,SPP1,9606,0.715,0.0,0.0,0.0,0.0,0.0,0.0,0.715
9606.ENSP00000265171,9606.ENSP00000426809,EGF,PROM1,9606,0.725,0.0,0.0,0.0,0.056,0.0,0.0,0.721
9606.ENSP00000265171,9606.ENSP00000361405,EGF,MMP9,9606,0.741,0.0,0.0,0.0,0.0,0.0,0.0,0.741
9606.ENSP00000265171,9606.ENSP00000322788,EGF,MMP1,9606,0.778,0.0,0.0,0.0,0.0,0.0,0.0,0.778
9606.ENSP00000265171,9606.ENSP00000361850,EGF,PLAU,9606,0.86,0.0,0.0,0.0,0.0,0.049,0.0,0.859
9606.ENSP00000265748,9606.ENSP00000361540,ANLN,CDC20,9606,0.701,0.0,0.0,0.0,0.472,0.0,0.0,0.456
9606.ENSP00000265748,9606.ENSP00000358813,ANLN,TTK,9606,0.704,0.0,0.0,0.0,0.546,0.0,0.0,0.374
9606.ENSP00000265748,9606.ENSP00000499238,ANLN,NUSAP1,9606,0.712,0.0,0.0,0.0,0.523,0.0,0.0,0.421
9606.ENSP00000265748,9606.ENSP00000315644,ANLN,TYMS,9606,0.729,0.0,0.0,0.0,0.462,0.0,0.0,0.517
9606.ENSP00000265748,9606.ENSP00000306473,ANLN,SHCBP1,9606,0.743,0.0,0.0,0.0,0.474,0.292,0.0,0.367
9606.ENSP00000265748,9606.ENSP00000357643,ANLN,MKI67,9606,0.745,0.0,0.0,0.0,0.456,0.292,0.0,0.392
9606.ENSP00000265748,9606.ENSP00000481380,ANLN,CCNA2,9606,0.747,0.0,0.0,0.0,0.614,0.0,0.0,0.37
9606.ENSP00000265748,9606.ENSP00000348838,ANLN,UBE2C,9606,0.773,0.0,0.0,0.0,0.476,0.0,0.0,0.584
9606.ENSP00000265748,9606.ENSP00000301633,ANLN,BIRC5,9606,0.781,0.0,0.0,0.0,0.399,0.292,0.0,0.527
9606.ENSP00000265748,9606.ENSP00000363524,ANLN,KIF4A,9606,0.782,0.0,0.0,0.0,0.565,0.0,0.0,0.52
9606.ENSP00000265748,9606.ENSP00000353770,ANLN,RRM2,9606,0.785,0.0,0.0,0.0,0.42,0.0,0.0,0.645
9606.ENSP00000265748,9606.ENSP00000355966,ANLN,NEK2,9606,0.787,0.0,0.0,0.0,0.484,0.292,0.0,0.463
9606.ENSP00000265748,9606.ENSP00000354451,ANLN,IQGAP3,9606,0.795,0.0,0.0,0.0,0.244,0.486,0.4,0.225
9606.ENSP00000265748,9606.ENSP00000287598,ANLN,BUB1B,9606,0.8,0.0,0.0,0.0,0.693,0.0,0.0,0.376
9606.ENSP00000265748,9606.ENSP00000428489,ANLN,PBK,9606,0.811,0.0,0.0,0.0,0.696,0.052,0.0,0.397
9606.ENSP00000265748,9606.ENSP00000378699,ANLN,CDK1,9606,0.816,0.0,0.0,0.0,0.643,0.0,0.0,0.506
9606.ENSP00000265748,9606.ENSP00000361298,ANLN,KIF2C,9606,0.821,0.0,0.0,0.0,0.532,0.0,0.0,0.633
9606.ENSP00000265748,9606.ENSP00000356319,ANLN,KIF14,9606,0.828,0.0,0.0,0.0,0.55,0.292,0.0,0.503
9606.ENSP00000265748,9606.ENSP00000298048,ANLN,MELK,9606,0.831,0.0,0.0,0.0,0.587,0.0,0.0,0.608
9606.ENSP00000265748,9606.ENSP00000377793,ANLN,PRC1,9606,0.839,0.0,0.0,0.0,0.724,0.0,0.0,0.442
9606.ENSP00000265748,9606.ENSP00000355922,ANLN,CENPF,9606,0.842,0.0,0.0,0.0,0.578,0.292,0.0,0.515
9606.ENSP00000265748,9606.ENSP00000313950,ANLN,AURKB,9606,0.846,0.0,0.0,0.0,0.45,0.292,0.0,0.636
9606.ENSP00000265748,9606.ENSP00000412292,ANLN,DEPDC1,9606,0.847,0.0,0.0,0.0,0.774,0.0,0.0,0.353
9606.ENSP00000265748,9606.ENSP00000411532,ANLN,TOP2A,9606,0.861,0.0,0.0,0.0,0.613,0.292,0.0,0.533
9606.ENSP00000265748,9606.ENSP00000377492,ANLN,HMMR,9606,0.88,0.0,0.0,0.0,0.764,0.0,0.0,0.513
9606.ENSP00000265748,9606.ENSP00000271452,ANLN,NUF2,9606,0.897,0.0,0.0,0.0,0.809,0.0,0.0,0.482
9606.ENSP00000265748,9606.ENSP00000356379,ANLN,ASPM,9606,0.9,0.0,0.0,0.0,0.75,0.292,0.0,0.48
9606.ENSP00000265748,9606.ENSP00000302530,ANLN,BUB1,9606,0.917,0.0,0.0,0.0,0.791,0.0,0.0,0.619
9606.ENSP00000265748,9606.ENSP00000300403,ANLN,TPX2,9606,0.923,0.0,0.0,0.0,0.774,0.0,0.0,0.673
9606.ENSP00000265748,9606.ENSP00000360540,ANLN,CEP55,9606,0.93,0.0,0.0,0.0,0.778,0.292,0.0,0.592
9606.ENSP00000265748,9606.ENSP00000378356,ANLN,KIF20A,9606,0.949,0.0,0.0,0.0,0.823,0.328,0.0,0.607
9606.ENSP00000265748,9606.ENSP00000376457,ANLN,ECT2,9606,0.994,0.0,0.0,0.0,0.444,0.292,0.0,0.987
9606.ENSP00000268379,9606.ENSP00000349142,UQCRC2,ATP5F1C,9606,0.98,0.0,0.0,0.0,0.943,0.262,0.0,0.567
9606.ENSP00000271452,9606.ENSP00000306473,NUF2,SHCBP1,9606,0.701,0.0,0.0,0.0,0.675,0.0,0.0,0.119
9606.ENSP00000271452,9606.ENSP00000391090,NUF2,CHEK1,9606,0.702,0.0,0.0,0.0,0.652,0.0,0.0,0.179
9606.ENSP00000271452,9606.ENSP00000292430,NUF2,LY6K,9606,0.709,0.0,0.0,0.0,0.07,0.0,0.0,0.7
9606.ENSP00000271452,9606.ENSP00000300035,NUF2,PCLAF,9606,0.728,0.0,0.0,0.0,0.669,0.0,0.0,0.212
9606.ENSP00000271452,9606.ENSP00000465992,NUF2,KIF18B,9606,0.729,0.0,0.0,0.0,0.386,0.06,0.0,0.568
9606.ENSP00000271452,9606.ENSP00000377007,NUF2,CENPN,9606,0.73,0.0,0.0,0.0,0.558,0.0,0.0,0.414
9606.ENSP00000271452,9606.ENSP00000479617,NUF2,UHRF1,9606,0.741,0.0,0.0,0.0,0.485,0.091,0.0,0.491
9606.ENSP00000271452,9606.ENSP00000281453,NUF2,CENPU,9606,0.753,0.0,0.0,0.0,0.548,0.0,0.0,0.475
9606.ENSP00000271452,9606.ENSP00000315644,NUF2,TYMS,9606,0.753,0.0,0.0,0.0,0.599,0.0,0.0,0.41
9606.ENSP00000271452,9606.ENSP00000357643,NUF2,MKI67,9606,0.759,0.0,0.0,0.0,0.617,0.0,0.0,0.396
9606.ENSP00000271452,9606.ENSP00000328236,NUF2,KNTC1,9606,0.762,0.0,0.0,0.0,0.62,0.0,0.0,0.399
9606.ENSP00000271452,9606.ENSP00000353770,NUF2,RRM2,9606,0.787,0.0,0.0,0.0,0.641,0.0,0.0,0.433
9606.ENSP00000271452,9606.ENSP00000379911,NUF2,CENPK,9606,0.793,0.0,0.0,0.0,0.594,0.0,0.0,0.511
9606.ENSP00000271452,9606.ENSP00000323300,NUF2,SPAG5,9606,0.804,0.0,0.0,0.0,0.648,0.076,0.0,0.447
9606.ENSP00000271452,9606.ENSP00000377536,NUF2,PTTG1,9606,0.81,0.0,0.0,0.0,0.623,0.0,0.0,0.517
9606.ENSP00000271452,9606.ENSP00000376457,NUF2,ECT2,9606,0.818,0.0,0.0,0.0,0.583,0.0,0.0,0.581
9606.ENSP00000271452,9606.ENSP00000377793,NUF2,PRC1,9606,0.829,0.0,0.0,0.0,0.755,0.0,0.0,0.33
9606.ENSP00000271452,9606.ENSP00000442068,NUF2,CDCA3,9606,0.844,0.0,0.0,0.0,0.652,0.0,0.0,0.57
9606.ENSP00000271452,9606.ENSP00000335357,NUF2,CDKN3,9606,0.858,0.0,0.0,0.0,0.811,0.064,0.0,0.264
9606.ENSP00000271452,9606.ENSP00000356319,NUF2,KIF14,9606,0.872,0.0,0.0,0.0,0.796,0.0,0.0,0.4
9606.ENSP00000271452,9606.ENSP00000377492,NUF2,HMMR,9606,0.886,0.0,0.0,0.0,0.817,0.053,0.0,0.395
9606.ENSP00000271452,9606.ENSP00000328228,NUF2,CDCA2,9606,0.886,0.0,0.0,0.0,0.743,0.0,0.0,0.576
9606.ENSP00000271452,9606.ENSP00000348838,NUF2,UBE2C,9606,0.887,0.0,0.0,0.0,0.779,0.0,0.0,0.51
9606.ENSP00000271452,9606.ENSP00000414109,NUF2,HJURP,9606,0.89,0.0,0.0,0.0,0.77,0.0,0.0,0.541
9606.ENSP00000271452,9606.ENSP00000412292,NUF2,DEPDC1,9606,0.898,0.0,0.0,0.0,0.802,0.0,0.0,0.506
9606.ENSP00000271452,9606.ENSP00000494957,NUF2,UBE2T,9606,0.901,0.0,0.0,0.0,0.801,0.0,0.0,0.521
9606.ENSP00000271452,9606.ENSP00000363524,NUF2,KIF4A,9606,0.911,0.0,0.0,0.0,0.695,0.0,0.0,0.721
9606.ENSP00000271452,9606.ENSP00000499238,NUF2,NUSAP1,9606,0.911,0.0,0.0,0.0,0.843,0.0,0.0,0.456
9606.ENSP00000271452,9606.ENSP00000275517,NUF2,CDCA5,9606,0.931,0.0,0.0,0.0,0.786,0.0,0.0,0.693
9606.ENSP00000271452,9606.ENSP00000288207,NUF2,CCNB2,9606,0.932,0.0,0.0,0.0,0.744,0.0,0.4,0.594
9606.ENSP00000271452,9606.ENSP00000361298,NUF2,KIF2C,9606,0.935,0.0,0.0,0.0,0.83,0.0,0.0,0.635
9606.ENSP00000271452,9606.ENSP00000411532,NUF2,TOP2A,9606,0.936,0.0,0.0,0.0,0.819,0.0,0.0,0.661
9606.ENSP00000271452,9606.ENSP00000336868,NUF2,CENPA,9606,0.936,0.0,0.0,0.0,0.618,0.058,0.0,0.836
9606.ENSP00000271452,9606.ENSP00000298048,NUF2,MELK,9606,0.936,0.0,0.0,0.0,0.879,0.069,0.0,0.478
9606.ENSP00000271452,9606.ENSP00000481380,NUF2,CCNA2,9606,0.94,0.0,0.0,0.0,0.91,0.0,0.0,0.37
9606.ENSP00000271452,9606.ENSP00000360540,NUF2,CEP55,9606,0.947,0.0,0.0,0.0,0.835,0.0,0.0,0.693
9606.ENSP00000271452,9606.ENSP00000300403,NUF2,TPX2,9606,0.947,0.0,0.0,0.0,0.838,0.0,0.0,0.686
9606.ENSP00000271452,9606.ENSP00000301633,NUF2,BIRC5,9606,0.949,0.0,0.0,0.0,0.852,0.0,0.0,0.668
9606.ENSP00000271452,9606.ENSP00000313950,NUF2,AURKB,9606,0.95,0.0,0.0,0.0,0.606,0.292,0.0,0.835
9606.ENSP00000271452,9606.ENSP00000355966,NUF2,NEK2,9606,0.952,0.0,0.0,0.0,0.856,0.0,0.0,0.682
9606.ENSP00000271452,9606.ENSP00000355922,NUF2,CENPF,9606,0.952,0.0,0.0,0.0,0.875,0.0,0.0,0.632
9606.ENSP00000271452,9606.ENSP00000378356,NUF2,KIF20A,9606,0.955,0.0,0.0,0.0,0.846,0.0,0.0,0.721
9606.ENSP00000271452,9606.ENSP00000378699,NUF2,CDK1,9606,0.957,0.0,0.0,0.0,0.867,0.0,0.4,0.51
9606.ENSP00000271452,9606.ENSP00000428489,NUF2,PBK,9606,0.96,0.0,0.0,0.0,0.908,0.0,0.0,0.589
9606.ENSP00000271452,9606.ENSP00000361540,NUF2,CDC20,9606,0.962,0.0,0.0,0.0,0.718,0.0,0.5,0.751
9606.ENSP00000271452,9606.ENSP00000287598,NUF2,BUB1B,9606,0.98,0.0,0.0,0.0,0.853,0.189,0.5,0.717
9606.ENSP00000271452,9606.ENSP00000356379,NUF2,ASPM,9606,0.98,0.0,0.0,0.0,0.944,0.0,0.0,0.665
9606.ENSP00000271452,9606.ENSP00000296509,NUF2,MAD2L1,9606,0.981,0.0,0.0,0.0,0.91,0.107,0.5,0.581
9606.ENSP00000271452,9606.ENSP00000358813,NUF2,TTK,9606,0.989,0.0,0.0,0.0,0.947,0.486,0.0,0.655
9606.ENSP00000271452,9606.ENSP00000363055,NUF2,ZWINT,9606,0.991,0.0,0.0,0.0,0.641,0.887,0.54,0.606
9606.ENSP00000271452,9606.ENSP00000335463,NUF2,KNL1,9606,0.992,0.0,0.0,0.0,0.513,0.827,0.54,0.823
9606.ENSP00000271452,9606.ENSP00000302530,NUF2,BUB1,9606,0.994,0.0,0.0,0.0,0.901,0.787,0.0,0.757
9606.ENSP00000271452,9606.ENSP00000282074,NUF2,SPC25,9606,0.999,0.0,0.0,0.0,0.862,0.995,0.9,0.947
9606.ENSP00000274192,9606.ENSP00000370254,SRD5A1,AKR1C1,9606,0.975,0.0,0.0,0.0,0.071,0.0,0.9,0.759
9606.ENSP00000275517,9606.ENSP00000281453,CDCA5,CENPU,9606,0.705,0.0,0.0,0.0,0.393,0.0,0.0,0.535
9606.ENSP00000275517,9606.ENSP00000376457,CDCA5,ECT2,9606,0.722,0.0,0.0,0.0,0.408,0.0,0.0,0.55
9606.ENSP00000275517,9606.ENSP00000355966,CDCA5,NEK2,9606,0.722,0.0,0.0,0.0,0.518,0.0,0.0,0.447
9606.ENSP00000275517,9606.ENSP00000335463,CDCA5,KNL1,9606,0.726,0.0,0.0,0.0,0.354,0.0,0.0,0.594
9606.ENSP00000275517,9606.ENSP00000356319,CDCA5,KIF14,9606,0.728,0.0,0.0,0.0,0.451,0.292,0.0,0.357
9606.ENSP00000275517,9606.ENSP00000315644,CDCA5,TYMS,9606,0.73,0.0,0.0,0.0,0.682,0.0,0.0,0.187
9606.ENSP00000275517,9606.ENSP00000358813,CDCA5,TTK,9606,0.734,0.0,0.0,0.0,0.622,0.0,0.0,0.325
9606.ENSP00000275517,9606.ENSP00000428489,CDCA5,PBK,9606,0.736,0.0,0.0,0.0,0.644,0.0,0.0,0.289
9606.ENSP00000275517,9606.ENSP00000356379,CDCA5,ASPM,9606,0.746,0.0,0.0,0.0,0.583,0.0,0.0,0.418
9606.ENSP00000275517,9606.ENSP00000479617,CDCA5,UHRF1,9606,0.762,0.0,0.0,0.0,0.646,0.0,0.0,0.356
9606.ENSP00000275517,9606.ENSP00000391090,CDCA5,CHEK1,9606,0.767,0.0,0.0,0.0,0.565,0.0,0.0,0.486
9606.ENSP00000275517,9606.ENSP00000328236,CDCA5,KNTC1,9606,0.78,0.0,0.0,0.0,0.511,0.0,0.0,0.568
9606.ENSP00000275517,9606.ENSP00000323300,CDCA5,SPAG5,9606,0.788,0.0,0.0,0.0,0.633,0.0,0.0,0.447
9606.ENSP00000275517,9606.ENSP00000377007,CDCA5,CENPN,9606,0.811,0.0,0.0,0.0,0.731,0.0,0.0,0.327
9606.ENSP00000275517,9606.ENSP00000494957,CDCA5,UBE2T,9606,0.823,0.0,0.0,0.0,0.773,0.0,0.0,0.256
9606.ENSP00000275517,9606.ENSP00000377536,CDCA5,PTTG1,9606,0.829,0.0,0.0,0.0,0.667,0.0,0.0,0.507
9606.ENSP00000275517,9606.ENSP00000377793,CDCA5,PRC1,9606,0.829,0.0,0.0,0.0,0.792,0.0,0.0,0.213
9606.ENSP00000275517,9606.ENSP00000377492,CDCA5,HMMR,9606,0.831,0.0,0.0,0.0,0.779,0.0,0.0,0.269
9606.ENSP00000275517,9606.ENSP00000499238,CDCA5,NUSAP1,9606,0.832,0.0,0.0,0.0,0.716,0.0,0.0,0.435
9606.ENSP00000275517,9606.ENSP00000348838,CDCA5,UBE2C,9606,0.835,0.0,0.0,0.0,0.696,0.0,0.0,0.48
9606.ENSP00000275517,9606.ENSP00000287598,CDCA5,BUB1B,9606,0.851,0.0,0.0,0.0,0.585,0.0,0.0,0.657
9606.ENSP00000275517,9606.ENSP00000336868,CDCA5,CENPA,9606,0.856,0.0,0.0,0.0,0.76,0.0,0.0,0.424
9606.ENSP00000275517,9606.ENSP00000355922,CDCA5,CENPF,9606,0.857,0.0,0.0,0.0,0.54,0.162,0.0,0.66
9606.ENSP00000275517,9606.ENSP00000414109,CDCA5,HJURP,9606,0.861,0.0,0.0,0.0,0.783,0.0,0.0,0.388
9606.ENSP00000275517,9606.ENSP00000481380,CDCA5,CCNA2,9606,0.863,0.0,0.0,0.0,0.782,0.0,0.0,0.398
9606.ENSP00000275517,9606.ENSP00000328228,CDCA5,CDCA2,9606,0.867,0.0,0.0,0.0,0.689,0.0,0.0,0.591
9606.ENSP00000275517,9606.ENSP00000360540,CDCA5,CEP55,9606,0.873,0.0,0.0,0.0,0.785,0.0,0.0,0.433
9606.ENSP00000275517,9606.ENSP00000298048,CDCA5,MELK,9606,0.875,0.0,0.0,0.0,0.787,0.0,0.0,0.437
9606.ENSP00000275517,9606.ENSP00000378356,CDCA5,KIF20A,9606,0.88,0.0,0.0,0.0,0.782,0.0,0.0,0.474
9606.ENSP00000275517,9606.ENSP00000300403,CDCA5,TPX2,9606,0.883,0.0,0.0,0.0,0.785,0.0,0.0,0.478
9606.ENSP00000275517,9606.ENSP00000363524,CDCA5,KIF4A,9606,0.887,0.0,0.0,0.0,0.781,0.0,0.0,0.506
9606.ENSP00000275517,9606.ENSP00000361298,CDCA5,KIF2C,9606,0.893,0.0,0.0,0.0,0.792,0.0,0.0,0.507
9606.ENSP00000275517,9606.ENSP00000442068,CDCA5,CDCA3,9606,0.894,0.0,0.0,0.0,0.759,0.0,0.0,0.58
9606.ENSP00000275517,9606.ENSP00000363055,CDCA5,ZWINT,9606,0.908,0.0,0.0,0.0,0.775,0.0,0.0,0.612
9606.ENSP00000275517,9606.ENSP00000411532,CDCA5,TOP2A,9606,0.917,0.0,0.0,0.0,0.781,0.0,0.0,0.638
9606.ENSP00000275517,9606.ENSP00000302530,CDCA5,BUB1,9606,0.933,0.0,0.0,0.0,0.789,0.0,0.0,0.698
9606.ENSP00000275517,9606.ENSP00000361540,CDCA5,CDC20,9606,0.938,0.0,0.0,0.0,0.789,0.0,0.0,0.722
9606.ENSP00000275517,9606.ENSP00000301633,CDCA5,BIRC5,9606,0.942,0.0,0.0,0.0,0.779,0.0,0.0,0.75
9606.ENSP00000275517,9606.ENSP00000313950,CDCA5,AURKB,9606,0.968,0.0,0.0,0.0,0.672,0.0,0.0,0.907
9606.ENSP00000275517,9606.ENSP00000288207,CDCA5,CCNB2,9606,0.969,0.0,0.0,0.0,0.786,0.0,0.4,0.782
9606.ENSP00000275517,9606.ENSP00000378699,CDCA5,CDK1,9606,0.979,0.0,0.0,0.0,0.645,0.292,0.4,0.879
9606.ENSP00000280557,9606.ENSP00000354125,DENR,EIF3B,9606,0.805,0.0,0.0,0.0,0.14,0.628,0.0,0.439
9606.ENSP00000280557,9606.ENSP00000414321,DENR,RPS24,9606,0.968,0.0,0.0,0.0,0.313,0.955,0.0,0.0
9606.ENSP00000281453,9606.ENSP00000355922,CENPU,CENPF,9606,0.736,0.0,0.0,0.0,0.442,0.164,0.0,0.48
9606.ENSP00000281453,9606.ENSP00000428489,CENPU,PBK,9606,0.746,0.0,0.0,0.0,0.65,0.067,0.0,0.284
9606.ENSP00000281453,9606.ENSP00000313950,CENPU,AURKB,9606,0.755,0.0,0.0,0.0,0.361,0.0,0.0,0.633
9606.ENSP00000281453,9606.ENSP00000302530,CENPU,BUB1,9606,0.758,0.0,0.0,0.0,0.552,0.0,0.0,0.483
9606.ENSP00000281453,9606.ENSP00000414109,CENPU,HJURP,9606,0.801,0.0,0.0,0.0,0.308,0.0,0.5,0.471
9606.ENSP00000281453,9606.ENSP00000287598,CENPU,BUB1B,9606,0.812,0.0,0.0,0.0,0.421,0.0,0.5,0.405
9606.ENSP00000281453,9606.ENSP00000363055,CENPU,ZWINT,9606,0.829,0.0,0.0,0.0,0.526,0.0,0.0,0.656
9606.ENSP00000281453,9606.ENSP00000361540,CENPU,CDC20,9606,0.836,0.0,0.0,0.0,0.347,0.0,0.5,0.539
9606.ENSP00000281453,9606.ENSP00000296509,CENPU,MAD2L1,9606,0.837,0.0,0.0,0.0,0.54,0.0,0.5,0.349
9606.ENSP00000281453,9606.ENSP00000288207,CENPU,CCNB2,9606,0.846,0.0,0.0,0.0,0.472,0.0,0.4,0.552
9606.ENSP00000281453,9606.ENSP00000335463,CENPU,KNL1,9606,0.895,0.0,0.0,0.0,0.306,0.0,0.5,0.722
9606.ENSP00000281453,9606.ENSP00000378699,CENPU,CDK1,9606,0.914,0.0,0.0,0.0,0.649,0.0,0.4,0.627
9606.ENSP00000281453,9606.ENSP00000336868,CENPU,CENPA,9606,0.998,0.0,0.0,0.0,0.273,0.915,0.5,0.947
9606.ENSP00000281453,9606.ENSP00000377007,CENPU,CENPN,9606,0.999,0.0,0.0,0.0,0.447,0.97,0.8,0.993
9606.ENSP00000281453,9606.ENSP00000379911,CENPU,CENPK,9606,0.999,0.0,0.0,0.0,0.36,0.922,0.8,0.955
9606.ENSP00000282074,9606.ENSP00000300035,SPC25,PCLAF,9606,0.705,0.0,0.0,0.0,0.705,0.0,0.0,0.0
9606.ENSP00000282074,9606.ENSP00000298048,SPC25,MELK,9606,0.724,0.0,0.0,0.0,0.724,0.0,0.0,0.0
9606.ENSP00000282074,9606.ENSP00000442068,SPC25,CDCA3,9606,0.73,0.0,0.0,0.0,0.674,0.0,0.0,0.205
9606.ENSP00000282074,9606.ENSP00000355922,SPC25,CENPF,9606,0.734,0.0,0.0,0.0,0.668,0.0,0.0,0.232
9606.ENSP00000282074,9606.ENSP00000288207,SPC25,CCNB2,9606,0.738,0.0,0.0,0.0,0.493,0.0,0.4,0.207
9606.ENSP00000282074,9606.ENSP00000412292,SPC25,DEPDC1,9606,0.756,0.0,0.0,0.0,0.756,0.0,0.0,0.0
9606.ENSP00000282074,9606.ENSP00000363524,SPC25,KIF4A,9606,0.761,0.0,0.0,0.0,0.718,0.0,0.0,0.185
9606.ENSP00000282074,9606.ENSP00000348838,SPC25,UBE2C,9606,0.777,0.0,0.0,0.0,0.719,0.063,0.0,0.22
9606.ENSP00000282074,9606.ENSP00000361298,SPC25,KIF2C,9606,0.777,0.0,0.0,0.0,0.673,0.0,0.0,0.345
9606.ENSP00000282074,9606.ENSP00000391090,SPC25,CHEK1,9606,0.778,0.0,0.0,0.0,0.778,0.0,0.0,0.0
9606.ENSP00000282074,9606.ENSP00000361540,SPC25,CDC20,9606,0.802,0.0,0.0,0.0,0.569,0.0,0.5,0.158
9606.ENSP00000282074,9606.ENSP00000336868,SPC25,CENPA,9606,0.804,0.0,0.0,0.0,0.779,0.0,0.0,0.148
9606.ENSP00000282074,9606.ENSP00000377492,SPC25,HMMR,9606,0.804,0.0,0.0,0.0,0.786,0.053,0.0,0.112
9606.ENSP00000282074,9606.ENSP00000481380,SPC25,CCNA2,9606,0.811,0.0,0.0,0.0,0.805,0.0,0.0,0.068
9606.ENSP00000282074,9606.ENSP00000360540,SPC25,CEP55,9606,0.811,0.0,0.0,0.0,0.795,0.0,0.0,0.117
9606.ENSP00000282074,9606.ENSP00000335357,SPC25,CDKN3,9606,0.817,0.0,0.0,0.0,0.78,0.0,0.0,0.2
9606.ENSP00000282074,9606.ENSP00000378356,SPC25,KIF20A,9606,0.823,0.0,0.0,0.0,0.792,0.0,0.0,0.182
9606.ENSP00000282074,9606.ENSP00000300403,SPC25,TPX2,9606,0.837,0.0,0.0,0.0,0.812,0.0,0.0,0.167
9606.ENSP00000282074,9606.ENSP00000301633,SPC25,BIRC5,9606,0.847,0.0,0.0,0.0,0.827,0.0,0.0,0.156
9606.ENSP00000282074,9606.ENSP00000356379,SPC25,ASPM,9606,0.852,0.0,0.0,0.0,0.815,0.0,0.0,0.231
9606.ENSP00000282074,9606.ENSP00000428489,SPC25,PBK,9606,0.877,0.0,0.0,0.0,0.851,0.0,0.0,0.207
9606.ENSP00000282074,9606.ENSP00000358813,SPC25,TTK,9606,0.878,0.0,0.0,0.0,0.726,0.325,0.0,0.394
9606.ENSP00000282074,9606.ENSP00000378699,SPC25,CDK1,9606,0.895,0.0,0.0,0.0,0.832,0.0,0.4,0.046
9606.ENSP00000282074,9606.ENSP00000296509,SPC25,MAD2L1,9606,0.913,0.0,0.0,0.0,0.737,0.0,0.5,0.395
9606.ENSP00000282074,9606.ENSP00000287598,SPC25,BUB1B,9606,0.93,0.0,0.0,0.0,0.836,0.0,0.5,0.211
9606.ENSP00000282074,9606.ENSP00000335463,SPC25,KNL1,9606,0.958,0.0,0.0,0.0,0.394,0.845,0.54,0.142
9606.ENSP00000282074,9606.ENSP00000302530,SPC25,BUB1,9606,0.967,0.0,0.0,0.0,0.814,0.781,0.0,0.271
9606.ENSP00000282074,9606.ENSP00000363055,SPC25,ZWINT,9606,0.984,0.0,0.0,0.0,0.665,0.88,0.54,0.281
9606.ENSP00000286758,9606.ENSP00000361405,CXCL13,MMP9,9606,0.701,0.0,0.0,0.0,0.164,0.0,0.0,0.657
9606.ENSP00000286758,9606.ENSP00000351671,CXCL13,CCL20,9606,0.9,0.0,0.0,0.0,0.081,0.0,0.5,0.8
9606.ENSP00000287394,9606.ENSP00000360540,ATAD2,CEP55,9606,0.715,0.0,0.0,0.0,0.462,0.0,0.0,0.493
9606.ENSP00000287394,9606.ENSP00000499238,ATAD2,NUSAP1,9606,0.724,0.0,0.0,0.0,0.532,0.0,0.0,0.435
9606.ENSP00000287394,9606.ENSP00000300403,ATAD2,TPX2,9606,0.755,0.0,0.0,0.0,0.48,0.045,0.0,0.546
9606.ENSP00000287394,9606.ENSP00000377601,ATAD2,HELLS,9606,0.821,0.0,0.0,0.0,0.706,0.14,0.0,0.346
9606.ENSP00000287394,9606.ENSP00000411532,ATAD2,TOP2A,9606,0.837,0.055,0.0,0.0,0.554,0.18,0.0,0.584
9606.ENSP00000287598,9606.ENSP00000315644,BUB1B,TYMS,9606,0.72,0.0,0.0,0.0,0.455,0.0,0.0,0.508
9606.ENSP00000287598,9606.ENSP00000306473,BUB1B,SHCBP1,9606,0.769,0.0,0.0,0.0,0.761,0.0,0.0,0.074
9606.ENSP00000287598,9606.ENSP00000310842,BUB1B,FANCI,9606,0.818,0.0,0.0,0.0,0.588,0.0,0.0,0.577
9606.ENSP00000287598,9606.ENSP00000465992,BUB1B,KIF18B,9606,0.838,0.0,0.0,0.0,0.693,0.071,0.0,0.477
9606.ENSP00000287598,9606.ENSP00000412292,BUB1B,DEPDC1,9606,0.85,0.0,0.0,0.0,0.797,0.0,0.0,0.29
9606.ENSP00000287598,9606.ENSP00000377007,BUB1B,CENPN,9606,0.86,0.0,0.0,0.0,0.578,0.0,0.5,0.392
9606.ENSP00000287598,9606.ENSP00000376457,BUB1B,ECT2,9606,0.864,0.0,0.0,0.0,0.647,0.0,0.0,0.632
9606.ENSP00000287598,9606.ENSP00000379911,BUB1B,CENPK,9606,0.869,0.0,0.0,0.0,0.439,0.299,0.5,0.414
9606.ENSP00000287598,9606.ENSP00000300035,BUB1B,PCLAF,9606,0.875,0.0,0.0,0.0,0.797,0.0,0.0,0.411
9606.ENSP00000287598,9606.ENSP00000391090,BUB1B,CHEK1,9606,0.876,0.0,0.0,0.0,0.513,0.053,0.0,0.753
9606.ENSP00000287598,9606.ENSP00000356319,BUB1B,KIF14,9606,0.878,0.0,0.0,0.0,0.792,0.067,0.0,0.422
9606.ENSP00000287598,9606.ENSP00000377492,BUB1B,HMMR,9606,0.882,0.0,0.0,0.0,0.792,0.115,0.0,0.412
9606.ENSP00000287598,9606.ENSP00000442068,BUB1B,CDCA3,9606,0.886,0.0,0.0,0.0,0.805,0.0,0.0,0.437
9606.ENSP00000287598,9606.ENSP00000377793,BUB1B,PRC1,9606,0.893,0.0,0.0,0.0,0.842,0.0,0.0,0.35
9606.ENSP00000287598,9606.ENSP00000335357,BUB1B,CDKN3,9606,0.897,0.0,0.0,0.0,0.786,0.045,0.0,0.536
9606.ENSP00000287598,9606.ENSP00000414109,BUB1B,HJURP,9606,0.897,0.0,0.0,0.0,0.847,0.0,0.0,0.355
9606.ENSP00000287598,9606.ENSP00000328228,BUB1B,CDCA2,9606,0.916,0.0,0.0,0.271,0.681,0.0,0.0,0.671
9606.ENSP00000287598,9606.ENSP00000328236,BUB1B,KNTC1,9606,0.921,0.0,0.0,0.0,0.712,0.0,0.5,0.496
9606.ENSP00000287598,9606.ENSP00000353770,BUB1B,RRM2,9606,0.922,0.0,0.0,0.0,0.823,0.0,0.0,0.576
9606.ENSP00000287598,9606.ENSP00000357643,BUB1B,MKI67,9606,0.932,0.0,0.0,0.0,0.863,0.292,0.0,0.359
9606.ENSP00000287598,9606.ENSP00000300403,BUB1B,TPX2,9606,0.936,0.0,0.0,0.0,0.849,0.0,0.0,0.595
9606.ENSP00000287598,9606.ENSP00000428489,BUB1B,PBK,9606,0.937,0.0,0.0,0.0,0.853,0.062,0.0,0.579
9606.ENSP00000287598,9606.ENSP00000360540,BUB1B,CEP55,9606,0.939,0.0,0.0,0.0,0.841,0.0,0.0,0.632
9606.ENSP00000287598,9606.ENSP00000342307,BUB1B,FOXM1,9606,0.944,0.0,0.0,0.0,0.812,0.116,0.0,0.695
9606.ENSP00000287598,9606.ENSP00000323300,BUB1B,SPAG5,9606,0.951,0.0,0.0,0.0,0.912,0.115,0.0,0.419
9606.ENSP00000287598,9606.ENSP00000499238,BUB1B,NUSAP1,9606,0.953,0.0,0.0,0.0,0.852,0.0,0.0,0.696
9606.ENSP00000287598,9606.ENSP00000298048,BUB1B,MELK,9606,0.953,0.0,0.0,0.0,0.856,0.046,0.0,0.683
9606.ENSP00000287598,9606.ENSP00000363524,BUB1B,KIF4A,9606,0.968,0.0,0.0,0.0,0.896,0.081,0.0,0.696
9606.ENSP00000287598,9606.ENSP00000356379,BUB1B,ASPM,9606,0.974,0.0,0.0,0.0,0.928,0.111,0.0,0.628
9606.ENSP00000287598,9606.ENSP00000378356,BUB1B,KIF20A,9606,0.977,0.0,0.0,0.0,0.911,0.071,0.0,0.752
9606.ENSP00000287598,9606.ENSP00000377536,BUB1B,PTTG1,9606,0.978,0.0,0.0,0.0,0.606,0.336,0.0,0.923
9606.ENSP00000287598,9606.ENSP00000411532,BUB1B,TOP2A,9606,0.98,0.0,0.0,0.0,0.925,0.0,0.0,0.747
9606.ENSP00000287598,9606.ENSP00000336868,BUB1B,CENPA,9606,0.985,0.0,0.0,0.0,0.81,0.111,0.5,0.85
9606.ENSP00000287598,9606.ENSP00000301633,BUB1B,BIRC5,9606,0.987,0.0,0.0,0.0,0.847,0.095,0.5,0.834
9606.ENSP00000287598,9606.ENSP00000361298,BUB1B,KIF2C,9606,0.991,0.0,0.0,0.0,0.877,0.071,0.5,0.863
9606.ENSP00000287598,9606.ENSP00000358813,BUB1B,TTK,9606,0.991,0.0,0.0,0.0,0.865,0.292,0.0,0.918
9606.ENSP00000287598,9606.ENSP00000348838,BUB1B,UBE2C,9606,0.991,0.0,0.0,0.0,0.832,0.287,0.72,0.768
9606.ENSP00000287598,9606.ENSP00000288207,BUB1B,CCNB2,9606,0.993,0.0,0.0,0.0,0.835,0.279,0.4,0.914
9606.ENSP00000287598,9606.ENSP00000481380,BUB1B,CCNA2,9606,0.994,0.0,0.0,0.0,0.865,0.292,0.5,0.904
9606.ENSP00000287598,9606.ENSP00000363055,BUB1B,ZWINT,9606,0.996,0.0,0.0,0.0,0.787,0.823,0.5,0.814
9606.ENSP00000287598,9606.ENSP00000355966,BUB1B,NEK2,9606,0.999,0.0,0.0,0.0,0.839,0.994,0.5,0.64
9606.ENSP00000287598,9606.ENSP00000313950,BUB1B,AURKB,9606,0.999,0.0,0.0,0.0,0.637,0.327,0.5,0.992
9606.ENSP00000287598,9606.ENSP00000302530,BUB1B,BUB1,9606,0.999,0.0,0.0,0.0,0.92,0.919,0.5,0.989
9606.ENSP00000287598,9606.ENSP00000361540,BUB1B,CDC20,9606,0.999,0.0,0.0,0.0,0.901,0.999,0.8,0.999
9606.ENSP00000287598,9606.ENSP00000355922,BUB1B,CENPF,9606,0.999,0.0,0.0,0.0,0.903,0.0,0.9,0.918
9606.ENSP00000287598,9606.ENSP00000296509,BUB1B,MAD2L1,9606,0.999,0.0,0.0,0.0,0.72,0.999,0.8,0.988
9606.ENSP00000287598,9606.ENSP00000335463,BUB1B,KNL1,9606,0.999,0.0,0.0,0.0,0.403,0.977,0.5,0.984
9606.ENSP00000287598,9606.ENSP00000378699,BUB1B,CDK1,9606,0.999,0.0,0.0,0.0,0.846,0.126,0.5,0.994
9606.ENSP00000287647,9606.ENSP00000358813,FANCD2,TTK,9606,0.7,0.0,0.0,0.0,0.423,0.0,0.0,0.502
9606.ENSP00000287647,9606.ENSP00000479617,FANCD2,UHRF1,9606,0.766,0.0,0.0,0.0,0.268,0.301,0.0,0.58
9606.ENSP00000287647,9606.ENSP00000328236,FANCD2,KNTC1,9606,0.81,0.0,0.0,0.0,0.783,0.0,0.0,0.157
9606.ENSP00000287647,9606.ENSP00000391090,FANCD2,CHEK1,9606,0.958,0.0,0.0,0.0,0.283,0.464,0.4,0.84
9606.ENSP00000287647,9606.ENSP00000494957,FANCD2,UBE2T,9606,0.999,0.0,0.0,0.0,0.194,0.852,0.9,0.939
9606.ENSP00000287647,9606.ENSP00000310842,FANCD2,FANCI,9606,0.999,0.0,0.0,0.0,0.561,0.996,0.9,0.999
9606.ENSP00000288207,9606.ENSP00000412292,CCNB2,DEPDC1,9606,0.724,0.0,0.0,0.0,0.615,0.0,0.0,0.314
9606.ENSP00000288207,9606.ENSP00000328236,CCNB2,KNTC1,9606,0.736,0.0,0.0,0.0,0.39,0.071,0.4,0.315
9606.ENSP00000288207,9606.ENSP00000323300,CCNB2,SPAG5,9606,0.76,0.0,0.0,0.0,0.586,0.146,0.0,0.376
9606.ENSP00000288207,9606.ENSP00000328228,CCNB2,CDCA2,9606,0.793,0.0,0.0,0.0,0.602,0.0,0.0,0.5
9606.ENSP00000288207,9606.ENSP00000376457,CCNB2,ECT2,9606,0.824,0.0,0.0,0.0,0.582,0.071,0.0,0.583
9606.ENSP00000288207,9606.ENSP00000415430,CCNB2,GTSE1,9606,0.826,0.0,0.0,0.0,0.519,0.0,0.4,0.447
9606.ENSP00000288207,9606.ENSP00000335463,CCNB2,KNL1,9606,0.829,0.0,0.0,0.0,0.398,0.117,0.4,0.527
9606.ENSP00000288207,9606.ENSP00000391090,CCNB2,CHEK1,9606,0.833,0.0,0.0,0.0,0.534,0.069,0.0,0.647
9606.ENSP00000288207,9606.ENSP00000377007,CCNB2,CENPN,9606,0.843,0.0,0.0,0.0,0.65,0.0,0.4,0.312
9606.ENSP00000288207,9606.ENSP00000363524,CCNB2,KIF4A,9606,0.864,0.0,0.0,0.0,0.724,0.0,0.0,0.529
9606.ENSP00000288207,9606.ENSP00000315644,CCNB2,TYMS,9606,0.868,0.0,0.0,0.0,0.798,0.0,0.0,0.374
9606.ENSP00000288207,9606.ENSP00000357643,CCNB2,MKI67,9606,0.87,0.0,0.0,0.0,0.612,0.0,0.0,0.679
9606.ENSP00000288207,9606.ENSP00000468425,CCNB2,TK1,9606,0.88,0.0,0.0,0.0,0.728,0.0,0.0,0.578
9606.ENSP00000288207,9606.ENSP00000428489,CCNB2,PBK,9606,0.88,0.0,0.0,0.0,0.763,0.098,0.0,0.486
9606.ENSP00000288207,9606.ENSP00000300035,CCNB2,PCLAF,9606,0.882,0.0,0.0,0.0,0.807,0.0,0.0,0.413
9606.ENSP00000288207,9606.ENSP00000377492,CCNB2,HMMR,9606,0.888,0.0,0.0,0.0,0.796,0.091,0.0,0.446
9606.ENSP00000288207,9606.ENSP00000335357,CCNB2,CDKN3,9606,0.893,0.0,0.0,0.0,0.815,0.175,0.0,0.358
9606.ENSP00000288207,9606.ENSP00000342307,CCNB2,FOXM1,9606,0.895,0.0,0.0,0.0,0.504,0.091,0.5,0.59
9606.ENSP00000288207,9606.ENSP00000429089,CCNB2,CCNE2,9606,0.899,0.0,0.0,0.0,0.444,0.616,0.0,0.565
9606.ENSP00000288207,9606.ENSP00000355966,CCNB2,NEK2,9606,0.902,0.0,0.0,0.0,0.67,0.0,0.0,0.717
9606.ENSP00000288207,9606.ENSP00000414109,CCNB2,HJURP,9606,0.905,0.0,0.0,0.0,0.792,0.0,0.0,0.564
9606.ENSP00000288207,9606.ENSP00000360540,CCNB2,CEP55,9606,0.907,0.0,0.0,0.0,0.811,0.0,0.0,0.529
9606.ENSP00000288207,9606.ENSP00000442068,CCNB2,CDCA3,9606,0.913,0.0,0.0,0.0,0.827,0.0,0.0,0.518
9606.ENSP00000288207,9606.ENSP00000353770,CCNB2,RRM2,9606,0.913,0.0,0.0,0.0,0.566,0.0,0.0,0.808
9606.ENSP00000288207,9606.ENSP00000363055,CCNB2,ZWINT,9606,0.92,0.0,0.0,0.0,0.539,0.0,0.4,0.735
9606.ENSP00000288207,9606.ENSP00000377793,CCNB2,PRC1,9606,0.925,0.0,0.0,0.0,0.824,0.128,0.0,0.554
9606.ENSP00000288207,9606.ENSP00000378356,CCNB2,KIF20A,9606,0.938,0.0,0.0,0.0,0.842,0.0,0.0,0.624
9606.ENSP00000288207,9606.ENSP00000356379,CCNB2,ASPM,9606,0.951,0.0,0.0,0.0,0.84,0.0,0.0,0.709
9606.ENSP00000288207,9606.ENSP00000300403,CCNB2,TPX2,9606,0.953,0.0,0.0,0.0,0.835,0.045,0.0,0.725
9606.ENSP00000288207,9606.ENSP00000358813,CCNB2,TTK,9606,0.96,0.0,0.0,0.0,0.852,0.071,0.0,0.736
9606.ENSP00000288207,9606.ENSP00000296509,CCNB2,MAD2L1,9606,0.962,0.0,0.0,0.0,0.615,0.127,0.4,0.835
9606.ENSP00000288207,9606.ENSP00000499238,CCNB2,NUSAP1,9606,0.962,0.0,0.0,0.0,0.848,0.0,0.0,0.761
9606.ENSP00000288207,9606.ENSP00000481380,CCNB2,CCNA2,9606,0.965,0.0,0.0,0.108,0.856,0.215,0.0,0.696
9606.ENSP00000288207,9606.ENSP00000348838,CCNB2,UBE2C,9606,0.968,0.0,0.0,0.0,0.861,0.072,0.0,0.774
9606.ENSP00000288207,9606.ENSP00000377536,CCNB2,PTTG1,9606,0.97,0.0,0.0,0.0,0.863,0.0,0.0,0.79
9606.ENSP00000288207,9606.ENSP00000361298,CCNB2,KIF2C,9606,0.971,0.0,0.0,0.0,0.823,0.0,0.4,0.753
9606.ENSP00000288207,9606.ENSP00000355922,CCNB2,CENPF,9606,0.974,0.0,0.0,0.0,0.828,0.0,0.4,0.767
9606.ENSP00000288207,9606.ENSP00000298048,CCNB2,MELK,9606,0.975,0.0,0.0,0.0,0.852,0.126,0.0,0.822
9606.ENSP00000288207,9606.ENSP00000336868,CCNB2,CENPA,9606,0.975,0.0,0.0,0.0,0.832,0.047,0.4,0.772
9606.ENSP00000288207,9606.ENSP00000411532,CCNB2,TOP2A,9606,0.975,0.0,0.0,0.0,0.875,0.052,0.0,0.809
9606.ENSP00000288207,9606.ENSP00000313950,CCNB2,AURKB,9606,0.99,0.0,0.0,0.0,0.844,0.094,0.4,0.901
9606.ENSP00000288207,9606.ENSP00000301633,CCNB2,BIRC5,9606,0.993,0.0,0.0,0.0,0.905,0.098,0.4,0.892
9606.ENSP00000288207,9606.ENSP00000302530,CCNB2,BUB1,9606,0.998,0.0,0.0,0.0,0.892,0.279,0.4,0.97
9606.ENSP00000288207,9606.ENSP00000378699,CCNB2,CDK1,9606,0.999,0.0,0.0,0.0,0.899,0.882,0.9,0.996
9606.ENSP00000288207,9606.ENSP00000361540,CCNB2,CDC20,9606,0.999,0.0,0.0,0.0,0.947,0.312,0.9,0.87
9606.ENSP00000289316,9606.ENSP00000364855,H2BC5,MSH5,9606,0.754,0.0,0.0,0.0,0.067,0.0,0.5,0.516
9606.ENSP00000289316,9606.ENSP00000377007,H2BC5,CENPN,9606,0.969,0.0,0.0,0.0,0.059,0.967,0.0,0.091
9606.ENSP00000289316,9606.ENSP00000336868,H2BC5,CENPA,9606,0.983,0.0,0.0,0.0,0.197,0.941,0.5,0.383
9606.ENSP00000291527,9606.ENSP00000391490,TFF1,AGR2,9606,0.786,0.0,0.0,0.0,0.63,0.0,0.0,0.447
9606.ENSP00000292430,9606.ENSP00000412292,LY6K,DEPDC1,9606,0.707,0.0,0.0,0.0,0.06,0.0,0.0,0.702
9606.ENSP00000296509,9606.ENSP00000342307,MAD2L1,FOXM1,9606,0.71,0.0,0.0,0.0,0.384,0.274,0.0,0.403
9606.ENSP00000296509,9606.ENSP00000306473,MAD2L1,SHCBP1,9606,0.712,0.0,0.0,0.0,0.513,0.0,0.0,0.433
9606.ENSP00000296509,9606.ENSP00000468425,MAD2L1,TK1,9606,0.714,0.0,0.0,0.0,0.452,0.0,0.0,0.5
9606.ENSP00000296509,9606.ENSP00000442068,MAD2L1,CDCA3,9606,0.722,0.0,0.0,0.0,0.647,0.0,0.0,0.246
9606.ENSP00000296509,9606.ENSP00000363524,MAD2L1,KIF4A,9606,0.726,0.0,0.0,0.0,0.526,0.0,0.0,0.447
9606.ENSP00000296509,9606.ENSP00000360540,MAD2L1,CEP55,9606,0.73,0.0,0.0,0.0,0.567,0.0,0.0,0.402
9606.ENSP00000296509,9606.ENSP00000323300,MAD2L1,SPAG5,9606,0.745,0.0,0.0,0.0,0.407,0.096,0.0,0.562
9606.ENSP00000296509,9606.ENSP00000300035,MAD2L1,PCLAF,9606,0.774,0.0,0.0,0.0,0.515,0.0,0.0,0.554
9606.ENSP00000296509,9606.ENSP00000376457,MAD2L1,ECT2,9606,0.779,0.0,0.0,0.0,0.529,0.0,0.0,0.551
9606.ENSP00000296509,9606.ENSP00000377492,MAD2L1,HMMR,9606,0.801,0.0,0.0,0.0,0.682,0.079,0.0,0.375
9606.ENSP00000296509,9606.ENSP00000377793,MAD2L1,PRC1,9606,0.802,0.0,0.0,0.0,0.669,0.069,0.0,0.41
9606.ENSP00000296509,9606.ENSP00000356379,MAD2L1,ASPM,9606,0.812,0.0,0.0,0.0,0.602,0.088,0.0,0.524
9606.ENSP00000296509,9606.ENSP00000335463,MAD2L1,KNL1,9606,0.815,0.0,0.0,0.0,0.38,0.068,0.5,0.437
9606.ENSP00000296509,9606.ENSP00000494957,MAD2L1,UBE2T,9606,0.838,0.0,0.0,0.0,0.783,0.059,0.0,0.273
9606.ENSP00000296509,9606.ENSP00000499238,MAD2L1,NUSAP1,9606,0.847,0.0,0.0,0.0,0.718,0.0,0.0,0.48
9606.ENSP00000296509,9606.ENSP00000379911,MAD2L1,CENPK,9606,0.848,0.0,0.0,0.0,0.618,0.0,0.5,0.268
9606.ENSP00000296509,9606.ENSP00000300403,MAD2L1,TPX2,9606,0.863,0.0,0.0,0.0,0.543,0.075,0.0,0.701
9606.ENSP00000296509,9606.ENSP00000336868,MAD2L1,CENPA,9606,0.865,0.0,0.0,0.0,0.521,0.085,0.5,0.457
9606.ENSP00000296509,9606.ENSP00000335357,MAD2L1,CDKN3,9606,0.87,0.0,0.0,0.0,0.78,0.226,0.0,0.297
9606.ENSP00000296509,9606.ENSP00000328236,MAD2L1,KNTC1,9606,0.873,0.0,0.0,0.0,0.45,0.0,0.5,0.575
9606.ENSP00000296509,9606.ENSP00000353770,MAD2L1,RRM2,9606,0.883,0.0,0.0,0.0,0.643,0.0,0.0,0.686
9606.ENSP00000296509,9606.ENSP00000411532,MAD2L1,TOP2A,9606,0.89,0.0,0.0,0.0,0.624,0.0,0.0,0.721
9606.ENSP00000296509,9606.ENSP00000377536,MAD2L1,PTTG1,9606,0.891,0.0,0.0,0.0,0.539,0.0,0.0,0.774
9606.ENSP00000296509,9606.ENSP00000377007,MAD2L1,CENPN,9606,0.899,0.0,0.0,0.0,0.61,0.0,0.5,0.523
9606.ENSP00000296509,9606.ENSP00000363055,MAD2L1,ZWINT,9606,0.899,0.0,0.0,0.0,0.542,0.191,0.5,0.523
9606.ENSP00000296509,9606.ENSP00000315644,MAD2L1,TYMS,9606,0.9,0.0,0.0,0.0,0.794,0.0,0.0,0.534
9606.ENSP00000296509,9606.ENSP00000378356,MAD2L1,KIF20A,9606,0.913,0.0,0.0,0.0,0.595,0.615,0.0,0.489
9606.ENSP00000296509,9606.ENSP00000355922,MAD2L1,CENPF,9606,0.915,0.0,0.0,0.0,0.657,0.0,0.5,0.544
9606.ENSP00000296509,9606.ENSP00000361298,MAD2L1,KIF2C,9606,0.927,0.0,0.0,0.0,0.509,0.07,0.5,0.72
9606.ENSP00000296509,9606.ENSP00000391090,MAD2L1,CHEK1,9606,0.927,0.0,0.0,0.0,0.785,0.088,0.0,0.658
9606.ENSP00000296509,9606.ENSP00000348838,MAD2L1,UBE2C,9606,0.929,0.0,0.0,0.0,0.615,0.321,0.5,0.52
9606.ENSP00000296509,9606.ENSP00000313950,MAD2L1,AURKB,9606,0.93,0.0,0.0,0.0,0.603,0.071,0.5,0.669
9606.ENSP00000296509,9606.ENSP00000298048,MAD2L1,MELK,9606,0.946,0.0,0.0,0.0,0.844,0.0,0.0,0.667
9606.ENSP00000296509,9606.ENSP00000428489,MAD2L1,PBK,9606,0.952,0.0,0.0,0.0,0.912,0.058,0.0,0.466
9606.ENSP00000296509,9606.ENSP00000301633,MAD2L1,BIRC5,9606,0.981,0.0,0.0,0.0,0.913,0.0,0.5,0.614
9606.ENSP00000296509,9606.ENSP00000481380,MAD2L1,CCNA2,9606,0.988,0.0,0.0,0.0,0.849,0.0,0.5,0.853
9606.ENSP00000296509,9606.ENSP00000378699,MAD2L1,CDK1,9606,0.992,0.0,0.0,0.0,0.857,0.113,0.5,0.896
9606.ENSP00000296509,9606.ENSP00000358813,MAD2L1,TTK,9606,0.995,0.0,0.0,0.0,0.806,0.78,0.0,0.91
9606.ENSP00000296509,9606.ENSP00000355966,MAD2L1,NEK2,9606,0.999,0.0,0.0,0.0,0.59,0.994,0.5,0.487
9606.ENSP00000296509,9606.ENSP00000302530,MAD2L1,BUB1,9606,0.999,0.0,0.0,0.0,0.841,0.875,0.9,0.94
9606.ENSP00000296509,9606.ENSP00000361540,MAD2L1,CDC20,9606,0.999,0.0,0.0,0.0,0.632,0.999,0.9,0.981
9606.ENSP00000298048,9606.ENSP00000328236,MELK,KNTC1,9606,0.704,0.0,0.0,0.0,0.595,0.0,0.0,0.298
9606.ENSP00000298048,9606.ENSP00000377007,MELK,CENPN,9606,0.705,0.0,0.0,0.0,0.645,0.0,0.0,0.204
9606.ENSP00000298048,9606.ENSP00000494957,MELK,UBE2T,9606,0.706,0.0,0.0,0.0,0.511,0.079,0.0,0.398
9606.ENSP00000298048,9606.ENSP00000323300,MELK,SPAG5,9606,0.735,0.0,0.0,0.0,0.612,0.065,0.0,0.328
9606.ENSP00000298048,9606.ENSP00000315644,MELK,TYMS,9606,0.737,0.0,0.0,0.0,0.577,0.0,0.0,0.404
9606.ENSP00000298048,9606.ENSP00000320147,MELK,EZH2,9606,0.738,0.0,0.0,0.0,0.475,0.295,0.0,0.348
9606.ENSP00000298048,9606.ENSP00000306473,MELK,SHCBP1,9606,0.739,0.0,0.0,0.0,0.657,0.0,0.0,0.27
9606.ENSP00000298048,9606.ENSP00000415430,MELK,GTSE1,9606,0.746,0.0,0.0,0.0,0.478,0.0,0.0,0.534
9606.ENSP00000298048,9606.ENSP00000412292,MELK,DEPDC1,9606,0.751,0.0,0.0,0.0,0.679,0.0,0.0,0.256
9606.ENSP00000298048,9606.ENSP00000468425,MELK,TK1,9606,0.792,0.0,0.0,0.0,0.519,0.0,0.0,0.587
9606.ENSP00000298048,9606.ENSP00000360944,MELK,STIL,9606,0.819,0.0,0.0,0.0,0.786,0.0,0.0,0.186
9606.ENSP00000298048,9606.ENSP00000355966,MELK,NEK2,9606,0.822,0.0,0.0,0.0,0.64,0.051,0.0,0.522
9606.ENSP00000298048,9606.ENSP00000335357,MELK,CDKN3,9606,0.842,0.0,0.0,0.0,0.791,0.095,0.0,0.234
9606.ENSP00000298048,9606.ENSP00000356319,MELK,KIF14,9606,0.854,0.0,0.0,0.0,0.782,0.0,0.0,0.357
9606.ENSP00000298048,9606.ENSP00000300035,MELK,PCLAF,9606,0.871,0.0,0.0,0.0,0.769,0.0,0.0,0.465
9606.ENSP00000298048,9606.ENSP00000442068,MELK,CDCA3,9606,0.872,0.0,0.0,0.0,0.764,0.0,0.0,0.483
9606.ENSP00000298048,9606.ENSP00000391090,MELK,CHEK1,9606,0.873,0.0,0.0,0.0,0.791,0.078,0.0,0.392
9606.ENSP00000298048,9606.ENSP00000377536,MELK,PTTG1,9606,0.874,0.0,0.0,0.0,0.689,0.0,0.0,0.613
9606.ENSP00000298048,9606.ENSP00000336868,MELK,CENPA,9606,0.882,0.0,0.0,0.0,0.79,0.078,0.0,0.441
9606.ENSP00000298048,9606.ENSP00000377492,MELK,HMMR,9606,0.884,0.0,0.0,0.0,0.804,0.065,0.0,0.421
9606.ENSP00000298048,9606.ENSP00000376457,MELK,ECT2,9606,0.889,0.0,0.0,0.0,0.844,0.067,0.0,0.3
9606.ENSP00000298048,9606.ENSP00000377793,MELK,PRC1,9606,0.893,0.0,0.0,0.0,0.852,0.054,0.0,0.296
9606.ENSP00000298048,9606.ENSP00000313950,MELK,AURKB,9606,0.902,0.0,0.0,0.095,0.805,0.045,0.0,0.489
9606.ENSP00000298048,9606.ENSP00000378699,MELK,CDK1,9606,0.902,0.0,0.0,0.091,0.868,0.095,0.0,0.205
9606.ENSP00000298048,9606.ENSP00000363055,MELK,ZWINT,9606,0.903,0.0,0.0,0.0,0.777,0.0,0.0,0.584
9606.ENSP00000298048,9606.ENSP00000357643,MELK,MKI67,9606,0.911,0.0,0.0,0.0,0.802,0.292,0.0,0.418
9606.ENSP00000298048,9606.ENSP00000355922,MELK,CENPF,9606,0.919,0.0,0.0,0.0,0.809,0.0,0.0,0.595
9606.ENSP00000298048,9606.ENSP00000414109,MELK,HJURP,9606,0.924,0.0,0.0,0.0,0.798,0.0,0.0,0.639
9606.ENSP00000298048,9606.ENSP00000378356,MELK,KIF20A,9606,0.929,0.0,0.0,0.0,0.842,0.0,0.0,0.571
9606.ENSP00000298048,9606.ENSP00000499238,MELK,NUSAP1,9606,0.93,0.0,0.0,0.0,0.841,0.0,0.0,0.58
9606.ENSP00000298048,9606.ENSP00000358813,MELK,TTK,9606,0.931,0.0,0.0,0.0,0.911,0.0,0.0,0.254
9606.ENSP00000298048,9606.ENSP00000353770,MELK,RRM2,9606,0.933,0.0,0.0,0.0,0.811,0.06,0.0,0.656
9606.ENSP00000298048,9606.ENSP00000361298,MELK,KIF2C,9606,0.935,0.0,0.0,0.0,0.838,0.0,0.0,0.62
9606.ENSP00000298048,9606.ENSP00000481380,MELK,CCNA2,9606,0.939,0.0,0.0,0.0,0.846,0.052,0.0,0.618
9606.ENSP00000298048,9606.ENSP00000356379,MELK,ASPM,9606,0.946,0.0,0.0,0.0,0.818,0.0,0.0,0.715
9606.ENSP00000298048,9606.ENSP00000348838,MELK,UBE2C,9606,0.948,0.0,0.0,0.0,0.816,0.079,0.0,0.719
9606.ENSP00000298048,9606.ENSP00000411532,MELK,TOP2A,9606,0.955,0.0,0.0,0.0,0.835,0.0,0.0,0.74
9606.ENSP00000298048,9606.ENSP00000360540,MELK,CEP55,9606,0.956,0.0,0.0,0.0,0.83,0.0,0.0,0.751
9606.ENSP00000298048,9606.ENSP00000300403,MELK,TPX2,9606,0.958,0.0,0.0,0.0,0.84,0.07,0.0,0.739
9606.ENSP00000298048,9606.ENSP00000428489,MELK,PBK,9606,0.963,0.0,0.0,0.0,0.903,0.095,0.0,0.612
9606.ENSP00000298048,9606.ENSP00000363524,MELK,KIF4A,9606,0.964,0.0,0.0,0.0,0.863,0.0,0.0,0.75
9606.ENSP00000298048,9606.ENSP00000361540,MELK,CDC20,9606,0.964,0.0,0.0,0.0,0.897,0.046,0.0,0.665
9606.ENSP00000298048,9606.ENSP00000301633,MELK,BIRC5,9606,0.965,0.0,0.0,0.0,0.885,0.091,0.0,0.697
9606.ENSP00000298048,9606.ENSP00000342307,MELK,FOXM1,9606,0.973,0.0,0.0,0.0,0.791,0.071,0.0,0.874
9606.ENSP00000298048,9606.ENSP00000302530,MELK,BUB1,9606,0.984,0.0,0.0,0.0,0.936,0.046,0.0,0.758
9606.ENSP00000300035,9606.ENSP00000300403,PCLAF,TPX2,9606,0.724,0.0,0.0,0.0,0.512,0.0,0.0,0.457
9606.ENSP00000300035,9606.ENSP00000377492,PCLAF,HMMR,9606,0.754,0.0,0.0,0.0,0.662,0.0,0.0,0.3
9606.ENSP00000300035,9606.ENSP00000414109,PCLAF,HJURP,9606,0.763,0.0,0.0,0.0,0.633,0.0,0.0,0.381
9606.ENSP00000300035,9606.ENSP00000361298,PCLAF,KIF2C,9606,0.766,0.0,0.0,0.0,0.72,0.0,0.0,0.199
9606.ENSP00000300035,9606.ENSP00000357643,PCLAF,MKI67,9606,0.767,0.0,0.0,0.0,0.629,0.0,0.0,0.399
9606.ENSP00000300035,9606.ENSP00000336868,PCLAF,CENPA,9606,0.77,0.0,0.0,0.0,0.719,0.0,0.0,0.215
9606.ENSP00000300035,9606.ENSP00000313950,PCLAF,AURKB,9606,0.785,0.0,0.0,0.0,0.632,0.0,0.0,0.44
9606.ENSP00000300035,9606.ENSP00000494957,PCLAF,UBE2T,9606,0.785,0.0,0.0,0.0,0.688,0.0,0.0,0.34
9606.ENSP00000300035,9606.ENSP00000323300,PCLAF,SPAG5,9606,0.796,0.0,0.0,0.0,0.755,0.0,0.0,0.201
9606.ENSP00000300035,9606.ENSP00000358813,PCLAF,TTK,9606,0.81,0.0,0.0,0.0,0.743,0.0,0.0,0.291
9606.ENSP00000300035,9606.ENSP00000442068,PCLAF,CDCA3,9606,0.811,0.0,0.0,0.0,0.695,0.0,0.0,0.406
9606.ENSP00000300035,9606.ENSP00000468425,PCLAF,TK1,9606,0.82,0.0,0.0,0.0,0.677,0.0,0.0,0.465
9606.ENSP00000300035,9606.ENSP00000378356,PCLAF,KIF20A,9606,0.826,0.0,0.0,0.0,0.673,0.0,0.0,0.489
9606.ENSP00000300035,9606.ENSP00000302530,PCLAF,BUB1,9606,0.831,0.0,0.0,0.0,0.77,0.0,0.0,0.296
9606.ENSP00000300035,9606.ENSP00000479617,PCLAF,UHRF1,9606,0.854,0.0,0.0,0.0,0.569,0.488,0.0,0.392
9606.ENSP00000300035,9606.ENSP00000315644,PCLAF,TYMS,9606,0.859,0.0,0.0,0.0,0.793,0.0,0.0,0.349
9606.ENSP00000300035,9606.ENSP00000360540,PCLAF,CEP55,9606,0.861,0.0,0.0,0.0,0.733,0.0,0.0,0.5
9606.ENSP00000300035,9606.ENSP00000428489,PCLAF,PBK,9606,0.862,0.0,0.0,0.0,0.762,0.0,0.0,0.446
9606.ENSP00000300035,9606.ENSP00000377536,PCLAF,PTTG1,9606,0.87,0.0,0.0,0.0,0.708,0.0,0.0,0.573
9606.ENSP00000300035,9606.ENSP00000378699,PCLAF,CDK1,9606,0.877,0.0,0.0,0.0,0.818,0.0,0.0,0.352
9606.ENSP00000300035,9606.ENSP00000361540,PCLAF,CDC20,9606,0.881,0.0,0.0,0.0,0.747,0.0,0.0,0.551
9606.ENSP00000300035,9606.ENSP00000481380,PCLAF,CCNA2,9606,0.886,0.0,0.0,0.0,0.757,0.0,0.0,0.551
9606.ENSP00000300035,9606.ENSP00000355922,PCLAF,CENPF,9606,0.898,0.0,0.0,0.0,0.802,0.0,0.0,0.509
9606.ENSP00000300035,9606.ENSP00000353770,PCLAF,RRM2,9606,0.907,0.0,0.0,0.0,0.814,0.0,0.0,0.519
9606.ENSP00000300035,9606.ENSP00000356379,PCLAF,ASPM,9606,0.909,0.0,0.0,0.0,0.756,0.0,0.0,0.641
9606.ENSP00000300035,9606.ENSP00000363055,PCLAF,ZWINT,9606,0.913,0.0,0.0,0.0,0.785,0.0,0.0,0.615
9606.ENSP00000300035,9606.ENSP00000499238,PCLAF,NUSAP1,9606,0.914,0.0,0.0,0.0,0.801,0.0,0.0,0.588
9606.ENSP00000300035,9606.ENSP00000411532,PCLAF,TOP2A,9606,0.92,0.0,0.0,0.0,0.832,0.0,0.0,0.545
9606.ENSP00000300035,9606.ENSP00000301633,PCLAF,BIRC5,9606,0.93,0.0,0.0,0.0,0.82,0.0,0.0,0.629
9606.ENSP00000300035,9606.ENSP00000348838,PCLAF,UBE2C,9606,0.938,0.0,0.0,0.0,0.783,0.292,0.0,0.629
9606.ENSP00000300175,9606.ENSP00000498748,SCG5,GREM1,9606,0.761,0.0,0.0,0.0,0.127,0.0,0.0,0.738
9606.ENSP00000300403,9606.ENSP00000306473,TPX2,SHCBP1,9606,0.701,0.0,0.0,0.0,0.587,0.0,0.0,0.304
9606.ENSP00000300403,9606.ENSP00000310842,TPX2,FANCI,9606,0.724,0.0,0.0,0.0,0.535,0.0,0.0,0.43
9606.ENSP00000300403,9606.ENSP00000376457,TPX2,ECT2,9606,0.75,0.0,0.0,0.0,0.518,0.0,0.0,0.503
9606.ENSP00000300403,9606.ENSP00000377007,TPX2,CENPN,9606,0.766,0.0,0.0,0.0,0.486,0.0,0.0,0.563
9606.ENSP00000300403,9606.ENSP00000468425,TPX2,TK1,9606,0.792,0.0,0.0,0.0,0.532,0.07,0.0,0.56
9606.ENSP00000300403,9606.ENSP00000494957,TPX2,UBE2T,9606,0.799,0.0,0.0,0.0,0.559,0.042,0.0,0.562
9606.ENSP00000300403,9606.ENSP00000328228,TPX2,CDCA2,9606,0.81,0.0,0.0,0.0,0.738,0.0,0.0,0.305
9606.ENSP00000300403,9606.ENSP00000335357,TPX2,CDKN3,9606,0.818,0.0,0.0,0.0,0.787,0.044,0.0,0.178
9606.ENSP00000300403,9606.ENSP00000323300,TPX2,SPAG5,9606,0.854,0.0,0.0,0.0,0.745,0.091,0.0,0.421
9606.ENSP00000300403,9606.ENSP00000442068,TPX2,CDCA3,9606,0.881,0.0,0.0,0.0,0.835,0.0,0.0,0.308
9606.ENSP00000300403,9606.ENSP00000336868,TPX2,CENPA,9606,0.882,0.0,0.0,0.0,0.791,0.0,0.0,0.46
9606.ENSP00000300403,9606.ENSP00000414109,TPX2,HJURP,9606,0.892,0.0,0.0,0.0,0.813,0.0,0.0,0.447
9606.ENSP00000300403,9606.ENSP00000356319,TPX2,KIF14,9606,0.903,0.0,0.0,0.0,0.778,0.292,0.0,0.431
9606.ENSP00000300403,9606.ENSP00000412292,TPX2,DEPDC1,9606,0.903,0.0,0.0,0.0,0.782,0.0,0.0,0.573
9606.ENSP00000300403,9606.ENSP00000363055,TPX2,ZWINT,9606,0.913,0.0,0.0,0.0,0.771,0.0,0.0,0.639
9606.ENSP00000300403,9606.ENSP00000377536,TPX2,PTTG1,9606,0.921,0.0,0.0,0.0,0.77,0.0,0.0,0.673
9606.ENSP00000300403,9606.ENSP00000342307,TPX2,FOXM1,9606,0.932,0.0,0.0,0.0,0.788,0.052,0.0,0.688
9606.ENSP00000300403,9606.ENSP00000358813,TPX2,TTK,9606,0.935,0.0,0.0,0.0,0.848,0.0,0.0,0.592
9606.ENSP00000300403,9606.ENSP00000313950,TPX2,AURKB,9606,0.94,0.0,0.0,0.0,0.687,0.297,0.0,0.75
9606.ENSP00000300403,9606.ENSP00000411532,TPX2,TOP2A,9606,0.942,0.0,0.0,0.0,0.854,0.0,0.0,0.623
9606.ENSP00000300403,9606.ENSP00000355966,TPX2,NEK2,9606,0.942,0.0,0.0,0.0,0.818,0.0,0.0,0.696
9606.ENSP00000300403,9606.ENSP00000353770,TPX2,RRM2,9606,0.943,0.0,0.0,0.0,0.812,0.0,0.0,0.713
9606.ENSP00000300403,9606.ENSP00000360540,TPX2,CEP55,9606,0.944,0.0,0.0,0.0,0.804,0.0,0.0,0.727
9606.ENSP00000300403,9606.ENSP00000428489,TPX2,PBK,9606,0.945,0.0,0.0,0.0,0.829,0.068,0.0,0.683
9606.ENSP00000300403,9606.ENSP00000356379,TPX2,ASPM,9606,0.949,0.0,0.0,0.0,0.827,0.0,0.0,0.717
9606.ENSP00000300403,9606.ENSP00000301633,TPX2,BIRC5,9606,0.952,0.0,0.0,0.0,0.852,0.102,0.0,0.672
9606.ENSP00000300403,9606.ENSP00000378699,TPX2,CDK1,9606,0.952,0.0,0.0,0.0,0.825,0.045,0.0,0.736
9606.ENSP00000300403,9606.ENSP00000355922,TPX2,CENPF,9606,0.954,0.0,0.0,0.0,0.829,0.0,0.0,0.746
9606.ENSP00000300403,9606.ENSP00000357643,TPX2,MKI67,9606,0.954,0.0,0.0,0.0,0.81,0.292,0.0,0.687
9606.ENSP00000300403,9606.ENSP00000481380,TPX2,CCNA2,9606,0.954,0.0,0.0,0.0,0.86,0.0,0.0,0.691
9606.ENSP00000300403,9606.ENSP00000302530,TPX2,BUB1,9606,0.958,0.0,0.0,0.0,0.847,0.0,0.0,0.74
9606.ENSP00000300403,9606.ENSP00000361540,TPX2,CDC20,9606,0.961,0.0,0.0,0.0,0.858,0.0,0.0,0.736
9606.ENSP00000300403,9606.ENSP00000499238,TPX2,NUSAP1,9606,0.964,0.0,0.0,0.0,0.852,0.0,0.0,0.768
9606.ENSP00000300403,9606.ENSP00000363524,TPX2,KIF4A,9606,0.965,0.0,0.0,0.0,0.861,0.0,0.0,0.764
9606.ENSP00000300403,9606.ENSP00000348838,TPX2,UBE2C,9606,0.965,0.0,0.0,0.0,0.866,0.042,0.0,0.751
9606.ENSP00000300403,9606.ENSP00000378356,TPX2,KIF20A,9606,0.972,0.0,0.0,0.0,0.865,0.292,0.0,0.734
9606.ENSP00000300403,9606.ENSP00000377492,TPX2,HMMR,9606,0.979,0.0,0.0,0.0,0.799,0.328,0.0,0.856
9606.ENSP00000300403,9606.ENSP00000377793,TPX2,PRC1,9606,0.999,0.0,0.0,0.0,0.998,0.292,0.0,0.378
9606.ENSP00000300403,9606.ENSP00000361298,TPX2,KIF2C,9606,0.999,0.0,0.0,0.0,0.999,0.0,0.0,0.658
9606.ENSP00000301633,9606.ENSP00000479617,BIRC5,UHRF1,9606,0.707,0.0,0.0,0.0,0.604,0.0,0.0,0.29
9606.ENSP00000301633,9606.ENSP00000494957,BIRC5,UBE2T,9606,0.72,0.0,0.0,0.0,0.576,0.091,0.0,0.333
9606.ENSP00000301633,9606.ENSP00000356319,BIRC5,KIF14,9606,0.741,0.0,0.0,0.0,0.513,0.292,0.0,0.311
9606.ENSP00000301633,9606.ENSP00000376457,BIRC5,ECT2,9606,0.781,0.0,0.0,0.0,0.693,0.065,0.0,0.298
9606.ENSP00000301633,9606.ENSP00000391090,BIRC5,CHEK1,9606,0.815,0.0,0.0,0.0,0.488,0.066,0.0,0.645
9606.ENSP00000301633,9606.ENSP00000377007,BIRC5,CENPN,9606,0.818,0.0,0.0,0.0,0.672,0.0,0.0,0.467
9606.ENSP00000301633,9606.ENSP00000465992,BIRC5,KIF18B,9606,0.82,0.0,0.0,0.0,0.631,0.06,0.0,0.523
9606.ENSP00000301633,9606.ENSP00000412292,BIRC5,DEPDC1,9606,0.821,0.0,0.0,0.0,0.657,0.0,0.0,0.501
9606.ENSP00000301633,9606.ENSP00000415430,BIRC5,GTSE1,9606,0.852,0.0,0.0,0.0,0.708,0.0,0.0,0.514
9606.ENSP00000301633,9606.ENSP00000306473,BIRC5,SHCBP1,9606,0.853,0.0,0.0,0.0,0.814,0.0,0.0,0.243
9606.ENSP00000301633,9606.ENSP00000315644,BIRC5,TYMS,9606,0.862,0.0,0.0,0.0,0.616,0.0,0.0,0.657
9606.ENSP00000301633,9606.ENSP00000356379,BIRC5,ASPM,9606,0.879,0.0,0.0,0.0,0.748,0.0,0.0,0.54
9606.ENSP00000301633,9606.ENSP00000377492,BIRC5,HMMR,9606,0.882,0.0,0.0,0.0,0.793,0.071,0.0,0.434
9606.ENSP00000301633,9606.ENSP00000335357,BIRC5,CDKN3,9606,0.887,0.0,0.0,0.0,0.848,0.09,0.0,0.248
9606.ENSP00000301633,9606.ENSP00000353770,BIRC5,RRM2,9606,0.895,0.0,0.0,0.0,0.758,0.0,0.0,0.584
9606.ENSP00000301633,9606.ENSP00000414109,BIRC5,HJURP,9606,0.912,0.0,0.0,0.0,0.819,0.0,0.0,0.535
9606.ENSP00000301633,9606.ENSP00000360540,BIRC5,CEP55,9606,0.913,0.0,0.0,0.0,0.806,0.0,0.0,0.57
9606.ENSP00000301633,9606.ENSP00000323300,BIRC5,SPAG5,9606,0.917,0.0,0.0,0.0,0.863,0.071,0.0,0.4
9606.ENSP00000301633,9606.ENSP00000363055,BIRC5,ZWINT,9606,0.917,0.0,0.0,0.0,0.77,0.0,0.0,0.657
9606.ENSP00000301633,9606.ENSP00000468425,BIRC5,TK1,9606,0.92,0.0,0.0,0.0,0.846,0.0,0.0,0.501
9606.ENSP00000301633,9606.ENSP00000363524,BIRC5,KIF4A,9606,0.925,0.0,0.0,0.0,0.853,0.0,0.0,0.516
9606.ENSP00000301633,9606.ENSP00000377536,BIRC5,PTTG1,9606,0.926,0.0,0.0,0.0,0.849,0.0,0.0,0.532
9606.ENSP00000301633,9606.ENSP00000358813,BIRC5,TTK,9606,0.936,0.0,0.0,0.0,0.826,0.0,0.0,0.647
9606.ENSP00000301633,9606.ENSP00000357643,BIRC5,MKI67,9606,0.939,0.0,0.0,0.0,0.817,0.0,0.0,0.684
9606.ENSP00000301633,9606.ENSP00000377793,BIRC5,PRC1,9606,0.94,0.0,0.0,0.0,0.871,0.292,0.0,0.398
9606.ENSP00000301633,9606.ENSP00000355966,BIRC5,NEK2,9606,0.94,0.0,0.0,0.0,0.817,0.098,0.0,0.665
9606.ENSP00000301633,9606.ENSP00000499238,BIRC5,NUSAP1,9606,0.953,0.0,0.0,0.0,0.837,0.0,0.0,0.724
9606.ENSP00000301633,9606.ENSP00000336868,BIRC5,CENPA,9606,0.955,0.0,0.0,0.0,0.839,0.131,0.0,0.702
9606.ENSP00000301633,9606.ENSP00000481380,BIRC5,CCNA2,9606,0.956,0.0,0.0,0.0,0.857,0.0,0.0,0.707
9606.ENSP00000301633,9606.ENSP00000342307,BIRC5,FOXM1,9606,0.958,0.0,0.0,0.0,0.808,0.048,0.0,0.792
9606.ENSP00000301633,9606.ENSP00000355922,BIRC5,CENPF,9606,0.96,0.0,0.0,0.0,0.779,0.0,0.0,0.826
9606.ENSP00000301633,9606.ENSP00000442068,BIRC5,CDCA3,9606,0.96,0.0,0.0,0.0,0.929,0.0,0.0,0.465
9606.ENSP00000301633,9606.ENSP00000361298,BIRC5,KIF2C,9606,0.972,0.0,0.0,0.0,0.862,0.0,0.0,0.809
9606.ENSP00000301633,9606.ENSP00000378356,BIRC5,KIF20A,9606,0.973,0.0,0.0,0.0,0.903,0.053,0.0,0.732
9606.ENSP00000301633,9606.ENSP00000411532,BIRC5,TOP2A,9606,0.976,0.0,0.0,0.0,0.868,0.0,0.0,0.828
9606.ENSP00000301633,9606.ENSP00000428489,BIRC5,PBK,9606,0.978,0.0,0.0,0.0,0.932,0.092,0.0,0.683
9606.ENSP00000301633,9606.ENSP00000302530,BIRC5,BUB1,9606,0.979,0.0,0.0,0.0,0.844,0.095,0.0,0.865
9606.ENSP00000301633,9606.ENSP00000348838,BIRC5,UBE2C,9606,0.992,0.0,0.0,0.0,0.956,0.091,0.0,0.819
9606.ENSP00000301633,9606.ENSP00000361540,BIRC5,CDC20,9606,0.995,0.0,0.0,0.0,0.954,0.045,0.5,0.811
9606.ENSP00000301633,9606.ENSP00000378699,BIRC5,CDK1,9606,0.997,0.0,0.0,0.0,0.926,0.51,0.4,0.89
9606.ENSP00000301633,9606.ENSP00000313950,BIRC5,AURKB,9606,0.999,0.0,0.0,0.0,0.764,0.944,0.8,0.996
9606.ENSP00000302530,9606.ENSP00000468425,BUB1,TK1,9606,0.707,0.0,0.0,0.0,0.421,0.0,0.0,0.515
9606.ENSP00000302530,9606.ENSP00000494957,BUB1,UBE2T,9606,0.73,0.0,0.0,0.0,0.653,0.0,0.0,0.253
9606.ENSP00000302530,9606.ENSP00000306473,BUB1,SHCBP1,9606,0.737,0.0,0.0,0.0,0.703,0.0,0.0,0.15
9606.ENSP00000302530,9606.ENSP00000377793,BUB1,PRC1,9606,0.757,0.0,0.0,0.0,0.636,0.0,0.0,0.36
9606.ENSP00000302530,9606.ENSP00000377007,BUB1,CENPN,9606,0.76,0.0,0.0,0.0,0.587,0.0,0.0,0.443
9606.ENSP00000302530,9606.ENSP00000465992,BUB1,KIF18B,9606,0.791,0.0,0.0,0.0,0.613,0.071,0.0,0.465
9606.ENSP00000302530,9606.ENSP00000356319,BUB1,KIF14,9606,0.817,0.0,0.0,0.0,0.652,0.067,0.0,0.481
9606.ENSP00000302530,9606.ENSP00000342307,BUB1,FOXM1,9606,0.825,0.0,0.0,0.0,0.638,0.116,0.0,0.496
9606.ENSP00000302530,9606.ENSP00000353770,BUB1,RRM2,9606,0.825,0.0,0.0,0.0,0.662,0.0,0.0,0.505
9606.ENSP00000302530,9606.ENSP00000328236,BUB1,KNTC1,9606,0.826,0.0,0.0,0.0,0.627,0.0,0.0,0.554
9606.ENSP00000302530,9606.ENSP00000412292,BUB1,DEPDC1,9606,0.831,0.0,0.0,0.0,0.76,0.0,0.0,0.324
9606.ENSP00000302530,9606.ENSP00000335357,BUB1,CDKN3,9606,0.846,0.0,0.0,0.0,0.797,0.045,0.0,0.269
9606.ENSP00000302530,9606.ENSP00000315644,BUB1,TYMS,9606,0.846,0.0,0.0,0.0,0.768,0.0,0.0,0.365
9606.ENSP00000302530,9606.ENSP00000442068,BUB1,CDCA3,9606,0.87,0.0,0.0,0.0,0.795,0.0,0.0,0.393
9606.ENSP00000302530,9606.ENSP00000328228,BUB1,CDCA2,9606,0.89,0.0,0.0,0.0,0.798,0.0,0.0,0.479
9606.ENSP00000302530,9606.ENSP00000377492,BUB1,HMMR,9606,0.909,0.0,0.0,0.0,0.807,0.115,0.0,0.508
9606.ENSP00000302530,9606.ENSP00000360540,BUB1,CEP55,9606,0.928,0.0,0.0,0.0,0.847,0.0,0.0,0.548
9606.ENSP00000302530,9606.ENSP00000414109,BUB1,HJURP,9606,0.928,0.0,0.0,0.0,0.826,0.0,0.0,0.605
9606.ENSP00000302530,9606.ENSP00000355966,BUB1,NEK2,9606,0.932,0.0,0.0,0.0,0.819,0.0,0.0,0.639
9606.ENSP00000302530,9606.ENSP00000323300,BUB1,SPAG5,9606,0.934,0.0,0.0,0.0,0.886,0.115,0.0,0.406
9606.ENSP00000302530,9606.ENSP00000428489,BUB1,PBK,9606,0.935,0.0,0.0,0.0,0.869,0.062,0.0,0.516
9606.ENSP00000302530,9606.ENSP00000499238,BUB1,NUSAP1,9606,0.937,0.0,0.0,0.0,0.858,0.0,0.0,0.575
9606.ENSP00000302530,9606.ENSP00000391090,BUB1,CHEK1,9606,0.946,0.0,0.0,0.0,0.794,0.053,0.0,0.748
9606.ENSP00000302530,9606.ENSP00000376457,BUB1,ECT2,9606,0.947,0.0,0.0,0.0,0.904,0.0,0.0,0.472
9606.ENSP00000302530,9606.ENSP00000363524,BUB1,KIF4A,9606,0.952,0.0,0.0,0.0,0.823,0.081,0.0,0.733
9606.ENSP00000302530,9606.ENSP00000348838,BUB1,UBE2C,9606,0.954,0.0,0.0,0.0,0.887,0.0,0.0,0.607
9606.ENSP00000302530,9606.ENSP00000377536,BUB1,PTTG1,9606,0.955,0.0,0.0,0.0,0.744,0.0,0.0,0.833
9606.ENSP00000302530,9606.ENSP00000378356,BUB1,KIF20A,9606,0.959,0.0,0.0,0.0,0.863,0.314,0.0,0.601
9606.ENSP00000302530,9606.ENSP00000357643,BUB1,MKI67,9606,0.963,0.0,0.0,0.0,0.899,0.0,0.0,0.653
9606.ENSP00000302530,9606.ENSP00000336868,BUB1,CENPA,9606,0.969,0.0,0.0,0.0,0.815,0.111,0.0,0.83
9606.ENSP00000302530,9606.ENSP00000356379,BUB1,ASPM,9606,0.976,0.0,0.0,0.0,0.907,0.111,0.0,0.741
9606.ENSP00000302530,9606.ENSP00000481380,BUB1,CCNA2,9606,0.981,0.0,0.0,0.0,0.879,0.0,0.0,0.851
9606.ENSP00000302530,9606.ENSP00000411532,BUB1,TOP2A,9606,0.982,0.0,0.0,0.0,0.918,0.0,0.0,0.79
9606.ENSP00000302530,9606.ENSP00000355922,BUB1,CENPF,9606,0.987,0.0,0.0,0.0,0.871,0.0,0.0,0.903
9606.ENSP00000302530,9606.ENSP00000363055,BUB1,ZWINT,9606,0.991,0.0,0.0,0.0,0.64,0.786,0.0,0.895
9606.ENSP00000302530,9606.ENSP00000361298,BUB1,KIF2C,9606,0.994,0.0,0.0,0.0,0.862,0.069,0.0,0.963
9606.ENSP00000302530,9606.ENSP00000313950,BUB1,AURKB,9606,0.997,0.0,0.0,0.0,0.827,0.089,0.0,0.984
9606.ENSP00000302530,9606.ENSP00000378699,BUB1,CDK1,9606,0.998,0.0,0.0,0.0,0.89,0.354,0.4,0.964
9606.ENSP00000302530,9606.ENSP00000358813,BUB1,TTK,9606,0.999,0.0,0.0,0.0,0.989,0.292,0.0,0.945
9606.ENSP00000302530,9606.ENSP00000361540,BUB1,CDC20,9606,0.999,0.0,0.0,0.0,0.907,0.996,0.8,0.993
9606.ENSP00000302530,9606.ENSP00000335463,BUB1,KNL1,9606,0.999,0.0,0.0,0.0,0.458,0.99,0.0,0.971
9606.ENSP00000304408,9606.ENSP00000361405,COL3A1,MMP9,9606,0.745,0.0,0.0,0.0,0.091,0.05,0.0,0.728
9606.ENSP00000304408,9606.ENSP00000327368,COL3A1,COL10A1,9606,0.762,0.0,0.0,0.155,0.245,0.0,0.4,0.453
9606.ENSP00000304408,9606.ENSP00000355751,COL3A1,THBS2,9606,0.804,0.0,0.0,0.0,0.347,0.099,0.0,0.693
9606.ENSP00000304408,9606.ENSP00000359114,COL3A1,COL11A1,9606,0.965,0.0,0.0,0.092,0.353,0.0,0.72,0.817
9606.ENSP00000305603,9606.ENSP00000321874,FUT3,B3GNT3,9606,0.958,0.0,0.0,0.0,0.265,0.0,0.9,0.485
9606.ENSP00000305603,9606.ENSP00000387498,FUT3,FUT2,9606,0.997,0.0,0.0,0.0,0.251,0.0,0.9,0.971
9606.ENSP00000306099,9606.ENSP00000381133,FGB,FGL1,9606,0.885,0.0,0.0,0.0,0.542,0.0,0.72,0.174
9606.ENSP00000306473,9606.ENSP00000499238,SHCBP1,NUSAP1,9606,0.714,0.0,0.0,0.0,0.638,0.0,0.0,0.242
9606.ENSP00000306473,9606.ENSP00000378356,SHCBP1,KIF20A,9606,0.722,0.0,0.0,0.0,0.675,0.091,0.0,0.135
9606.ENSP00000306473,9606.ENSP00000363524,SHCBP1,KIF4A,9606,0.738,0.0,0.0,0.0,0.601,0.0,0.0,0.371
9606.ENSP00000306473,9606.ENSP00000356319,SHCBP1,KIF14,9606,0.738,0.0,0.0,0.0,0.563,0.292,0.0,0.221
9606.ENSP00000306473,9606.ENSP00000377007,SHCBP1,CENPN,9606,0.739,0.0,0.0,0.0,0.516,0.0,0.0,0.483
9606.ENSP00000306473,9606.ENSP00000355966,SHCBP1,NEK2,9606,0.741,0.0,0.0,0.0,0.722,0.0,0.0,0.108
9606.ENSP00000306473,9606.ENSP00000357643,SHCBP1,MKI67,9606,0.743,0.0,0.0,0.0,0.582,0.292,0.0,0.201
9606.ENSP00000306473,9606.ENSP00000412292,SHCBP1,DEPDC1,9606,0.78,0.0,0.0,0.0,0.57,0.0,0.0,0.51
9606.ENSP00000306473,9606.ENSP00000360540,SHCBP1,CEP55,9606,0.785,0.0,0.0,0.0,0.685,0.0,0.0,0.348
9606.ENSP00000306473,9606.ENSP00000377793,SHCBP1,PRC1,9606,0.785,0.0,0.0,0.0,0.742,0.0,0.0,0.203
9606.ENSP00000306473,9606.ENSP00000481380,SHCBP1,CCNA2,9606,0.793,0.0,0.0,0.0,0.736,0.0,0.0,0.251
9606.ENSP00000306473,9606.ENSP00000336868,SHCBP1,CENPA,9606,0.809,0.0,0.0,0.0,0.436,0.287,0.0,0.565
9606.ENSP00000306473,9606.ENSP00000353770,SHCBP1,RRM2,9606,0.834,0.0,0.0,0.0,0.791,0.0,0.0,0.237
9606.ENSP00000306473,9606.ENSP00000428489,SHCBP1,PBK,9606,0.834,0.0,0.0,0.0,0.771,0.0,0.0,0.304
9606.ENSP00000306968,9606.ENSP00000328228,CDCA7,CDCA2,9606,0.719,0.0,0.0,0.0,0.33,0.0,0.0,0.598
9606.ENSP00000306968,9606.ENSP00000377601,CDCA7,HELLS,9606,0.858,0.0,0.0,0.0,0.359,0.059,0.0,0.783
9606.ENSP00000310117,9606.ENSP00000398342,PPP1R14B,PPP1R14D,9606,0.882,0.0,0.0,0.0,0.0,0.0,0.0,0.882
9606.ENSP00000310356,9606.ENSP00000391090,RMI2,CHEK1,9606,0.744,0.0,0.0,0.0,0.255,0.0,0.5,0.37
9606.ENSP00000310842,9606.ENSP00000411532,FANCI,TOP2A,9606,0.715,0.0,0.0,0.0,0.58,0.0,0.0,0.348
9606.ENSP00000310842,9606.ENSP00000376457,FANCI,ECT2,9606,0.741,0.0,0.0,0.0,0.463,0.0,0.0,0.538
9606.ENSP00000310842,9606.ENSP00000499238,FANCI,NUSAP1,9606,0.84,0.0,0.0,0.0,0.797,0.0,0.0,0.246
9606.ENSP00000310842,9606.ENSP00000378699,FANCI,CDK1,9606,0.853,0.0,0.0,0.0,0.689,0.0,0.0,0.547
9606.ENSP00000310842,9606.ENSP00000391090,FANCI,CHEK1,9606,0.861,0.0,0.0,0.0,0.457,0.0,0.4,0.607
9606.ENSP00000310842,9606.ENSP00000494957,FANCI,UBE2T,9606,0.997,0.0,0.0,0.0,0.346,0.8,0.9,0.846
9606.ENSP00000311219,9606.ENSP00000312778,TRIM59,IFT80,9606,0.757,0.0,0.634,0.0,0.085,0.0,0.0,0.333
9606.ENSP00000311648,9606.ENSP00000329697,UGT8,PLPP2,9606,0.929,0.0,0.0,0.0,0.075,0.0,0.9,0.301
9606.ENSP00000311648,9606.ENSP00000315137,UGT8,SGPP2,9606,0.934,0.0,0.0,0.0,0.076,0.0,0.9,0.349
9606.ENSP00000313199,9606.ENSP00000362820,HNRNPD,SRSF3,9606,0.759,0.0,0.0,0.0,0.23,0.125,0.4,0.474
9606.ENSP00000313199,9606.ENSP00000341826,HNRNPD,HNRNPA1,9606,0.932,0.0,0.0,0.13,0.259,0.728,0.4,0.458
9606.ENSP00000313950,9606.ENSP00000335357,AURKB,CDKN3,9606,0.724,0.0,0.0,0.0,0.572,0.135,0.0,0.313
9606.ENSP00000313950,9606.ENSP00000315644,AURKB,TYMS,9606,0.738,0.0,0.0,0.0,0.623,0.0,0.0,0.333
9606.ENSP00000313950,9606.ENSP00000465992,AURKB,KIF18B,9606,0.752,0.0,0.0,0.0,0.554,0.094,0.0,0.435
9606.ENSP00000313950,9606.ENSP00000391090,AURKB,CHEK1,9606,0.754,0.0,0.0,0.0,0.475,0.075,0.0,0.534
9606.ENSP00000313950,9606.ENSP00000328228,AURKB,CDCA2,9606,0.756,0.0,0.0,0.0,0.456,0.0,0.0,0.571
9606.ENSP00000313950,9606.ENSP00000377492,AURKB,HMMR,9606,0.76,0.0,0.0,0.0,0.51,0.0,0.0,0.529
9606.ENSP00000313950,9606.ENSP00000468425,AURKB,TK1,9606,0.767,0.0,0.0,0.0,0.503,0.0,0.0,0.55
9606.ENSP00000313950,9606.ENSP00000355966,AURKB,NEK2,9606,0.783,0.0,0.0,0.12,0.585,0.0,0.0,0.455
9606.ENSP00000313950,9606.ENSP00000358813,AURKB,TTK,9606,0.784,0.0,0.0,0.0,0.614,0.261,0.0,0.303
9606.ENSP00000313950,9606.ENSP00000428489,AURKB,PBK,9606,0.791,0.0,0.0,0.0,0.66,0.067,0.0,0.394
9606.ENSP00000313950,9606.ENSP00000356319,AURKB,KIF14,9606,0.832,0.0,0.0,0.0,0.461,0.292,0.0,0.596
9606.ENSP00000313950,9606.ENSP00000353770,AURKB,RRM2,9606,0.84,0.0,0.0,0.0,0.621,0.0,0.0,0.596
9606.ENSP00000313950,9606.ENSP00000415430,AURKB,GTSE1,9606,0.841,0.0,0.0,0.0,0.776,0.0,0.0,0.318
9606.ENSP00000313950,9606.ENSP00000377793,AURKB,PRC1,9606,0.85,0.0,0.0,0.0,0.576,0.317,0.0,0.523
9606.ENSP00000313950,9606.ENSP00000360540,AURKB,CEP55,9606,0.864,0.0,0.0,0.0,0.604,0.0,0.0,0.672
9606.ENSP00000313950,9606.ENSP00000357643,AURKB,MKI67,9606,0.865,0.0,0.0,0.0,0.699,0.292,0.0,0.416
9606.ENSP00000313950,9606.ENSP00000376457,AURKB,ECT2,9606,0.878,0.0,0.0,0.0,0.336,0.314,0.0,0.753
9606.ENSP00000313950,9606.ENSP00000323300,AURKB,SPAG5,9606,0.878,0.0,0.0,0.0,0.731,0.294,0.0,0.407
9606.ENSP00000313950,9606.ENSP00000342307,AURKB,FOXM1,9606,0.889,0.0,0.0,0.0,0.694,0.051,0.0,0.648
9606.ENSP00000313950,9606.ENSP00000356379,AURKB,ASPM,9606,0.89,0.0,0.0,0.0,0.608,0.0,0.0,0.732
9606.ENSP00000313950,9606.ENSP00000499238,AURKB,NUSAP1,9606,0.909,0.0,0.0,0.0,0.817,0.0,0.0,0.525
9606.ENSP00000313950,9606.ENSP00000335463,AURKB,KNL1,9606,0.916,0.0,0.0,0.0,0.311,0.063,0.0,0.881
9606.ENSP00000313950,9606.ENSP00000355922,AURKB,CENPF,9606,0.925,0.0,0.0,0.0,0.559,0.0,0.0,0.838
9606.ENSP00000313950,9606.ENSP00000414109,AURKB,HJURP,9606,0.927,0.0,0.0,0.0,0.809,0.0,0.0,0.632
9606.ENSP00000313950,9606.ENSP00000363055,AURKB,ZWINT,9606,0.927,0.0,0.0,0.0,0.435,0.0,0.0,0.877
9606.ENSP00000313950,9606.ENSP00000442068,AURKB,CDCA3,9606,0.933,0.0,0.0,0.0,0.835,0.0,0.0,0.612
9606.ENSP00000313950,9606.ENSP00000363524,AURKB,KIF4A,9606,0.942,0.0,0.0,0.0,0.773,0.0,0.0,0.756
9606.ENSP00000313950,9606.ENSP00000377536,AURKB,PTTG1,9606,0.949,0.0,0.0,0.0,0.608,0.0,0.5,0.76
9606.ENSP00000313950,9606.ENSP00000348838,AURKB,UBE2C,9606,0.955,0.0,0.0,0.0,0.766,0.053,0.4,0.704
9606.ENSP00000313950,9606.ENSP00000411532,AURKB,TOP2A,9606,0.97,0.0,0.0,0.0,0.831,0.314,0.0,0.761
9606.ENSP00000313950,9606.ENSP00000378356,AURKB,KIF20A,9606,0.99,0.0,0.0,0.0,0.835,0.637,0.0,0.846
9606.ENSP00000313950,9606.ENSP00000481380,AURKB,CCNA2,9606,0.991,0.0,0.0,0.0,0.96,0.0,0.0,0.807
9606.ENSP00000313950,9606.ENSP00000361298,AURKB,KIF2C,9606,0.996,0.0,0.0,0.0,0.83,0.323,0.0,0.975
9606.ENSP00000313950,9606.ENSP00000378699,AURKB,CDK1,9606,0.997,0.0,0.0,0.138,0.95,0.331,0.4,0.856
9606.ENSP00000313950,9606.ENSP00000336868,AURKB,CENPA,9606,0.997,0.0,0.0,0.0,0.928,0.667,0.0,0.917
9606.ENSP00000313950,9606.ENSP00000361540,AURKB,CDC20,9606,0.998,0.0,0.0,0.0,0.889,0.297,0.5,0.965
9606.ENSP00000315137,9606.ENSP00000329697,SGPP2,PLPP2,9606,0.964,0.0,0.0,0.0,0.049,0.0,0.9,0.657
9606.ENSP00000315644,9606.ENSP00000377536,TYMS,PTTG1,9606,0.703,0.0,0.0,0.0,0.541,0.0,0.0,0.38
9606.ENSP00000315644,9606.ENSP00000323300,TYMS,SPAG5,9606,0.736,0.0,0.0,0.0,0.533,0.0,0.0,0.458
9606.ENSP00000315644,9606.ENSP00000361540,TYMS,CDC20,9606,0.757,0.0,0.0,0.0,0.56,0.0,0.0,0.47
9606.ENSP00000315644,9606.ENSP00000356379,TYMS,ASPM,9606,0.76,0.0,0.0,0.0,0.52,0.0,0.0,0.522
9606.ENSP00000315644,9606.ENSP00000360540,TYMS,CEP55,9606,0.767,0.0,0.0,0.0,0.524,0.0,0.0,0.53
9606.ENSP00000315644,9606.ENSP00000363055,TYMS,ZWINT,9606,0.845,0.0,0.0,0.0,0.765,0.0,0.0,0.37
9606.ENSP00000315644,9606.ENSP00000378699,TYMS,CDK1,9606,0.846,0.0,0.0,0.0,0.745,0.0,0.0,0.418
9606.ENSP00000315644,9606.ENSP00000348838,TYMS,UBE2C,9606,0.858,0.0,0.0,0.0,0.481,0.324,0.0,0.629
9606.ENSP00000315644,9606.ENSP00000391090,TYMS,CHEK1,9606,0.863,0.0,0.0,0.0,0.551,0.232,0.0,0.635
9606.ENSP00000315644,9606.ENSP00000481380,TYMS,CCNA2,9606,0.865,0.0,0.0,0.0,0.768,0.0,0.0,0.444
9606.ENSP00000315644,9606.ENSP00000428489,TYMS,PBK,9606,0.885,0.0,0.0,0.0,0.801,0.0,0.0,0.445
9606.ENSP00000315644,9606.ENSP00000499238,TYMS,NUSAP1,9606,0.905,0.0,0.0,0.0,0.78,0.0,0.0,0.586
9606.ENSP00000315644,9606.ENSP00000353770,TYMS,RRM2,9606,0.939,0.0,0.0,0.0,0.844,0.0,0.0,0.628
9606.ENSP00000315644,9606.ENSP00000411532,TYMS,TOP2A,9606,0.96,0.12,0.0,0.0,0.78,0.0,0.0,0.813
9606.ENSP00000315644,9606.ENSP00000468425,TYMS,TK1,9606,0.991,0.075,0.0,0.0,0.71,0.0,0.809,0.854
9606.ENSP00000316578,9606.ENSP00000479617,SUZ12,UHRF1,9606,0.704,0.0,0.0,0.0,0.062,0.292,0.0,0.591
9606.ENSP00000316578,9606.ENSP00000320147,SUZ12,EZH2,9606,0.999,0.0,0.0,0.0,0.114,0.999,0.9,0.999
9606.ENSP00000319788,9606.ENSP00000370254,NQO1,AKR1C1,9606,0.705,0.057,0.0,0.0,0.25,0.0,0.0,0.617
9606.ENSP00000319788,9606.ENSP00000374265,NQO1,GPX2,9606,0.802,0.0,0.0,0.0,0.131,0.0,0.0,0.782
9606.ENSP00000320147,9606.ENSP00000342307,EZH2,FOXM1,9606,0.778,0.0,0.0,0.0,0.345,0.312,0.0,0.547
9606.ENSP00000320147,9606.ENSP00000479617,EZH2,UHRF1,9606,0.81,0.0,0.0,0.0,0.301,0.302,0.0,0.642
9606.ENSP00000320147,9606.ENSP00000378699,EZH2,CDK1,9606,0.965,0.0,0.0,0.0,0.371,0.823,0.0,0.716
9606.ENSP00000321874,9606.ENSP00000387498,B3GNT3,FUT2,9606,0.95,0.0,0.0,0.0,0.096,0.0,0.9,0.491
9606.ENSP00000322788,9606.ENSP00000361850,MMP1,PLAU,9606,0.852,0.0,0.0,0.0,0.201,0.0,0.0,0.822
9606.ENSP00000322788,9606.ENSP00000361405,MMP1,MMP9,9606,0.974,0.0,0.0,0.0,0.154,0.0,0.9,0.725
9606.ENSP00000323300,9606.ENSP00000377492,SPAG5,HMMR,9606,0.701,0.0,0.0,0.0,0.647,0.0,0.0,0.186
9606.ENSP00000323300,9606.ENSP00000465992,SPAG5,KIF18B,9606,0.718,0.0,0.0,0.0,0.563,0.057,0.0,0.37
9606.ENSP00000323300,9606.ENSP00000356319,SPAG5,KIF14,9606,0.724,0.0,0.0,0.0,0.435,0.292,0.0,0.365
9606.ENSP00000323300,9606.ENSP00000468425,SPAG5,TK1,9606,0.727,0.0,0.0,0.0,0.506,0.0,0.0,0.47
9606.ENSP00000323300,9606.ENSP00000363391,SPAG5,SPAG4,9606,0.754,0.0,0.0,0.0,0.075,0.072,0.0,0.737
9606.ENSP00000323300,9606.ENSP00000377793,SPAG5,PRC1,9606,0.755,0.0,0.0,0.0,0.705,0.068,0.0,0.18
9606.ENSP00000323300,9606.ENSP00000336868,SPAG5,CENPA,9606,0.825,0.0,0.0,0.0,0.746,0.094,0.0,0.3
9606.ENSP00000323300,9606.ENSP00000377536,SPAG5,PTTG1,9606,0.84,0.0,0.0,0.0,0.68,0.0,0.0,0.519
9606.ENSP00000323300,9606.ENSP00000355966,SPAG5,NEK2,9606,0.848,0.0,0.0,0.0,0.76,0.043,0.0,0.392
9606.ENSP00000323300,9606.ENSP00000499238,SPAG5,NUSAP1,9606,0.859,0.0,0.0,0.0,0.756,0.0,0.0,0.447
9606.ENSP00000323300,9606.ENSP00000357643,SPAG5,MKI67,9606,0.869,0.0,0.0,0.0,0.822,0.0,0.0,0.298
9606.ENSP00000323300,9606.ENSP00000360540,SPAG5,CEP55,9606,0.876,0.0,0.0,0.0,0.743,0.0,0.0,0.537
9606.ENSP00000323300,9606.ENSP00000442068,SPAG5,CDCA3,9606,0.877,0.0,0.0,0.0,0.84,0.0,0.0,0.264
9606.ENSP00000323300,9606.ENSP00000428489,SPAG5,PBK,9606,0.879,0.0,0.0,0.0,0.781,0.095,0.0,0.44
9606.ENSP00000323300,9606.ENSP00000348838,SPAG5,UBE2C,9606,0.884,0.0,0.0,0.0,0.827,0.08,0.0,0.334
9606.ENSP00000323300,9606.ENSP00000363524,SPAG5,KIF4A,9606,0.887,0.0,0.0,0.0,0.809,0.091,0.0,0.406
9606.ENSP00000323300,9606.ENSP00000358813,SPAG5,TTK,9606,0.89,0.0,0.0,0.0,0.807,0.138,0.0,0.393
9606.ENSP00000323300,9606.ENSP00000342307,SPAG5,FOXM1,9606,0.9,0.0,0.0,0.0,0.785,0.074,0.0,0.539
9606.ENSP00000323300,9606.ENSP00000481380,SPAG5,CCNA2,9606,0.901,0.0,0.0,0.0,0.828,0.0,0.0,0.451
9606.ENSP00000323300,9606.ENSP00000355922,SPAG5,CENPF,9606,0.905,0.0,0.0,0.0,0.838,0.045,0.0,0.436
9606.ENSP00000323300,9606.ENSP00000361540,SPAG5,CDC20,9606,0.923,0.0,0.0,0.0,0.823,0.099,0.0,0.557
9606.ENSP00000323300,9606.ENSP00000378356,SPAG5,KIF20A,9606,0.925,0.0,0.0,0.0,0.886,0.045,0.0,0.365
9606.ENSP00000323300,9606.ENSP00000414109,SPAG5,HJURP,9606,0.926,0.0,0.0,0.0,0.834,0.0,0.0,0.573
9606.ENSP00000323300,9606.ENSP00000361298,SPAG5,KIF2C,9606,0.926,0.0,0.0,0.0,0.874,0.0,0.0,0.435
9606.ENSP00000323300,9606.ENSP00000378699,SPAG5,CDK1,9606,0.927,0.0,0.0,0.0,0.761,0.354,0.0,0.566
9606.ENSP00000323300,9606.ENSP00000411532,SPAG5,TOP2A,9606,0.941,0.0,0.0,0.0,0.838,0.046,0.0,0.648
9606.ENSP00000323300,9606.ENSP00000356379,SPAG5,ASPM,9606,0.945,0.0,0.0,0.0,0.855,0.043,0.0,0.64
9606.ENSP00000327368,9606.ENSP00000359114,COL10A1,COL11A1,9606,0.877,0.0,0.0,0.091,0.623,0.0,0.4,0.472
9606.ENSP00000328228,9606.ENSP00000360540,CDCA2,CEP55,9606,0.71,0.0,0.0,0.0,0.604,0.0,0.0,0.298
9606.ENSP00000328228,9606.ENSP00000377793,CDCA2,PRC1,9606,0.723,0.0,0.0,0.0,0.723,0.0,0.0,0.0
9606.ENSP00000328228,9606.ENSP00000414109,CDCA2,HJURP,9606,0.75,0.0,0.0,0.0,0.655,0.0,0.0,0.305
9606.ENSP00000328228,9606.ENSP00000356319,CDCA2,KIF14,9606,0.754,0.0,0.0,0.0,0.663,0.0,0.0,0.3
9606.ENSP00000328228,9606.ENSP00000481380,CDCA2,CCNA2,9606,0.778,0.0,0.0,0.0,0.676,0.0,0.0,0.343
9606.ENSP00000328228,9606.ENSP00000411532,CDCA2,TOP2A,9606,0.789,0.0,0.0,0.0,0.707,0.0,0.0,0.31
9606.ENSP00000328228,9606.ENSP00000355922,CDCA2,CENPF,9606,0.795,0.0,0.0,0.0,0.653,0.0,0.0,0.434
9606.ENSP00000328228,9606.ENSP00000415430,CDCA2,GTSE1,9606,0.804,0.0,0.0,0.0,0.628,0.0,0.0,0.496
9606.ENSP00000328228,9606.ENSP00000412292,CDCA2,DEPDC1,9606,0.817,0.0,0.0,0.0,0.759,0.0,0.0,0.272
9606.ENSP00000328228,9606.ENSP00000336868,CDCA2,CENPA,9606,0.82,0.0,0.0,0.0,0.695,0.096,0.0,0.4
9606.ENSP00000328228,9606.ENSP00000361540,CDCA2,CDC20,9606,0.822,0.0,0.0,0.0,0.617,0.0,0.0,0.556
9606.ENSP00000328228,9606.ENSP00000378699,CDCA2,CDK1,9606,0.832,0.0,0.0,0.0,0.606,0.292,0.0,0.447
9606.ENSP00000328228,9606.ENSP00000356379,CDCA2,ASPM,9606,0.836,0.0,0.0,0.0,0.777,0.0,0.0,0.295
9606.ENSP00000328228,9606.ENSP00000377492,CDCA2,HMMR,9606,0.837,0.0,0.0,0.0,0.783,0.0,0.0,0.281
9606.ENSP00000328228,9606.ENSP00000428489,CDCA2,PBK,9606,0.86,0.0,0.0,0.0,0.804,0.0,0.0,0.317
9606.ENSP00000328228,9606.ENSP00000358813,CDCA2,TTK,9606,0.872,0.0,0.0,0.0,0.834,0.0,0.0,0.26
9606.ENSP00000328228,9606.ENSP00000361298,CDCA2,KIF2C,9606,0.885,0.0,0.0,0.0,0.779,0.0,0.0,0.501
9606.ENSP00000328228,9606.ENSP00000378356,CDCA2,KIF20A,9606,0.899,0.0,0.0,0.0,0.801,0.0,0.0,0.512
9606.ENSP00000328228,9606.ENSP00000442068,CDCA2,CDCA3,9606,0.91,0.0,0.0,0.0,0.693,0.0,0.0,0.721
9606.ENSP00000328228,9606.ENSP00000335463,CDCA2,KNL1,9606,0.914,0.0,0.0,0.0,0.765,0.0,0.0,0.651
9606.ENSP00000328228,9606.ENSP00000363524,CDCA2,KIF4A,9606,0.933,0.0,0.0,0.0,0.809,0.0,0.0,0.664
9606.ENSP00000328236,9606.ENSP00000378699,KNTC1,CDK1,9606,0.751,0.0,0.0,0.0,0.475,0.0,0.4,0.272
9606.ENSP00000328236,9606.ENSP00000355922,KNTC1,CENPF,9606,0.795,0.0,0.0,0.0,0.618,0.0,0.0,0.486
9606.ENSP00000328236,9606.ENSP00000358813,KNTC1,TTK,9606,0.847,0.0,0.0,0.0,0.729,0.0,0.0,0.457
9606.ENSP00000328236,9606.ENSP00000361540,KNTC1,CDC20,9606,0.882,0.0,0.0,0.0,0.378,0.069,0.5,0.642
9606.ENSP00000328236,9606.ENSP00000363055,KNTC1,ZWINT,9606,0.927,0.0,0.0,0.0,0.282,0.0,0.0,0.903
9606.ENSP00000328236,9606.ENSP00000356379,KNTC1,ASPM,9606,0.931,0.0,0.0,0.0,0.885,0.088,0.0,0.395
9606.ENSP00000329697,9606.ENSP00000392553,PLPP2,PLPP5,9606,0.94,0.0,0.0,0.0,0.0,0.0,0.9,0.429
9606.ENSP00000335357,9606.ENSP00000391090,CDKN3,CHEK1,9606,0.704,0.0,0.0,0.0,0.49,0.051,0.0,0.437
9606.ENSP00000335357,9606.ENSP00000357643,CDKN3,MKI67,9606,0.707,0.0,0.0,0.0,0.653,0.0,0.0,0.19
9606.ENSP00000335357,9606.ENSP00000353770,CDKN3,RRM2,9606,0.713,0.0,0.0,0.0,0.651,0.0,0.0,0.213
9606.ENSP00000335357,9606.ENSP00000355966,CDKN3,NEK2,9606,0.722,0.0,0.0,0.0,0.67,0.0,0.0,0.191
9606.ENSP00000335357,9606.ENSP00000355922,CDKN3,CENPF,9606,0.725,0.0,0.0,0.0,0.666,0.0,0.0,0.21
9606.ENSP00000335357,9606.ENSP00000412292,CDKN3,DEPDC1,9606,0.73,0.0,0.0,0.0,0.725,0.0,0.0,0.056
9606.ENSP00000335357,9606.ENSP00000414109,CDKN3,HJURP,9606,0.782,0.0,0.0,0.0,0.78,0.0,0.0,0.051
9606.ENSP00000335357,9606.ENSP00000361298,CDKN3,KIF2C,9606,0.791,0.0,0.0,0.0,0.784,0.0,0.0,0.071
9606.ENSP00000335357,9606.ENSP00000494957,CDKN3,UBE2T,9606,0.796,0.0,0.0,0.0,0.78,0.047,0.0,0.105
9606.ENSP00000335357,9606.ENSP00000363524,CDKN3,KIF4A,9606,0.803,0.0,0.0,0.0,0.787,0.0,0.0,0.111
9606.ENSP00000335357,9606.ENSP00000360540,CDKN3,CEP55,9606,0.822,0.0,0.0,0.0,0.798,0.0,0.0,0.154
9606.ENSP00000335357,9606.ENSP00000336868,CDKN3,CENPA,9606,0.824,0.0,0.0,0.0,0.791,0.091,0.0,0.145
9606.ENSP00000335357,9606.ENSP00000499238,CDKN3,NUSAP1,9606,0.831,0.0,0.0,0.0,0.802,0.0,0.0,0.18
9606.ENSP00000335357,9606.ENSP00000377492,CDKN3,HMMR,9606,0.833,0.0,0.0,0.0,0.801,0.089,0.0,0.154
9606.ENSP00000335357,9606.ENSP00000378356,CDKN3,KIF20A,9606,0.835,0.0,0.0,0.0,0.812,0.0,0.0,0.158
9606.ENSP00000335357,9606.ENSP00000377536,CDKN3,PTTG1,9606,0.84,0.0,0.0,0.0,0.8,0.0,0.0,0.23
9606.ENSP00000335357,9606.ENSP00000348838,CDKN3,UBE2C,9606,0.847,0.0,0.0,0.0,0.808,0.047,0.0,0.23
9606.ENSP00000335357,9606.ENSP00000358813,CDKN3,TTK,9606,0.849,0.0,0.0,0.0,0.788,0.071,0.0,0.295
9606.ENSP00000335357,9606.ENSP00000356379,CDKN3,ASPM,9606,0.854,0.0,0.0,0.0,0.784,0.0,0.0,0.351
9606.ENSP00000335357,9606.ENSP00000442068,CDKN3,CDCA3,9606,0.859,0.0,0.0,0.0,0.832,0.0,0.0,0.196
9606.ENSP00000335357,9606.ENSP00000428489,CDKN3,PBK,9606,0.861,0.0,0.0,0.0,0.819,0.092,0.0,0.226
9606.ENSP00000335357,9606.ENSP00000411532,CDKN3,TOP2A,9606,0.863,0.0,0.0,0.0,0.8,0.0,0.0,0.341
9606.ENSP00000335357,9606.ENSP00000377793,CDKN3,PRC1,9606,0.883,0.0,0.0,0.0,0.794,0.124,0.0,0.404
9606.ENSP00000335357,9606.ENSP00000361540,CDKN3,CDC20,9606,0.885,0.0,0.0,0.0,0.799,0.178,0.0,0.364
9606.ENSP00000335357,9606.ENSP00000481380,CDKN3,CCNA2,9606,0.947,0.0,0.0,0.0,0.816,0.0,0.0,0.725
9606.ENSP00000335357,9606.ENSP00000378699,CDKN3,CDK1,9606,0.982,0.0,0.0,0.0,0.828,0.706,0.0,0.688
9606.ENSP00000335463,9606.ENSP00000411532,KNL1,TOP2A,9606,0.711,0.0,0.0,0.0,0.44,0.066,0.0,0.492
9606.ENSP00000335463,9606.ENSP00000361298,KNL1,KIF2C,9606,0.717,0.0,0.0,0.0,0.369,0.0,0.0,0.571
9606.ENSP00000335463,9606.ENSP00000356379,KNL1,ASPM,9606,0.755,0.0,0.0,0.0,0.524,0.0,0.0,0.507
9606.ENSP00000335463,9606.ENSP00000358813,KNL1,TTK,9606,0.774,0.0,0.0,0.0,0.405,0.292,0.0,0.507
9606.ENSP00000335463,9606.ENSP00000355922,KNL1,CENPF,9606,0.784,0.0,0.0,0.0,0.498,0.0,0.0,0.588
9606.ENSP00000335463,9606.ENSP00000414109,KNL1,HJURP,9606,0.814,0.0,0.0,0.0,0.358,0.0,0.5,0.469
9606.ENSP00000335463,9606.ENSP00000378699,KNL1,CDK1,9606,0.838,0.0,0.0,0.0,0.479,0.068,0.4,0.512
9606.ENSP00000335463,9606.ENSP00000377007,KNL1,CENPN,9606,0.844,0.0,0.0,0.0,0.332,0.0,0.5,0.571
9606.ENSP00000335463,9606.ENSP00000379911,KNL1,CENPK,9606,0.854,0.0,0.0,0.0,0.326,0.0,0.5,0.602
9606.ENSP00000335463,9606.ENSP00000336868,KNL1,CENPA,9606,0.903,0.0,0.0,0.0,0.352,0.084,0.5,0.712
9606.ENSP00000335463,9606.ENSP00000361540,KNL1,CDC20,9606,0.95,0.0,0.0,0.0,0.322,0.663,0.5,0.616
9606.ENSP00000335463,9606.ENSP00000363055,KNL1,ZWINT,9606,0.999,0.0,0.0,0.0,0.259,0.913,0.54,0.986
9606.ENSP00000336868,9606.ENSP00000377536,CENPA,PTTG1,9606,0.761,0.0,0.0,0.0,0.59,0.0,0.0,0.44
9606.ENSP00000336868,9606.ENSP00000377793,CENPA,PRC1,9606,0.772,0.0,0.0,0.0,0.655,0.072,0.0,0.346
9606.ENSP00000336868,9606.ENSP00000357643,CENPA,MKI67,9606,0.785,0.0,0.0,0.0,0.693,0.0,0.0,0.331
9606.ENSP00000336868,9606.ENSP00000342307,CENPA,FOXM1,9606,0.794,0.0,0.0,0.0,0.533,0.135,0.0,0.533
9606.ENSP00000336868,9606.ENSP00000391090,CENPA,CHEK1,9606,0.797,0.0,0.0,0.0,0.512,0.071,0.0,0.587
9606.ENSP00000336868,9606.ENSP00000415430,CENPA,GTSE1,9606,0.807,0.0,0.0,0.0,0.763,0.0,0.0,0.22
9606.ENSP00000336868,9606.ENSP00000356319,CENPA,KIF14,9606,0.812,0.0,0.0,0.0,0.639,0.0,0.0,0.501
9606.ENSP00000336868,9606.ENSP00000353770,CENPA,RRM2,9606,0.818,0.0,0.0,0.0,0.554,0.0,0.0,0.608
9606.ENSP00000336868,9606.ENSP00000355966,CENPA,NEK2,9606,0.85,0.0,0.0,0.0,0.691,0.0,0.0,0.535
9606.ENSP00000336868,9606.ENSP00000412292,CENPA,DEPDC1,9606,0.858,0.0,0.0,0.0,0.785,0.0,0.0,0.37
9606.ENSP00000336868,9606.ENSP00000356379,CENPA,ASPM,9606,0.865,0.0,0.0,0.0,0.8,0.0,0.0,0.352
9606.ENSP00000336868,9606.ENSP00000377492,CENPA,HMMR,9606,0.87,0.0,0.0,0.0,0.799,0.078,0.0,0.359
9606.ENSP00000336868,9606.ENSP00000499238,CENPA,NUSAP1,9606,0.874,0.0,0.0,0.0,0.808,0.0,0.0,0.373
9606.ENSP00000336868,9606.ENSP00000442068,CENPA,CDCA3,9606,0.89,0.0,0.0,0.0,0.834,0.0,0.0,0.365
9606.ENSP00000336868,9606.ENSP00000358813,CENPA,TTK,9606,0.905,0.0,0.0,0.0,0.733,0.0,0.0,0.661
9606.ENSP00000336868,9606.ENSP00000363524,CENPA,KIF4A,9606,0.906,0.0,0.0,0.0,0.799,0.125,0.0,0.51
9606.ENSP00000336868,9606.ENSP00000363055,CENPA,ZWINT,9606,0.908,0.0,0.0,0.0,0.5,0.0,0.0,0.825
9606.ENSP00000336868,9606.ENSP00000378356,CENPA,KIF20A,9606,0.913,0.0,0.0,0.0,0.828,0.0,0.0,0.514
9606.ENSP00000336868,9606.ENSP00000411532,CENPA,TOP2A,9606,0.919,0.0,0.0,0.0,0.81,0.145,0.0,0.545
9606.ENSP00000336868,9606.ENSP00000360540,CENPA,CEP55,9606,0.92,0.0,0.0,0.0,0.803,0.0,0.0,0.613
9606.ENSP00000336868,9606.ENSP00000428489,CENPA,PBK,9606,0.925,0.0,0.0,0.0,0.821,0.095,0.0,0.577
9606.ENSP00000336868,9606.ENSP00000348838,CENPA,UBE2C,9606,0.938,0.0,0.0,0.0,0.845,0.095,0.0,0.594
9606.ENSP00000336868,9606.ENSP00000355922,CENPA,CENPF,9606,0.965,0.0,0.0,0.0,0.656,0.0,0.0,0.903
9606.ENSP00000336868,9606.ENSP00000361298,CENPA,KIF2C,9606,0.986,0.0,0.0,0.0,0.835,0.0,0.0,0.923
9606.ENSP00000336868,9606.ENSP00000361540,CENPA,CDC20,9606,0.986,0.0,0.0,0.0,0.835,0.091,0.8,0.603
9606.ENSP00000336868,9606.ENSP00000378699,CENPA,CDK1,9606,0.989,0.0,0.0,0.0,0.961,0.071,0.4,0.592
9606.ENSP00000336868,9606.ENSP00000481380,CENPA,CCNA2,9606,0.99,0.0,0.0,0.0,0.982,0.0,0.0,0.482
9606.ENSP00000336868,9606.ENSP00000379911,CENPA,CENPK,9606,0.997,0.0,0.0,0.0,0.288,0.851,0.5,0.96
9606.ENSP00000336868,9606.ENSP00000377007,CENPA,CENPN,9606,0.999,0.0,0.0,0.0,0.407,0.955,0.5,0.982
9606.ENSP00000336868,9606.ENSP00000414109,CENPA,HJURP,9606,0.999,0.0,0.0,0.0,0.799,0.99,0.5,0.97
9606.ENSP00000337060,9606.ENSP00000378743,NME1,AK4,9606,0.796,0.053,0.0,0.0,0.101,0.0,0.713,0.264
9606.ENSP00000337060,9606.ENSP00000353770,NME1,RRM2,9606,0.796,0.0,0.0,0.0,0.187,0.0,0.729,0.148
9606.ENSP00000337060,9606.ENSP00000499935,NME1,AK2,9606,0.807,0.053,0.0,0.0,0.145,0.0,0.713,0.266
9606.ENSP00000339795,9606.ENSP00000349142,RPL7,ATP5F1C,9606,0.715,0.0,0.0,0.0,0.705,0.071,0.0,0.044
9606.ENSP00000339795,9606.ENSP00000389356,RPL7,RPL39L,9606,0.949,0.0,0.0,0.0,0.648,0.833,0.0,0.214
9606.ENSP00000339795,9606.ENSP00000448035,RPL7,NACA,9606,0.981,0.0,0.0,0.0,0.894,0.83,0.0,0.069
9606.ENSP00000339795,9606.ENSP00000418082,RPL7,RPL37A,9606,0.999,0.0,0.0,0.0,0.912,0.993,0.0,0.314
9606.ENSP00000339795,9606.ENSP00000463842,RPL7,RPL17,9606,0.999,0.079,0.0,0.0,0.931,0.979,0.0,0.36
9606.ENSP00000339795,9606.ENSP00000414321,RPL7,RPS24,9606,0.999,0.0,0.0,0.0,0.96,0.973,0.0,0.902
9606.ENSP00000341826,9606.ENSP00000353770,HNRNPA1,RRM2,9606,0.704,0.0,0.0,0.0,0.123,0.0,0.0,0.676
9606.ENSP00000341826,9606.ENSP00000384863,HNRNPA1,XPO1,9606,0.704,0.0,0.0,0.0,0.251,0.073,0.0,0.607
9606.ENSP00000341826,9606.ENSP00000378284,HNRNPA1,MATR3,9606,0.95,0.0,0.0,0.0,0.125,0.62,0.0,0.862
9606.ENSP00000341826,9606.ENSP00000362820,HNRNPA1,SRSF3,9606,0.97,0.0,0.0,0.0,0.785,0.278,0.4,0.715
9606.ENSP00000342307,9606.ENSP00000479617,FOXM1,UHRF1,9606,0.713,0.0,0.0,0.0,0.57,0.068,0.0,0.341
9606.ENSP00000342307,9606.ENSP00000377536,FOXM1,PTTG1,9606,0.745,0.0,0.0,0.0,0.408,0.0,0.0,0.587
9606.ENSP00000342307,9606.ENSP00000356319,FOXM1,KIF14,9606,0.751,0.0,0.0,0.0,0.67,0.0,0.0,0.276
9606.ENSP00000342307,9606.ENSP00000358813,FOXM1,TTK,9606,0.766,0.0,0.0,0.0,0.629,0.066,0.0,0.378
9606.ENSP00000342307,9606.ENSP00000499238,FOXM1,NUSAP1,9606,0.782,0.0,0.0,0.0,0.632,0.0,0.0,0.433
9606.ENSP00000342307,9606.ENSP00000355966,FOXM1,NEK2,9606,0.803,0.0,0.0,0.0,0.613,0.0,0.0,0.513
9606.ENSP00000342307,9606.ENSP00000377492,FOXM1,HMMR,9606,0.805,0.0,0.0,0.0,0.524,0.059,0.0,0.599
9606.ENSP00000342307,9606.ENSP00000468425,FOXM1,TK1,9606,0.811,0.0,0.0,0.0,0.489,0.0,0.0,0.645
9606.ENSP00000342307,9606.ENSP00000465992,FOXM1,KIF18B,9606,0.813,0.0,0.0,0.0,0.766,0.045,0.0,0.23
9606.ENSP00000342307,9606.ENSP00000353770,FOXM1,RRM2,9606,0.835,0.0,0.0,0.0,0.681,0.0,0.0,0.505
9606.ENSP00000342307,9606.ENSP00000428489,FOXM1,PBK,9606,0.845,0.0,0.0,0.0,0.548,0.094,0.0,0.652
9606.ENSP00000342307,9606.ENSP00000412292,FOXM1,DEPDC1,9606,0.845,0.0,0.0,0.0,0.522,0.167,0.0,0.643
9606.ENSP00000342307,9606.ENSP00000356379,FOXM1,ASPM,9606,0.848,0.0,0.0,0.0,0.668,0.0,0.0,0.561
9606.ENSP00000342307,9606.ENSP00000360540,FOXM1,CEP55,9606,0.86,0.0,0.0,0.0,0.704,0.0,0.0,0.546
9606.ENSP00000342307,9606.ENSP00000377793,FOXM1,PRC1,9606,0.87,0.0,0.0,0.0,0.805,0.216,0.0,0.221
9606.ENSP00000342307,9606.ENSP00000442068,FOXM1,CDCA3,9606,0.885,0.0,0.0,0.0,0.829,0.0,0.0,0.357
9606.ENSP00000342307,9606.ENSP00000361298,FOXM1,KIF2C,9606,0.888,0.0,0.0,0.0,0.825,0.0,0.0,0.388
9606.ENSP00000342307,9606.ENSP00000348838,FOXM1,UBE2C,9606,0.894,0.0,0.0,0.0,0.663,0.074,0.0,0.688
9606.ENSP00000342307,9606.ENSP00000363524,FOXM1,KIF4A,9606,0.897,0.0,0.0,0.0,0.835,0.0,0.0,0.4
9606.ENSP00000342307,9606.ENSP00000357643,FOXM1,MKI67,9606,0.91,0.0,0.0,0.0,0.836,0.0,0.0,0.473
9606.ENSP00000342307,9606.ENSP00000414109,FOXM1,HJURP,9606,0.918,0.0,0.0,0.0,0.815,0.0,0.0,0.574
9606.ENSP00000342307,9606.ENSP00000411532,FOXM1,TOP2A,9606,0.927,0.0,0.0,0.0,0.665,0.292,0.0,0.718
9606.ENSP00000342307,9606.ENSP00000361540,FOXM1,CDC20,9606,0.937,0.0,0.0,0.0,0.783,0.071,0.0,0.714
9606.ENSP00000342307,9606.ENSP00000378356,FOXM1,KIF20A,9606,0.944,0.0,0.0,0.0,0.802,0.0,0.0,0.731
9606.ENSP00000342307,9606.ENSP00000481380,FOXM1,CCNA2,9606,0.985,0.0,0.0,0.0,0.725,0.0,0.5,0.901
9606.ENSP00000342307,9606.ENSP00000355922,FOXM1,CENPF,9606,0.989,0.0,0.0,0.0,0.747,0.0,0.75,0.845
9606.ENSP00000342307,9606.ENSP00000378699,FOXM1,CDK1,9606,0.991,0.0,0.0,0.0,0.661,0.558,0.5,0.896
9606.ENSP00000345282,9606.ENSP00000365773,GPT2,PSAT1,9606,0.724,0.061,0.0,0.0,0.36,0.09,0.0,0.555
9606.ENSP00000348838,9606.ENSP00000415430,UBE2C,GTSE1,9606,0.71,0.0,0.0,0.0,0.486,0.0,0.0,0.46
9606.ENSP00000348838,9606.ENSP00000494957,UBE2C,UBE2T,9606,0.794,0.0,0.0,0.0,0.562,0.071,0.4,0.254
9606.ENSP00000348838,9606.ENSP00000377793,UBE2C,PRC1,9606,0.827,0.0,0.0,0.0,0.762,0.0,0.0,0.305
9606.ENSP00000348838,9606.ENSP00000465992,UBE2C,KIF18B,9606,0.843,0.0,0.0,0.0,0.633,0.045,0.0,0.589
9606.ENSP00000348838,9606.ENSP00000468425,UBE2C,TK1,9606,0.873,0.0,0.0,0.0,0.786,0.0,0.0,0.432
9606.ENSP00000348838,9606.ENSP00000363055,UBE2C,ZWINT,9606,0.878,0.0,0.0,0.0,0.775,0.0,0.0,0.478
9606.ENSP00000348838,9606.ENSP00000377492,UBE2C,HMMR,9606,0.896,0.0,0.0,0.0,0.79,0.08,0.0,0.503
9606.ENSP00000348838,9606.ENSP00000363524,UBE2C,KIF4A,9606,0.905,0.0,0.0,0.0,0.746,0.07,0.0,0.632
9606.ENSP00000348838,9606.ENSP00000358813,UBE2C,TTK,9606,0.911,0.0,0.0,0.0,0.83,0.0,0.0,0.497
9606.ENSP00000348838,9606.ENSP00000357643,UBE2C,MKI67,9606,0.916,0.0,0.0,0.0,0.81,0.0,0.0,0.576
9606.ENSP00000348838,9606.ENSP00000355966,UBE2C,NEK2,9606,0.923,0.0,0.0,0.0,0.653,0.093,0.5,0.571
9606.ENSP00000348838,9606.ENSP00000414109,UBE2C,HJURP,9606,0.924,0.0,0.0,0.0,0.806,0.0,0.0,0.626
9606.ENSP00000348838,9606.ENSP00000353770,UBE2C,RRM2,9606,0.931,0.0,0.0,0.0,0.73,0.068,0.0,0.749
9606.ENSP00000348838,9606.ENSP00000360540,UBE2C,CEP55,9606,0.938,0.0,0.0,0.0,0.81,0.0,0.0,0.691
9606.ENSP00000348838,9606.ENSP00000355922,UBE2C,CENPF,9606,0.94,0.0,0.0,0.0,0.769,0.0,0.0,0.753
9606.ENSP00000348838,9606.ENSP00000356379,UBE2C,ASPM,9606,0.943,0.0,0.0,0.0,0.835,0.0,0.0,0.673
9606.ENSP00000348838,9606.ENSP00000428489,UBE2C,PBK,9606,0.946,0.0,0.0,0.0,0.864,0.088,0.0,0.599
9606.ENSP00000348838,9606.ENSP00000361298,UBE2C,KIF2C,9606,0.954,0.0,0.0,0.0,0.845,0.0,0.0,0.716
9606.ENSP00000348838,9606.ENSP00000378356,UBE2C,KIF20A,9606,0.961,0.0,0.0,0.0,0.862,0.0,0.0,0.728
9606.ENSP00000348838,9606.ENSP00000442068,UBE2C,CDCA3,9606,0.962,0.0,0.0,0.0,0.937,0.0,0.0,0.433
9606.ENSP00000348838,9606.ENSP00000499238,UBE2C,NUSAP1,9606,0.964,0.0,0.0,0.0,0.861,0.0,0.0,0.755
9606.ENSP00000348838,9606.ENSP00000411532,UBE2C,TOP2A,9606,0.973,0.0,0.0,0.0,0.842,0.068,0.0,0.837
9606.ENSP00000348838,9606.ENSP00000377536,UBE2C,PTTG1,9606,0.98,0.0,0.0,0.0,0.838,0.0,0.4,0.813
9606.ENSP00000348838,9606.ENSP00000378699,UBE2C,CDK1,9606,0.982,0.0,0.0,0.0,0.86,0.091,0.5,0.758
9606.ENSP00000348838,9606.ENSP00000481380,UBE2C,CCNA2,9606,0.994,0.0,0.0,0.0,0.926,0.081,0.5,0.858
9606.ENSP00000348838,9606.ENSP00000361540,UBE2C,CDC20,9606,0.999,0.0,0.0,0.0,0.951,0.957,0.54,0.891
9606.ENSP00000349142,9606.ENSP00000378743,ATP5F1C,AK4,9606,0.722,0.0,0.0,0.0,0.406,0.0,0.423,0.254
9606.ENSP00000349142,9606.ENSP00000499935,ATP5F1C,AK2,9606,0.725,0.0,0.0,0.0,0.421,0.0,0.423,0.242
9606.ENSP00000349142,9606.ENSP00000463842,ATP5F1C,RPL17,9606,0.865,0.046,0.0,0.0,0.817,0.0,0.0,0.288
9606.ENSP00000353770,9606.ENSP00000355966,RRM2,NEK2,9606,0.724,0.0,0.0,0.0,0.521,0.0,0.0,0.447
9606.ENSP00000353770,9606.ENSP00000378743,RRM2,AK4,9606,0.75,0.0,0.0,0.0,0.049,0.0,0.739,0.073
9606.ENSP00000353770,9606.ENSP00000361298,RRM2,KIF2C,9606,0.758,0.0,0.0,0.0,0.561,0.0,0.0,0.473
9606.ENSP00000353770,9606.ENSP00000442068,RRM2,CDCA3,9606,0.759,0.0,0.0,0.0,0.605,0.0,0.0,0.414
9606.ENSP00000353770,9606.ENSP00000429089,RRM2,CCNE2,9606,0.777,0.0,0.0,0.0,0.402,0.0,0.0,0.642
9606.ENSP00000353770,9606.ENSP00000499935,RRM2,AK2,9606,0.785,0.0,0.0,0.0,0.072,0.0,0.739,0.182
9606.ENSP00000353770,9606.ENSP00000377492,RRM2,HMMR,9606,0.807,0.0,0.0,0.0,0.681,0.049,0.0,0.414
9606.ENSP00000353770,9606.ENSP00000358813,RRM2,TTK,9606,0.82,0.0,0.0,0.0,0.689,0.0,0.0,0.447
9606.ENSP00000353770,9606.ENSP00000377536,RRM2,PTTG1,9606,0.821,0.0,0.0,0.0,0.513,0.0,0.0,0.648
9606.ENSP00000353770,9606.ENSP00000355922,RRM2,CENPF,9606,0.822,0.0,0.0,0.0,0.53,0.0,0.0,0.638
9606.ENSP00000353770,9606.ENSP00000479617,RRM2,UHRF1,9606,0.85,0.0,0.0,0.0,0.785,0.0,0.0,0.329
9606.ENSP00000353770,9606.ENSP00000391090,RRM2,CHEK1,9606,0.852,0.0,0.0,0.0,0.463,0.079,0.0,0.725
9606.ENSP00000353770,9606.ENSP00000356379,RRM2,ASPM,9606,0.854,0.0,0.0,0.0,0.626,0.0,0.0,0.627
9606.ENSP00000353770,9606.ENSP00000414109,RRM2,HJURP,9606,0.866,0.0,0.0,0.0,0.706,0.0,0.0,0.564
9606.ENSP00000353770,9606.ENSP00000377793,RRM2,PRC1,9606,0.868,0.0,0.0,0.0,0.815,0.0,0.0,0.316
9606.ENSP00000353770,9606.ENSP00000361540,RRM2,CDC20,9606,0.907,0.0,0.0,0.0,0.77,0.049,0.0,0.609
9606.ENSP00000353770,9606.ENSP00000468425,RRM2,TK1,9606,0.914,0.0,0.0,0.0,0.782,0.0,0.0,0.623
9606.ENSP00000353770,9606.ENSP00000363524,RRM2,KIF4A,9606,0.927,0.0,0.0,0.0,0.804,0.0,0.0,0.642
9606.ENSP00000353770,9606.ENSP00000428489,RRM2,PBK,9606,0.93,0.0,0.0,0.0,0.783,0.0,0.0,0.69
9606.ENSP00000353770,9606.ENSP00000378356,RRM2,KIF20A,9606,0.935,0.0,0.0,0.0,0.814,0.0,0.0,0.665
9606.ENSP00000353770,9606.ENSP00000481380,RRM2,CCNA2,9606,0.939,0.0,0.0,0.0,0.842,0.0,0.0,0.628
9606.ENSP00000353770,9606.ENSP00000363055,RRM2,ZWINT,9606,0.942,0.0,0.0,0.0,0.9,0.0,0.0,0.446
9606.ENSP00000353770,9606.ENSP00000357643,RRM2,MKI67,9606,0.945,0.0,0.0,0.0,0.822,0.0,0.0,0.708
9606.ENSP00000353770,9606.ENSP00000360540,RRM2,CEP55,9606,0.945,0.0,0.0,0.0,0.801,0.0,0.0,0.739
9606.ENSP00000353770,9606.ENSP00000499238,RRM2,NUSAP1,9606,0.951,0.0,0.0,0.0,0.815,0.0,0.0,0.747
9606.ENSP00000353770,9606.ENSP00000411532,RRM2,TOP2A,9606,0.956,0.0,0.035,0.0,0.807,0.0,0.0,0.785
9606.ENSP00000353770,9606.ENSP00000378699,RRM2,CDK1,9606,0.973,0.0,0.0,0.0,0.819,0.292,0.0,0.808
9606.ENSP00000354125,9606.ENSP00000414321,EIF3B,RPS24,9606,0.986,0.0,0.0,0.0,0.42,0.966,0.0,0.344
9606.ENSP00000354451,9606.ENSP00000414109,IQGAP3,HJURP,9606,0.709,0.0,0.0,0.0,0.662,0.0,0.0,0.174
9606.ENSP00000354451,9606.ENSP00000378356,IQGAP3,KIF20A,9606,0.773,0.0,0.0,0.0,0.704,0.0,0.0,0.267
9606.ENSP00000354691,9606.ENSP00000433277,FCRL5,MS4A1,9606,0.702,0.0,0.0,0.0,0.465,0.095,0.0,0.434
9606.ENSP00000355167,9606.ENSP00000364855,HORMAD1,MSH5,9606,0.772,0.0,0.0,0.0,0.055,0.0,0.0,0.769
9606.ENSP00000355751,9606.ENSP00000378517,THBS2,SPP1,9606,0.726,0.0,0.0,0.0,0.149,0.0,0.4,0.507
9606.ENSP00000355751,9606.ENSP00000359114,THBS2,COL11A1,9606,0.898,0.0,0.0,0.0,0.269,0.099,0.0,0.858
9606.ENSP00000355751,9606.ENSP00000361405,THBS2,MMP9,9606,0.968,0.0,0.0,0.0,0.093,0.298,0.0,0.954
9606.ENSP00000355922,9606.ENSP00000360944,CENPF,STIL,9606,0.708,0.0,0.0,0.0,0.425,0.0,0.0,0.512
9606.ENSP00000355922,9606.ENSP00000415430,CENPF,GTSE1,9606,0.745,0.0,0.0,0.0,0.613,0.0,0.0,0.369
9606.ENSP00000355922,9606.ENSP00000391090,CENPF,CHEK1,9606,0.761,0.0,0.0,0.0,0.492,0.0,0.0,0.549
9606.ENSP00000355922,9606.ENSP00000376457,CENPF,ECT2,9606,0.77,0.0,0.0,0.0,0.614,0.0,0.0,0.429
9606.ENSP00000355922,9606.ENSP00000442068,CENPF,CDCA3,9606,0.781,0.0,0.0,0.0,0.575,0.0,0.0,0.506
9606.ENSP00000355922,9606.ENSP00000468425,CENPF,TK1,9606,0.782,0.0,0.0,0.0,0.434,0.0,0.0,0.63
9606.ENSP00000355922,9606.ENSP00000377536,CENPF,PTTG1,9606,0.827,0.0,0.0,0.0,0.574,0.0,0.0,0.611
9606.ENSP00000355922,9606.ENSP00000412292,CENPF,DEPDC1,9606,0.844,0.0,0.0,0.0,0.754,0.0,0.0,0.392
9606.ENSP00000355922,9606.ENSP00000494957,CENPF,UBE2T,9606,0.853,0.0,0.0,0.0,0.788,0.0,0.0,0.333
9606.ENSP00000355922,9606.ENSP00000363524,CENPF,KIF4A,9606,0.879,0.0,0.0,0.0,0.73,0.0,0.0,0.571
9606.ENSP00000355922,9606.ENSP00000377492,CENPF,HMMR,9606,0.927,0.0,0.0,0.0,0.787,0.045,0.0,0.669
9606.ENSP00000355922,9606.ENSP00000377793,CENPF,PRC1,9606,0.937,0.0,0.0,0.0,0.866,0.292,0.0,0.391
9606.ENSP00000355922,9606.ENSP00000499238,CENPF,NUSAP1,9606,0.944,0.0,0.0,0.0,0.855,0.0,0.0,0.631
9606.ENSP00000355922,9606.ENSP00000481380,CENPF,CCNA2,9606,0.944,0.0,0.0,0.0,0.832,0.0,0.0,0.68
9606.ENSP00000355922,9606.ENSP00000414109,CENPF,HJURP,9606,0.946,0.0,0.0,0.0,0.856,0.0,0.0,0.64
9606.ENSP00000355922,9606.ENSP00000428489,CENPF,PBK,9606,0.949,0.0,0.0,0.0,0.836,0.0,0.0,0.704
9606.ENSP00000355922,9606.ENSP00000363055,CENPF,ZWINT,9606,0.953,0.0,0.0,0.0,0.638,0.0,0.0,0.877
9606.ENSP00000355922,9606.ENSP00000360540,CENPF,CEP55,9606,0.959,0.0,0.0,0.0,0.847,0.0,0.0,0.745
9606.ENSP00000355922,9606.ENSP00000356319,CENPF,KIF14,9606,0.959,0.0,0.0,0.0,0.829,0.292,0.0,0.692
9606.ENSP00000355922,9606.ENSP00000378356,CENPF,KIF20A,9606,0.96,0.0,0.0,0.0,0.899,0.0,0.0,0.627
9606.ENSP00000355922,9606.ENSP00000358813,CENPF,TTK,9606,0.967,0.0,0.0,0.0,0.886,0.0,0.0,0.723
9606.ENSP00000355922,9606.ENSP00000355966,CENPF,NEK2,9606,0.97,0.0,0.0,0.0,0.882,0.0,0.0,0.759
9606.ENSP00000355922,9606.ENSP00000411532,CENPF,TOP2A,9606,0.974,0.0,0.0,0.0,0.876,0.0,0.0,0.804
9606.ENSP00000355922,9606.ENSP00000378699,CENPF,CDK1,9606,0.978,0.0,0.0,0.0,0.825,0.292,0.4,0.745
9606.ENSP00000355922,9606.ENSP00000357643,CENPF,MKI67,9606,0.979,0.0,0.0,0.0,0.902,0.292,0.0,0.727
9606.ENSP00000355922,9606.ENSP00000361298,CENPF,KIF2C,9606,0.985,0.0,0.0,0.0,0.847,0.0,0.0,0.907
9606.ENSP00000355922,9606.ENSP00000356379,CENPF,ASPM,9606,0.987,0.0,0.0,0.0,0.938,0.0,0.0,0.802
9606.ENSP00000355922,9606.ENSP00000361540,CENPF,CDC20,9606,0.99,0.0,0.0,0.0,0.777,0.0,0.8,0.801
9606.ENSP00000355966,9606.ENSP00000391090,NEK2,CHEK1,9606,0.704,0.0,0.0,0.0,0.512,0.307,0.0,0.196
9606.ENSP00000355966,9606.ENSP00000363055,NEK2,ZWINT,9606,0.785,0.0,0.0,0.0,0.39,0.0,0.0,0.662
9606.ENSP00000355966,9606.ENSP00000377793,NEK2,PRC1,9606,0.791,0.0,0.0,0.0,0.709,0.0,0.0,0.31
9606.ENSP00000355966,9606.ENSP00000414109,NEK2,HJURP,9606,0.812,0.0,0.0,0.0,0.742,0.0,0.0,0.301
9606.ENSP00000355966,9606.ENSP00000376457,NEK2,ECT2,9606,0.82,0.0,0.0,0.0,0.702,0.0,0.0,0.42
9606.ENSP00000355966,9606.ENSP00000358813,NEK2,TTK,9606,0.845,0.0,0.0,0.0,0.8,0.0,0.0,0.258
9606.ENSP00000355966,9606.ENSP00000412292,NEK2,DEPDC1,9606,0.847,0.0,0.0,0.0,0.789,0.0,0.0,0.303
9606.ENSP00000355966,9606.ENSP00000357643,NEK2,MKI67,9606,0.851,0.0,0.0,0.0,0.659,0.0,0.0,0.581
9606.ENSP00000355966,9606.ENSP00000363524,NEK2,KIF4A,9606,0.858,0.0,0.0,0.0,0.649,0.0,0.0,0.611
9606.ENSP00000355966,9606.ENSP00000377492,NEK2,HMMR,9606,0.87,0.0,0.0,0.0,0.779,0.043,0.0,0.436
9606.ENSP00000355966,9606.ENSP00000428489,NEK2,PBK,9606,0.88,0.0,0.0,0.0,0.748,0.092,0.0,0.517
9606.ENSP00000355966,9606.ENSP00000356319,NEK2,KIF14,9606,0.882,0.0,0.0,0.0,0.796,0.0,0.0,0.446
9606.ENSP00000355966,9606.ENSP00000377536,NEK2,PTTG1,9606,0.89,0.0,0.0,0.0,0.569,0.0,0.0,0.755
9606.ENSP00000355966,9606.ENSP00000499238,NEK2,NUSAP1,9606,0.905,0.0,0.0,0.0,0.838,0.0,0.0,0.435
9606.ENSP00000355966,9606.ENSP00000442068,NEK2,CDCA3,9606,0.911,0.0,0.0,0.0,0.81,0.0,0.0,0.554
9606.ENSP00000355966,9606.ENSP00000360540,NEK2,CEP55,9606,0.912,0.0,0.0,0.0,0.816,0.0,0.0,0.541
9606.ENSP00000355966,9606.ENSP00000356379,NEK2,ASPM,9606,0.916,0.0,0.0,0.0,0.837,0.0,0.0,0.507
9606.ENSP00000355966,9606.ENSP00000378699,NEK2,CDK1,9606,0.919,0.0,0.0,0.13,0.832,0.0,0.0,0.493
9606.ENSP00000355966,9606.ENSP00000361298,NEK2,KIF2C,9606,0.92,0.0,0.0,0.0,0.832,0.0,0.0,0.544
9606.ENSP00000355966,9606.ENSP00000411532,NEK2,TOP2A,9606,0.928,0.0,0.0,0.0,0.78,0.0,0.0,0.685
9606.ENSP00000355966,9606.ENSP00000481380,NEK2,CCNA2,9606,0.943,0.0,0.0,0.0,0.829,0.0,0.0,0.681
9606.ENSP00000355966,9606.ENSP00000378356,NEK2,KIF20A,9606,0.948,0.0,0.0,0.0,0.847,0.0,0.0,0.677
9606.ENSP00000355966,9606.ENSP00000361540,NEK2,CDC20,9606,0.999,0.0,0.0,0.0,0.833,0.994,0.5,0.667
9606.ENSP00000356319,9606.ENSP00000376457,KIF14,ECT2,9606,0.761,0.0,0.0,0.0,0.498,0.292,0.0,0.381
9606.ENSP00000356319,9606.ENSP00000465992,KIF14,KIF18B,9606,0.762,0.0,0.0,0.0,0.365,0.0,0.54,0.25
9606.ENSP00000356319,9606.ENSP00000360944,KIF14,STIL,9606,0.777,0.0,0.0,0.0,0.51,0.095,0.0,0.538
9606.ENSP00000356319,9606.ENSP00000428489,KIF14,PBK,9606,0.779,0.0,0.0,0.0,0.538,0.046,0.0,0.538
9606.ENSP00000356319,9606.ENSP00000481380,KIF14,CCNA2,9606,0.85,0.0,0.0,0.0,0.793,0.0,0.0,0.305
9606.ENSP00000356319,9606.ENSP00000377492,KIF14,HMMR,9606,0.853,0.0,0.0,0.0,0.786,0.0,0.0,0.343
9606.ENSP00000356319,9606.ENSP00000412292,KIF14,DEPDC1,9606,0.873,0.0,0.0,0.0,0.805,0.0,0.0,0.376
9606.ENSP00000356319,9606.ENSP00000357643,KIF14,MKI67,9606,0.894,0.0,0.0,0.0,0.788,0.292,0.0,0.351
9606.ENSP00000356319,9606.ENSP00000378699,KIF14,CDK1,9606,0.895,0.0,0.0,0.0,0.771,0.292,0.0,0.404
9606.ENSP00000356319,9606.ENSP00000499238,KIF14,NUSAP1,9606,0.899,0.0,0.0,0.0,0.792,0.292,0.0,0.371
9606.ENSP00000356319,9606.ENSP00000361298,KIF14,KIF2C,9606,0.901,0.0,0.0,0.0,0.644,0.292,0.54,0.25
9606.ENSP00000356319,9606.ENSP00000358813,KIF14,TTK,9606,0.904,0.0,0.0,0.0,0.79,0.292,0.0,0.41
9606.ENSP00000356319,9606.ENSP00000363524,KIF14,KIF4A,9606,0.921,0.0,0.0,0.0,0.726,0.307,0.0,0.619
9606.ENSP00000356319,9606.ENSP00000411532,KIF14,TOP2A,9606,0.927,0.0,0.0,0.0,0.786,0.292,0.0,0.557
9606.ENSP00000356319,9606.ENSP00000414109,KIF14,HJURP,9606,0.927,0.0,0.0,0.0,0.79,0.292,0.0,0.552
9606.ENSP00000356319,9606.ENSP00000360540,KIF14,CEP55,9606,0.943,0.0,0.0,0.0,0.8,0.292,0.0,0.63
9606.ENSP00000356319,9606.ENSP00000356379,KIF14,ASPM,9606,0.963,0.0,0.0,0.0,0.876,0.292,0.0,0.617
9606.ENSP00000356319,9606.ENSP00000378356,KIF14,KIF20A,9606,0.973,0.0,0.0,0.0,0.783,0.314,0.54,0.654
9606.ENSP00000356319,9606.ENSP00000377793,KIF14,PRC1,9606,0.986,0.0,0.0,0.0,0.729,0.317,0.8,0.673
9606.ENSP00000356379,9606.ENSP00000465992,ASPM,KIF18B,9606,0.733,0.0,0.0,0.0,0.641,0.061,0.0,0.271
9606.ENSP00000356379,9606.ENSP00000468425,ASPM,TK1,9606,0.763,0.0,0.0,0.0,0.43,0.0,0.0,0.601
9606.ENSP00000356379,9606.ENSP00000363055,ASPM,ZWINT,9606,0.818,0.0,0.0,0.0,0.527,0.0,0.0,0.632
9606.ENSP00000356379,9606.ENSP00000494957,ASPM,UBE2T,9606,0.827,0.0,0.0,0.0,0.78,0.0,0.0,0.246
9606.ENSP00000356379,9606.ENSP00000412292,ASPM,DEPDC1,9606,0.861,0.0,0.0,0.0,0.805,0.0,0.0,0.318
9606.ENSP00000356379,9606.ENSP00000442068,ASPM,CDCA3,9606,0.864,0.0,0.0,0.0,0.773,0.0,0.0,0.425
9606.ENSP00000356379,9606.ENSP00000377536,ASPM,PTTG1,9606,0.866,0.0,0.0,0.0,0.698,0.0,0.0,0.574
9606.ENSP00000356379,9606.ENSP00000377793,ASPM,PRC1,9606,0.921,0.0,0.0,0.0,0.838,0.0,0.0,0.532
9606.ENSP00000356379,9606.ENSP00000376457,ASPM,ECT2,9606,0.924,0.0,0.0,0.0,0.826,0.292,0.0,0.433
9606.ENSP00000356379,9606.ENSP00000377492,ASPM,HMMR,9606,0.928,0.0,0.0,0.0,0.809,0.043,0.0,0.64
9606.ENSP00000356379,9606.ENSP00000414109,ASPM,HJURP,9606,0.931,0.0,0.0,0.0,0.855,0.0,0.0,0.545
9606.ENSP00000356379,9606.ENSP00000361298,ASPM,KIF2C,9606,0.936,0.0,0.0,0.0,0.851,0.0,0.0,0.589
9606.ENSP00000356379,9606.ENSP00000499238,ASPM,NUSAP1,9606,0.94,0.0,0.0,0.0,0.852,0.0,0.0,0.611
9606.ENSP00000356379,9606.ENSP00000378699,ASPM,CDK1,9606,0.942,0.0,0.0,0.0,0.827,0.0,0.0,0.682
9606.ENSP00000356379,9606.ENSP00000481380,ASPM,CCNA2,9606,0.944,0.0,0.0,0.0,0.865,0.0,0.0,0.603
9606.ENSP00000356379,9606.ENSP00000360540,ASPM,CEP55,9606,0.95,0.0,0.0,0.0,0.842,0.0,0.0,0.7
9606.ENSP00000356379,9606.ENSP00000428489,ASPM,PBK,9606,0.951,0.0,0.0,0.0,0.841,0.046,0.0,0.703
9606.ENSP00000356379,9606.ENSP00000363524,ASPM,KIF4A,9606,0.952,0.0,0.0,0.0,0.9,0.0,0.0,0.536
9606.ENSP00000356379,9606.ENSP00000358813,ASPM,TTK,9606,0.957,0.0,0.0,0.0,0.912,0.0,0.0,0.53
9606.ENSP00000356379,9606.ENSP00000357643,ASPM,MKI67,9606,0.962,0.0,0.0,0.0,0.895,0.099,0.0,0.635
9606.ENSP00000356379,9606.ENSP00000361540,ASPM,CDC20,9606,0.972,0.0,0.0,0.0,0.9,0.111,0.0,0.715
9606.ENSP00000356379,9606.ENSP00000360944,ASPM,STIL,9606,0.972,0.0,0.0,0.0,0.477,0.164,0.0,0.942
9606.ENSP00000356379,9606.ENSP00000378356,ASPM,KIF20A,9606,0.975,0.0,0.0,0.0,0.9,0.048,0.0,0.765
9606.ENSP00000356379,9606.ENSP00000411532,ASPM,TOP2A,9606,0.996,0.0,0.0,0.0,0.983,0.0,0.0,0.804
9606.ENSP00000357643,9606.ENSP00000412292,MKI67,DEPDC1,9606,0.705,0.0,0.0,0.0,0.666,0.0,0.0,0.155
9606.ENSP00000357643,9606.ENSP00000479617,MKI67,UHRF1,9606,0.724,0.0,0.0,0.0,0.565,0.292,0.0,0.175
9606.ENSP00000357643,9606.ENSP00000442068,MKI67,CDCA3,9606,0.755,0.0,0.0,0.0,0.652,0.0,0.0,0.325
9606.ENSP00000357643,9606.ENSP00000428489,MKI67,PBK,9606,0.762,0.0,0.0,0.0,0.664,0.0,0.0,0.321
9606.ENSP00000357643,9606.ENSP00000465992,MKI67,KIF18B,9606,0.791,0.0,0.0,0.0,0.675,0.292,0.0,0.166
9606.ENSP00000357643,9606.ENSP00000415430,MKI67,GTSE1,9606,0.834,0.0,0.0,0.0,0.766,0.0,0.0,0.32
9606.ENSP00000357643,9606.ENSP00000358813,MKI67,TTK,9606,0.865,0.0,0.0,0.0,0.795,0.0,0.0,0.368
9606.ENSP00000357643,9606.ENSP00000363524,MKI67,KIF4A,9606,0.871,0.0,0.0,0.0,0.82,0.0,0.0,0.31
9606.ENSP00000357643,9606.ENSP00000377793,MKI67,PRC1,9606,0.873,0.0,0.0,0.0,0.807,0.292,0.0,0.147
9606.ENSP00000357643,9606.ENSP00000361298,MKI67,KIF2C,9606,0.892,0.0,0.0,0.0,0.834,0.0,0.0,0.377
9606.ENSP00000357643,9606.ENSP00000363055,MKI67,ZWINT,9606,0.894,0.0,0.0,0.0,0.742,0.0,0.0,0.609
9606.ENSP00000357643,9606.ENSP00000377492,MKI67,HMMR,9606,0.896,0.0,0.0,0.0,0.772,0.0,0.0,0.566
9606.ENSP00000357643,9606.ENSP00000360540,MKI67,CEP55,9606,0.904,0.0,0.0,0.0,0.825,0.0,0.0,0.473
9606.ENSP00000357643,9606.ENSP00000378356,MKI67,KIF20A,9606,0.925,0.0,0.0,0.0,0.847,0.295,0.0,0.359
9606.ENSP00000357643,9606.ENSP00000481380,MKI67,CCNA2,9606,0.93,0.0,0.0,0.0,0.829,0.0,0.0,0.606
9606.ENSP00000357643,9606.ENSP00000361540,MKI67,CDC20,9606,0.934,0.0,0.0,0.0,0.815,0.292,0.0,0.54
9606.ENSP00000357643,9606.ENSP00000378699,MKI67,CDK1,9606,0.939,0.0,0.0,0.0,0.811,0.338,0.0,0.551
9606.ENSP00000357643,9606.ENSP00000499238,MKI67,NUSAP1,9606,0.943,0.0,0.0,0.0,0.837,0.0,0.0,0.665
9606.ENSP00000357643,9606.ENSP00000414109,MKI67,HJURP,9606,0.946,0.0,0.0,0.313,0.839,0.0,0.0,0.556
9606.ENSP00000357643,9606.ENSP00000411532,MKI67,TOP2A,9606,0.993,0.0,0.0,0.0,0.957,0.0,0.0,0.845
9606.ENSP00000358813,9606.ENSP00000377007,TTK,CENPN,9606,0.7,0.0,0.0,0.0,0.59,0.0,0.0,0.298
9606.ENSP00000358813,9606.ENSP00000363055,TTK,ZWINT,9606,0.766,0.0,0.0,0.0,0.644,0.0,0.0,0.371
9606.ENSP00000358813,9606.ENSP00000377536,TTK,PTTG1,9606,0.835,0.0,0.0,0.0,0.655,0.0,0.0,0.542
9606.ENSP00000358813,9606.ENSP00000442068,TTK,CDCA3,9606,0.858,0.0,0.0,0.0,0.813,0.0,0.0,0.271
9606.ENSP00000358813,9606.ENSP00000376457,TTK,ECT2,9606,0.864,0.0,0.0,0.0,0.768,0.0,0.0,0.439
9606.ENSP00000358813,9606.ENSP00000377793,TTK,PRC1,9606,0.87,0.0,0.0,0.0,0.77,0.0,0.0,0.457
9606.ENSP00000358813,9606.ENSP00000377492,TTK,HMMR,9606,0.881,0.0,0.0,0.0,0.798,0.099,0.0,0.401
9606.ENSP00000358813,9606.ENSP00000378699,TTK,CDK1,9606,0.905,0.0,0.0,0.0,0.862,0.099,0.0,0.301
9606.ENSP00000358813,9606.ENSP00000363524,TTK,KIF4A,9606,0.921,0.0,0.0,0.0,0.856,0.0,0.0,0.475
9606.ENSP00000358813,9606.ENSP00000378356,TTK,KIF20A,9606,0.923,0.0,0.0,0.0,0.846,0.0,0.0,0.521
9606.ENSP00000358813,9606.ENSP00000499238,TTK,NUSAP1,9606,0.926,0.0,0.0,0.0,0.856,0.0,0.0,0.507
9606.ENSP00000358813,9606.ENSP00000414109,TTK,HJURP,9606,0.929,0.0,0.0,0.0,0.801,0.0,0.0,0.66
9606.ENSP00000358813,9606.ENSP00000412292,TTK,DEPDC1,9606,0.931,0.0,0.0,0.0,0.806,0.0,0.0,0.66
9606.ENSP00000358813,9606.ENSP00000481380,TTK,CCNA2,9606,0.939,0.0,0.0,0.0,0.886,0.0,0.0,0.492
9606.ENSP00000358813,9606.ENSP00000360540,TTK,CEP55,9606,0.945,0.0,0.0,0.0,0.846,0.0,0.0,0.66
9606.ENSP00000358813,9606.ENSP00000361298,TTK,KIF2C,9606,0.955,0.0,0.0,0.0,0.904,0.0,0.0,0.559
9606.ENSP00000358813,9606.ENSP00000411532,TTK,TOP2A,9606,0.958,0.0,0.0,0.0,0.858,0.0,0.0,0.719
9606.ENSP00000358813,9606.ENSP00000428489,TTK,PBK,9606,0.969,0.0,0.0,0.0,0.903,0.0,0.0,0.7
9606.ENSP00000358813,9606.ENSP00000361540,TTK,CDC20,9606,0.99,0.0,0.0,0.0,0.905,0.327,0.0,0.869
9606.ENSP00000360540,9606.ENSP00000479617,CEP55,UHRF1,9606,0.76,0.0,0.0,0.0,0.557,0.0,0.0,0.48
9606.ENSP00000360540,9606.ENSP00000494957,CEP55,UBE2T,9606,0.768,0.0,0.0,0.0,0.465,0.0,0.0,0.585
9606.ENSP00000360540,9606.ENSP00000465992,CEP55,KIF18B,9606,0.768,0.0,0.0,0.0,0.463,0.0,0.0,0.586
9606.ENSP00000360540,9606.ENSP00000468425,CEP55,TK1,9606,0.802,0.0,0.0,0.0,0.498,0.0,0.0,0.622
9606.ENSP00000360540,9606.ENSP00000363055,CEP55,ZWINT,9606,0.867,0.0,0.0,0.0,0.781,0.0,0.0,0.418
9606.ENSP00000360540,9606.ENSP00000391090,CEP55,CHEK1,9606,0.871,0.0,0.0,0.0,0.752,0.0,0.0,0.501
9606.ENSP00000360540,9606.ENSP00000442068,CEP55,CDCA3,9606,0.876,0.0,0.0,0.0,0.711,0.0,0.0,0.588
9606.ENSP00000360540,9606.ENSP00000412292,CEP55,DEPDC1,9606,0.877,0.0,0.0,0.0,0.799,0.0,0.0,0.417
9606.ENSP00000360540,9606.ENSP00000377536,CEP55,PTTG1,9606,0.892,0.0,0.0,0.0,0.653,0.0,0.0,0.702
9606.ENSP00000360540,9606.ENSP00000377793,CEP55,PRC1,9606,0.904,0.0,0.0,0.0,0.824,0.0,0.0,0.476
9606.ENSP00000360540,9606.ENSP00000376457,CEP55,ECT2,9606,0.913,0.0,0.0,0.0,0.654,0.292,0.0,0.673
9606.ENSP00000360540,9606.ENSP00000414109,CEP55,HJURP,9606,0.921,0.0,0.0,0.0,0.798,0.0,0.0,0.623
9606.ENSP00000360540,9606.ENSP00000481380,CEP55,CCNA2,9606,0.923,0.0,0.0,0.0,0.822,0.0,0.0,0.586
9606.ENSP00000360540,9606.ENSP00000377492,CEP55,HMMR,9606,0.926,0.0,0.0,0.0,0.873,0.0,0.0,0.443
9606.ENSP00000360540,9606.ENSP00000411532,CEP55,TOP2A,9606,0.928,0.0,0.0,0.0,0.829,0.0,0.0,0.596
9606.ENSP00000360540,9606.ENSP00000499238,CEP55,NUSAP1,9606,0.93,0.0,0.0,0.0,0.839,0.0,0.0,0.584
9606.ENSP00000360540,9606.ENSP00000361298,CEP55,KIF2C,9606,0.948,0.0,0.0,0.0,0.834,0.0,0.0,0.703
9606.ENSP00000360540,9606.ENSP00000361540,CEP55,CDC20,9606,0.95,0.0,0.0,0.0,0.825,0.0,0.0,0.728
9606.ENSP00000360540,9606.ENSP00000363524,CEP55,KIF4A,9606,0.951,0.0,0.0,0.0,0.814,0.0,0.0,0.748
9606.ENSP00000360540,9606.ENSP00000378699,CEP55,CDK1,9606,0.957,0.0,0.0,0.0,0.829,0.0,0.0,0.759
9606.ENSP00000360540,9606.ENSP00000428489,CEP55,PBK,9606,0.957,0.0,0.0,0.0,0.842,0.0,0.0,0.74
9606.ENSP00000360540,9606.ENSP00000378356,CEP55,KIF20A,9606,0.962,0.0,0.0,0.0,0.833,0.053,0.0,0.782
9606.ENSP00000360944,9606.ENSP00000378699,STIL,CDK1,9606,0.756,0.0,0.0,0.0,0.469,0.0,0.0,0.558
9606.ENSP00000361298,9606.ENSP00000376457,KIF2C,ECT2,9606,0.717,0.0,0.0,0.0,0.562,0.0,0.0,0.379
9606.ENSP00000361298,9606.ENSP00000377007,KIF2C,CENPN,9606,0.727,0.0,0.0,0.0,0.552,0.0,0.0,0.417
9606.ENSP00000361298,9606.ENSP00000391090,KIF2C,CHEK1,9606,0.738,0.0,0.0,0.0,0.5,0.0,0.0,0.498
9606.ENSP00000361298,9606.ENSP00000415430,KIF2C,GTSE1,9606,0.754,0.0,0.0,0.0,0.584,0.0,0.0,0.434
9606.ENSP00000361298,9606.ENSP00000363055,KIF2C,ZWINT,9606,0.827,0.0,0.0,0.0,0.502,0.0,0.0,0.668
9606.ENSP00000361298,9606.ENSP00000412292,KIF2C,DEPDC1,9606,0.83,0.0,0.0,0.0,0.757,0.0,0.0,0.33
9606.ENSP00000361298,9606.ENSP00000377492,KIF2C,HMMR,9606,0.868,0.0,0.0,0.0,0.788,0.0,0.0,0.402
9606.ENSP00000361298,9606.ENSP00000377536,KIF2C,PTTG1,9606,0.875,0.0,0.0,0.0,0.754,0.0,0.0,0.512
9606.ENSP00000361298,9606.ENSP00000428489,KIF2C,PBK,9606,0.909,0.0,0.0,0.0,0.854,0.0,0.0,0.404
9606.ENSP00000361298,9606.ENSP00000442068,KIF2C,CDCA3,9606,0.93,0.0,0.0,0.0,0.852,0.0,0.0,0.546
9606.ENSP00000361298,9606.ENSP00000411532,KIF2C,TOP2A,9606,0.937,0.0,0.0,0.0,0.842,0.0,0.0,0.618
9606.ENSP00000361298,9606.ENSP00000414109,KIF2C,HJURP,9606,0.938,0.0,0.0,0.0,0.83,0.0,0.0,0.653
9606.ENSP00000361298,9606.ENSP00000499238,KIF2C,NUSAP1,9606,0.943,0.0,0.0,0.0,0.835,0.0,0.0,0.669
9606.ENSP00000361298,9606.ENSP00000377793,KIF2C,PRC1,9606,0.944,0.0,0.0,0.0,0.848,0.0,0.0,0.647
9606.ENSP00000361298,9606.ENSP00000363524,KIF2C,KIF4A,9606,0.947,0.0,0.0,0.0,0.845,0.0,0.4,0.476
9606.ENSP00000361298,9606.ENSP00000481380,KIF2C,CCNA2,9606,0.949,0.0,0.0,0.0,0.857,0.0,0.0,0.661
9606.ENSP00000361298,9606.ENSP00000378699,KIF2C,CDK1,9606,0.972,0.0,0.003,0.0,0.846,0.0,0.4,0.726
9606.ENSP00000361298,9606.ENSP00000378356,KIF2C,KIF20A,9606,0.973,0.0,0.0,0.0,0.88,0.0,0.54,0.548
9606.ENSP00000361298,9606.ENSP00000465992,KIF2C,KIF18B,9606,0.983,0.0,0.0,0.0,0.694,0.331,0.54,0.844
9606.ENSP00000361298,9606.ENSP00000361540,KIF2C,CDC20,9606,0.995,0.0,0.0,0.0,0.908,0.0,0.8,0.787
9606.ENSP00000361405,9606.ENSP00000361850,MMP9,PLAU,9606,0.871,0.0,0.0,0.0,0.151,0.0,0.0,0.855
9606.ENSP00000361405,9606.ENSP00000378517,MMP9,SPP1,9606,0.947,0.0,0.0,0.0,0.138,0.0,0.0,0.941
9606.ENSP00000361405,9606.ENSP00000362108,MMP9,LCN2,9606,0.998,0.0,0.0,0.0,0.131,0.422,0.4,0.995
9606.ENSP00000361540,9606.ENSP00000415430,CDC20,GTSE1,9606,0.711,0.042,0.0,0.0,0.537,0.0,0.0,0.4
9606.ENSP00000361540,9606.ENSP00000376457,CDC20,ECT2,9606,0.726,0.0,0.0,0.0,0.562,0.0,0.0,0.4
9606.ENSP00000361540,9606.ENSP00000412292,CDC20,DEPDC1,9606,0.761,0.044,0.0,0.0,0.551,0.0,0.0,0.488
9606.ENSP00000361540,9606.ENSP00000391090,CDC20,CHEK1,9606,0.771,0.0,0.0,0.0,0.473,0.098,0.0,0.557
9606.ENSP00000361540,9606.ENSP00000379911,CDC20,CENPK,9606,0.78,0.0,0.0,0.0,0.368,0.0,0.5,0.361
9606.ENSP00000361540,9606.ENSP00000465992,CDC20,KIF18B,9606,0.792,0.0,0.0,0.0,0.679,0.049,0.0,0.374
9606.ENSP00000361540,9606.ENSP00000377007,CDC20,CENPN,9606,0.837,0.0,0.0,0.0,0.56,0.0,0.5,0.318
9606.ENSP00000361540,9606.ENSP00000384863,CDC20,XPO1,9606,0.842,0.0,0.0,0.0,0.074,0.103,0.8,0.163
9606.ENSP00000361540,9606.ENSP00000377492,CDC20,HMMR,9606,0.882,0.0,0.0,0.0,0.794,0.099,0.0,0.416
9606.ENSP00000361540,9606.ENSP00000468425,CDC20,TK1,9606,0.883,0.0,0.0,0.0,0.549,0.292,0.0,0.664
9606.ENSP00000361540,9606.ENSP00000414109,CDC20,HJURP,9606,0.925,0.0,0.0,0.0,0.881,0.0,0.0,0.396
9606.ENSP00000361540,9606.ENSP00000363524,CDC20,KIF4A,9606,0.941,0.0,0.0,0.0,0.843,0.0,0.0,0.639
9606.ENSP00000361540,9606.ENSP00000499238,CDC20,NUSAP1,9606,0.946,0.0,0.0,0.0,0.862,0.0,0.0,0.629
9606.ENSP00000361540,9606.ENSP00000377793,CDC20,PRC1,9606,0.947,0.0,0.0,0.0,0.905,0.0,0.0,0.471
9606.ENSP00000361540,9606.ENSP00000428489,CDC20,PBK,9606,0.959,0.0,0.0,0.0,0.882,0.067,0.0,0.661
9606.ENSP00000361540,9606.ENSP00000363055,CDC20,ZWINT,9606,0.968,0.0,0.0,0.0,0.574,0.292,0.8,0.543
9606.ENSP00000361540,9606.ENSP00000411532,CDC20,TOP2A,9606,0.98,0.0,0.0,0.0,0.908,0.0,0.0,0.797
9606.ENSP00000361540,9606.ENSP00000442068,CDC20,CDCA3,9606,0.981,0.0,0.0,0.0,0.95,0.0,0.0,0.643
9606.ENSP00000361540,9606.ENSP00000378356,CDC20,KIF20A,9606,0.981,0.0,0.0,0.0,0.92,0.0,0.0,0.781
9606.ENSP00000361540,9606.ENSP00000377536,CDC20,PTTG1,9606,0.999,0.0,0.0,0.0,0.889,0.923,0.65,0.969
9606.ENSP00000361540,9606.ENSP00000481380,CDC20,CCNA2,9606,0.999,0.0,0.0,0.0,0.897,0.999,0.5,0.97
9606.ENSP00000361540,9606.ENSP00000378699,CDC20,CDK1,9606,0.999,0.0,0.0,0.0,0.903,0.769,0.5,0.984
9606.ENSP00000362108,9606.ENSP00000378517,LCN2,SPP1,9606,0.743,0.0,0.0,0.0,0.069,0.0,0.0,0.736
9606.ENSP00000362820,9606.ENSP00000378165,SRSF3,ZNF207,9606,0.741,0.0,0.0,0.0,0.729,0.0,0.0,0.084
9606.ENSP00000363055,9606.ENSP00000479617,ZWINT,UHRF1,9606,0.702,0.0,0.0,0.0,0.637,0.0,0.0,0.213
9606.ENSP00000363055,9606.ENSP00000391090,ZWINT,CHEK1,9606,0.722,0.0,0.0,0.0,0.437,0.0,0.0,0.527
9606.ENSP00000363055,9606.ENSP00000377536,ZWINT,PTTG1,9606,0.725,0.0,0.0,0.0,0.537,0.0,0.0,0.431
9606.ENSP00000363055,9606.ENSP00000494957,ZWINT,UBE2T,9606,0.73,0.0,0.0,0.0,0.63,0.0,0.0,0.3
9606.ENSP00000363055,9606.ENSP00000414109,ZWINT,HJURP,9606,0.773,0.0,0.0,0.0,0.474,0.0,0.0,0.586
9606.ENSP00000363055,9606.ENSP00000428489,ZWINT,PBK,9606,0.821,0.0,0.0,0.0,0.729,0.0,0.0,0.365
9606.ENSP00000363055,9606.ENSP00000377793,ZWINT,PRC1,9606,0.825,0.0,0.0,0.0,0.775,0.0,0.0,0.257
9606.ENSP00000363055,9606.ENSP00000363524,ZWINT,KIF4A,9606,0.848,0.0,0.0,0.0,0.745,0.0,0.0,0.43
9606.ENSP00000363055,9606.ENSP00000411532,ZWINT,TOP2A,9606,0.875,0.0,0.0,0.0,0.653,0.0,0.0,0.655
9606.ENSP00000363055,9606.ENSP00000378356,ZWINT,KIF20A,9606,0.887,0.0,0.0,0.0,0.652,0.0,0.0,0.689
9606.ENSP00000363055,9606.ENSP00000377492,ZWINT,HMMR,9606,0.891,0.0,0.0,0.0,0.772,0.0,0.0,0.543
9606.ENSP00000363055,9606.ENSP00000468425,ZWINT,TK1,9606,0.898,0.0,0.0,0.0,0.776,0.0,0.0,0.567
9606.ENSP00000363055,9606.ENSP00000481380,ZWINT,CCNA2,9606,0.901,0.0,0.0,0.0,0.774,0.0,0.0,0.58
9606.ENSP00000363055,9606.ENSP00000499238,ZWINT,NUSAP1,9606,0.902,0.0,0.0,0.0,0.778,0.0,0.0,0.58
9606.ENSP00000363055,9606.ENSP00000378699,ZWINT,CDK1,9606,0.95,0.0,0.0,0.0,0.79,0.0,0.4,0.638
9606.ENSP00000363149,9606.ENSP00000391490,SPDEF,AGR2,9606,0.784,0.0,0.0,0.0,0.382,0.0,0.0,0.664
9606.ENSP00000363524,9606.ENSP00000468425,KIF4A,TK1,9606,0.718,0.0,0.0,0.0,0.521,0.0,0.0,0.436
9606.ENSP00000363524,9606.ENSP00000377536,KIF4A,PTTG1,9606,0.786,0.0,0.0,0.0,0.535,0.0,0.0,0.559
9606.ENSP00000363524,9606.ENSP00000412292,KIF4A,DEPDC1,9606,0.797,0.0,0.0,0.0,0.702,0.0,0.0,0.348
9606.ENSP00000363524,9606.ENSP00000376457,KIF4A,ECT2,9606,0.82,0.0,0.0,0.0,0.632,0.0,0.0,0.53
9606.ENSP00000363524,9606.ENSP00000377492,KIF4A,HMMR,9606,0.877,0.0,0.0,0.0,0.797,0.091,0.0,0.388
9606.ENSP00000363524,9606.ENSP00000481380,KIF4A,CCNA2,9606,0.895,0.0,0.0,0.0,0.828,0.0,0.0,0.417
9606.ENSP00000363524,9606.ENSP00000465992,KIF4A,KIF18B,9606,0.901,0.0,0.0,0.0,0.693,0.0,0.4,0.506
9606.ENSP00000363524,9606.ENSP00000378699,KIF4A,CDK1,9606,0.911,0.0,0.0,0.0,0.82,0.0,0.0,0.527
9606.ENSP00000363524,9606.ENSP00000411532,KIF4A,TOP2A,9606,0.915,0.0,0.0,0.0,0.825,0.0,0.0,0.537
9606.ENSP00000363524,9606.ENSP00000414109,KIF4A,HJURP,9606,0.918,0.0,0.0,0.0,0.802,0.0,0.0,0.605
9606.ENSP00000363524,9606.ENSP00000499238,KIF4A,NUSAP1,9606,0.924,0.0,0.0,0.0,0.826,0.0,0.0,0.581
9606.ENSP00000363524,9606.ENSP00000442068,KIF4A,CDCA3,9606,0.927,0.0,0.0,0.0,0.818,0.0,0.0,0.617
9606.ENSP00000363524,9606.ENSP00000428489,KIF4A,PBK,9606,0.938,0.0,0.0,0.0,0.84,0.0,0.0,0.629
9606.ENSP00000363524,9606.ENSP00000378356,KIF4A,KIF20A,9606,0.992,0.0,0.0,0.0,0.922,0.067,0.4,0.854
9606.ENSP00000363524,9606.ENSP00000377793,KIF4A,PRC1,9606,0.995,0.0,0.0,0.0,0.885,0.642,0.0,0.907
9606.ENSP00000364855,9606.ENSP00000414109,MSH5,HJURP,9606,0.932,0.0,0.0,0.0,0.081,0.0,0.0,0.93
9606.ENSP00000364986,9606.ENSP00000411613,AGMAT,AOC1,9606,0.943,0.0,0.0,0.0,0.047,0.0,0.9,0.452
9606.ENSP00000368727,9606.ENSP00000374265,XDH,GPX2,9606,0.886,0.0,0.0,0.0,0.074,0.0,0.0,0.882
9606.ENSP00000374265,9606.ENSP00000379512,GPX2,MGST1,9606,0.784,0.0,0.0,0.0,0.093,0.0,0.65,0.375
9606.ENSP00000376352,9606.ENSP00000416293,PDK1,SLC2A1,9606,0.744,0.0,0.0,0.0,0.08,0.0,0.0,0.733
9606.ENSP00000376457,9606.ENSP00000481380,ECT2,CCNA2,9606,0.748,0.0,0.0,0.0,0.639,0.0,0.0,0.33
9606.ENSP00000376457,9606.ENSP00000499238,ECT2,NUSAP1,9606,0.784,0.0,0.0,0.0,0.631,0.0,0.0,0.437
9606.ENSP00000376457,9606.ENSP00000377492,ECT2,HMMR,9606,0.789,0.0,0.0,0.0,0.501,0.045,0.0,0.593
9606.ENSP00000376457,9606.ENSP00000411532,ECT2,TOP2A,9606,0.845,0.0,0.0,0.0,0.645,0.292,0.0,0.436
9606.ENSP00000376457,9606.ENSP00000377793,ECT2,PRC1,9606,0.85,0.0,0.0,0.0,0.717,0.0,0.0,0.491
9606.ENSP00000376457,9606.ENSP00000428489,ECT2,PBK,9606,0.895,0.0,0.0,0.0,0.781,0.069,0.0,0.527
9606.ENSP00000376457,9606.ENSP00000378356,ECT2,KIF20A,9606,0.922,0.0,0.0,0.0,0.752,0.071,0.0,0.69
9606.ENSP00000376457,9606.ENSP00000378699,ECT2,CDK1,9606,0.963,0.0,0.0,0.0,0.774,0.071,0.0,0.838
9606.ENSP00000377007,9606.ENSP00000391090,CENPN,CHEK1,9606,0.705,0.0,0.0,0.0,0.572,0.0,0.0,0.34
9606.ENSP00000377007,9606.ENSP00000412292,CENPN,DEPDC1,9606,0.73,0.0,0.0,0.0,0.385,0.0,0.0,0.579
9606.ENSP00000377007,9606.ENSP00000499238,CENPN,NUSAP1,9606,0.736,0.0,0.0,0.0,0.589,0.0,0.0,0.384
9606.ENSP00000377007,9606.ENSP00000428489,CENPN,PBK,9606,0.756,0.0,0.0,0.0,0.719,0.0,0.0,0.165
9606.ENSP00000377007,9606.ENSP00000481380,CENPN,CCNA2,9606,0.77,0.0,0.0,0.0,0.564,0.0,0.0,0.494
9606.ENSP00000377007,9606.ENSP00000378699,CENPN,CDK1,9606,0.831,0.0,0.0,0.0,0.629,0.0,0.4,0.304
9606.ENSP00000377007,9606.ENSP00000414109,CENPN,HJURP,9606,0.886,0.0,0.0,0.0,0.393,0.0,0.5,0.656
9606.ENSP00000377007,9606.ENSP00000379911,CENPN,CENPK,9606,0.999,0.0,0.0,0.0,0.322,0.906,0.8,0.988
9606.ENSP00000377492,9606.ENSP00000377793,HMMR,PRC1,9606,0.833,0.0,0.0,0.0,0.802,0.046,0.0,0.186
9606.ENSP00000377492,9606.ENSP00000377536,HMMR,PTTG1,9606,0.861,0.0,0.0,0.0,0.781,0.0,0.0,0.391
9606.ENSP00000377492,9606.ENSP00000442068,HMMR,CDCA3,9606,0.861,0.0,0.0,0.0,0.789,0.0,0.0,0.371
9606.ENSP00000377492,9606.ENSP00000414109,HMMR,HJURP,9606,0.878,0.0,0.0,0.0,0.78,0.0,0.0,0.471
9606.ENSP00000377492,9606.ENSP00000428489,HMMR,PBK,9606,0.893,0.0,0.0,0.0,0.804,0.095,0.0,0.448
9606.ENSP00000377492,9606.ENSP00000499238,HMMR,NUSAP1,9606,0.896,0.0,0.0,0.0,0.797,0.0,0.0,0.511
9606.ENSP00000377492,9606.ENSP00000411532,HMMR,TOP2A,9606,0.902,0.0,0.0,0.0,0.798,0.046,0.0,0.534
9606.ENSP00000377492,9606.ENSP00000412292,HMMR,DEPDC1,9606,0.907,0.0,0.0,0.0,0.781,0.049,0.0,0.592
9606.ENSP00000377492,9606.ENSP00000378356,HMMR,KIF20A,9606,0.909,0.0,0.0,0.0,0.819,0.045,0.0,0.519
9606.ENSP00000377492,9606.ENSP00000481380,HMMR,CCNA2,9606,0.921,0.0,0.0,0.0,0.802,0.0,0.0,0.619
9606.ENSP00000377492,9606.ENSP00000378699,HMMR,CDK1,9606,0.931,0.0,0.0,0.0,0.829,0.094,0.0,0.59
9606.ENSP00000377536,9606.ENSP00000414109,PTTG1,HJURP,9606,0.708,0.0,0.0,0.0,0.606,0.0,0.0,0.29
9606.ENSP00000377536,9606.ENSP00000468425,PTTG1,TK1,9606,0.788,0.0,0.0,0.0,0.449,0.0,0.0,0.632
9606.ENSP00000377536,9606.ENSP00000442068,PTTG1,CDCA3,9606,0.838,0.0,0.0,0.0,0.732,0.0,0.0,0.419
9606.ENSP00000377536,9606.ENSP00000377793,PTTG1,PRC1,9606,0.846,0.0,0.0,0.0,0.792,0.0,0.0,0.287
9606.ENSP00000377536,9606.ENSP00000494957,PTTG1,UBE2T,9606,0.854,0.0,0.0,0.0,0.786,0.0,0.0,0.348
9606.ENSP00000377536,9606.ENSP00000428489,PTTG1,PBK,9606,0.861,0.0,0.0,0.0,0.759,0.0,0.0,0.445
9606.ENSP00000377536,9606.ENSP00000378356,PTTG1,KIF20A,9606,0.9,0.0,0.0,0.0,0.805,0.0,0.0,0.509
9606.ENSP00000377536,9606.ENSP00000499238,PTTG1,NUSAP1,9606,0.906,0.0,0.0,0.0,0.813,0.0,0.0,0.521
9606.ENSP00000377536,9606.ENSP00000481380,PTTG1,CCNA2,9606,0.934,0.0,0.0,0.0,0.808,0.0,0.0,0.672
9606.ENSP00000377536,9606.ENSP00000411532,PTTG1,TOP2A,9606,0.942,0.0,0.0,0.0,0.836,0.0,0.0,0.664
9606.ENSP00000377536,9606.ENSP00000378699,PTTG1,CDK1,9606,0.985,0.0,0.0,0.0,0.856,0.0,0.0,0.902
9606.ENSP00000377601,9606.ENSP00000411532,HELLS,TOP2A,9606,0.739,0.0,0.0,0.0,0.578,0.13,0.0,0.347
9606.ENSP00000377601,9606.ENSP00000479617,HELLS,UHRF1,9606,0.756,0.0,0.0,0.0,0.376,0.294,0.0,0.491
9606.ENSP00000377793,9606.ENSP00000442068,PRC1,CDCA3,9606,0.735,0.0,0.0,0.0,0.704,0.0,0.0,0.142
9606.ENSP00000377793,9606.ENSP00000414109,PRC1,HJURP,9606,0.797,0.0,0.0,0.0,0.79,0.0,0.0,0.072
9606.ENSP00000377793,9606.ENSP00000428489,PRC1,PBK,9606,0.899,0.0,0.0,0.0,0.853,0.0,0.0,0.337
9606.ENSP00000377793,9606.ENSP00000481380,PRC1,CCNA2,9606,0.91,0.0,0.0,0.0,0.844,0.292,0.0,0.249
9606.ENSP00000377793,9606.ENSP00000411532,PRC1,TOP2A,9606,0.932,0.0,0.0,0.0,0.841,0.319,0.0,0.424
9606.ENSP00000377793,9606.ENSP00000499238,PRC1,NUSAP1,9606,0.936,0.0,0.0,0.0,0.867,0.0,0.0,0.538
9606.ENSP00000377793,9606.ENSP00000378699,PRC1,CDK1,9606,0.937,0.0,0.0,0.0,0.835,0.36,0.0,0.454
9606.ENSP00000377793,9606.ENSP00000378356,PRC1,KIF20A,9606,0.937,0.0,0.0,0.0,0.827,0.325,0.0,0.508
9606.ENSP00000378356,9606.ENSP00000415430,KIF20A,GTSE1,9606,0.753,0.0,0.0,0.0,0.637,0.0,0.0,0.348
9606.ENSP00000378356,9606.ENSP00000479617,KIF20A,UHRF1,9606,0.764,0.0,0.0,0.0,0.557,0.051,0.0,0.484
9606.ENSP00000378356,9606.ENSP00000468425,KIF20A,TK1,9606,0.791,0.0,0.0,0.0,0.481,0.0,0.0,0.614
9606.ENSP00000378356,9606.ENSP00000465992,KIF20A,KIF18B,9606,0.888,0.0,0.0,0.0,0.587,0.0,0.54,0.458
9606.ENSP00000378356,9606.ENSP00000412292,KIF20A,DEPDC1,9606,0.9,0.0,0.0,0.0,0.798,0.0,0.0,0.526
9606.ENSP00000378356,9606.ENSP00000442068,KIF20A,CDCA3,9606,0.93,0.0,0.0,0.0,0.86,0.0,0.0,0.522
9606.ENSP00000378356,9606.ENSP00000414109,KIF20A,HJURP,9606,0.935,0.0,0.0,0.0,0.858,0.0,0.0,0.561
9606.ENSP00000378356,9606.ENSP00000428489,KIF20A,PBK,9606,0.955,0.0,0.0,0.0,0.843,0.049,0.0,0.725
9606.ENSP00000378356,9606.ENSP00000499238,KIF20A,NUSAP1,9606,0.956,0.0,0.0,0.0,0.839,0.292,0.0,0.645
9606.ENSP00000378356,9606.ENSP00000378699,KIF20A,CDK1,9606,0.958,0.0,0.0,0.0,0.849,0.0,0.0,0.737
9606.ENSP00000378356,9606.ENSP00000481380,KIF20A,CCNA2,9606,0.974,0.0,0.0,0.0,0.92,0.0,0.0,0.689
9606.ENSP00000378356,9606.ENSP00000411532,KIF20A,TOP2A,9606,0.974,0.0,0.0,0.0,0.866,0.292,0.0,0.75
9606.ENSP00000378699,9606.ENSP00000379911,CDK1,CENPK,9606,0.789,0.0,0.0,0.0,0.565,0.0,0.4,0.256
9606.ENSP00000378699,9606.ENSP00000415430,CDK1,GTSE1,9606,0.796,0.0,0.0,0.0,0.496,0.0,0.4,0.38
9606.ENSP00000378699,9606.ENSP00000468425,CDK1,TK1,9606,0.84,0.0,0.0,0.0,0.576,0.0,0.0,0.638
9606.ENSP00000378699,9606.ENSP00000494957,CDK1,UBE2T,9606,0.844,0.0,0.0,0.0,0.783,0.091,0.0,0.275
9606.ENSP00000378699,9606.ENSP00000412292,CDK1,DEPDC1,9606,0.849,0.0,0.0,0.0,0.79,0.051,0.0,0.305
9606.ENSP00000378699,9606.ENSP00000384863,CDK1,XPO1,9606,0.869,0.0,0.0,0.0,0.137,0.052,0.75,0.436
9606.ENSP00000378699,9606.ENSP00000414109,CDK1,HJURP,9606,0.91,0.0,0.0,0.0,0.795,0.292,0.0,0.428
9606.ENSP00000378699,9606.ENSP00000391090,CDK1,CHEK1,9606,0.911,0.0,0.0,0.0,0.786,0.361,0.0,0.403
9606.ENSP00000378699,9606.ENSP00000429089,CDK1,CCNE2,9606,0.933,0.0,0.0,0.0,0.356,0.722,0.0,0.657
9606.ENSP00000378699,9606.ENSP00000499238,CDK1,NUSAP1,9606,0.946,0.0,0.0,0.0,0.856,0.0,0.0,0.641
9606.ENSP00000378699,9606.ENSP00000442068,CDK1,CDCA3,9606,0.973,0.0,0.0,0.0,0.885,0.0,0.0,0.778
9606.ENSP00000378699,9606.ENSP00000428489,CDK1,PBK,9606,0.988,0.0,0.0,0.0,0.905,0.334,0.0,0.831
9606.ENSP00000378699,9606.ENSP00000411532,CDK1,TOP2A,9606,0.997,0.0,0.0,0.0,0.96,0.053,0.0,0.943
9606.ENSP00000378699,9606.ENSP00000481380,CDK1,CCNA2,9606,0.999,0.0,0.007,0.0,0.993,0.939,0.9,0.998
9606.ENSP00000379911,9606.ENSP00000428489,CENPK,PBK,9606,0.816,0.0,0.0,0.0,0.757,0.099,0.0,0.226
9606.ENSP00000379911,9606.ENSP00000414109,CENPK,HJURP,9606,0.864,0.0,0.0,0.0,0.288,0.0,0.5,0.649
9606.ENSP00000389356,9606.ENSP00000463842,RPL39L,RPL17,9606,0.926,0.0,0.0,0.0,0.674,0.749,0.0,0.17
9606.ENSP00000389356,9606.ENSP00000418082,RPL39L,RPL37A,9606,0.976,0.0,0.0,0.0,0.832,0.841,0.0,0.187
9606.ENSP00000389356,9606.ENSP00000414321,RPL39L,RPS24,9606,0.982,0.0,0.0,0.0,0.832,0.842,0.0,0.392
9606.ENSP00000391090,9606.ENSP00000494957,CHEK1,UBE2T,9606,0.712,0.0,0.0,0.0,0.378,0.314,0.0,0.38
9606.ENSP00000391090,9606.ENSP00000428489,CHEK1,PBK,9606,0.735,0.0,0.0,0.0,0.641,0.067,0.0,0.273
9606.ENSP00000391090,9606.ENSP00000429089,CHEK1,CCNE2,9606,0.747,0.0,0.0,0.0,0.249,0.0,0.0,0.677
9606.ENSP00000391090,9606.ENSP00000411532,CHEK1,TOP2A,9606,0.889,0.0,0.0,0.0,0.52,0.194,0.0,0.736
9606.ENSP00000391090,9606.ENSP00000481380,CHEK1,CCNA2,9606,0.939,0.0,0.0,0.0,0.79,0.0,0.0,0.721
9606.ENSP00000391490,9606.ENSP00000436812,AGR2,MUC5B,9606,0.726,0.0,0.0,0.0,0.241,0.42,0.0,0.428
9606.ENSP00000411532,9606.ENSP00000415430,TOP2A,GTSE1,9606,0.714,0.042,0.0,0.0,0.541,0.0,0.0,0.402
9606.ENSP00000411532,9606.ENSP00000412292,TOP2A,DEPDC1,9606,0.733,0.0,0.0,0.0,0.608,0.0,0.0,0.348
9606.ENSP00000411532,9606.ENSP00000468425,TOP2A,TK1,9606,0.806,0.0,0.0,0.0,0.478,0.0,0.0,0.645
9606.ENSP00000411532,9606.ENSP00000479617,TOP2A,UHRF1,9606,0.855,0.0,0.0,0.0,0.509,0.301,0.0,0.613
9606.ENSP00000411532,9606.ENSP00000442068,TOP2A,CDCA3,9606,0.876,0.0,0.0,0.0,0.728,0.0,0.0,0.564
9606.ENSP00000411532,9606.ENSP00000414109,TOP2A,HJURP,9606,0.911,0.0,0.0,0.0,0.854,0.0,0.0,0.417
9606.ENSP00000411532,9606.ENSP00000428489,TOP2A,PBK,9606,0.958,0.0,0.0,0.0,0.839,0.0,0.0,0.753
9606.ENSP00000411532,9606.ENSP00000481380,TOP2A,CCNA2,9606,0.982,0.0,0.0,0.0,0.869,0.0,0.0,0.868
9606.ENSP00000411532,9606.ENSP00000499238,TOP2A,NUSAP1,9606,0.999,0.0,0.0,0.0,0.999,0.0,0.0,0.795
9606.ENSP00000411613,9606.ENSP00000472474,AOC1,IL4I1,9606,0.905,0.0,0.0,0.0,0.062,0.0,0.9,0.073
9606.ENSP00000412292,9606.ENSP00000499238,DEPDC1,NUSAP1,9606,0.711,0.0,0.0,0.0,0.587,0.0,0.0,0.33
9606.ENSP00000412292,9606.ENSP00000414109,DEPDC1,HJURP,9606,0.832,0.0,0.0,0.0,0.779,0.0,0.0,0.27
9606.ENSP00000412292,9606.ENSP00000428489,DEPDC1,PBK,9606,0.849,0.0,0.0,0.0,0.785,0.0,0.0,0.328
9606.ENSP00000412292,9606.ENSP00000481380,DEPDC1,CCNA2,9606,0.894,0.0,0.0,0.0,0.797,0.0,0.0,0.502
9606.ENSP00000414109,9606.ENSP00000468425,HJURP,TK1,9606,0.723,0.0,0.0,0.0,0.402,0.0,0.0,0.557
9606.ENSP00000414109,9606.ENSP00000442068,HJURP,CDCA3,9606,0.837,0.0,0.0,0.0,0.807,0.0,0.0,0.191
9606.ENSP00000414109,9606.ENSP00000465992,HJURP,KIF18B,9606,0.864,0.0,0.0,0.0,0.668,0.0,0.0,0.607
9606.ENSP00000414109,9606.ENSP00000481380,HJURP,CCNA2,9606,0.877,0.0,0.0,0.0,0.821,0.0,0.0,0.341
9606.ENSP00000414109,9606.ENSP00000415430,HJURP,GTSE1,9606,0.889,0.0,0.0,0.0,0.785,0.0,0.0,0.505
9606.ENSP00000414109,9606.ENSP00000428489,HJURP,PBK,9606,0.896,0.0,0.0,0.0,0.791,0.0,0.0,0.523
9606.ENSP00000414109,9606.ENSP00000499238,HJURP,NUSAP1,9606,0.926,0.0,0.0,0.0,0.801,0.0,0.0,0.642
9606.ENSP00000414321,9606.ENSP00000448035,RPS24,NACA,9606,0.876,0.0,0.0,0.0,0.868,0.071,0.0,0.068
9606.ENSP00000414321,9606.ENSP00000418082,RPS24,RPL37A,9606,0.999,0.0,0.0,0.0,0.986,0.993,0.0,0.56
9606.ENSP00000414321,9606.ENSP00000463842,RPS24,RPL17,9606,0.999,0.0,0.0,0.0,0.963,0.973,0.0,0.242
9606.ENSP00000414350,9606.ENSP00000436812,MUC20,MUC5B,9606,0.917,0.0,0.0,0.0,0.042,0.091,0.5,0.833
9606.ENSP00000414350,9606.ENSP00000417498,MUC20,MUC4,9606,0.974,0.0,0.0,0.0,0.103,0.0,0.5,0.948
9606.ENSP00000415430,9606.ENSP00000442068,GTSE1,CDCA3,9606,0.816,0.0,0.0,0.0,0.773,0.0,0.0,0.224
9606.ENSP00000415430,9606.ENSP00000481380,GTSE1,CCNA2,9606,0.826,0.0,0.0,0.0,0.755,0.0,0.0,0.321
9606.ENSP00000417498,9606.ENSP00000436812,MUC4,MUC5B,9606,0.783,0.0,0.0,0.0,0.257,0.091,0.5,0.433
9606.ENSP00000418082,9606.ENSP00000448035,RPL37A,NACA,9606,0.92,0.0,0.0,0.0,0.577,0.82,0.0,0.0
9606.ENSP00000418082,9606.ENSP00000463842,RPL37A,RPL17,9606,0.998,0.0,0.0,0.0,0.896,0.974,0.0,0.372
9606.ENSP00000428489,9606.ENSP00000479617,PBK,UHRF1,9606,0.758,0.0,0.0,0.0,0.526,0.045,0.0,0.508
9606.ENSP00000428489,9606.ENSP00000494957,PBK,UBE2T,9606,0.805,0.0,0.0,0.0,0.644,0.088,0.0,0.449
9606.ENSP00000428489,9606.ENSP00000481380,PBK,CCNA2,9606,0.943,0.0,0.0,0.0,0.868,0.046,0.0,0.585
9606.ENSP00000428489,9606.ENSP00000442068,PBK,CDCA3,9606,0.946,0.0,0.0,0.0,0.911,0.0,0.0,0.419
9606.ENSP00000428489,9606.ENSP00000499238,PBK,NUSAP1,9606,0.954,0.0,0.0,0.0,0.892,0.0,0.0,0.591
9606.ENSP00000429089,9606.ENSP00000481380,CCNE2,CCNA2,9606,0.866,0.0,0.0,0.0,0.378,0.176,0.4,0.617
9606.ENSP00000442068,9606.ENSP00000465992,CDCA3,KIF18B,9606,0.764,0.0,0.0,0.0,0.602,0.0,0.0,0.432
9606.ENSP00000442068,9606.ENSP00000499238,CDCA3,NUSAP1,9606,0.905,0.0,0.0,0.0,0.759,0.0,0.0,0.622
9606.ENSP00000442068,9606.ENSP00000481380,CDCA3,CCNA2,9606,0.94,0.0,0.0,0.0,0.898,0.0,0.0,0.435
9606.ENSP00000444788,9606.ENSP00000472474,TDO2,IL4I1,9606,0.935,0.0,0.0,0.0,0.06,0.0,0.9,0.37
9606.ENSP00000448035,9606.ENSP00000463842,NACA,RPL17,9606,0.982,0.0,0.0,0.0,0.882,0.836,0.0,0.138
9606.ENSP00000468425,9606.ENSP00000494957,TK1,UBE2T,9606,0.705,0.0,0.0,0.0,0.478,0.0,0.0,0.459
9606.ENSP00000468425,9606.ENSP00000499238,TK1,NUSAP1,9606,0.747,0.0,0.0,0.0,0.519,0.0,0.0,0.495
9606.ENSP00000468425,9606.ENSP00000481380,TK1,CCNA2,9606,0.78,0.0,0.0,0.0,0.482,0.0,0.0,0.593
9606.ENSP00000473093,9606.ENSP00000480637,MAGEA3,MAGEA6,9606,0.999,0.0,0.0,0.047,0.999,0.424,0.0,0.053
9606.ENSP00000479617,9606.ENSP00000494957,UHRF1,UBE2T,9606,0.709,0.0,0.0,0.0,0.37,0.0,0.0,0.557
9606.ENSP00000479617,9606.ENSP00000481380,UHRF1,CCNA2,9606,0.742,0.0,0.0,0.0,0.626,0.0,0.0,0.338
9606.ENSP00000481380,9606.ENSP00000499238,CCNA2,NUSAP1,9606,0.922,0.0,0.0,0.0,0.856,0.0,0.0,0.48
9606.ENSP00000482841,9606.ENSP00000498228,CRABP2,PLAAT1,9606,0.717,0.0,0.0,0.0,0.0,0.0,0.0,0.717
9606.ENSP00000495061,9606.ENSP00000501092,PITX2,TFAP2A,9606,0.701,0.0,0.0,0.0,0.072,0.067,0.5,0.391
9606.ENSP00000053243,9606.ENSP00000226279,TNFRSF17,CD38,9606,0.773,0.0,0.0,0.0,0.428,0.0,0.0,0.62
9606.ENSP00000053243,9606.ENSP00000221972,TNFRSF17,CD79A,9606,0.793,0.0,0.0,0.0,0.429,0.0,0.0,0.654
9606.ENSP00000070846,9606.ENSP00000331678,PKP2,PKP3,9606,0.796,0.0,0.0,0.0,0.108,0.0,0.5,0.579
9606.ENSP00000070846,9606.ENSP00000377508,PKP2,JUP,9606,0.991,0.0,0.0,0.0,0.088,0.334,0.5,0.976
9606.ENSP00000201031,9606.ENSP00000356233,TFAP2C,KDM5B,9606,0.914,0.0,0.0,0.0,0.066,0.292,0.5,0.771
9606.ENSP00000209728,9606.ENSP00000276533,CDC6,GINS4,9606,0.785,0.0,0.0,0.0,0.271,0.0,0.0,0.717
9606.ENSP00000209728,9606.ENSP00000261819,CDC6,ANAPC5,9606,0.817,0.0,0.0,0.0,0.048,0.0,0.4,0.706
9606.ENSP00000209728,9606.ENSP00000362146,CDC6,CDCA8,9606,0.819,0.0,0.0,0.0,0.56,0.0,0.0,0.607
9606.ENSP00000209728,9606.ENSP00000493712,CDC6,RAD51,9606,0.823,0.0,0.0,0.0,0.655,0.0,0.0,0.508
9606.ENSP00000209728,9606.ENSP00000376272,CDC6,RFC4,9606,0.839,0.0,0.0,0.0,0.494,0.13,0.0,0.664
9606.ENSP00000209728,9606.ENSP00000484105,CDC6,PRIM2,9606,0.841,0.0,0.0,0.0,0.406,0.071,0.5,0.492
9606.ENSP00000209728,9606.ENSP00000305480,CDC6,FEN1,9606,0.844,0.0,0.0,0.0,0.6,0.0,0.0,0.626
9606.ENSP00000209728,9606.ENSP00000383611,CDC6,CCNL2,9606,0.856,0.0,0.0,0.0,0.0,0.0,0.0,0.856
9606.ENSP00000209728,9606.ENSP00000230056,CDC6,GMNN,9606,0.905,0.0,0.0,0.0,0.382,0.0,0.5,0.717
9606.ENSP00000209728,9606.ENSP00000353793,CDC6,WDHD1,9606,0.916,0.0,0.0,0.0,0.714,0.077,0.0,0.708
9606.ENSP00000209728,9606.ENSP00000216367,CDC6,POLE2,9606,0.943,0.0,0.0,0.0,0.758,0.0,0.5,0.571
9606.ENSP00000209728,9606.ENSP00000265728,CDC6,DBF4,9606,0.956,0.0,0.0,0.0,0.219,0.0,0.5,0.898
9606.ENSP00000209728,9606.ENSP00000355958,CDC6,DTL,9606,0.963,0.0,0.0,0.0,0.903,0.0,0.0,0.64
9606.ENSP00000209728,9606.ENSP00000355506,CDC6,EXO1,9606,0.966,0.0,0.0,0.0,0.929,0.0,0.0,0.538
9606.ENSP00000209728,9606.ENSP00000418268,CDC6,MCM10,9606,0.998,0.0,0.0,0.0,0.911,0.689,0.5,0.921
9606.ENSP00000209728,9606.ENSP00000262105,CDC6,MCM4,9606,0.999,0.0,0.0,0.0,0.803,0.964,0.5,0.954
9606.ENSP00000209728,9606.ENSP00000265056,CDC6,MCM2,9606,0.999,0.0,0.0,0.0,0.785,0.99,0.5,0.844
9606.ENSP00000209728,9606.ENSP00000301019,CDC6,CDT1,9606,0.999,0.0,0.0,0.0,0.88,0.993,0.8,0.998
9606.ENSP00000216367,9606.ENSP00000301019,POLE2,CDT1,9606,0.734,0.0,0.0,0.0,0.373,0.0,0.0,0.592
9606.ENSP00000216367,9606.ENSP00000355958,POLE2,DTL,9606,0.762,0.0,0.0,0.0,0.543,0.0,0.5,0.0
9606.ENSP00000216367,9606.ENSP00000493712,POLE2,RAD51,9606,0.788,0.0,0.0,0.0,0.382,0.0,0.4,0.475
9606.ENSP00000216367,9606.ENSP00000351185,POLE2,DNA2,9606,0.802,0.0,0.0,0.0,0.306,0.0,0.4,0.562
9606.ENSP00000216367,9606.ENSP00000355506,POLE2,EXO1,9606,0.866,0.0,0.0,0.0,0.578,0.0,0.4,0.512
9606.ENSP00000216367,9606.ENSP00000305480,POLE2,FEN1,9606,0.883,0.0,0.0,0.0,0.471,0.0,0.5,0.593
9606.ENSP00000216367,9606.ENSP00000376272,POLE2,RFC4,9606,0.935,0.0,0.0,0.0,0.579,0.0,0.5,0.716
9606.ENSP00000216367,9606.ENSP00000418268,POLE2,MCM10,9606,0.961,0.0,0.0,0.0,0.676,0.187,0.5,0.743
9606.ENSP00000216367,9606.ENSP00000450607,POLE2,TIMELESS,9606,0.966,0.0,0.0,0.0,0.442,0.909,0.0,0.384
9606.ENSP00000216367,9606.ENSP00000484105,POLE2,PRIM2,9606,0.986,0.0,0.0,0.0,0.588,0.166,0.9,0.649
9606.ENSP00000216367,9606.ENSP00000265056,POLE2,MCM2,9606,0.992,0.0,0.0,0.0,0.713,0.914,0.5,0.433
9606.ENSP00000216367,9606.ENSP00000276533,POLE2,GINS4,9606,0.993,0.0,0.0,0.0,0.265,0.981,0.0,0.524
9606.ENSP00000216367,9606.ENSP00000353793,POLE2,WDHD1,9606,0.995,0.0,0.0,0.0,0.759,0.964,0.0,0.505
9606.ENSP00000216367,9606.ENSP00000262105,POLE2,MCM4,9606,0.998,0.0,0.0,0.0,0.579,0.973,0.5,0.756
9606.ENSP00000217026,9606.ENSP00000362592,MYBL2,RBBP4,9606,0.997,0.0,0.0,0.0,0.118,0.84,0.9,0.865
9606.ENSP00000217402,9606.ENSP00000297265,CHMP4B,CHMP4C,9606,0.973,0.0,0.0,0.058,0.0,0.739,0.9,0.056
9606.ENSP00000221972,9606.ENSP00000226279,CD79A,CD38,9606,0.825,0.0,0.0,0.0,0.175,0.0,0.0,0.797
9606.ENSP00000221972,9606.ENSP00000350844,CD79A,PAX5,9606,0.946,0.0,0.0,0.0,0.444,0.0,0.0,0.907
9606.ENSP00000225916,9606.ENSP00000358155,KAT2A,H2AC18,9606,0.824,0.0,0.0,0.0,0.0,0.104,0.5,0.639
9606.ENSP00000225916,9606.ENSP00000244537,KAT2A,H4C6,9606,0.986,0.0,0.0,0.0,0.0,0.844,0.4,0.867
9606.ENSP00000226279,9606.ENSP00000478699,CD38,TNFRSF9,9606,0.705,0.0,0.0,0.0,0.102,0.0,0.0,0.685
9606.ENSP00000228606,9606.ENSP00000314441,CYP27B1,METTL1,9606,0.782,0.0,0.333,0.0,0.097,0.0,0.0,0.667
9606.ENSP00000230056,9606.ENSP00000265056,GMNN,MCM2,9606,0.739,0.0,0.0,0.0,0.368,0.0,0.5,0.241
9606.ENSP00000230056,9606.ENSP00000311083,GMNN,CKS1B,9606,0.766,0.0,0.0,0.0,0.436,0.541,0.0,0.168
9606.ENSP00000230056,9606.ENSP00000418268,GMNN,MCM10,9606,0.768,0.0,0.0,0.0,0.376,0.0,0.5,0.316
9606.ENSP00000230056,9606.ENSP00000262105,GMNN,MCM4,9606,0.838,0.0,0.0,0.0,0.317,0.0,0.5,0.564
9606.ENSP00000230056,9606.ENSP00000301019,GMNN,CDT1,9606,0.999,0.0,0.0,0.0,0.408,0.997,0.9,0.981
9606.ENSP00000242261,9606.ENSP00000323588,TWIST1,SOX2,9606,0.882,0.0,0.0,0.0,0.074,0.295,0.4,0.734
9606.ENSP00000242261,9606.ENSP00000360493,TWIST1,RUNX2,9606,0.972,0.0,0.0,0.0,0.056,0.081,0.7,0.905
9606.ENSP00000244537,9606.ENSP00000494831,H4C6,SNRPN,9606,0.701,0.0,0.0,0.0,0.0,0.51,0.0,0.416
9606.ENSP00000244537,9606.ENSP00000493712,H4C6,RAD51,9606,0.716,0.0,0.0,0.0,0.059,0.0,0.5,0.446
9606.ENSP00000244537,9606.ENSP00000355656,H4C6,H2AW,9606,0.786,0.0,0.019,0.0,0.227,0.398,0.4,0.326
9606.ENSP00000244537,9606.ENSP00000497402,H4C6,RCC1,9606,0.804,0.0,0.0,0.0,0.24,0.706,0.0,0.194
9606.ENSP00000244537,9606.ENSP00000262105,H4C6,MCM4,9606,0.827,0.0,0.0,0.0,0.067,0.802,0.0,0.139
9606.ENSP00000244537,9606.ENSP00000387007,H4C6,NCAPG2,9606,0.832,0.0,0.0,0.0,0.044,0.0,0.5,0.678
9606.ENSP00000244537,9606.ENSP00000439800,H4C6,ZMYND8,9606,0.832,0.0,0.0,0.0,0.047,0.778,0.0,0.272
9606.ENSP00000244537,9606.ENSP00000323588,H4C6,SOX2,9606,0.855,0.0,0.0,0.0,0.045,0.8,0.0,0.304
9606.ENSP00000244537,9606.ENSP00000348527,H4C6,CENPL,9606,0.91,0.0,0.0,0.0,0.049,0.817,0.5,0.088
9606.ENSP00000244537,9606.ENSP00000357308,H4C6,CENPW,9606,0.913,0.0,0.0,0.0,0.091,0.8,0.5,0.158
9606.ENSP00000244537,9606.ENSP00000362018,H4C6,CENPI,9606,0.921,0.0,0.0,0.0,0.074,0.8,0.5,0.249
9606.ENSP00000244537,9606.ENSP00000336687,H4C6,CBX3,9606,0.929,0.0,0.0,0.0,0.049,0.781,0.5,0.396
9606.ENSP00000244537,9606.ENSP00000449396,H4C6,SMARCC2,9606,0.937,0.0,0.0,0.0,0.056,0.852,0.5,0.205
9606.ENSP00000244537,9606.ENSP00000415536,H4C6,POLR2H,9606,0.953,0.0,0.0,0.0,0.058,0.908,0.5,0.0
9606.ENSP00000244537,9606.ENSP00000264709,H4C6,DNMT3A,9606,0.974,0.0,0.0,0.0,0.072,0.0,0.9,0.745
9606.ENSP00000244537,9606.ENSP00000265056,H4C6,MCM2,9606,0.984,0.0,0.0,0.0,0.067,0.981,0.0,0.098
9606.ENSP00000244537,9606.ENSP00000479169,H4C6,H2BC9,9606,0.989,0.0,0.066,0.0,0.388,0.892,0.4,0.746
9606.ENSP00000244537,9606.ENSP00000362592,H4C6,RBBP4,9606,0.999,0.0,0.0,0.0,0.057,0.894,0.5,0.985
9606.ENSP00000244537,9606.ENSP00000358155,H4C6,H2AC18,9606,0.999,0.0,0.019,0.0,0.729,0.937,0.4,0.999
9606.ENSP00000254193,9606.ENSP00000418563,SNRPA1,U2SURP,9606,0.934,0.0,0.0,0.0,0.163,0.591,0.8,0.16
9606.ENSP00000254193,9606.ENSP00000494831,SNRPA1,SNRPN,9606,0.995,0.0,0.0,0.0,0.109,0.985,0.54,0.394
9606.ENSP00000257909,9606.ENSP00000324020,TROAP,KIF15,9606,0.7,0.0,0.0,0.0,0.651,0.0,0.0,0.174
9606.ENSP00000257909,9606.ENSP00000362146,TROAP,CDCA8,9606,0.794,0.0,0.0,0.0,0.755,0.0,0.0,0.194
9606.ENSP00000258739,9606.ENSP00000386918,KDELR2,KDELR3,9606,0.922,0.0,0.0,0.054,0.235,0.0,0.9,0.059
9606.ENSP00000260197,9606.ENSP00000371175,SORL1,GGA1,9606,0.986,0.0,0.0,0.0,0.043,0.956,0.0,0.698
9606.ENSP00000261015,9606.ENSP00000359345,WDR12,RPL5,9606,0.879,0.0,0.0,0.0,0.148,0.429,0.5,0.564
9606.ENSP00000261015,9606.ENSP00000297579,WDR12,DCAF13,9606,0.898,0.0,0.0,0.0,0.577,0.0,0.5,0.557
9606.ENSP00000261196,9606.ENSP00000304845,SLCO1B3,UGT1A1,9606,0.877,0.0,0.0,0.0,0.093,0.0,0.0,0.87
9606.ENSP00000261798,9606.ENSP00000349156,CSNK1A1,SIAH1,9606,0.8,0.0,0.0,0.0,0.086,0.0,0.72,0.281
9606.ENSP00000261798,9606.ENSP00000481465,CSNK1A1,FAM83D,9606,0.879,0.0,0.0,0.0,0.042,0.815,0.0,0.375
9606.ENSP00000261819,9606.ENSP00000493712,ANAPC5,RAD51,9606,0.724,0.0,0.0,0.0,0.055,0.0,0.72,0.0
9606.ENSP00000262027,9606.ENSP00000359345,MARS1,RPL5,9606,0.757,0.046,0.0,0.0,0.583,0.231,0.0,0.298
9606.ENSP00000262105,9606.ENSP00000355958,MCM4,DTL,9606,0.707,0.0,0.0,0.0,0.623,0.0,0.0,0.254
9606.ENSP00000262105,9606.ENSP00000387007,MCM4,NCAPG2,9606,0.799,0.0,0.0,0.0,0.614,0.0,0.0,0.5
9606.ENSP00000262105,9606.ENSP00000493712,MCM4,RAD51,9606,0.809,0.0,0.0,0.0,0.57,0.263,0.0,0.445
9606.ENSP00000262105,9606.ENSP00000482313,MCM4,RECQL4,9606,0.81,0.0,0.0,0.0,0.437,0.539,0.0,0.326
9606.ENSP00000262105,9606.ENSP00000355506,MCM4,EXO1,9606,0.896,0.0,0.0,0.0,0.759,0.088,0.0,0.566
9606.ENSP00000262105,9606.ENSP00000376272,MCM4,RFC4,9606,0.898,0.0,0.0,0.0,0.718,0.069,0.0,0.644
9606.ENSP00000262105,9606.ENSP00000305480,MCM4,FEN1,9606,0.941,0.0,0.0,0.0,0.847,0.07,0.0,0.623
9606.ENSP00000262105,9606.ENSP00000484105,MCM4,PRIM2,9606,0.944,0.0,0.0,0.0,0.735,0.095,0.5,0.593
9606.ENSP00000262105,9606.ENSP00000450607,MCM4,TIMELESS,9606,0.993,0.0,0.0,0.0,0.59,0.967,0.0,0.563
9606.ENSP00000262105,9606.ENSP00000276533,MCM4,GINS4,9606,0.999,0.0,0.0,0.0,0.524,0.992,0.54,0.831
9606.ENSP00000262105,9606.ENSP00000418268,MCM4,MCM10,9606,0.999,0.0,0.0,0.0,0.722,0.937,0.5,0.976
9606.ENSP00000262105,9606.ENSP00000265728,MCM4,DBF4,9606,0.999,0.0,0.0,0.0,0.195,0.935,0.9,0.967
9606.ENSP00000262105,9606.ENSP00000265056,MCM4,MCM2,9606,0.999,0.0,0.0,0.0,0.991,0.997,0.9,0.714
9606.ENSP00000262105,9606.ENSP00000301019,MCM4,CDT1,9606,0.999,0.0,0.0,0.0,0.918,0.974,0.5,0.93
9606.ENSP00000262105,9606.ENSP00000353793,MCM4,WDHD1,9606,0.999,0.0,0.0,0.0,0.883,0.988,0.0,0.716
9606.ENSP00000262305,9606.ENSP00000380690,RAB11FIP3,BICDL1,9606,0.732,0.0,0.0,0.0,0.047,0.0,0.0,0.73
9606.ENSP00000262305,9606.ENSP00000334100,RAB11FIP3,EXOC7,9606,0.89,0.0,0.0,0.0,0.053,0.0,0.5,0.788
9606.ENSP00000262394,9606.ENSP00000451419,WSB1,DIO2,9606,0.856,0.0,0.0,0.0,0.0,0.651,0.0,0.605
9606.ENSP00000263181,9606.ENSP00000350447,KIF18A,SGO2,9606,0.709,0.0,0.0,0.0,0.56,0.0,0.0,0.366
9606.ENSP00000263181,9606.ENSP00000440850,KIF18A,PARPBP,9606,0.713,0.0,0.0,0.0,0.621,0.0,0.0,0.274
9606.ENSP00000263181,9606.ENSP00000362146,KIF18A,CDCA8,9606,0.742,0.0,0.0,0.0,0.604,0.0,0.0,0.376
9606.ENSP00000263181,9606.ENSP00000305204,KIF18A,CKAP2L,9606,0.782,0.0,0.0,0.0,0.679,0.0,0.0,0.349
9606.ENSP00000263181,9606.ENSP00000362018,KIF18A,CENPI,9606,0.808,0.0,0.0,0.0,0.595,0.169,0.0,0.474
9606.ENSP00000263181,9606.ENSP00000324020,KIF18A,KIF15,9606,0.943,0.0,0.0,0.0,0.786,0.0,0.54,0.467
9606.ENSP00000263181,9606.ENSP00000265148,KIF18A,CENPE,9606,0.985,0.0,0.0,0.0,0.833,0.079,0.8,0.571
9606.ENSP00000263461,9606.ENSP00000367013,WDR11,TNFRSF25,9606,0.774,0.0,0.0,0.0,0.0,0.0,0.0,0.774
9606.ENSP00000264051,9606.ENSP00000328777,NGEF,EFNA5,9606,0.727,0.0,0.0,0.0,0.042,0.0,0.0,0.727
9606.ENSP00000264709,9606.ENSP00000358155,DNMT3A,H2AC18,9606,0.776,0.0,0.0,0.0,0.044,0.0,0.5,0.57
9606.ENSP00000265056,9606.ENSP00000493712,MCM2,RAD51,9606,0.734,0.0,0.0,0.0,0.557,0.088,0.0,0.393
9606.ENSP00000265056,9606.ENSP00000307143,MCM2,DONSON,9606,0.755,0.0,0.0,0.0,0.668,0.292,0.0,0.0
9606.ENSP00000265056,9606.ENSP00000355958,MCM2,DTL,9606,0.772,0.0,0.0,0.0,0.661,0.0,0.0,0.355
9606.ENSP00000265056,9606.ENSP00000355506,MCM2,EXO1,9606,0.786,0.0,0.0,0.0,0.74,0.055,0.0,0.197
9606.ENSP00000265056,9606.ENSP00000482313,MCM2,RECQL4,9606,0.838,0.0,0.0,0.0,0.582,0.51,0.0,0.275
9606.ENSP00000265056,9606.ENSP00000376272,MCM2,RFC4,9606,0.877,0.085,0.0,0.0,0.786,0.154,0.0,0.344
9606.ENSP00000265056,9606.ENSP00000305480,MCM2,FEN1,9606,0.912,0.0,0.0,0.0,0.861,0.055,0.0,0.383
9606.ENSP00000265056,9606.ENSP00000484105,MCM2,PRIM2,9606,0.951,0.0,0.0,0.0,0.852,0.0,0.5,0.392
9606.ENSP00000265056,9606.ENSP00000265728,MCM2,DBF4,9606,0.996,0.0,0.0,0.0,0.173,0.905,0.9,0.556
9606.ENSP00000265056,9606.ENSP00000418268,MCM2,MCM10,9606,0.997,0.0,0.0,0.0,0.609,0.978,0.5,0.523
9606.ENSP00000265056,9606.ENSP00000353793,MCM2,WDHD1,9606,0.998,0.0,0.0,0.0,0.867,0.976,0.0,0.464
9606.ENSP00000265056,9606.ENSP00000450607,MCM2,TIMELESS,9606,0.998,0.0,0.0,0.0,0.519,0.994,0.0,0.35
9606.ENSP00000265056,9606.ENSP00000301019,MCM2,CDT1,9606,0.999,0.0,0.0,0.0,0.911,0.919,0.5,0.819
9606.ENSP00000265056,9606.ENSP00000276533,MCM2,GINS4,9606,0.999,0.0,0.0,0.0,0.264,0.997,0.54,0.692
9606.ENSP00000265148,9606.ENSP00000355506,CENPE,EXO1,9606,0.781,0.0,0.0,0.0,0.574,0.0,0.0,0.508
9606.ENSP00000265148,9606.ENSP00000305204,CENPE,CKAP2L,9606,0.827,0.0,0.0,0.0,0.763,0.0,0.0,0.303
9606.ENSP00000265148,9606.ENSP00000350447,CENPE,SGO2,9606,0.832,0.0,0.0,0.0,0.67,0.0,0.0,0.512
9606.ENSP00000265148,9606.ENSP00000362018,CENPE,CENPI,9606,0.882,0.0,0.0,0.0,0.381,0.114,0.0,0.803
9606.ENSP00000265148,9606.ENSP00000324020,CENPE,KIF15,9606,0.932,0.0,0.0,0.0,0.855,0.0,0.4,0.288
9606.ENSP00000265148,9606.ENSP00000362146,CENPE,CDCA8,9606,0.956,0.0,0.0,0.0,0.834,0.0,0.0,0.747
9606.ENSP00000265728,9606.ENSP00000353793,DBF4,WDHD1,9606,0.754,0.0,0.0,0.0,0.27,0.071,0.0,0.666
9606.ENSP00000265728,9606.ENSP00000276533,DBF4,GINS4,9606,0.801,0.0,0.0,0.0,0.085,0.0,0.0,0.791
9606.ENSP00000265728,9606.ENSP00000418268,DBF4,MCM10,9606,0.948,0.0,0.0,0.0,0.18,0.23,0.5,0.856
9606.ENSP00000265728,9606.ENSP00000301019,DBF4,CDT1,9606,0.956,0.0,0.0,0.0,0.188,0.0,0.5,0.901
9606.ENSP00000267814,9606.ENSP00000346643,SORD,HKDC1,9606,0.924,0.0,0.0,0.0,0.111,0.0,0.9,0.216
9606.ENSP00000271715,9606.ENSP00000336687,POGZ,CBX3,9606,0.878,0.0,0.0,0.0,0.083,0.792,0.0,0.411
9606.ENSP00000274793,9606.ENSP00000356436,PLA2G7,PLA2G4A,9606,0.864,0.0,0.0,0.0,0.056,0.0,0.65,0.624
9606.ENSP00000275428,9606.ENSP00000497574,GGCT,GCLC,9606,0.922,0.0,0.0,0.0,0.048,0.0,0.9,0.248
9606.ENSP00000275428,9606.ENSP00000295304,GGCT,CHAC2,9606,0.942,0.0,0.0,0.0,0.072,0.0,0.9,0.433
9606.ENSP00000276533,9606.ENSP00000301019,GINS4,CDT1,9606,0.825,0.0,0.0,0.0,0.365,0.0,0.0,0.736
9606.ENSP00000276533,9606.ENSP00000482313,GINS4,RECQL4,9606,0.879,0.0,0.0,0.0,0.175,0.51,0.0,0.725
9606.ENSP00000276533,9606.ENSP00000418268,GINS4,MCM10,9606,0.955,0.0,0.0,0.0,0.444,0.487,0.0,0.856
9606.ENSP00000276533,9606.ENSP00000450607,GINS4,TIMELESS,9606,0.992,0.0,0.0,0.0,0.272,0.974,0.0,0.615
9606.ENSP00000276533,9606.ENSP00000353793,GINS4,WDHD1,9606,0.999,0.0,0.0,0.0,0.21,0.995,0.0,0.816
9606.ENSP00000277903,9606.ENSP00000498441,HABP2,FGA,9606,0.848,0.0,0.0,0.0,0.447,0.069,0.0,0.729
9606.ENSP00000282903,9606.ENSP00000364000,PLOD2,COL5A2,9606,0.737,0.0,0.0,0.0,0.207,0.071,0.5,0.37
9606.ENSP00000282903,9606.ENSP00000360882,PLOD2,COL5A1,9606,0.75,0.0,0.0,0.0,0.183,0.071,0.5,0.42
9606.ENSP00000282903,9606.ENSP00000297268,PLOD2,COL1A2,9606,0.817,0.0,0.0,0.0,0.118,0.071,0.5,0.607
9606.ENSP00000284073,9606.ENSP00000323588,MSI2,SOX2,9606,0.772,0.0,0.0,0.0,0.044,0.292,0.0,0.69
9606.ENSP00000286031,9606.ENSP00000440850,C1orf112,PARPBP,9606,0.708,0.0,0.0,0.0,0.396,0.0,0.0,0.535
9606.ENSP00000289316,9606.ENSP00000355656,H2BC5,H2AW,9606,0.713,0.0,0.018,0.0,0.296,0.178,0.4,0.27
9606.ENSP00000289316,9606.ENSP00000358155,H2BC5,H2AC18,9606,0.975,0.0,0.018,0.0,0.813,0.178,0.4,0.764
9606.ENSP00000289316,9606.ENSP00000479169,H2BC5,H2BC9,9606,0.977,0.0,0.0,0.048,0.766,0.85,0.4,0.046
9606.ENSP00000296861,9606.ENSP00000367013,TNFRSF21,TNFRSF25,9606,0.785,0.0,0.0,0.0,0.0,0.0,0.0,0.785
9606.ENSP00000297265,9606.ENSP00000362146,CHMP4C,CDCA8,9606,0.851,0.0,0.0,0.0,0.0,0.328,0.0,0.787
9606.ENSP00000297268,9606.ENSP00000341189,COL1A2,PTK2,9606,0.727,0.0,0.0,0.0,0.062,0.0,0.65,0.235
9606.ENSP00000297268,9606.ENSP00000369071,COL1A2,POSTN,9606,0.918,0.0,0.0,0.0,0.522,0.099,0.0,0.826
9606.ENSP00000297268,9606.ENSP00000360882,COL1A2,COL5A1,9606,0.989,0.0,0.0,0.091,0.66,0.259,0.72,0.864
9606.ENSP00000297268,9606.ENSP00000364000,COL1A2,COL5A2,9606,0.998,0.0,0.0,0.072,0.884,0.098,0.72,0.949
9606.ENSP00000297579,9606.ENSP00000357052,DCAF13,DCAF8,9606,0.904,0.0,0.0,0.0,0.055,0.0,0.9,0.067
9606.ENSP00000297579,9606.ENSP00000355958,DCAF13,DTL,9606,0.908,0.0,0.0,0.0,0.12,0.0,0.9,0.0
9606.ENSP00000299192,9606.ENSP00000359345,HEATR3,RPL5,9606,0.943,0.0,0.0,0.0,0.042,0.51,0.0,0.889
9606.ENSP00000301019,9606.ENSP00000376272,CDT1,RFC4,9606,0.706,0.0,0.0,0.0,0.369,0.092,0.0,0.527
9606.ENSP00000301019,9606.ENSP00000493712,CDT1,RAD51,9606,0.724,0.0,0.0,0.0,0.492,0.0,0.0,0.478
9606.ENSP00000301019,9606.ENSP00000450607,CDT1,TIMELESS,9606,0.753,0.0,0.0,0.0,0.447,0.071,0.0,0.558
9606.ENSP00000301019,9606.ENSP00000484105,CDT1,PRIM2,9606,0.779,0.0,0.0,0.0,0.582,0.071,0.0,0.477
9606.ENSP00000301019,9606.ENSP00000482313,CDT1,RECQL4,9606,0.792,0.0,0.0,0.0,0.605,0.0,0.0,0.494
9606.ENSP00000301019,9606.ENSP00000305480,CDT1,FEN1,9606,0.804,0.0,0.0,0.0,0.527,0.0,0.0,0.602
9606.ENSP00000301019,9606.ENSP00000362146,CDT1,CDCA8,9606,0.834,0.0,0.0,0.0,0.684,0.0,0.0,0.496
9606.ENSP00000301019,9606.ENSP00000355506,CDT1,EXO1,9606,0.87,0.0,0.0,0.0,0.768,0.0,0.0,0.465
9606.ENSP00000301019,9606.ENSP00000311083,CDT1,CKS1B,9606,0.873,0.0,0.0,0.0,0.272,0.785,0.0,0.258
9606.ENSP00000301019,9606.ENSP00000353793,CDT1,WDHD1,9606,0.874,0.0,0.0,0.0,0.552,0.0,0.0,0.732
9606.ENSP00000301019,9606.ENSP00000418268,CDT1,MCM10,9606,0.997,0.0,0.0,0.0,0.889,0.136,0.5,0.945
9606.ENSP00000301019,9606.ENSP00000355958,CDT1,DTL,9606,0.998,0.0,0.0,0.0,0.688,0.748,0.0,0.979
9606.ENSP00000301305,9606.ENSP00000355968,SLC39A4,SLC30A1,9606,0.731,0.054,0.0,0.0,0.057,0.092,0.0,0.708
9606.ENSP00000305480,9606.ENSP00000336606,FEN1,RAD54B,9606,0.719,0.0,0.0,0.0,0.159,0.236,0.0,0.597
9606.ENSP00000305480,9606.ENSP00000355958,FEN1,DTL,9606,0.731,0.0,0.0,0.0,0.562,0.0,0.0,0.411
9606.ENSP00000305480,9606.ENSP00000450607,FEN1,TIMELESS,9606,0.767,0.0,0.0,0.0,0.377,0.128,0.0,0.606
9606.ENSP00000305480,9606.ENSP00000484105,FEN1,PRIM2,9606,0.775,0.042,0.0,0.0,0.391,0.0,0.4,0.434
9606.ENSP00000305480,9606.ENSP00000438483,FEN1,KPNA2,9606,0.858,0.0,0.0,0.0,0.307,0.602,0.0,0.526
9606.ENSP00000305480,9606.ENSP00000353793,FEN1,WDHD1,9606,0.889,0.0,0.0,0.0,0.477,0.174,0.0,0.764
9606.ENSP00000305480,9606.ENSP00000418268,FEN1,MCM10,9606,0.896,0.0,0.0,0.0,0.612,0.0,0.0,0.743
9606.ENSP00000305480,9606.ENSP00000355506,FEN1,EXO1,9606,0.901,0.0,0.0,0.0,0.498,0.59,0.0,0.559
9606.ENSP00000305480,9606.ENSP00000347232,FEN1,BLM,9606,0.921,0.05,0.0,0.0,0.345,0.728,0.0,0.592
9606.ENSP00000305480,9606.ENSP00000493712,FEN1,RAD51,9606,0.959,0.057,0.0,0.0,0.414,0.576,0.0,0.849
9606.ENSP00000305480,9606.ENSP00000376272,FEN1,RFC4,9606,0.96,0.0,0.0,0.0,0.61,0.129,0.5,0.796
9606.ENSP00000305480,9606.ENSP00000482313,FEN1,RECQL4,9606,0.981,0.05,0.0,0.0,0.249,0.469,0.0,0.955
9606.ENSP00000305480,9606.ENSP00000351185,FEN1,DNA2,9606,0.996,0.0,0.0,0.0,0.224,0.838,0.0,0.974
9606.ENSP00000307143,9606.ENSP00000484105,DONSON,PRIM2,9606,0.97,0.0,0.0,0.0,0.632,0.0,0.9,0.261
9606.ENSP00000314500,9606.ENSP00000485028,GALNT14,MUC13,9606,0.912,0.0,0.0,0.0,0.0,0.292,0.4,0.811
9606.ENSP00000324020,9606.ENSP00000355506,KIF15,EXO1,9606,0.73,0.0,0.0,0.0,0.677,0.0,0.0,0.199
9606.ENSP00000324020,9606.ENSP00000355958,KIF15,DTL,9606,0.807,0.0,0.0,0.0,0.79,0.0,0.0,0.121
9606.ENSP00000324020,9606.ENSP00000418268,KIF15,MCM10,9606,0.816,0.0,0.0,0.0,0.783,0.0,0.0,0.186
9606.ENSP00000324020,9606.ENSP00000362146,KIF15,CDCA8,9606,0.902,0.0,0.0,0.0,0.811,0.0,0.0,0.505
9606.ENSP00000326119,9606.ENSP00000376943,PMAIP1,BCL2L11,9606,0.996,0.0,0.0,0.0,0.054,0.405,0.9,0.948
9606.ENSP00000326381,9606.ENSP00000359345,EIF4A2,RPL5,9606,0.749,0.0,0.0,0.0,0.642,0.094,0.0,0.289
9606.ENSP00000326381,9606.ENSP00000332604,EIF4A2,EIF3C,9606,0.928,0.0,0.0,0.0,0.295,0.617,0.0,0.756
9606.ENSP00000331678,9606.ENSP00000340989,PKP3,SFN,9606,0.773,0.0,0.0,0.0,0.45,0.063,0.0,0.596
9606.ENSP00000331678,9606.ENSP00000377508,PKP3,JUP,9606,0.851,0.0,0.0,0.0,0.178,0.275,0.5,0.558
9606.ENSP00000336606,9606.ENSP00000482313,RAD54B,RECQL4,9606,0.701,0.048,0.0,0.0,0.19,0.401,0.0,0.428
9606.ENSP00000336606,9606.ENSP00000351185,RAD54B,DNA2,9606,0.727,0.0,0.0,0.0,0.412,0.088,0.0,0.531
9606.ENSP00000336606,9606.ENSP00000355506,RAD54B,EXO1,9606,0.74,0.0,0.0,0.0,0.285,0.098,0.0,0.629
9606.ENSP00000336606,9606.ENSP00000493712,RAD54B,RAD51,9606,0.997,0.042,0.0,0.0,0.288,0.858,0.0,0.979
9606.ENSP00000336687,9606.ENSP00000356233,CBX3,KDM5B,9606,0.726,0.0,0.0,0.0,0.0,0.054,0.0,0.722
9606.ENSP00000336687,9606.ENSP00000358155,CBX3,H2AC18,9606,0.727,0.0,0.0,0.0,0.049,0.076,0.5,0.452
9606.ENSP00000336687,9606.ENSP00000362592,CBX3,RBBP4,9606,0.819,0.0,0.0,0.0,0.221,0.312,0.5,0.405
9606.ENSP00000336687,9606.ENSP00000346997,CBX3,SUV39H2,9606,0.827,0.0,0.0,0.0,0.099,0.694,0.0,0.424
9606.ENSP00000336712,9606.ENSP00000438483,TNPO1,KPNA2,9606,0.779,0.0,0.0,0.0,0.064,0.229,0.0,0.719
9606.ENSP00000340989,9606.ENSP00000372221,SFN,SERPINB5,9606,0.814,0.0,0.0,0.0,0.347,0.235,0.0,0.657
9606.ENSP00000341292,9606.ENSP00000348278,WNK1,STK39,9606,0.793,0.0,0.0,0.0,0.075,0.292,0.0,0.71
9606.ENSP00000342793,9606.ENSP00000356436,PLD1,PLA2G4A,9606,0.743,0.0,0.0,0.0,0.103,0.0,0.65,0.247
9606.ENSP00000346635,9606.ENSP00000499129,ERO1B,PDIA4,9606,0.984,0.0,0.0,0.0,0.105,0.584,0.9,0.64
9606.ENSP00000346643,9606.ENSP00000349860,HKDC1,GFPT1,9606,0.925,0.0,0.0,0.0,0.074,0.0,0.9,0.26
9606.ENSP00000346643,9606.ENSP00000370517,HKDC1,PFKP,9606,0.954,0.0,0.0,0.0,0.142,0.0,0.9,0.506
9606.ENSP00000347232,9606.ENSP00000450607,BLM,TIMELESS,9606,0.771,0.0,0.0,0.0,0.385,0.442,0.0,0.388
9606.ENSP00000347232,9606.ENSP00000376272,BLM,RFC4,9606,0.871,0.0,0.0,0.0,0.37,0.159,0.5,0.572
9606.ENSP00000347232,9606.ENSP00000351185,BLM,DNA2,9606,0.987,0.0,0.0,0.0,0.372,0.576,0.5,0.919
9606.ENSP00000347232,9606.ENSP00000493712,BLM,RAD51,9606,0.998,0.042,0.0,0.0,0.437,0.97,0.5,0.891
9606.ENSP00000347232,9606.ENSP00000355506,BLM,EXO1,9606,0.998,0.05,0.0,0.0,0.572,0.907,0.7,0.915
9606.ENSP00000348527,9606.ENSP00000357308,CENPL,CENPW,9606,0.991,0.0,0.0,0.0,0.126,0.8,0.8,0.787
9606.ENSP00000348527,9606.ENSP00000362018,CENPL,CENPI,9606,0.999,0.0,0.0,0.0,0.166,0.936,0.8,0.979
9606.ENSP00000349860,9606.ENSP00000362824,GFPT1,OGT,9606,0.712,0.069,0.0,0.0,0.048,0.0,0.0,0.701
9606.ENSP00000350447,9606.ENSP00000362146,SGO2,CDCA8,9606,0.96,0.0,0.0,0.0,0.336,0.295,0.0,0.922
9606.ENSP00000350844,9606.ENSP00000371219,PAX5,RHOH,9606,0.87,0.0,0.0,0.0,0.188,0.0,0.0,0.846
9606.ENSP00000351185,9606.ENSP00000450607,DNA2,TIMELESS,9606,0.758,0.0,0.0,0.0,0.219,0.073,0.0,0.693
9606.ENSP00000351185,9606.ENSP00000484105,DNA2,PRIM2,9606,0.837,0.0,0.0,0.0,0.32,0.0,0.5,0.559
9606.ENSP00000351185,9606.ENSP00000376272,DNA2,RFC4,9606,0.843,0.0,0.0,0.0,0.169,0.0,0.5,0.652
9606.ENSP00000351185,9606.ENSP00000418268,DNA2,MCM10,9606,0.859,0.0,0.0,0.0,0.436,0.0,0.0,0.761
9606.ENSP00000351185,9606.ENSP00000482313,DNA2,RECQL4,9606,0.921,0.0,0.0,0.0,0.328,0.427,0.0,0.813
9606.ENSP00000351185,9606.ENSP00000493712,DNA2,RAD51,9606,0.979,0.0,0.0,0.333,0.209,0.224,0.5,0.916
9606.ENSP00000351185,9606.ENSP00000353793,DNA2,WDHD1,9606,0.997,0.0,0.0,0.0,0.624,0.954,0.0,0.884
9606.ENSP00000351185,9606.ENSP00000355506,DNA2,EXO1,9606,0.998,0.0,0.0,0.0,0.505,0.588,0.5,0.987
9606.ENSP00000352438,9606.ENSP00000362900,PCBP2,SRSF4,9606,0.774,0.0,0.0,0.0,0.221,0.331,0.4,0.364
9606.ENSP00000353793,9606.ENSP00000376272,WDHD1,RFC4,9606,0.738,0.0,0.0,0.0,0.516,0.107,0.0,0.443
9606.ENSP00000353793,9606.ENSP00000482313,WDHD1,RECQL4,9606,0.81,0.0,0.0,0.0,0.366,0.134,0.0,0.682
9606.ENSP00000353793,9606.ENSP00000493712,WDHD1,RAD51,9606,0.882,0.0,0.0,0.0,0.562,0.138,0.0,0.712
9606.ENSP00000353793,9606.ENSP00000355506,WDHD1,EXO1,9606,0.935,0.0,0.0,0.0,0.867,0.114,0.0,0.497
9606.ENSP00000353793,9606.ENSP00000484105,WDHD1,PRIM2,9606,0.935,0.0,0.0,0.0,0.855,0.122,0.0,0.531
9606.ENSP00000353793,9606.ENSP00000355958,WDHD1,DTL,9606,0.947,0.0,0.0,0.0,0.915,0.0,0.0,0.405
9606.ENSP00000353793,9606.ENSP00000418268,WDHD1,MCM10,9606,0.998,0.0,0.0,0.0,0.647,0.133,0.0,0.995
9606.ENSP00000353793,9606.ENSP00000450607,WDHD1,TIMELESS,9606,0.999,0.0,0.0,0.0,0.52,0.963,0.0,0.978
9606.ENSP00000355486,9606.ENSP00000363506,COX20,UQCC1,9606,0.701,0.0,0.0,0.0,0.054,0.616,0.0,0.244
9606.ENSP00000355486,9606.ENSP00000402661,COX20,TMEM177,9606,0.775,0.0,0.0,0.0,0.042,0.0,0.0,0.775
9606.ENSP00000355506,9606.ENSP00000450607,EXO1,TIMELESS,9606,0.74,0.0,0.0,0.0,0.497,0.098,0.0,0.474
9606.ENSP00000355506,9606.ENSP00000484105,EXO1,PRIM2,9606,0.777,0.042,0.0,0.0,0.663,0.0,0.0,0.365
9606.ENSP00000355506,9606.ENSP00000355958,EXO1,DTL,9606,0.901,0.0,0.0,0.0,0.872,0.0,0.0,0.258
9606.ENSP00000355506,9606.ENSP00000418268,EXO1,MCM10,9606,0.954,0.0,0.0,0.0,0.874,0.0,0.0,0.653
9606.ENSP00000355506,9606.ENSP00000376272,EXO1,RFC4,9606,0.955,0.0,0.0,0.0,0.466,0.129,0.5,0.83
9606.ENSP00000355506,9606.ENSP00000482313,EXO1,RECQL4,9606,0.981,0.05,0.0,0.0,0.666,0.763,0.0,0.782
9606.ENSP00000355506,9606.ENSP00000493712,EXO1,RAD51,9606,0.997,0.057,0.0,0.0,0.812,0.559,0.5,0.954
9606.ENSP00000355812,9606.ENSP00000479904,FGFR1OP,ZMYM2,9606,0.769,0.0,0.0,0.0,0.063,0.059,0.4,0.616
9606.ENSP00000355958,9606.ENSP00000493712,DTL,RAD51,9606,0.722,0.0,0.0,0.0,0.666,0.0,0.0,0.201
9606.ENSP00000355958,9606.ENSP00000376272,DTL,RFC4,9606,0.763,0.0,0.0,0.0,0.443,0.069,0.5,0.196
9606.ENSP00000355958,9606.ENSP00000484105,DTL,PRIM2,9606,0.809,0.0,0.0,0.0,0.714,0.0,0.0,0.359
9606.ENSP00000355958,9606.ENSP00000357052,DTL,DCAF8,9606,0.908,0.0,0.0,0.0,0.0,0.0,0.9,0.125
9606.ENSP00000355958,9606.ENSP00000418268,DTL,MCM10,9606,0.915,0.0,0.0,0.0,0.845,0.0,0.0,0.475
9606.ENSP00000355968,9606.ENSP00000363809,SLC30A1,SLC39A7,9606,0.807,0.054,0.0,0.0,0.091,0.092,0.0,0.782
9606.ENSP00000357308,9606.ENSP00000362018,CENPW,CENPI,9606,0.996,0.0,0.0,0.0,0.193,0.9,0.8,0.832
9606.ENSP00000358155,9606.ENSP00000362592,H2AC18,RBBP4,9606,0.893,0.0,0.0,0.0,0.061,0.395,0.5,0.668
9606.ENSP00000358155,9606.ENSP00000479169,H2AC18,H2BC9,9606,0.943,0.0,0.018,0.0,0.55,0.295,0.4,0.736
9606.ENSP00000358155,9606.ENSP00000497402,H2AC18,RCC1,9606,0.981,0.0,0.0,0.0,0.163,0.278,0.0,0.972
9606.ENSP00000359345,9606.ENSP00000454370,RPL5,SMKR1,9606,0.903,0.056,0.0,0.0,0.681,0.622,0.0,0.251
9606.ENSP00000360268,9606.ENSP00000377617,ALDH18A1,MTHFD2,9606,0.752,0.276,0.0,0.0,0.262,0.0,0.0,0.574
9606.ENSP00000360493,9606.ENSP00000441765,RUNX2,PTHLH,9606,0.713,0.0,0.0,0.0,0.0,0.0,0.0,0.713
9606.ENSP00000360493,9606.ENSP00000381775,RUNX2,TNFSF11,9606,0.876,0.0,0.0,0.0,0.053,0.0,0.0,0.874
9606.ENSP00000360882,9606.ENSP00000369071,COL5A1,POSTN,9606,0.78,0.0,0.0,0.0,0.355,0.076,0.0,0.661
9606.ENSP00000360882,9606.ENSP00000364000,COL5A1,COL5A2,9606,0.996,0.0,0.0,0.087,0.777,0.126,0.8,0.928
9606.ENSP00000362018,9606.ENSP00000440850,CENPI,PARPBP,9606,0.71,0.0,0.0,0.0,0.539,0.0,0.0,0.397
9606.ENSP00000362018,9606.ENSP00000362146,CENPI,CDCA8,9606,0.825,0.0,0.0,0.0,0.477,0.07,0.0,0.669
9606.ENSP00000362146,9606.ENSP00000387007,CDCA8,NCAPG2,9606,0.79,0.0,0.0,0.0,0.621,0.0,0.0,0.47
9606.ENSP00000362146,9606.ENSP00000493712,CDCA8,RAD51,9606,0.795,0.0,0.0,0.0,0.602,0.0,0.0,0.505
9606.ENSP00000362592,9606.ENSP00000394417,RBBP4,MORF4L2,9606,0.752,0.0,0.0,0.0,0.31,0.502,0.0,0.336
9606.ENSP00000362592,9606.ENSP00000483946,RBBP4,PHF19,9606,0.991,0.0,0.0,0.0,0.108,0.938,0.5,0.736
9606.ENSP00000362592,9606.ENSP00000385823,RBBP4,MTA3,9606,0.998,0.0,0.0,0.0,0.049,0.898,0.72,0.962
9606.ENSP00000362824,9606.ENSP00000394417,OGT,MORF4L2,9606,0.757,0.0,0.0,0.0,0.112,0.0,0.72,0.103
9606.ENSP00000362824,9606.ENSP00000387393,OGT,KANSL1,9606,0.917,0.0,0.0,0.0,0.067,0.163,0.8,0.532
9606.ENSP00000362900,9606.ENSP00000362931,SRSF4,SRPK1,9606,0.98,0.0,0.0,0.0,0.074,0.477,0.9,0.649
9606.ENSP00000364000,9606.ENSP00000369071,COL5A2,POSTN,9606,0.792,0.0,0.0,0.0,0.57,0.076,0.0,0.519
9606.ENSP00000368767,9606.ENSP00000385823,ASPH,MTA3,9606,0.807,0.0,0.0,0.0,0.044,0.0,0.0,0.806
9606.ENSP00000376272,9606.ENSP00000493712,RFC4,RAD51,9606,0.888,0.0,0.0,0.0,0.456,0.1,0.5,0.596
9606.ENSP00000376272,9606.ENSP00000484105,RFC4,PRIM2,9606,0.929,0.0,0.0,0.0,0.711,0.113,0.5,0.516
9606.ENSP00000381008,9606.ENSP00000485028,MUC16,MUC13,9606,0.911,0.0,0.0,0.0,0.049,0.091,0.5,0.819
9606.ENSP00000381775,9606.ENSP00000441765,TNFSF11,PTHLH,9606,0.784,0.0,0.0,0.0,0.049,0.0,0.0,0.782
9606.ENSP00000387393,9606.ENSP00000394417,KANSL1,MORF4L2,9606,0.722,0.0,0.0,0.0,0.049,0.0,0.72,0.0
9606.ENSP00000387393,9606.ENSP00000464535,KANSL1,LRRC37A3,9606,0.73,0.0,0.0,0.0,0.063,0.0,0.0,0.723
9606.ENSP00000399888,9606.ENSP00000437621,HMGA1,HMGA2,9606,0.902,0.0,0.0,0.0,0.14,0.0,0.8,0.478
9606.ENSP00000410811,9606.ENSP00000493712,FIGNL1,RAD51,9606,0.783,0.041,0.0,0.0,0.168,0.644,0.0,0.328
9606.ENSP00000418268,9606.ENSP00000493712,MCM10,RAD51,9606,0.784,0.0,0.0,0.0,0.567,0.134,0.0,0.471
9606.ENSP00000418268,9606.ENSP00000484105,MCM10,PRIM2,9606,0.847,0.0,0.0,0.0,0.321,0.154,0.5,0.531
9606.ENSP00000418268,9606.ENSP00000450607,MCM10,TIMELESS,9606,0.939,0.0,0.0,0.0,0.451,0.0,0.54,0.778
9606.ENSP00000418268,9606.ENSP00000482313,MCM10,RECQL4,9606,0.989,0.0,0.0,0.0,0.479,0.526,0.0,0.961
9606.ENSP00000422626,9606.ENSP00000438483,LARP7,KPNA2,9606,0.705,0.0,0.0,0.0,0.103,0.66,0.0,0.108
9606.ENSP00000426848,9606.ENSP00000460823,ZFYVE16,TOM1L1,9606,0.876,0.0,0.0,0.0,0.0,0.0,0.0,0.876
9606.ENSP00000432886,9606.ENSP00000494831,RNPC3,SNRPN,9606,0.777,0.0,0.0,0.0,0.103,0.729,0.0,0.156
9606.ENSP00000438483,9606.ENSP00000497402,KPNA2,RCC1,9606,0.888,0.0,0.0,0.0,0.247,0.451,0.0,0.752
9606.ENSP00000450607,9606.ENSP00000482313,TIMELESS,RECQL4,9606,0.857,0.0,0.0,0.0,0.366,0.588,0.0,0.497
9606.ENSP00000482313,9606.ENSP00000484105,RECQL4,PRIM2,9606,0.731,0.0,0.0,0.0,0.602,0.345,0.0,0.051
9606.ENSP00000482313,9606.ENSP00000493712,RECQL4,RAD51,9606,0.982,0.042,0.0,0.0,0.278,0.844,0.0,0.855
9606.ENSP00000215980,9606.ENSP00000257934,CENPM,ESPL1,9606,0.703,0.0,0.0,0.0,0.308,0.0,0.5,0.212
9606.ENSP00000216410,9606.ENSP00000483375,GNPNAT1,GALE,9606,0.702,0.0,0.0,0.0,0.118,0.08,0.0,0.662
9606.ENSP00000216727,9606.ENSP00000245934,PABPN1,SYMPK,9606,0.886,0.0,0.0,0.0,0.097,0.0,0.5,0.769
9606.ENSP00000216727,9606.ENSP00000258962,PABPN1,SRSF1,9606,0.946,0.0,0.0,0.0,0.438,0.301,0.8,0.396
9606.ENSP00000222644,9606.ENSP00000494277,MPP6,PATJ,9606,0.726,0.0,0.0,0.0,0.068,0.099,0.0,0.7
9606.ENSP00000225174,9606.ENSP00000246957,PPIF,TRAP1,9606,0.766,0.0,0.0,0.0,0.14,0.237,0.0,0.671
9606.ENSP00000230340,9606.ENSP00000381266,BYSL,WDR4,9606,0.7,0.0,0.0,0.0,0.674,0.0,0.0,0.119
9606.ENSP00000230340,9606.ENSP00000261530,BYSL,GPATCH2L,9606,0.843,0.0,0.0,0.0,0.0,0.84,0.0,0.064
9606.ENSP00000230340,9606.ENSP00000496044,BYSL,POLR1C,9606,0.845,0.0,0.0,0.0,0.729,0.179,0.0,0.36
9606.ENSP00000230340,9606.ENSP00000413436,BYSL,RPL10,9606,0.848,0.0,0.0,0.0,0.092,0.84,0.0,0.041
9606.ENSP00000230340,9606.ENSP00000396441,BYSL,GPATCH4,9606,0.896,0.0,0.0,0.0,0.367,0.84,0.0,0.063
9606.ENSP00000230340,9606.ENSP00000371858,BYSL,NOP2,9606,0.915,0.0,0.0,0.0,0.874,0.108,0.0,0.306
9606.ENSP00000230340,9606.ENSP00000455106,BYSL,BOP1,9606,0.936,0.0,0.0,0.0,0.886,0.114,0.0,0.423
9606.ENSP00000230340,9606.ENSP00000364320,BYSL,MRTO4,9606,0.954,0.0,0.0,0.0,0.908,0.126,0.0,0.481
9606.ENSP00000230340,9606.ENSP00000426909,BYSL,RACK1,9606,0.973,0.0,0.0,0.0,0.105,0.966,0.0,0.198
9606.ENSP00000230340,9606.ENSP00000355471,BYSL,TFB2M,9606,0.981,0.0,0.0,0.0,0.84,0.84,0.0,0.351
9606.ENSP00000230340,9606.ENSP00000355541,BYSL,HEATR1,9606,0.998,0.0,0.0,0.0,0.598,0.991,0.0,0.517
9606.ENSP00000236959,9606.ENSP00000320663,ATIC,EML4,9606,0.807,0.0,0.0,0.0,0.049,0.0,0.606,0.525
9606.ENSP00000236959,9606.ENSP00000296930,ATIC,NPM1,9606,0.879,0.0,0.0,0.0,0.261,0.0,0.5,0.701
9606.ENSP00000236959,9606.ENSP00000379802,ATIC,AMPD3,9606,0.947,0.0,0.0,0.0,0.0,0.052,0.9,0.492
9606.ENSP00000236959,9606.ENSP00000333667,ATIC,SHMT2,9606,0.995,0.118,0.0,0.0,0.861,0.0,0.9,0.71
9606.ENSP00000236959,9606.ENSP00000333019,ATIC,ADSS1,9606,0.996,0.12,0.0,0.0,0.603,0.099,0.978,0.541
9606.ENSP00000240423,9606.ENSP00000257934,NCAPH,ESPL1,9606,0.719,0.0,0.0,0.0,0.521,0.0,0.0,0.438
9606.ENSP00000245934,9606.ENSP00000364320,SYMPK,MRTO4,9606,0.755,0.0,0.0,0.0,0.075,0.746,0.0,0.0
9606.ENSP00000245934,9606.ENSP00000440402,SYMPK,DDX11,9606,0.959,0.0,0.0,0.0,0.147,0.954,0.0,0.0
9606.ENSP00000245934,9606.ENSP00000397563,SYMPK,TENT2,9606,0.981,0.0,0.0,0.0,0.074,0.292,0.0,0.974
9606.ENSP00000248958,9606.ENSP00000499582,SDF2L1,MANF,9606,0.892,0.0,0.0,0.0,0.799,0.0,0.0,0.484
9606.ENSP00000248958,9606.ENSP00000366998,SDF2L1,SNX5,9606,0.994,0.0,0.0,0.0,0.057,0.994,0.0,0.071
9606.ENSP00000253496,9606.ENSP00000293879,F12,WDR90,9606,0.869,0.0,0.0,0.0,0.066,0.855,0.0,0.112
9606.ENSP00000255192,9606.ENSP00000333667,BHMT2,SHMT2,9606,0.725,0.0,0.0,0.0,0.0,0.0,0.449,0.521
9606.ENSP00000257177,9606.ENSP00000344401,TUT4,LIN28B,9606,0.949,0.0,0.0,0.0,0.069,0.329,0.0,0.925
9606.ENSP00000257934,9606.ENSP00000264552,ESPL1,UBE2S,9606,0.748,0.0,0.0,0.0,0.179,0.0,0.5,0.437
9606.ENSP00000257934,9606.ENSP00000380256,ESPL1,CCNF,9606,0.806,0.0,0.0,0.0,0.707,0.0,0.0,0.364
9606.ENSP00000257934,9606.ENSP00000270861,ESPL1,PLK4,9606,0.906,0.0,0.0,0.0,0.359,0.619,0.0,0.645
9606.ENSP00000258886,9606.ENSP00000471894,IREB2,HAMP,9606,0.717,0.0,0.0,0.0,0.0,0.0,0.0,0.717
9606.ENSP00000258886,9606.ENSP00000378364,IREB2,SLC11A2,9606,0.922,0.0,0.0,0.0,0.06,0.0,0.0,0.921
9606.ENSP00000258962,9606.ENSP00000261464,SRSF1,TRAF5,9606,0.73,0.0,0.0,0.0,0.048,0.345,0.0,0.602
9606.ENSP00000258962,9606.ENSP00000296930,SRSF1,NPM1,9606,0.792,0.0,0.0,0.0,0.167,0.51,0.0,0.533
9606.ENSP00000258962,9606.ENSP00000346453,SRSF1,IPO4,9606,0.86,0.0,0.0,0.0,0.086,0.0,0.0,0.853
9606.ENSP00000258962,9606.ENSP00000317123,SRSF1,SNRNP200,9606,0.921,0.0,0.0,0.0,0.212,0.843,0.0,0.415
9606.ENSP00000258962,9606.ENSP00000297071,SRSF1,TRA2A,9606,0.934,0.0,0.0,0.0,0.292,0.426,0.0,0.85
9606.ENSP00000258962,9606.ENSP00000491215,SRSF1,HNRNPU,9606,0.951,0.0,0.0,0.0,0.71,0.211,0.4,0.686
9606.ENSP00000261249,9606.ENSP00000365837,TRMT5,PUS1,9606,0.712,0.0,0.0,0.0,0.145,0.0,0.0,0.678
9606.ENSP00000262102,9606.ENSP00000419085,MTUS1,TIGIT,9606,0.783,0.0,0.0,0.0,0.0,0.0,0.0,0.783
9606.ENSP00000262904,9606.ENSP00000398124,E2F3,E2F5,9606,0.763,0.0,0.0,0.099,0.049,0.457,0.0,0.552
9606.ENSP00000262965,9606.ENSP00000362095,TCF3,SRPX2,9606,0.706,0.0,0.0,0.0,0.0,0.0,0.0,0.706
9606.ENSP00000262965,9606.ENSP00000478289,TCF3,LOC102723407,9606,0.731,0.0,0.0,0.0,0.0,0.0,0.0,0.731
9606.ENSP00000262965,9606.ENSP00000370343,TCF3,IRF4,9606,0.742,0.0,0.0,0.0,0.065,0.0,0.0,0.735
9606.ENSP00000263735,9606.ENSP00000373489,EPCAM,KRT18,9606,0.789,0.0,0.0,0.0,0.337,0.0,0.0,0.696
9606.ENSP00000263735,9606.ENSP00000481841,EPCAM,CD24,9606,0.91,0.0,0.0,0.0,0.267,0.0,0.0,0.882
9606.ENSP00000264156,9606.ENSP00000404190,MCM6,RACGAP1,9606,0.728,0.0,0.0,0.0,0.67,0.0,0.0,0.21
9606.ENSP00000264156,9606.ENSP00000368164,MCM6,MCM8,9606,0.988,0.0,0.0,0.0,0.185,0.292,0.9,0.825
9606.ENSP00000264156,9606.ENSP00000393139,MCM6,CDC7,9606,0.999,0.0,0.0,0.0,0.358,0.966,0.9,0.822
9606.ENSP00000264552,9606.ENSP00000420294,UBE2S,PHC3,9606,0.904,0.0,0.0,0.0,0.0,0.065,0.9,0.063
9606.ENSP00000264552,9606.ENSP00000308750,UBE2S,CBX2,9606,0.909,0.0,0.0,0.0,0.109,0.071,0.9,0.0
9606.ENSP00000265960,9606.ENSP00000340691,MAPKAP1,EIF4EBP1,9606,0.753,0.0,0.0,0.0,0.044,0.0,0.0,0.753
9606.ENSP00000265960,9606.ENSP00000408695,MAPKAP1,PRKCA,9606,0.791,0.0,0.0,0.0,0.049,0.51,0.0,0.587
9606.ENSP00000265960,9606.ENSP00000286234,MAPKAP1,DEPTOR,9606,0.999,0.0,0.0,0.0,0.0,0.8,0.0,0.998
9606.ENSP00000270861,9606.ENSP00000380256,PLK4,CCNF,9606,0.743,0.0,0.0,0.0,0.403,0.0,0.0,0.587
9606.ENSP00000270861,9606.ENSP00000404190,PLK4,RACGAP1,9606,0.793,0.0,0.0,0.0,0.461,0.086,0.0,0.613
9606.ENSP00000288607,9606.ENSP00000392353,PSMG3,PSMG4,9606,0.999,0.0,0.0,0.0,0.121,0.658,0.0,0.997
9606.ENSP00000292180,9606.ENSP00000406261,FLAD1,ENPP3,9606,0.912,0.042,0.0,0.0,0.0,0.0,0.912,0.0
9606.ENSP00000293831,9606.ENSP00000340691,EIF4A1,EIF4EBP1,9606,0.928,0.0,0.0,0.0,0.086,0.0,0.5,0.856
9606.ENSP00000293831,9606.ENSP00000426909,EIF4A1,RACK1,9606,0.985,0.0,0.0,0.0,0.804,0.84,0.0,0.574
9606.ENSP00000293831,9606.ENSP00000302768,EIF4A1,PAIP1,9606,0.996,0.0,0.0,0.0,0.125,0.575,0.9,0.924
9606.ENSP00000296930,9606.ENSP00000360141,NPM1,GNAS,9606,0.7,0.0,0.0,0.0,0.059,0.0,0.0,0.694
9606.ENSP00000296930,9606.ENSP00000455106,NPM1,BOP1,9606,0.757,0.0,0.0,0.0,0.206,0.496,0.0,0.442
9606.ENSP00000296930,9606.ENSP00000426909,NPM1,RACK1,9606,0.795,0.0,0.0,0.0,0.573,0.194,0.0,0.453
9606.ENSP00000296930,9606.ENSP00000491215,NPM1,HNRNPU,9606,0.799,0.0,0.0,0.0,0.194,0.594,0.0,0.436
9606.ENSP00000296930,9606.ENSP00000320663,NPM1,EML4,9606,0.851,0.0,0.0,0.0,0.063,0.0,0.4,0.757
9606.ENSP00000296930,9606.ENSP00000377298,NPM1,NUMA1,9606,0.858,0.0,0.0,0.0,0.154,0.162,0.0,0.817
9606.ENSP00000296930,9606.ENSP00000371858,NPM1,NOP2,9606,0.924,0.0,0.0,0.0,0.133,0.395,0.75,0.495
9606.ENSP00000296930,9606.ENSP00000418915,NPM1,CDKN2A,9606,0.999,0.0,0.0,0.0,0.0,0.874,0.0,0.995
9606.ENSP00000308750,9606.ENSP00000338186,CBX2,EED,9606,0.974,0.0,0.0,0.0,0.0,0.157,0.9,0.725
9606.ENSP00000308750,9606.ENSP00000420294,CBX2,PHC3,9606,0.996,0.0,0.0,0.0,0.0,0.641,0.9,0.903
9606.ENSP00000314807,9606.ENSP00000358997,IL1RAP,IRAK1,9606,0.954,0.0,0.0,0.0,0.0,0.525,0.5,0.824
9606.ENSP00000317123,9606.ENSP00000362803,SNRNP200,PPIL1,9606,0.959,0.0,0.0,0.0,0.072,0.953,0.0,0.135
9606.ENSP00000320346,9606.ENSP00000386488,ELL3,ZC3H8,9606,0.918,0.0,0.0,0.0,0.045,0.0,0.9,0.213
9606.ENSP00000324105,9606.ENSP00000400646,ENO3,PNPT1,9606,0.704,0.0,0.0,0.0,0.239,0.296,0.0,0.493
9606.ENSP00000331746,9606.ENSP00000360141,CALCA,GNAS,9606,0.964,0.0,0.0,0.0,0.0,0.922,0.5,0.163
9606.ENSP00000333019,9606.ENSP00000333667,ADSS1,SHMT2,9606,0.721,0.075,0.0,0.0,0.615,0.0,0.0,0.281
9606.ENSP00000333019,9606.ENSP00000377845,ADSS1,ASNS,9606,0.926,0.046,0.0,0.0,0.086,0.0,0.9,0.255
9606.ENSP00000333019,9606.ENSP00000379802,ADSS1,AMPD3,9606,0.957,0.057,0.0,0.0,0.111,0.0,0.9,0.558
9606.ENSP00000333657,9606.ENSP00000354394,MX2,STAT1,9606,0.851,0.0,0.0,0.0,0.381,0.0,0.4,0.632
9606.ENSP00000333667,9606.ENSP00000377845,SHMT2,ASNS,9606,0.778,0.0,0.0,0.0,0.41,0.0,0.0,0.639
9606.ENSP00000335044,9606.ENSP00000496168,ARID2,BCL11A,9606,0.916,0.0,0.0,0.0,0.0,0.0,0.72,0.713
9606.ENSP00000338186,9606.ENSP00000420294,EED,PHC3,9606,0.924,0.0,0.0,0.0,0.047,0.095,0.9,0.232
9606.ENSP00000341551,9606.ENSP00000418915,SMAD4,CDKN2A,9606,0.851,0.0,0.0,0.0,0.042,0.046,0.0,0.85
9606.ENSP00000341551,9606.ENSP00000398124,SMAD4,E2F5,9606,0.986,0.0,0.0,0.0,0.056,0.0,0.9,0.869
9606.ENSP00000341551,9606.ENSP00000351250,SMAD4,TRIM33,9606,0.986,0.0,0.0,0.0,0.116,0.841,0.5,0.824
9606.ENSP00000341551,9606.ENSP00000415243,SMAD4,SKIL,9606,0.999,0.0,0.0,0.0,0.055,0.899,0.5,0.989
9606.ENSP00000344446,9606.ENSP00000377845,FGD6,ASNS,9606,0.71,0.0,0.0,0.0,0.0,0.0,0.0,0.71
9606.ENSP00000345243,9606.ENSP00000481841,SIGLEC10,CD24,9606,0.998,0.0,0.0,0.0,0.0,0.0,0.0,0.998
9606.ENSP00000348299,9606.ENSP00000476815,TRIM13,SLC25A16,9606,0.791,0.0,0.0,0.0,0.049,0.0,0.0,0.79
9606.ENSP00000351250,9606.ENSP00000415243,TRIM33,SKIL,9606,0.788,0.0,0.0,0.0,0.073,0.677,0.0,0.35
9606.ENSP00000351789,9606.ENSP00000358997,PELI1,IRAK1,9606,0.998,0.0,0.0,0.0,0.0,0.885,0.5,0.981
9606.ENSP00000354394,9606.ENSP00000358997,STAT1,IRAK1,9606,0.722,0.0,0.0,0.0,0.088,0.332,0.0,0.58
9606.ENSP00000354394,9606.ENSP00000370343,STAT1,IRF4,9606,0.81,0.0,0.0,0.0,0.082,0.065,0.5,0.609
9606.ENSP00000354394,9606.ENSP00000426909,STAT1,RACK1,9606,0.982,0.0,0.0,0.0,0.055,0.51,0.9,0.673
9606.ENSP00000355471,9606.ENSP00000364320,TFB2M,MRTO4,9606,0.759,0.043,0.0,0.0,0.699,0.071,0.0,0.207
9606.ENSP00000355471,9606.ENSP00000462963,TFB2M,TEFM,9606,0.821,0.0,0.0,0.0,0.254,0.0,0.0,0.77
9606.ENSP00000355541,9606.ENSP00000413436,HEATR1,RPL10,9606,0.877,0.0,0.0,0.0,0.097,0.84,0.0,0.22
9606.ENSP00000355541,9606.ENSP00000455106,HEATR1,BOP1,9606,0.971,0.0,0.0,0.0,0.904,0.128,0.54,0.333
9606.ENSP00000356024,9606.ENSP00000481841,CR2,CD24,9606,0.729,0.0,0.0,0.0,0.056,0.0,0.0,0.724
9606.ENSP00000356785,9606.ENSP00000406261,NME7,ENPP3,9606,0.92,0.0,0.0,0.0,0.0,0.0,0.916,0.085
9606.ENSP00000358400,9606.ENSP00000455106,MDN1,BOP1,9606,0.841,0.0,0.0,0.0,0.209,0.292,0.54,0.457
9606.ENSP00000358400,9606.ENSP00000364320,MDN1,MRTO4,9606,0.92,0.0,0.0,0.0,0.194,0.501,0.54,0.623
9606.ENSP00000364320,9606.ENSP00000400646,MRTO4,PNPT1,9606,0.703,0.042,0.0,0.0,0.703,0.0,0.0,0.0
9606.ENSP00000364320,9606.ENSP00000410083,MRTO4,VEZT,9606,0.744,0.091,0.0,0.0,0.571,0.304,0.0,0.17
9606.ENSP00000364320,9606.ENSP00000381266,MRTO4,WDR4,9606,0.8,0.0,0.0,0.0,0.775,0.0,0.0,0.147
9606.ENSP00000364320,9606.ENSP00000413436,MRTO4,RPL10,9606,0.863,0.086,0.0,0.0,0.6,0.561,0.0,0.246
9606.ENSP00000364320,9606.ENSP00000426909,MRTO4,RACK1,9606,0.939,0.0,0.0,0.0,0.678,0.748,0.0,0.311
9606.ENSP00000364320,9606.ENSP00000496044,MRTO4,POLR1C,9606,0.965,0.109,0.0,0.0,0.912,0.405,0.0,0.35
9606.ENSP00000364320,9606.ENSP00000371858,MRTO4,NOP2,9606,0.988,0.0,0.0,0.0,0.844,0.87,0.0,0.468
9606.ENSP00000364320,9606.ENSP00000455106,MRTO4,BOP1,9606,0.997,0.0,0.0,0.0,0.847,0.945,0.54,0.507
9606.ENSP00000365837,9606.ENSP00000371858,PUS1,NOP2,9606,0.723,0.0,0.0,0.0,0.501,0.083,0.0,0.444
9606.ENSP00000365837,9606.ENSP00000496044,PUS1,POLR1C,9606,0.759,0.102,0.0,0.0,0.643,0.0,0.0,0.31
9606.ENSP00000365837,9606.ENSP00000381266,PUS1,WDR4,9606,0.91,0.0,0.0,0.0,0.638,0.408,0.0,0.614
9606.ENSP00000367220,9606.ENSP00000418915,ACTR2,CDKN2A,9606,0.766,0.0,0.0,0.0,0.042,0.092,0.0,0.752
9606.ENSP00000367527,9606.ENSP00000375978,DCLRE1C,XRCC5,9606,0.998,0.0,0.0,0.0,0.044,0.942,0.9,0.733
9606.ENSP00000368164,9606.ENSP00000393139,MCM8,CDC7,9606,0.881,0.0,0.0,0.0,0.149,0.557,0.5,0.445
9606.ENSP00000368356,9606.ENSP00000408695,PRKD3,PRKCA,9606,0.913,0.0,0.0,0.0,0.053,0.0,0.9,0.158
9606.ENSP00000368646,9606.ENSP00000371388,PRDX4,SRXN1,9606,0.771,0.0,0.0,0.0,0.114,0.251,0.0,0.683
9606.ENSP00000369293,9606.ENSP00000419085,IL2RA,TIGIT,9606,0.747,0.0,0.0,0.0,0.2,0.0,0.0,0.697
9606.ENSP00000370653,9606.ENSP00000376952,GEN1,EME1,9606,0.931,0.0,0.0,0.0,0.139,0.14,0.4,0.863
9606.ENSP00000371858,9606.ENSP00000496044,NOP2,POLR1C,9606,0.745,0.0,0.0,0.0,0.695,0.0,0.0,0.199
9606.ENSP00000371858,9606.ENSP00000455106,NOP2,BOP1,9606,0.99,0.0,0.0,0.0,0.842,0.903,0.0,0.435
9606.ENSP00000372351,9606.ENSP00000478289,NSD2,LOC102723407,9606,0.875,0.0,0.0,0.0,0.0,0.045,0.0,0.875
9606.ENSP00000378364,9606.ENSP00000471894,SLC11A2,HAMP,9606,0.942,0.0,0.0,0.0,0.042,0.0,0.0,0.942
9606.ENSP00000378782,9606.ENSP00000406261,QPRT,ENPP3,9606,0.904,0.054,0.0,0.0,0.049,0.0,0.9,0.067
9606.ENSP00000379802,9606.ENSP00000406261,AMPD3,ENPP3,9606,0.919,0.0,0.0,0.0,0.067,0.0,0.9,0.202
9606.ENSP00000381266,9606.ENSP00000455106,WDR4,BOP1,9606,0.796,0.0,0.0,0.0,0.796,0.0,0.0,0.0
9606.ENSP00000386331,9606.ENSP00000494468,MYO7A,GJB6,9606,0.777,0.0,0.0,0.0,0.0,0.0,0.0,0.777
9606.ENSP00000386331,9606.ENSP00000410083,MYO7A,VEZT,9606,0.935,0.0,0.0,0.0,0.047,0.292,0.0,0.912
9606.ENSP00000393139,9606.ENSP00000418915,CDC7,CDKN2A,9606,0.905,0.0,0.0,0.0,0.055,0.786,0.0,0.572
9606.ENSP00000398803,9606.ENSP00000483375,TSTA3,GALE,9606,0.791,0.091,0.0,0.0,0.128,0.219,0.345,0.564
9606.ENSP00000400646,9606.ENSP00000496044,PNPT1,POLR1C,9606,0.736,0.041,0.0,0.0,0.647,0.0,0.0,0.281
9606.ENSP00000405738,9606.ENSP00000495564,ESRP1,GRHL2,9606,0.891,0.0,0.0,0.0,0.777,0.0,0.0,0.532
9606.ENSP00000408695,9606.ENSP00000426909,PRKCA,RACK1,9606,0.97,0.0,0.0,0.0,0.042,0.305,0.0,0.959
9606.ENSP00000413436,9606.ENSP00000455106,RPL10,BOP1,9606,0.703,0.0,0.0,0.0,0.119,0.319,0.5,0.128
9606.ENSP00000413436,9606.ENSP00000496044,RPL10,POLR1C,9606,0.762,0.086,0.0,0.0,0.596,0.294,0.0,0.195
9606.ENSP00000413436,9606.ENSP00000426909,RPL10,RACK1,9606,0.999,0.0,0.0,0.0,0.961,0.974,0.0,0.212
9606.ENSP00000418915,9606.ENSP00000478289,CDKN2A,LOC102723407,9606,0.717,0.0,0.0,0.0,0.0,0.0,0.0,0.717
9606.ENSP00000426909,9606.ENSP00000480916,RACK1,SLC9A7,9606,0.712,0.0,0.0,0.0,0.0,0.0,0.0,0.712
9606.ENSP00000440402,9606.ENSP00000498700,DDX11,BICD1,9606,0.855,0.0,0.0,0.0,0.056,0.0,0.0,0.853
9606.ENSP00000025301,9606.ENSP00000376475,AKAP11,PRKAR1A,9606,0.817,0.0,0.0,0.0,0.053,0.771,0.0,0.224
9606.ENSP00000211287,9606.ENSP00000321656,MAPK13,CDC25C,9606,0.927,0.0,0.0,0.0,0.0,0.186,0.9,0.18
9606.ENSP00000216455,9606.ENSP00000280326,PSMA3,CCT5,9606,0.806,0.0,0.0,0.0,0.694,0.207,0.0,0.265
9606.ENSP00000216455,9606.ENSP00000367806,PSMA3,RPS16,9606,0.819,0.0,0.0,0.0,0.682,0.071,0.0,0.437
9606.ENSP00000216455,9606.ENSP00000356421,PSMA3,UCHL5,9606,0.998,0.0,0.0,0.0,0.207,0.994,0.5,0.227
9606.ENSP00000216455,9606.ENSP00000290541,PSMA3,PSMB4,9606,0.999,0.0,0.0,0.0,0.941,0.997,0.9,0.94
9606.ENSP00000216455,9606.ENSP00000259457,PSMA3,PSMB7,9606,0.999,0.0,0.0,0.0,0.688,0.997,0.9,0.78
9606.ENSP00000216832,9606.ENSP00000359042,PNN,PRPF38B,9606,0.713,0.0,0.0,0.0,0.696,0.0,0.0,0.095
9606.ENSP00000216832,9606.ENSP00000253363,PNN,RBM39,9606,0.804,0.0,0.0,0.0,0.379,0.435,0.4,0.178
9606.ENSP00000223073,9606.ENSP00000368887,RBM28,PAK1IP1,9606,0.799,0.0,0.0,0.0,0.604,0.32,0.0,0.313
9606.ENSP00000223073,9606.ENSP00000417402,RBM28,PUS7,9606,0.8,0.0,0.0,0.0,0.775,0.0,0.0,0.146
9606.ENSP00000223073,9606.ENSP00000354091,RBM28,GNL3L,9606,0.854,0.0,0.0,0.0,0.682,0.486,0.0,0.181
9606.ENSP00000223073,9606.ENSP00000395772,RBM28,GNL3,9606,0.86,0.0,0.0,0.0,0.695,0.486,0.0,0.181
9606.ENSP00000223073,9606.ENSP00000338862,RBM28,BRIX1,9606,0.948,0.0,0.0,0.0,0.842,0.579,0.0,0.287
9606.ENSP00000223073,9606.ENSP00000358563,RBM28,DKC1,9606,0.955,0.0,0.0,0.0,0.736,0.787,0.0,0.262
9606.ENSP00000223073,9606.ENSP00000354040,RBM28,GTPBP4,9606,0.975,0.0,0.0,0.0,0.847,0.77,0.0,0.355
9606.ENSP00000224337,9606.ENSP00000313419,BLNK,CD19,9606,0.932,0.0,0.0,0.0,0.28,0.0,0.0,0.91
9606.ENSP00000224337,9606.ENSP00000364898,BLNK,SYK,9606,0.999,0.0,0.0,0.0,0.162,0.625,0.9,0.998
9606.ENSP00000225737,9606.ENSP00000376475,AKAP10,PRKAR1A,9606,0.938,0.0,0.0,0.0,0.079,0.775,0.5,0.474
9606.ENSP00000231498,9606.ENSP00000379181,NUP155,RAE1,9606,0.934,0.0,0.0,0.0,0.067,0.18,0.8,0.624
9606.ENSP00000231498,9606.ENSP00000283195,NUP155,RANBP2,9606,0.999,0.0,0.0,0.0,0.163,0.976,0.8,0.919
9606.ENSP00000233893,9606.ENSP00000495530,HSPE1,ENO1,9606,0.71,0.057,0.0,0.0,0.088,0.355,0.0,0.539
9606.ENSP00000233893,9606.ENSP00000280326,HSPE1,CCT5,9606,0.875,0.075,0.0,0.0,0.596,0.548,0.0,0.347
9606.ENSP00000233893,9606.ENSP00000295688,HSPE1,CCT3,9606,0.893,0.075,0.0,0.0,0.617,0.551,0.0,0.405
9606.ENSP00000233893,9606.ENSP00000340019,HSPE1,HSPD1,9606,0.999,0.075,0.0,0.354,0.896,0.996,0.0,0.999
9606.ENSP00000244020,9606.ENSP00000253363,SRSF6,RBM39,9606,0.705,0.0,0.0,0.0,0.406,0.361,0.0,0.287
9606.ENSP00000244020,9606.ENSP00000291552,SRSF6,U2AF1,9606,0.869,0.0,0.0,0.0,0.445,0.138,0.5,0.517
9606.ENSP00000244020,9606.ENSP00000346694,SRSF6,HNRNPA2B1,9606,0.875,0.0,0.0,0.254,0.433,0.14,0.4,0.516
9606.ENSP00000249647,9606.ENSP00000379602,SNAP23,VAMP1,9606,0.995,0.0,0.0,0.0,0.067,0.399,0.9,0.931
9606.ENSP00000253363,9606.ENSP00000346694,RBM39,HNRNPA2B1,9606,0.852,0.0,0.0,0.128,0.68,0.451,0.0,0.147
9606.ENSP00000253363,9606.ENSP00000291552,RBM39,U2AF1,9606,0.945,0.0,0.0,0.0,0.306,0.31,0.0,0.896
9606.ENSP00000253363,9606.ENSP00000343054,RBM39,RBM5,9606,0.955,0.0,0.0,0.0,0.65,0.0,0.8,0.417
9606.ENSP00000254108,9606.ENSP00000377681,FUS,G3BP1,9606,0.85,0.0,0.0,0.0,0.109,0.0,0.0,0.839
9606.ENSP00000254108,9606.ENSP00000355011,FUS,ILF2,9606,0.865,0.0,0.0,0.0,0.147,0.594,0.0,0.643
9606.ENSP00000254108,9606.ENSP00000346694,FUS,HNRNPA2B1,9606,0.99,0.0,0.0,0.0,0.387,0.589,0.4,0.943
9606.ENSP00000257770,9606.ENSP00000385632,NT5E,PDE7A,9606,0.769,0.0,0.0,0.0,0.0,0.0,0.65,0.368
9606.ENSP00000257770,9606.ENSP00000313419,NT5E,CD19,9606,0.816,0.0,0.0,0.0,0.047,0.0,0.0,0.815
9606.ENSP00000257770,9606.ENSP00000322524,NT5E,DCTPP1,9606,0.904,0.0,0.0,0.0,0.058,0.0,0.9,0.065
9606.ENSP00000257770,9606.ENSP00000284240,NT5E,THY1,9606,0.919,0.0,0.0,0.0,0.048,0.0,0.0,0.919
9606.ENSP00000257770,9606.ENSP00000298556,NT5E,HPRT1,9606,0.932,0.0,0.0,0.0,0.05,0.0,0.9,0.345
9606.ENSP00000257770,9606.ENSP00000287713,NT5E,NMNAT2,9606,0.969,0.0,0.0,0.0,0.0,0.0,0.965,0.13
9606.ENSP00000259253,9606.ENSP00000264065,UGGT1,DNAJC10,9606,0.728,0.0,0.0,0.0,0.132,0.313,0.0,0.579
9606.ENSP00000259253,9606.ENSP00000376472,UGGT1,STT3A,9606,0.738,0.0,0.0,0.0,0.288,0.095,0.0,0.625
9606.ENSP00000259457,9606.ENSP00000356421,PSMB7,UCHL5,9606,0.997,0.0,0.0,0.0,0.139,0.994,0.5,0.202
9606.ENSP00000259457,9606.ENSP00000290541,PSMB7,PSMB4,9606,0.999,0.0,0.0,0.0,0.784,0.999,0.9,0.811
9606.ENSP00000260102,9606.ENSP00000320184,MRPL15,MRPS23,9606,0.868,0.0,0.0,0.0,0.258,0.829,0.0,0.0
9606.ENSP00000260102,9606.ENSP00000285298,MRPL15,MRPS17,9606,0.915,0.0,0.0,0.0,0.456,0.85,0.0,0.0
9606.ENSP00000260102,9606.ENSP00000384952,MRPL15,MRPS12,9606,0.993,0.057,0.0,0.0,0.407,0.987,0.0,0.133
9606.ENSP00000260102,9606.ENSP00000264995,MRPL15,MRPL3,9606,0.997,0.056,0.0,0.0,0.536,0.994,0.0,0.175
9606.ENSP00000260947,9606.ENSP00000387996,BARD1,CSTF2,9606,0.739,0.0,0.0,0.0,0.083,0.634,0.0,0.283
9606.ENSP00000260947,9606.ENSP00000352271,BARD1,XRCC2,9606,0.888,0.0,0.0,0.0,0.091,0.0,0.5,0.774
9606.ENSP00000260947,9606.ENSP00000352252,BARD1,H3C12,9606,0.935,0.0,0.0,0.0,0.062,0.908,0.0,0.301
9606.ENSP00000260947,9606.ENSP00000278616,BARD1,ATM,9606,0.946,0.0,0.0,0.0,0.044,0.07,0.5,0.892
9606.ENSP00000260947,9606.ENSP00000303373,BARD1,H2AC8,9606,0.981,0.0,0.0,0.0,0.042,0.962,0.5,0.087
9606.ENSP00000260947,9606.ENSP00000369497,BARD1,BRCA2,9606,0.999,0.0,0.0,0.0,0.188,0.793,0.72,0.995
9606.ENSP00000261205,9606.ENSP00000379602,SYT1,VAMP1,9606,0.836,0.0,0.0,0.0,0.124,0.104,0.0,0.808
9606.ENSP00000261769,9606.ENSP00000367806,CDH1,RPS16,9606,0.805,0.0,0.0,0.0,0.0,0.8,0.0,0.063
9606.ENSP00000261769,9606.ENSP00000409544,CDH1,CLDN4,9606,0.829,0.0,0.0,0.0,0.251,0.0,0.0,0.781
9606.ENSP00000261769,9606.ENSP00000349486,CDH1,SCRIB,9606,0.916,0.0,0.0,0.0,0.045,0.247,0.0,0.893
9606.ENSP00000261769,9606.ENSP00000353475,CDH1,CLDN7,9606,0.923,0.0,0.0,0.0,0.373,0.0,0.0,0.883
9606.ENSP00000262715,9606.ENSP00000400591,TEP1,SNRPE,9606,0.731,0.0,0.0,0.0,0.068,0.0,0.72,0.051
9606.ENSP00000262715,9606.ENSP00000354091,TEP1,GNL3L,9606,0.788,0.0,0.0,0.0,0.147,0.149,0.72,0.084
9606.ENSP00000262715,9606.ENSP00000358563,TEP1,DKC1,9606,0.959,0.042,0.0,0.0,0.108,0.0,0.9,0.578
9606.ENSP00000264065,9606.ENSP00000385385,DNAJC10,PDIA6,9606,0.749,0.0,0.0,0.0,0.116,0.309,0.54,0.213
9606.ENSP00000264995,9606.ENSP00000343081,MRPL3,PUS7L,9606,0.793,0.0,0.0,0.0,0.067,0.788,0.0,0.0
9606.ENSP00000264995,9606.ENSP00000417402,MRPL3,PUS7,9606,0.803,0.0,0.0,0.0,0.109,0.788,0.0,0.0
9606.ENSP00000264995,9606.ENSP00000338862,MRPL3,BRIX1,9606,0.81,0.0,0.0,0.0,0.316,0.609,0.0,0.348
9606.ENSP00000264995,9606.ENSP00000367806,MRPL3,RPS16,9606,0.839,0.091,0.0,0.0,0.603,0.506,0.0,0.204
9606.ENSP00000264995,9606.ENSP00000354040,MRPL3,GTPBP4,9606,0.848,0.0,0.0,0.0,0.266,0.756,0.0,0.222
9606.ENSP00000264995,9606.ENSP00000320184,MRPL3,MRPS23,9606,0.883,0.0,0.0,0.0,0.21,0.841,0.0,0.138
9606.ENSP00000264995,9606.ENSP00000285298,MRPL3,MRPS17,9606,0.889,0.0,0.0,0.0,0.131,0.843,0.0,0.249
9606.ENSP00000264995,9606.ENSP00000384952,MRPL3,MRPS12,9606,0.998,0.102,0.0,0.0,0.666,0.991,0.0,0.338
9606.ENSP00000265351,9606.ENSP00000283195,XPO5,RANBP2,9606,0.846,0.0,0.0,0.0,0.078,0.771,0.0,0.33
9606.ENSP00000265857,9606.ENSP00000350708,GET4,RAD23B,9606,0.764,0.0,0.0,0.0,0.057,0.681,0.0,0.279
9606.ENSP00000266557,9606.ENSP00000497102,CD27,CTLA4,9606,0.781,0.0,0.0,0.0,0.238,0.0,0.0,0.724
9606.ENSP00000266557,9606.ENSP00000313419,CD27,CD19,9606,0.955,0.0,0.0,0.0,0.366,0.0,0.0,0.932
9606.ENSP00000266557,9606.ENSP00000281834,CD27,TNFSF4,9606,0.986,0.0,0.0,0.0,0.0,0.0,0.0,0.986
9606.ENSP00000278616,9606.ENSP00000405726,ATM,CDC45,9606,0.758,0.0,0.0,0.0,0.042,0.0,0.0,0.758
9606.ENSP00000278616,9606.ENSP00000352252,ATM,H3C12,9606,0.766,0.0,0.0,0.0,0.042,0.066,0.0,0.759
9606.ENSP00000278616,9606.ENSP00000419060,ATM,BRAF,9606,0.778,0.0,0.0,0.0,0.0,0.0,0.0,0.778
9606.ENSP00000278616,9606.ENSP00000321656,ATM,CDC25C,9606,0.813,0.0,0.0,0.0,0.0,0.071,0.0,0.807
9606.ENSP00000278616,9606.ENSP00000352271,ATM,XRCC2,9606,0.818,0.0,0.0,0.0,0.062,0.0,0.5,0.644
9606.ENSP00000278616,9606.ENSP00000350708,ATM,RAD23B,9606,0.941,0.0,0.0,0.0,0.066,0.0,0.9,0.425
9606.ENSP00000278616,9606.ENSP00000369497,ATM,BRCA2,9606,0.995,0.0,0.0,0.0,0.048,0.313,0.8,0.971
9606.ENSP00000280326,9606.ENSP00000295688,CCT5,CCT3,9606,0.999,0.0,0.0,0.087,0.924,0.997,0.967,0.988
9606.ENSP00000281828,9606.ENSP00000364815,FARSB,VARS1,9606,0.776,0.115,0.0,0.0,0.455,0.0,0.0,0.573
9606.ENSP00000281828,9606.ENSP00000362576,FARSB,YARS1,9606,0.946,0.254,0.0,0.0,0.835,0.0,0.0,0.595
9606.ENSP00000281834,9606.ENSP00000497102,TNFSF4,CTLA4,9606,0.812,0.0,0.0,0.0,0.087,0.0,0.0,0.803
9606.ENSP00000281950,9606.ENSP00000400591,GEMIN6,SNRPE,9606,0.989,0.0,0.0,0.0,0.108,0.678,0.9,0.668
9606.ENSP00000283195,9606.ENSP00000381098,RANBP2,GRIP1,9606,0.808,0.0,0.0,0.0,0.0,0.0,0.0,0.808
9606.ENSP00000283195,9606.ENSP00000379181,RANBP2,RAE1,9606,0.92,0.0,0.0,0.0,0.077,0.129,0.8,0.563
9606.ENSP00000284240,9606.ENSP00000313419,THY1,CD19,9606,0.836,0.0,0.0,0.0,0.044,0.0,0.0,0.836
9606.ENSP00000285071,9606.ENSP00000380074,FLCN,SLC38A9,9606,0.942,0.0,0.0,0.0,0.049,0.8,0.0,0.724
9606.ENSP00000285298,9606.ENSP00000320184,MRPS17,MRPS23,9606,0.989,0.0,0.0,0.0,0.179,0.924,0.8,0.247
9606.ENSP00000285298,9606.ENSP00000384952,MRPS17,MRPS12,9606,0.997,0.0,0.0,0.0,0.288,0.962,0.9,0.0
9606.ENSP00000287916,9606.ENSP00000380131,CLDN12,CLDN6,9606,0.78,0.0,0.0,0.0,0.0,0.0,0.4,0.649
9606.ENSP00000287916,9606.ENSP00000353475,CLDN12,CLDN7,9606,0.93,0.0,0.0,0.0,0.049,0.0,0.4,0.887
9606.ENSP00000287916,9606.ENSP00000409544,CLDN12,CLDN4,9606,0.973,0.0,0.0,0.0,0.042,0.0,0.4,0.957
9606.ENSP00000289382,9606.ENSP00000355279,CNOT11,CNOT7,9606,0.997,0.0,0.0,0.0,0.075,0.848,0.9,0.853
9606.ENSP00000290541,9606.ENSP00000356421,PSMB4,UCHL5,9606,0.997,0.0,0.0,0.0,0.105,0.994,0.5,0.256
9606.ENSP00000291552,9606.ENSP00000400591,U2AF1,SNRPE,9606,0.724,0.0,0.0,0.0,0.629,0.099,0.0,0.24
9606.ENSP00000291552,9606.ENSP00000346694,U2AF1,HNRNPA2B1,9606,0.848,0.0,0.0,0.0,0.698,0.093,0.0,0.491
9606.ENSP00000295688,9606.ENSP00000340019,CCT3,HSPD1,9606,0.755,0.0,0.0,0.0,0.412,0.098,0.0,0.576
9606.ENSP00000296051,9606.ENSP00000326649,HPS3,HPS1,9606,0.902,0.0,0.0,0.0,0.0,0.0,0.72,0.665
9606.ENSP00000301522,9606.ENSP00000495530,PRDX2,ENO1,9606,0.76,0.054,0.0,0.0,0.278,0.0,0.0,0.676
9606.ENSP00000303145,9606.ENSP00000357048,TMED10,COPA,9606,0.91,0.0,0.0,0.0,0.191,0.631,0.5,0.467
9606.ENSP00000303373,9606.ENSP00000481622,H2AC8,H2BS1,9606,0.74,0.0,0.018,0.0,0.295,0.283,0.4,0.245
9606.ENSP00000303373,9606.ENSP00000352252,H2AC8,H3C12,9606,0.998,0.0,0.024,0.0,0.229,0.985,0.4,0.845
9606.ENSP00000307208,9606.ENSP00000352252,BPTF,H3C12,9606,0.996,0.0,0.0,0.0,0.049,0.91,0.0,0.958
9606.ENSP00000309126,9606.ENSP00000397566,NSUN5,GTF2IRD1,9606,0.732,0.0,0.0,0.0,0.056,0.0,0.0,0.728
9606.ENSP00000309126,9606.ENSP00000317232,NSUN5,FKBP10,9606,0.738,0.0,0.0,0.0,0.116,0.112,0.0,0.693
9606.ENSP00000309595,9606.ENSP00000419665,TWNK,SSBP1,9606,0.996,0.0,0.0,0.0,0.092,0.088,0.0,0.996
9606.ENSP00000313419,9606.ENSP00000478893,CD19,IGHD,9606,0.758,0.0,0.0,0.0,0.0,0.201,0.5,0.445
9606.ENSP00000313419,9606.ENSP00000497102,CD19,CTLA4,9606,0.766,0.0,0.0,0.0,0.174,0.0,0.0,0.729
9606.ENSP00000313419,9606.ENSP00000356936,CD19,FCRLA,9606,0.931,0.0,0.0,0.0,0.838,0.0,0.0,0.591
9606.ENSP00000313419,9606.ENSP00000364898,CD19,SYK,9606,0.983,0.0,0.0,0.0,0.184,0.292,0.9,0.753
9606.ENSP00000317232,9606.ENSP00000397566,FKBP10,GTF2IRD1,9606,0.838,0.0,0.0,0.0,0.067,0.0,0.0,0.834
9606.ENSP00000317331,9606.ENSP00000418401,SSR4,SRPRB,9606,0.729,0.0,0.0,0.0,0.242,0.0,0.5,0.343
9606.ENSP00000317331,9606.ENSP00000376472,SSR4,STT3A,9606,0.923,0.0,0.0,0.0,0.223,0.812,0.0,0.517
9606.ENSP00000320184,9606.ENSP00000384952,MRPS23,MRPS12,9606,0.981,0.0,0.0,0.0,0.217,0.892,0.8,0.0
9606.ENSP00000321347,9606.ENSP00000355011,STRBP,ILF2,9606,0.793,0.0,0.0,0.0,0.092,0.751,0.0,0.157
9606.ENSP00000321656,9606.ENSP00000405726,CDC25C,CDC45,9606,0.856,0.0,0.0,0.0,0.435,0.0,0.0,0.756
9606.ENSP00000338862,9606.ENSP00000367806,BRIX1,RPS16,9606,0.712,0.0,0.0,0.0,0.138,0.679,0.0,0.044
9606.ENSP00000338862,9606.ENSP00000417402,BRIX1,PUS7,9606,0.713,0.0,0.0,0.0,0.662,0.0,0.0,0.184
9606.ENSP00000338862,9606.ENSP00000344393,BRIX1,FCF1,9606,0.826,0.0,0.0,0.0,0.826,0.0,0.0,0.0
9606.ENSP00000338862,9606.ENSP00000358563,BRIX1,DKC1,9606,0.87,0.0,0.0,0.0,0.851,0.0,0.0,0.159
9606.ENSP00000338862,9606.ENSP00000368887,BRIX1,PAK1IP1,9606,0.898,0.0,0.0,0.0,0.864,0.095,0.0,0.24
9606.ENSP00000338862,9606.ENSP00000354091,BRIX1,GNL3L,9606,0.966,0.0,0.0,0.0,0.813,0.807,0.0,0.154
9606.ENSP00000338862,9606.ENSP00000395772,BRIX1,GNL3,9606,0.98,0.0,0.0,0.0,0.851,0.807,0.0,0.386
9606.ENSP00000338862,9606.ENSP00000354040,BRIX1,GTPBP4,9606,0.998,0.0,0.0,0.0,0.958,0.955,0.0,0.38
9606.ENSP00000340019,9606.ENSP00000356256,HSPD1,TIMM17A,9606,0.706,0.0,0.0,0.0,0.148,0.0,0.5,0.366
9606.ENSP00000340019,9606.ENSP00000396308,HSPD1,DHFR,9606,0.755,0.0,0.0,0.0,0.154,0.292,0.0,0.625
9606.ENSP00000343081,9606.ENSP00000368318,PUS7L,PUSL1,9606,0.762,0.0,0.0,0.0,0.192,0.07,0.0,0.709
9606.ENSP00000344393,9606.ENSP00000359939,FCF1,EXOSC1,9606,0.801,0.0,0.0,0.0,0.269,0.552,0.4,0.109
9606.ENSP00000344393,9606.ENSP00000355609,FCF1,C1orf131,9606,0.818,0.0,0.0,0.0,0.127,0.8,0.0,0.0
9606.ENSP00000344393,9606.ENSP00000384952,FCF1,MRPS12,9606,0.834,0.0,0.0,0.0,0.142,0.815,0.0,0.0
9606.ENSP00000344393,9606.ENSP00000367806,FCF1,RPS16,9606,0.981,0.0,0.0,0.0,0.067,0.969,0.4,0.0
9606.ENSP00000346694,9606.ENSP00000400591,HNRNPA2B1,SNRPE,9606,0.777,0.0,0.0,0.0,0.677,0.268,0.0,0.135
9606.ENSP00000346694,9606.ENSP00000355011,HNRNPA2B1,ILF2,9606,0.841,0.0,0.0,0.0,0.752,0.208,0.0,0.253
9606.ENSP00000349486,9606.ENSP00000367629,SCRIB,ARHGEF16,9606,0.773,0.0,0.0,0.0,0.085,0.129,0.0,0.739
9606.ENSP00000349486,9606.ENSP00000361467,SCRIB,DLG5,9606,0.907,0.0,0.0,0.0,0.062,0.11,0.8,0.511
9606.ENSP00000349486,9606.ENSP00000363480,SCRIB,DLG3,9606,0.908,0.0,0.0,0.0,0.055,0.171,0.8,0.483
9606.ENSP00000350708,9606.ENSP00000369497,RAD23B,BRCA2,9606,0.81,0.0,0.0,0.0,0.042,0.0,0.54,0.604
9606.ENSP00000352252,9606.ENSP00000395929,H3C12,NSD1,9606,0.759,0.0,0.0,0.0,0.059,0.151,0.4,0.557
9606.ENSP00000352252,9606.ENSP00000481622,H3C12,H2BS1,9606,0.927,0.0,0.124,0.0,0.229,0.183,0.4,0.814
9606.ENSP00000352252,9606.ENSP00000369695,H3C12,MLLT3,9606,0.991,0.0,0.0,0.0,0.0,0.908,0.0,0.909
9606.ENSP00000352252,9606.ENSP00000386593,H3C12,PBRM1,9606,0.995,0.0,0.0,0.0,0.05,0.935,0.4,0.898
9606.ENSP00000352271,9606.ENSP00000369497,XRCC2,BRCA2,9606,0.982,0.0,0.0,0.0,0.123,0.098,0.5,0.96
9606.ENSP00000353475,9606.ENSP00000380131,CLDN7,CLDN6,9606,0.703,0.0,0.0,0.068,0.118,0.0,0.65,0.09
9606.ENSP00000353475,9606.ENSP00000409544,CLDN7,CLDN4,9606,0.953,0.0,0.0,0.061,0.352,0.0,0.65,0.807
9606.ENSP00000354040,9606.ENSP00000417402,GTPBP4,PUS7,9606,0.799,0.0,0.0,0.0,0.635,0.0,0.0,0.472
9606.ENSP00000354040,9606.ENSP00000398131,GTPBP4,GSPT1,9606,0.842,0.0,0.0,0.0,0.292,0.0,0.0,0.786
9606.ENSP00000354040,9606.ENSP00000358563,GTPBP4,DKC1,9606,0.882,0.0,0.0,0.0,0.768,0.374,0.0,0.253
9606.ENSP00000354040,9606.ENSP00000368887,GTPBP4,PAK1IP1,9606,0.885,0.0,0.0,0.0,0.667,0.099,0.0,0.647
9606.ENSP00000354040,9606.ENSP00000354091,GTPBP4,GNL3L,9606,0.991,0.0,0.0,0.0,0.833,0.873,0.0,0.644
9606.ENSP00000354040,9606.ENSP00000395772,GTPBP4,GNL3,9606,0.992,0.0,0.0,0.0,0.85,0.841,0.0,0.724
9606.ENSP00000354091,9606.ENSP00000400591,GNL3L,SNRPE,9606,0.743,0.0,0.0,0.0,0.121,0.0,0.72,0.0
9606.ENSP00000354091,9606.ENSP00000395772,GNL3L,GNL3,9606,0.922,0.0,0.0,0.129,0.054,0.0,0.9,0.17
9606.ENSP00000354091,9606.ENSP00000358563,GNL3L,DKC1,9606,0.963,0.0,0.0,0.0,0.71,0.434,0.72,0.302
9606.ENSP00000354376,9606.ENSP00000355511,RAB25,CHML,9606,0.742,0.0,0.0,0.0,0.0,0.099,0.5,0.475
9606.ENSP00000355011,9606.ENSP00000400591,ILF2,SNRPE,9606,0.784,0.0,0.0,0.0,0.749,0.0,0.0,0.176
9606.ENSP00000355609,9606.ENSP00000367806,C1orf131,RPS16,9606,0.8,0.0,0.0,0.0,0.0,0.8,0.0,0.0
9606.ENSP00000355961,9606.ENSP00000381064,INTS7,INTS10,9606,0.988,0.0,0.0,0.0,0.097,0.51,0.8,0.886
9606.ENSP00000356421,9606.ENSP00000447297,UCHL5,TGFBR1,9606,0.767,0.0,0.0,0.0,0.0,0.0,0.5,0.553
9606.ENSP00000356421,9606.ENSP00000359042,UCHL5,PRPF38B,9606,0.864,0.0,0.86,0.0,0.065,0.0,0.0,0.0
9606.ENSP00000356421,9606.ENSP00000383920,UCHL5,ASXL2,9606,0.887,0.0,0.0,0.0,0.085,0.813,0.0,0.397
9606.ENSP00000357305,9606.ENSP00000419060,RIT1,BRAF,9606,0.72,0.0,0.0,0.0,0.088,0.284,0.5,0.243
9606.ENSP00000358563,9606.ENSP00000400591,DKC1,SNRPE,9606,0.755,0.0,0.0,0.0,0.124,0.0,0.72,0.084
9606.ENSP00000358563,9606.ENSP00000417402,DKC1,PUS7,9606,0.832,0.0,0.0,0.0,0.393,0.0,0.0,0.735
9606.ENSP00000358563,9606.ENSP00000395772,DKC1,GNL3,9606,0.909,0.0,0.0,0.0,0.759,0.543,0.0,0.244
9606.ENSP00000359258,9606.ENSP00000434516,GCLM,TXNRD1,9606,0.795,0.0,0.0,0.0,0.176,0.046,0.0,0.76
9606.ENSP00000360365,9606.ENSP00000367806,MCTS1,RPS16,9606,0.842,0.0,0.0,0.0,0.242,0.8,0.0,0.0
9606.ENSP00000362576,9606.ENSP00000497569,YARS1,DARS2,9606,0.898,0.259,0.0,0.0,0.609,0.067,0.0,0.666
9606.ENSP00000362576,9606.ENSP00000364815,YARS1,VARS1,9606,0.956,0.264,0.0,0.0,0.693,0.097,0.0,0.809
9606.ENSP00000363023,9606.ENSP00000363480,DLGAP4,DLG3,9606,0.857,0.0,0.0,0.0,0.049,0.435,0.5,0.532
9606.ENSP00000364035,9606.ENSP00000407112,FAAH2,NAPEPLD,9606,0.807,0.114,0.0,0.0,0.043,0.0,0.0,0.79
9606.ENSP00000364035,9606.ENSP00000497569,FAAH2,DARS2,9606,0.9,0.115,0.0,0.0,0.297,0.401,0.673,0.308
9606.ENSP00000364815,9606.ENSP00000497569,VARS1,DARS2,9606,0.953,0.12,0.0,0.0,0.827,0.0,0.0,0.718
9606.ENSP00000367806,9606.ENSP00000384952,RPS16,MRPS12,9606,0.895,0.102,0.0,0.0,0.679,0.577,0.0,0.239
9606.ENSP00000367806,9606.ENSP00000398131,RPS16,GSPT1,9606,0.919,0.0,0.0,0.0,0.131,0.829,0.5,0.0
9606.ENSP00000368887,9606.ENSP00000395772,PAK1IP1,GNL3,9606,0.774,0.0,0.0,0.0,0.681,0.0,0.0,0.32
9606.ENSP00000369497,9606.ENSP00000419060,BRCA2,BRAF,9606,0.721,0.0,0.0,0.0,0.042,0.166,0.0,0.679
9606.ENSP00000369497,9606.ENSP00000405726,BRCA2,CDC45,9606,0.785,0.0,0.0,0.0,0.214,0.292,0.0,0.646
9606.ENSP00000371253,9606.ENSP00000378854,GART,PSPH,9606,0.728,0.28,0.0,0.0,0.318,0.0,0.0,0.49
9606.ENSP00000371253,9606.ENSP00000402608,GART,CPS1,9606,0.785,0.214,0.0,0.0,0.232,0.0,0.514,0.353
9606.ENSP00000371253,9606.ENSP00000396308,GART,DHFR,9606,0.989,0.112,0.0,0.0,0.175,0.0,0.9,0.875
9606.ENSP00000372482,9606.ENSP00000400591,SNRNP25,SNRPE,9606,0.731,0.0,0.0,0.0,0.079,0.0,0.72,0.0
9606.ENSP00000380697,9606.ENSP00000417078,IRF7,DHX36,9606,0.844,0.0,0.0,0.0,0.0,0.0,0.75,0.402
9606.ENSP00000382767,9606.ENSP00000384744,SEL1L3,DERL3,9606,0.724,0.0,0.0,0.0,0.121,0.581,0.0,0.312
9606.ENSP00000384952,9606.ENSP00000419665,MRPS12,SSBP1,9606,0.749,0.057,0.0,0.0,0.681,0.0,0.0,0.234
9606.ENSP00000393963,9606.ENSP00000405726,KIFC1,CDC45,9606,0.707,0.0,0.0,0.0,0.616,0.0,0.0,0.267
9606.ENSP00000419060,9606.ENSP00000497102,BRAF,CTLA4,9606,0.773,0.0,0.0,0.0,0.0,0.0,0.0,0.773
9606.ENSP00000495530,9606.ENSP00000496166,ENO1,ALDOA,9606,0.988,0.0,0.0,0.0,0.452,0.215,0.82,0.869
9606.ENSP00000229214,9606.ENSP00000419005,KRR1,UTP25,9606,0.905,0.0,0.0,0.0,0.254,0.106,0.8,0.375
