Gene,Mean_Cancer,Mean_Normal,Log2FC,T_Statistic,P_Value,Adjusted_P_Value,Significant,Regulation,Gene Symbol,Gene Title,Display_Name
242009_at,4.697217373287234,11.40887082535,-6.711653452062766,-26.00792893519371,2.6131858239580253e-63,2.868424749538905e-60,True,Downregulated,SLC6A4,"solute carrier family 6 (neurotransmitter transporter), member 4",SLC6A4
221132_at,4.069872463648935,10.663644112630003,-6.593771648981067,-27.00748232094102,4.5160407473095566e-55,1.722693387480793e-52,True,Downregulated,CLDN18,claudin 18,CLDN18
217046_s_at,4.928695853829788,11.090437222710001,-6.161741368880214,-35.878080422867285,2.192571525801141e-71,8.758125721923145e-68,True,Downregulated,AGER,advanced glycosylation end product-specific receptor,AGER
213456_at,4.082035109106383,10.0496002288,-5.967565119693616,-23.029620097958755,2.5914531486032964e-55,1.010028253991137e-52,True,Downregulated,SOSTDC1,sclerostin domain containing 1,SOSTDC1
219230_at,6.326038731861703,12.048043747520001,-5.722005015658298,-21.739590332157356,3.1683088871346624e-47,4.9537983082390975e-45,True,Downregulated,TMEM100,transmembrane protein 100,TMEM100
209469_at,3.7773843909574465,9.39937072541,-5.621986334452553,-32.746721876768355,3.390075071223936e-70,1.0129920987825036e-66,True,Downregulated,GPM6A,glycoprotein M6A,GPM6A
205866_at,6.665536651691489,12.07404607539,-5.4085094236985105,-21.336597860188792,2.216297496243381e-52,5.758733194828333e-50,True,Downregulated,FCN3,ficolin (collagen/fibrinogen domain containing) 3,FCN3
206742_at,4.984348700404255,10.33020346859,-5.3458547681857445,-24.39861554136283,3.554038693181052e-50,7.296088746238017e-48,True,Downregulated,FIGF,c-fos induced growth factor (vascular endothelial growth factor D) /// PIR-FIGF readthrough,FIGF
238062_at,2.8825860715744676,8.21551854584,-5.332932474265533,-30.559140757322073,1.918069912838603e-75,1.2895663541492138e-71,True,Downregulated,GPIHBP1,glycosylphosphatidylinositol anchored high density lipoprotein binding protein 1,GPIHBP1
203980_at,7.460530829500001,12.681320256500003,-5.220789427000002,-20.719530911102705,7.805595251582614e-43,7.619450929249047e-41,True,Downregulated,FABP4,"fatty acid binding protein 4, adipocyte",FABP4
206208_at,4.251615457670212,9.39113405885,-5.1395186011797875,-34.53066531185905,2.899591802949089e-84,7.797872235670986e-80,True,Downregulated,CA4,carbonic anhydrase IV,CA4
206701_x_at,4.429448118521277,9.541347396719999,-5.111899278198722,-29.199597901397848,9.722903626078878e-67,1.7431869814409285e-63,True,Downregulated,EDNRB,endothelin receptor type B,EDNRB
215454_x_at,7.9318083455531925,12.969575925200001,-5.037767579646808,-19.639968317720545,1.4104535507758816e-35,7.170383240267633e-34,True,Downregulated,SFTPC,surfactant protein C,SFTPC
209840_s_at,3.321326325095744,8.326639574509999,-5.005313249414255,-28.952405651105806,4.660934384541979e-68,1.0027720672278994e-64,True,Downregulated,LRRN3,leucine rich repeat neuronal 3,LRRN3
207547_s_at,3.740951966829787,8.73023642099,-4.989284454160213,-35.62854412193681,5.2351870676924144e-86,2.8157977162290423e-81,True,Downregulated,FAM107A,"family with sequence similarity 107, member A",FAM107A
201539_s_at,6.1858999338723395,11.030384586339999,-4.844484652467659,-25.002976806793445,1.3685649872138467e-52,3.662170965287759e-50,True,Downregulated,FHL1,four and a half LIM domains 1,FHL1
206159_at,2.8381614036702127,7.61232146573,-4.774160062059787,-30.568901121288345,1.4172046425624077e-75,1.088939555783738e-71,True,Downregulated,GDF10,growth differentiation factor 10,GDF10
230469_at,4.92770908062766,9.69929287123,-4.77158379060234,-28.777645834620362,1.0757060142400095e-69,3.045153877995429e-66,True,Downregulated,RTKN2,rhotekin 2,RTKN2
205200_at,7.92232462125532,12.679986976800002,-4.757662355544682,-26.05513242920669,2.94645571001979e-51,6.830951155996743e-49,True,Downregulated,CLEC3B,"C-type lectin domain family 3, member B /// exosome component 7",CLEC3B
241672_at,2.3221562883936167,7.06139599235,-4.7392397039563825,-31.5566794511635,2.262638217239568e-56,1.0675285890565563e-53,True,Downregulated,SERTM1,serine-rich and transmembrane domain containing 1,SERTM1
219689_at,3.815405560702128,8.52208488662,-4.706679325917872,-25.31775351797388,5.326074531442215e-63,5.509004706695211e-60,True,Downregulated,SEMA3G,"sema domain, immunoglobulin domain (Ig), short basic domain, secreted, (semaphorin) 3G",SEMA3G
209904_at,5.357779434670213,10.01203972602,-4.654260291349787,-22.19094862340641,1.1904255333139254e-43,1.2678856977192631e-41,True,Downregulated,TNNC1,troponin C type 1 (slow),TNNC1
206651_s_at,5.897448273393616,10.525975203899998,-4.628526930506382,-16.02247543995802,6.805693562976397e-33,2.6699564841593616e-31,True,Downregulated,CPB2,carboxypeptidase B2 (plasma),CPB2
1555191_a_at,3.1940749499468084,7.82090468038,-4.626829730433192,-32.99121569351098,9.505070080839007e-81,1.2780992484200171e-76,True,Downregulated,FHL5,four and a half LIM domains 5,FHL5
228885_at,6.406470829500001,10.98337658974,-4.57690576024,-19.828392334415337,3.652676097361338e-38,2.4314707496618433e-36,True,Downregulated,MAMDC2,MAM domain containing 2,MAMDC2
243813_at,4.389114756787233,8.94058462192,-4.551469865132766,-27.62309172327714,1.672446203162419e-65,2.367215565349839e-62,True,Downregulated,LINC00968,long intergenic non-protein coding RNA 968,LINC00968
205384_at,3.98696509469149,8.49292802529,-4.5059629305985105,-25.568043975829152,2.2698602520340657e-51,5.331297096764378e-49,True,Downregulated,FXYD1,FXYD domain containing ion transport regulator 1,FXYD1
1552509_a_at,2.4703370906170217,6.94093799796,-4.470600907342979,-22.515826162656907,1.577661001619451e-43,1.6482511413539765e-41,True,Downregulated,CD300LG,CD300 molecule-like family member g,CD300LG
228766_at,6.623304502872339,11.080116180160001,-4.456811677287662,-23.441158225635682,1.896038633394e-49,3.5782573310782345e-47,True,Downregulated,CD36,CD36 molecule (thrombospondin receptor),CD36
211699_x_at,8.842786358659575,13.294288039200001,-4.451501680540426,-20.405164807737442,9.526782035780882e-46,1.2939583297386628e-43,True,Downregulated,HBA1,"hemoglobin, alpha 1 /// hemoglobin, alpha 2",HBA1
239650_at,4.037760744202127,8.48249323179,-4.444732487587873,-28.761212338156753,1.4133856598978685e-62,1.4077844648753105e-59,True,Downregulated,NCKAP5,NCK-associated protein 5,NCKAP5
205433_at,4.248049900585106,8.685964400040001,-4.437914499454895,-20.337268580716035,1.845174259551404e-46,2.6968625740280384e-44,True,Downregulated,BCHE,butyrylcholinesterase,BCHE
223623_at,5.235980623414894,9.646629419359998,-4.410648795945105,-19.02302184270928,2.287779242641136e-42,2.107029012751646e-40,True,Downregulated,C2orf40,chromosome 2 open reading frame 40,C2orf40
1555497_a_at,6.2504064565212785,10.64864806373,-4.398241607208722,-15.411046448246994,7.59134773760389e-30,2.293866457386308e-28,True,Downregulated,CYP4B1,"cytochrome P450, family 4, subfamily B, polypeptide 1",CYP4B1
215918_s_at,4.89280740237234,9.283924882720001,-4.391117480347661,-31.661421657481643,5.615273599116209e-68,1.16162733000794e-64,True,Downregulated,SPTBN1,"spectrin, beta, non-erythrocytic 1",SPTBN1
207302_at,2.571117699968085,6.95966329745,-4.388545597481915,-30.831208397056965,2.3000067388860247e-67,4.581783794730509e-64,True,Downregulated,SGCG,"sarcoglycan, gamma (35kDa dystrophin-associated glycoprotein)",SGCG
220037_s_at,4.630297016617021,9.01732063791,-4.387023621292979,-24.87798216816671,3.0261967211612364e-61,2.6252744652319074e-58,True,Downregulated,LYVE1,lymphatic vessel endothelial hyaluronan receptor 1,LYVE1
238222_at,6.0978619988404255,10.45503563589,-4.357173637049575,-13.936641289534785,1.0165642317311366e-25,2.1349833568094852e-24,True,Downregulated,GKN2,gastrokine 2,GKN2
1556579_s_at,4.649890165393617,8.981540258719999,-4.331650093326382,-26.10706018742339,4.150839062985288e-56,1.876109494468292e-53,True,Downregulated,IGSF10,"immunoglobulin superfamily, member 10",IGSF10
227874_at,6.002867079670212,10.329012160389999,-4.326145080719787,-22.60114759479486,2.4092642177394995e-46,3.502288789603695e-44,True,Downregulated,EMCN,endomucin,EMCN
220677_s_at,3.641903832180851,7.930457379440001,-4.28855354725915,-29.05808755251683,2.2796593929075227e-71,8.758125721923145e-68,True,Downregulated,ADAMTS8,"ADAM metallopeptidase with thrombospondin type 1 motif, 8",ADAMTS8
221796_at,2.715143630148936,6.99245800882,-4.277314378671064,-18.36465679421099,4.439632193107235e-39,3.1627822137545128e-37,True,Downregulated,NTRK2,"neurotrophic tyrosine kinase, receptor, type 2",NTRK2
224061_at,7.370131359053192,11.640870385340003,-4.270739026286811,-21.635218275196582,5.660318325399451e-43,5.606738148249261e-41,True,Downregulated,INMT,indolethylamine N-methyltransferase,INMT
205326_at,5.301803328010639,9.566237199890002,-4.264433871879364,-22.97323125784754,1.835172478397574e-54,6.409518631369605e-52,True,Downregulated,RAMP3,receptor (G protein-coupled) activity modifying protein 3,RAMP3
229309_at,6.245440078914895,10.508327263810001,-4.2628871848951055,-16.4586433950947,1.4827393740380264e-32,5.636086217103129e-31,True,Downregulated,ADRB1,adrenoceptor beta 1,ADRB1
225660_at,4.509367169170213,8.76895634675,-4.259589177579787,-27.504514165396944,3.934083302313035e-65,5.289965112455222e-62,True,Downregulated,SEMA6A,"sema domain, transmembrane domain (TM), and cytoplasmic domain, (semaphorin) 6A",SEMA6A
218711_s_at,6.756624155680851,11.01614916637,-4.25952501068915,-24.508230465075215,1.2356330070755746e-51,2.9936827440795883e-49,True,Downregulated,SDPR,serum deprivation response,SDPR
228568_at,4.930526453382979,9.170609029740001,-4.240082576357023,-27.004623970158203,3.214335091494562e-64,3.929232437071057e-61,True,Downregulated,MYZAP,myocardial zonula adherens protein,MYZAP
205019_s_at,5.909295355563831,10.10780677935,-4.198511423786169,-21.3706418443771,1.2148465364234864e-52,3.267086790403682e-50,True,Downregulated,VIPR1,vasoactive intestinal peptide receptor 1,VIPR1
236359_at,4.49562968288298,8.687112481729999,-4.191482798847019,-26.765850244628616,7.380267466365855e-63,7.489718225395358e-60,True,Downregulated,SCN4B,"sodium channel, voltage-gated, type IV, beta subunit",SCN4B
213974_at,3.40002032625532,7.580057619389999,-4.180037293134679,-32.15904432860439,5.28844175241949e-75,3.1604903121737185e-71,True,Downregulated,ADAMTSL3,ADAMTS-like 3,ADAMTSL3
238018_at,4.075065241723404,8.253412640689998,-4.178347398966594,-22.448553438115304,1.902332673604526e-48,3.2899956650319304e-46,True,Downregulated,FAM150B,"family with sequence similarity 150, member B",FAM150B
212713_at,8.412796872340424,12.569225013719999,-4.156428141379575,-20.122478896902027,1.9293425681771817e-40,1.5149141514157356e-38,True,Downregulated,MFAP4,microfibrillar-associated protein 4,MFAP4
204712_at,9.032988872478722,13.116426278800002,-4.083437406321281,-12.07430301345335,3.168213110879888e-21,4.4784628221231445e-20,True,Downregulated,WIF1,WNT inhibitory factor 1,WIF1
203065_s_at,9.347710149680852,13.407503331400001,-4.059793181719149,-24.185538564489978,1.7385486489737577e-45,2.2975326199926913e-43,True,Downregulated,CAV1,"caveolin 1, caveolae protein, 22kDa",CAV1
209793_at,2.624247439808511,6.68046522391,-4.056217784101489,-28.77724667844458,2.5877140016517908e-54,8.865145560053709e-52,True,Downregulated,GRIA1,"glutamate receptor, ionotropic, AMPA 1",GRIA1
205725_at,9.332419825861702,13.38672726705,-4.054307441188298,-8.296640369479478,5.1874745370979835e-14,3.7847735411333715e-13,True,Downregulated,SCGB1A1,"secretoglobin, family 1A, member 1 (uteroglobin)",SCGB1A1
227848_at,7.214365539521277,11.258480513000002,-4.044114973478725,-15.665212034144883,3.8403721446016355e-29,1.0837264227153386e-27,True,Downregulated,PEBP4,phosphatidylethanolamine-binding protein 4,PEBP4
229529_at,2.97304222093617,7.0074092865500015,-4.034367065613831,-27.581255123865432,3.826235783461941e-67,7.349925637474427e-64,True,Downregulated,TCF21,transcription factor 21,TCF21
205779_at,5.358437201468084,9.37410910141,-4.015671899941915,-26.058821289246787,3.191350559541586e-64,3.929232437071057e-61,True,Downregulated,RAMP2,receptor (G protein-coupled) activity modifying protein 2,RAMP2
223775_at,3.0005100864255314,7.0116236036299995,-4.011113517204468,-27.86869091110217,5.850538613253338e-69,1.3681611732714959e-65,True,Downregulated,HHIP,hedgehog interacting protein,HHIP
235568_at,7.03085081181915,11.038642642789998,-4.007791830970849,-17.934190163686154,1.527238989837094e-39,1.117606480372489e-37,True,Downregulated,MCEMP1,mast cell-expressed membrane protein 1,MCEMP1
220351_at,3.9706209815531914,7.966664375999999,-3.9960433944468075,-25.067368562746136,3.957733285472747e-52,1.00886560422956e-49,True,Downregulated,ACKR4,atypical chemokine receptor 4,ACKR4
217232_x_at,8.928735125276596,12.913430909199999,-3.984695783923403,-18.319973657874023,9.920947614317099e-40,7.3702774638627e-38,True,Downregulated,HBB,"hemoglobin, beta",HBB
206069_s_at,3.6971499083085098,7.673579473530001,-3.9764295652214914,-27.731967395365807,1.5609859805516205e-60,1.2531222679096934e-57,True,Downregulated,ACADL,"acyl-CoA dehydrogenase, long chain",ACADL
209614_at,5.543318421882978,9.51912884515,-3.9758104232670224,-21.04019388227323,3.6228844714811573e-41,3.04945953338162e-39,True,Downregulated,ADH1B,"alcohol dehydrogenase 1B (class I), beta polypeptide",ADH1B
217177_s_at,3.6887326784042553,7.652662277840001,-3.9639295994357457,-33.029308732020056,2.363322810551515e-79,2.5422736137664757e-75,True,Downregulated,PTPRB,"protein tyrosine phosphatase, receptor type, B",PTPRB
218730_s_at,4.52191870756383,8.454216698589999,-3.932297991026169,-14.985998045979592,1.1300145114264825e-31,3.967295072557754e-30,True,Downregulated,OGN,osteoglycin,OGN
203571_s_at,8.46892887518085,12.3990466642,-3.9301177890191497,-18.808899946283994,1.9905406182843706e-36,1.104883567544305e-34,True,Downregulated,ADIRF,adipogenesis regulatory factor,ADIRF
232122_s_at,6.030724611180852,9.960484617719999,-3.929760006539147,-16.970254114511594,1.6206491802751798e-31,5.62738778633188e-30,True,Downregulated,VEPH1,ventricular zone expressed PH domain-containing 1,VEPH1
235591_at,4.180061659851064,8.102369231620001,-3.922307571768937,-20.557906774027416,2.5489383203258838e-49,4.793608269127552e-47,True,Downregulated,SSTR1,somatostatin receptor 1,SSTR1
228434_at,6.886831124819149,10.802825800610002,-3.915994675790853,-21.87469697233618,1.0866852133628972e-48,1.922646410721605e-46,True,Downregulated,BTNL9,butyrophilin-like 9,BTNL9
219719_at,4.840761816127659,8.749892893470001,-3.9091310773423418,-21.791436819578067,7.713741226812426e-43,7.543477920460602e-41,True,Downregulated,HIGD1B,"HIG1 hypoxia inducible domain family, member 1B",HIGD1B
242809_at,3.57558318474468,7.484597683889999,-3.909014499145319,-20.907789334200448,5.040834080269413e-46,7.023997457030327e-44,True,Downregulated,IL1RL1,interleukin 1 receptor-like 1,IL1RL1
222121_at,3.4596079717872334,7.336510164990002,-3.8769021932027683,-29.06481510298389,2.486809053035117e-71,8.917034115103122e-68,True,Downregulated,ARHGEF26,Rho guanine nucleotide exchange factor (GEF) 26,ARHGEF26
210619_s_at,4.792074322255319,8.66627464742,-3.874200325164681,-17.8254607128045,4.348988216037583e-34,1.9095075933697752e-32,True,Downregulated,HYAL1,hyaluronoglucosaminidase 1,HYAL1
206702_at,6.00691146651064,9.88023531608,-3.8733238495693607,-28.472777403697553,5.258209323806681e-66,9.1231627964602e-63,True,Downregulated,TEK,"TEK tyrosine kinase, endothelial",TEK
227929_at,4.447591228457447,8.320567050239998,-3.8729758217825507,-28.048408461640275,1.1269514487403847e-59,8.081894749593377e-57,True,Downregulated,LIN7A,lin-7 homolog A (C. elegans),LIN7A
209220_at,6.189482213776595,10.056999511219999,-3.8675172974434044,-20.861621084099724,4.747955261604076e-44,5.27631243183134e-42,True,Downregulated,GPC3,glypican 3,GPC3
217628_at,4.4195220510851065,8.28594875226,-3.866426701174893,-23.722435140128802,1.0208946748953165e-56,5.0842445355481015e-54,True,Downregulated,CLIC5,chloride intracellular channel 5,CLIC5
234996_at,5.970137577170215,9.81950527493,-3.849367697759785,-24.831896987064912,1.9537770791068452e-55,7.784137331617836e-53,True,Downregulated,CALCRL,calcitonin receptor-like,CALCRL
204719_at,7.116021476670213,10.957621641449999,-3.841600164779786,-16.856266519350047,2.099106222788041e-31,7.228074731042098e-30,True,Downregulated,ABCA8,"ATP-binding cassette, sub-family A (ABC1), member 8",ABCA8
226462_at,3.4674020447659584,7.3032915177,-3.8358894729340416,-24.353697477788035,9.174820536688736e-60,6.668606721437032e-57,True,Downregulated,STXBP6,syntaxin binding protein 6 (amisyn),STXBP6
205792_at,5.1756981959255315,9.009845303430001,-3.83414710750447,-17.1090764676208,1.2380657592828685e-35,6.3419623741703205e-34,True,Downregulated,WISP2,WNT1 inducible signaling pathway protein 2,WISP2
236029_at,4.077512204595744,7.871048151450001,-3.7935359468542567,-24.854963529241758,2.4818078178048027e-60,1.9630369895360164e-57,True,Downregulated,FAT3,FAT atypical cadherin 3,FAT3
229127_at,6.405349260021277,10.188371115969998,-3.7830218559487214,-24.673025444473353,1.4598203195895301e-52,3.848916456345219e-50,True,Downregulated,JAM2,junctional adhesion molecule 2,JAM2
205935_at,6.4554007028617,10.219697500239999,-3.7642967973782984,-27.278950890382117,4.734148675237418e-60,3.5863509950185884e-57,True,Downregulated,FOXF1,forkhead box F1,FOXF1
228504_at,7.5288075098723395,11.285101041219997,-3.7562935313476578,-18.432135276350134,8.12199766689324e-36,4.224852674192648e-34,True,Downregulated,SCN7A,"sodium channel, voltage-gated, type VII, alpha subunit",SCN7A
230720_at,3.5607647463829792,7.316399686880001,-3.755634940497022,-22.893054279614987,2.300864612581547e-53,6.990528907545296e-51,True,Downregulated,RNF182,ring finger protein 182,RNF182
205883_at,5.419341056425531,9.172956836510002,-3.7536157800844707,-14.986837810031783,6.822766203401903e-33,2.674703374753461e-31,True,Downregulated,ZBTB16,zinc finger and BTB domain containing 16,ZBTB16
204154_at,5.1030798738829795,8.85171004387,-3.7486301699870204,-21.868462903249064,2.794214546477007e-48,4.756000746734566e-46,True,Downregulated,CDO1,cysteine dioxygenase type 1,CDO1
205960_at,4.971830728202128,8.71586030513,-3.744029576927873,-22.677184752610135,5.25467087395011e-56,2.3166207182482016e-53,True,Downregulated,PDK4,"pyruvate dehydrogenase kinase, isozyme 4",PDK4
214146_s_at,3.716484633691488,7.45841682051,-3.741932186818512,-13.815348768659232,1.0243983252206838e-29,3.0525367490481823e-28,True,Downregulated,PPBP,pro-platelet basic protein (chemokine (C-X-C motif) ligand 7),PPBP
226625_at,7.278048995744681,11.018387043649998,-3.7403380479053174,-23.034232092905825,5.045742628914289e-45,6.296759003220045e-43,True,Downregulated,TGFBR3,"transforming growth factor, beta receptor III",TGFBR3
227419_x_at,5.794103661776594,9.53293953739,-3.7388358756134057,-23.869528751945737,1.3951659232930907e-48,2.436376439942928e-46,True,Downregulated,PLAC9,placenta-specific 9,PLAC9
205608_s_at,6.148949755638298,9.88659136782,-3.7376416121817018,-18.764992164783788,3.702859290263982e-37,2.2252736288954026e-35,True,Downregulated,ANGPT1,angiopoietin 1,ANGPT1
217546_at,5.537412354691489,9.270329938889999,-3.7329175841985096,-16.186130436191114,2.95868257669048e-37,1.7880415850547659e-35,True,Downregulated,MT1M,metallothionein 1M,MT1M
210067_at,6.404869426606383,10.13650258942,-3.7316331628136163,-14.190613061974968,1.0092991256592197e-27,2.5202489680922372e-26,True,Downregulated,AQP4,aquaporin 4,AQP4
219682_s_at,5.032900089819149,8.75123727368,-3.71833718386085,-25.050794910157563,3.668842359057848e-57,1.9346309325910334e-54,True,Downregulated,TBX3,T-box 3,TBX3
1555216_a_at,3.715796535840426,7.4281385569200005,-3.7123420210795746,-26.32203565225379,1.1888529261556303e-58,7.612338510262706e-56,True,Downregulated,LOC101060604,"putative L-type amino acid transporter 1-like protein IMAA-like /// solute carrier family 7 (amino acid transporter light chain, L system), member 5 pseudogene 1 /// solute carrier family 7 (amino acid transporter light chain, L system), member 5 pseudogene 2",LOC101060604
235108_at,3.6289408188723407,7.340186661260001,-3.71124584238766,-26.374569751652366,9.74539794573145e-66,1.4596898635420014e-62,True,Downregulated,KCNK3,"potassium channel, subfamily K, member 3",KCNK3
205554_s_at,4.7961162749042545,8.49815753276,-3.702041257855746,-17.180307475072837,3.101407154412101e-40,2.389860819587525e-38,True,Downregulated,DNASE1L3,deoxyribonuclease I-like 3,DNASE1L3
224339_s_at,3.4118470016382973,7.113079760350002,-3.701232758711704,-27.131200336256423,7.893728471176568e-67,1.4640416536231135e-63,True,Downregulated,ANGPTL1,angiopoietin-like 1,ANGPTL1
1560850_at,5.352033458702128,9.04112210647,-3.689088647767872,-13.424720953173106,7.063930965489874e-28,1.7871147267631155e-26,True,Downregulated,LOC101926959,uncharacterized LOC101926959,LOC101926959
203074_at,5.8571263102234035,9.54078429095,-3.683657980726597,-15.356072117656916,4.774492247057349e-31,1.588131354361327e-29,True,Downregulated,ANXA8,annexin A8 /// annexin A8-like 1,ANXA8
205978_at,4.467123783521277,8.13545422569,-3.668330442168722,-24.097134372064357,3.4838253155404424e-53,1.0239400460199903e-50,True,Downregulated,KL,klotho,KL
205472_s_at,3.470765302872342,7.13486743035,-3.664102127477658,-26.39444315626896,9.209785069775128e-66,1.4596898635420014e-62,True,Downregulated,DACH1,dachshund family transcription factor 1,DACH1
235849_at,4.9660969618404245,8.62594474863,-3.659847786789575,-20.448036932407703,4.91329545782218e-50,9.934831184000894e-48,True,Downregulated,SCARA5,"scavenger receptor class A, member 5 (putative)",SCARA5
219478_at,5.7572332718617005,9.41183934283,-3.654606070968299,-17.704408301197958,2.174045905335256e-36,1.2011824823310198e-34,True,Downregulated,WFDC1,WAP four-disulfide core domain 1,WFDC1
238906_s_at,3.4954040936595736,7.147654792039999,-3.6522506983804255,-24.429966150753668,4.123665040179724e-60,3.1685063978729515e-57,True,Downregulated,RHOJ,ras homolog family member J,RHOJ
202222_s_at,4.2805921858617015,7.92212485494,-3.6415326690782983,-19.08920168624638,3.498612453811065e-41,2.9528843221925875e-39,True,Downregulated,DES,desmin,DES
1552667_a_at,4.216728279819149,7.85447252243,-3.637744242610851,-28.376108982287445,1.3233639235125785e-70,4.186967764120444e-67,True,Downregulated,SH2D3C,SH2 domain containing 3C,SH2D3C
226950_at,6.367879190351065,10.000716270269999,-3.632837079918934,-26.143268352346766,2.2864528951544212e-57,1.2422136910987444e-54,True,Downregulated,ACVRL1,activin A receptor type II-like 1,ACVRL1
223678_s_at,11.565628861340427,15.196169306699998,-3.6305404453595713,-11.139677795860454,5.008851435419589e-19,5.849024822090274e-18,True,Downregulated,SFTPA1,surfactant protein A1 /// surfactant protein A2,SFTPA1
211726_s_at,8.32412544168085,11.952006172360003,-3.627880730679152,-20.599411096075,5.917463509460545e-44,6.495442700404997e-42,True,Downregulated,FMO2,flavin containing monooxygenase 2 (non-functional),FMO2
213715_s_at,4.689655998021276,8.315353144010002,-3.6256971459887257,-27.39666757276618,9.289507747253434e-66,1.4596898635420014e-62,True,Downregulated,KANK3,KN motif and ankyrin repeat domains 3,KANK3
209763_at,7.879356428712764,11.503669663230001,-3.6243132345172366,-17.8196933358171,3.291277218757341e-34,1.460599310957775e-32,True,Downregulated,CHRDL1,chordin-like 1,CHRDL1
244455_at,4.543993286159575,8.154634540080002,-3.610641253920427,-22.978460850757756,1.1281029526855254e-48,1.9893818168243825e-46,True,Downregulated,KCNT2,"potassium channel, subfamily T, member 2",KCNT2
206311_s_at,5.422971765989361,9.0080519255,-3.585080159510639,-15.816765293566718,6.171919292610055e-32,2.2204872981426384e-30,True,Downregulated,PLA2G1B,"phospholipase A2, group IB (pancreas)",PLA2G1B
205856_at,4.044722291042553,7.624948486250002,-3.580226195207449,-17.48987918761908,2.3092269944021555e-41,1.968368987653159e-39,True,Downregulated,SLC14A1,"solute carrier family 14 (urea transporter), member 1 (Kidd blood group)",SLC14A1
219597_s_at,6.226896892212766,9.806725772650001,-3.579828880437235,-16.662429292694235,1.579126683685803e-32,5.993994905344009e-31,True,Downregulated,DUOX1,dual oxidase 1,DUOX1
1555801_s_at,6.094963107787234,9.67382441505,-3.5788613072627653,-13.741843666043007,3.9715492641047664e-25,7.870808722149556e-24,True,Downregulated,ZNF385B,zinc finger protein 385B,ZNF385B
202524_s_at,7.067832357468085,10.644273274750002,-3.576440917281918,-26.45367990744654,5.742231378485775e-57,2.998559775953747e-54,True,Downregulated,SPOCK2,"sparc/osteonectin, cwcv and kazal-like domains proteoglycan (testican) 2",SPOCK2
203296_s_at,3.9364843646382965,7.5060458183600005,-3.569561453721704,-20.7688213755346,4.56355104531364e-46,6.446907335723208e-44,True,Downregulated,ATP1A2,"ATPase, Na+/K+ transporting, alpha 2 polypeptide",ATP1A2
204677_at,6.670400724595743,10.2377847958,-3.5673840712042564,-25.40142892380343,7.771497611748777e-55,2.902762295454998e-52,True,Downregulated,CDH5,"cadherin 5, type 2 (vascular endothelium)",CDH5
228875_at,6.505395387553191,10.06181953387,-3.556424146316809,-21.224610438789835,1.0391238767061495e-43,1.1111394996524247e-41,True,Downregulated,FAM162B,"family with sequence similarity 162, member B",FAM162B
234310_s_at,5.263197080148935,8.81792713019,-3.554730050041065,-16.417283739269262,2.8639202355025985e-32,1.0608733731869336e-30,True,Downregulated,SUSD2,sushi domain containing 2,SUSD2
205498_at,4.488857396510638,8.01680168743,-3.527944290919362,-24.35925366999766,8.635093238823985e-54,2.781120508643035e-51,True,Downregulated,GHR,growth hormone receptor,GHR
206658_at,4.893341546893616,8.39996112654,-3.506619579646383,-15.109315227203279,5.384837918473214e-32,1.9490504191318994e-30,True,Downregulated,UPK3B,uroplakin 3B,UPK3B
231991_at,4.805177491914893,8.31140126378,-3.5062237718651073,-23.68211275366056,6.043253468197024e-52,1.5118252606532331e-49,True,Downregulated,CCM2L,cerebral cavernous malformation 2-like,CCM2L
227198_at,5.4479617540000005,8.94633009236,-3.4983683383599997,-16.300655207998624,1.8771141179294664e-31,6.49276269755333e-30,True,Downregulated,AFF3,"AF4/FMR2 family, member 3",AFF3
218625_at,4.130069788829787,7.627929590880001,-3.497859802050214,-18.21721953910958,1.67057726159775e-36,9.359757145030894e-35,True,Downregulated,NRN1,neuritin 1,NRN1
203812_at,4.843320399755319,8.339482007310002,-3.496161607554683,-26.011355206379502,9.303834077502465e-55,3.4275069841955315e-52,True,Downregulated,SLIT3,slit homolog 3 (Drosophila),SLIT3
235228_at,4.913594363819148,8.405985618929998,-3.4923912551108502,-21.28075319477028,1.6209524656894766e-45,2.1527049214709678e-43,True,Downregulated,CCDC85A,coiled-coil domain containing 85A,CCDC85A
228302_x_at,3.5886935175638293,7.075984633800001,-3.4872911162361717,-19.09592838431975,4.608785805187402e-43,4.599038094950085e-41,True,Downregulated,CAMK2N1,calcium/calmodulin-dependent protein kinase II inhibitor 1,CAMK2N1
224013_s_at,2.563283258170213,6.049023513020002,-3.4857402548497887,-25.27573444538063,2.1561338284183915e-53,6.589193982688159e-51,True,Downregulated,SOX7,SRY (sex determining region Y)-box 7,SOX7
206898_at,3.220464877244681,6.70260234166,-3.4821374644153185,-27.70036229806866,5.455614975363637e-69,1.333798668476857e-65,True,Downregulated,CDH19,"cadherin 19, type 2",CDH19
223836_at,2.4119687726914893,5.882605314449998,-3.470636541758509,-21.60145581084816,4.484864088148465e-42,4.020381664085889e-40,True,Downregulated,FGFBP2,fibroblast growth factor binding protein 2,FGFBP2
203435_s_at,5.088727293170212,8.558837583089998,-3.470110289919786,-20.863139067592492,3.20792521371162e-51,7.393042222907132e-49,True,Downregulated,MME,membrane metallo-endopeptidase,MME
219937_at,2.901177727234042,6.3702018126099995,-3.4690240853759575,-28.4322405843573,1.0779912705601457e-70,3.62380240489675e-67,True,Downregulated,TRHDE,thyrotropin-releasing hormone degrading enzyme,TRHDE
202768_at,7.3177778244042555,10.78529244213,-3.4675146177257448,-10.536139674701833,1.7707501336661825e-20,2.3586321616981e-19,True,Downregulated,FOSB,FBJ murine osteosarcoma viral oncogene homolog B,FOSB
227006_at,7.04648797055319,10.51247291795,-3.4659849473968096,-19.449948707931426,1.0594292634077968e-38,7.390721447685053e-37,True,Downregulated,PPP1R14A,"protein phosphatase 1, regulatory (inhibitor) subunit 14A",PPP1R14A
205392_s_at,6.665369708127661,10.129426389079999,-3.4640566809523383,-15.623803166833916,2.714871472939942e-33,1.1087477376123593e-31,True,Downregulated,CCL14,chemokine (C-C motif) ligand 14 /// CCL15-CCL14 readthrough (NMD candidate),CCL14
206481_s_at,7.602330106361703,11.062608243949999,-3.460278137588296,-24.303927510192487,5.456808618694912e-51,1.2028684769062482e-48,True,Downregulated,LDB2,LIM domain binding 2,LDB2
204894_s_at,9.631306452712765,13.090941024000001,-3.4596345712872356,-21.661732409558937,2.501246628849233e-43,2.5576435585415366e-41,True,Downregulated,AOC3,"amine oxidase, copper containing 3",AOC3
220266_s_at,5.683868563446809,9.14066554782,-3.4567969843731907,-17.419089125061053,1.9549545679619566e-38,1.3360760659771513e-36,True,Downregulated,KLF4,Kruppel-like factor 4 (gut),KLF4
218876_at,6.7549224619787225,10.200413055360002,-3.4454905933812796,-14.934121861002382,2.3117960693069043e-30,7.271477390862056e-29,True,Downregulated,TPPP3,tubulin polymerization-promoting protein family member 3,TPPP3
206170_at,5.603382354074467,9.04848897134,-3.445106617265532,-22.550827020795552,7.405813578029716e-47,1.1095517802448644e-44,True,Downregulated,ADRB2,"adrenoceptor beta 2, surface",ADRB2
233947_s_at,4.360072034851065,7.798986892070001,-3.4389148572189363,-22.886819447413373,5.265405859725159e-51,1.1702690891370968e-48,True,Downregulated,TBX5-AS1,TBX5 antisense RNA 1,TBX5-AS1
1560359_at,3.5886038172978725,7.016545209349999,-3.427941392052127,-26.53457408772221,9.769983841057533e-66,1.4596898635420014e-62,True,Downregulated,ITGA1,"integrin, alpha 1",ITGA1
226028_at,7.292915632819147,10.718892883340002,-3.425977250520855,-26.004119064029965,1.6519514820980004e-58,1.0331611908851517e-55,True,Downregulated,ROBO4,"roundabout, axon guidance receptor, homolog 4 (Drosophila)",ROBO4
209168_at,4.721283862287234,8.144911555399998,-3.4236276931127643,-23.06609970691143,2.4105437239411705e-55,9.463759469773709e-53,True,Downregulated,GPM6B,glycoprotein M6B,GPM6B
206283_s_at,4.202060230542553,7.62154057627,-3.4194803457274467,-29.547163721838327,2.4301009795924042e-73,1.3070541128835705e-69,True,Downregulated,TAL1,T-cell acute lymphocytic leukemia 1,TAL1
205637_s_at,2.4231046330319144,5.83955364544,-3.4164490124080853,-29.967933755712224,2.096125007600517e-54,7.273689010245252e-52,True,Downregulated,SH3GL3,SH3-domain GRB2-like 3,SH3GL3
242340_at,3.937656889659576,7.3515953876000015,-3.4139384979404257,-22.18266553279802,2.0389768684629436e-51,4.852584506510969e-49,True,Downregulated,RP1-78O14.1,,RP1-78O14.1
213900_at,5.436355812925531,8.83171490913,-3.3953590962044684,-20.527935548343734,2.555315667341083e-43,2.6030342515834754e-41,True,Downregulated,FAM189A2,"family with sequence similarity 189, member A2",FAM189A2
243818_at,7.104254838361702,10.48774561649,-3.383490778128299,-13.875250706453805,2.6788865152387216e-25,5.412719388002625e-24,True,Downregulated,SFTA1P,"surfactant associated 1, pseudogene",SFTA1P
219909_at,4.473665789808511,7.8566989416799995,-3.383033151871489,-16.449818254097245,2.5648443644980963e-31,8.75890279294569e-30,True,Downregulated,MMP28,matrix metallopeptidase 28,MMP28
231001_at,5.0494203691595745,8.43161688351,-3.382196514350425,-19.364599634789503,5.674156094073356e-47,8.694876344040729e-45,True,Downregulated,FIBIN,fin bud initiation factor homolog (zebrafish),FIBIN
202242_at,7.085009814234043,10.467087483099998,-3.3820776688659553,-14.760139958876433,1.364143155481639e-27,3.3703171226796253e-26,True,Downregulated,TSPAN7,tetraspanin 7,TSPAN7
208609_s_at,5.566024907074467,8.94357366128,-3.3775487542055336,-20.870958401384616,1.3234667919035735e-44,1.5610522997659124e-42,True,Downregulated,TNXA,tenascin XA (pseudogene) /// tenascin XB,TNXA
206167_s_at,5.455031868638297,8.83012901175,-3.3750971431117023,-22.121459726962847,1.5971297279722823e-44,1.86746129453733e-42,True,Downregulated,ARHGAP6,Rho GTPase activating protein 6,ARHGAP6
1564194_a_at,3.7426350971170215,7.10427017923,-3.361635082112979,-13.61004965085514,7.965640282622159e-28,2.0058049074958586e-26,True,Downregulated,MS4A15,"membrane-spanning 4-domains, subfamily A, member 15",MS4A15
205612_at,4.80565108944681,8.1597380386,-3.3540869491531904,-15.114095173479024,7.822199237740422e-33,3.048730494210916e-31,True,Downregulated,MMRN1,multimerin 1,MMRN1
225369_at,6.4088189016063835,9.74840086847,-3.3395819668636166,-21.863249974519523,3.8538202202927025e-44,4.3273815108280434e-42,True,Downregulated,ESAM,endothelial cell adhesion molecule,ESAM
1559605_a_at,3.0140989960744675,6.34926991032,-3.335170914245533,-23.63218123550441,1.250661237532292e-58,7.913890037871984e-56,True,Downregulated,LOC285043,uncharacterized LOC285043,LOC285043
241782_at,3.919018521510639,7.249750514669999,-3.3307319931593597,-24.688166573254776,4.656094335731212e-59,3.130408624270487e-56,True,Downregulated,NEBL,nebulette,NEBL
203835_at,5.913379436276594,9.23828617214,-3.324906735863406,-19.919614571045297,2.2336556441983408e-44,2.567081249548119e-42,True,Downregulated,LRRC32,leucine rich repeat containing 32,LRRC32
228770_at,4.62387906630851,7.9487407878,-3.32486172149149,-26.198694536310924,2.697941829206679e-62,2.5912767718876864e-59,True,Downregulated,GPR146,G protein-coupled receptor 146,GPR146
236262_at,5.621015148531915,8.94064134628,-3.319626197748085,-25.1585028056298,1.194742539711944e-55,4.894361570877683e-53,True,Downregulated,MMRN2,multimerin 2,MMRN2
214265_at,5.926155111851064,9.23830071772,-3.3121456058689356,-19.962765918465287,8.825100197048599e-43,8.552555661233441e-41,True,Downregulated,ITGA8,"integrin, alpha 8",ITGA8
238206_at,2.884833080148936,6.18971935364,-3.3048862734910642,-26.41657739376725,8.875651547761141e-66,1.4596898635420014e-62,True,Downregulated,RXFP1,relaxin/insulin-like family peptide receptor 1,RXFP1
63305_at,4.376157036212766,7.67343333226,-3.297276296047234,-28.99344651518159,1.2667359563419088e-69,3.4066330073902954e-66,True,Downregulated,PKNOX2,PBX/knotted 1 homeobox 2,PKNOX2
207134_x_at,8.126767847212767,11.413642935329996,-3.2868750881172293,-15.102225055900314,1.0807906977993819e-29,3.209906597009252e-28,True,Downregulated,TPSB2,tryptase beta 2 (gene/pseudogene),TPSB2
229308_at,6.6426087500425535,9.918290170879999,-3.2756814208374454,-17.940129378195547,2.0203539157988045e-35,1.0033864793643076e-33,True,Downregulated,ANKRD29,ankyrin repeat domain 29,ANKRD29
204468_s_at,5.605692915180852,8.869991891129999,-3.2642989759491465,-21.921238825973013,9.602265769991943e-48,1.573149971731558e-45,True,Downregulated,TIE1,tyrosine kinase with immunoglobulin-like and EGF-like domains 1,TIE1
219836_at,3.636636075319149,6.900594177580001,-3.2639581022608524,-15.0376867050944,3.0003850344810673e-34,1.3370232764258384e-32,True,Downregulated,ZBED2,"zinc finger, BED-type containing 2",ZBED2
206757_at,3.675318103691489,6.925183962869999,-3.2498658591785103,-22.189275540531128,5.1816654321092384e-54,1.6993966886062652e-51,True,Downregulated,PDE5A,"phosphodiesterase 5A, cGMP-specific",PDE5A
230132_at,5.073640449319149,8.32063745735,-3.24699700803085,-25.463261234956462,9.638249319120419e-56,4.0500224834235224e-53,True,Downregulated,PCAT19,prostate cancer associated transcript 19 (non-protein coding),PCAT19
222725_s_at,4.163605264797872,7.410349515759999,-3.246744250962127,-22.893763922690848,1.2012492139903085e-54,4.336267800247163e-52,True,Downregulated,PALMD,palmdelphin,PALMD
204422_s_at,3.925967042468085,7.16934440743,-3.2433773649619146,-27.286590893730043,2.747399809991981e-63,2.9554329236045735e-60,True,Downregulated,FGF2,fibroblast growth factor 2 (basic),FGF2
211276_at,2.7765497961914893,6.012440357510001,-3.2358905613185116,-20.293253649045464,1.2421436992527682e-49,2.403235288057892e-47,True,Downregulated,TCEAL2,transcription elongation factor A (SII)-like 2,TCEAL2
211237_s_at,3.0116754103617023,6.24672645717,-3.235051046808298,-32.15327042026066,8.516511487323242e-77,7.634484780952797e-73,True,Downregulated,FGFR4,fibroblast growth factor receptor 4,FGFR4
213895_at,3.4781157485212773,6.70951728106,-3.231401532538723,-18.048670506631147,3.3747143221556497e-43,3.3991083245592466e-41,True,Downregulated,EMP1,epithelial membrane protein 1,EMP1
203323_at,9.88797619793617,13.113123823700002,-3.2251476257638316,-23.69020295401293,6.157466215098569e-47,9.329168390008215e-45,True,Downregulated,CAV2,caveolin 2,CAV2
215382_x_at,8.083602351659575,11.305961960429997,-3.2223596087704216,-15.870409204548578,4.1859435996473437e-32,1.5298408510768704e-30,True,Downregulated,TPSAB1,tryptase alpha/beta 1,TPSAB1
214091_s_at,10.89715110038298,14.118843270100001,-3.2216921697170218,-22.314303716550036,8.285688349790231e-45,1.0059910464600843e-42,True,Downregulated,GPX3,glutathione peroxidase 3 (plasma),GPX3
1557094_at,4.85144890580851,8.070460359330001,-3.2190114535214907,-18.223488646594966,9.699781510853198e-38,6.130581061606934e-36,True,Downregulated,LOC100996760,uncharacterized LOC100996760,LOC100996760
208335_s_at,5.192447375010639,8.409239868779999,-3.2167924937693595,-13.326261550219503,5.327626929020505e-28,1.3625855539909506e-26,True,Downregulated,ACKR1,atypical chemokine receptor 1 (Duffy blood group),ACKR1
230482_at,4.6039637253936165,7.81644868239,-3.2124849569963834,-22.639620899594572,9.771834528799997e-54,3.1099875264262523e-51,True,Downregulated,ST6GALNAC5,"ST6 (alpha-N-acetyl-neuraminyl-2,3-beta-galactosyl-1,3)-N-acetylgalactosaminide alpha-2,6-sialyltransferase 5",ST6GALNAC5
220327_at,5.208493061627659,8.419347102529999,-3.2108540409023396,-20.3338530983315,7.221478387162318e-44,7.862640415625758e-42,True,Downregulated,VGLL3,vestigial-like family member 3,VGLL3
226244_at,6.72768318857447,9.93733486542,-3.2096516768455308,-23.744989675572036,5.648723963227801e-52,1.4197302200288342e-49,True,Downregulated,CLEC14A,"C-type lectin domain family 14, member A",CLEC14A
206382_s_at,3.2310039985957433,6.439295362319999,-3.208291363724256,-21.448807545074295,1.1812467274179902e-52,3.1926902754223125e-50,True,Downregulated,BDNF,brain-derived neurotrophic factor,BDNF
226856_at,5.267467148606383,8.472552954600001,-3.205085805993618,-19.080536559428353,3.0189128242448222e-40,2.3363344628033382e-38,True,Downregulated,MUSTN1,"musculoskeletal, embryonic nuclear protein 1 /// transmembrane protein 110 /// TMEM110-MUSTN1 readthrough",MUSTN1
208016_s_at,3.8544623390957446,7.047895184710001,-3.193432845614256,-23.84187036592585,1.5429488627424293e-57,8.590942729030732e-55,True,Downregulated,AGTR1,"angiotensin II receptor, type 1",AGTR1
1553243_at,4.827853937670213,8.017298784240001,-3.1894448465697884,-21.258557413413644,8.433391119188616e-45,1.0216179611186463e-42,True,Downregulated,ITIH5,"inter-alpha-trypsin inhibitor heavy chain family, member 5",ITIH5
242137_at,3.045816851212766,6.2317425698,-3.185925718587234,-24.11841346025786,2.230682139944357e-58,1.3480839278544628e-55,True,Downregulated,RBMS3,"RNA binding motif, single stranded interacting protein 3",RBMS3
230585_at,5.6457569462659585,8.820186728200001,-3.174429781934043,-12.984110132476372,7.297878423958647e-24,1.2997473142749663e-22,True,Downregulated,KCNJ15,"potassium inwardly-rectifying channel, subfamily J, member 15",KCNJ15
209897_s_at,7.36126592394681,10.533055463339997,-3.1717895393931865,-22.476089687670612,7.073251235288193e-49,1.2723809061578954e-46,True,Downregulated,SLIT2,slit homolog 2 (Drosophila),SLIT2
207317_s_at,3.091482108521276,6.254143025319999,-3.1626609167987234,-19.61079176865936,1.0025507224758074e-47,1.6290994912109904e-45,True,Downregulated,CASQ2,calsequestrin 2 (cardiac muscle),CASQ2
222304_x_at,4.754914183382978,7.9173612015499994,-3.162447018167021,-19.87499971521319,1.4100074504153386e-43,1.4812238423445197e-41,True,Downregulated,OR7E47P,"olfactory receptor, family 7, subfamily E, member 47 pseudogene",OR7E47P
213844_at,5.721827298010638,8.876470966360001,-3.1546436683493635,-18.506173084636767,1.0941522582983803e-40,8.876330824258926e-39,True,Downregulated,HOXA5,homeobox A5,HOXA5
226492_at,5.66682153337234,8.820657853930001,-3.1538363205576614,-19.396499991941393,2.6728529897692552e-43,2.712491903919418e-41,True,Downregulated,SEMA6D,"sema domain, transmembrane domain (TM), and cytoplasmic domain, (semaphorin) 6D",SEMA6D
213247_at,6.016165929840426,9.16582226092,-3.1496563310795747,-21.077931066023915,4.582777050516074e-45,5.799746975036649e-43,True,Downregulated,SVEP1,"sushi, von Willebrand factor type A, EGF and pentraxin domain containing 1",SVEP1
229125_at,3.4859866486489364,6.632154025139999,-3.146167376491063,-15.890749316020866,3.8641931504824104e-33,1.5545212624670676e-31,True,Downregulated,KANK4,KN motif and ankyrin repeat domains 4,KANK4
206027_at,3.4917989002340426,6.636961495159999,-3.145162594925956,-18.941207985831415,1.0188774181422101e-42,9.803459894847391e-41,True,Downregulated,S100A3,S100 calcium binding protein A3,S100A3
203562_at,6.701841851276594,9.8386999022,-3.136858050923406,-18.958765796474307,8.960539347168784e-38,5.703568867773021e-36,True,Downregulated,FEZ1,fasciculation and elongation protein zeta 1 (zygin I),FEZ1
217897_at,6.401408191276596,9.53762221998,-3.136214028703403,-23.3886636474951,7.366862260156569e-48,1.2154418819778565e-45,True,Downregulated,FXYD6,FXYD domain containing ion transport regulator 6,FXYD6
229518_at,4.40081411081915,7.535652449810001,-3.1348383389908507,-20.048969602535916,1.076855289944681e-42,1.0287697801947533e-40,True,Downregulated,FAM46B,"family with sequence similarity 46, member B",FAM46B
222321_at,5.1981118386595755,8.33130800254,-3.1331961638804247,-11.40390888976393,3.293583096619717e-23,5.551509258376311e-22,True,Downregulated,AGTR2,"angiotensin II receptor, type 2",AGTR2
204482_at,8.296242286968086,11.423359109509999,-3.127116822541913,-22.743679447040684,1.2062489387469622e-51,2.9373463418664748e-49,True,Downregulated,CLDN5,claudin 5,CLDN5
205632_s_at,6.316268086202127,9.440777970100001,-3.1245098838978738,-18.977256131388238,9.265718490730216e-36,4.791980141753994e-34,True,Downregulated,PIP5K1B,"phosphatidylinositol-4-phosphate 5-kinase, type I, beta",PIP5K1B
220027_s_at,5.521028247042553,8.641881058749998,-3.1208528117074454,-22.555965990707286,5.738613389695389e-50,1.1474240140451902e-47,True,Downregulated,RASIP1,Ras interacting protein 1,RASIP1
228819_at,3.3285402029148936,6.447158463260001,-3.1186182603451074,-24.636207151776265,1.3012332486745643e-60,1.0604262350486381e-57,True,Downregulated,TSPAN18,tetraspanin 18,TSPAN18
1554012_at,2.63402903712766,5.738915424409999,-3.104886387282339,-23.583851477888885,5.910527308919263e-56,2.543228974700252e-53,True,Downregulated,RSPO2,R-spondin 2,RSPO2
229172_at,4.918972303244681,8.01695763875,-3.097985335505319,-25.184777761162803,3.291621296432219e-61,2.8102086198397355e-58,True,Downregulated,HSPA12B,heat shock 70kD protein 12B,HSPA12B
227529_s_at,4.757702378138298,7.846109852560001,-3.088407474421703,-15.529463267822122,3.4608188424463606e-30,1.0741119576446623e-28,True,Downregulated,AKAP12,A kinase (PRKA) anchor protein 12,AKAP12
217525_at,5.6835758507978715,8.77024762525,-3.086671774452129,-18.104751241031373,2.8268869696728947e-36,1.5420582408805914e-34,True,Downregulated,OLFML1,olfactomedin-like 1,OLFML1
207069_s_at,7.659230713840426,10.743610885060004,-3.0843801712195784,-21.719763395499434,5.503718152735081e-53,1.583010612636412e-50,True,Downregulated,SMAD6,SMAD family member 6,SMAD6
226955_at,4.759751428872339,7.841626348179999,-3.08187491930766,-19.665726194994985,1.0448371444894695e-44,1.2504580293527726e-42,True,Downregulated,AFAP1L1,actin filament associated protein 1-like 1,AFAP1L1
205261_at,8.130170166053192,11.206175122069999,-3.0760049560168063,-7.723002976701539,6.775512089524629e-12,3.9946036747470317e-11,True,Downregulated,PGC,progastricsin (pepsinogen C),PGC
212730_at,5.9523691065106386,9.026897456959999,-3.07452835044936,-20.05502863236553,2.2622121656658107e-42,2.087055635377381e-40,True,Downregulated,SYNM,"synemin, intermediate filament protein",SYNM
223395_at,9.49526881156383,12.5655166224,-3.07024781083617,-15.754863104443691,5.670307379457082e-29,1.5769552880634881e-27,True,Downregulated,ABI3BP,"ABI family, member 3 (NESH) binding protein",ABI3BP
223816_at,4.641797933819149,7.710735526120001,-3.068937592300852,-14.380883572381576,6.665687140343175e-28,1.691933216283615e-26,True,Downregulated,SLC46A2,"solute carrier family 46, member 2",SLC46A2
213316_at,6.910423238765959,9.9762198937,-3.065796654934041,-23.443867170013853,1.7015353383826825e-56,8.171319616986694e-54,True,Downregulated,KIAA1462,KIAA1462,KIAA1462
230360_at,5.080025600340425,8.137729065870001,-3.057703465529576,-15.073677580523055,3.259408439678983e-33,1.321104313011106e-31,True,Downregulated,GLDN,gliomedin,GLDN
229613_at,4.446337919223405,7.502876802019999,-3.0565388827965947,-21.687968678707517,6.5638219249265456e-52,1.6344524354356444e-49,True,Downregulated,RP11-401P9.4,,RP11-401P9.4
242496_at,2.7689008694468082,5.824352436640001,-3.0554515671931926,-19.94863546304712,1.6272769267029287e-45,2.155781201469057e-43,True,Downregulated,ART4,ADP-ribosyltransferase 4 (Dombrock blood group),ART4
219908_at,4.866578468989362,7.921788039880002,-3.05520957089064,-15.965335249408035,2.461930803187247e-36,1.3511980630635638e-34,True,Downregulated,DKK2,dickkopf WNT signaling pathway inhibitor 2,DKK2
210550_s_at,4.192618538542553,7.24539941544,-3.0527808768974465,-17.57704022041016,7.5181977208174465e-37,4.3905948166328683e-35,True,Downregulated,RASGRF1,Ras protein-specific guanine nucleotide-releasing factor 1,RASGRF1
206030_at,2.8186647317127655,5.86849093319,-3.049826201477235,-27.742346543502535,4.4324572007862143e-69,1.1352578238166063e-65,True,Downregulated,ASPA,aspartoacylase,ASPA
204811_s_at,7.608217796223402,10.657619881099999,-3.049402084876597,-14.162294520228832,4.456047779584889e-26,9.613838181819209e-25,True,Downregulated,CACNA2D2,"calcium channel, voltage-dependent, alpha 2/delta subunit 2",CACNA2D2
205442_at,4.6054919865,7.651521593499999,-3.0460296069999995,-16.09711455262495,1.2716390436158826e-34,5.8658985934754605e-33,True,Downregulated,LOC101928198,uncharacterized LOC101928198 /// microfibrillar-associated protein 3-like,LOC101928198
1557729_at,2.8773220456702133,5.922888732940001,-3.0455666872697873,-28.724733502194162,1.1892006270417022e-65,1.7287120250287836e-62,True,Downregulated,GRK5,G protein-coupled receptor kinase 5,GRK5
242324_x_at,4.242640822223404,7.2823032863599995,-3.0396624641365957,-23.839436902900502,2.958043240976225e-59,2.0397604328095797e-56,True,Downregulated,CCBE1,collagen and calcium binding EGF domains 1,CCBE1
239942_at,3.8007314024468077,6.83778480198,-3.037053399533192,-19.612108636833362,3.498168664522013e-45,4.4905131214792594e-43,True,Downregulated,GNG11,"guanine nucleotide binding protein (G protein), gamma 11",GNG11
244745_at,5.2046508022446805,8.241387117070001,-3.036736314825321,-17.61919520868677,3.286371120053434e-37,1.981622837031323e-35,True,Downregulated,RERG,"RAS-like, estrogen-regulated, growth inhibitor",RERG
226303_at,6.613952814446807,9.650186407729999,-3.0362335932831916,-17.359581332260294,9.388405280710061e-34,3.9729721984915135e-32,True,Downregulated,PGM5,phosphoglucomutase 5,PGM5
207496_at,4.339552680904256,7.3713844466000005,-3.0318317656957445,-17.312011470708967,2.7248251832944664e-38,1.8388638307236658e-36,True,Downregulated,MS4A2,"membrane-spanning 4-domains, subfamily A, member 2",MS4A2
230472_at,4.464478529510639,7.48880065507,-3.0243221255593618,-18.76523345206326,9.830125006031606e-43,9.492335791282153e-41,True,Downregulated,IRX1,iroquois homeobox 1,IRX1
228554_at,3.916479735702129,6.9404030588499985,-3.0239233231478697,-16.724194814672884,2.49519804590606e-35,1.22563216527035e-33,True,Downregulated,PGR,progesterone receptor,PGR
221204_s_at,6.817128228021275,9.83960066502,-3.0224724369987257,-16.103548026344008,4.539416002509621e-33,1.8139452385659916e-31,True,Downregulated,CRTAC1,cartilage acidic protein 1,CRTAC1
206377_at,5.365237610744681,8.385964900800001,-3.02072729005532,-16.620777441114626,8.034015550849727e-33,3.126755140506537e-31,True,Downregulated,FOXF2,forkhead box F2,FOXF2
1559277_at,3.4481625543510637,6.464273000939999,-3.016110446588935,-12.012462739168127,6.081543073558589e-23,1.0049212772793311e-21,True,Downregulated,FLJ35700,uncharacterized protein FLJ35700,FLJ35700
205347_s_at,4.532288691521277,7.547753298330001,-3.015464606808724,-12.2107202610159,1.8802413271254668e-25,3.864373711149039e-24,True,Downregulated,TMSB15A,thymosin beta 15a /// thymosin beta 15B,TMSB15A
209493_at,7.23557353369149,10.25042318855,-3.0148496548585104,-19.17225448683448,2.606256328801658e-38,1.7654924798605285e-36,True,Downregulated,PDZD2,PDZ domain containing 2,PDZD2
203888_at,7.58813859637234,10.6028842764,-3.0147456800276595,-21.60640413754429,5.110309862413169e-49,9.285916427694416e-47,True,Downregulated,THBD,thrombomodulin,THBD
32625_at,5.152815494063829,8.16176704039,-3.0089515463261707,-22.16505840999333,1.6549065338441109e-46,2.4453517260807514e-44,True,Downregulated,NPR1,natriuretic peptide receptor 1,NPR1
1554547_at,6.206595358659572,9.213487905260001,-3.0068925466004286,-18.57353923692849,2.8428233630020124e-36,1.5483123762052636e-34,True,Downregulated,FAM13C,"family with sequence similarity 13, member C",FAM13C
219761_at,3.8061531134893616,6.80751025853,-3.001357145040638,-24.026286448405568,3.5876784206871305e-53,1.04873299747325e-50,True,Downregulated,CLEC1A,"C-type lectin domain family 1, member A",CLEC1A
228665_at,7.7418732888936175,10.741036700620002,-2.999163411726385,-22.713093365522724,4.661687837973873e-45,5.885763897963913e-43,True,Downregulated,CYYR1,cysteine/tyrosine-rich 1,CYYR1
232224_at,3.087624005074468,6.0828297528399995,-2.9952057477655316,-24.90757093584515,6.868968289965092e-57,3.5186126518482133e-54,True,Downregulated,MASP1,mannan-binding lectin serine peptidase 1 (C4/C2 activating component of Ra-reactive factor),MASP1
228692_at,4.9686157210106385,7.96225050902,-2.993634788009362,-18.82629499419223,1.4031494054650548e-37,8.745051439437247e-36,True,Downregulated,PREX2,"phosphatidylinositol-3,4,5-trisphosphate-dependent Rac exchange factor 2",PREX2
202877_s_at,6.657851715223407,9.649589206489999,-2.9917374912665924,-22.089890255019885,2.7039128109137794e-51,6.323158889035154e-49,True,Downregulated,CD93,CD93 molecule,CD93
211355_x_at,3.999921401829787,6.986352748639999,-2.986431346810212,-15.66668896158483,3.939135183365499e-34,1.738066652768636e-32,True,Downregulated,LEPR,leptin receptor /// leptin receptor overlapping transcript,LEPR
241926_s_at,5.278592795680851,8.26482158288,-2.986228787199149,-22.698897238089376,8.605829980506312e-53,2.4107977673516273e-50,True,Downregulated,ERG,v-ets avian erythroblastosis virus E26 oncogene homolog,ERG
236089_at,4.320403523712766,7.30519741591,-2.984793892197234,-20.619926160411513,1.5208690347403206e-50,3.170599298548174e-48,True,Downregulated,HECW2,"HECT, C2 and WW domain containing E3 ubiquitin protein ligase 2",HECW2
229781_at,2.704022990648936,5.686524061,-2.982501070351064,-22.232719059846517,3.688598597213117e-50,7.543534758543904e-48,True,Downregulated,LOC100506725,uncharacterized LOC100506725,LOC100506725
219295_s_at,6.109073564712768,9.09083383944,-2.9817602747272325,-12.521839719832728,8.063886115564731e-25,1.5528971665297695e-23,True,Downregulated,PCOLCE2,procollagen C-endopeptidase enhancer 2,PCOLCE2
235494_at,3.9236232790744685,6.904848240669999,-2.9812249615955304,-20.74733195327087,1.1119775167029877e-45,1.498967987804183e-43,True,Downregulated,LSAMP,limbic system-associated membrane protein,LSAMP
213176_s_at,5.428946891574469,8.40505773239,-2.9761108408155312,-21.967033767214627,2.932530002314642e-54,9.982851816740211e-52,True,Downregulated,LTBP4,latent transforming growth factor beta binding protein 4,LTBP4
205382_s_at,9.23335977787234,12.207546909400001,-2.9741871315276605,-21.87579065126461,7.1241865806782605e-47,1.0703393838781031e-44,True,Downregulated,CFD,complement factor D (adipsin),CFD
222486_s_at,6.1410842850957446,9.11090494898,-2.9698206638842555,-15.735791286990514,6.103012094038406e-35,2.912658460425463e-33,True,Downregulated,ADAMTS1,"ADAM metallopeptidase with thrombospondin type 1 motif, 1",ADAMTS1
204642_at,6.680099552180851,9.6395570182,-2.959457466019149,-26.224656157979123,1.1896050402964465e-55,4.894361570877683e-53,True,Downregulated,S1PR1,sphingosine-1-phosphate receptor 1,S1PR1
235561_at,4.4836349404255325,7.44301363353,-2.959378693104467,-22.374090616780347,9.386257059225648e-51,2.0193968887500428e-48,True,Downregulated,TXNL1,thioredoxin-like 1,TXNL1
209283_at,6.7626795786382985,9.72035687592,-2.957677297281702,-20.22819112805866,1.9920386412561773e-42,1.8473067303207716e-40,True,Downregulated,CRYAB,"crystallin, alpha B",CRYAB
235210_s_at,3.3446690175212774,6.29506449395,-2.9503954764287226,-19.08194236078547,8.519483845683213e-43,8.271280832561683e-41,True,Downregulated,SBSPON,"somatomedin B and thrombospondin, type 1 domain containing",SBSPON
214199_at,10.978297292808511,13.927011684900002,-2.9487143920914907,-11.813753439391991,1.8499475323409243e-20,2.4592505678321537e-19,True,Downregulated,SFTPD,surfactant protein D,SFTPD
220003_at,5.8378113141489365,8.77986089974,-2.9420495855910627,-20.33805875366546,1.5315698390434757e-47,2.4516968857973922e-45,True,Downregulated,LRRC36,leucine rich repeat containing 36,LRRC36
209821_at,7.80354481594681,10.744687513830002,-2.9411426978831914,-17.70562477293627,2.450690755803074e-35,1.2070774083482064e-33,True,Downregulated,IL33,interleukin 33,IL33
205206_at,8.806955612893617,11.74706277459,-2.9401071616963836,-18.571819492202,1.7015337425739437e-40,1.3458631452659137e-38,True,Downregulated,KAL1,Kallmann syndrome 1 sequence,KAL1
219440_at,5.688875113521276,8.62851566476,-2.939640551238724,-22.48784102770492,3.3554644333466816e-46,4.825588502994241e-44,True,Downregulated,RAI2,retinoic acid induced 2,RAI2
205819_at,7.105874277382976,10.04501008671,-2.9391358093270243,-14.454815778091874,1.1896925724964558e-30,3.8339607372255466e-29,True,Downregulated,MARCO,macrophage receptor with collagenous structure,MARCO
205700_at,8.217558603234043,11.151174639020006,-2.9336160357859633,-13.523061527557724,7.80786161766688e-26,1.654663691756623e-24,True,Downregulated,HSD17B6,hydroxysteroid (17-beta) dehydrogenase 6,HSD17B6
235334_at,4.111406978893617,7.04026812373,-2.9288611448363824,-21.1652106106393,4.608246747593572e-50,9.353175832681806e-48,True,Downregulated,ST6GALNAC3,"ST6 (alpha-N-acetyl-neuraminyl-2,3-beta-galactosyl-1,3)-N-acetylgalactosaminide alpha-2,6-sialyltransferase 3",ST6GALNAC3
1556325_at,6.536713301095744,9.462054306030002,-2.925341004934258,-16.189744568900498,6.305292737523406e-31,2.07804212733109e-29,True,Downregulated,FILIP1,filamin A interacting protein 1,FILIP1
220765_s_at,4.716148125946808,7.638686182339999,-2.922538056393191,-24.136703149730366,3.0094760925980006e-59,2.0489579888161526e-56,True,Downregulated,LIMS2,LIM and senescent cell antigen-like domains 2,LIMS2
229302_at,4.960071146936171,7.876987514739999,-2.916916367803828,-16.075491654782375,7.787896672536463e-35,3.658338955712194e-33,True,Downregulated,TMEM178A,transmembrane protein 178A,TMEM178A
202112_at,9.09282030537234,12.0085651417,-2.9157448363276597,-21.535130117423183,2.1405081536123848e-44,2.4652970353360967e-42,True,Downregulated,VWF,von Willebrand factor,VWF
243357_at,3.385698444074468,6.296973779279999,-2.911275335205531,-18.947066526279645,8.265168935828926e-46,1.1311714411768312e-43,True,Downregulated,NEGR1,neuronal growth regulator 1,NEGR1
204955_at,7.570827750840428,10.47786730185,-2.9070395510095732,-16.826705229707997,6.339194516965452e-34,2.7276793303160304e-32,True,Downregulated,SRPX,"sushi-repeat containing protein, X-linked",SRPX
213371_at,3.112913571755319,6.016196872780001,-2.903283301024682,-15.5668517933596,8.001192210425687e-36,4.1757718111802925e-34,True,Downregulated,LDB3,LIM domain binding 3,LDB3
231859_at,5.115619970521276,8.01631820282,-2.9006982322987245,-22.759205146820822,2.0797466178091696e-55,8.225092028344412e-53,True,Downregulated,C14orf132,chromosome 14 open reading frame 132,C14orf132
229893_at,5.388266767446808,8.28362511673,-2.8953583492831925,-23.47364778164429,1.3450927781910075e-56,6.577014560707412e-54,True,Downregulated,FRMD3,FERM domain containing 3,FRMD3
203951_at,6.829654099585107,9.71777816278,-2.8881240631948932,-15.105463490182318,1.8311965007675113e-30,5.810780825385332e-29,True,Downregulated,CNN1,"calponin 1, basic, smooth muscle",CNN1
204865_at,4.457398176670213,7.345215091160001,-2.887816914489788,-12.580449878285735,1.7973793560438888e-26,4.0130280632700954e-25,True,Downregulated,CA3,"carbonic anhydrase III, muscle specific",CA3
225894_at,3.490656049010639,6.3781868908699995,-2.8875308418593604,-19.293744130704756,7.679406715549923e-45,9.38737658187655e-43,True,Downregulated,SYNPO2,synaptopodin 2,SYNPO2
236154_at,3.705872052776596,6.593166672750001,-2.887294619973405,-30.76792077495298,4.64672384560313e-72,2.272078988723727e-68,True,Downregulated,QKI,"QKI, KH domain containing, RNA binding",QKI
1554127_s_at,4.468032387776597,7.337789455139999,-2.8697570673634027,-17.868675409196342,1.713218399784056e-40,1.353115489732529e-38,True,Downregulated,MSRB3,methionine sulfoxide reductase B3,MSRB3
206953_s_at,7.691392522765957,10.559246107149999,-2.867853584384042,-22.926435273779973,8.68033520375094e-51,1.8750221255781044e-48,True,Downregulated,LOC101927458,uncharacterized LOC101927458 /// latrophilin 2,LOC101927458
213103_at,5.417963533159575,8.28352046599,-2.865556932830425,-25.023048516511032,3.6126201366676945e-52,9.252780317657553e-50,True,Downregulated,STARD13,StAR-related lipid transfer (START) domain containing 13,STARD13
235306_at,8.005245344542553,10.87033021931,-2.8650848747674473,-20.957265592768422,5.1725615782610026e-48,8.667021714901753e-46,True,Downregulated,GIMAP8,"GTPase, IMAP family member 8",GIMAP8
203549_s_at,8.419837599840426,11.281589570389999,-2.861751970549573,-14.500925333573297,6.130845427453785e-27,1.42936130108812e-25,True,Downregulated,LPL,lipoprotein lipase,LPL
204041_at,6.78854981531915,9.642372062720002,-2.853822247400852,-15.547498253332673,8.697614867002915e-30,2.609090425190289e-28,True,Downregulated,MAOB,monoamine oxidase B,MAOB
225817_at,7.467098881351064,10.31922327729,-2.8521243959389357,-19.646308037139445,2.899032222838081e-39,2.0873808184413525e-37,True,Downregulated,CGNL1,cingulin-like 1 /// uncharacterized LOC101930344 /// uncharacterized LOC101930349,CGNL1
218717_s_at,5.977815903936169,8.82687780522,-2.8490619012838314,-13.189036068206613,6.300880429951949e-24,1.1270341031107265e-22,True,Downregulated,LEPREL1,leprecan-like 1,LEPREL1
204073_s_at,5.495990611202129,8.34275015021,-2.846759539007871,-14.190430806744974,2.9205658127722374e-28,7.65151255751425e-27,True,Downregulated,MYRF,myelin regulatory factor,MYRF
209301_at,7.961607719638297,10.806327514400003,-2.8447197947617058,-16.04006086443845,7.533997948725883e-32,2.6853784868798565e-30,True,Downregulated,CA2,carbonic anhydrase II,CA2
205569_at,10.774675188031914,13.616340093899998,-2.8416649058680843,-16.34054348898568,2.9682823869997782e-30,9.260558959812648e-29,True,Downregulated,LAMP3,lysosomal-associated membrane protein 3,LAMP3
232761_at,5.723393894872341,8.56424101026,-2.8408471153876587,-22.053730131246045,9.524946252335993e-52,2.350040179486898e-49,True,Downregulated,COX4I2,cytochrome c oxidase subunit IV isoform 2 (lung),COX4I2
227463_at,5.424549395425533,8.26268934636,-2.838139950934467,-18.61328478574167,2.8694250744477712e-42,2.6114195779060548e-40,True,Downregulated,ACE,angiotensin I converting enzyme,ACE
226627_at,5.071481486574469,7.90761051083,-2.8361290242555306,-22.823470273180344,2.1719488818052738e-48,3.720396259770015e-46,True,Downregulated,SEPT8,septin 8,SEPT8
203088_at,7.869533049925532,10.702790314829999,-2.833257264904467,-20.255153190361455,2.5828226019865743e-43,2.62608121872306e-41,True,Downregulated,FBLN5,fibulin 5,FBLN5
219140_s_at,5.752126816882979,8.57806107702,-2.8259342601370205,-13.075554249662197,3.9732319330801706e-27,9.435066346695366e-26,True,Downregulated,RBP4,"retinol binding protein 4, plasma",RBP4
236583_at,4.498360798021277,7.323965525899999,-2.825604727878722,-20.308781981593498,1.1738341866001508e-49,2.27927240290526e-47,True,Downregulated,GIMAP1,"GTPase, IMAP family member 1",GIMAP1
205290_s_at,7.1176562074468075,9.93710758868,-2.8194513812331925,-12.637241713270456,1.2267346570659257e-24,2.331489408655402e-23,True,Downregulated,BMP2,bone morphogenetic protein 2,BMP2
226145_s_at,6.392749620829789,9.20856011566,-2.8158104948302105,-14.21082916661454,1.3215004675148247e-27,3.2724780914250626e-26,True,Downregulated,FRAS1,Fraser extracellular matrix complex subunit 1,FRAS1
209047_at,10.474283733882979,13.287716615200003,-2.8134328813170235,-14.579684850421144,7.422711114853097e-27,1.7223379638631953e-25,True,Downregulated,AQP1,aquaporin 1 (Colton blood group),AQP1
229339_at,3.4170347435106385,6.22674224006,-2.8097074965493616,-17.97436776421647,1.5383908086128284e-41,1.3239022085127933e-39,True,Downregulated,MYOCD,myocardin,MYOCD
212157_at,5.407354708382979,8.21357452432,-2.8062198159370215,-16.354480833418652,1.077134733476688e-31,3.796511715254072e-30,True,Downregulated,SDC2,syndecan 2,SDC2
231947_at,6.793712036925532,9.598206580680001,-2.804494543754469,-21.929051274883342,4.566749144592537e-46,6.446907335723208e-44,True,Downregulated,MYCT1,myc target 1,MYCT1
206007_at,2.9108588387340433,5.7130315896,-2.8021727508659566,-11.150164407167788,6.45622948177427e-22,9.748870266892502e-21,True,Downregulated,PRG4,proteoglycan 4,PRG4
213060_s_at,5.23752617575532,8.0396559416,-2.802129765844679,-12.193117485795321,7.087193972173757e-25,1.3707005213496502e-23,True,Downregulated,CHI3L2,chitinase 3-like 2,CHI3L2
228739_at,4.439783325989362,7.23265890484,-2.792875578850638,-14.460082973491085,1.7994230863114932e-29,5.223085273629248e-28,True,Downregulated,CYS1,cystin 1,CYS1
228133_s_at,4.8209430850638295,7.6117256196,-2.79078253453617,-17.362600422917268,3.5026590517213975e-41,2.9528843221925875e-39,True,Downregulated,MYH11,"myosin, heavy chain 11, smooth muscle",MYH11
219407_s_at,4.082275000382978,6.8722565722599995,-2.7899815718770213,-20.78419827333866,2.3600216995743323e-48,4.029718321692223e-46,True,Downregulated,LAMC3,"laminin, gamma 3",LAMC3
204975_at,10.330904393234041,13.1186459579,-2.787741564665959,-24.324984352135154,3.977881866626243e-54,1.3126033992537367e-51,True,Downregulated,EMP2,epithelial membrane protein 2,EMP2
202992_at,9.793489932989361,12.5788921565,-2.785402223510639,-13.16351446139088,2.4513659739192334e-24,4.524679830927244e-23,True,Downregulated,C7,complement component 7,C7
228737_at,5.49149507912766,8.271384001600001,-2.779888922472341,-17.770174874835647,6.785553386231268e-38,4.397202101588373e-36,True,Downregulated,TOX2,TOX high mobility group box family member 2,TOX2
205507_at,3.6105399922021277,6.38881370409,-2.7782737118878726,-26.20434107160917,7.184298001072008e-64,8.586992273014646e-61,True,Downregulated,ARHGEF15,Rho guanine nucleotide exchange factor (GEF) 15,ARHGEF15
61297_at,5.938102626914893,8.7134365435,-2.775333916585107,-24.49664203972388,6.748123257587113e-61,5.5839162697320075e-58,True,Downregulated,CASKIN2,CASK interacting protein 2,CASKIN2
205898_at,6.948965731542554,9.72423505236,-2.7752693208174453,-13.704970055748886,1.7860060186740493e-29,5.189741746104939e-28,True,Downregulated,CX3CR1,chemokine (C-X3-C motif) receptor 1,CX3CR1
233591_at,3.801633963351064,6.57179845995,-2.770164496598936,-14.590933193782092,3.654404131187036e-32,1.3435118291184273e-30,True,Downregulated,RP11-476D10.1,,RP11-476D10.1
228732_at,5.0263837319042555,7.796266721990001,-2.769882990085746,-23.99956260286616,1.9646753293656476e-58,1.20081849165069e-55,True,Downregulated,GUCY1A2,"guanylate cyclase 1, soluble, alpha 2",GUCY1A2
205624_at,8.860322135265958,11.62808337579,-2.7677612405240417,-13.021669857334894,1.4984702314793628e-24,2.8279550831701405e-23,True,Downregulated,CPA3,carboxypeptidase A3 (mast cell),CPA3
1556314_a_at,4.0250958802021275,6.792014762940002,-2.7669188827378743,-19.811924134966777,3.0332458935038234e-48,5.146566675962039e-46,True,Downregulated,RP11-389C8.2,,RP11-389C8.2
204796_at,4.51728756469149,7.28308141976,-2.7657938550685106,-21.552679772339737,4.958313159328477e-49,9.040265477547168e-47,True,Downregulated,EML1,echinoderm microtubule associated protein like 1,EML1
203865_s_at,6.913109321521276,9.67683776877,-2.763728447248724,-21.24307396019235,1.0425104958190365e-48,1.8567042890106855e-46,True,Downregulated,ADARB1,"adenosine deaminase, RNA-specific, B1",ADARB1
213706_at,3.960714433361702,6.72252613567,-2.761811702308298,-17.497788719621393,9.316634381419284e-41,7.604013609089797e-39,True,Downregulated,GPD1,glycerol-3-phosphate dehydrogenase 1 (soluble),GPD1
218723_s_at,11.50096771487234,14.261953297000002,-2.7609855821276614,-24.96397245156889,1.7788366657168754e-51,4.252289284544349e-49,True,Downregulated,RGCC,regulator of cell cycle,RGCC
226709_at,2.754690094351063,5.506098610470001,-2.7514085161189383,-18.527327884397877,9.429105119074274e-44,1.0143076958690579e-41,True,Downregulated,ROBO2,"roundabout, axon guidance receptor, homolog 2 (Drosophila)",ROBO2
226992_at,5.73256532669149,8.481266151510003,-2.7487008248185125,-15.01840404689883,4.122428230799528e-29,1.1578533933252399e-27,True,Downregulated,NOSTRIN,nitric oxide synthase trafficking,NOSTRIN
219315_s_at,6.7630023882127634,9.511449441449999,-2.7484470532372356,-20.487260026812045,2.1016244030827568e-45,2.7503155752848943e-43,True,Downregulated,TMEM204,transmembrane protein 204,TMEM204
205993_s_at,4.743825784234041,7.488977330339997,-2.745151546105956,-24.879706805456088,6.529730183123295e-62,5.952679112363891e-59,True,Downregulated,TBX2,T-box 2,TBX2
204754_at,5.2211460981063835,7.963829990540001,-2.742683892433617,-16.48408371155597,2.2886182629213463e-33,9.396612357976147e-32,True,Downregulated,HLF,hepatic leukemia factor,HLF
229584_at,9.109100168478722,11.8498824727,-2.740782304221277,-13.771079042201212,3.39454324884147e-25,6.793889743958873e-24,True,Downregulated,LRRK2,leucine-rich repeat kinase 2,LRRK2
219993_at,4.821509995755319,7.561172742569999,-2.7396627468146804,-17.833501227660488,1.4847994167148515e-42,1.3937420842482549e-40,True,Downregulated,SOX17,SRY (sex determining region Y)-box 17,SOX17
238720_at,5.314858960925532,8.05408249753,-2.7392235366044684,-11.743702763403753,1.7019447579214825e-23,2.938709494368053e-22,True,Downregulated,LOC101927057,uncharacterized LOC101927057 /// oligodendrocyte myelin glycoprotein,LOC101927057
208789_at,9.25883131879787,11.992285185710003,-2.733453866912132,-24.600946822149822,1.041593987667644e-52,2.8877924856026756e-50,True,Downregulated,PTRF,polymerase I and transcript release factor,PTRF
205237_at,5.311393527670213,8.044704751869999,-2.7333112241997854,-14.683668464758417,4.334806685263981e-31,1.4463518137320627e-29,True,Downregulated,FCN1,ficolin (collagen/fibrinogen domain containing) 1,FCN1
203639_s_at,4.5884183456063825,7.31776468071,-2.7293463351036173,-15.580530846875162,6.944959632577519e-33,2.7146918517283024e-31,True,Downregulated,FGFR2,fibroblast growth factor receptor 2,FGFR2
226864_at,3.8516417510851064,6.58078289841,-2.7291411473248934,-18.7913407156072,1.0926003355854957e-42,1.040116843359318e-40,True,Downregulated,PKIA,"protein kinase (cAMP-dependent, catalytic) inhibitor alpha",PKIA
218678_at,6.547110131787234,9.27486665146,-2.7277565196727656,-16.971543174751336,2.183112451368423e-36,1.2030828515297336e-34,True,Downregulated,NES,nestin,NES
203896_s_at,5.146089480361701,7.872457489710001,-2.7263680093483,-14.113274613518037,2.6716184154300694e-27,6.449536269852859e-26,True,Downregulated,PLCB4,"phospholipase C, beta 4",PLCB4
225915_at,4.618570093531916,7.34236367807,-2.7237935845380843,-17.94555737364969,3.039422428960506e-40,2.3488272236216922e-38,True,Downregulated,CAB39L,calcium binding protein 39-like,CAB39L
1554789_a_at,2.6293562352446807,5.34852613241,-2.7191698971653193,-22.89512377564183,1.63473335002484e-55,6.561624474957914e-53,True,Downregulated,PDE8B,phosphodiesterase 8B,PDE8B
209616_s_at,9.54377119344681,12.261595346870003,-2.7178241534231926,-11.696445939350928,7.895962934101662e-21,1.0842283951329897e-19,True,Downregulated,CES1,carboxylesterase 1 /// liver carboxylesterase 1-like,CES1
226322_at,6.013912776765958,8.729369201890002,-2.715456425124044,-12.90614935361773,6.1907502437305574e-24,1.1080721883836664e-22,True,Downregulated,TMTC1,transmembrane and tetratricopeptide repeat containing 1,TMTC1
225911_at,9.1985631696383,11.9106671566,-2.7121039869617007,-15.09753277050937,1.465562755742138e-28,3.9413379190173314e-27,True,Downregulated,NPNT,nephronectin,NPNT
222738_at,4.853952184436169,7.56303930857,-2.7090871241338306,-26.721449508922504,4.0082297865105e-63,4.22718916269125e-60,True,Downregulated,CLDN22,claudin 22 /// WW and C2 domain containing 2,CLDN22
204368_at,7.763314410893616,10.472013274490001,-2.7086988635963847,-16.644888027132478,1.3964743911505431e-37,8.713546589608249e-36,True,Downregulated,SLCO2A1,"solute carrier organic anion transporter family, member 2A1",SLCO2A1
213664_at,7.90591652568085,10.614361828589997,-2.708445302909147,-13.659818139599917,6.519195421312858e-27,1.5166152462401961e-25,True,Downregulated,SLC1A1,"solute carrier family 1 (neuronal/epithelial high affinity glutamate transporter, system Xag), member 1",SLC1A1
204364_s_at,4.843944865297873,7.550857650109999,-2.7069127848121264,-15.756462099176943,9.304322436572613e-32,3.295410958117431e-30,True,Downregulated,REEP1,receptor accessory protein 1,REEP1
228618_at,4.608632896468086,7.3109765936099995,-2.702343697141914,-23.184355006533057,3.2163980964568264e-51,7.393042222907132e-49,True,Downregulated,PEAR1,platelet endothelial aggregation receptor 1,PEAR1
218087_s_at,7.150305579957446,9.85209515387,-2.7017895739125537,-16.471924610572447,6.076934494585983e-32,2.1892431260937822e-30,True,Downregulated,SORBS1,sorbin and SH3 domain containing 1,SORBS1
220244_at,5.859810452255318,8.55413934013,-2.694328887874682,-20.340022680315563,1.2093038735307605e-46,1.7967850315393778e-44,True,Downregulated,LINC00312,long intergenic non-protein coding RNA 312,LINC00312
221747_at,8.292085372170213,10.98632364155,-2.6942382693797864,-24.08523367973416,8.37855646214243e-53,2.3718370414357513e-50,True,Downregulated,TNS1,tensin 1,TNS1
209655_s_at,7.482518477148935,10.17343738204,-2.6909189048910642,-17.791208412235232,4.315846086382562e-36,2.325972921865456e-34,True,Downregulated,TMEM47,transmembrane protein 47,TMEM47
226380_at,7.496840346180849,10.1867691518,-2.689928805619151,-20.94686843715876,1.7096787645090335e-46,2.5124803832754886e-44,True,Downregulated,PTPN21,"protein tyrosine phosphatase, non-receptor type 21",PTPN21
228548_at,5.68041087824468,8.36471690818,-2.6843060299353203,-24.328040688529917,1.0480961758858246e-53,3.316052995070292e-51,True,Downregulated,RAP1A,"RAP1A, member of RAS oncogene family",RAP1A
210549_s_at,4.2419813448723405,6.919186303309999,-2.6772049584376587,-14.290360549053668,2.488891808930022e-31,8.521167080528974e-30,True,Downregulated,CCL23,chemokine (C-C motif) ligand 23,CCL23
207195_at,2.6667484886276607,5.3362832284,-2.6695347397723395,-26.362708003309,5.960189250488547e-61,5.008980297293391e-58,True,Downregulated,CNTN6,contactin 6,CNTN6
204570_at,7.617667805414893,10.28337698851,-2.6657091830951067,-19.86266444029055,2.0739640014098994e-40,1.6237296620063005e-38,True,Downregulated,COX7A1,cytochrome c oxidase subunit VIIa polypeptide 1 (muscle),COX7A1
202274_at,7.858542738340425,10.52009340517,-2.6615506668295748,-13.241553868148419,4.874245926665148e-26,1.0478731480444933e-24,True,Downregulated,ACTG2,"actin, gamma 2, smooth muscle, enteric",ACTG2
205863_at,3.386662259734043,6.042422497989999,-2.6557602382559558,-11.537288188942876,1.3609882445654095e-23,2.369000444083984e-22,True,Downregulated,S100A12,S100 calcium binding protein A12,S100A12
206453_s_at,7.13338041075532,9.787471972079999,-2.6540915613246785,-19.159642483732117,3.811855446179503e-40,2.908148326641287e-38,True,Downregulated,NDRG2,NDRG family member 2,NDRG2
213075_at,5.919876450925531,8.573503057359998,-2.653626606434467,-15.572125005834465,1.6963890499809148e-34,7.732371308667244e-33,True,Downregulated,OLFML2A,olfactomedin-like 2A,OLFML2A
205405_at,3.6975766319787224,6.349667894060001,-2.652091262081279,-23.361106948629203,5.637138832237904e-58,3.2255228641568927e-55,True,Downregulated,SEMA5A,"sema domain, seven thrombospondin repeats (type 1 and type 1-like), transmembrane domain (TM) and short cytoplasmic domain, (semaphorin) 5A",SEMA5A
1553645_at,2.6174520636170215,5.268963566809999,-2.6515115031929777,-20.42122897220023,6.010847564698795e-46,8.33245997718787e-44,True,Downregulated,CCDC141,coiled-coil domain containing 141,CCDC141
229116_at,2.740659605106383,5.391280463729999,-2.650620858623616,-23.380255948290955,4.533006137793867e-58,2.621637291692268e-55,True,Downregulated,CNKSR2,connector enhancer of kinase suppressor of Ras 2,CNKSR2
219529_at,7.780417889446808,10.43101662946,-2.6505987400131925,-15.756180493948147,2.490446754142354e-30,7.815120718687318e-29,True,Downregulated,CLIC3,chloride intracellular channel 3,CLIC3
238868_at,4.325872022,6.97415264818,-2.648280626179999,-17.6254004887537,7.605096728399548e-38,4.892915462125575e-36,True,Downregulated,UACA,uveal autoantigen with coiled-coil domains and ankyrin repeats,UACA
219167_at,5.820269249978724,8.467023781779998,-2.6467545318012746,-18.222726930040874,5.0863794589854816e-37,2.996451320711863e-35,True,Downregulated,RASL12,"RAS-like, family 12",RASL12
218546_at,7.1790322703510645,9.821952673999998,-2.642920403648934,-17.394348360637657,4.472737352595384e-36,2.4009047030608316e-34,True,Downregulated,C1orf115,chromosome 1 open reading frame 115,C1orf115
226304_at,3.4238985140425533,6.0632449073300005,-2.6393463932874472,-18.61343823950264,2.6760361199254624e-42,2.447844876637941e-40,True,Downregulated,HSPB6,"heat shock protein, alpha-crystallin-related, B6",HSPB6
219970_at,4.006768618670213,6.63854988868,-2.631781270009787,-16.494135131800576,6.5022114405715565e-34,2.7888990792869356e-32,True,Downregulated,GIPC2,"GIPC PDZ domain containing family, member 2",GIPC2
238419_at,3.6472975535106387,6.2783397596600015,-2.631042206149363,-16.72584383661299,2.466925422194301e-39,1.7834146607277241e-37,True,Downregulated,PHLDB2,"pleckstrin homology-like domain, family B, member 2",PHLDB2
209466_x_at,6.21001644225532,8.832152639899999,-2.6221361976446786,-16.177685035662556,8.207688152183721e-33,3.1897305993739426e-31,True,Downregulated,PTN,pleiotrophin,PTN
201150_s_at,11.496015835829787,14.116753257900003,-2.6207374220702153,-20.280197796890324,9.071850359223101e-43,8.775873083114635e-41,True,Downregulated,TIMP3,TIMP metallopeptidase inhibitor 3,TIMP3
1552309_a_at,6.76639079357447,9.386117593589999,-2.6197268000155294,-18.405599993480482,1.2868782873459116e-38,8.931101362991897e-37,True,Downregulated,NEXN,nexilin (F actin binding protein),NEXN
202014_at,6.662560863755319,9.27836445021,-2.615803586454682,-20.706346492453935,1.123642665792279e-50,2.3607907977462312e-48,True,Downregulated,PPP1R15A,"protein phosphatase 1, regulatory subunit 15A",PPP1R15A
231925_at,5.957806109053192,8.5693425268,-2.611536417746808,-20.36391660494733,4.1997571930154647e-47,6.472439552536671e-45,True,Downregulated,RP11-38P22.2,,RP11-38P22.2
236632_at,4.850469288180852,7.458396808499999,-2.607927520319147,-16.152558103116526,4.855382609400296e-34,2.116301531841202e-32,True,Downregulated,HHIP-AS1,HHIP antisense RNA 1,HHIP-AS1
217287_s_at,4.825199240223404,7.429415113569999,-2.604215873346595,-12.879097829728487,1.0068658858062354e-24,1.9244949727780444e-23,True,Downregulated,TRPC6,"transient receptor potential cation channel, subfamily C, member 6",TRPC6
233011_at,3.488640329904255,6.09273387314,-2.604093543235745,-10.724525904022142,2.5279340763717592e-21,3.613272979849361e-20,True,Downregulated,ANXA1,annexin A1,ANXA1
213240_s_at,4.908489901021277,7.51117571514,-2.6026858141187237,-13.43253039919251,7.902622874980176e-29,2.1730596827897943e-27,True,Downregulated,KRT4,keratin 4,KRT4
213181_s_at,3.872820314319149,6.473070374039999,-2.60025005972085,-23.636877520471742,1.0153981791434673e-58,6.5800248751097025e-56,True,Downregulated,MOCS1,molybdenum cofactor synthesis 1,MOCS1
243172_at,3.735603364159575,6.334877387580001,-2.5992740234204255,-21.692079678442408,3.045848955198527e-53,9.101335105794888e-51,True,Downregulated,AX748273,"Homo sapiens cDNA FLJ36394 fis, clone THYMU2009104.",AX748273
235737_at,2.9615202645212766,5.55881053491,-2.5972902703887235,-18.563567228360693,1.5412071375863033e-44,1.8059992832726995e-42,True,Downregulated,TSLP,thymic stromal lymphopoietin,TSLP
222043_at,8.50314369624468,11.09409544293,-2.5909517466853202,-15.59802718380907,4.994663143414169e-31,1.6582898261214477e-29,True,Downregulated,CLU,clusterin,CLU
244317_at,5.089121383425532,7.670142289609999,-2.5810209061844676,-16.674951638555097,9.054549949077963e-36,4.687276453908636e-34,True,Downregulated,KIAA1324L,KIAA1324-like,KIAA1324L
1562921_at,6.8732008701489375,9.453393300770001,-2.5801924306210635,-17.517015110079438,1.2573407684492213e-36,7.174850638288587e-35,True,Downregulated,EP300-AS1,EP300 antisense RNA 1,EP300-AS1
217504_at,4.856627397968086,7.43617741079,-2.5795500128219144,-17.339084497735804,1.5469323174579251e-35,7.819859175450373e-34,True,Downregulated,ABCA6,"ATP-binding cassette, sub-family A (ABC1), member 6",ABCA6
205430_at,6.912808293691489,9.48846803448,-2.5756597407885113,-11.489231707658625,1.39624593847719e-20,1.8798118660058609e-19,True,Downregulated,BMP5,bone morphogenetic protein 5,BMP5
226101_at,5.495459787127659,8.06884104059,-2.5733812534623404,-23.11673805618467,9.798498348004729e-57,4.9254395527643215e-54,True,Downregulated,PRKCE,"protein kinase C, epsilon",PRKCE
236088_at,3.2325565428297867,5.805050145089999,-2.5724936022602125,-20.50556314830626,1.5781975566082213e-43,1.6482511413539765e-41,True,Downregulated,NTNG1,netrin G1,NTNG1
220133_at,2.41843022537234,4.99023611075,-2.5718058853776595,-19.364719213466753,2.9426578976817356e-41,2.4925007509403123e-39,True,Downregulated,ODAM,"odontogenic, ameloblast asssociated",ODAM
204343_at,8.517883423861702,11.087390485459999,-2.569507061598296,-13.068298821028353,2.428833463583349e-24,4.486168841768338e-23,True,Downregulated,ABCA3,"ATP-binding cassette, sub-family A (ABC1), member 3",ABCA3
212822_at,7.1869042362553195,9.75365398216,-2.56674974590468,-25.00800639640663,2.6092286269994713e-56,1.2203475733199442e-53,True,Downregulated,HEG1,heart development protein with EGF-like domains 1,HEG1
228653_at,5.0334379542553185,7.597332352510001,-2.563894398254683,-15.865932742528445,4.8247119198867995e-32,1.7533915900204825e-30,True,Downregulated,SAMD5,sterile alpha motif domain containing 5,SAMD5
239952_at,2.755280314106383,5.31666971514,-2.5613894010336167,-24.853978535270716,2.6797557977753307e-52,6.8963323128777e-50,True,Downregulated,LOC100996668,uncharacterized LOC100996668 /// zinc finger E-box binding homeobox 1,LOC100996668
206496_at,6.3144000534255325,8.87450081107,-2.5601007576444674,-13.358021865570008,1.2071323690337633e-25,2.518495795223041e-24,True,Downregulated,FMO3,flavin containing monooxygenase 3,FMO3
238009_at,3.9432539446808517,6.502765310350001,-2.5595113656691493,-23.23116353967988,6.690598761170317e-50,1.3278986899199507e-47,True,Downregulated,SOX5,SRY (sex determining region Y)-box 5,SOX5
218995_s_at,6.997123337117022,9.555072120570001,-2.5579487834529795,-14.61258838484822,4.4154290130645086e-32,1.611182258457854e-30,True,Downregulated,EDN1,endothelin 1,EDN1
204072_s_at,8.406580760234045,10.96424307786,-2.5576623176259563,-24.02315025067309,6.57148419331854e-53,1.870126184242492e-50,True,Downregulated,FRY,furry homolog (Drosophila),FRY
213071_at,6.73415907761702,9.288247981469999,-2.5540889038529784,-12.759783373071441,2.5029976389891353e-25,5.074490426335079e-24,True,Downregulated,DPT,dermatopontin,DPT
226614_s_at,5.935110253606384,8.48793631717,-2.552826063563616,-14.133377278471333,1.2542996948809212e-29,3.70883800928341e-28,True,Downregulated,FAM167A,"family with sequence similarity 167, member A",FAM167A
201058_s_at,9.217893082521277,11.764801674040003,-2.5469085915187257,-18.163408036996874,4.6554780500635395e-38,3.064865880057742e-36,True,Downregulated,MYL9,"myosin, light chain 9, regulatory",MYL9
229620_at,5.304042516021276,7.8477758164900004,-2.543733300468724,-17.480047409739438,1.781144789259716e-34,8.07762678205085e-33,True,Downregulated,SEPP1,"selenoprotein P, plasma, 1",SEPP1
204726_at,5.2525808563297876,7.790112921210002,-2.5375320648802147,-19.428089677593114,5.699954293637463e-47,8.709594932885925e-45,True,Downregulated,CDH13,cadherin 13,CDH13
222925_at,3.748033226202127,6.28419160017,-2.5361583739678726,-14.143003767915596,3.300133037517855e-28,8.574925389175621e-27,True,Downregulated,DCDC2,doublecortin domain containing 2,DCDC2
204938_s_at,5.331216512468084,7.865643295830001,-2.5344267833619165,-11.1917875415472,5.412533599266003e-22,8.226011081382347e-21,True,Downregulated,PLN,phospholamban,PLN
210190_at,4.264001292712765,6.7941159116200005,-2.530114618907236,-20.69992534818049,9.721785307035137e-51,2.0832507749967804e-48,True,Downregulated,STX11,syntaxin 11,STX11
1555270_a_at,5.98956060288298,8.51617404062,-2.5266134377370193,-23.245686218939188,1.7913837441083932e-56,8.526669562886198e-54,True,Downregulated,WFS1,Wolfram syndrome 1 (wolframin),WFS1
236577_at,4.930160479840425,7.455048666569999,-2.524888186729574,-16.131469733083673,1.5380534462313828e-33,6.393024935007817e-32,True,Downregulated,PRDM6,PR domain containing 6,PRDM6
205083_at,5.77851039087234,8.30212893982,-2.5236185489476597,-11.96607814802735,5.814488595014495e-24,1.044898374779317e-22,True,Downregulated,AOX1,aldehyde oxidase 1,AOX1
202674_s_at,6.10351808006383,8.62555699911,-2.52203891904617,-18.080446782914173,1.4756618235418594e-40,1.1828606086590528e-38,True,Downregulated,LMO7,LIM domain 7,LMO7
242641_at,2.6102275095425536,5.125647643010001,-2.515420133467447,-20.73106596226483,1.3702783983477e-49,2.6322069261974785e-47,True,Downregulated,COL6A6,"collagen, type VI, alpha 6",COL6A6
231980_at,4.006619413808512,6.521291677170001,-2.514672263361489,-18.63783273419666,3.881094760857697e-44,4.348928391822752e-42,True,Downregulated,DOK6,docking protein 6,DOK6
203821_at,8.125834200702128,10.630543876870002,-2.5047096761678738,-13.71954736675886,5.117176311491522e-29,1.4305220638767307e-27,True,Downregulated,HBEGF,heparin-binding EGF-like growth factor,HBEGF
211343_s_at,6.536622554244682,9.038962134650001,-2.5023395804053195,-17.553475241171906,5.040061475688038e-37,2.972420466352597e-35,True,Downregulated,COL13A1,"collagen, type XIII, alpha 1",COL13A1
242332_at,4.015923119978724,6.517306818030001,-2.501383698051277,-25.871162277402288,2.808960181995554e-56,1.3024373478345938e-53,True,Downregulated,FENDRR,FOXF1 adjacent non-coding developmental regulatory RNA,FENDRR
205407_at,7.459397648063828,9.95992193569,-2.5005242876261713,-18.439024126561794,1.4205199963179622e-36,8.051010381660476e-35,True,Downregulated,RECK,reversion-inducing-cysteine-rich protein with kazal motifs,RECK
208981_at,9.916541521553192,12.411919115800002,-2.4953775942468095,-25.545602151992895,1.4419433865935433e-52,3.839424108481204e-50,True,Downregulated,PECAM1,platelet/endothelial cell adhesion molecule 1,PECAM1
202196_s_at,8.089721162085109,10.584141297359999,-2.49442013527489,-16.086036039381774,5.5799052733169105e-33,2.2116491159220583e-31,True,Downregulated,DKK3,dickkopf WNT signaling pathway inhibitor 3,DKK3
227779_at,7.113854667074467,9.608050168319998,-2.4941955012455317,-21.69090358240728,6.12059130640021e-47,9.299495028419256e-45,True,Downregulated,ECSCR,endothelial cell surface expressed chemotaxis and apoptosis regulator,ECSCR
206049_at,5.464581525585107,7.9581619253600016,-2.4935803997748947,-16.69740983310707,8.038712092265682e-37,4.6793308289459084e-35,True,Downregulated,SELP,"selectin P (granule membrane protein 140kDa, antigen CD62)",SELP
201787_at,7.129786027287235,9.619289376030002,-2.489503348742767,-15.263788072891769,3.550952780892192e-30,1.1001817181628308e-28,True,Downregulated,FBLN1,fibulin 1,FBLN1
238061_at,3.103831976861702,5.58963768645,-2.4858057095882975,-23.06752269926618,5.897475529105668e-56,2.543228974700252e-53,True,Downregulated,LGI3,"leucine-rich repeat LGI family, member 3",LGI3
219054_at,6.674893613648937,9.159646228869999,-2.484752615221062,-15.368790239563644,1.4374091840634382e-34,6.596628871504785e-33,True,Downregulated,NPR3,natriuretic peptide receptor 3,NPR3
226984_at,3.876861714765957,6.34827415457,-2.4714124398040433,-21.057348309495744,1.795199376006716e-50,3.72805380841302e-48,True,Downregulated,FGD5,"FYVE, RhoGEF and PH domain containing 5",FGD5
227719_at,7.506715108063829,9.97805447347,-2.4713393654061706,-15.97093002326421,1.8666353891762047e-32,7.045533406472376e-31,True,Downregulated,SMAD9,SMAD family member 9,SMAD9
232298_at,3.4800589956382977,5.94581408483,-2.4657550891917026,-18.918607666362995,5.750472092254234e-42,5.112312263702252e-40,True,Downregulated,MBNL1-AS1,MBNL1 antisense RNA 1,MBNL1-AS1
227550_at,3.411895456574468,5.87678266613,-2.4648872095555325,-18.733388641550675,4.685323677609033e-44,5.2174910833101335e-42,True,Downregulated,GFRA1,GDNF family receptor alpha 1,GFRA1
207016_s_at,4.155253951000001,6.616351504730001,-2.46109755373,-11.637944713614303,6.151916049497946e-23,1.01623758181295e-21,True,Downregulated,ALDH1A2,"aldehyde dehydrogenase 1 family, member A2 /// uncharacterized LOC101928635",ALDH1A2
209866_s_at,2.8916386858404257,5.348344065419999,-2.4567053795795735,-15.956646357451962,4.847564542328195e-37,2.865176994216091e-35,True,Downregulated,LPHN3,latrophilin 3,LPHN3
1559477_s_at,4.674474040595745,7.129389752230001,-2.454915711634256,-16.519144845205552,4.475898017902998e-35,2.159108975703414e-33,True,Downregulated,MEIS1,Meis homeobox 1,MEIS1
211548_s_at,9.639609789914893,12.08581500645,-2.446205216535107,-11.024268658481189,2.851667348811349e-20,3.732776345173211e-19,True,Downregulated,HPGD,hydroxyprostaglandin dehydrogenase 15-(NAD),HPGD
209789_at,2.6243745162021277,5.07024180177,-2.4458672855678723,-21.308683672459303,2.364159396863419e-44,2.7112724375201676e-42,True,Downregulated,CORO2B,"coronin, actin binding protein, 2B",CORO2B
217452_s_at,3.598988379978723,6.043364029939998,-2.4443756499612754,-13.908090581349743,4.744362428165934e-30,1.4556775673778262e-28,True,Downregulated,B3GALT2,"UDP-Gal:betaGlcNAc beta 1,3-galactosyltransferase, polypeptide 2",B3GALT2
205651_x_at,5.181121334308512,7.62503614161,-2.4439148073014882,-21.511203301497183,3.099319239200213e-49,5.748275331021471e-47,True,Downregulated,RAPGEF4,Rap guanine nucleotide exchange factor (GEF) 4,RAPGEF4
219452_at,4.5853734768936185,7.0275699695,-2.4421964926063815,-17.483997214616505,2.1929082816169766e-36,1.2072442664795363e-34,True,Downregulated,DPEP2,dipeptidase 2,DPEP2
224822_at,9.113204947223405,11.5507284587,-2.437523511476595,-17.31746000009068,7.2510994846276206e-34,3.1026860531438445e-32,True,Downregulated,DLC1,DLC1 Rho GTPase activating protein,DLC1
202177_at,7.744930542851064,10.182345809170002,-2.437415266318938,-17.997870389528178,2.482611381908126e-35,1.2216810227567288e-33,True,Downregulated,GAS6,growth arrest-specific 6,GAS6
238877_at,4.121845579478724,6.558302100229998,-2.436456520751274,-12.72634860094544,2.6810375929366883e-27,6.469371376119009e-26,True,Downregulated,EYA4,EYA transcriptional coactivator and phosphatase 4,EYA4
205969_at,4.426771442723404,6.860710963650002,-2.4339395209265975,-12.137976077563314,2.4014739426555936e-25,4.881544878294549e-24,True,Downregulated,AADAC,arylacetamide deacetylase,AADAC
230595_at,3.8450820346489363,6.278465259099999,-2.4333832244510627,-19.44876960354228,1.3141118414941387e-45,1.7670204876650935e-43,True,Downregulated,PGM5-AS1,PGM5 antisense RNA 1,PGM5-AS1
218974_at,6.427758430127658,8.859848860569999,-2.432090430442341,-15.002728182608655,1.0063337896255588e-28,2.7461526742161494e-27,True,Downregulated,SOBP,sine oculis binding protein homolog (Drosophila),SOBP
226071_at,5.664243518617022,8.095137019620001,-2.430893501002979,-14.768896732874106,2.6998715496968863e-33,1.1034596593616773e-31,True,Downregulated,ADAMTSL4,ADAMTS-like 4,ADAMTSL4
226694_at,10.476369667787234,12.904433307700002,-2.428063639912768,-28.88727549979088,6.46032549598833e-60,4.8260425989892825e-57,True,Downregulated,AKAP2,A kinase (PRKA) anchor protein 2 /// PALM2-AKAP2 readthrough,AKAP2
213438_at,3.146180806329787,5.57310375549,-2.426922949160213,-18.734005798892685,3.3343035988789964e-44,3.7676229699433974e-42,True,Downregulated,NFASC,neurofascin,NFASC
205730_s_at,5.468988279829787,7.89421951607,-2.4252312362402124,-17.14517273657746,7.869220456624662e-38,5.050762428162459e-36,True,Downregulated,ABLIM3,"actin binding LIM protein family, member 3",ABLIM3
223843_at,3.2495418777021277,5.67266582142,-2.423123943717872,-16.684184857331697,7.175739646650245e-39,5.058379195736961e-37,True,Downregulated,SCARA3,"scavenger receptor class A, member 3",SCARA3
230179_at,6.326322719106384,8.748236215919999,-2.4219134968136142,-22.263031010783273,1.1992762668912577e-51,2.9373463418664748e-49,True,Downregulated,LOC285812,uncharacterized LOC285812,LOC285812
228890_at,5.665665180978723,8.0863355086,-2.420670327621276,-14.474998627799547,4.500920984720686e-29,1.2621821485098375e-27,True,Downregulated,ATOH8,atonal homolog 8 (Drosophila),ATOH8
205139_s_at,4.747209745329787,7.167400457599999,-2.4201907122702124,-14.291071616936742,5.2146473572644886e-27,1.223713013777608e-25,True,Downregulated,UST,uronyl-2-sulfotransferase,UST
225575_at,9.397976400553194,11.81266626092,-2.4146898603668063,-17.52439302292349,2.67555892183486e-38,1.8078845749976103e-36,True,Downregulated,LIFR,leukemia inhibitory factor receptor alpha,LIFR
240715_at,7.682908008606384,10.09448478724,-2.4115767786336164,-19.449479576735715,1.0512614190356973e-42,1.006105812887082e-40,True,Downregulated,TBX5,T-box 5,TBX5
232305_at,3.280021719180851,5.689185359390001,-2.4091636402091496,-21.68855018630535,1.6494063570404569e-53,5.1578471116150007e-51,True,Downregulated,HMGCLL1,3-hydroxymethyl-3-methylglutaryl-CoA lyase-like 1,HMGCLL1
209883_at,3.3786960253404255,5.783619817889998,-2.404923792549573,-19.87997697379955,3.320328590707797e-47,5.161479583231491e-45,True,Downregulated,COLGALT2,collagen beta(1-O)galactosyltransferase 2,COLGALT2
227417_at,6.339230666638296,8.743453757279998,-2.4042230906417013,-15.76757203131425,9.341932946217997e-30,2.794578450752398e-28,True,Downregulated,MARC2,mitochondrial amidoxime reducing component 2,MARC2
204519_s_at,7.49130656631915,9.89529565214,-2.40398908582085,-15.163958831937759,1.1589280431004064e-29,3.4381745022723915e-28,True,Downregulated,PLLP,plasmolipin,PLLP
227705_at,4.767842880680851,7.169753312949999,-2.4019104322691485,-13.660431666153722,1.5978584138402795e-26,3.5884097138544167e-25,True,Downregulated,TCEAL7,transcription elongation factor A (SII)-like 7,TCEAL7
205805_s_at,5.2762545885638295,7.677627127649999,-2.4013725390861698,-18.91408739998211,4.350585838033496e-40,3.31445623065821e-38,True,Downregulated,ROR1,receptor tyrosine kinase-like orphan receptor 1,ROR1
205694_at,4.853683096085106,7.2454441882100005,-2.391761092124894,-9.7503802907905,1.3713644489508025e-17,1.405224009359266e-16,True,Downregulated,TYRP1,tyrosinase-related protein 1,TYRP1
202747_s_at,7.803771474978723,10.19352255752,-2.3897510825412764,-17.33067890300201,2.176451873852995e-36,1.2011824823310198e-34,True,Downregulated,ITM2A,integral membrane protein 2A,ITM2A
222520_s_at,5.310674218170213,7.7000860604,-2.389411842229787,-15.823993834439904,3.0470388999628395e-31,1.0288012195442642e-29,True,Downregulated,IFT57,intraflagellar transport 57 homolog (Chlamydomonas),IFT57
238512_at,3.0040035519574477,5.3920833545199995,-2.388079802562552,-19.504506338049932,6.835275096506248e-47,1.0298098216825913e-44,True,Downregulated,WNT2B,"wingless-type MMTV integration site family, member 2B",WNT2B
239580_at,4.025953566446809,6.41378502473,-2.387831458283191,-18.798341845401527,1.158465190384591e-44,1.378522317035965e-42,True,Downregulated,GUCY1A3,"guanylate cyclase 1, soluble, alpha 3",GUCY1A3
228232_s_at,5.698879323882978,8.08519387973,-2.3863145558470213,-15.179141350264647,2.4971839128144524e-29,7.1595700391598155e-28,True,Downregulated,VSIG2,V-set and immunoglobulin domain containing 2,VSIG2
219371_s_at,9.755461516680848,12.138252874600003,-2.382791357919155,-20.13753391754401,8.150178902042042e-45,9.940261279483748e-43,True,Downregulated,KLF2,Kruppel-like factor 2,KLF2
230730_at,4.264224452489361,6.6427901563,-2.378565703810639,-15.319270146532858,8.894643637802374e-34,3.772928254754246e-32,True,Downregulated,SGCD,"sarcoglycan, delta (35kDa dystrophin-associated glycoprotein)",SGCD
227400_at,8.086622733914892,10.46378767082,-2.3771649369051087,-18.050947344416684,7.53103353364864e-40,5.649430538923651e-38,True,Downregulated,NFIX,nuclear factor I/X (CCAAT-binding transcription factor),NFIX
229542_at,4.811377404265957,7.185213720430002,-2.373836316164045,-5.9804973583259615,1.0809317352823543e-08,4.593426113130814e-08,True,Downregulated,C20orf85,chromosome 20 open reading frame 85,C20orf85
214438_at,4.901780411074468,7.271290607219999,-2.369510196145531,-17.768744001847647,3.209569418644796e-42,2.906227285374225e-40,True,Downregulated,HLX,H2.0-like homeobox,HLX
215039_at,5.809040122659575,8.177097961449999,-2.368057838790423,-14.660230732792948,2.765707484231358e-29,7.899965095425801e-28,True,Downregulated,LINC01140,long intergenic non-protein coding RNA 1140,LINC01140
218656_s_at,9.002444706851062,11.369104662900002,-2.36665995604894,-21.71404313428145,5.712181455315764e-45,7.0791564920648305e-43,True,Downregulated,LHFP,lipoma HMGIC fusion partner,LHFP
214053_at,2.8781183258297873,5.234082255200001,-2.3559639293702133,-16.484416366295566,2.8319949919868754e-38,1.90640403803512e-36,True,Downregulated,ERBB4,v-erb-b2 avian erythroblastic leukemia viral oncogene homolog 4,ERBB4
211748_x_at,10.509428952031914,12.8613337106,-2.351904758568086,-15.131653546582447,7.610001862151322e-30,2.2982120166067997e-28,True,Downregulated,PTGDS,prostaglandin D2 synthase 21kDa (brain),PTGDS
211734_s_at,6.4236159605851055,8.774841648399999,-2.3512256878148934,-9.691654373481075,4.369539490413903e-17,4.271538550189062e-16,True,Downregulated,FCER1A,"Fc fragment of IgE, high affinity I, receptor for; alpha polypeptide",FCER1A
220634_at,3.2967294087553194,5.6461829978499996,-2.34945358909468,-23.79631949749923,7.079051154232765e-52,1.7546260155832417e-49,True,Downregulated,TBX4,T-box 4,TBX4
215836_s_at,7.709177531265957,10.05842312739,-2.3492455961240433,-17.925153065527876,1.0279433687929689e-40,8.364442062617038e-39,True,Downregulated,PCDHGA1,"protocadherin gamma subfamily A, 1 /// protocadherin gamma subfamily A, 10 /// protocadherin gamma subfamily A, 11 /// protocadherin gamma subfamily A, 12 /// protocadherin gamma subfamily A, 2 /// protocadherin gamma subfamily A, 3 /// protocadherin gamma subfamily A, 4 /// protocadherin gamma subfamily A, 5 /// protocadherin gamma subfamily A, 6 /// protocadherin gamma subfamily A, 7 /// protocadherin gamma subfamily A, 8 /// protocadherin gamma subfamily A, 9 /// protocadherin gamma subfamily B, 1 /// protocadherin gamma subfamily B, 2 /// protocadherin gamma subfamily B, 3 /// protocadherin gamma subfamily B, 4 /// protocadherin gamma subfamily B, 5 /// protocadherin gamma subfamily B, 6 /// protocadherin gamma subfamily B, 7 /// protocadherin gamma subfamily C, 3 /// protocadherin gamma subfamily C, 4 /// protocadherin gamma subfamily C, 5",PCDHGA1
206101_at,7.600215152744681,9.946789991129998,-2.346574838385317,-13.44345045183282,2.205139316223355e-26,4.876875956512721e-25,True,Downregulated,ECM2,"extracellular matrix protein 2, female organ and adipocyte specific",ECM2
226225_at,6.667064246914894,9.012086086630001,-2.3450218397151072,-18.856183150649667,6.6910982012197105e-40,5.040439885865594e-38,True,Downregulated,MCC,mutated in colorectal cancers,MCC
204042_at,5.487856058457447,7.82751544349,-2.3396593850325536,-15.693829795408972,2.587645630788449e-33,1.0592017343804225e-31,True,Downregulated,WASF3,"WAS protein family, member 3",WASF3
216235_s_at,5.779516292489362,8.11584054958,-2.336324257090638,-14.10022045308438,2.4935780304044362e-30,7.820384136637493e-29,True,Downregulated,EDNRA,endothelin receptor type A,EDNRA
242344_at,3.335890907712766,5.670758012969999,-2.3348671052572327,-11.345028340982513,6.472273592756977e-23,1.0662104363247375e-21,True,Downregulated,GABRB2,"gamma-aminobutyric acid (GABA) A receptor, beta 2",GABRB2
205756_s_at,6.749021402255319,9.0793824198,-2.330361017544681,-15.202684981630423,1.209414413392605e-34,5.5836535312218585e-33,True,Downregulated,F8,"coagulation factor VIII, procoagulant component",F8
242714_at,4.4714792505,6.799235584550001,-2.327756334050001,-14.562703060161667,1.9211629513846977e-32,7.236111379774325e-31,True,Downregulated,LOC101928429,uncharacterized LOC101928429,LOC101928429
218825_at,6.037741739595744,8.36410201837,-2.3263602787742554,-15.450939583296808,1.6159413142802934e-33,6.711584519681842e-32,True,Downregulated,EGFL7,"EGF-like-domain, multiple 7",EGFL7
201809_s_at,8.607562133989363,10.93387018499,-2.3263080510006375,-20.49170567328731,8.094711827696674e-48,1.331443946068787e-45,True,Downregulated,ENG,endoglin,ENG
229634_at,3.8575115092021277,6.182705369740002,-2.325193860537874,-16.026514420155838,1.9368892642533213e-35,9.62823715038162e-34,True,Downregulated,TMEM139,transmembrane protein 139,TMEM139
221667_s_at,8.54703261543617,10.871799246529998,-2.324766631093828,-16.09796136021617,2.633397256750074e-31,8.981604619629644e-30,True,Downregulated,HSPB8,heat shock 22kDa protein 8,HSPB8
229084_at,4.745041357,7.06741385475,-2.32237249775,-14.55781971304808,1.27230647588384e-29,3.7600151709828687e-28,True,Downregulated,CNTN4,contactin 4,CNTN4
209242_at,4.340294714819149,6.661051518180001,-2.320756803360852,-14.511321397023007,1.8396124645985446e-28,4.900713027285652e-27,True,Downregulated,PEG3,paternally expressed 3,PEG3
226751_at,7.0337779555638305,9.35262380255,-2.318845846986169,-16.466300845970544,6.654570823255754e-32,2.381388864269022e-30,True,Downregulated,CNRIP1,cannabinoid receptor interacting protein 1,CNRIP1
219093_at,7.297798569425531,9.614793143770001,-2.31699457434447,-17.486416387794822,1.3984075636803138e-33,5.839654442555074e-32,True,Downregulated,PID1,phosphotyrosine interaction domain containing 1,PID1
226018_at,5.992243904127661,8.30914508395,-2.316901179822339,-14.70384279650483,4.456924460636328e-30,1.371396676428979e-28,True,Downregulated,MTURN,"maturin, neural progenitor differentiation regulator homolog (Xenopus)",MTURN
1553834_at,3.8059907255212764,6.1226039647300015,-2.316613239208725,-14.358131265590654,5.691139144260176e-32,2.0543866443837437e-30,True,Downregulated,COL6A5,"collagen, type VI, alpha 5",COL6A5
204777_s_at,6.4640075257659575,8.777018522530001,-2.313010996764044,-13.23448016062427,7.590551372096177e-26,1.6092447619218168e-24,True,Downregulated,MAL,"mal, T-cell differentiation protein",MAL
227727_at,5.800655269446809,8.11265369523,-2.311998425783191,-13.676670967759994,8.166639339701643e-26,1.727973499312323e-24,True,Downregulated,MRGPRF,"MAS-related GPR, member F",MRGPRF
219777_at,9.479065645265957,11.79080106361,-2.3117354183440426,-17.25025694758288,4.8466533164289084e-39,3.4481758634582707e-37,True,Downregulated,GIMAP6,"GTPase, IMAP family member 6",GIMAP6
210004_at,7.3256274194787245,9.63680315269,-2.3111757332112752,-11.047436713209148,2.4992305994304677e-21,3.573195561429217e-20,True,Downregulated,OLR1,oxidized low density lipoprotein (lectin-like) receptor 1,OLR1
206201_s_at,6.369995039851063,8.677705585790001,-2.3077105459389378,-11.939596091423669,1.3957979238618243e-22,2.2277266211522874e-21,True,Downregulated,MEOX2,mesenchyme homeobox 2,MEOX2
209369_at,9.84814027010638,12.1548213691,-2.3066810989936197,-14.27703267441145,4.517346796707609e-28,1.1603152569613918e-26,True,Downregulated,ANXA3,annexin A3,ANXA3
213802_at,5.4220384250531914,7.72669337672,-2.3046549516668087,-11.114940207169582,1.1611397688317706e-20,1.57391793362867e-19,True,Downregulated,PRSS12,"protease, serine, 12 (neurotrypsin, motopsin)",PRSS12
205528_s_at,5.72560709011702,8.02922034116,-2.3036132510429805,-14.937108915052958,1.756653056554512e-31,6.083924101728332e-30,True,Downregulated,RUNX1T1,"runt-related transcription factor 1; translocated to, 1 (cyclin D-related)",RUNX1T1
227554_at,6.1069951333617025,8.405711238030001,-2.2987161046682987,-17.46323670174741,4.845101610919683e-35,2.3309359145342227e-33,True,Downregulated,MAGI2-AS3,MAGI2 antisense RNA 3,MAGI2-AS3
210078_s_at,5.745521942702128,8.04365919583,-2.298137253127871,-17.827614314914904,4.414495783104772e-41,3.709969846719895e-39,True,Downregulated,KCNAB1,"potassium voltage-gated channel, shaker-related subfamily, beta member 1",KCNAB1
229963_at,6.624568642936169,8.92123187222,-2.2966632292838307,-10.650444870211553,2.35914913913209e-19,2.8424999013745205e-18,True,Downregulated,BEX5,"brain expressed, X-linked 5",BEX5
226188_at,8.08766341587234,10.38273986765,-2.2950764517776605,-17.24553794843955,2.0331154375458204e-36,1.1273520301426752e-34,True,Downregulated,LGALSL,"lectin, galactoside-binding-like",LGALSL
224901_at,7.319657015425531,9.61303968705,-2.2933826716244683,-14.381917461710785,2.0966573283151336e-27,5.107373689345914e-26,True,Downregulated,SCD5,stearoyl-CoA desaturase 5,SCD5
241381_at,3.190782225234042,5.48238913997,-2.2916069147359583,-20.050376822663353,9.622696253666056e-48,1.573149971731558e-45,True,Downregulated,CXorf36,chromosome X open reading frame 36,CXorf36
229012_at,5.525476193308511,7.81532919243,-2.2898529991214893,-6.045517822407443,7.66955887491749e-09,3.309650943888897e-08,True,Downregulated,C9orf24,chromosome 9 open reading frame 24,C9orf24
202067_s_at,6.85591186805319,9.1426615431,-2.286749675046809,-15.925944245953854,5.3414722494171816e-36,2.841705503532666e-34,True,Downregulated,LDLR,low density lipoprotein receptor,LDLR
230636_s_at,4.190273777797872,6.476398477560001,-2.286124699762129,-20.928248761368387,1.7759696778029902e-49,3.363461446841959e-47,True,Downregulated,KLF9,Kruppel-like factor 9,KLF9
230351_at,3.573825799212766,5.85671458941,-2.282888790197234,-21.02021312252655,5.348599797557155e-48,8.93415492892575e-46,True,Downregulated,FGF14-AS2,FGF14 antisense RNA 2,FGF14-AS2
226397_s_at,6.28035365317021,8.56299776515,-2.2826441119797893,-17.668785143856656,7.148621873768902e-35,3.378697505294676e-33,True,Downregulated,PHACTR1,phosphatase and actin regulator 1,PHACTR1
206618_at,4.475471997989362,6.754928266009999,-2.2794562680206374,-15.39986846813053,3.0329144028285615e-35,1.4829848551867e-33,True,Downregulated,IL18R1,interleukin 18 receptor 1,IL18R1
219115_s_at,4.5811584194042565,6.860151173570001,-2.2789927541657446,-11.403519685558186,2.8933649502647014e-22,4.51341436238217e-21,True,Downregulated,IL20RA,"interleukin 20 receptor, alpha",IL20RA
219737_s_at,6.0103529153510635,8.286926945749999,-2.276574030398935,-13.373415529092899,3.243315864825498e-28,8.439525259095512e-27,True,Downregulated,PCDH9,protocadherin 9,PCDH9
242447_at,4.550985367457447,6.825957161179999,-2.2749717937225515,-13.833284439512726,9.44139290603947e-28,2.363028193784267e-26,True,Downregulated,C3orf70,chromosome 3 open reading frame 70,C3orf70
205247_at,6.060508186563829,8.334300168679999,-2.27379198211617,-21.401252821772562,4.960721076730054e-50,9.99315894505628e-48,True,Downregulated,NOTCH4,notch 4,NOTCH4
235278_at,7.585198085159574,9.855676950889999,-2.270478865730425,-9.367894237181233,3.4713003069893276e-16,3.13635743846343e-15,True,Downregulated,MACROD2,MACRO domain containing 2,MACROD2
206726_at,6.5086465878829785,8.7737595503,-2.265112962417021,-12.262100893776958,3.956294634220901e-23,6.637762779005529e-22,True,Downregulated,HPGDS,hematopoietic prostaglandin D synthase,HPGDS
239345_at,4.367600280351064,6.6319599155699995,-2.264359635218936,-18.35689834794743,4.034279420085397e-44,4.511179893736241e-42,True,Downregulated,SLC19A3,"solute carrier family 19 (thiamine transporter), member 3",SLC19A3
209710_at,6.896116244436171,9.16022934958,-2.264113105143829,-23.714360944036684,2.368839299540774e-57,1.2741039056510007e-54,True,Downregulated,GATA2,GATA binding protein 2,GATA2
203071_at,5.33891794419149,7.60098973517,-2.26207179097851,-14.745682593905151,4.9454270379968776e-30,1.5139142781200913e-28,True,Downregulated,MIR6872,"microRNA 6872 /// sema domain, immunoglobulin domain (Ig), short basic domain, secreted, (semaphorin) 3B",MIR6872
205782_at,4.035574794819149,6.297548127539999,-2.26197333272085,-13.578190552018631,1.545091981076594e-27,3.8034012491618164e-26,True,Downregulated,FGF7,fibroblast growth factor 7,FGF7
214374_s_at,6.711346104659573,8.971083879560002,-2.2597377749004286,-16.379985710814623,5.4896824751869065e-36,2.9147883673287556e-34,True,Downregulated,PPFIBP1,"PTPRF interacting protein, binding protein 1 (liprin beta 1)",PPFIBP1
210002_at,8.088079102276597,10.347756388169998,-2.2596772858934013,-16.691592789533765,1.106084963891298e-31,3.8883585534547285e-30,True,Downregulated,GATA6,GATA binding protein 6,GATA6
228311_at,5.620024838244681,7.87891815095,-2.258893312705319,-19.028479407047314,2.3797642984040613e-44,2.723361756467252e-42,True,Downregulated,BCL6B,"B-cell CLL/lymphoma 6, member B",BCL6B
206979_at,2.5958716526276597,4.85399280876,-2.2581211561323404,-10.676369484791348,1.073845808422524e-19,1.3323614913913235e-18,True,Downregulated,C8B,"complement component 8, beta polypeptide",C8B
226632_at,6.308734610255321,8.565856948430001,-2.25712233817468,-16.24974460951947,2.3417081741976074e-34,1.0495926321449376e-32,True,Downregulated,CYGB,cytoglobin,CYGB
1554079_at,6.519175396489359,8.77322185049,-2.2540464540006404,-16.782637192892533,3.805549620197389e-35,1.8490089599994287e-33,True,Downregulated,GALNT18,polypeptide N-acetylgalactosaminyltransferase 18,GALNT18
49452_at,5.966325394755319,8.21992543179,-2.25360003703468,-15.479443274513027,1.1294425860086522e-32,4.342258679847131e-31,True,Downregulated,ACACB,acetyl-CoA carboxylase beta,ACACB
239656_at,4.424704015170214,6.677215176269999,-2.252511161099785,-18.3332602618347,1.4892013809542548e-40,1.190166203209592e-38,True,Downregulated,LHFPL3-AS2,LHFPL3 antisense RNA 2,LHFPL3-AS2
227126_at,7.064610796563831,9.31668981177,-2.25207901520617,-16.461265121696663,8.47651281033513e-33,3.2918246788208325e-31,True,Downregulated,PTPRG,"protein tyrosine phosphatase, receptor type, G",PTPRG
206637_at,6.92807072480851,9.17695311878,-2.24888239397149,-15.271827683565604,2.714998675762651e-29,7.763366229376393e-28,True,Downregulated,P2RY14,"purinergic receptor P2Y, G-protein coupled, 14",P2RY14
215184_at,5.592107372212765,7.8403328733799995,-2.2482255011672345,-16.135934557070556,5.610752823752312e-34,2.4297902687467138e-32,True,Downregulated,DAPK2,death-associated protein kinase 2,DAPK2
227178_at,6.539934420223402,8.788078549850002,-2.2481441296266,-20.94602345478334,5.2917366171754257e-42,4.7200886515986315e-40,True,Downregulated,CELF2,"CUGBP, Elav-like family member 2",CELF2
219195_at,4.690380506585106,6.93344505574,-2.2430645491548944,-11.189781994323996,3.697998873029142e-20,4.784714154071335e-19,True,Downregulated,PPARGC1A,"peroxisome proliferator-activated receptor gamma, coactivator 1 alpha",PPARGC1A
203666_at,6.045506012468086,8.287513727910001,-2.2420077154419156,-13.354926039339004,2.1037751918266775e-28,5.57407155012757e-27,True,Downregulated,CXCL12,chemokine (C-X-C motif) ligand 12,CXCL12
205495_s_at,5.105007416393617,7.346467486890001,-2.241460070496384,-8.84009852183053,1.1400752368464006e-15,9.820641686262092e-15,True,Downregulated,GNLY,granulysin,GNLY
219584_at,5.1305109710319154,7.369125840139999,-2.2386148691080834,-9.85380778324175,6.0414602990115555e-18,6.405400820868036e-17,True,Downregulated,PLA1A,phospholipase A1 member A,PLA1A
209543_s_at,5.633442378563831,7.8684537875,-2.2350114089361695,-19.500213112101324,9.322885145536815e-44,1.0048911832421707e-41,True,Downregulated,CD34,CD34 molecule,CD34
225968_at,5.982163503031915,8.216150435659998,-2.233986932628083,-19.82476944591478,8.828477444903609e-46,1.2051992077451408e-43,True,Downregulated,PRICKLE2,prickle homolog 2 (Drosophila),PRICKLE2
209267_s_at,11.156798210170216,13.390089733700002,-2.233291523529786,-20.59713323087808,4.605290409667511e-41,3.864276910676704e-39,True,Downregulated,SLC39A8,"solute carrier family 39 (zinc transporter), member 8",SLC39A8
218665_at,5.989652527223405,8.219947198129999,-2.230294670906594,-21.926062655850192,3.4178982155276737e-53,1.010082820991052e-50,True,Downregulated,FZD4,frizzled class receptor 4,FZD4
200795_at,11.997301327244681,14.2263736912,-2.229072363955318,-16.870684765814882,2.872536925974692e-32,1.0633329050273557e-30,True,Downregulated,SPARCL1,SPARC-like 1 (hevin),SPARCL1
212328_at,11.124188374000003,13.3518222546,-2.2276338805999973,-20.069189178576977,1.092378964188406e-42,1.040116843359318e-40,True,Downregulated,LIMCH1,LIM and calponin homology domains 1,LIMCH1
220024_s_at,4.76086149306383,6.98846950999,-2.22760801692617,-20.553183581607914,9.009551153562165e-50,1.7685683151295423e-47,True,Downregulated,PRX,periaxin,PRX
228255_at,4.701408369946808,6.92553711797,-2.224128748023192,-15.763890399028126,1.9645605464030208e-34,8.849736478126707e-33,True,Downregulated,TMEM237,transmembrane protein 237,TMEM237
219821_s_at,5.646229887712766,7.86913738189,-2.2229074941772335,-22.326463233092497,1.053541337322746e-52,2.9059371471405753e-50,True,Downregulated,GFOD1,glucose-fructose oxidoreductase domain containing 1,GFOD1
209735_at,4.547625603851064,6.76896076373,-2.2213351598789357,-15.127800669526026,1.798049616839225e-34,8.14742179370805e-33,True,Downregulated,ABCG2,"ATP-binding cassette, sub-family G (WHITE), member 2",ABCG2
219660_s_at,4.362795739031915,6.58343651807,-2.220640779038085,-11.169332261403959,2.5622998648531892e-21,3.660447822868357e-20,True,Downregulated,ATP8A2,"ATPase, aminophospholipid transporter, class I, type 8A, member 2",ATP8A2
204249_s_at,8.362822528574469,10.58119186501,-2.218369336435531,-21.968160329769574,5.103476662856857e-50,1.024237297717981e-47,True,Downregulated,LMO2,LIM domain only 2 (rhombotin-like 1),LMO2
227688_at,5.6356217315319155,7.850865510420001,-2.2152437788880857,-13.51902748557231,1.0226188950729438e-24,1.9532166154259004e-23,True,Downregulated,LRCH2,leucine-rich repeats and calponin homology (CH) domain containing 2,LRCH2
205033_s_at,2.7660220666170217,4.98067676536,-2.2146546987429785,-9.224166074336,4.816753845147418e-16,4.29214583027003e-15,True,Downregulated,DEFA1,"defensin, alpha 1 /// defensin, alpha 1B /// defensin, alpha 3, neutrophil-specific",DEFA1
220646_s_at,4.388353786574468,6.602232246510002,-2.2138784599355334,-13.721497183480059,4.479597795894961e-30,1.3775851746712772e-28,True,Downregulated,KLRF1,"killer cell lectin-like receptor subfamily F, member 1",KLRF1
226844_at,5.9762178553936165,8.186801403270001,-2.210583547876385,-14.970906661486072,1.8899521102044603e-30,5.990156994664531e-29,True,Downregulated,MOB3B,MOB kinase activator 3B,MOB3B
208510_s_at,6.419750355659574,8.62820650954,-2.2084561538804257,-11.633280353386706,8.4081009768672e-23,1.3716655115006952e-21,True,Downregulated,PPARG,peroxisome proliferator-activated receptor gamma,PPARG
242871_at,5.582517131787234,7.790804138309999,-2.208287006522765,-12.139143703924308,4.711291320191999e-22,7.196862111554867e-21,True,Downregulated,PAQR5,progestin and adipoQ receptor family member V,PAQR5
203687_at,5.5850515960000005,7.793216838849999,-2.208165242849999,-12.898258960767414,6.93177190944177e-27,1.6112026098584054e-25,True,Downregulated,CX3CL1,chemokine (C-X3-C motif) ligand 1,CX3CL1
226192_at,4.971940437680852,7.179039487280001,-2.207099049599149,-11.039412204901064,5.0440422152774217e-20,6.456422051187802e-19,True,Downregulated,AR,androgen receptor,AR
229824_at,5.978896222010637,8.18427854379,-2.2053823217793633,-14.366500249501941,1.4415767238937715e-28,3.878771669402221e-27,True,Downregulated,SHC3,SHC (Src homology 2 domain containing) transforming protein 3,SHC3
206289_at,5.041555800085107,7.24681514068,-2.2052593405948926,-18.899545325217794,4.4883794022202175e-43,4.5033656062913525e-41,True,Downregulated,HOXA4,homeobox A4,HOXA4
212448_at,6.836200225,9.04077332843,-2.2045731034299996,-14.75452140971016,1.3121478993210234e-29,3.875628056720514e-28,True,Downregulated,NEDD4L,"neural precursor cell expressed, developmentally down-regulated 4-like, E3 ubiquitin protein ligase",NEDD4L
218574_s_at,7.893915108319149,10.09719089758,-2.203275789260852,-17.505562329119613,2.153898465770401e-37,1.323995232913449e-35,True,Downregulated,LMCD1,LIM and cysteine-rich domains 1,LMCD1
235175_at,6.4408895026063835,8.64213483702,-2.201245334413617,-13.340670264293507,1.9968252595310234e-27,4.8730146737357365e-26,True,Downregulated,GBP4,guanylate binding protein 4,GBP4
223523_at,4.864563882553191,7.065014137840002,-2.2004502552868113,-13.342440690477664,8.182252236974805e-27,1.8896119313779598e-25,True,Downregulated,TMEM108,transmembrane protein 108,TMEM108
226069_at,5.997895826202128,8.196789990609998,-2.1988941644078706,-16.146748640205555,2.437278552578324e-34,1.091519269183828e-32,True,Downregulated,PRICKLE1,prickle homolog 1 (Drosophila),PRICKLE1
228335_at,6.077621314031915,8.27458854264,-2.1969672286080852,-11.056103756734583,1.0375653393767503e-19,1.2903234530339396e-18,True,Downregulated,CLDN11,claudin 11,CLDN11
226701_at,7.942671793744681,10.13955699448,-2.196885200735318,-14.171320225476792,2.5217620885954763e-30,7.894964825215151e-29,True,Downregulated,GJA5,"gap junction protein, alpha 5, 40kDa",GJA5
230305_at,3.904932306404255,6.10031851251,-2.1953862061057454,-18.68139220307682,5.591384636632706e-45,6.94545529020616e-43,True,Downregulated,DNAJC15,"DnaJ (Hsp40) homolog, subfamily C, member 15",DNAJC15
212254_s_at,9.226559517042553,11.420304109820002,-2.193744592777449,-18.28141582474252,1.214598989600417e-36,6.9572333604524e-35,True,Downregulated,DST,dystonin,DST
223315_at,9.501977552734044,11.693478596599999,-2.191501043865955,-16.638387740172625,2.2629249757114558e-32,8.44061600163775e-31,True,Downregulated,NTN4,netrin 4,NTN4
205648_at,5.494227970734043,7.680098198549998,-2.185870227815955,-12.050767976602296,1.7319955148323453e-22,2.7439502433217237e-21,True,Downregulated,WNT2,wingless-type MMTV integration site family member 2,WNT2
236892_s_at,4.353329827085107,6.538509874739999,-2.1851800476548924,-12.27623714286115,4.626128652647723e-23,7.712986847839752e-22,True,Downregulated,HOXB-AS3,HOXB cluster antisense RNA 3,HOXB-AS3
230493_at,6.7352365332234045,8.915932414169998,-2.180695880946593,-8.633848302244811,1.800910597898167e-14,1.3792364718574798e-13,True,Downregulated,SHISA2,shisa family member 2,SHISA2
230381_at,5.665788072702127,7.84642201183,-2.1806339391278726,-14.30768191740332,2.2926956915470362e-30,7.219843704071948e-29,True,Downregulated,C1orf186,chromosome 1 open reading frame 186 /// uncharacterized LOC101929219,C1orf186
210657_s_at,5.168407638191488,7.34748141434,-2.1790737761485115,-20.09819638205975,3.26817155397679e-44,3.7006710568883284e-42,True,Downregulated,SEPT4,septin 4,SEPT4
1559287_at,2.8587403922234036,5.0372635490099995,-2.178523156786596,-18.224729742668668,2.4610075068636895e-37,1.502471620478665e-35,True,Downregulated,AX747750,"Homo sapiens cDNA FLJ35503 fis, clone SMINT2009216. ///",AX747750
236304_at,3.125194879159574,5.301838816549999,-2.176643937390425,-17.751951019813337,4.385722013138592e-42,3.938070854735765e-40,True,Downregulated,LINC00702,long intergenic non-protein coding RNA 702,LINC00702
201044_x_at,8.600568197457447,10.77673506765,-2.176166870192553,-11.432095312679978,5.227410937291613e-23,8.685867305318712e-22,True,Downregulated,DUSP1,dual specificity phosphatase 1,DUSP1
235867_at,4.438478777276596,6.608011944100001,-2.1695331668234052,-15.845602104275871,9.79983092757859e-35,4.563581872473958e-33,True,Downregulated,GSTM3,glutathione S-transferase mu 3 (brain),GSTM3
218901_at,8.56498326520213,10.733729071019997,-2.168745805817867,-20.039069354935446,8.631442579046502e-41,7.066221774072985e-39,True,Downregulated,PLSCR4,phospholipid scramblase 4,PLSCR4
228782_at,11.354788665542554,13.5189449476,-2.164156282057446,-5.563752917591858,2.03412332030804e-07,7.532866765773081e-07,True,Downregulated,SCGB3A2,"secretoglobin, family 3A, member 2",SCGB3A2
219743_at,4.1295822502340425,6.291779405550001,-2.1621971553159582,-15.184993856463,1.4599499188353647e-34,6.69436200634944e-33,True,Downregulated,HEY2,hes-related family bHLH transcription factor with YRPW motif 2,HEY2
235764_at,4.159949230478724,6.32090671423,-2.160957483751276,-20.839713118257798,3.7720607588691397e-51,8.524540335148553e-49,True,Downregulated,PRDM5,PR domain containing 5,PRDM5
214354_x_at,11.48353225404255,13.642449930300002,-2.1589176762574507,-9.057600250576643,9.09950682471616e-15,7.192153917328191e-14,True,Downregulated,SFTPB,surfactant protein B,SFTPB
226872_at,3.889565315595745,6.047357591499998,-2.1577922759042534,-12.815400092474656,1.94588747183873e-27,4.753020143520342e-26,True,Downregulated,RFX2,"regulatory factor X, 2 (influences HLA class II expression)",RFX2
219616_at,3.7636597821170215,5.91881929671,-2.1551595145929783,-16.842176963681947,2.7755257082828276e-33,1.1326587689355096e-31,True,Downregulated,ACSS3,acyl-CoA synthetase short-chain family member 3,ACSS3
218805_at,7.78707963256383,9.938161847749999,-2.151082215186169,-14.488106301769777,4.0601487668892804e-29,1.1409569570319062e-27,True,Downregulated,GIMAP1-GIMAP5,"GIMAP1-GIMAP5 readthrough /// GTPase, IMAP family member 5",GIMAP1-GIMAP5
213362_at,3.6844540491595743,5.835089343879999,-2.150635294720425,-16.624487141922902,1.8435838928809456e-38,1.2631720160827329e-36,True,Downregulated,PTPRD,"protein tyrosine phosphatase, receptor type, D",PTPRD
204542_at,5.561055711117022,7.706405094529999,-2.1453493834129773,-14.310670866261095,5.576323865861392e-28,1.4234843637836774e-26,True,Downregulated,ST6GALNAC2,"ST6 (alpha-N-acetyl-neuraminyl-2,3-beta-galactosyl-1,3)-N-acetylgalactosaminide alpha-2,6-sialyltransferase 2",ST6GALNAC2
214668_at,3.1136571530851063,5.25896883109,-2.1453116780048935,-18.778526924590533,6.380609313279558e-45,7.853259783159137e-43,True,Downregulated,SPRYD7,SPRY domain containing 7,SPRYD7
230744_at,3.5788001467659574,5.723148841639999,-2.1443486948740413,-13.157548825366675,3.5714575399629797e-28,9.270965986701198e-27,True,Downregulated,FSTL1,follistatin-like 1,FSTL1
227209_at,4.883461334521276,7.02629488843,-2.1428335539087238,-11.501353270432926,2.0256301384881002e-21,2.91701586690016e-20,True,Downregulated,CNTN1,contactin 1,CNTN1
220570_at,3.128571851521276,5.2693465894500005,-2.1407747379287243,-15.078878743391426,8.136319948347923e-34,3.4586855191497514e-32,True,Downregulated,RETN,resistin,RETN
239229_at,3.8064554556808514,5.946200708690002,-2.1397452530091505,-11.900455924616349,9.324579273281342e-25,1.7860819828800224e-23,True,Downregulated,PHEX,"phosphate regulating endopeptidase homolog, X-linked",PHEX
1556209_at,5.094103644574468,7.233459430300001,-2.1393557857255328,-12.537363581595963,3.725522206308501e-26,8.070114272594e-25,True,Downregulated,CLEC2B,"C-type lectin domain family 2, member B",CLEC2B
211998_at,7.846811546882979,9.98607394263,-2.1392623957470214,-21.227680787531185,1.1895821848101429e-48,2.090943378830011e-46,True,Downregulated,H3F3A,"H3 histone, family 3A /// H3 histone, family 3B (H3.3B) /// microRNA 4738",H3F3A
204284_at,7.2066059305212775,9.34422517532,-2.1376192447987226,-11.49631015460739,3.7843943853906354e-23,6.354899669454284e-22,True,Downregulated,PPP1R3C,"protein phosphatase 1, regulatory subunit 3C",PPP1R3C
232056_at,8.108146614095745,10.2455530213,-2.1374064072042547,-9.373560501950168,1.1679647893428643e-15,1.0054442087003088e-14,True,Downregulated,SCEL,sciellin,SCEL
205824_at,4.406013190276595,6.54194421153,-2.1359310212534046,-24.22704390040374,1.3736568298993953e-59,9.59526055233362e-57,True,Downregulated,HSPB2,heat shock 27kDa protein 2,HSPB2
220006_at,2.602697591351064,4.73767373352,-2.134976142168936,-22.74315808823972,1.9978722754261332e-48,3.4441525066048077e-46,True,Downregulated,EFCC1,EF-hand and coiled-coil domain containing 1,EFCC1
1556421_at,5.068589141851064,7.202218187539999,-2.1336290456889353,-10.0911638743384,1.4333990836676538e-17,1.4665551286693633e-16,True,Downregulated,LOC286189,uncharacterized LOC286189,LOC286189
227148_at,7.259732180500002,9.38857074553,-2.128838565029998,-14.795370363173332,8.487147734951469e-31,2.7666044125581803e-29,True,Downregulated,PLEKHH2,"pleckstrin homology domain containing, family H (with MyTH4 domain) member 2",PLEKHH2
1552388_at,2.4875887144468085,4.614513012330001,-2.126924297883192,-24.246758224022162,1.1545442026618284e-55,4.8138228282456675e-53,True,Downregulated,FLJ30901,"uncharacterized protein FLJ30901 /// signal peptide, CUB domain, EGF-like 1",FLJ30901
233305_at,2.2311511179574466,4.356259884769999,-2.1251087668125526,-16.807695611548088,6.709728805809552e-31,2.2086259091142753e-29,True,Downregulated,NECAB1,N-terminal EF-hand calcium binding protein 1,NECAB1
239218_at,2.5147733729361703,4.63870995485,-2.12393658191383,-17.5253312579576,2.3012497314213866e-40,1.7938408413656624e-38,True,Downregulated,PDE1C,"phosphodiesterase 1C, calmodulin-dependent 70kDa",PDE1C
236313_at,7.175251721053192,9.29608699941,-2.120835278356809,-12.379968504714045,1.358944321883195e-22,2.17213014255006e-21,True,Downregulated,CDKN2B,"cyclin-dependent kinase inhibitor 2B (p15, inhibits CDK4)",CDKN2B
219656_at,6.712147161223403,8.832401527380002,-2.1202543661565985,-22.88890547428968,1.1960829590785242e-56,5.9020658749539e-54,True,Downregulated,PCDH12,protocadherin 12,PCDH12
213110_s_at,6.012954156372341,8.13200658671,-2.1190524303376588,-11.440650404209286,3.614564151165501e-20,4.682882797193117e-19,True,Downregulated,COL4A5,"collagen, type IV, alpha 5",COL4A5
202796_at,8.114582927670213,10.23356729667,-2.1189843689997865,-20.607308797726468,1.8020370808040302e-42,1.673995965943447e-40,True,Downregulated,SYNPO,synaptopodin,SYNPO
205532_s_at,3.940905410031915,6.05919956714,-2.1182941571080853,-13.67966146059341,5.914323033458691e-29,1.642270411345427e-27,True,Downregulated,CDH6,"cadherin 6, type 2, K-cadherin (fetal kidney)",CDH6
230933_at,4.519299050670212,6.6374755180300005,-2.1181764673597883,-23.798885232907534,4.26168652027956e-56,1.9101589264979704e-53,True,Downregulated,DSTN,destrin (actin depolymerizing factor),DSTN
205236_x_at,6.381800002436168,8.49909644008,-2.117296437643833,-14.173510296383835,7.646216623393788e-30,2.30785301518439e-28,True,Downregulated,SOD3,"superoxide dismutase 3, extracellular",SOD3
220180_at,6.048270970265957,8.16532400521,-2.1170530349440426,-15.595246795910422,1.0999951168178289e-31,3.872011606882444e-30,True,Downregulated,CCDC68,coiled-coil domain containing 68,CCDC68
200878_at,12.291104178936173,14.407266525400003,-2.1161623464638293,-27.73238324136534,6.919321707677208e-65,9.07713749680796e-62,True,Downregulated,EPAS1,endothelial PAS domain protein 1,EPAS1
239150_at,5.10498947893617,7.22100135249,-2.1160118735538305,-5.388984484351054,2.0831434459253433e-07,7.704851697327776e-07,True,Downregulated,SNTN,"sentan, cilia apical structure protein",SNTN
206211_at,3.2219369079361706,5.335298336559999,-2.1133614286238287,-6.73080249528462,3.0828459203415983e-10,1.53120279500871e-09,True,Downregulated,SELE,selectin E,SELE
223805_at,5.211434574723404,7.322460952610002,-2.1110263778865983,-12.092613574342222,2.3357299267226875e-24,4.324597929043252e-23,True,Downregulated,OSBPL6,oxysterol binding protein-like 6,OSBPL6
214761_at,6.024450417829788,8.134426793509999,-2.10997637568021,-15.989819808487487,2.568658174878648e-34,1.1474904368274333e-32,True,Downregulated,ZNF423,zinc finger protein 423,ZNF423
225557_at,8.094625676329787,10.204363296730001,-2.109737620400214,-12.938902016234868,6.209765801747199e-28,1.5784426437276693e-26,True,Downregulated,CSRNP1,cysteine-serine-rich nuclear protein 1,CSRNP1
207761_s_at,11.162132494393619,13.2712336317,-2.1091011373063804,-21.38358224309252,3.1954990464197856e-42,2.8983661334019324e-40,True,Downregulated,METTL7A,methyltransferase like 7A,METTL7A
205304_s_at,6.029260560531915,8.13730758349,-2.1080470229580843,-13.808784986230455,2.4960854660764517e-26,5.482011142441325e-25,True,Downregulated,KCNJ8,"potassium inwardly-rectifying channel, subfamily J, member 8",KCNJ8
204557_s_at,4.72146530943617,6.827310740120001,-2.1058454306838303,-17.1333872632931,4.0168258024085213e-35,1.9463873207958985e-33,True,Downregulated,DZIP1,DAZ interacting zinc finger protein 1,DZIP1
238780_s_at,4.425894764117022,6.531161654470001,-2.105266890352979,-12.457076161727679,3.0859293603155176e-25,6.2025335042574894e-24,True,Downregulated,KCNJ5,"potassium inwardly-rectifying channel, subfamily J, member 5",KCNJ5
202551_s_at,10.050880686840426,12.154729886999998,-2.1038492001595728,-20.327135684447764,6.108198221360527e-45,7.552541368599937e-43,True,Downregulated,CRIM1,cysteine rich transmembrane BMP regulator 1 (chordin-like) /// uncharacterized LOC101929500,CRIM1
229331_at,6.435379740478725,8.53907258023,-2.1036928397512753,-9.347956345122563,5.262729574734713e-17,5.104800232762511e-16,True,Downregulated,SPATA18,spermatogenesis associated 18,SPATA18
209159_s_at,2.738643011893617,4.84210981419,-2.1034668022963827,-17.020896344676373,6.554318141656908e-38,4.2576154054004644e-36,True,Downregulated,NDRG4,NDRG family member 4,NDRG4
221489_s_at,6.064544674117021,8.16777869196,-2.10323401784298,-12.770232479269508,1.023364814474309e-25,2.1484270066867756e-24,True,Downregulated,SPRY4,sprouty homolog 4 (Drosophila),SPRY4
218418_s_at,8.827064041414895,10.92982553401,-2.1027614925951053,-23.547274851669155,5.977514049074178e-55,2.2641307791796038e-52,True,Downregulated,KANK2,KN motif and ankyrin repeat domains 2,KANK2
1554648_a_at,6.057945035989361,8.159851629039998,-2.1019065930506375,-12.907837370423042,7.796975028300259e-25,1.5031114654916048e-23,True,Downregulated,DUOXA1,dual oxidase maturation factor 1,DUOXA1
227911_at,4.753884969563829,6.85183658101,-2.0979516114461703,-13.557806867405937,1.7355927172959935e-27,4.2490027261029724e-26,True,Downregulated,ARHGAP28,Rho GTPase activating protein 28,ARHGAP28
209437_s_at,5.173315999904256,7.268932169139999,-2.0956161692357433,-11.569682000134305,5.670397888095871e-23,9.384246794126908e-22,True,Downregulated,SPON1,"spondin 1, extracellular matrix protein",SPON1
223316_at,6.240890721106382,8.33602696371,-2.0951362426036173,-11.002353789323417,2.3005236451303902e-20,3.0349758346083683e-19,True,Downregulated,CCDC3,coiled-coil domain containing 3,CCDC3
219778_at,5.691813665202128,7.785803498969999,-2.0939898337678713,-10.953766864107983,3.002330268568023e-20,3.920450007895113e-19,True,Downregulated,ZFPM2,"zinc finger protein, FOG family member 2",ZFPM2
205743_at,4.2380163849255315,6.330222480279999,-2.0922060953544674,-12.41739933822126,3.6932114845495375e-26,8.006572870132262e-25,True,Downregulated,STAC,SH3 and cysteine rich domain,STAC
1552398_a_at,4.751918123202129,6.843825302390001,-2.0919071791878716,-10.663583223333907,1.4197108479661748e-20,1.909014191717717e-19,True,Downregulated,CLEC12A,"C-type lectin domain family 12, member A",CLEC12A
206519_x_at,3.7156282319893617,5.805139827619999,-2.089511595630637,-15.832786621055973,2.0465262337708107e-36,1.1336195675550651e-34,True,Downregulated,SIGLEC6,sialic acid binding Ig-like lectin 6,SIGLEC6
205857_at,5.075254651851065,7.162936458390001,-2.087681806538936,-13.332039080994852,1.876425613940548e-27,4.5854351690779784e-26,True,Downregulated,SLC18A2,"solute carrier family 18 (vesicular monoamine transporter), member 2",SLC18A2
232267_at,6.756714279478722,8.84427500396,-2.0875607244812784,-11.015282138778849,2.747134417341322e-19,3.28788099179173e-18,True,Downregulated,GPR133,G protein-coupled receptor 133,GPR133
219747_at,9.651692061404255,11.7381419192,-2.0864498577957455,-12.47531735916249,1.852901470682765e-22,2.927736736255676e-21,True,Downregulated,NDNF,neuron-derived neurotrophic factor,NDNF
221911_at,9.490455874606385,11.574118103100002,-2.0836622284936173,-17.304044019909874,5.06687956145611e-33,2.0172256409509867e-31,True,Downregulated,ETV1,ets variant 1,ETV1
226828_s_at,5.456730446191489,7.5390866021099985,-2.082356155918509,-14.875167153685096,3.1106774932370234e-32,1.1499030903865743e-30,True,Downregulated,HEYL,hes-related family bHLH transcription factor with YRPW motif-like,HEYL
227717_at,5.656546847957446,7.73842646012,-2.0818796121625542,-13.478232598693573,1.3946924052843314e-26,3.1452799040093523e-25,True,Downregulated,ARHGEF37,Rho guanine nucleotide exchange factor (GEF) 37,ARHGEF37
219477_s_at,6.80207240680851,8.88337138353,-2.081298976721489,-19.116363633463763,1.520957789136222e-45,2.024906822932694e-43,True,Downregulated,LOC101930578,"uncharacterized LOC101930578 /// mitochondrial ribosomal protein S31 pseudogene 5 /// thrombospondin, type I, domain containing 1",LOC101930578
212372_at,10.830069134361704,12.910406071699999,-2.080336937338295,-22.14013279976776,4.436325235417126e-52,1.125529193925215e-49,True,Downregulated,MYH10,"myosin, heavy chain 10, non-muscle",MYH10
241401_at,4.320342676180852,6.40014002744,-2.079797351259148,-15.527292562050524,2.5300099665690206e-35,1.2415977742872386e-33,True,Downregulated,WDFY3-AS2,WDFY3 antisense RNA 2,WDFY3-AS2
1556711_at,4.456399032255319,6.534700639979999,-2.07830160772468,-7.159468851091252,2.2289306741053195e-11,1.2488048462232159e-10,True,Downregulated,FAM216B,"family with sequence similarity 216, member B",FAM216B
219355_at,3.5962145075319154,5.67213147135,-2.0759169638180848,-15.577709678044016,2.0771714421229094e-35,1.0306526124171846e-33,True,Downregulated,CXorf57,chromosome X open reading frame 57,CXorf57
45297_at,7.610554738351063,9.685350743130002,-2.074796004778938,-17.937562370197046,6.815282891504669e-40,5.119648122939527e-38,True,Downregulated,EHD2,EH-domain containing 2,EHD2
212670_at,6.447535813851065,8.521808396199999,-2.074272582348934,-10.079379097258768,1.3281711606149747e-18,1.4944982017748333e-17,True,Downregulated,ELN,elastin,ELN
238484_s_at,3.5223909814680843,5.592487931010001,-2.0700969495419166,-20.112952419597153,1.892620973000144e-48,3.283758440444701e-46,True,Downregulated,SSBP2,single-stranded DNA binding protein 2,SSBP2
227923_at,6.187197831159574,8.257243073569999,-2.0700452424104245,-17.756779526467792,1.2816117962255763e-40,1.0334748436550053e-38,True,Downregulated,SHANK3,SH3 and multiple ankyrin repeat domains 3,SHANK3
207008_at,5.21400665806383,7.28401780005,-2.0700111419861704,-12.956981795096022,8.405826220043386e-28,2.1136782097767817e-26,True,Downregulated,CXCR2,chemokine (C-X-C motif) receptor 2,CXCR2
227410_at,5.693074841521276,7.762032296330001,-2.068957454808725,-14.182577472980606,9.268005313974838e-31,3.00656775523191e-29,True,Downregulated,FAM43A,"family with sequence similarity 43, member A",FAM43A
223499_at,7.0351199354574465,9.10359929165,-2.0684793561925527,-12.983524971438344,1.7432544382758424e-25,3.6007174814556245e-24,True,Downregulated,C1QTNF5,C1q and tumor necrosis factor related protein 5 /// membrane frizzled-related protein,C1QTNF5
212647_at,8.732756599712765,10.800265046179998,-2.067508446467233,-20.660807377500873,1.1788195001046592e-44,1.3996464819564945e-42,True,Downregulated,RRAS,related RAS viral (r-ras) oncogene homolog,RRAS
232404_at,2.541682763510638,4.60840577151,-2.066723007999362,-20.121363329341975,4.890277510693853e-46,6.84969964036926e-44,True,Downregulated,SHROOM4,shroom family member 4,SHROOM4
225975_at,6.47031823019149,8.536072708160003,-2.065754477968513,-12.197534965827163,9.739674529047559e-24,1.7164421173635386e-22,True,Downregulated,PCDH18,protocadherin 18,PCDH18
236698_at,4.440203523542553,6.502487037930001,-2.062283514387448,-12.455576716522911,2.3432018633570073e-26,5.169460845878589e-25,True,Downregulated,DYNC1I2,"dynein, cytoplasmic 1, intermediate chain 2",DYNC1I2
223672_at,3.6333990117021275,5.694396321599998,-2.060997309897871,-16.128856427390268,1.586418558690186e-36,8.916103301746118e-35,True,Downregulated,SGIP1,SH3-domain GRB2-like (endophilin) interacting protein 1,SGIP1
219090_at,5.6487071505744675,7.7082356222,-2.0595284716255327,-11.012664352822648,2.4308733780934684e-19,2.9269522165689566e-18,True,Downregulated,SLC24A3,"solute carrier family 24 (sodium/potassium/calcium exchanger), member 3",SLC24A3
228863_at,7.70324076282979,9.76205509097,-2.05881432814021,-18.786105275678043,1.7551375668440988e-43,1.8189177104099557e-41,True,Downregulated,PCDH17,protocadherin 17,PCDH17
219263_at,8.796877634840424,10.854012495309998,-2.0571348604695743,-8.37397248477928,3.592390487133498e-13,2.4077297787035806e-12,True,Downregulated,RNF128,"ring finger protein 128, E3 ubiquitin protein ligase",RNF128
209293_x_at,4.750013680797873,6.807107976809999,-2.057094296012126,-18.381295226253496,9.46078175127107e-40,7.038141179444893e-38,True,Downregulated,ID4,"inhibitor of DNA binding 4, dominant negative helix-loop-helix protein",ID4
232227_at,2.3622074743723402,4.41729954684,-2.0550920724676596,-16.287473482937713,3.537264200006236e-30,1.0965722896918466e-28,True,Downregulated,LOC101928612,uncharacterized LOC101928612,LOC101928612
45288_at,4.734768091127659,6.788891390930001,-2.0541232998023418,-21.253960656990227,6.583839919166135e-51,1.4395057475295518e-48,True,Downregulated,ABHD6,abhydrolase domain containing 6,ABHD6
238116_at,4.454237808202127,6.508189785430001,-2.0539519772278743,-5.855430134693069,2.056560674952756e-08,8.491798899355823e-08,True,Downregulated,DYNLRB2,"dynein, light chain, roadblock-type 2",DYNLRB2
1554980_a_at,5.1813720579574465,7.235058681919998,-2.0536866239625517,-8.21786774135039,3.38102402932012e-14,2.5141954713260334e-13,True,Downregulated,ATF3,activating transcription factor 3,ATF3
218839_at,7.6931876221595745,9.746252325369998,-2.0530647032104232,-11.543177459624932,1.3925090162761907e-23,2.4199512099977768e-22,True,Downregulated,HEY1,hes-related family bHLH transcription factor with YRPW motif 1,HEY1
229598_at,3.691174593361702,5.743487777420001,-2.052313184058299,-18.371916871964977,3.6521779646339977e-44,4.109540669577494e-42,True,Downregulated,COBLL1,cordon-bleu WH2 repeat protein-like 1,COBLL1
236644_at,4.455528267893617,6.507234108029999,-2.051705840136382,-17.06117142617856,1.5342605035404155e-38,1.0566163309017258e-36,True,Downregulated,RNF180,ring finger protein 180,RNF180
227241_at,4.6845393470851056,6.7362077114200005,-2.051668364334895,-8.28838537459001,4.138675359069089e-14,3.048935664469114e-13,True,Downregulated,MUC15,"mucin 15, cell surface associated",MUC15
210383_at,3.153833529712765,5.20371788466,-2.0498843549472348,-13.437719642616305,3.7005149619965155e-29,1.0459059261478958e-27,True,Downregulated,SCN1A,"sodium channel, voltage-gated, type I, alpha subunit",SCN1A
211685_s_at,5.58817347187234,7.6373692771699995,-2.0491958052976598,-13.526703010824185,3.413858471827416e-26,7.4369295976391e-25,True,Downregulated,NCALD,neurocalcin delta,NCALD
205112_at,5.6283525454361705,7.676808511689999,-2.0484559662538286,-13.793037162854299,1.171791230483294e-27,2.9124751905163795e-26,True,Downregulated,PLCE1,"phospholipase C, epsilon 1",PLCE1
227425_at,5.443035591957448,7.49055613278,-2.0475205408225525,-14.03600950216358,2.01861971232588e-28,5.359006902623878e-27,True,Downregulated,REPS2,RALBP1 associated Eps domain containing 2,REPS2
203726_s_at,6.405987760382978,8.453218094910001,-2.0472303345270237,-8.221430557957175,5.001536342160619e-13,3.2977683188242237e-12,True,Downregulated,LAMA3,"laminin, alpha 3",LAMA3
228121_at,5.776640902648936,7.822428335409999,-2.0457874327610632,-11.994310593309399,8.476563313093326e-23,1.3815770738122353e-21,True,Downregulated,TGFB2,"transforming growth factor, beta 2",TGFB2
208250_s_at,8.307852522925533,10.351803634089999,-2.043951111164466,-7.007181328926857,1.4463306198819227e-10,7.449232856551671e-10,True,Downregulated,DMBT1,deleted in malignant brain tumors 1,DMBT1
218332_at,3.6706381402234043,5.71323504555,-2.042596905326596,-8.596333092223324,5.091663924772732e-15,4.124401142437141e-14,True,Downregulated,BEX1,"brain expressed, X-linked 1",BEX1
206941_x_at,4.154446705968085,6.196587248779999,-2.0421405428119144,-10.085165774060775,6.051066176936605e-19,7.017052829166203e-18,True,Downregulated,SEMA3E,"sema domain, immunoglobulin domain (Ig), short basic domain, secreted, (semaphorin) 3E",SEMA3E
230071_at,6.376553149223402,8.41392138856,-2.0373682393365984,-16.728529875873132,8.675015322616455e-38,5.536743226044199e-36,True,Downregulated,SEPT11,septin 11,SEPT11
209993_at,3.3238462522978725,5.361078347509999,-2.037232095212126,-11.420061122143329,5.314793655675753e-22,8.082032557652702e-21,True,Downregulated,ABCB1,"ATP-binding cassette, sub-family B (MDR/TAP), member 1",ABCB1
221030_s_at,3.78255492106383,5.8196203748199995,-2.0370654537561697,-22.502566127363384,3.2215868145459924e-55,1.2465918590443938e-52,True,Downregulated,ARHGAP24,Rho GTPase activating protein 24,ARHGAP24
204134_at,3.3028882003404245,5.339875498710001,-2.036987298369576,-21.4890769663444,4.684344297198279e-52,1.1828739078361813e-49,True,Downregulated,PDE2A,"phosphodiesterase 2A, cGMP-stimulated",PDE2A
209189_at,10.664478832819148,12.70000552551,-2.035526692690853,-10.37626220753421,3.72123477522745e-20,4.81208801386435e-19,True,Downregulated,FOS,FBJ murine osteosarcoma viral oncogene homolog,FOS
235874_at,4.038002847968086,6.073043543130001,-2.035040695161915,-16.878747708495695,1.0031925593068909e-39,7.442443447569715e-38,True,Downregulated,PRSS35,"protease, serine, 35",PRSS35
223374_s_at,7.078434848840424,9.111483074819999,-2.0330482259795746,-13.850794347825424,2.3037927662472235e-27,5.601799173841462e-26,True,Downregulated,B3GALNT1,"beta-1,3-N-acetylgalactosaminyltransferase 1 (globoside blood group)",B3GALNT1
228967_at,7.097897202265957,9.13043290284,-2.0325357005740434,-19.24112448350796,3.982384379829892e-42,3.5878815117844313e-40,True,Downregulated,EIF1,eukaryotic translation initiation factor 1,EIF1
225450_at,7.772657932000001,9.80290912751,-2.030251195509999,-20.16372920005312,4.846444831138202e-44,5.3635983886337314e-42,True,Downregulated,AMOTL1,angiomotin like 1,AMOTL1
219427_at,6.363587166510639,8.39255282703,-2.0289656605193613,-15.767098797758065,7.0687826252327025e-31,2.3197165483878348e-29,True,Downregulated,FAT4,FAT atypical cadherin 4,FAT4
225602_at,7.928932734074468,9.95655206518,-2.027619331105532,-18.393894725510947,1.4491839431063014e-40,1.163370262147993e-38,True,Downregulated,GLIPR2,GLI pathogenesis-related 2,GLIPR2
209960_at,6.767030489819149,8.794588627499998,-2.027558137680849,-14.047413190426084,2.1068985089758178e-26,4.669206559693998e-25,True,Downregulated,HGF,hepatocyte growth factor (hepapoietin A; scatter factor),HGF
203029_s_at,6.1782305860106375,8.20465662843,-2.026426042419362,-12.491630887555335,3.049175886420082e-23,5.150847180495934e-22,True,Downregulated,PTPRN2,"protein tyrosine phosphatase, receptor type, N polypeptide 2",PTPRN2
228724_at,2.698127883212766,4.7213551167,-2.023227233487234,-16.719763484858536,1.3557478911309827e-38,9.396940215511732e-37,True,Downregulated,TTLL7,"tubulin tyrosine ligase-like family, member 7",TTLL7
229973_at,3.1319971820106374,5.14779056555,-2.015793383539363,-7.316340750367084,1.265626364604969e-11,7.259569120896114e-11,True,Downregulated,ERICH3,glutamate-rich 3,ERICH3
218651_s_at,4.737917562819149,6.752386707469999,-2.0144691446508496,-12.901153015775447,3.078173610304199e-24,5.648674370652393e-23,True,Downregulated,LARP6,"La ribonucleoprotein domain family, member 6",LARP6
229657_at,5.744827029893616,7.7545201414,-2.009693111506383,-16.120761819117934,3.132703483448217e-32,1.15645565930505e-30,True,Downregulated,THRB,"thyroid hormone receptor, beta",THRB
235155_at,3.824554915904254,5.83275860008,-2.0082036841757462,-18.36826583641899,1.3903610436954636e-40,1.1178170268490912e-38,True,Downregulated,BDH2,"3-hydroxybutyrate dehydrogenase, type 2",BDH2
210640_s_at,2.9633546902872347,4.97143020321,-2.008075512922765,-16.8429260137163,8.1409583669423e-34,3.4586855191497514e-32,True,Downregulated,GPER1,G protein-coupled estrogen receptor 1,GPER1
225016_at,7.456600373095745,9.464096010630001,-2.007495637534256,-12.638917813220596,8.096255787480084e-24,1.4362309161787724e-22,True,Downregulated,APCDD1,adenomatosis polyposis coli down-regulated 1,APCDD1
205207_at,6.2966975313829785,8.303412009179999,-2.0067144777970203,-6.166056768910772,4.0523279492474385e-09,1.7975959676554453e-08,True,Downregulated,IL6,interleukin 6,IL6
226140_s_at,9.451220358691492,11.4566101481,-2.0053897894085075,-24.504755389894047,4.0087446650282198e-56,1.8272401741797275e-53,True,Downregulated,OTUD1,OTU deubiquitinase 1,OTUD1
222453_at,10.697220789244682,12.701312059999998,-2.004091270755316,-17.570927276304758,1.0243728650881874e-33,4.321326974245745e-32,True,Downregulated,CYBRD1,cytochrome b reductase 1,CYBRD1
228411_at,5.058875883425532,7.06288266649,-2.004006783064468,-17.62137156822818,2.5308538767530363e-39,1.8271745854367624e-37,True,Downregulated,PARD3B,par-3 family cell polarity regulator beta,PARD3B
221885_at,4.1257395434255315,6.127801308149999,-2.002061764724467,-21.367155573089295,8.328079824556743e-51,1.8061858929177783e-48,True,Downregulated,DENND2A,DENN/MADD domain containing 2A,DENND2A
225673_at,10.64147051392553,12.640397134899999,-1.9989266209744692,-18.544113473170352,2.791264659750589e-43,2.8273250657127157e-41,True,Downregulated,MYADM,myeloid-associated differentiation marker,MYADM
1557961_s_at,5.8008271651914916,7.799688670959999,-1.9988615057685077,-15.362027216946869,3.1527765692854195e-31,1.0618361963405483e-29,True,Downregulated,C8orf88,chromosome 8 open reading frame 88,C8orf88
213236_at,7.515378956095745,9.513911212990001,-1.998532256894256,-23.006264188981365,1.6766812122257404e-54,5.894246776521155e-52,True,Downregulated,SASH1,SAM and SH3 domain containing 1,SASH1
228071_at,9.3068107195,11.304946141319999,-1.998135421819999,-14.384504557972893,1.0115613264356237e-29,3.0176282586614784e-28,True,Downregulated,GIMAP7,"GTPase, IMAP family member 7",GIMAP7
223749_at,2.9121740708510644,4.909925712539999,-1.9977516416889345,-17.05802996602681,7.556007142431561e-38,4.867154492967951e-36,True,Downregulated,C1QTNF2,C1q and tumor necrosis factor related protein 2,C1QTNF2
203797_at,4.363628370212767,6.360341803500001,-1.9967134332872334,-12.048057167137122,7.429362455120876e-24,1.3214611322332153e-22,True,Downregulated,VSNL1,visinin-like 1,VSNL1
208438_s_at,7.095601328340425,9.09201549016,-1.9964141618195743,-15.921353532471864,6.705982198183337e-35,3.183477127197608e-33,True,Downregulated,FGR,"FGR proto-oncogene, Src family tyrosine kinase",FGR
212813_at,7.0080692473297885,9.004463453240001,-1.9963942059102129,-15.800197900421983,5.241577353685779e-31,1.7391948152087803e-29,True,Downregulated,JAM3,junctional adhesion molecule 3,JAM3
40687_at,3.47286962556383,5.467091381409998,-1.994221755846168,-18.232701724809324,1.2187945644291934e-40,9.84295562198027e-39,True,Downregulated,GJA4,"gap junction protein, alpha 4, 37kDa",GJA4
211986_at,10.428733412595744,12.422160975599997,-1.9934275630042535,-17.75980627940381,2.22486845345639e-35,1.1004433415268886e-33,True,Downregulated,AHNAK,AHNAK nucleoprotein,AHNAK
229669_at,4.227962056595744,6.220633980580001,-1.9926719239842567,-11.567055429128969,8.156448077206471e-24,1.4464316395668553e-22,True,Downregulated,LOC440416,uncharacterized LOC440416,LOC440416
203021_at,11.979640129904256,13.9721657643,-1.9925256343957436,-9.814044236171906,2.339561703400616e-16,2.1400623431820668e-15,True,Downregulated,SLPI,secretory leukocyte peptidase inhibitor,SLPI
237020_at,3.0351900360851065,5.026569008959999,-1.9913789728748927,-6.4485350842376254,1.011896278099574e-09,4.7842697972805635e-09,True,Downregulated,CATSPERD,catsper channel auxiliary subunit delta,CATSPERD
230081_at,2.879628039734043,4.870955509750001,-1.9913274700159578,-11.960757388672906,1.557618571985939e-24,2.9364904491004456e-23,True,Downregulated,PLCXD3,"phosphatidylinositol-specific phospholipase C, X domain containing 3",PLCXD3
230378_at,11.2165500216383,13.207787104559998,-1.9912370829216979,-5.918943446290731,2.6777869205179872e-08,1.0926898361807182e-07,True,Downregulated,SCGB3A1,"secretoglobin, family 3A, member 1",SCGB3A1
225442_at,7.441657663765957,9.431773047130001,-1.990115383364044,-13.860061268202777,1.7964120835921505e-26,4.012534066781038e-25,True,Downregulated,DDR2,discoidin domain receptor tyrosine kinase 2,DDR2
212915_at,8.001249769819148,9.99106581891,-1.9898160490908516,-13.713239412334334,1.3751706525936948e-25,2.8613125230330548e-24,True,Downregulated,PDZRN3,PDZ domain containing ring finger 3,PDZRN3
218353_at,9.583033494244683,11.57061410768,-1.987580613435318,-13.906959438849869,1.9702667389572318e-29,5.69134086044864e-28,True,Downregulated,RGS5,regulator of G-protein signaling 5,RGS5
209086_x_at,6.248379516308511,8.23138443825,-1.9830049219414887,-14.728788207263289,4.1623374738132684e-33,1.6707125624367198e-31,True,Downregulated,MCAM,melanoma cell adhesion molecule /// microRNA 6756,MCAM
228462_at,7.739090121382978,9.721831851380001,-1.9827417299970227,-6.790767780255194,8.150371918416141e-10,3.883900983467091e-09,True,Downregulated,IRX2,iroquois homeobox 2,IRX2
221031_s_at,7.473442913234043,9.45559550161,-1.982152588375957,-11.370607990433774,3.5097530319125694e-23,5.902926096762022e-22,True,Downregulated,APOLD1,apolipoprotein L domain containing 1,APOLD1
204845_s_at,4.814765672542554,6.79582134693,-1.9810556743874468,-11.491680051947347,1.9332172994856793e-23,3.3262964065942655e-22,True,Downregulated,ENPEP,glutamyl aminopeptidase (aminopeptidase A),ENPEP
210751_s_at,5.852777805500001,7.8330090085899995,-1.980231203089999,-15.553284261554214,2.5325151123168863e-32,9.413535440986596e-31,True,Downregulated,RGN,regucalcin,RGN
205638_at,2.4215072499361705,4.398290830970001,-1.9767835810338301,-16.66388538176995,5.824707229109361e-35,2.782306421180072e-33,True,Downregulated,BAI3,brain-specific angiogenesis inhibitor 3,BAI3
210103_s_at,6.251490200946808,8.223915022669999,-1.972424821723191,-7.823438692357453,4.032964162619139e-12,2.429353908059503e-11,True,Downregulated,FOXA2,forkhead box A2,FOXA2
235051_at,5.969683005393617,7.941370215750001,-1.971687210356384,-18.316461557243336,2.4237890614528216e-39,1.7569530789663271e-37,True,Downregulated,CCDC50,coiled-coil domain containing 50,CCDC50
228776_at,6.2960699972234035,8.2661746769,-1.9701046796765969,-12.689592824846088,3.485350021557158e-25,6.963708627766468e-24,True,Downregulated,GJC1,"gap junction protein, gamma 1, 45kDa",GJC1
201842_s_at,10.981041165797873,12.944992112800001,-1.9639509470021288,-15.952854575369578,9.39674696974027e-31,3.0464944696470776e-29,True,Downregulated,EFEMP1,EGF containing fibulin-like extracellular matrix protein 1,EFEMP1
204081_at,6.739249489042552,8.702516841619998,-1.9632673525774456,-10.748610959448524,7.903716671187237e-20,9.92550326585283e-19,True,Downregulated,NRGN,"neurogranin (protein kinase C substrate, RC3)",NRGN
37022_at,6.371446010776597,8.33453064052,-1.9630846297434035,-19.45530029645184,3.5843386513802754e-47,5.539863181124698e-45,True,Downregulated,PRELP,proline/arginine-rich end leucine-rich repeat protein,PRELP
218484_at,6.3276796024255315,8.29010812389,-1.962428521464469,-12.142869737344078,5.047258237616493e-23,8.391710403970346e-22,True,Downregulated,NDUFA4L2,"NADH dehydrogenase (ubiquinone) 1 alpha subcomplex, 4-like 2",NDUFA4L2
230800_at,4.694441798000001,6.65526166706,-1.9608198690599998,-18.723954198743108,3.9894918215549475e-45,5.084805855785649e-43,True,Downregulated,ADCY4,adenylate cyclase 4,ADCY4
228153_at,9.406396161021275,11.367201884470001,-1.9608057234487255,-17.544801805103468,1.5571372449094556e-36,8.769862183738218e-35,True,Downregulated,RNF144B,ring finger protein 144B,RNF144B
205220_at,6.648497690351064,8.60781193429,-1.9593142439389357,-8.502781302189314,3.128622727888121e-14,2.3345741126829976e-13,True,Downregulated,HCAR3,hydroxycarboxylic acid receptor 3,HCAR3
236085_at,5.020030690787234,6.976185697850001,-1.9561550070627671,-5.829689912764389,2.5016103802897e-08,1.0243746929140602e-07,True,Downregulated,CAPSL,calcyphosine-like,CAPSL
229844_at,5.91255750207447,7.8675406397000005,-1.9549831376255309,-20.775395194330294,4.783321602246445e-46,6.717382133118207e-44,True,Downregulated,FOXP1,forkhead box P1,FOXP1
217721_at,3.6892565929042553,5.6440441325299995,-1.9547875396257441,-19.241801183949935,2.022260908916839e-46,2.9476781909756396e-44,True,Downregulated,SEPT7,septin 7,SEPT7
228368_at,5.306184352744681,7.260345970059999,-1.954161617315318,-9.659249495889854,9.735430159769782e-17,9.197784060660065e-16,True,Downregulated,ARHGAP20,Rho GTPase activating protein 20,ARHGAP20
226806_s_at,8.281620782106383,10.234837516390002,-1.9532167342836182,-14.894330438974821,5.220241031139724e-29,1.4570621904560517e-27,True,Downregulated,NFIA,nuclear factor I/A,NFIA
204153_s_at,6.7776013741914864,8.730021333289999,-1.9524199590985125,-20.358887123678,8.37497667982619e-44,9.081784187522812e-42,True,Downregulated,MFNG,MFNG O-fucosylpeptide 3-beta-N-acetylglucosaminyltransferase,MFNG
241962_at,4.2855764684148925,6.23557805629,-1.9500015878751071,-17.76567508399237,2.3744087879929707e-38,1.6186305585676795e-36,True,Downregulated,NT5DC1,5'-nucleotidase domain containing 1,NT5DC1
1560879_a_at,3.887351780531915,5.836932965909999,-1.9495811853780842,-18.681412016858882,6.123741710421123e-45,7.554393844878683e-43,True,Downregulated,SYT15,synaptotagmin XV,SYT15
206176_at,5.067803426989362,7.01582956197,-1.9480261349806387,-8.338148575514378,4.718526211321317e-14,3.456696415174726e-13,True,Downregulated,BMP6,bone morphogenetic protein 6,BMP6
212257_s_at,5.604245810297872,7.5518913157,-1.9476455054021278,-17.90394277161907,7.685606186300367e-40,5.757353960116317e-38,True,Downregulated,SMARCA2,"SWI/SNF related, matrix associated, actin dependent regulator of chromatin, subfamily a, member 2",SMARCA2
1568606_at,3.615888625446809,5.561517918340001,-1.9456292928931918,-6.977553160667093,6.839201581237877e-11,3.6510516988648325e-10,True,Downregulated,C11orf88,chromosome 11 open reading frame 88,C11orf88
1555083_at,4.603366367797873,6.546261875869999,-1.9428955080721257,-12.85479612321488,1.039496806924472e-26,2.3781529245954763e-25,True,Downregulated,RPL13AP17,ribosomal protein L13a pseudogene 17,RPL13AP17
229487_at,4.305775212287234,6.248385793670001,-1.942610581382767,-15.105294343641757,2.8420410000598705e-33,1.15804558506985e-31,True,Downregulated,EBF1,early B-cell factor 1,EBF1
204200_s_at,4.993056995148936,6.93190328613,-1.938846290981064,-18.07308646642288,2.938903331702633e-43,2.9657008367534297e-41,True,Downregulated,PDGFB,platelet-derived growth factor beta polypeptide,PDGFB
220301_at,7.49879963456383,9.43551266256,-1.9367130279961708,-14.964114119150281,1.0213167124094061e-29,3.0450410584064475e-28,True,Downregulated,CCDC102B,coiled-coil domain containing 102B,CCDC102B
218934_s_at,3.7975972546063836,5.73327207495,-1.9356748203436167,-15.362837875034437,1.4247736797108248e-34,6.544225203836586e-33,True,Downregulated,HSPB7,"heat shock 27kDa protein family, member 7 (cardiovascular)",HSPB7
203718_at,7.406981956425532,9.340573495920001,-1.9335915394944694,-16.51869923799159,2.8930892170402877e-37,1.7523389259879382e-35,True,Downregulated,PNPLA6,patatin-like phospholipase domain containing 6,PNPLA6
226056_at,7.355069313478724,9.287021861000001,-1.931952547521277,-21.629247267503366,3.1801659720008713e-45,4.101880263070477e-43,True,Downregulated,ARHGAP31,Rho GTPase activating protein 31,ARHGAP31
221272_s_at,4.807504119297873,6.738175149990001,-1.9306710306921282,-21.39271452721658,2.0190299056249047e-52,5.297343536777616e-50,True,Downregulated,C1orf21,chromosome 1 open reading frame 21,C1orf21
228480_at,6.575648443531915,8.50566041891,-1.9300119753780853,-13.417678854668818,1.1044054207663215e-25,2.31314446889943e-24,True,Downregulated,VAPA,"VAMP (vesicle-associated membrane protein)-associated protein A, 33kDa",VAPA
225913_at,8.164918576914891,10.0934694123,-1.9285508353851082,-22.82932457567947,1.1067932316520956e-50,2.3345090493192004e-48,True,Downregulated,PEAK1,pseudopodium-enriched atypical kinase 1,PEAK1
228333_at,7.786968079659574,9.7151951329,-1.928227053240426,-17.096202546198665,6.69522596462987e-33,2.632378828461858e-31,True,Downregulated,ZEB2,zinc finger E-box binding homeobox 2,ZEB2
204787_at,9.288516791734043,11.21616691749,-1.9276501257559566,-12.093084013873002,1.1321511794331579e-24,2.1562989850209573e-23,True,Downregulated,VSIG4,V-set and immunoglobulin domain containing 4,VSIG4
228062_at,5.8584807107872345,7.784854816700001,-1.9263741059127666,-14.783142474912564,2.699120759746944e-30,8.445311761707337e-29,True,Downregulated,NAP1L5,nucleosome assembly protein 1-like 5,NAP1L5
206091_at,5.044994893106383,6.97002702119,-1.9250321280836173,-9.228228849331156,1.4979395489902183e-16,1.393189980667264e-15,True,Downregulated,MATN3,matrilin 3,MATN3
225946_at,7.188028786542552,9.111910782349998,-1.923881995807446,-14.229862843151317,2.3890270394395268e-27,5.801183220916225e-26,True,Downregulated,RASSF8,Ras association (RalGDS/AF-6) domain family (N-terminal) member 8,RASSF8
219282_s_at,6.5189815577234045,8.441725449849999,-1.9227438921265945,-16.650657527672198,8.467066331464665e-36,4.391606843820236e-34,True,Downregulated,TRPV2,"transient receptor potential cation channel, subfamily V, member 2",TRPV2
219134_at,7.856677599372341,9.777235802040002,-1.920558202667661,-13.134715222366005,3.0803767198602767e-25,6.19368756091233e-24,True,Downregulated,ELTD1,"EGF, latrophilin and seven transmembrane domain containing 1",ELTD1
226490_at,7.565787182978725,9.48450227749,-1.918715094511275,-15.042905957882935,3.3682208981441447e-29,9.560059589845961e-28,True,Downregulated,NHSL1,NHS-like 1,NHSL1
214450_at,4.4327088898617015,6.348949704910001,-1.9162408150482992,-10.025578465860578,7.5345339595511e-19,8.657390377022334e-18,True,Downregulated,CTSW,cathepsin W,CTSW
205440_s_at,3.525504110106383,5.440741045069999,-1.9152369349636165,-12.351936638211292,2.85354150812494e-25,5.750490204421432e-24,True,Downregulated,NPY1R,neuropeptide Y receptor Y1,NPY1R
237484_at,3.4126557975212775,5.3265506151099995,-1.913894817588722,-13.603805203536428,1.74961496951112e-29,5.0922505817167265e-28,True,Downregulated,SMCO3,single-pass membrane protein with coiled-coil domains 3,SMCO3
226002_at,7.207646461968085,9.118781944110001,-1.9111354821419164,-19.71652494733543,4.626131657298585e-46,6.513641814645594e-44,True,Downregulated,GAB1,GRB2-associated binding protein 1,GAB1
205414_s_at,7.210883791946809,9.120986060729999,-1.9101022687831897,-13.496601586824724,9.626585560968344e-25,1.8432735172027172e-23,True,Downregulated,ARHGAP44,Rho GTPase activating protein 44,ARHGAP44
225855_at,6.077332374510638,7.9871086262599995,-1.9097762517493617,-13.175074748027846,1.397608351941915e-26,3.150534904339809e-25,True,Downregulated,EPB41L5,erythrocyte membrane protein band 4.1 like 5,EPB41L5
212494_at,7.613936286031915,9.52361803414,-1.9096817481080848,-16.41460612167818,1.291554336273993e-35,6.597107457818897e-34,True,Downregulated,TENC1,tensin like C1 domain containing phosphatase (tensin 2),TENC1
207826_s_at,9.742507352723402,11.650690475599998,-1.9081831228765953,-16.9085907600524,3.44744284898662e-36,1.8654342160522571e-34,True,Downregulated,ID3,"inhibitor of DNA binding 3, dominant negative helix-loop-helix protein",ID3
240189_at,4.049453926500001,5.95719025449,-1.9077363279899995,-14.048084004684247,8.961865407332398e-31,2.9125250320168e-29,True,Downregulated,ACOXL,acyl-CoA oxidase-like,ACOXL
221019_s_at,8.923583383829786,10.82922300023,-1.9056396164002134,-14.108906119458668,6.265015091825839e-27,1.4587450291296302e-25,True,Downregulated,COLEC12,collectin sub-family member 12,COLEC12
1568752_s_at,3.4797475742021273,5.382936163649999,-1.903188589447872,-11.767507349862582,3.1920989065295088e-24,5.851746141329112e-23,True,Downregulated,RGS13,regulator of G-protein signaling 13,RGS13
202037_s_at,3.7906536530744677,5.6923076356,-1.901653982525532,-8.615585812026021,2.6789447608610358e-15,2.231181835052209e-14,True,Downregulated,SFRP1,secreted frizzled-related protein 1,SFRP1
229404_at,4.323166899127659,6.224691128589999,-1.90152422946234,-13.877661657163488,2.6228854078495665e-27,6.334733477619973e-26,True,Downregulated,TWIST2,twist family bHLH transcription factor 2,TWIST2
230061_at,6.353452904574469,8.2529529526,-1.89950004802553,-10.069593993844265,9.386849743583922e-19,1.0703436512792131e-17,True,Downregulated,TM4SF18,transmembrane 4 L six family member 18,TM4SF18
212148_at,8.127677907542555,10.026436530389997,-1.898758622847442,-13.203878972246262,7.047277470511895e-25,1.3649437019407733e-23,True,Downregulated,PBX1,pre-B-cell leukemia homeobox 1,PBX1
205726_at,7.0595911914893605,8.957274030119999,-1.8976828386306384,-17.414957620202394,7.398754205631333e-34,3.160837122351763e-32,True,Downregulated,DIAPH2,diaphanous-related formin 2,DIAPH2
220936_s_at,3.9234610133723407,5.82038073851,-1.8969197251376593,-18.658221471274395,6.83851831702265e-43,6.724251301634009e-41,True,Downregulated,H2AFJ,"H2A histone family, member J",H2AFJ
212914_at,7.881144488957449,9.777934209339998,-1.8967897203825492,-20.827760610780178,8.789285188463087e-47,1.3131680365185434e-44,True,Downregulated,CBX7,chromobox homolog 7,CBX7
223877_at,3.4620645704680855,5.357525183289999,-1.8954606128219136,-20.155397923660477,7.224887688308804e-46,9.964046389830188e-44,True,Downregulated,C1QTNF7,C1q and tumor necrosis factor related protein 7,C1QTNF7
240806_at,4.020386268414894,5.91267854082,-1.892292272405106,-16.392171546893955,2.443561689182719e-38,1.6615601645307423e-36,True,Downregulated,RPL15,ribosomal protein L15,RPL15
202732_at,9.761417428372342,11.653006356399999,-1.891588928027657,-14.254900440982592,1.0511941457071139e-26,2.402869881895573e-25,True,Downregulated,PKIG,"protein kinase (cAMP-dependent, catalytic) inhibitor gamma",PKIG
222071_s_at,7.763225741499999,9.6544247624,-1.8911990209000002,-8.533086570427619,7.011421320231877e-14,5.043684728233138e-13,True,Downregulated,SLCO4C1,"solute carrier organic anion transporter family, member 4C1",SLCO4C1
212793_at,6.263257906712766,8.15357063166,-1.8903127249472336,-11.350320813939906,1.706050543486808e-20,2.2786599089143643e-19,True,Downregulated,DAAM2,dishevelled associated activator of morphogenesis 2,DAAM2
209948_at,3.9407528637553204,5.827534128429999,-1.8867812646746787,-11.935943291515397,3.0126107303542998e-24,5.5302484895166e-23,True,Downregulated,KCNMB1,"potassium large conductance calcium-activated channel, subfamily M, beta member 1",KCNMB1
208131_s_at,8.054682474776596,9.93880893662,-1.8841264618434028,-9.828732973115265,3.042091884064495e-17,3.021642734557579e-16,True,Downregulated,PTGIS,prostaglandin I2 (prostacyclin) synthase,PTGIS
203810_at,8.2557514743617,10.13981313108,-1.8840616567183002,-16.628096772238955,2.066636763208453e-33,8.504676736490424e-32,True,Downregulated,DNAJB4,"DnaJ (Hsp40) homolog, subfamily B, member 4",DNAJB4
212239_at,8.799105171180852,10.682475650559997,-1.8833704793791455,-22.898828313508506,1.1808874523554584e-54,4.2915684129993705e-52,True,Downregulated,PIK3R1,"phosphoinositide-3-kinase, regulatory subunit 1 (alpha)",PIK3R1
1554533_at,4.418753258542553,6.299011319779998,-1.8802580612374449,-12.288376059547153,1.0353099309034895e-23,1.8215629683864929e-22,True,Downregulated,C2,complement component 2,C2
202202_s_at,8.243661858010638,10.12233390461,-1.8786720465993625,-14.447310267078691,1.4927115261422587e-28,4.00833660235085e-27,True,Downregulated,LAMA4,"laminin, alpha 4",LAMA4
205560_at,5.369152659297872,7.24668075361,-1.8775280943121277,-12.609559924648496,2.1511700671966065e-24,3.996643635034082e-23,True,Downregulated,PCSK5,proprotein convertase subtilisin/kexin type 5,PCSK5
213249_at,6.347847210425532,8.2246988845,-1.8768516740744685,-14.797160582240354,1.8965406096207676e-29,5.4990476134265555e-28,True,Downregulated,FBXL7,F-box and leucine-rich repeat protein 7,FBXL7
211538_s_at,7.01124618012766,8.88790165715,-1.8766554770223394,-10.762300249494794,4.245770588520445e-19,4.988270355486253e-18,True,Downregulated,HSPA2,heat shock 70kDa protein 2,HSPA2
229121_at,4.597682396170212,6.472564183829999,-1.8748817876597874,-11.518360541530944,6.716103825112977e-23,1.1046861172401425e-21,True,Downregulated,CMKLR1,chemokine-like receptor 1,CMKLR1
241801_at,4.76225448512766,6.63683601544,-1.8745815303123399,-15.989336523956775,1.0345682393600514e-35,5.340238706546998e-34,True,Downregulated,PGAP1,post-GPI attachment to proteins 1,PGAP1
211434_s_at,6.214854163329787,8.0883177463,-1.8734635829702126,-12.3522493411367,7.345931323775766e-23,1.2034976003064374e-21,True,Downregulated,CCRL2,chemokine (C-C motif) receptor-like 2,CCRL2
225316_at,7.160462472085107,9.03368792092,-1.8732254488348934,-11.820318337091233,6.786957324748313e-22,1.0213858048934326e-20,True,Downregulated,MFSD2A,major facilitator superfamily domain containing 2A,MFSD2A
209305_s_at,8.271388109244683,10.14327674896,-1.8718886397153174,-12.568527152611093,7.94869791428982e-27,1.838832972120397e-25,True,Downregulated,GADD45B,"growth arrest and DNA-damage-inducible, beta",GADD45B
205908_s_at,4.041755994861703,5.9127532134,-1.8709972185382977,-8.20762524306372,5.112521711216224e-14,3.7326196926764734e-13,True,Downregulated,OMD,osteomodulin,OMD
203934_at,8.171664661425533,10.04196344968,-1.870298788254468,-15.627387152206726,7.672487461306511e-34,3.2725805756846314e-32,True,Downregulated,KDR,kinase insert domain receptor (a type III receptor tyrosine kinase),KDR
234998_at,7.370666453138298,9.239930429570002,-1.8692639764317036,-19.331680973572837,6.4463998968291385e-43,6.373640897993604e-41,True,Downregulated,RAB11A,"RAB11A, member RAS oncogene family",RAB11A
201578_at,9.213491036180852,11.079675237309997,-1.8661842011291458,-18.512851283438273,5.1112354980222094e-42,4.56665967602363e-40,True,Downregulated,PODXL,podocalyxin-like,PODXL
204048_s_at,9.13900743124468,11.00495789988,-1.8659504686353205,-21.749521181460384,5.432223154515608e-51,1.2023767678550472e-48,True,Downregulated,PHACTR2,phosphatase and actin regulator 2,PHACTR2
219014_at,8.336765413765956,10.20240277654,-1.8656373627740432,-9.964916853168086,2.9695860199512155e-17,2.9528961669272706e-16,True,Downregulated,PLAC8,placenta-specific 8,PLAC8
230288_at,2.9524540039893616,4.81749445209,-1.8650404481006384,-11.701356677731793,7.444567191016928e-24,1.3236809617720216e-22,True,Downregulated,FGF14,fibroblast growth factor 14,FGF14
240317_at,4.419956592744682,6.284128253669999,-1.864171660925317,-13.200260125400211,1.395367641244407e-28,3.7619671153870515e-27,True,Downregulated,PCDHB4,protocadherin beta 4,PCDHB4
220032_at,3.66767894406383,5.53144560445,-1.8637666603861698,-17.38085295430125,5.330855355750268e-40,4.049793589892428e-38,True,Downregulated,CPED1,cadherin-like and PC-esterase domain containing 1,CPED1
1558404_at,2.8130590188617024,4.67632184631,-1.8632628274482972,-14.1130702985153,3.174215228838764e-30,9.868690190654436e-29,True,Downregulated,LINC00622,long intergenic non-protein coding RNA 622,LINC00622
203373_at,9.392243979553191,11.254423597860002,-1.8621796183068113,-11.389185297193963,2.614292233268867e-22,4.0923260203317606e-21,True,Downregulated,SOCS2,suppressor of cytokine signaling 2,SOCS2
232027_at,2.3513246590744674,4.20861980041,-1.8572951413355328,-17.27217585712502,5.306592657156598e-35,2.5483963630162925e-33,True,Downregulated,SYNE1,"spectrin repeat containing, nuclear envelope 1",SYNE1
213182_x_at,6.774273437872339,8.631448995189999,-1.8571755573176594,-15.241992036733357,5.7563042478143205e-33,2.2765336784775077e-31,True,Downregulated,CDKN1C,"cyclin-dependent kinase inhibitor 1C (p57, Kip2)",CDKN1C
215783_s_at,6.61901904688298,8.47512066761,-1.8561016207270198,-8.868796287812204,5.99912700015248e-15,4.8260401560006176e-14,True,Downregulated,ALPL,"alkaline phosphatase, liver/bone/kidney",ALPL
202345_s_at,11.252881593851065,13.108510238799997,-1.8556286449489328,-14.819715477769302,2.8312938305019926e-29,8.078725197208497e-28,True,Downregulated,FABP5,fatty acid binding protein 5 (psoriasis-associated),FABP5
205404_at,6.958769380021275,8.814297696530002,-1.8555283165087264,-10.951074176974686,2.962940445224223e-20,3.871069367002021e-19,True,Downregulated,HSD11B1,hydroxysteroid (11-beta) dehydrogenase 1,HSD11B1
229319_at,6.675561726010638,8.529270062560002,-1.8537083365493636,-18.210714606446608,3.705342998664703e-40,2.838968355073785e-38,True,Downregulated,BC022047,"Homo sapiens cDNA FLJ33159 fis, clone UTERU2000465.",BC022047
203662_s_at,5.619529450478724,7.47280281821,-1.8532733677312763,-18.490736037745553,1.7887832042099941e-44,2.078002017745977e-42,True,Downregulated,TMOD1,tropomodulin 1,TMOD1
239146_at,4.5140196367127645,6.366260849090001,-1.852241212377236,-16.976006741696228,6.457623507772205e-39,4.558133044475536e-37,True,Downregulated,CLDND1,claudin domain containing 1,CLDND1
223690_at,8.40863552801064,10.259652358580002,-1.8510168305693622,-13.145868629766353,6.478129426870162e-26,1.3804780877719436e-24,True,Downregulated,LTBP2,latent transforming growth factor beta binding protein 2,LTBP2
239770_at,4.215391040414893,6.0635911470999995,-1.8482001066851064,-12.697436640557113,5.63882019293796e-25,1.1028712105358586e-23,True,Downregulated,ESYT3,extended synaptotagmin-like protein 3,ESYT3
221087_s_at,7.010867604148936,8.85862279273,-1.847755188581063,-14.09266401590251,1.727203098180724e-28,4.617263709679345e-27,True,Downregulated,APOL3,"apolipoprotein L, 3",APOL3
233527_at,3.110658533361702,4.955324900820001,-1.844666367458299,-13.271472552458544,8.363724550831599e-29,2.2939892335085587e-27,True,Downregulated,LOC101929340,uncharacterized LOC101929340,LOC101929340
220276_at,2.7239675916702124,4.56857928042,-1.8446116887497874,-8.356918179183213,1.492959920684195e-14,1.1534091108003463e-13,True,Downregulated,RERGL,RERG/RAS-like,RERGL
209792_s_at,5.620267532489361,7.464161300580002,-1.8438937680906404,-6.28836008539061,6.424060773138395e-09,2.7955059283496905e-08,True,Downregulated,KLK10,kallikrein-related peptidase 10,KLK10
200904_at,11.375812785776596,13.219136990599997,-1.8433242048234018,-18.439392759026354,3.744307902893893e-40,2.8647417477247643e-38,True,Downregulated,HLA-E,"major histocompatibility complex, class I, E",HLA-E
207850_at,7.679520506946808,9.521869630330002,-1.842349123383194,-7.367676773292506,5.310923771151992e-12,3.1637318191957145e-11,True,Downregulated,CXCL3,chemokine (C-X-C motif) ligand 3,CXCL3
202668_at,9.228477563638295,11.070747719860002,-1.8422701562217068,-13.696290126910961,2.244243136999682e-27,5.461939428355877e-26,True,Downregulated,EFNB2,ephrin-B2,EFNB2
1554624_a_at,3.018841087531915,4.86001964607,-1.8411785585380844,-13.602502410875847,8.207582343819893e-30,2.471741455457429e-28,True,Downregulated,SIRPB1,signal-regulatory protein beta 1,SIRPB1
226218_at,9.810828544670214,11.651723588359998,-1.840895043689784,-12.509388290988202,4.7854425946437523e-26,1.0295592615820354e-24,True,Downregulated,IL7R,interleukin 7 receptor,IL7R
212230_at,9.95621084074468,11.797007668900001,-1.8407968281553213,-22.39188379858099,1.0586363658198236e-50,2.241725022519096e-48,True,Downregulated,PPAP2B,phosphatidic acid phosphatase type 2B,PPAP2B
212975_at,6.519635203223405,8.359308293409999,-1.8396730901865936,-22.980347863903166,6.689795232160463e-57,3.4597819842017564e-54,True,Downregulated,DENND3,DENN/MADD domain containing 3,DENND3
223075_s_at,5.382817451191489,7.22215412995,-1.839336678758511,-10.550868559251581,7.125400015976055e-20,8.9879635379758e-19,True,Downregulated,AIF1L,allograft inflammatory factor 1-like,AIF1L
1552496_a_at,4.062554233531914,5.901741307709999,-1.839187074178085,-12.983972024543394,9.105848798132152e-27,2.097503997671674e-25,True,Downregulated,COBL,cordon-bleu WH2 repeat protein,COBL
229797_at,5.613598569680852,7.4525665298499995,-1.838967960169147,-9.13211698584384,2.0266717451123168e-15,1.706160063900627e-14,True,Downregulated,MCOLN3,mucolipin 3,MCOLN3
213489_at,6.354441384542553,8.190670561890002,-1.836229177347449,-17.868930165927512,4.081410686981473e-39,2.911442376790259e-37,True,Downregulated,MAPRE2,"microtubule-associated protein, RP/EB family, member 2",MAPRE2
219563_at,7.081650046457447,8.91779081181,-1.836140765352554,-15.965612270170311,3.028456917699723e-31,1.0238125944399579e-29,True,Downregulated,LINC00341,"long intergenic non-protein coding RNA 341 /// spectrin repeat containing, nuclear envelope family member 3",LINC00341
228184_at,6.304335782361702,8.137540445690002,-1.8332046633283001,-13.77600796900596,3.556231204257242e-30,1.101182795349338e-28,True,Downregulated,DISP1,dispatched homolog 1 (Drosophila),DISP1
209032_s_at,8.06941514129787,9.902445798910001,-1.833030657612131,-11.655986124012564,2.4985514949308702e-21,3.573174440477314e-20,True,Downregulated,CADM1,cell adhesion molecule 1,CADM1
208944_at,10.853370721202129,12.686364589499998,-1.8329938682978693,-22.909167035554646,6.36556207440221e-49,1.1489198715899237e-46,True,Downregulated,TGFBR2,"transforming growth factor, beta receptor II (70/80kDa)",TGFBR2
205618_at,5.850816806074467,7.681842017419999,-1.8310252113455325,-14.60334825244338,3.9925593073895752e-28,1.0309351651812563e-26,True,Downregulated,PRRG1,proline rich Gla (G-carboxyglutamic acid) 1,PRRG1
228004_at,5.943502912776596,7.772368456690001,-1.8288655439134045,-7.442825061503189,3.0323267714112504e-11,1.6751923554552743e-10,True,Downregulated,LINC00261,long intergenic non-protein coding RNA 261,LINC00261
226658_at,4.40705749456383,6.231709782460001,-1.8246522878961713,-10.888441862926006,8.057806847692999e-21,1.1050413031871893e-19,True,Downregulated,PDPN,podoplanin,PDPN
202468_s_at,9.111954672946807,10.936488774969998,-1.8245341020231916,-19.794284621365414,3.414210565639241e-46,4.896979452892593e-44,True,Downregulated,CTNNAL1,"catenin (cadherin-associated protein), alpha-like 1",CTNNAL1
221933_at,3.7660204436382974,5.589286269659998,-1.8232658260217005,-10.376303112207344,3.429507627960198e-20,4.449095448081699e-19,True,Downregulated,NLGN4X,"neuroligin 4, X-linked",NLGN4X
205216_s_at,6.090847013606382,7.9140854835,-1.8232384698936182,-7.419931236928048,1.3765510509203356e-11,7.870646840097925e-11,True,Downregulated,APOH,apolipoprotein H (beta-2-glycoprotein I),APOH
203851_at,6.6731408678404245,8.49627724864,-1.8231363807995757,-9.717209427722509,1.429544511258559e-17,1.463168051047628e-16,True,Downregulated,IGFBP6,insulin-like growth factor binding protein 6,IGFBP6
244119_at,2.357099620393617,4.17878387016,-1.821684249766383,-8.108114847991285,8.007780832522366e-13,5.166824614419961e-12,True,Downregulated,LINC00551,long intergenic non-protein coding RNA 551,LINC00551
205752_s_at,4.025094462797872,5.846527514589999,-1.821433051792127,-20.345528845930843,7.849537480220262e-49,1.4026419365818173e-46,True,Downregulated,GSTM5,glutathione S-transferase mu 5,GSTM5
229616_s_at,5.640042432968084,7.46047060253,-1.8204281695619162,-9.552525217744769,2.624631269391165e-16,2.3918742367921586e-15,True,Downregulated,GRAMD2,GRAM domain containing 2,GRAMD2
205591_at,4.302054740723405,6.122186514499999,-1.8201317737765939,-14.36169657700819,2.940683084790136e-31,9.95390688474023e-30,True,Downregulated,OLFM1,olfactomedin 1,OLFM1
213413_at,6.738536656968085,8.557350285090001,-1.8188136281219158,-13.184303401888915,2.807087249604072e-25,5.66111716562447e-24,True,Downregulated,STON1,stonin 1,STON1
202920_at,6.315700354936169,8.133089586389998,-1.817389231453829,-9.834124274803653,4.058702224638241e-17,3.977794421545052e-16,True,Downregulated,ANK2,"ankyrin 2, neuronal",ANK2
226484_at,4.559637615968085,6.37698706434,-1.8173494483719148,-17.242477534764486,5.789471039284886e-36,3.0629832652955253e-34,True,Downregulated,ZBTB47,zinc finger and BTB domain containing 47,ZBTB47
227181_at,5.452220112755319,7.269203223059999,-1.8169831103046796,-15.682656984980184,6.142294450276391e-34,2.647191100180817e-32,True,Downregulated,LNP1,leukemia NUP98 fusion partner 1,LNP1
227448_at,5.667991432223405,7.484945061720001,-1.816953629496596,-16.37768958788463,2.374106861688742e-36,1.3056616734436674e-34,True,Downregulated,ARGLU1,arginine and glutamate rich 1,ARGLU1
205316_at,8.060514759170214,9.87627526664,-1.8157605074697862,-11.392044930913181,2.6506705394212762e-20,3.47898891247713e-19,True,Downregulated,SLC15A2,"solute carrier family 15 (oligopeptide transporter), member 2",SLC15A2
238798_at,3.344037405914893,5.15964962441,-1.8156122184951071,-14.727822112932424,1.1028582831366156e-32,4.243085523375251e-31,True,Downregulated,TAPT1,transmembrane anterior posterior transformation 1,TAPT1
206868_at,4.897090495840425,6.711956860680001,-1.8148663648395758,-23.509149555204214,3.514299713883601e-58,2.0771442242960808e-55,True,Downregulated,STARD8,StAR-related lipid transfer (START) domain containing 8,STARD8
229144_at,5.527069509085107,7.34046752391,-1.8133980148248927,-14.79262764341462,7.292056501985257e-29,2.0123681427182094e-27,True,Downregulated,KAZN,"kazrin, periplakin interacting protein",KAZN
240890_at,7.169408330308509,8.981290646300002,-1.8118823159914923,-13.584835791505792,2.0176703237886832e-26,4.484397356830501e-25,True,Downregulated,LOC643733,"caspase 4, apoptosis-related cysteine peptidase pseudogene",LOC643733
244353_s_at,4.651959742957446,6.462033462740001,-1.8100737197825545,-10.809527276517647,3.214301993163605e-20,4.1830255747471e-19,True,Downregulated,SLC2A12,"solute carrier family 2 (facilitated glucose transporter), member 12",SLC2A12
205654_at,10.922344601170213,12.732385781200001,-1.8100411800297884,-7.372039706211685,3.019179919777457e-11,1.6681007823846973e-10,True,Downregulated,C4BPA,"complement component 4 binding protein, alpha",C4BPA
225939_at,5.102663779606384,6.9124218526300005,-1.809758073023617,-16.39919380602469,1.1286580703077753e-34,5.233276118066724e-33,True,Downregulated,EIF4E3,eukaryotic translation initiation factor 4E family member 3,EIF4E3
219454_at,8.679242668478723,10.488437586030003,-1.8091949175512791,-11.8310367959234,5.1324361196270185e-22,7.820204224653225e-21,True,Downregulated,EGFL6,"EGF-like-domain, multiple 6",EGFL6
202340_x_at,8.502300307957448,10.30876809285,-1.8064677848925523,-8.57441267717765,3.628541638240039e-15,2.984626709808514e-14,True,Downregulated,NR4A1,"nuclear receptor subfamily 4, group A, member 1",NR4A1
235362_at,4.37835388987234,6.1834940554000015,-1.8051401655276615,-16.19382223888889,1.183713010695032e-33,4.970116158723106e-32,True,Downregulated,LOC729970,hCG2028352-like,LOC729970
238036_at,4.0793393326595755,5.88410723425,-1.8047679015904246,-12.356463848251497,5.474837284071847e-25,1.0715778681262313e-23,True,Downregulated,SHE,Src homology 2 domain containing E,SHE
1558444_at,5.405655162329788,7.210271920260001,-1.804616757930213,-11.042927763518783,4.593287608162743e-22,7.020590147560139e-21,True,Downregulated,DQ592442,"Homo sapiens cDNA FLJ35140 fis, clone PLACE6009524.",DQ592442
1570255_s_at,3.142463968702128,4.94653456682,-1.8040705981178715,-13.570012853225924,1.1035113200801711e-29,3.275577255067996e-28,True,Downregulated,ANKRD20A1,"ankyrin repeat domain 20 family, member A1 /// ankyrin repeat domain 20 family, member A12, pseudogene /// ankyrin repeat domain 20 family, member A2 /// ankyrin repeat domain 20 family, member A3 /// ankyrin repeat domain 20 family, member A4 /// ankyrin repeat domain 20 family, member A5, pseudogene /// ankyrin repeat domain 20 family, member A8, pseudogene",ANKRD20A1
213620_s_at,9.618587344074468,11.420938857519998,-1.8023515134455295,-18.042850114304017,1.6414869894662867e-37,1.0206823030685976e-35,True,Downregulated,ICAM2,intercellular adhesion molecule 2,ICAM2
219274_at,10.009006178542554,11.811037154840001,-1.8020309762974467,-13.521876268259645,1.1058125430768838e-26,2.5234295053853745e-25,True,Downregulated,TSPAN12,tetraspanin 12,TSPAN12
201531_at,10.827932331734043,12.629648791290002,-1.8017164595559585,-11.243660308263472,9.803683379746515e-23,1.589692234739361e-21,True,Downregulated,ZFP36,ZFP36 ring finger protein,ZFP36
229449_at,4.876354985351063,6.6770840174799995,-1.8007290321289364,-15.701097897476513,2.9793723437695305e-36,1.6170385558222803e-34,True,Downregulated,CTA-445C9.15,,CTA-445C9.15
1559333_at,2.7333435392765955,4.533516324139999,-1.8001727848634035,-6.845117837907773,1.572834982913842e-10,8.064490218398847e-10,True,Downregulated,LOC101927416,uncharacterized LOC101927416,LOC101927416
207808_s_at,9.543768488042552,11.34380216875,-1.8000336807074486,-16.490144852761503,1.084240348599638e-31,3.819053791079249e-30,True,Downregulated,PROS1,protein S (alpha),PROS1
218950_at,6.74742724818085,8.54572804586,-1.7983007976791505,-20.944680259686525,2.478962687427767e-50,5.128211042538072e-48,True,Downregulated,ARAP3,"ArfGAP with RhoGAP domain, ankyrin repeat and PH domain 3",ARAP3
235885_at,5.33556976119149,7.133069747440001,-1.7974999862485115,-8.972840042974747,1.1174519609680133e-15,9.631934482792558e-15,True,Downregulated,P2RY12,"purinergic receptor P2Y, G-protein coupled, 12",P2RY12
216191_s_at,4.519711329904255,6.316654970329999,-1.7969436404257442,-7.953932217277045,2.0862664870420817e-13,1.4312746080618035e-12,True,Downregulated,TRDV3,T cell receptor delta variable 3,TRDV3
206855_s_at,8.920819159308511,10.71710688316,-1.7962877238514885,-21.79054724444557,9.409584568125607e-54,3.0125233070309757e-51,True,Downregulated,HYAL2,hyaluronoglucosaminidase 2,HYAL2
200986_at,10.81439776137234,12.6094362114,-1.7950384500276595,-16.937728883362144,5.1670508027605595e-33,2.054064999832073e-31,True,Downregulated,SERPING1,"serpin peptidase inhibitor, clade G (C1 inhibitor), member 1",SERPING1
202291_s_at,12.184544565606384,13.978133234,-1.7935886683936157,-12.45490277144103,1.5880090586342603e-22,2.5210346879487107e-21,True,Downregulated,MGP,matrix Gla protein,MGP
213364_s_at,8.980835109968085,10.774194709919998,-1.7933595999519127,-19.132373995103304,1.0476283842782044e-42,1.0055982045007746e-40,True,Downregulated,SNX1,sorting nexin 1,SNX1
208937_s_at,10.505512226638297,12.296738549510001,-1.7912263228717045,-12.09262802890842,4.444384387781819e-23,7.4237782199140655e-22,True,Downregulated,ID1,"inhibitor of DNA binding 1, dominant negative helix-loop-helix protein",ID1
205765_at,5.19617360738298,6.98662355323,-1.79044994584702,-7.496426939894472,6.088136798310258e-12,3.6079388038113215e-11,True,Downregulated,CYP3A5,"cytochrome P450, family 3, subfamily A, polypeptide 5",CYP3A5
209496_at,10.399775629319148,12.185931022299997,-1.7861553929808487,-12.110407916441034,2.108138526443676e-22,3.3154485024356595e-21,True,Downregulated,RARRES2,retinoic acid receptor responder (tazarotene induced) 2,RARRES2
239108_at,5.151389399276596,6.937345752649999,-1.785956353373403,-11.23666169712555,5.450373105048938e-21,7.582870352513248e-20,True,Downregulated,FAR2,fatty acyl CoA reductase 2,FAR2
219165_at,8.075837720425534,9.86073149445,-1.7848937740244661,-17.27655970820798,7.258415671755735e-41,5.978578029418897e-39,True,Downregulated,PDLIM2,PDZ and LIM domain 2 (mystique),PDLIM2
205880_at,6.559312038531914,8.34367888012,-1.7843668415880867,-11.335780772569771,5.155309953040876e-21,7.179790293481527e-20,True,Downregulated,PRKD1,protein kinase D1,PRKD1
229687_s_at,4.970715750468085,6.7534674816999996,-1.7827517312319143,-12.799659058641591,2.80894017385202e-25,5.662730741784286e-24,True,Downregulated,PRDM11,PR domain containing 11,PRDM11
1552553_a_at,3.8488542009787223,5.631499794609999,-1.7826455936312766,-14.275695601925896,6.057313701411468e-32,2.1836372301884533e-30,True,Downregulated,NLRC4,"NLR family, CARD domain containing 4",NLRC4
228310_at,6.4568196404255325,8.23781246919,-1.780992828764468,-13.521763699717043,5.665370779179816e-27,1.3248592727346332e-25,True,Downregulated,ENAH,enabled homolog (Drosophila),ENAH
232068_s_at,6.075449477946808,7.854806705310001,-1.7793572273631924,-11.846110592739128,1.2434982633159013e-22,1.9959056278934367e-21,True,Downregulated,TLR4,toll-like receptor 4,TLR4
212224_at,10.136198741574468,11.9140558068,-1.7778570652255326,-11.669273426144775,2.3976600774057125e-21,3.432540455771724e-20,True,Downregulated,ALDH1A1,"aldehyde dehydrogenase 1 family, member A1",ALDH1A1
209098_s_at,5.111825990638298,6.887609449900001,-1.775783459261703,-11.463138262221568,2.067759252136345e-22,3.2547995064502615e-21,True,Downregulated,JAG1,jagged 1,JAG1
235606_at,4.4084050209893615,6.18294656965,-1.7745415486606388,-16.26384632559289,4.672906316461363e-37,2.768027964065979e-35,True,Downregulated,LINC00883,long intergenic non-protein coding RNA 883,LINC00883
224355_s_at,3.6143315880531914,5.38797294363,-1.773641355576809,-5.432406134769149,1.7518421135954033e-07,6.535204599933581e-07,True,Downregulated,MS4A8,"membrane-spanning 4-domains, subfamily A, member 8",MS4A8
1567628_at,9.503643518499997,11.2771470486,-1.7735035301000028,-8.995291932615242,6.918791878683074e-16,6.084600065187178e-15,True,Downregulated,CD74,"CD74 molecule, major histocompatibility complex, class II invariant chain",CD74
205259_at,7.005680448468086,8.777856113050001,-1.7721756645819156,-12.163684416900248,4.106157449176395e-22,6.299309314358288e-21,True,Downregulated,NR3C2,"nuclear receptor subfamily 3, group C, member 2",NR3C2
229070_at,6.535663870170211,8.30741451914,-1.771750648969789,-8.908463241956296,7.764205028371278e-16,6.795858936631043e-15,True,Downregulated,ADTRP,androgen-dependent TFPI-regulating protein,ADTRP
221276_s_at,6.328398191265957,8.09933420148,-1.7709360102140428,-15.647536040256051,1.9291015599920583e-31,6.659734050432147e-30,True,Downregulated,SYNC,"syncoilin, intermediate filament protein",SYNC
229504_at,6.76320203776596,8.53375713642,-1.7705550986540404,-17.836252937015246,4.057879321298252e-38,2.6878952854106868e-36,True,Downregulated,RAB23,"RAB23, member RAS oncogene family",RAB23
224210_s_at,4.976569465595745,6.7460538872699995,-1.769484421674255,-11.915377455749885,3.8360652043877554e-23,6.439656775380768e-22,True,Downregulated,PXMP4,"peroxisomal membrane protein 4, 24kDa",PXMP4
209183_s_at,9.42310123212766,11.18997611456,-1.7668748824323401,-12.61489322310937,1.2682435822241838e-26,2.8794322209164184e-25,True,Downregulated,C10orf10,chromosome 10 open reading frame 10,C10orf10
204457_s_at,8.865038092212766,10.631824330929998,-1.7667862387172324,-9.076858969708288,1.4362281720745738e-15,1.2263687642991431e-14,True,Downregulated,GAS1,growth arrest-specific 1,GAS1
229544_at,5.104227144382979,6.869575779600001,-1.7653486352170216,-13.154195124596452,1.2559783955378682e-25,2.6183741853643325e-24,True,Downregulated,RP11-391M1.4,,RP11-391M1.4
211555_s_at,6.243419111574469,8.00749648254,-1.7640773709655315,-13.265187626857497,7.174618585618382e-26,1.524670230130661e-24,True,Downregulated,GUCY1B3,"guanylate cyclase 1, soluble, beta 3",GUCY1B3
209505_at,9.296536018904257,11.05626228346,-1.7597262645557432,-14.479896909571977,8.261515157417739e-29,2.2671115013105636e-27,True,Downregulated,NR2F1,"nuclear receptor subfamily 2, group F, member 1",NR2F1
1557167_at,4.3258497002553185,6.0840256914,-1.7581759911446815,-11.80264303822657,1.6618659047339453e-24,3.1264469937747456e-23,True,Downregulated,HCG11,HLA complex group 11 (non-protein coding),HCG11
203063_at,6.8474771316595735,8.60367253164,-1.7561953999804256,-21.16182092201704,1.0402917776410878e-50,2.2115863064112074e-48,True,Downregulated,PPM1F,"protein phosphatase, Mg2+/Mn2+ dependent, 1F",PPM1F
229537_at,2.8764213075744682,4.6314489966600005,-1.7550276890855323,-14.803337551891184,3.363100956048023e-33,1.3590364239068293e-31,True,Downregulated,LMO4,LIM domain only 4,LMO4
210033_s_at,4.227915672085106,5.98220427054,-1.7542885984548935,-5.601464223869396,7.866328799856279e-08,3.0489180718387965e-07,True,Downregulated,SPAG6,sperm associated antigen 6,SPAG6
223737_x_at,3.078104765797872,4.82918176887,-1.7510770030721279,-5.918711489233848,1.695300224093767e-08,7.066838553290501e-08,True,Downregulated,CHST9,carbohydrate (N-acetylgalactosamine 4-0) sulfotransferase 9,CHST9
209550_at,8.024610892872339,9.77127879365,-1.7466679007776609,-13.139056432740114,6.124047158632775e-24,1.0975941368684518e-22,True,Downregulated,NDN,"necdin, melanoma antigen (MAGE) family member",NDN
205611_at,5.493252358404255,7.238476823119998,-1.7452244647157436,-18.602931900869063,1.8041414718997122e-40,1.422838023571817e-38,True,Downregulated,TNFSF12,"tumor necrosis factor (ligand) superfamily, member 12 /// TNFSF12-TNFSF13 readthrough",TNFSF12
215506_s_at,4.23976311838298,5.98368323123,-1.7439201128470199,-6.996182000680073,1.151026007761408e-10,5.987918063009488e-10,True,Downregulated,DIRAS3,"DIRAS family, GTP-binding RAS-like 3",DIRAS3
205150_s_at,5.057140381585106,6.80078425156,-1.7436438699748935,-8.263051847343162,9.861743189644443e-14,6.991218125717886e-13,True,Downregulated,TRIL,TLR4 interactor with leucine-rich repeats,TRIL
1554997_a_at,6.5655764399574466,8.30907184166,-1.7434954017025532,-5.357075551309661,3.3617822795270265e-07,1.2171299251927885e-06,True,Downregulated,PTGS2,prostaglandin-endoperoxide synthase 2 (prostaglandin G/H synthase and cyclooxygenase),PTGS2
204964_s_at,5.189153779404256,6.93169031559,-1.7425365361857441,-10.625059682791504,2.963074514547897e-20,3.871069367002021e-19,True,Downregulated,SSPN,sarcospan,SSPN
225531_at,5.784773697734042,7.526743134579998,-1.7419694368459568,-16.624275726998693,7.170994617815437e-38,4.624689646448694e-36,True,Downregulated,CABLES1,Cdk5 and Abl enzyme substrate 1,CABLES1
239216_at,3.0563281659042554,4.797264482570001,-1.7409363166657457,-6.863646784051019,1.2999251273474882e-10,6.728038192793688e-10,True,Downregulated,TEKT1,tektin 1,TEKT1
204236_at,8.383361201106384,10.121983770850001,-1.738622569743617,-16.791057734375137,2.9886603072325466e-34,1.3329028464743762e-32,True,Downregulated,FLI1,"Fli-1 proto-oncogene, ETS transcription factor",FLI1
203799_at,10.68198736174468,12.419773724499999,-1.737786362755319,-18.534961429450536,2.8447081344480907e-36,1.5483123762052636e-34,True,Downregulated,CD302,CD302 molecule /// lymphocyte antigen 75 /// LY75-CD302 readthrough,CD302
207569_at,4.980114755702128,6.717395001489999,-1.737280245787871,-9.09378646778712,1.1730302156767691e-15,1.0094816508862512e-14,True,Downregulated,ROS1,"ROS proto-oncogene 1 , receptor tyrosine kinase",ROS1
201615_x_at,7.893425318702127,9.62811505956,-1.734689740857874,-11.415215864498967,1.4087692030232147e-22,2.2470955027819287e-21,True,Downregulated,CALD1,caldesmon 1,CALD1
213592_at,4.8210912693723404,6.5553905395499985,-1.734299270177658,-9.725149776159961,1.990350702827734e-18,2.2059139275147847e-17,True,Downregulated,APLNR,apelin receptor,APLNR
1557371_a_at,4.0418426283510644,5.775758409619999,-1.7339157812689345,-18.825868788436328,2.7747994421503745e-45,3.596273802301206e-43,True,Downregulated,LINC00961,long intergenic non-protein coding RNA 961,LINC00961
220324_at,2.339403260797873,4.07290427517,-1.733501014372127,-17.357373666443323,4.5259771857826636e-33,1.8099197688810881e-31,True,Downregulated,LINC00472,long intergenic non-protein coding RNA 472,LINC00472
204688_at,9.061537521531916,10.794000889620003,-1.7324633680880872,-12.851477720851003,5.7548425750109745e-24,1.0352172666874257e-22,True,Downregulated,SGCE,"sarcoglycan, epsilon",SGCE
221011_s_at,9.370600081042552,11.101821854850002,-1.7312217738074498,-15.15016318287901,1.08826714479077e-33,4.580088939727415e-32,True,Downregulated,LBH,limb bud and heart development,LBH
214433_s_at,10.066001998117022,11.796188479249999,-1.7301864811329768,-11.05784490316923,1.5377335269430412e-19,1.8831081279808092e-18,True,Downregulated,SELENBP1,selenium binding protein 1,SELENBP1
228042_at,5.923894761340424,7.653427687270002,-1.7295329259295773,-17.627774203782714,2.5635575887086393e-36,1.4041090475181557e-34,True,Downregulated,ADPRH,ADP-ribosylarginine hydrolase,ADPRH
201289_at,11.681258025329788,13.410538393499998,-1.72928036817021,-12.075309324168803,1.4637165618534504e-24,2.764306846764385e-23,True,Downregulated,CYR61,"cysteine-rich, angiogenic inducer, 61",CYR61
225144_at,9.829206689361703,11.557765663499998,-1.728558974138295,-21.87323547055995,1.0648503186138254e-53,3.349359019705451e-51,True,Downregulated,BMPR2,"bone morphogenetic protein receptor, type II (serine/threonine kinase)",BMPR2
236657_at,3.792259168361702,5.5194488244,-1.7271896560382984,-15.496191133645407,5.439336443017561e-35,2.607487967238347e-33,True,Downregulated,LOC100288911,uncharacterized LOC100288911,LOC100288911
202409_at,5.9223082069680855,7.64914792371,-1.7268397167419147,-6.373412922252789,2.1647896123217194e-09,9.859884332994835e-09,True,Downregulated,IGF2,insulin-like growth factor 2 (somatomedin A) /// INS-IGF2 readthrough,IGF2
213094_at,7.714279085819149,9.439044715289999,-1.7247656294708502,-10.672370935192289,2.9933902828909714e-19,3.568317592100483e-18,True,Downregulated,GPR126,G protein-coupled receptor 126,GPR126
231851_at,5.878959822755319,7.602866475560002,-1.7239066528046827,-14.704388618609205,3.920041984715416e-31,1.3136659077252546e-29,True,Downregulated,RAVER2,"ribonucleoprotein, PTB-binding 2",RAVER2
212951_at,10.180586208936171,11.9030324115,-1.7224462025638285,-10.294004307442775,1.6367358655678807e-17,1.6632056539851508e-16,True,Downregulated,GPR116,G protein-coupled receptor 116,GPR116
1556069_s_at,3.1129933223191495,4.83514875377,-1.722155431450851,-10.34311462648935,3.379798419424227e-20,4.388842051838519e-19,True,Downregulated,HIF3A,"hypoxia inducible factor 3, alpha subunit",HIF3A
212741_at,10.048920606265957,11.77082516324,-1.7219045569740423,-11.32383672942079,2.676761398357161e-20,3.510703399435698e-19,True,Downregulated,MAOA,monoamine oxidase A,MAOA
202947_s_at,8.386386724989363,10.10804722584,-1.7216605008506374,-13.633659640929036,1.5663726179460613e-29,4.581235325114022e-28,True,Downregulated,GYPC,glycophorin C (Gerbich blood group),GYPC
226186_at,5.3050466045212765,7.02627936774,-1.7212327632187234,-16.44768624889524,1.3544586360638105e-35,6.898760624936375e-34,True,Downregulated,TMOD2,tropomodulin 2 (neuronal),TMOD2
203910_at,10.125078651574468,11.8423055705,-1.7172269189255331,-16.68002659458354,2.3369397182184326e-35,1.1542207500835317e-33,True,Downregulated,ARHGAP29,Rho GTPase activating protein 29,ARHGAP29
205312_at,5.528088424925531,7.24464674457,-1.7165583196444691,-11.948653414584246,7.238557317221716e-25,1.399471760834246e-23,True,Downregulated,SPI1,Spi-1 proto-oncogene,SPI1
226402_at,6.871442208308512,8.58772172205,-1.7162795137414886,-16.54981793230167,5.2194072680005236e-34,2.265787242265344e-32,True,Downregulated,CYP2U1,"cytochrome P450, family 2, subfamily U, polypeptide 1",CYP2U1
208056_s_at,3.670136962436171,5.385729157029999,-1.7155921945938282,-15.938304933632436,2.8469879523798122e-36,1.5483123762052636e-34,True,Downregulated,CBFA2T3,"core-binding factor, runt domain, alpha subunit 2; translocated to, 3",CBFA2T3
1555724_s_at,10.641923493500002,12.355940933000001,-1.7140174394999992,-9.982675743713958,1.465362379829562e-17,1.4978331615642878e-16,True,Downregulated,TAGLN,transgelin,TAGLN
211966_at,7.511653211319148,9.22564194157,-1.7139887302508523,-10.280680215846383,1.7554597288132455e-19,2.1419953941458537e-18,True,Downregulated,COL4A2,"collagen, type IV, alpha 2",COL4A2
225776_at,7.302533037702129,9.015353647620001,-1.7128206099178724,-17.48106354311258,1.4164042261650652e-38,9.779552979270115e-37,True,Downregulated,RBMS2,"RNA binding motif, single stranded interacting protein 2",RBMS2
222317_at,5.776449224255319,7.484625060240001,-1.7081758359846821,-13.473569988453697,1.9734231728028938e-26,4.3933170021679e-25,True,Downregulated,PDE3B,"phosphodiesterase 3B, cGMP-inhibited",PDE3B
227326_at,6.9078845714361705,8.61429469841,-1.7064101269738288,-15.108406579073648,9.306751283568917e-32,3.295410958117431e-30,True,Downregulated,MXRA7,matrix-remodelling associated 7,MXRA7
52975_at,3.561546978425532,5.2670891930999995,-1.7055422146744674,-17.687498008614938,2.4076417946243867e-41,2.0490098348997986e-39,True,Downregulated,MVB12B,multivesicular body subunit 12B,MVB12B
219250_s_at,9.359934661872341,11.063860137799997,-1.7039254759276563,-10.406700963341263,2.290158820459213e-18,2.5257019134143784e-17,True,Downregulated,FLRT3,fibronectin leucine rich transmembrane protein 3,FLRT3
236396_at,2.8502610670531916,4.553599896980001,-1.703338829926809,-15.314359864799687,4.435385060253819e-35,2.14148672217964e-33,True,Downregulated,LOC101927263,uncharacterized LOC101927263,LOC101927263
232235_at,5.591779926755319,7.291913877780001,-1.7001339510246813,-11.436894208440606,4.259221306012599e-21,5.965793676176919e-20,True,Downregulated,DSEL,dermatan sulfate epimerase-like,DSEL
211562_s_at,4.192069038372342,5.89127852351,-1.6992094851376578,-16.664359684093583,2.1935573549835552e-38,1.4972420798876332e-36,True,Downregulated,LMOD1,leiomodin 1 (smooth muscle),LMOD1
226112_at,8.504018690095744,10.20254300035,-1.698524310254255,-17.69871221107797,4.7510236107409874e-36,2.5401446911263894e-34,True,Downregulated,SGCB,"sarcoglycan, beta (43kDa dystrophin-associated glycoprotein)",SGCB
236201_at,5.010055044329787,6.70822050823,-1.6981654639002128,-10.74204931993653,5.650694411003844e-20,7.191865820876781e-19,True,Downregulated,SPTLC3,"serine palmitoyltransferase, long chain base subunit 3",SPTLC3
240214_at,4.404977661,6.102918070419999,-1.6979404094199984,-16.64984626849457,4.259448191571766e-37,2.528683006974382e-35,True,Downregulated,RWDD1,RWD domain containing 1,RWDD1
205003_at,9.514951603297874,11.212346043100002,-1.6973944398021281,-19.69375241253775,8.234454071429295e-42,7.242493193233325e-40,True,Downregulated,DOCK4,dedicator of cytokinesis 4,DOCK4
206157_at,5.449230116351065,7.146616570160001,-1.697386453808936,-7.473833925726044,3.3243040573443494e-12,2.02103558300354e-11,True,Downregulated,PTX3,"pentraxin 3, long",PTX3
205043_at,5.664852147787235,7.362204585049999,-1.6973524372627642,-8.207015106653058,1.4369134272967136e-13,1.0033211164556801e-12,True,Downregulated,CFTR,"cystic fibrosis transmembrane conductance regulator (ATP-binding cassette sub-family C, member 7)",CFTR
222033_s_at,7.401144916117023,9.09474808351,-1.6936031673929772,-16.835312932910817,3.0480142158024045e-38,2.0441457931564604e-36,True,Downregulated,FLT1,fms-related tyrosine kinase 1,FLT1
204438_at,10.962168123127661,12.65557969546,-1.693411572332339,-11.557058061805026,2.684097886709759e-22,4.196711887632881e-21,True,Downregulated,MRC1,"mannose receptor, C type 1",MRC1
219368_at,4.893220314968086,6.585536730589999,-1.6923164156219137,-10.961665938989238,1.928292127721448e-19,2.3433149656942115e-18,True,Downregulated,NAP1L2,nucleosome assembly protein 1-like 2,NAP1L2
224352_s_at,8.646186602053193,10.337383840509998,-1.6911972384568053,-20.182059895676215,1.1038506686606055e-42,1.0483817159983186e-40,True,Downregulated,CFL2,cofilin 2 (muscle),CFL2
232049_at,3.179654362031914,4.8688602157,-1.6892058536680858,-18.037574674647324,5.416388445407034e-43,5.375016031820345e-41,True,Downregulated,SNX2,sorting nexin 2,SNX2
213010_at,7.427616661085109,9.115144867869999,-1.68752820678489,-13.563218549922919,1.0443726826828569e-25,2.1908201681271505e-24,True,Downregulated,PRKCDBP,"protein kinase C, delta binding protein",PRKCDBP
235279_at,5.903230858755318,7.5906906772800005,-1.6874598185246823,-19.80340791176927,1.2330207498070466e-43,1.3080720719747894e-41,True,Downregulated,PARVA,"parvin, alpha",PARVA
208741_at,7.195592946904254,8.88289681199,-1.6873038650857453,-17.67828512160155,4.6238161724388785e-37,2.7419688715633685e-35,True,Downregulated,SAP18,"Sin3A-associated protein, 18kDa",SAP18
209651_at,8.039683018744679,9.726638393999998,-1.6869553752553195,-12.5688636951958,2.0149482975134516e-24,3.755232471588999e-23,True,Downregulated,TGFB1I1,transforming growth factor beta 1 induced transcript 1,TGFB1I1
229816_at,4.56684707593617,6.25350103267,-1.6866539567338297,-7.071485497795267,2.8597466794739617e-11,1.5837555076419534e-10,True,Downregulated,WDR78,WD repeat domain 78,WDR78
219568_x_at,2.3391713960000002,4.02571423081,-1.68654283481,-11.2275198863295,1.540153434555424e-19,1.8852683803140202e-18,True,Downregulated,SOX18,SRY (sex determining region Y)-box 18,SOX18
201432_at,11.191575693138299,12.8766811064,-1.6851054132617005,-24.663582888628493,8.77783115453794e-56,3.7175151691179343e-53,True,Downregulated,CAT,catalase,CAT
207442_at,2.5701392397553193,4.25519106973,-1.685051829974681,-6.594638937586714,9.884172921419037e-10,4.678195395560052e-09,True,Downregulated,CSF3,colony stimulating factor 3 (granulocyte),CSF3
232378_at,2.9565879040851057,4.64106208837,-1.6844741842848943,-10.625787353661732,1.616099247119026e-19,1.9759834986484183e-18,True,Downregulated,SLC5A9,"solute carrier family 5 (sodium/sugar cotransporter), member 9",SLC5A9
205158_at,8.354919035074467,10.03899119574,-1.684072160665533,-12.898961771981355,2.0969519002708977e-25,4.290097181740985e-24,True,Downregulated,RNASE4,"ribonuclease, RNase A family, 4",RNASE4
209210_s_at,10.485983047319149,12.169506820000002,-1.6835237726808536,-22.703602950393172,4.308839649519966e-51,9.656468724545037e-49,True,Downregulated,FERMT2,fermitin family member 2,FERMT2
226718_at,4.2536555130425535,5.93707439145,-1.6834188784074469,-16.303739955081916,5.036354213431684e-38,3.303479850288251e-36,True,Downregulated,AMIGO1,adhesion molecule with Ig-like domain 1,AMIGO1
231734_at,3.3240145692765948,5.007375382790001,-1.6833608135134064,-13.534598436465766,3.379768250704107e-29,9.587775059724215e-28,True,Downregulated,RBP2,"retinol binding protein 2, cellular",RBP2
203881_s_at,7.546769655159575,9.229938204659998,-1.6831685495004232,-11.88549090215369,2.7667613072562556e-21,3.9389365715215715e-20,True,Downregulated,DMD,dystrophin,DMD
223492_s_at,8.274176913329788,9.955621853890001,-1.6814449405602137,-23.328160009456102,1.5244919384899562e-54,5.394494960764525e-52,True,Downregulated,LRRFIP1,leucine rich repeat (in FLII) interacting protein 1,LRRFIP1
208961_s_at,10.324893683414894,12.0043386515,-1.6794449680851056,-15.99454497330819,4.430620541708322e-36,2.3806728916715663e-34,True,Downregulated,KLF6,Kruppel-like factor 6,KLF6
207857_at,5.735690593468084,7.41396760056,-1.678277007091916,-10.858709557393242,1.6327066237987314e-20,2.1844964792944916e-19,True,Downregulated,LILRA2,"leukocyte immunoglobulin-like receptor, subfamily A (with TM domain), member 2",LILRA2
204437_s_at,10.622517737904253,12.3004645407,-1.6779468027957467,-7.736910134281227,7.82164213795207e-12,4.582233351834115e-11,True,Downregulated,FOLR1,folate receptor 1 (adult),FOLR1
230690_at,2.290155074010638,3.9677527651399997,-1.6775976911293617,-10.055225256668457,2.5509312051863038e-17,2.5464808055336034e-16,True,Downregulated,TUBB1,"tubulin, beta 1 class VI",TUBB1
210222_s_at,3.8483361411382977,5.52353634891,-1.6752002077717019,-14.017919087722078,5.372027379831092e-30,1.634275252554271e-28,True,Downregulated,RTN1,reticulon 1,RTN1
200808_s_at,9.004256622744682,10.67854916817,-1.6742925454253186,-15.676068947159441,8.032701716979746e-36,4.18650091617706e-34,True,Downregulated,ZYX,zyxin,ZYX
32811_at,6.933058246446807,8.60641700307,-1.6733587566231929,-16.337431063009248,6.850424543715167e-36,3.6052537623117804e-34,True,Downregulated,MYO1C,myosin IC,MYO1C
226657_at,5.473934128404256,7.1466479432000005,-1.6727138147957445,-15.244928156933359,2.2116301471224675e-31,7.601695314149986e-30,True,Downregulated,NATD1,N-acetyltransferase domain containing 1,NATD1
228325_at,7.793170456787233,9.46484410283,-1.671673646042767,-12.476747663450865,1.7871586813819457e-25,3.685740676258027e-24,True,Downregulated,SPIDR,scaffolding protein involved in DNA repair,SPIDR
220116_at,4.2854533415,5.95638776607,-1.6709344245699995,-10.492484994516735,1.1994829877072729e-20,1.6238457582890354e-19,True,Downregulated,KCNN2,"potassium intermediate/small conductance calcium-activated channel, subfamily N, member 2",KCNN2
210039_s_at,4.55082700118085,6.221353581880001,-1.6705265806991507,-13.330961287605149,1.7245720464885583e-27,4.2258693436188425e-26,True,Downregulated,PRKCQ,"protein kinase C, theta",PRKCQ
204661_at,10.591180691723403,12.2602454347,-1.6690647429765963,-12.089783153425373,4.866880814477758e-24,8.784399711148908e-23,True,Downregulated,CD52,CD52 molecule,CD52
227721_at,4.341699939585106,6.010329895679999,-1.6686299560948932,-10.541107381204807,1.856186946084043e-19,2.2592638850888516e-18,True,Downregulated,CPAMD8,"C3 and PZP-like, alpha-2-macroglobulin domain containing 8",CPAMD8
243681_at,4.415043445553191,6.082706823409999,-1.6676633778568082,-9.663265319228058,1.4628132712946586e-17,1.4957960952443824e-16,True,Downregulated,SHANK2,SH3 and multiple ankyrin repeat domains 2,SHANK2
201328_at,9.726893456223404,11.39443756786,-1.6675441116365963,-14.576915602738863,1.174624461475227e-29,3.4809008972400306e-28,True,Downregulated,ETS2,v-ets avian erythroblastosis virus E26 oncogene homolog 2,ETS2
220088_at,8.201490172531914,9.86806472193,-1.6665745493980868,-11.372513943284728,2.8111375826697735e-22,4.391514551887204e-21,True,Downregulated,C5AR1,complement component 5a receptor 1,C5AR1
225582_at,7.17479249093617,8.84114207324,-1.6663495823038303,-15.079182485936899,2.550201209358543e-32,9.47272943691703e-31,True,Downregulated,ITPRIP,"inositol 1,4,5-trisphosphate receptor interacting protein",ITPRIP
211000_s_at,7.86834632544681,9.534552250720001,-1.6662059252731911,-13.720473461639632,2.7056057531976803e-30,8.460680874505258e-29,True,Downregulated,IL6ST,interleukin 6 signal transducer,IL6ST
202149_at,11.003259740882976,12.668462255100003,-1.665202514217027,-13.877714117219096,1.7414874028578516e-27,4.2614941515064793e-26,True,Downregulated,NEDD9,"neural precursor cell expressed, developmentally down-regulated 9",NEDD9
205116_at,6.679526136819147,8.34202711086,-1.662500974040853,-12.458580711644757,1.489561399553876e-23,2.5852710369927323e-22,True,Downregulated,LAMA2,"laminin, alpha 2",LAMA2
201621_at,9.059659877553193,10.7219467823,-1.6622869047468072,-10.937455249346465,8.297781873994943e-20,1.0396098203463591e-18,True,Downregulated,NBL1,"neuroblastoma 1, DAN family BMP antagonist",NBL1
200762_at,11.914828433723402,13.575342643199999,-1.660514209476597,-21.177733749023574,5.129326665328832e-43,5.104357766958641e-41,True,Downregulated,DPYSL2,dihydropyrimidinase-like 2,DPYSL2
209815_at,7.597043557297875,9.25708974115,-1.6600461838521259,-12.585526582053811,3.9443700215926396e-25,7.822709660080447e-24,True,Downregulated,PTCH1,patched 1,PTCH1
225020_at,6.150120598148937,7.810019722349998,-1.6598991242010612,-19.926769043459927,1.329219815664605e-47,2.1341318509055655e-45,True,Downregulated,DAB2IP,DAB2 interacting protein,DAB2IP
226198_at,5.832134059861704,7.49140049963,-1.6592664397682961,-19.49125380539443,8.27870506128019e-45,1.0059910464600843e-42,True,Downregulated,TOM1L2,target of myb1-like 2 (chicken),TOM1L2
203060_s_at,11.169127000595743,12.828101988999997,-1.6589749884042533,-18.117577249139472,3.7460067875308446e-37,2.2461841814284727e-35,True,Downregulated,PAPSS2,3'-phosphoadenosine 5'-phosphosulfate synthase 2,PAPSS2
200911_s_at,10.61188913325532,12.2707414976,-1.6588523643446802,-21.330775183117392,1.5538545477014172e-42,1.456021266597011e-40,True,Downregulated,TACC1,"transforming, acidic coiled-coil containing protein 1",TACC1
219247_s_at,5.832023310904254,7.490702280500001,-1.658678969595747,-16.752376793789864,1.1052796594763278e-35,5.683419862771871e-34,True,Downregulated,ZDHHC14,"zinc finger, DHHC-type containing 14",ZDHHC14
201719_s_at,8.296381953531915,9.95356045304,-1.6571784995080847,-18.026555020569486,1.1476229679698237e-36,6.58060223403251e-35,True,Downregulated,EPB41L2,erythrocyte membrane protein band 4.1-like 2,EPB41L2
218850_s_at,4.0558174989787235,5.7127822963899995,-1.656964797411276,-12.36890986113823,4.174151292873135e-26,9.023750057816496e-25,True,Downregulated,LIMD1,LIM domains containing 1,LIMD1
228882_at,3.7710688678404263,5.42637601348,-1.6553071456395734,-12.465201947167209,2.576078327878592e-26,5.650772795402853e-25,True,Downregulated,TUB,tubby bipartite transcription factor,TUB
229580_at,3.166330851297872,4.82158893871,-1.6552580874121277,-10.059051966774103,5.95352252392895e-19,6.90865506951548e-18,True,Downregulated,CLSTN2,calsyntenin 2,CLSTN2
1568768_s_at,2.9953441892553188,4.6504384088599995,-1.6550942196046807,-7.658583857041462,1.7573892467608886e-12,1.0980824584837493e-11,True,Downregulated,BRE-AS1,BRE antisense RNA 1,BRE-AS1
228628_at,7.165763793829787,8.82055849447,-1.6547947006402124,-16.156228280359244,1.3207605674752318e-36,7.50934755626034e-35,True,Downregulated,SRGAP2C,SLIT-ROBO Rho GTPase activating protein 2C,SRGAP2C
241470_x_at,5.937900324914895,7.592407766459998,-1.6545074415451033,-10.167399053615728,5.931993322302414e-18,6.294302482409896e-17,True,Downregulated,RASSF9,Ras association (RalGDS/AF-6) domain family (N-terminal) member 9,RASSF9
209774_x_at,11.775514876585106,13.429991528520002,-1.6544766519348961,-7.957155061875969,1.5951029772857142e-13,1.108882108521254e-12,True,Downregulated,CXCL2,chemokine (C-X-C motif) ligand 2,CXCL2
227233_at,3.389887051255319,5.0439547215900005,-1.6540676703346815,-13.397296764863027,5.93056944690451e-29,1.6450830751480455e-27,True,Downregulated,TSPAN2,tetraspanin 2,TSPAN2
204501_at,4.221845666989361,5.875888827260001,-1.65404316027064,-10.086489044604244,1.9482641914057985e-19,2.3659818875356128e-18,True,Downregulated,NOV,nephroblastoma overexpressed,NOV
207167_at,3.017002697329787,4.670493209049999,-1.653490511720212,-12.590444338723886,5.762839689397128e-25,1.1263084866784663e-23,True,Downregulated,CD101,CD101 molecule,CD101
219243_at,8.628648527053192,10.280068014369999,-1.6514194873168062,-13.003402932437611,8.610271085205316e-26,1.818264784408532e-24,True,Downregulated,GIMAP4,"GTPase, IMAP family member 4",GIMAP4
244650_at,6.490085538393617,8.14074109702,-1.650655558626382,-13.296074308172026,9.95642963557266e-27,2.2836525559868275e-25,True,Downregulated,FAM105A,"family with sequence similarity 105, member A",FAM105A
227099_s_at,11.700319549499998,13.350496527500002,-1.6501769780000046,-12.583899870349953,1.4871215303988021e-25,3.087082926824777e-24,True,Downregulated,C11orf96,chromosome 11 open reading frame 96,C11orf96
218086_at,7.369856702500001,9.01963764622,-1.6497809437199988,-13.818382421348534,1.9443928388197304e-29,5.625665047270469e-28,True,Downregulated,NPDC1,"neural proliferation, differentiation and control, 1",NPDC1
1558643_s_at,2.659953272851064,4.309515015290001,-1.6495617424389364,-10.161470170281468,5.102297051970319e-19,5.950393522057147e-18,True,Downregulated,EDIL3,EGF-like repeats and discoidin I-like domains 3,EDIL3
204174_at,10.100909490670212,11.749976877509996,-1.6490673868397838,-10.691837023288988,2.5279033010052782e-20,3.3235347579533095e-19,True,Downregulated,ALOX5AP,arachidonate 5-lipoxygenase-activating protein,ALOX5AP
201042_at,8.975152976042551,10.623248907450002,-1.6480959314074504,-12.863240805824926,2.0309226162403887e-24,3.78238240433191e-23,True,Downregulated,TGM2,transglutaminase 2,TGM2
202587_s_at,9.432159726329786,11.079543112699998,-1.6473833863702119,-15.910275885894498,1.4652980624947154e-31,5.101134083452477e-30,True,Downregulated,AK1,adenylate kinase 1,AK1
232181_at,4.716858600021278,6.363808015170001,-1.6469494151487227,-14.445393959134757,2.491557369948752e-32,9.274111051907513e-31,True,Downregulated,PPARGC1B,"peroxisome proliferator-activated receptor gamma, coactivator 1 beta",PPARGC1B
209959_at,6.497939447765957,8.14446497519,-1.6465255274240418,-4.8607839934089005,2.424658488063252e-06,7.98265785878497e-06,True,Downregulated,NR4A3,"nuclear receptor subfamily 4, group A, member 3",NR4A3
1553102_a_at,7.236967613287233,8.88278620638,-1.6458185930927671,-14.56353354658715,9.685982729396336e-29,2.6472066416834925e-27,True,Downregulated,CCDC69,coiled-coil domain containing 69,CCDC69
201559_s_at,7.7824082657765965,9.42808544021,-1.645677174433403,-8.943468222359835,4.725871259014907e-16,4.214652819389418e-15,True,Downregulated,CLIC4,chloride intracellular channel 4,CLIC4
209737_at,6.150491401914892,7.79533291552,-1.6448415136051082,-13.5730954726599,1.4908068920298567e-27,3.6731351119889086e-26,True,Downregulated,MAGI2,"membrane associated guanylate kinase, WW and PDZ domain containing 2",MAGI2
219685_at,3.215510395606384,4.85977629131,-1.644265895703616,-9.968664394665497,9.385359754460512e-19,1.0703436512792131e-17,True,Downregulated,TMEM35,transmembrane protein 35,TMEM35
225840_at,5.838299299936171,7.48234635577,-1.6440470558338287,-12.825939299673747,2.468511231499522e-27,5.980691220605104e-26,True,Downregulated,TEF,thyrotrophic embryonic factor,TEF
238914_at,2.495163501648936,4.13706654272,-1.6419030410710644,-13.548813038287856,1.0152686995530738e-25,2.1330954013344385e-24,True,Downregulated,DCC,DCC netrin 1 receptor,DCC
211416_x_at,6.703918202382979,8.345656974590002,-1.641738772207023,-9.580703802888591,1.4719838720446551e-16,1.3699969638656138e-15,True,Downregulated,GGTLC1,gamma-glutamyltransferase light chain 1,GGTLC1
237281_at,3.053246838946808,4.693873829249998,-1.6406269903031903,-5.559836089573278,1.0005898929782029e-07,3.8320797482003437e-07,True,Downregulated,AKAP14,A kinase (PRKA) anchor protein 14,AKAP14
226545_at,7.4382919400425545,9.07866670817,-1.6403747681274448,-10.312507193739965,2.509815421169143e-18,2.757771853789653e-17,True,Downregulated,CD109,CD109 molecule,CD109
236129_at,5.253312365691489,6.8932832147999985,-1.6399708491085097,-9.503133051229195,1.7070716366922373e-16,1.580591410761382e-15,True,Downregulated,GALNT5,polypeptide N-acetylgalactosaminyltransferase 5,GALNT5
209121_x_at,7.745882775202126,9.38497662282,-1.6390938476178736,-15.789628765341481,1.8087724316501102e-34,8.189110606795692e-33,True,Downregulated,NR2F2,"nuclear receptor subfamily 2, group F, member 2",NR2F2
238458_at,5.870616877010638,7.50963496018,-1.6390180831693613,-13.383573643660352,2.1023017387919884e-25,4.299406894397943e-24,True,Downregulated,MICU3,"mitochondrial calcium uptake family, member 3",MICU3
243386_at,5.988206126287233,7.625975362339999,-1.6377692360527663,-9.30573155030968,3.2861960441450825e-16,2.97410971614315e-15,True,Downregulated,CASZ1,castor zinc finger 1,CASZ1
204445_s_at,6.593838783946807,8.23116067934,-1.6373218953931934,-12.425754681476754,2.4098074130693426e-26,5.305521961496016e-25,True,Downregulated,ALOX5,arachidonate 5-lipoxygenase,ALOX5
212567_s_at,6.628911003425532,8.264419374840001,-1.6355083714144687,-20.063200426377875,1.5343710557132355e-44,1.8019144454714428e-42,True,Downregulated,MAP4,microtubule-associated protein 4,MAP4
218346_s_at,7.801656452744681,9.43587198901,-1.6342155362653186,-18.71773186256735,2.762318643966733e-38,1.8618304584510615e-36,True,Downregulated,SESN1,sestrin 1,SESN1
227300_at,6.2968206360106365,7.93087136346,-1.6340507274493632,-8.327014969627456,6.570602077945699e-14,4.743073458118204e-13,True,Downregulated,TMEM119,transmembrane protein 119,TMEM119
203144_s_at,4.795839991106384,6.429685457330001,-1.633845466223617,-17.788808000299866,7.864765516534598e-42,6.934660296267702e-40,True,Downregulated,KIAA0040,KIAA0040,KIAA0040
225177_at,9.327447819702128,10.95973544382,-1.6322876241178719,-13.842196414528704,7.900154168102253e-28,1.9902468013374603e-26,True,Downregulated,RAB11FIP1,RAB11 family interacting protein 1 (class I),RAB11FIP1
211985_s_at,10.236649811297873,11.8685086761,-1.6318588648021262,-19.941373606613183,1.450718571421368e-45,1.9361873221456504e-43,True,Downregulated,CALM1,"calmodulin 1 (phosphorylase kinase, delta) /// calmodulin 2 (phosphorylase kinase, delta) /// calmodulin 3 (phosphorylase kinase, delta)",CALM1
219949_at,2.6306908269361697,4.26031485584,-1.6296240289038302,-13.94972403457996,2.0859855263584702e-28,5.532387451711868e-27,True,Downregulated,LRRC2,leucine rich repeat containing 2,LRRC2
210168_at,3.244543040755318,4.873759901589999,-1.6292168608346809,-6.593446776566703,4.732632645969173e-10,2.3063276206949165e-09,True,Downregulated,C6,complement component 6,C6
235722_at,7.119060323946809,8.747438664779999,-1.6283783408331898,-12.446607991474227,2.965893523275419e-23,5.022781770871904e-22,True,Downregulated,SYNJ2BP,synaptojanin 2 binding protein /// SYNJ2BP-COX16 readthrough,SYNJ2BP
209197_at,5.021494451351064,6.649027579190001,-1.6275331278389373,-12.938460529163402,3.541235478064045e-25,7.064869859909226e-24,True,Downregulated,SYT11,synaptotagmin XI,SYT11
212444_at,10.476743017393618,12.1024517592,-1.6257087418063811,-13.118125212816675,5.896725844324232e-25,1.15163869376479e-23,True,Downregulated,GPRC5A,"G protein-coupled receptor, class C, group 5, member A",GPRC5A
205660_at,5.227670652010639,6.853244444180001,-1.6255737921693623,-9.186204338517864,9.418819460542101e-17,8.90961349814839e-16,True,Downregulated,OASL,2'-5'-oligoadenylate synthetase-like,OASL
225175_s_at,7.609052339031916,9.234389181169998,-1.6253368421380827,-20.87129834940215,2.863023299027148e-51,6.666258491838709e-49,True,Downregulated,SLC44A2,"solute carrier family 44 (choline transporter), member 2",SLC44A2
228905_at,6.516432540542554,8.140073601300001,-1.6236410607574472,-13.685680041849011,7.752071805056254e-28,1.953856298532126e-26,True,Downregulated,PCM1,pericentriolar material 1,PCM1
212188_at,10.657062559680849,12.2799430911,-1.6228805314191508,-17.11528309955584,1.513489121862908e-36,8.55089557862588e-35,True,Downregulated,KCTD12,potassium channel tetramerization domain containing 12,KCTD12
216247_at,3.4237920836702123,5.04633534521,-1.622543261539788,-12.750268997219424,9.778319588815731e-27,2.2456733450215327e-25,True,Downregulated,RPS20,"ribosomal protein S20 /// small nucleolar RNA, C/D box 54",RPS20
236600_at,5.872280449553192,7.494415602639999,-1.6221351530868073,-16.568493917010798,3.5449034031361746e-33,1.42928166747438e-31,True,Downregulated,SPG20,spastic paraplegia 20 (Troyer syndrome),SPG20
212425_at,3.6800812125000006,5.302076587040001,-1.6219953745400004,-16.00140848674318,1.0744887463640675e-35,5.535675451335032e-34,True,Downregulated,SCAMP1,secretory carrier membrane protein 1,SCAMP1
215870_s_at,3.5523819689255327,5.17274811163,-1.620366142704467,-14.962196871158188,5.815057038200044e-34,2.5121980550733136e-32,True,Downregulated,PLA2G5,"phospholipase A2, group V",PLA2G5
227759_at,3.771501333085107,5.391409127539999,-1.6199077944548925,-13.39663843992861,1.9391452336903363e-28,5.158203043485086e-27,True,Downregulated,PCSK9,proprotein convertase subtilisin/kexin type 9,PCSK9
213915_at,6.872084880021277,8.49118975206,-1.619104872038723,-8.668127192678968,5.8653538249474e-15,4.722663485458396e-14,True,Downregulated,NKG7,natural killer cell granule protein 7,NKG7
201557_at,5.746447684989362,7.36475811477,-1.6183104297806379,-15.795878048823925,1.862795466497142e-36,1.0382623519276195e-34,True,Downregulated,VAMP2,vesicle-associated membrane protein 2 (synaptobrevin 2),VAMP2
228370_at,7.342716786574468,8.96083069489,-1.6181139083155314,-12.320350654403684,3.18011952041546e-23,5.368672583963149e-22,True,Downregulated,IPW,"imprinted in Prader-Willi syndrome (non-protein coding) /// uncharacterized LOC101930404 /// Prader Willi/Angelman region RNA, SNRPN neighbor /// small nucleolar RNA, C/D box 107 /// small nucleolar RNA, C/D box 115-13 /// small nucleolar RNA, C/D box 115-26 /// small nucleolar RNA, C/D box 115-7 /// small nucleolar RNA, C/D box 116-22 /// small nucleolar RNA, C/D box 116-28 /// small nucleolar RNA, C/D box 116-4",IPW
1552422_at,3.9132976491595746,5.53002737364,-1.6167297244804257,-18.044335569394768,7.051566831192132e-43,6.921087109169709e-41,True,Downregulated,C10orf25,chromosome 10 open reading frame 25,C10orf25
207980_s_at,9.396494817659574,11.01307837208,-1.6165835544204263,-11.901525229933576,4.457863796871196e-24,8.070368972686441e-23,True,Downregulated,CITED2,"Cbp/p300-interacting transactivator, with Glu/Asp-rich carboxy-terminal domain, 2",CITED2
241436_at,7.121436620425533,8.73677950344,-1.615342883014466,-8.191286015439315,4.802591305292172e-13,3.173758151449131e-12,True,Downregulated,SCNN1G,"sodium channel, non-voltage-gated 1, gamma subunit",SCNN1G
238488_at,5.004911734010639,6.619425371730001,-1.6145136377193623,-10.071142104584252,2.0736358574679408e-19,2.5102988572984617e-18,True,Downregulated,IPO11,importin 11 /// leucine rich repeat containing 70,IPO11
212092_at,5.457291597574468,7.071713180839998,-1.6144215832655302,-6.128665668382049,9.08294821978919e-09,3.894264272216671e-08,True,Downregulated,PEG10,paternally expressed 10,PEG10
206710_s_at,7.294794839223403,8.90804019403,-1.6132453548065975,-9.846258912410208,3.298941061984717e-17,3.2635064182437e-16,True,Downregulated,EPB41L3,erythrocyte membrane protein band 4.1-like 3,EPB41L3
203329_at,8.380457582159572,9.99321430666,-1.6127567245004286,-18.96458877781735,8.083781023826103e-39,5.67616509330954e-37,True,Downregulated,PTPRM,"protein tyrosine phosphatase, receptor type, M",PTPRM
201040_at,9.18108305130851,10.792827544160001,-1.611744492851491,-16.815923981262895,5.3596262625852554e-36,2.848546029243187e-34,True,Downregulated,GNAI2,"guanine nucleotide binding protein (G protein), alpha inhibiting activity polypeptide 2",GNAI2
1556003_a_at,3.4142852344468086,5.02587353317,-1.6115882987231918,-5.253448684273949,4.3402627520840633e-07,1.5527828414500027e-06,True,Downregulated,LOC101928817,uncharacterized LOC101928817,LOC101928817
203592_s_at,5.879774117765956,7.490133524729999,-1.6103594069640428,-11.556918995627312,4.1636686213241776e-23,6.965694571276585e-22,True,Downregulated,FSTL3,follistatin-like 3 (secreted glycoprotein),FSTL3
241114_s_at,4.327892311914893,5.93814331766,-1.6102510057451065,-13.919350701937125,1.5027585231233666e-29,4.411974340868635e-28,True,Downregulated,ACAA2,acetyl-CoA acyltransferase 2,ACAA2
229976_at,3.5325785410425525,5.142612047890001,-1.6100335068474485,-6.104228860278974,6.474270854328089e-09,2.8159884535896052e-08,True,Downregulated,MORN5,MORN repeat containing 5,MORN5
201957_at,7.201940840957447,8.81159397203,-1.6096531310725526,-13.277566381085771,2.4545343470231086e-27,5.94950808422645e-26,True,Downregulated,PPP1R12B,"protein phosphatase 1, regulatory subunit 12B",PPP1R12B
228174_at,6.71179608762766,8.321309374839998,-1.609513287212338,-14.668540721627767,1.4715707209516581e-30,4.716919117825142e-29,True,Downregulated,SCAI,suppressor of cancer cell invasion,SCAI
226152_at,7.164672910606382,8.77388622321,-1.609213312603619,-15.552339077376736,7.243639842267358e-31,2.3742011734076302e-29,True,Downregulated,TTC7B,tetratricopeptide repeat domain 7B,TTC7B
213058_at,7.2755110949468085,8.88459579297,-1.6090846980231914,-16.55953342992375,1.259260588730232e-36,7.174850638288587e-35,True,Downregulated,TTC28,tetratricopeptide repeat domain 28,TTC28
213436_at,4.660186271223403,6.2691469037,-1.608960632476597,-8.87164176704729,1.3174099778879753e-15,1.1283154947560929e-14,True,Downregulated,CNR1,cannabinoid receptor 1 (brain),CNR1
231031_at,3.24694650656383,4.8551098326,-1.6081633260361703,-13.818998726246159,2.0490954878703552e-29,5.906358516109053e-28,True,Downregulated,KGFLP2,keratinocyte growth factor-like protein 2,KGFLP2
202723_s_at,7.106127851265956,8.713892518529999,-1.6077646672640427,-11.770315952335016,1.1019795536553913e-21,1.624338970065058e-20,True,Downregulated,FOXO1,forkhead box O1,FOXO1
239776_at,2.998994111191489,4.606578744329999,-1.6075846331385102,-6.88338631674832,1.1521663316916415e-10,5.99269106627663e-10,True,Downregulated,TMEM232,transmembrane protein 232,TMEM232
217757_at,12.940082626042555,14.547564962300001,-1.607482336257446,-18.193073166004616,5.813129489905945e-34,2.5121980550733136e-32,True,Downregulated,A2M,alpha-2-macroglobulin,A2M
219654_at,7.009515024712765,8.616956852280001,-1.6074418275672366,-8.527000153884158,1.267864484705385e-13,8.895559506178429e-13,True,Downregulated,PTPLA,"protein tyrosine phosphatase-like (proline instead of catalytic arginine), member A",PTPLA
203006_at,8.6347849663617,10.241198872,-1.6064139056383002,-22.584247953056863,1.4588039884341625e-52,3.848916456345219e-50,True,Downregulated,INPP5A,"inositol polyphosphate-5-phosphatase, 40kDa",INPP5A
208958_at,4.7820220517872345,6.38640883744,-1.6043867856527658,-17.599644078902596,8.240817004906099e-42,7.242493193233325e-40,True,Downregulated,ERP44,endoplasmic reticulum protein 44,ERP44
206756_at,4.78614298962766,6.390469738480001,-1.6043267488523414,-12.238008810635465,5.216494520321234e-24,9.405778554140057e-23,True,Downregulated,CHST7,carbohydrate (N-acetylglucosamine 6-O) sulfotransferase 7,CHST7
241703_at,3.5484731550744675,5.152435125129999,-1.6039619700555319,-6.956038443738508,8.442890374817364e-11,4.459922428795195e-10,True,Downregulated,RUNDC3B,RUN domain containing 3B,RUNDC3B
209683_at,7.104414216478724,8.708184051970001,-1.6037698354912768,-16.795367632253093,8.845626314266737e-35,4.137137886427398e-33,True,Downregulated,FAM49A,"family with sequence similarity 49, member A",FAM49A
209621_s_at,7.946017689106383,9.547420608469999,-1.6014029193636157,-8.718894454353263,1.1553482708141317e-14,9.033516803897207e-14,True,Downregulated,PDLIM3,PDZ and LIM domain 3,PDLIM3
228444_at,5.977398298957446,7.577635030400001,-1.6002367314425543,-13.999686906888703,3.019535613423686e-29,8.59760415582882e-28,True,Downregulated,ARRB1,"arrestin, beta 1",ARRB1
231887_s_at,4.084586202,5.684769693010001,-1.600183491010001,-15.323054009069093,3.936774380222795e-35,1.909317825199849e-33,True,Downregulated,PALD1,"phosphatase domain containing, paladin 1",PALD1
222217_s_at,7.407161584212766,9.007328782920002,-1.6001671987072363,-13.795102809452095,2.0600076859325458e-27,5.020370339627001e-26,True,Downregulated,SLC27A3,"solute carrier family 27 (fatty acid transporter), member 3",SLC27A3
238066_at,4.920942206893618,6.51881950788,-1.597877300986382,-8.364051489426814,2.6336063774012735e-14,1.980304104779881e-13,True,Downregulated,RBP7,"retinol binding protein 7, cellular",RBP7
210139_s_at,11.133884201042552,12.7305110972,-1.5966268961574492,-16.543768903042128,6.876580122055842e-32,2.4575663684046215e-30,True,Downregulated,PMP22,peripheral myelin protein 22,PMP22
220005_at,5.3815786736914895,6.9776256211100005,-1.596046947418511,-9.396374588590975,1.2265229132019098e-16,1.1488986661351084e-15,True,Downregulated,P2RY13,"purinergic receptor P2Y, G-protein coupled, 13",P2RY13
237400_at,6.269047809617021,7.86496284426,-1.595915034642979,-14.655943018881528,3.578757886029637e-30,1.1075205503911972e-28,True,Downregulated,RP11-247L20.4,,RP11-247L20.4
204497_at,7.56924719624468,9.16436450936,-1.5951173131153205,-13.89818179945526,1.6934253813971672e-26,3.793526762341859e-25,True,Downregulated,ADCY9,adenylate cyclase 9,ADCY9
1553681_a_at,4.679871912957446,6.27417090985,-1.5942989968925536,-9.895736117766715,1.5356881066906661e-18,1.7208025105513368e-17,True,Downregulated,PRF1,perforin 1 (pore forming protein),PRF1
208370_s_at,10.062950722425532,11.656033823400001,-1.5930831009744697,-12.56198398917378,2.0260327581100062e-26,4.499264984628604e-25,True,Downregulated,RCAN1,regulator of calcineurin 1,RCAN1
225372_at,2.988682559319149,4.581655817290001,-1.5929732579708515,-20.024065213234547,7.509811865313725e-46,1.0306841027776851e-43,True,Downregulated,C10orf54,chromosome 10 open reading frame 54,C10orf54
202687_s_at,10.510940669457446,12.10318035347,-1.5922396840125543,-11.25745928685649,2.8872063227618024e-22,4.5051139911826605e-21,True,Downregulated,TNFSF10,"tumor necrosis factor (ligand) superfamily, member 10",TNFSF10
222571_at,5.486805775542553,7.078493935789998,-1.591688160247445,-19.490177399027544,7.451286586213984e-42,6.591692439574101e-40,True,Downregulated,ST6GALNAC6,"ST6 (alpha-N-acetyl-neuraminyl-2,3-beta-galactosyl-1,3)-N-acetylgalactosaminide alpha-2,6-sialyltransferase 6",ST6GALNAC6
1562371_s_at,3.312936553319149,4.90217977298,-1.5892432196608515,-5.629228055212772,7.801210059330247e-08,3.0249865492836617e-07,True,Downregulated,VWA3B,von Willebrand factor A domain containing 3B,VWA3B
232095_at,6.943074634861702,8.53222684745,-1.5891522125882975,-16.51581801161928,4.6112690332034255e-38,3.039481816420091e-36,True,Downregulated,SRGAP2B,/// SLIT-ROBO Rho GTPase activating protein 2C ///,SRGAP2B
205079_s_at,6.426300701914893,8.01488679866,-1.5885860967451064,-15.045425000318971,8.843531011034344e-32,3.1396578149141467e-30,True,Downregulated,MPDZ,multiple PDZ domain protein,MPDZ
225380_at,6.440432276351063,8.028982093289999,-1.5885498169389356,-10.378118123180887,1.4252848681784446e-19,1.7502368018229637e-18,True,Downregulated,PKDCC,"protein kinase domain containing, cytoplasmic",PKDCC
204803_s_at,8.917227357734042,10.50559482397,-1.5883674662359581,-8.566147262956514,6.3491265852674575e-15,5.090089767703018e-14,True,Downregulated,RRAD,Ras-related associated with diabetes,RRAD
218251_at,7.554315589819149,9.141990166320001,-1.5876745765008522,-13.96608442961516,1.2809231862158362e-30,4.119885755783696e-29,True,Downregulated,MID1IP1,MID1 interacting protein 1,MID1IP1
227945_at,4.792709633893616,6.380277511920001,-1.5875678780263849,-15.658735120226885,1.5116009004849646e-33,6.292304276872916e-32,True,Downregulated,TBC1D1,"TBC1 (tre-2/USP6, BUB2, cdc16) domain family, member 1",TBC1D1
213791_at,4.5910923611382985,6.178523061140001,-1.5874307000017023,-6.387521392531743,2.335415807529695e-09,1.0602909987658662e-08,True,Downregulated,PENK,proenkephalin,PENK
235708_at,2.8166550738829796,4.40399949883,-1.5873444249470205,-7.880138449424363,2.4587532747023483e-13,1.6759156460922634e-12,True,Downregulated,KLB,klotho beta,KLB
243843_at,3.2966120485638295,4.88335809902,-1.5867460504561701,-18.59459085889047,1.956523124891327e-44,2.267964499900968e-42,True,Downregulated,N4BP2L1,NEDD4 binding protein 2-like 1,N4BP2L1
214370_at,3.9643391877978726,5.55105287746,-1.5867136896621274,-7.9911348474084,1.8481792770586513e-13,1.2760740769688912e-12,True,Downregulated,S100A8,S100 calcium binding protein A8,S100A8
214770_at,8.070413301734044,9.65695121729,-1.5865379155559562,-10.728176220144347,2.1390716316326608e-20,2.8254446654959306e-19,True,Downregulated,MSR1,macrophage scavenger receptor 1,MSR1
239477_at,2.9977505339787234,4.58262352862,-1.5848729946412767,-7.029835614661702,5.234737394606064e-11,2.824027938879456e-10,True,Downregulated,EFHB,"EF-hand domain family, member B",EFHB
201904_s_at,7.18152138937234,8.766087593770001,-1.5845662043976612,-17.475447402281286,9.469668653433647e-39,6.640620576187511e-37,True,Downregulated,CTDSPL,"CTD (carboxy-terminal domain, RNA polymerase II, polypeptide A) small phosphatase-like",CTDSPL
1556158_at,3.221628596925532,4.80597485371,-1.5843462567844684,-6.172956331615334,5.253968553808965e-09,2.3045991896523323e-08,True,Downregulated,FAM154B,"family with sequence similarity 154, member B",FAM154B
204467_s_at,3.7044596974999995,5.28535511746,-1.5808954199600005,-16.198471779468306,9.144230302193675e-38,5.813611950754006e-36,True,Downregulated,SNCA,"synuclein, alpha (non A4 component of amyloid precursor)",SNCA
237058_x_at,3.230999312202128,4.81072630653,-1.5797269943278724,-12.364805276199846,5.926571912889301e-26,1.2669578573396818e-24,True,Downregulated,SLC6A13,"solute carrier family 6 (neurotransmitter transporter), member 13",SLC6A13
213496_at,4.514620876074468,6.09356948901,-1.5789486129355321,-7.882199371166745,2.9719091538955533e-13,2.007372921655485e-12,True,Downregulated,LPPR4,lipid phosphate phosphatase-related protein type 4,LPPR4
210073_at,5.1821611570212776,6.761049455249999,-1.5788882982287218,-11.344721482384474,8.385522625984899e-22,1.248335787326941e-20,True,Downregulated,ST8SIA1,"ST8 alpha-N-acetyl-neuraminide alpha-2,8-sialyltransferase 1",ST8SIA1
215617_at,5.420151200925532,6.998366577589999,-1.5782153766644669,-11.71570938474089,1.2124349238874563e-22,1.9466276064540516e-21,True,Downregulated,SPATS2L,"spermatogenesis associated, serine-rich 2-like",SPATS2L
209946_at,6.2518870251063845,7.829241864740001,-1.5773548396336166,-10.740803705345419,8.255680107316009e-20,1.0345759791521408e-18,True,Downregulated,VEGFC,vascular endothelial growth factor C,VEGFC
218999_at,7.195086587010641,8.77228790835,-1.5772013213393592,-13.667143646169015,7.187606161072246e-28,1.8166944782868037e-26,True,Downregulated,TMEM140,transmembrane protein 140,TMEM140
228346_at,4.96772818269149,6.54476718746,-1.57703900476851,-11.686323246322416,1.087293867050338e-23,1.9086549586543564e-22,True,Downregulated,ZNF844,zinc finger protein 844,ZNF844
232166_at,4.708683922404255,6.28465969107,-1.575975768665745,-10.515183205149047,1.3561537090255568e-20,1.8290392024485605e-19,True,Downregulated,KIAA1377,KIAA1377,KIAA1377
204681_s_at,8.575863191212765,10.15093051914,-1.5750673279272345,-15.891099963041771,8.321353859779709e-36,4.32019631951845e-34,True,Downregulated,RAPGEF5,Rap guanine nucleotide exchange factor (GEF) 5,RAPGEF5
1556427_s_at,3.3997741788829785,4.973476205219999,-1.5737020263370205,-10.745050735087812,2.3620745088642887e-21,3.3833965255332793e-20,True,Downregulated,LRRN4CL,LRRN4 C-terminal like,LRRN4CL
235556_at,6.290483781968087,7.862653914669998,-1.5721701327019115,-16.955794986677834,8.00435194535173e-36,4.1757718111802925e-34,True,Downregulated,CREBRF,CREB3 regulatory factor,CREBRF
214724_at,7.604014278425532,9.175928900599999,-1.571914622174467,-18.004784782616387,5.578837293946788e-41,4.6449433853285134e-39,True,Downregulated,DIXDC1,DIX domain containing 1,DIXDC1
227838_at,4.267478561340425,5.839008337,-1.5715297756595747,-12.505423441010926,3.911232874104702e-24,7.114290543341073e-23,True,Downregulated,UNC5C,unc-5 homolog C (C. elegans),UNC5C
223063_at,10.298197430936169,11.86942396992,-1.5712265389838311,-18.67564319319068,1.0461943874033164e-44,1.2504580293527726e-42,True,Downregulated,C1orf198,chromosome 1 open reading frame 198,C1orf198
217143_s_at,4.42886637025532,5.999282733409999,-1.5704163631546795,-7.255444797316065,1.3190308785137554e-11,7.553811204401709e-11,True,Downregulated,TCRDV2,SubName: Full=cDNA FLJ52034; /// RecName: Full=T-cell receptor delta chain C region; ///  /// YME1-like 1 ATPase,TCRDV2
223657_at,5.143161679574468,6.7132686955,-1.5701070159255321,-13.824296665138087,1.5706286949763219e-30,5.0194792030895096e-29,True,Downregulated,FAM167B,"family with sequence similarity 167, member B",FAM167B
213006_at,7.55331614356383,9.12160479881,-1.568288655246171,-11.167961491688036,7.3557841597871765e-22,1.102977995032933e-20,True,Downregulated,CEBPD,"CCAAT/enhancer binding protein (C/EBP), delta",CEBPD
235320_at,5.991622957308511,7.55990326494,-1.5682803076314888,-13.752592188005162,7.092713769915392e-28,1.7935529046952012e-26,True,Downregulated,ARL6,ADP-ribosylation factor-like 6,ARL6
209830_s_at,3.6412000579893613,5.20880372611,-1.567603668120639,-10.814393583648993,8.031867232385412e-21,1.1020459463292902e-19,True,Downregulated,SLC9A3R2,"solute carrier family 9, subfamily A (NHE3, cation proton antiporter 3), member 3 regulator 2",SLC9A3R2
228096_at,3.9457994985638303,5.512994127449999,-1.5671946288861687,-17.376176318900104,1.6474288300585232e-40,1.308842053966436e-38,True,Downregulated,MINOS1,mitochondrial inner membrane organizing system 1,MINOS1
241791_at,3.6237747570957444,5.19034340067,-1.5665686435742554,-10.085141532425016,1.1039220523658736e-18,1.2510651392446455e-17,True,Downregulated,TTN,titin,TTN
227458_at,6.618953715053191,8.182961696979998,-1.5640079819268067,-8.297901478480673,9.356296745390103e-14,6.650426546155043e-13,True,Downregulated,CD274,CD274 molecule,CD274
225474_at,7.307450508829787,8.87130419171,-1.5638536828802119,-14.357570940982107,1.045757391469798e-28,2.8436353416377428e-27,True,Downregulated,MAGI1,"membrane associated guanylate kinase, WW and PDZ domain containing 1",MAGI1
226656_at,7.490784072478722,9.05454066947,-1.5637565969912783,-22.729010267348688,8.072822728389374e-54,2.6315445046615203e-51,True,Downregulated,CRTAP,cartilage associated protein,CRTAP
223609_at,2.8444972806914897,4.407696801669999,-1.5631995209785097,-6.5684437012099215,6.148246697770078e-10,2.962902937785695e-09,True,Downregulated,ROPN1L,rhophilin associated tail protein 1-like,ROPN1L
1553171_x_at,5.257304738648936,6.8183207026,-1.5610159639510641,-5.697484809803886,8.958058098888337e-08,3.448208064888056e-07,True,Downregulated,LRRN4,leucine rich repeat neuronal 4,LRRN4
242523_at,3.944703019968085,5.50546409587,-1.5607610759019148,-16.281713525265708,5.353196584574119e-38,3.502761940363791e-36,True,Downregulated,LINC00938,long intergenic non-protein coding RNA 938,LINC00938
229485_x_at,5.796066864787234,7.35640700037,-1.5603401355827655,-5.724048088906588,8.003951577562081e-08,3.0989097289861366e-07,True,Downregulated,SHISA3,shisa family member 3,SHISA3
226183_at,5.849222959744679,7.409070420830001,-1.5598474610853215,-15.404613619806456,6.703535953626021e-33,2.633720853190133e-31,True,Downregulated,GSK3B,glycogen synthase kinase 3 beta,GSK3B
235427_at,7.518367748851066,9.07815800884,-1.559790259988933,-16.126701240907693,1.317213305146495e-32,5.031792246492144e-31,True,Downregulated,CFLAR,CASP8 and FADD-like apoptosis regulator,CFLAR
227620_at,7.411112721989362,8.97029996575,-1.559187243760638,-18.147266236954675,1.6378605342324758e-42,1.529409143997013e-40,True,Downregulated,SLC44A1,"solute carrier family 44 (choline transporter), member 1",SLC44A1
209101_at,11.254910927425533,12.811992044569998,-1.557081117144465,-11.64737076687246,6.882834576382516e-23,1.1314185223878667e-21,True,Downregulated,CTGF,connective tissue growth factor,CTGF
221867_at,5.385187387829786,6.942246995140001,-1.5570596073102152,-15.869486459881363,1.6463579906296618e-35,8.2603554929111e-34,True,Downregulated,N4BP1,NEDD4 binding protein 1,N4BP1
225163_at,6.602624453234044,8.15942889145,-1.5568044382159565,-14.560816025764844,3.860276799198285e-29,1.0882015090234745e-27,True,Downregulated,FRMD4A,FERM domain containing 4A,FRMD4A
227613_at,7.214563717840426,8.77109247246,-1.5565287546195732,-10.833198606098907,2.0272504454591644e-21,2.9185677853176285e-20,True,Downregulated,ZNF331,zinc finger protein 331,ZNF331
218918_at,6.06090571543617,7.617345682340001,-1.556439966903831,-12.762478866150781,1.2349586646456165e-24,2.3462905947237417e-23,True,Downregulated,MAN1C1,"mannosidase, alpha, class 1C, member 1",MAN1C1
37005_at,8.888812608659576,10.443983466930003,-1.5551708582704276,-10.352610251003014,2.2911446305098376e-18,2.5262711171915156e-17,True,Downregulated,MINOS1-NBL1,"MINOS1-NBL1 readthrough /// neuroblastoma 1, DAN family BMP antagonist",MINOS1-NBL1
229004_at,2.8436925004361697,4.39885043609,-1.5551579356538303,-11.992024479711578,3.2418486444261948e-24,5.938898882462784e-23,True,Downregulated,ADAMTS15,"ADAM metallopeptidase with thrombospondin type 1 motif, 15",ADAMTS15
1552275_s_at,5.400022313287234,6.954514080990001,-1.5544917677027668,-12.274090680862589,7.7030046155482465e-25,1.4860609980339956e-23,True,Downregulated,PXK,PX domain containing serine/threonine kinase,PXK
226905_at,8.304068335968084,9.858335644799999,-1.554267308831914,-14.202083088142937,8.035399455260095e-31,2.6225242421154093e-29,True,Downregulated,FAM101B,"family with sequence similarity 101, member B",FAM101B
244779_at,5.084099531723405,6.63785464028,-1.5537551085565946,-9.851723842543649,4.411130191522154e-17,4.311354784382805e-16,True,Downregulated,ZDHHC2,"zinc finger, DHHC-type containing 2",ZDHHC2
218804_at,5.899125690010639,7.45109304154,-1.5519673515293615,-7.340389528958077,1.5185935476533065e-11,8.646032873301656e-11,True,Downregulated,ANO1,"anoctamin 1, calcium activated chloride channel",ANO1
1552594_at,4.002489496191489,5.55299445211,-1.5505049559185107,-5.8317555161405155,2.9785822997227548e-08,1.2096498608644524e-07,True,Downregulated,TMEM190,transmembrane protein 190,TMEM190
235852_at,3.4600896683297875,5.008055981579999,-1.5479663132502117,-10.85372629368308,1.112137492953013e-21,1.638833621807418e-20,True,Downregulated,STON2,stonin 2,STON2
236035_at,5.22365359643617,6.771538247710001,-1.5478846512738302,-9.95738080850144,4.2882266672464816e-18,4.609243795454022e-17,True,Downregulated,FZD1,frizzled class receptor 1,FZD1
217781_s_at,8.050294187223406,9.59765744676,-1.5473632595365938,-19.900199923820896,6.247602129559616e-41,5.185702594760702e-39,True,Downregulated,ZNF106,zinc finger protein 106,ZNF106
219338_s_at,5.339804485946808,6.885452408970001,-1.5456479230231928,-12.71637668589159,9.593818771255164e-27,2.2042423598066224e-25,True,Downregulated,LRRC49,leucine rich repeat containing 49,LRRC49
203803_at,9.51821273193617,11.06320812154,-1.5449953896038302,-16.245038804086153,1.9929974703188504e-37,1.229304609387267e-35,True,Downregulated,PCYOX1,prenylcysteine oxidase 1,PCYOX1
230600_at,3.47751289161702,5.021895440730001,-1.5443825491129806,-6.760534570964641,2.213839944300183e-10,1.1178520019163505e-09,True,Downregulated,LRRC46,leucine rich repeat containing 46,LRRC46
228977_at,7.208394055010639,8.75203190607,-1.5436378510593611,-8.882157331255275,3.729785389887585e-15,3.063687186629408e-14,True,Downregulated,LOC729680,uncharacterized LOC729680,LOC729680
239064_at,4.229169624638297,5.772430230099999,-1.5432606054617013,-15.337930238979025,3.4336764322028986e-34,1.5212827066100915e-32,True,Downregulated,RP11-378A13.1,,RP11-378A13.1
1553043_a_at,7.031443110138297,8.572772336379998,-1.541329226241701,-10.823663268855507,1.1984473648623901e-20,1.6228522146648667e-19,True,Downregulated,CD300LF,CD300 molecule-like family member f,CD300LF
202910_s_at,8.830734670106382,10.370990608660001,-1.540255938553619,-15.781463116206817,3.920401338154999e-32,1.4373735949148246e-30,True,Downregulated,CD97,CD97 molecule,CD97
204513_s_at,5.418827315840426,6.958712155249999,-1.5398848394095728,-12.45678758195337,2.7209230241181105e-24,5.005046709138738e-23,True,Downregulated,ELMO1,engulfment and cell motility 1,ELMO1
227401_at,3.5495785075,5.08790158,-1.5383230724999994,-13.275924390334842,4.143352616311092e-28,1.0667992523739033e-26,True,Downregulated,IL17D,interleukin 17D,IL17D
203185_at,7.850530756425532,9.38850958016,-1.5379788237344671,-14.102758342598353,1.8080595834751005e-28,4.821432461913325e-27,True,Downregulated,RASSF2,Ras association (RalGDS/AF-6) domain family member 2,RASSF2
204742_s_at,5.843440089659575,7.379833745319998,-1.5363936556604232,-17.43851276168223,1.1461825185820017e-38,7.985566443581805e-37,True,Downregulated,PDS5B,"PDS5, regulator of cohesion maintenance, homolog B (S. cerevisiae)",PDS5B
225627_s_at,7.85708939789362,9.392723736389998,-1.5356343384963784,-8.404954823364791,2.027534868778243e-13,1.3940047354225563e-12,True,Downregulated,CACHD1,cache domain containing 1,CACHD1
203254_s_at,7.624309150680849,9.15985777671,-1.5355486260291507,-14.047192434682488,2.712098301055477e-31,9.220791354018324e-30,True,Downregulated,TLN1,talin 1,TLN1
213841_at,2.276541591882979,3.8095534381099996,-1.5330118462270206,-8.169368139026538,8.980279491942699e-13,5.770768372205854e-12,True,Downregulated,TNR,tenascin R,TNR
202350_s_at,7.4042248229468095,8.936872525810001,-1.5326477028631915,-7.927076666322276,1.1828398836721853e-12,7.495314088500491e-12,True,Downregulated,LOC100506558,uncharacterized LOC100506558 /// matrilin 2,LOC100506558
238625_at,4.7867477388936175,6.318956297319999,-1.5322085584263814,-6.638268799371194,4.374252345414168e-10,2.140017615521616e-09,True,Downregulated,C1orf168,chromosome 1 open reading frame 168,C1orf168
209795_at,8.83939068125532,10.371501678640001,-1.532110997384681,-8.296117811258837,3.300922156693614e-14,2.4570080143914024e-13,True,Downregulated,CD69,CD69 molecule,CD69
204749_at,5.817091950287235,7.348876506310001,-1.5317845560227656,-9.378656208678105,4.0175000858813907e-16,3.609843962900375e-15,True,Downregulated,NAP1L3,nucleosome assembly protein 1-like 3,NAP1L3
225665_at,9.652403437829788,11.184073811299998,-1.5316703734702095,-16.488254540497227,1.3833593329790435e-33,5.78130264829921e-32,True,Downregulated,ZAK,sterile alpha motif and leucine zipper containing kinase AZK,ZAK
204790_at,7.459526838404256,8.988255680169999,-1.5287288417657434,-15.404445982755249,1.5425467513679519e-34,7.055052684445295e-33,True,Downregulated,SMAD7,SMAD family member 7,SMAD7
232424_at,5.9174024480957454,7.445793421559999,-1.5283909734642531,-6.971796174534801,2.5049890677376764e-10,1.257544726501201e-09,True,Downregulated,PRDM16,PR domain containing 16,PRDM16
207455_at,2.802226075170213,4.329539712450001,-1.527313637279788,-12.375535248415085,1.8857683560284878e-22,2.9779194596990088e-21,True,Downregulated,P2RY1,"purinergic receptor P2Y, G-protein coupled, 1",P2RY1
226682_at,8.701828834074469,10.229097913309998,-1.5272690792355288,-16.78149831204699,1.5659951336634764e-35,7.89396572251394e-34,True,Downregulated,RORA,RAR-related orphan receptor A,RORA
225162_at,9.507774839031915,11.030960872749999,-1.5231860337180834,-18.303670633885307,2.5462983245162156e-40,1.981985552567716e-38,True,Downregulated,SH3D19,SH3 domain containing 19,SH3D19
227084_at,5.440173175478724,6.96325859187,-1.5230854163912761,-8.446333422505068,1.4719622467437908e-13,1.0264613173001624e-12,True,Downregulated,DTNA,"dystrobrevin, alpha",DTNA
228094_at,7.6673470845531915,9.19014989002,-1.5228028054668092,-12.171577152311253,1.841967154269736e-23,3.17233574638335e-22,True,Downregulated,AMICA1,"adhesion molecule, interacts with CXADR antigen 1",AMICA1
217856_at,4.836030686989362,6.357233107940001,-1.5212024209506385,-10.873398830144845,6.130134638839454e-21,8.491096751678276e-20,True,Downregulated,RBM8A,RNA binding motif protein 8A,RBM8A
222146_s_at,9.17483881982979,10.69492444267,-1.5200856228402113,-15.807628306426965,1.6140373922300604e-32,6.117872810323187e-31,True,Downregulated,TCF4,transcription factor 4,TCF4
227692_at,8.528450178957447,10.048088896069999,-1.5196387171125512,-11.184136956046848,4.967143243931483e-20,6.365565082632802e-19,True,Downregulated,GNAI1,"guanine nucleotide binding protein (G protein), alpha inhibiting activity polypeptide 1",GNAI1
223343_at,10.348296248957446,11.867113212300001,-1.5188169633425552,-12.754403862685038,4.0266607845757444e-26,8.711905750570837e-25,True,Downregulated,MS4A7,"membrane-spanning 4-domains, subfamily A, member 7",MS4A7
228532_at,8.094971492648936,9.61212067559,-1.5171491829410648,-13.332718599820966,5.069987954288654e-27,1.1908051183815264e-25,True,Downregulated,C1orf162,chromosome 1 open reading frame 162,C1orf162
220156_at,2.7476240136808507,4.26414868738,-1.516524673699149,-6.74378758017399,2.696490494515218e-10,1.348270314567217e-09,True,Downregulated,EFCAB1,EF-hand calcium binding domain 1,EFCAB1
209696_at,9.001811975744682,10.51699963431,-1.5151876585653188,-10.85290095044736,8.095491113613643e-21,1.1099262937466822e-19,True,Downregulated,FBP1,"fructose-1,6-bisphosphatase 1",FBP1
227769_at,6.037773771117021,7.549583747219999,-1.5118099761029775,-6.6010818144847,1.2585863886770482e-09,5.890048507907745e-09,True,Downregulated,GPR27,G protein-coupled receptor 27,GPR27
208096_s_at,7.944125455999999,9.455219727749999,-1.5110942717499993,-8.186694150435795,3.9692241848001446e-13,2.645788722315784e-12,True,Downregulated,COL21A1,"collagen, type XXI, alpha 1",COL21A1
228243_at,5.2399421097021275,6.749953161670001,-1.510011051967873,-14.832747195725059,2.49944568508252e-30,7.834218276098393e-29,True,Downregulated,RP11-5C23.1,,RP11-5C23.1
1569095_at,2.9499200036170214,4.459632750070001,-1.5097127464529794,-10.764232229683627,1.1712474333987565e-20,1.587218807074465e-19,True,Downregulated,LOC731424,uncharacterized LOC731424,LOC731424
241365_at,5.422181398521276,6.93097694271,-1.5087955441887244,-12.11999018608607,1.5056990182956613e-22,2.396036667777301e-21,True,Downregulated,SATB1,SATB homeobox 1,SATB1
210738_s_at,3.5889740572872344,5.095805872370001,-1.5068318150827662,-7.911954812297943,2.0425504373082883e-13,1.4032522393800434e-12,True,Downregulated,SLC4A4,"solute carrier family 4 (sodium bicarbonate cotransporter), member 4",SLC4A4
210174_at,3.2465223524361706,4.750422329839999,-1.5038999774038286,-9.242515929841387,6.767154994262122e-17,6.5007715399425335e-16,True,Downregulated,NR5A2,"nuclear receptor subfamily 5, group A, member 2",NR5A2
1569956_at,2.307706690691489,3.81075180109,-1.503045110398511,-16.743459736226445,2.4539763427163555e-33,1.0060180759858375e-31,True,Downregulated,MYLK,myosin light chain kinase,MYLK
238554_at,4.584937847021277,6.087718095730001,-1.5027802487087234,-18.79091031744413,2.433992333928768e-39,1.7619745850968065e-37,True,Downregulated,CYB5B,cytochrome b5 type B (outer mitochondrial membrane),CYB5B
208634_s_at,10.840787233191488,12.343255695699998,-1.50246846250851,-17.61202132356466,1.2294439207216921e-39,9.033725508188105e-38,True,Downregulated,MACF1,microtubule-actin crosslinking factor 1,MACF1
205933_at,6.2583597233404245,7.760221936760001,-1.5018622134195763,-12.061451082329476,7.617986360871402e-24,1.3536207942049198e-22,True,Downregulated,SETBP1,SET binding protein 1,SETBP1
336_at,2.816860281095745,4.31840841635,-1.5015481352542546,-14.19817457908192,1.4123260295830883e-29,4.160096814192551e-28,True,Downregulated,TBXA2R,thromboxane A2 receptor,TBXA2R
231015_at,6.423811980117023,7.92435952904,-1.5005475489229774,-14.167742844806853,2.0792198256916135e-30,6.562964644639033e-29,True,Downregulated,KLF15,Kruppel-like factor 15,KLF15
238459_x_at,3.489556197595745,4.98956138444,-1.500005186844255,-11.881259831990466,1.1443703728313075e-24,2.1780291887156655e-23,True,Downregulated,SPATA6,spermatogenesis associated 6,SPATA6
219106_s_at,2.7764168369893616,4.27568451458,-1.4992676775906384,-11.322907448239487,8.173405477399063e-22,1.2197968562913041e-20,True,Downregulated,KLHL41,kelch-like family member 41,KLHL41
231084_at,4.105218341127659,5.60398639287,-1.4987680517423412,-4.864158792922552,2.4959877083642244e-06,8.20594100746199e-06,True,Downregulated,WDR96,WD repeat domain 96,WDR96
209481_at,9.76895287756383,11.267059099500003,-1.4981062219361725,-23.56526647357667,7.548971629034888e-55,2.8393635527221712e-52,True,Downregulated,SNRK,SNF related kinase,SNRK
200953_s_at,8.958818350819149,10.456247415,-1.4974290641808512,-13.96218218681532,2.9700126322521457e-27,7.12829537877349e-26,True,Downregulated,CCND2,cyclin D2,CCND2
244293_at,3.182490228755319,4.67976214882,-1.497271920064681,-16.13736489578603,1.4883387843640481e-37,9.265253455532952e-36,True,Downregulated,UQCRB,ubiquinol-cytochrome c reductase binding protein,UQCRB
220326_s_at,5.956153559223406,7.45288265285,-1.4967290936265938,-14.66694931641655,1.3794706987038635e-30,4.424341741233512e-29,True,Downregulated,ARHGEF40,Rho guanine nucleotide exchange factor (GEF) 40,ARHGEF40
209539_at,8.866016643989362,10.362499272479997,-1.4964826284906358,-14.406778358937238,1.2387308964799122e-27,3.076010156882205e-26,True,Downregulated,ARHGEF6,Rac/Cdc42 guanine nucleotide exchange factor (GEF) 6,ARHGEF6
210606_x_at,4.491912722574467,5.986549023719999,-1.4946363011455324,-7.835169118064123,6.221624251683869e-13,4.062105875225402e-12,True,Downregulated,KLRD1,"killer cell lectin-like receptor subfamily D, member 1",KLRD1
1554966_a_at,8.594934755946808,10.087778033,-1.4928432770531916,-9.944142885583107,2.575094939226566e-18,2.8260366537694365e-17,True,Downregulated,FILIP1L,filamin A interacting protein 1-like,FILIP1L
200928_s_at,3.9030907177234044,5.394994261009999,-1.4919035432865946,-18.74641979199147,3.3178424653721466e-45,4.269221886184361e-43,True,Downregulated,RAB14,"RAB14, member RAS oncogene family",RAB14
223199_at,8.338094086542553,9.82996787345,-1.4918737869074477,-14.536851637999275,1.61349011852843e-32,6.117872810323187e-31,True,Downregulated,MKNK2,MAP kinase interacting serine/threonine kinase 2,MKNK2
231044_at,3.4050656680425537,4.89632804687,-1.4912623788274462,-6.094794930733998,7.748429424721464e-09,3.3412733507421526e-08,True,Downregulated,C1orf194,chromosome 1 open reading frame 194,C1orf194
1560169_at,2.819743469946808,4.31081269473,-1.491069224783192,-11.51266120697707,2.7737547649773374e-21,3.947847943611301e-20,True,Downregulated,LOC101927069,uncharacterized LOC101927069,LOC101927069
207330_at,4.58515356374468,6.07492961508,-1.48977605133532,-12.435451830453603,2.0844608791025576e-26,4.621385525284838e-25,True,Downregulated,PZP,pregnancy-zone protein,PZP
209191_at,9.956817986734043,11.446114252999996,-1.4892962662659528,-14.393518303192195,4.669373180201539e-28,1.1976485735351454e-26,True,Downregulated,TUBB6,"tubulin, beta 6 class V",TUBB6
242541_at,4.1686783132553185,5.657932676179999,-1.4892543629246804,-12.350181575708651,1.7279701410372227e-24,3.246266224443872e-23,True,Downregulated,ABCA9,"ATP-binding cassette, sub-family A (ABC1), member 9",ABCA9
236922_at,4.819850335744681,6.308163436059999,-1.4883131003153185,-12.422657453966321,5.902739845319158e-24,1.060403357783354e-22,True,Downregulated,NCK1,NCK adaptor protein 1,NCK1
235850_at,4.700904040638298,6.186780176359999,-1.4858761357217016,-11.05863651802591,7.660477508521675e-21,1.0532373294308457e-19,True,Downregulated,FAM162A,"family with sequence similarity 162, member A",FAM162A
229177_at,9.807261333968086,11.29295337071,-1.4856920367419146,-6.237912322524796,9.9011888686605e-09,4.226214939209378e-08,True,Downregulated,C16orf89,chromosome 16 open reading frame 89,C16orf89
214378_at,4.248902648170214,5.73404787716,-1.4851452289897864,-13.119647879153645,4.9219298890580145e-27,1.158559829378006e-25,True,Downregulated,TFPI,tissue factor pathway inhibitor (lipoprotein-associated coagulation inhibitor),TFPI
203591_s_at,5.143777097234044,6.62825839124,-1.4844812940059562,-9.033236764203348,1.6964389309958491e-15,1.4380561756113908e-14,True,Downregulated,CSF3R,colony stimulating factor 3 receptor (granulocyte),CSF3R
230109_at,4.364113572712766,5.84839198028,-1.484278407567234,-8.772376179146647,2.393329155148365e-15,2.001984478053032e-14,True,Downregulated,PDE7B,phosphodiesterase 7B,PDE7B
207480_s_at,7.908569645021277,9.39284699971,-1.4842773546887233,-13.423283730654102,2.3522351816301647e-27,5.717005037467693e-26,True,Downregulated,MEIS2,Meis homeobox 2,MEIS2
225390_s_at,8.903765119031915,10.387746058309999,-1.4839809392780836,-16.613057880532935,1.5327582085996122e-36,8.641607233515591e-35,True,Downregulated,KLF13,Kruppel-like factor 13,KLF13
224860_at,5.821585200797871,7.305205894339999,-1.4836206935421288,-11.324224102662182,8.969156445089335e-21,1.2256479892163999e-19,True,Downregulated,TMEM261,transmembrane protein 261,TMEM261
204303_s_at,4.987699196265957,6.4706109760800015,-1.482911779814044,-18.200484314819466,1.2747860311201794e-43,1.3444243425456857e-41,True,Downregulated,CTIF,CBP80/20-dependent translation initiation factor,CTIF
243900_at,2.5889197816914895,4.071366031199999,-1.4824462495085098,-5.828042535313973,3.451244886113725e-08,1.3921453235676677e-07,True,Downregulated,WDR38,WD repeat domain 38,WDR38
224048_at,4.465754548063829,5.947669726319999,-1.4819151782561697,-9.092948928888227,5.523749560021449e-16,4.89376369354824e-15,True,Downregulated,USP44,ubiquitin specific peptidase 44,USP44
232201_at,5.68611783612766,7.16781826006,-1.48170042393234,-15.771613128408333,2.419563037887702e-35,1.19283792443472e-33,True,Downregulated,NKD2,naked cuticle homolog 2 (Drosophila),NKD2
224963_at,7.094500950276597,8.575842493309999,-1.4813415430334018,-12.85820538876889,2.942314772384514e-25,5.922729878273708e-24,True,Downregulated,SLC26A2,"solute carrier family 26 (anion exchanger), member 2",SLC26A2
212609_s_at,7.601860488436172,9.08169451499,-1.479834026553828,-16.369127513965115,1.1360678832227958e-34,5.2630962245496384e-33,True,Downregulated,AKT3,v-akt murine thymoma viral oncogene homolog 3,AKT3
229822_at,2.8661625303617018,4.345361393519999,-1.4791988631582975,-16.659622696802128,1.7161324101532607e-37,1.0658648708141256e-35,True,Downregulated,PARVB,"parvin, beta",PARVB
231512_at,6.6244749171808515,8.10254820037,-1.4780732831891488,-4.738913932711364,4.433037067559859e-06,1.4177202897909963e-05,True,Downregulated,ATP13A4-AS1,ATP13A4 antisense RNA 1,ATP13A4-AS1
209244_s_at,7.233523609042553,8.70875749402,-1.4752338849774471,-20.81818662992756,2.5343181495076556e-50,5.222637394230604e-48,True,Downregulated,KIF1C,kinesin family member 1C,KIF1C
229452_at,5.009458473936171,6.484657920180001,-1.4751994462438303,-15.042077660923681,2.1645164013087635e-32,8.093886024872637e-31,True,Downregulated,TMEM88,transmembrane protein 88,TMEM88
48031_r_at,7.916028133010638,9.389919225469999,-1.4738910924593611,-12.71951486485796,9.958276457718864e-26,2.09306704788928e-24,True,Downregulated,FAXDC2,fatty acid hydroxylase domain containing 2,FAXDC2
235496_at,5.809781857255318,7.2834961457,-1.4737142884446817,-11.385589359004399,3.044090089739739e-23,5.144613642590394e-22,True,Downregulated,HRCT1,histidine rich carboxyl terminus 1,HRCT1
1569785_at,3.2727902556276596,4.74593810634,-1.4731478507123401,-13.11631599117957,3.0883289036496076e-28,8.06745305544914e-27,True,Downregulated,LOC101927943,uncharacterized LOC101927943,LOC101927943
241742_at,3.722805675159574,5.195185819399999,-1.4723801442404247,-12.795194711438592,5.0549014943201516e-27,1.1882995269820965e-25,True,Downregulated,PRAM1,PML-RARA regulated adaptor molecule 1,PRAM1
204897_at,10.231791361425532,11.7033363368,-1.4715449753744672,-12.752861610724034,5.1012783422929226e-24,9.20420519686572e-23,True,Downregulated,PTGER4,prostaglandin E receptor 4 (subtype EP4),PTGER4
216620_s_at,7.912199374702127,9.382531976200001,-1.4703326014978737,-15.32231733793358,1.0181487978644735e-33,4.301818636444507e-32,True,Downregulated,ARHGEF10,Rho guanine nucleotide exchange factor (GEF) 10,ARHGEF10
213661_at,4.792788193648937,6.262725678840001,-1.469937485191064,-8.599720839624096,3.84230905341181e-15,3.151302756126984e-14,True,Downregulated,PAMR1,peptidase domain containing associated with muscle regeneration 1,PAMR1
229507_at,4.061709026297873,5.530897178180001,-1.4691881518821281,-15.582195200218141,6.702897233600001e-36,3.531067880572083e-34,True,Downregulated,FAM212A,"family with sequence similarity 212, member A",FAM212A
205470_s_at,6.398323100904255,7.86567678368,-1.4673536827757445,-4.426124920573897,2.3182217569443404e-05,6.810240358112919e-05,True,Downregulated,KLK11,kallikrein-related peptidase 11,KLK11
242667_at,3.412450646329788,4.8797431505899995,-1.4672925042602114,-14.430244085711303,2.0302981429390158e-32,7.631140175829343e-31,True,Downregulated,TLR3,toll-like receptor 3,TLR3
212450_at,9.22663497562766,10.69380421956,-1.4671692439323412,-15.627211872449541,7.424920058884556e-33,2.898089624725433e-31,True,Downregulated,SECISBP2L,SECIS binding protein 2-like,SECISBP2L
206747_at,5.354614639553191,6.82146273207,-1.466848092516809,-13.989798689695114,8.698138816458372e-31,2.8302365056384146e-29,True,Downregulated,GPRIN2,G protein regulated inducer of neurite outgrowth 2,GPRIN2
226485_at,7.016079790478723,8.48251419855,-1.4664344080712768,-11.035589847755496,3.946059428315085e-21,5.5329184674493e-20,True,Downregulated,LOC101928274,uncharacterized LOC101928274 /// V-set and immunoglobulin domain containing 10,LOC101928274
202008_s_at,5.909286914446809,7.374786734000001,-1.4654998195531919,-9.17195269753937,3.47987723826659e-16,3.1435787224959156e-15,True,Downregulated,NID1,nidogen 1,NID1
201061_s_at,11.760502979478723,13.225260642799999,-1.4647576633212758,-18.76977912326564,1.8583218348558882e-35,9.271957162296736e-34,True,Downregulated,STOM,stomatin,STOM
225763_at,6.071324583095745,7.53502963142,-1.4637050483242549,-10.318113499179121,4.658876170399673e-18,4.9896916308466113e-17,True,Downregulated,RCSD1,RCSD domain containing 1,RCSD1
224215_s_at,5.2658106662872335,6.72927807619,-1.4634674099027665,-8.841731927301888,5.108859349821117e-15,4.1377068060454545e-14,True,Downregulated,DLL1,delta-like 1 (Drosophila),DLL1
244050_at,7.9220344984042566,9.384784892179999,-1.4627503937757425,-12.938036452012842,3.5717684257537726e-24,6.507829828847982e-23,True,Downregulated,PTPLAD2,protein tyrosine phosphatase-like A domain containing 2,PTPLAD2
1554503_a_at,5.621961637531914,7.0847071792100005,-1.4627455416780863,-12.816940216173192,1.4154822909378069e-27,3.490744177000499e-26,True,Downregulated,OSCAR,"osteoclast associated, immunoglobulin-like receptor",OSCAR
1555745_a_at,10.862827992425531,12.323201112100001,-1.46037311967447,-4.033963001420121,7.963167970619691e-05,0.00021825670223591046,True,Downregulated,LYZ,lysozyme,LYZ
202084_s_at,9.130336459574469,10.59011418408,-1.459777724505532,-15.470614701985815,1.0802876806484916e-33,4.550066812165996e-32,True,Downregulated,SEC14L1,SEC14-like 1 (S. cerevisiae),SEC14L1
205803_s_at,4.958898070297873,6.41800877896,-1.459110708662127,-10.280717230992963,3.737020571563687e-18,4.040188712806523e-17,True,Downregulated,TRPC1,"transient receptor potential cation channel, subfamily C, member 1",TRPC1
214641_at,4.117819169691488,5.575812223540001,-1.4579930538485124,-7.94938907830133,5.027021990592303e-13,3.3127101787061702e-12,True,Downregulated,COL4A3,"collagen, type IV, alpha 3 (Goodpasture antigen)",COL4A3
209764_at,5.711788319893618,7.169750883580001,-1.457962563686383,-19.109279724731064,7.044450081131191e-44,7.685452171677936e-42,True,Downregulated,MGAT3,"mannosyl (beta-1,4-)-glycoprotein beta-1,4-N-acetylglucosaminyltransferase",MGAT3
219229_at,6.699212467893618,8.15504166182,-1.455829193926382,-13.166316128088786,3.488609800418886e-24,6.365832818967355e-23,True,Downregulated,SLCO3A1,"solute carrier organic anion transporter family, member 3A1",SLCO3A1
239848_at,4.250359031180851,5.704100453060001,-1.4537414218791493,-17.310413341075833,1.2499242935637587e-39,9.171681862704001e-38,True,Downregulated,EIF3M,"eukaryotic translation initiation factor 3, subunit M",EIF3M
228263_at,5.178177717053191,6.6308603795500005,-1.4526826624968097,-18.224864404077184,1.6146584953447421e-43,1.6830624385777578e-41,True,Downregulated,GRASP,GRP1 (general receptor for phosphoinositides 1)-associated scaffold protein,GRASP
219182_at,5.822877523117022,7.275219740010001,-1.452342216892979,-7.221153474950215,1.2415594470888812e-11,7.129125271818358e-11,True,Downregulated,TMEM231,transmembrane protein 231,TMEM231
213290_at,7.7362908290425505,9.188241134980002,-1.4519503059374514,-13.416439344290811,7.585045180806089e-27,1.7584881038570531e-25,True,Downregulated,COL6A2,"collagen, type VI, alpha 2",COL6A2
210655_s_at,5.03837908562766,6.489890493319999,-1.4515114076923394,-11.522642163212229,5.2245871965820007e-23,8.683858064133484e-22,True,Downregulated,FOXO3,forkhead box O3 /// forkhead box O3B pseudogene,FOXO3
229902_at,3.8017570484255314,5.253258567609999,-1.4515015191844673,-13.086092189486044,1.6305578720814268e-25,3.374420381214761e-24,True,Downregulated,FLT4,fms-related tyrosine kinase 4,FLT4
229969_at,7.939674826797872,9.38976323867,-1.4500884118721276,-14.935730334584116,1.1337692461513598e-30,3.655930016396705e-29,True,Downregulated,SEC63,SEC63 homolog (S. cerevisiae),SEC63
231993_at,8.010483051095743,9.45954614548,-1.4490630943842557,-7.735017265524328,8.44979530684269e-13,5.442230755284886e-12,True,Downregulated,ITGBL1,"integrin, beta-like 1 (with EGF-like repeat domains)",ITGBL1
1560562_a_at,3.690676816574468,5.138974898299999,-1.448298081725531,-11.768989144504582,1.5803143818168915e-23,2.735719000334835e-22,True,Downregulated,ZNF677,zinc finger protein 677,ZNF677
232081_at,5.017386477978723,6.465152020420001,-1.4477655424412772,-11.131954248046153,1.2001841045017628e-21,1.7618204761116762e-20,True,Downregulated,ABCG1,"ATP-binding cassette, sub-family G (WHITE), member 1",ABCG1
209733_at,5.620608261351064,7.067041499729999,-1.4464332383789351,-13.33092890791501,4.108374815122878e-27,9.734495498070446e-26,True,Downregulated,MID2,midline 2,MID2
207119_at,2.8054010007021275,4.2518132119,-1.4464122111978726,-17.12134663397396,1.6838797494767235e-40,1.3338609161318858e-38,True,Downregulated,PRKG1,"protein kinase, cGMP-dependent, type I",PRKG1
227443_at,6.94146151407447,8.38711655375,-1.445655039675529,-13.309072861671998,2.0613352924142415e-26,4.573885315090445e-25,True,Downregulated,LURAP1L,leucine rich adaptor protein 1-like,LURAP1L
224925_at,6.916718180478724,8.359244114069998,-1.4425259335912743,-14.93810649857667,6.98570183346846e-31,2.2966562274751506e-29,True,Downregulated,PREX1,"phosphatidylinositol-3,4,5-trisphosphate-dependent Rac exchange factor 1",PREX1
221814_at,5.517905356478723,6.95937702372,-1.4414716672412773,-11.384342213875318,2.2865487571546786e-22,3.591831526060793e-21,True,Downregulated,GPR124,G protein-coupled receptor 124,GPR124
204063_s_at,5.7820178732234035,7.223246431590001,-1.4412285583665971,-17.187258267202736,4.099480175220447e-37,2.444665747763734e-35,True,Downregulated,ULK2,unc-51 like autophagy activating kinase 2,ULK2
228376_at,8.595433879542552,10.03524511052,-1.4398112309774476,-11.0865018642879,1.6164472942089247e-20,2.1632802728619365e-19,True,Downregulated,GGTA1P,"glycoprotein, alpha-galactosyltransferase 1 pseudogene",GGTA1P
237515_at,6.027829632053192,7.466115349510001,-1.438285717456809,-10.304702850738899,1.3320151003629014e-18,1.4985100227592348e-17,True,Downregulated,TMEM56,transmembrane protein 56,TMEM56
226676_at,5.823749775914893,7.261754108629999,-1.4380043327151064,-9.810042546807782,1.043380864412037e-17,1.0821304121339341e-16,True,Downregulated,ZNF521,zinc finger protein 521,ZNF521
238495_at,3.161234556234042,4.5983546464,-1.437120090165958,-16.55491468984991,1.289711885537861e-37,8.094334127834235e-36,True,Downregulated,LRRC57,leucine rich repeat containing 57,LRRC57
225303_at,5.321831821382979,6.75702680134,-1.4351949799570214,-10.765189355593728,7.358215857199965e-20,9.266424680294013e-19,True,Downregulated,KIRREL,kin of IRRE like (Drosophila),KIRREL
215440_s_at,8.74656789880851,10.181622495340001,-1.4350545965314918,-10.88170557750102,5.086084569696481e-19,5.93405953721681e-18,True,Downregulated,BEX4,"brain expressed, X-linked 4",BEX4
226377_at,7.454118293127659,8.88876275626,-1.434644463132341,-15.08439863535017,4.034485574433654e-34,1.7786790254630205e-32,True,Downregulated,NFIC,nuclear factor I/C (CCAAT-binding transcription factor),NFIC
204773_at,5.706009534053191,7.139625170670001,-1.4336156366168105,-15.595540234578415,2.8935493239335655e-34,1.2915555513451515e-32,True,Downregulated,IL11RA,"interleukin 11 receptor, alpha",IL11RA
205018_s_at,6.937691644957447,8.37102388815,-1.4333322431925541,-8.92394315872071,4.41729510639019e-16,3.9558547218165626e-15,True,Downregulated,MBNL2,muscleblind-like splicing regulator 2,MBNL2
219892_at,6.533199348404256,7.965999791119999,-1.4328004427157426,-10.899058928600331,3.101907093364484e-20,4.042625997666638e-19,True,Downregulated,TM6SF1,transmembrane 6 superfamily member 1,TM6SF1
206236_at,5.055169208638299,6.48767211341,-1.4325029047717015,-13.478198336669363,5.079516276958044e-29,1.420732514157386e-27,True,Downregulated,GPR4,G protein-coupled receptor 4,GPR4
209325_s_at,6.089227613936171,7.521676245349999,-1.4324486314138278,-8.559785619643593,4.348239356443977e-15,3.5457004552106693e-14,True,Downregulated,RGS16,regulator of G-protein signaling 16,RGS16
230008_at,3.937114620585106,5.3690362255,-1.4319216049148942,-8.559412801887817,7.79107706773126e-15,6.20540309736404e-14,True,Downregulated,THSD7A,"thrombospondin, type I, domain containing 7A",THSD7A
212771_at,7.116021713170212,8.54589634247,-1.4298746292997881,-10.016318041418712,9.336578247250452e-18,9.726461313318087e-17,True,Downregulated,FAM171A1,"family with sequence similarity 171, member A1",FAM171A1
216264_s_at,7.399603573787234,8.82937934781,-1.429775774022767,-15.419047997251146,2.186714171978456e-33,8.985073220323394e-32,True,Downregulated,LAMB2,"laminin, beta 2 (laminin S)",LAMB2
239916_at,3.6139485873829793,5.04367299103,-1.429724403647021,-6.285957529045653,2.855559198387259e-09,1.2861254986137757e-08,True,Downregulated,WDR16,WD repeat domain 16,WDR16
211214_s_at,3.9172051543297863,5.34384988696,-1.4266447326302139,-8.28430900778885,2.00466620214418e-14,1.527670393149998e-13,True,Downregulated,DAPK1,death-associated protein kinase 1,DAPK1
220233_at,3.7444757151808514,5.17111310868,-1.4266373934991488,-11.352108248363674,4.383165630179788e-23,7.326070434582041e-22,True,Downregulated,FBXO17,F-box protein 17,FBXO17
213221_s_at,7.721076596585105,9.147433661580001,-1.426357064994896,-17.493531686828977,6.573779316961617e-38,4.265106083740622e-36,True,Downregulated,SIK2,salt-inducible kinase 2,SIK2
211126_s_at,8.040763546468087,9.466592230020002,-1.4258286835519147,-13.22021757322002,5.9461588149788894e-27,1.38810806433357e-25,True,Downregulated,CSRP2,cysteine and glycine-rich protein 2,CSRP2
212985_at,7.50059708725532,8.9259756687,-1.4253785814446793,-16.366153602907264,5.959423117037322e-34,2.5704373037126655e-32,True,Downregulated,APBB2,"amyloid beta (A4) precursor protein-binding, family B, member 2",APBB2
203002_at,8.913843974170211,10.33875321541,-1.4249092412397886,-13.115167445817061,1.6016411724796597e-26,3.595403677086435e-25,True,Downregulated,AMOTL2,angiomotin like 2,AMOTL2
227917_at,8.313827616510638,9.73845093097,-1.424623314459362,-12.454760123417838,6.58083118813209e-25,1.2810589442087319e-23,True,Downregulated,LOC100506990,uncharacterized LOC100506990,LOC100506990
229310_at,5.923908983393618,7.34788864228,-1.423979658886382,-9.084037307982502,4.978893849524968e-15,4.036093211613412e-14,True,Downregulated,KLHL29,kelch-like family member 29,KLHL29
45749_at,7.733609747297873,9.15682312715,-1.4232133798521271,-19.17718937378281,4.7707129213975544e-45,5.981295225880859e-43,True,Downregulated,FAM65A,"family with sequence similarity 65, member A",FAM65A
218694_at,8.966045008734044,10.389235370299998,-1.423190361565954,-13.073817794093657,2.2021997938643006e-24,4.0843971763029405e-23,True,Downregulated,ARMCX1,"armadillo repeat containing, X-linked 1",ARMCX1
203903_s_at,7.071167689223404,8.49343250559,-1.4222648163665967,-7.6999144045128025,6.249048938954122e-12,3.695561805723875e-11,True,Downregulated,HEPH,hephaestin,HEPH
213268_at,5.193292236914894,6.614854135720001,-1.4215618988051064,-8.823207420007133,5.066357078827479e-15,4.1051383224136004e-14,True,Downregulated,CAMTA1,calmodulin binding transcription activator 1,CAMTA1
209525_at,5.409658899989362,6.83100807374,-1.421349173750638,-13.716021807470005,2.0199938843515254e-26,4.487707189745194e-25,True,Downregulated,HDGFRP3,"hepatoma-derived growth factor, related protein 3",HDGFRP3
214054_at,7.017183628127659,8.438235587770002,-1.4210519596423428,-12.617672112827348,1.1487381802475776e-25,2.3994575441862605e-24,True,Downregulated,DOK2,"docking protein 2, 56kDa",DOK2
210321_at,5.8792653714787235,7.300043371350001,-1.4207779998712775,-6.976189748295524,9.467195807808739e-11,4.972196013268243e-10,True,Downregulated,GZMH,"granzyme H (cathepsin G-like 2, protein h-CCPX)",GZMH
212667_at,11.718902389521276,13.1395630924,-1.420660702878724,-11.366346594585483,8.038991106541932e-21,1.1027420955278356e-19,True,Downregulated,SPARC,"secreted protein, acidic, cysteine-rich (osteonectin)",SPARC
226489_at,5.275841125425532,6.6957904267099995,-1.4199493012844675,-13.171739413888268,1.1127713429623278e-27,2.7696214462087814e-26,True,Downregulated,TMCC3,transmembrane and coiled-coil domain family 3,TMCC3
200621_at,10.65261127979787,12.0720604197,-1.4194491399021292,-18.955236061055555,3.4650799118398093e-41,2.93038975060088e-39,True,Downregulated,CSRP1,cysteine and glycine-rich protein 1,CSRP1
227408_s_at,8.40009942674468,9.81575635377,-1.4156569270253208,-12.728612199857187,3.305946696106232e-24,6.04191807668263e-23,True,Downregulated,SNX25,sorting nexin 25,SNX25
225671_at,5.133568640776597,6.54884579859,-1.4152771578134038,-12.43792867004513,7.060502826975453e-25,1.3670129771479541e-23,True,Downregulated,SPNS2,spinster homolog 2 (Drosophila),SPNS2
236996_at,2.363169075946809,3.77780077684,-1.414631700893191,-11.254250031420591,1.6277787717643103e-19,1.9893594414477435e-18,True,Downregulated,RP11-295M18.6,,RP11-295M18.6
202132_at,8.587008307042554,10.001424261779999,-1.4144159547374446,-14.700274539369609,2.309034550093499e-30,7.267041094870037e-29,True,Downregulated,WWTR1,WW domain containing transcription regulator 1,WWTR1
212486_s_at,6.43706063068085,7.851136390220001,-1.4140757595391502,-11.866426358798622,8.239637247538738e-23,1.345407191852212e-21,True,Downregulated,FYN,"FYN proto-oncogene, Src family tyrosine kinase",FYN
228399_at,3.5851522941382976,4.99832140422,-1.4131691100817028,-12.248091020232579,1.8408659511738833e-25,3.789239037498603e-24,True,Downregulated,OSR1,odd-skipped related transciption factor 1,OSR1
228304_at,6.151078878021277,7.563897384350001,-1.4128185063287235,-10.765313525335515,2.9138644211967197e-20,3.8114083598853784e-19,True,Downregulated,RBM43,RNA binding motif protein 43,RBM43
201335_s_at,4.532452939872341,5.945087517749999,-1.4126345778776583,-14.306720226933473,4.759007623995599e-32,1.7318537487430803e-30,True,Downregulated,ARHGEF12,Rho guanine nucleotide exchange factor (GEF) 12,ARHGEF12
236407_at,2.598613282670213,4.01113176277,-1.412518480099787,-7.279227356785324,1.913286503740192e-11,1.0789266920755921e-10,True,Downregulated,KCNE1,"potassium voltage-gated channel, Isk-related family, member 1",KCNE1
235944_at,8.124707513553192,9.53433604627,-1.409628532716809,-8.959191668217375,5.4683983215772885e-15,4.4162653472125534e-14,True,Downregulated,HMCN1,hemicentin 1,HMCN1
218162_at,8.785321498404256,10.19400320429,-1.4086817058857442,-9.13653715682221,2.624899641536348e-15,2.1895603616574753e-14,True,Downregulated,OLFML3,olfactomedin-like 3,OLFML3
1554485_s_at,6.4783485132553205,7.886781913609999,-1.4084334003546788,-8.269741255619447,1.6259021293102003e-13,1.128979756352678e-12,True,Downregulated,TMEM37,transmembrane protein 37,TMEM37
219476_at,9.455715465702125,10.863207471710002,-1.4074920060078764,-6.963754061936103,2.411653600256502e-10,1.2123862093971047e-09,True,Downregulated,C1orf116,chromosome 1 open reading frame 116,C1orf116
204220_at,9.2140103891383,10.621246650489997,-1.4072362613516969,-12.048672878473067,3.055618436246353e-22,4.755483021179004e-21,True,Downregulated,GMFG,"glia maturation factor, gamma",GMFG
228359_at,3.8522313167340423,5.2585748926299996,-1.4063435758959573,-9.626071397761377,1.6766897075165702e-17,1.7015553322355895e-16,True,Downregulated,UBASH3B,ubiquitin associated and SH3 domain containing B,UBASH3B
226506_at,5.116459164851065,6.521664248819999,-1.4052050839689336,-15.834537752644113,2.940743929393002e-36,1.5976853837003235e-34,True,Downregulated,THSD4,"thrombospondin, type I, domain containing 4",THSD4
239098_at,3.552722522553191,4.957852590069999,-1.405130067516808,-7.199987536966751,1.9482504612339462e-11,1.0977225990774043e-10,True,Downregulated,KCNRG,potassium channel regulator,KCNRG
202273_at,7.343936873095745,8.748971313279998,-1.4050344401842532,-10.592492847769156,3.0200272012606157e-19,3.596881821235684e-18,True,Downregulated,PDGFRB,"platelet-derived growth factor receptor, beta polypeptide",PDGFRB
204730_at,5.028011039765957,6.432951768019999,-1.4049407282540418,-9.357324060731923,1.1731612544689122e-16,1.1006393028582752e-15,True,Downregulated,RIMS3,regulating synaptic membrane exocytosis 3,RIMS3
214769_at,5.46765983587234,6.8721651257300005,-1.4045052898576609,-11.023863501691173,1.134011282542879e-20,1.5390848055223641e-19,True,Downregulated,CLCN4,"chloride channel, voltage-sensitive 4",CLCN4
228186_s_at,5.798920240595744,7.2031953169400005,-1.4042750763442564,-5.77051940594608,5.727015488279078e-08,2.254506733898693e-07,True,Downregulated,RSPO3,R-spondin 3,RSPO3
219451_at,7.21360242556383,8.61782600065,-1.4042235750861698,-16.0931549543264,1.2425545018761433e-35,6.35889975622362e-34,True,Downregulated,MSRB2,methionine sulfoxide reductase B2,MSRB2
240025_x_at,2.6952153765000006,4.09724515779,-1.402029781289999,-17.595838756452302,2.2492344279207295e-39,1.6348286883803291e-37,True,Downregulated,RP4-575N6.5,,RP4-575N6.5
222664_at,4.544378696042553,5.9461761198900005,-1.401797423847447,-10.224461313061946,3.015690555066634e-19,3.592512340970409e-18,True,Downregulated,KCTD15,potassium channel tetramerization domain containing 15,KCTD15
235424_at,5.629243554106382,7.030635256300001,-1.401391702193619,-18.624563399600614,6.755518204534751e-45,8.276817816608339e-43,True,Downregulated,FAM122A,family with sequence similarity 122A,FAM122A
226280_at,8.56139722856383,9.96268409802,-1.40128686945617,-19.059910685503212,8.4042953148881e-43,8.174203034476877e-41,True,Downregulated,BNIP2,BCL2/adenovirus E1B 19kDa interacting protein 2,BNIP2
238694_at,4.709378265968086,6.110275928650001,-1.4008976626819152,-13.088498657900052,2.4398366044471217e-27,5.916548764959103e-26,True,Downregulated,DGKE,"diacylglycerol kinase, epsilon 64kDa",DGKE
203186_s_at,12.437864579702127,13.8384429759,-1.4005783961978722,-10.756712370859306,7.213227152382041e-19,8.307722390107503e-18,True,Downregulated,S100A4,S100 calcium binding protein A4,S100A4
204006_s_at,8.47631921311702,9.87669826226,-1.4003790491429804,-5.808701378690779,3.393887410080555e-08,1.369830618629692e-07,True,Downregulated,FCGR3A,"Fc fragment of IgG, low affinity IIIa, receptor (CD16a) /// Fc fragment of IgG, low affinity IIIb, receptor (CD16b)",FCGR3A
219593_at,7.024344476840424,8.424540942070001,-1.4001964652295769,-11.664689319532746,7.340479149444714e-23,1.202970784680175e-21,True,Downregulated,SLC15A3,"solute carrier family 15 (oligopeptide transporter), member 3",SLC15A3
227812_at,7.705436858340426,9.102222276109998,-1.3967854177695722,-8.070781017164125,5.172768298101784e-13,3.4016690999107783e-12,True,Downregulated,TNFRSF19,"tumor necrosis factor receptor superfamily, member 19",TNFRSF19
227341_at,6.427350631851062,7.82296347149,-1.3956128396389378,-8.66371479617009,3.7439705984814445e-14,2.774117683013128e-13,True,Downregulated,BEND7,BEN domain containing 7,BEND7
206187_at,4.2468479637340435,5.641754239860002,-1.3949062761259583,-18.143621941400983,1.805113522504632e-43,1.8671122292583488e-41,True,Downregulated,PTGIR,prostaglandin I2 (prostacyclin) receptor (IP),PTGIR
224325_at,5.702005656148937,7.09662442384,-1.394618767691063,-10.753852196723564,3.6752075395940485e-21,5.163916215376319e-20,True,Downregulated,FZD8,frizzled class receptor 8 /// microRNA 4683,FZD8
227032_at,5.889252939,7.28374167312,-1.3944887341199994,-9.174541999362098,1.915919362806042e-15,1.6159579559022387e-14,True,Downregulated,PLXNA2,plexin A2,PLXNA2
202897_at,7.519116997351064,8.913482484350002,-1.3943654869989377,-12.096660791316978,6.80802157682858e-24,1.2149178783387593e-22,True,Downregulated,SIRPA,signal-regulatory protein alpha,SIRPA
220110_s_at,3.161442896031915,4.55560645558,-1.3941635595480855,-10.49815002250436,2.6959651585003695e-20,3.5341258107506913e-19,True,Downregulated,NXF3,nuclear RNA export factor 3,NXF3
209200_at,7.814786257531915,9.20879082545,-1.3940045679180857,-12.10559259704292,8.062291827780728e-23,1.3176494325403046e-21,True,Downregulated,MEF2C,myocyte enhancer factor 2C,MEF2C
212510_at,9.47331668811702,10.865272027019998,-1.391955338902978,-12.174955105771915,6.903969726711841e-23,1.1341994982312862e-21,True,Downregulated,GPD1L,glycerol-3-phosphate dehydrogenase 1-like,GPD1L
225509_at,7.739040411925531,9.1304130589,-1.3913726469744692,-14.785421512991908,4.1947656250601505e-32,1.5317017237575374e-30,True,Downregulated,SAP30L,SAP30-like,SAP30L
213325_at,6.536928875659575,7.927632745729999,-1.390703870070424,-8.602242972372379,6.802231106508228e-14,4.898444266898534e-13,True,Downregulated,PVRL3,poliovirus receptor-related 3,PVRL3
222908_at,3.780702682925531,5.170887028779999,-1.3901843458544683,-10.09609172252154,2.480753211978304e-19,2.9823377796035993e-18,True,Downregulated,PIEZO2,piezo-type mechanosensitive ion channel component 2,PIEZO2
209368_at,4.178151950234042,5.5679823202600005,-1.3898303700259582,-10.07803886573919,4.057278154838911e-18,4.370614116486395e-17,True,Downregulated,EPHX2,"epoxide hydrolase 2, cytoplasmic",EPHX2
203498_at,8.883957296787234,10.272634362909999,-1.3886770661227654,-9.419322119513406,4.429297170525507e-16,3.964622692858794e-15,True,Downregulated,RCAN2,regulator of calcineurin 2,RCAN2
220269_at,3.1888698137978713,4.57640450213,-1.3875346883321287,-5.477108120264265,1.5874057029265095e-07,5.954819579969678e-07,True,Downregulated,ZBBX,"zinc finger, B-box domain containing",ZBBX
220968_s_at,7.309439819776595,8.69608300387,-1.386643184093404,-17.86973172859183,1.4848003397529432e-40,1.1884147481242826e-38,True,Downregulated,TSPAN9,tetraspanin 9,TSPAN9
206480_at,5.607258143393617,6.99368592562,-1.3864277822263835,-16.750574387731945,1.0337509032730062e-38,7.220951439408041e-37,True,Downregulated,LTC4S,leukotriene C4 synthase,LTC4S
219895_at,5.551311179851064,6.935933735680001,-1.384622555828937,-6.467506097833659,1.1936796774988823e-09,5.6077609515202095e-09,True,Downregulated,TMEM255A,transmembrane protein 255A,TMEM255A
225972_at,6.307235765723405,7.690613345390001,-1.383377579666596,-12.054624166139476,9.670578097393278e-22,1.4321082421431576e-20,True,Downregulated,TMEM64,transmembrane protein 64,TMEM64
218532_s_at,8.097734661478723,9.479886833100004,-1.3821521716212803,-8.180508833221987,4.987939006255815e-13,3.289373312781697e-12,True,Downregulated,FAM134B,"family with sequence similarity 134, member B",FAM134B
231879_at,5.012862045127659,6.39435483818,-1.3814927930523409,-5.642109781796851,9.130417011078733e-08,3.510032230418703e-07,True,Downregulated,COL12A1,"collagen, type XII, alpha 1",COL12A1
225798_at,7.652981519021275,9.0336586329,-1.3806771138787246,-14.675367163059637,2.455157406483896e-28,6.470019415244626e-27,True,Downregulated,JAZF1,JAZF zinc finger 1,JAZF1
208914_at,5.944590561202128,7.325148152009999,-1.3805575908078707,-12.038955846739206,1.9976946923330324e-23,3.42955655032954e-22,True,Downregulated,GGA2,"golgi-associated, gamma adaptin ear containing, ARF binding protein 2",GGA2
213381_at,5.037307368468086,6.417662135289999,-1.3803547668219132,-18.5586711518222,7.216221668430465e-43,7.069794146779617e-41,True,Downregulated,VSTM4,V-set and transmembrane domain containing 4,VSTM4
226795_at,7.279114154425532,8.65889835953,-1.3797842051044675,-16.76038978811799,1.4754038292408514e-35,7.47936572663039e-34,True,Downregulated,LRCH1,leucine-rich repeats and calponin homology (CH) domain containing 1,LRCH1
207524_at,2.974486237776596,4.35358943403,-1.379103196253404,-12.621315122092037,5.682633940026112e-27,1.3283187705269207e-25,True,Downregulated,MIR6132,microRNA 6132 /// suppression of tumorigenicity 7 /// ST7 overlapping transcript 3,MIR6132
227108_at,2.360058977414893,3.73888363808,-1.378824660665107,-15.932985544210108,8.727314154585947e-33,3.3794623406663767e-31,True,Downregulated,STARD9,StAR-related lipid transfer (START) domain containing 9,STARD9
214156_at,4.836737948095745,6.214962339219999,-1.3782243911242533,-6.548452728851807,5.264066573687864e-10,2.5544305731899626e-09,True,Downregulated,MYRIP,myosin VIIA and Rab interacting protein,MYRIP
224964_s_at,8.008619038819148,9.386395945460002,-1.3777769066408538,-11.573447516006855,1.871293625460512e-22,2.955929484259004e-21,True,Downregulated,GNG2,"guanine nucleotide binding protein (G protein), gamma 2",GNG2
1552701_a_at,9.769197992787236,11.1462370538,-1.3770390610127645,-12.931937803303509,1.12308538731379e-25,2.3486108336726093e-24,True,Downregulated,CARD16,"caspase recruitment domain family, member 16",CARD16
238893_at,5.354966878478722,6.730655272720001,-1.375688394241279,-10.688886273436935,9.077983231354452e-21,1.2402042318558054e-19,True,Downregulated,LINC00936,long intergenic non-protein coding RNA 936,LINC00936
218232_at,11.108142717531914,12.483365802199998,-1.3752230846680842,-8.770172048431984,5.1670179720184454e-15,4.1835500322592825e-14,True,Downregulated,C1QA,"complement component 1, q subcomponent, A chain",C1QA
203758_at,8.66245825575532,10.037340049880001,-1.374881794124681,-14.158630910975585,5.461596159547504e-28,1.394859501602194e-26,True,Downregulated,CTSO,cathepsin O,CTSO
223962_at,2.7187888461170204,4.09272848989,-1.3739396437729794,-5.924578502718698,1.917287773015173e-08,7.936830613360587e-08,True,Downregulated,TTC29,tetratricopeptide repeat domain 29,TTC29
205911_at,4.868846244478723,6.24101524221,-1.3721689977312765,-20.66670595226854,8.629015917571728e-50,1.7063244490533564e-47,True,Downregulated,PTH1R,parathyroid hormone 1 receptor,PTH1R
1555416_a_at,5.458970206404256,6.8309283283100015,-1.3719581219057453,-6.176590215226331,6.884163901870557e-09,2.9843768810027386e-08,True,Downregulated,ALOX15B,"arachidonate 15-lipoxygenase, type B",ALOX15B
231472_at,4.252772027255318,5.624319373350001,-1.3715473460946832,-5.52227070716546,1.1196742898101783e-07,4.267186377930295e-07,True,Downregulated,FBXO15,F-box protein 15,FBXO15
227283_at,4.445541348893617,5.81703175634,-1.371490407446383,-10.865156596089069,1.2124549039026452e-20,1.6397560840157826e-19,True,Downregulated,EFR3B,EFR3 homolog B (S. cerevisiae),EFR3B
215436_at,4.679079189021276,6.050038650640001,-1.3709594616187255,-14.228973284919293,1.52678740421383e-29,4.477632896567342e-28,True,Downregulated,HSDL2,hydroxysteroid dehydrogenase like 2,HSDL2
222161_at,3.3103682982234037,4.68120658151,-1.370838283286596,-16.19217491619821,5.091861990342898e-36,2.714280366824411e-34,True,Downregulated,NAALAD2,N-acetylated alpha-linked acidic dipeptidase 2,NAALAD2
205464_at,6.134189529446808,7.503225087400001,-1.3690355579531923,-6.94006901713646,2.658422628406795e-10,1.3303490834712307e-09,True,Downregulated,SCNN1B,"sodium channel, non-voltage-gated 1, beta subunit",SCNN1B
241859_at,2.7472220665106377,4.11499570097,-1.367773634459362,-16.24509081764246,1.3949190154610375e-37,8.713546589608249e-36,True,Downregulated,PLCL1,phospholipase C-like 1,PLCL1
211518_s_at,4.595734096223405,5.962854531700001,-1.367120435476596,-7.456304162642364,9.578175866944237e-12,5.5724366379606576e-11,True,Downregulated,BMP4,bone morphogenetic protein 4,BMP4
216663_s_at,3.12131932331915,4.48782646865,-1.36650714533085,-6.9975122350049155,8.32620140128634e-11,4.401740402689081e-10,True,Downregulated,ZMYND10,"zinc finger, MYND-type containing 10",ZMYND10
239135_at,6.536808884531915,7.903119936960001,-1.3663110524280864,-13.666166374711198,9.884658352882778e-27,2.2681579955979227e-25,True,Downregulated,CPPED1,calcineurin-like phosphoesterase domain containing 1,CPPED1
227329_at,5.211718496521277,6.5771715975,-1.3654531009787227,-9.813301635588308,1.783520747303766e-17,1.8045230796553868e-16,True,Downregulated,ZBTB46,zinc finger and BTB domain containing 46,ZBTB46
235502_at,4.5603200582021275,5.925287261869999,-1.364967203667872,-12.597955409566472,2.1269358098444974e-26,4.711670900671175e-25,True,Downregulated,PPP2CA,"protein phosphatase 2, catalytic subunit, alpha isozyme",PPP2CA
225166_at,7.8416000210638295,9.205058707260001,-1.3634586861961715,-16.289056937690642,9.443991274006313e-35,4.401685569009563e-33,True,Downregulated,ARHGAP18,Rho GTPase activating protein 18,ARHGAP18
244741_s_at,6.221854677702126,7.5850463437799975,-1.3631916660778716,-7.2136168270489165,4.371751945533223e-11,2.3744223986918103e-10,True,Downregulated,ZNF667-AS1,ZNF667 antisense RNA 1 (head to head),ZNF667-AS1
227559_at,4.93145009443617,6.294417391,-1.3629672965638298,-10.970153428228528,1.3595962994366802e-20,1.833222525983988e-19,True,Downregulated,NDUFAF4,"NADH dehydrogenase (ubiquinone) complex I, assembly factor 4",NDUFAF4
214679_x_at,7.2774295101063835,8.640185054580002,-1.3627555444736181,-17.650448547952813,7.614450659006626e-42,6.724972793847789e-40,True,Downregulated,GNA11,"guanine nucleotide binding protein (G protein), alpha 11 (Gq class)",GNA11
228601_at,7.452072574840424,8.81421071908,-1.3621381442395757,-6.619444900249637,1.3943860717056243e-09,6.491124221287754e-09,True,Downregulated,HAGLR,HOXD antisense growth-associated long non-coding RNA,HAGLR
1554574_a_at,9.011674317531915,10.373715169529998,-1.3620408519980831,-13.313040056422238,4.6703666890316513e-29,1.3083351184180022e-27,True,Downregulated,CYB5R3,cytochrome b5 reductase 3,CYB5R3
227623_at,6.7321055874999995,8.09380892196,-1.3617033344599996,-8.519622925069475,9.59192408351788e-14,6.810709290509475e-13,True,Downregulated,CACNA2D1,"calcium channel, voltage-dependent, alpha 2/delta subunit 1",CACNA2D1
210772_at,2.8421482526489354,4.20314278347,-1.3609945308210643,-8.85752527145034,1.9039835649339317e-15,1.606394667035866e-14,True,Downregulated,FPR2,formyl peptide receptor 2,FPR2
206197_at,6.0805582374574465,7.44000871733,-1.359450479872553,-5.879181987293547,2.1211432897277055e-08,8.74571199549976e-08,True,Downregulated,NME5,NME/NM23 family member 5,NME5
204793_at,5.185208717734042,6.543965854909999,-1.3587571371759566,-11.184074219251583,4.142136732290065e-22,6.350882733265492e-21,True,Downregulated,GPRASP1,G protein-coupled receptor associated sorting protein 1,GPRASP1
206359_at,7.305444605595745,8.664120969959999,-1.3586763643642543,-8.463640004573177,9.009485966390219e-15,7.124143078333788e-14,True,Downregulated,SOCS3,suppressor of cytokine signaling 3,SOCS3
203348_s_at,7.6235726962234045,8.98134567152,-1.3577729752965952,-10.362612274396795,2.700356656089912e-19,3.232614803126019e-18,True,Downregulated,ETV5,ets variant 5,ETV5
201811_x_at,10.58289665144681,11.93987587701,-1.3569792255631903,-15.957382243852898,1.052144033909143e-33,4.435001489642411e-32,True,Downregulated,SH3BP5,SH3-domain binding protein 5 (BTK-associated),SH3BP5
224833_at,10.957320597808513,12.313732431200002,-1.3564118333914887,-15.062364494204111,3.6183651597474556e-30,1.119133918816427e-28,True,Downregulated,ETS1,v-ets avian erythroblastosis virus E26 oncogene homolog 1,ETS1
238669_at,6.066031529010638,7.420064228659999,-1.3540326996493617,-14.317887677138565,1.5437237123519633e-30,4.936428275419898e-29,True,Downregulated,PTGS1,prostaglandin-endoperoxide synthase 1 (prostaglandin G/H synthase and cyclooxygenase),PTGS1
242605_at,3.551153628638298,4.90490031229,-1.3537466836517016,-11.627969618131967,5.76848974207118e-24,1.0373252733769324e-22,True,Downregulated,DCN,decorin,DCN
204083_s_at,9.997917176734044,11.35064673223,-1.3527295554959569,-9.734825937796364,1.455309622528643e-17,1.4884062247067045e-16,True,Downregulated,TPM2,tropomyosin 2 (beta),TPM2
203729_at,8.77886544131915,10.13142415462,-1.3525587133008496,-11.545926343489835,3.445362221382378e-21,4.8574640219992816e-20,True,Downregulated,EMP3,epithelial membrane protein 3,EMP3
239058_at,3.7033159449893622,5.05480285781,-1.3514869128206382,-11.61161662054125,8.852171938404805e-24,1.5641357420467832e-22,True,Downregulated,FOXC2,"forkhead box C2 (MFH-1, mesenchyme forkhead 1)",FOXC2
232099_at,5.403970781329788,6.755208387739999,-1.3512376064102112,-6.863592007207461,2.065984652952226e-10,1.0464361102146004e-09,True,Downregulated,PCDHB16,protocadherin beta 16,PCDHB16
209002_s_at,7.686566463361702,9.03547653289,-1.3489100695282978,-16.365251832301215,9.787498439215732e-37,5.63629969006057e-35,True,Downregulated,CALCOCO1,calcium binding and coiled-coil domain 1,CALCOCO1
202861_at,7.5461236141489385,8.894783822199999,-1.3486602080510606,-9.05006813506776,4.767752433925144e-16,4.249889499686738e-15,True,Downregulated,MIR6883,microRNA 6883 /// period circadian clock 1,MIR6883
229313_at,4.535724750734042,5.884044212689998,-1.3483194619559562,-9.554911567847979,5.28195844161444e-17,5.121604772682067e-16,True,Downregulated,ANO5,anoctamin 5,ANO5
212624_s_at,8.557419146840425,9.905519725620001,-1.348100578779576,-9.96818001067713,1.637466588450088e-17,1.663633886029022e-16,True,Downregulated,CHN1,chimerin 1,CHN1
239492_at,5.485116694446808,6.833149383820001,-1.348032689373193,-7.566750135558606,5.317338969816088e-12,3.1672025894853614e-11,True,Downregulated,SEC14L4,SEC14-like 4 (S. cerevisiae),SEC14L4
201473_at,9.493262706340424,10.840974220749999,-1.3477115144095748,-10.312485672744925,5.771971893069275e-20,7.341009227728163e-19,True,Downregulated,JUNB,jun B proto-oncogene,JUNB
236710_at,2.47768640080851,3.82501007711,-1.3473236763014897,-6.644029075108943,5.98913981423542e-10,2.8914089762899763e-09,True,Downregulated,C1orf87,chromosome 1 open reading frame 87,C1orf87
221035_s_at,2.578756940031915,3.9246902266,-1.3459332865680853,-10.28084390631623,1.2164955255600591e-18,1.3740115148629428e-17,True,Downregulated,TEX14,testis expressed 14,TEX14
202498_s_at,7.140993927946811,8.48686191869,-1.345867990743189,-7.841358423801288,8.194503890065639e-13,5.280967963468374e-12,True,Downregulated,SLC2A3,"solute carrier family 2 (facilitated glucose transporter), member 3",SLC2A3
221016_s_at,5.969576079340426,7.3153943215799995,-1.3458182422395737,-9.338070411415208,1.0311506500600675e-15,8.919502872970536e-15,True,Downregulated,TCF7L1,"transcription factor 7-like 1 (T-cell specific, HMG-box)",TCF7L1
206857_s_at,8.018978121489363,9.3641434768,-1.3451653553106375,-8.806087991175366,1.681510112234034e-14,1.292024327094568e-13,True,Downregulated,FKBP1B,"FK506 binding protein 1B, 12.6 kDa",FKBP1B
214602_at,5.605363640095746,6.949311358139999,-1.3439477180442534,-7.2651679045424595,1.6674341267833393e-11,9.447446744250363e-11,True,Downregulated,COL4A4,"collagen, type IV, alpha 4",COL4A4
232203_at,4.894905733712766,6.238316098470001,-1.3434103647572355,-15.525007084697172,5.691556956069785e-33,2.2525833880733587e-31,True,Downregulated,NKD1,naked cuticle homolog 1 (Drosophila),NKD1
241310_at,3.29389123468085,4.63630110807,-1.3424098733891494,-6.22950683423582,3.5205015124384245e-09,1.5703573921712814e-08,True,Downregulated,NEK5,NIMA-related kinase 5,NEK5
202781_s_at,6.429926812478723,7.771926238909999,-1.3419994264312756,-18.251996414640374,9.961539123435418e-43,9.601995399517875e-41,True,Downregulated,INPP5K,inositol polyphosphate-5-phosphatase K,INPP5K
211019_s_at,4.398690642585107,5.74003709922,-1.3413464566348932,-10.722060494070456,3.0239264178762156e-21,4.285768282263245e-20,True,Downregulated,LSS,"lanosterol synthase (2,3-oxidosqualene-lanosterol cyclase)",LSS
214823_at,6.473549252680851,7.814085038610001,-1.3405357859291502,-8.15736835376738,4.847347205387683e-13,3.2021544680543096e-12,True,Downregulated,ZNF204P,"zinc finger protein 204, pseudogene",ZNF204P
222394_at,8.244526204255319,9.58472167633,-1.3401954720746811,-20.31802502733334,5.180772646740706e-45,6.450301795777677e-43,True,Downregulated,PDCD6IP,programmed cell death 6 interacting protein,PDCD6IP
219935_at,4.746295736553193,6.086313047950001,-1.3400173113968084,-6.945726646502515,9.598871155050774e-11,5.03545190622804e-10,True,Downregulated,ADAMTS5,"ADAM metallopeptidase with thrombospondin type 1 motif, 5",ADAMTS5
217367_s_at,5.242239024202127,6.58199226647,-1.3397532422678733,-17.96605706922999,1.0037062946026718e-41,8.778105164471432e-40,True,Downregulated,ZHX3,zinc fingers and homeoboxes 3,ZHX3
210155_at,2.62741883443617,3.9665546525999997,-1.3391358181638298,-11.102450083873132,2.7579247216309234e-19,3.300060936098795e-18,True,Downregulated,MYOC,"myocilin, trabecular meshwork inducible glucocorticoid response",MYOC
218764_at,8.802270213787235,10.14113793122,-1.3388677174327643,-15.94375574587653,1.1943641277690833e-32,4.582030597445643e-31,True,Downregulated,PRKCH,"protein kinase C, eta",PRKCH
207957_s_at,6.444433349085105,7.7829220031799995,-1.3384886540948946,-9.872840692692609,3.5522083272399945e-17,3.50181592904931e-16,True,Downregulated,PRKCB,"protein kinase C, beta",PRKCB
201236_s_at,9.228889842404255,10.566640470580001,-1.3377506281757459,-9.88646243047902,8.616764764475579e-19,9.860878928129437e-18,True,Downregulated,BTG2,"BTG family, member 2",BTG2
225185_at,6.380132172882979,7.716807192159999,-1.3366750192770205,-15.2851670217443,3.086425785131608e-31,1.0414460306090882e-29,True,Downregulated,MRAS,muscle RAS oncogene homolog,MRAS
210629_x_at,7.014651525159575,8.351298412600002,-1.336646887440427,-9.780017805011811,9.639140880138417e-18,1.002806250249758e-16,True,Downregulated,LST1,leukocyte specific transcript 1,LST1
223119_s_at,5.253482056414894,6.58792814794,-1.3344460915251055,-13.11529330771164,3.00792809872965e-28,7.861244932860688e-27,True,Downregulated,USP47,ubiquitin specific peptidase 47,USP47
213765_at,4.109774809797871,5.44287069356,-1.3330958837621285,-4.688716363809213,5.23129103886112e-06,1.6604911172392104e-05,True,Downregulated,MFAP5,microfibrillar associated protein 5,MFAP5
225212_at,6.57627869574468,7.90842343819,-1.3321447424453199,-11.287407800301109,1.0618570092126857e-22,1.7161370522089397e-21,True,Downregulated,SLC25A25,"solute carrier family 25 (mitochondrial carrier; phosphate carrier), member 25",SLC25A25
208869_s_at,8.168785081297871,9.50081987317,-1.332034791872129,-16.177560959957564,1.4469818274960163e-33,6.037809509208747e-32,True,Downregulated,GABARAPL1,GABA(A) receptor-associated protein like 1,GABARAPL1
210632_s_at,2.266268276351064,3.59801179902,-1.331743522668936,-12.250071582658931,8.313475915119174e-23,1.3566402171438105e-21,True,Downregulated,SGCA,"sarcoglycan, alpha (50kDa dystrophin-associated glycoprotein)",SGCA
202986_at,5.019499676468086,6.351094466500001,-1.3315947900319154,-8.332478101502463,1.1311350161580774e-13,7.97682286339037e-13,True,Downregulated,ARNT2,aryl-hydrocarbon receptor nuclear translocator 2,ARNT2
226873_at,8.36429858988298,9.69468677893,-1.3303881890470208,-15.539812399797595,5.393604259272345e-34,2.339519344267922e-32,True,Downregulated,FAM63B,"family with sequence similarity 63, member B",FAM63B
228493_at,2.986062679053191,4.31556304181,-1.329500362756809,-17.09062389288837,3.3291729397880817e-40,2.558041367706311e-38,True,Downregulated,RP3-327A19.5,,RP3-327A19.5
235079_at,7.611690366617022,8.94100737318,-1.3293170065629774,-8.269536090334192,1.9812594113517683e-13,1.3630598452157355e-12,True,Downregulated,ZNF704,zinc finger protein 704,ZNF704
205936_s_at,3.973070509489361,5.30201324398,-1.3289427344906395,-8.19767027666814,3.707732927514849e-14,2.748781850300671e-13,True,Downregulated,HK3,hexokinase 3 (white cell),HK3
228372_at,7.48133756030851,8.80893732485,-1.3275997645414899,-12.26419046043446,3.3697994611600886e-24,6.156522887838198e-23,True,Downregulated,C10orf128,chromosome 10 open reading frame 128,C10orf128
223704_s_at,2.3988144127446804,3.7261582477900004,-1.32734383504532,-10.865394838136124,1.6166573269330289e-19,1.9762166133277245e-18,True,Downregulated,DMRT2,doublesex and mab-3 related transcription factor 2,DMRT2
223809_at,6.090333778117019,7.41599032943,-1.3256565513129805,-8.2210664568266,6.186050519668091e-14,4.478101120469286e-13,True,Downregulated,RGS18,regulator of G-protein signaling 18,RGS18
201565_s_at,11.178044097170213,12.503262062900001,-1.325217965729788,-15.403881759388762,1.902419255136138e-31,6.576061828840124e-30,True,Downregulated,ID2,"inhibitor of DNA binding 2, dominant negative helix-loop-helix protein",ID2
202743_at,8.294038310085107,9.61924555008,-1.325207239994894,-9.928180544665972,2.7194665240679396e-18,2.9784000501632706e-17,True,Downregulated,PIK3R3,"phosphoinositide-3-kinase, regulatory subunit 3 (gamma)",PIK3R3
224906_at,9.999546274351065,11.3244168485,-1.3248705741489353,-19.478183165299903,1.3536387960713132e-41,1.1724125005715242e-39,True,Downregulated,ANO6,anoctamin 6,ANO6
235004_at,3.1452165294787235,4.46953294108,-1.3243164116012762,-8.287605731297608,2.0325537851990237e-14,1.548264238644876e-13,True,Downregulated,RBM24,RNA binding motif protein 24,RBM24
230964_at,6.221169747904255,7.545361102670001,-1.3241913547657465,-6.470701762093692,2.601233638850164e-09,1.1753188213978068e-08,True,Downregulated,FREM2,FRAS1 related extracellular matrix protein 2,FREM2
207390_s_at,6.170179665436171,7.4940064385700005,-1.3238267731338293,-11.327552154412606,8.974462950353279e-23,1.4593147234245687e-21,True,Downregulated,SMTN,smoothelin,SMTN
219383_at,6.026743151861702,7.34953578659,-1.3227926347282981,-9.58831354419172,2.6501421534188462e-17,2.642086114249973e-16,True,Downregulated,PRR5L,proline rich 5 like,PRR5L
207177_at,2.989093335670213,4.310315693560001,-1.3212223578897877,-10.298432576704425,9.873050557903472e-20,1.2303797435296482e-18,True,Downregulated,PTGFR,prostaglandin F receptor (FP),PTGFR
208763_s_at,10.985414908351064,12.3063761037,-1.3209611953489357,-10.642330812839202,5.43282021792498e-20,6.924399721358126e-19,True,Downregulated,TSC22D3,"TSC22 domain family, member 3",TSC22D3
1553177_at,2.5201815286489366,3.8411400936300004,-1.3209585649810638,-10.524870876403126,8.92688831221288e-19,1.0207092150524703e-17,True,Downregulated,SH2D1B,SH2 domain containing 1B,SH2D1B
227791_at,6.697242249531916,8.017832771160002,-1.3205905216280858,-11.779489151515273,6.1190626059017e-22,9.260548714716625e-21,True,Downregulated,SLC9A9,"solute carrier family 9, subfamily A (NHE9, cation proton antiporter 9), member 9",SLC9A9
202607_at,6.4279130989361715,7.748033252829999,-1.3201201538938276,-14.276103541585059,1.1704161629700574e-31,4.101107735603095e-30,True,Downregulated,NDST1,N-deacetylase/N-sulfotransferase (heparan glucosaminyl) 1,NDST1
226705_at,6.028561233212766,7.348282495249999,-1.3197212620372332,-9.232267604639116,8.489142545713755e-16,7.40507656444632e-15,True,Downregulated,FGFR1,fibroblast growth factor receptor 1,FGFR1
230830_at,2.3878225550212764,3.7070940367299996,-1.3192714817087232,-9.81231870216426,3.613092940886006e-18,3.9085642984411656e-17,True,Downregulated,SLC51B,"solute carrier family 51, beta subunit",SLC51B
206762_at,3.0943703051808513,4.413598457049999,-1.3192281518691478,-12.418015236044894,3.8275245515450247e-25,7.607806191034763e-24,True,Downregulated,KCNA5,"potassium voltage-gated channel, shaker-related subfamily, member 5",KCNA5
228647_at,6.870874671063829,8.18957194597,-1.318697274906171,-11.65188826309919,5.0199224937759887e-23,8.351424412317826e-22,True,Downregulated,LOC100049716,uncharacterized LOC100049716,LOC100049716
210839_s_at,8.471537992223405,9.789400162789999,-1.3178621705665936,-7.430098783755321,3.841422628520272e-12,2.3215141291864196e-11,True,Downregulated,ENPP2,ectonucleotide pyrophosphatase/phosphodiesterase 2,ENPP2
231389_at,2.7622023450106385,4.0775375256799995,-1.315335180669361,-5.262751560879839,4.2847365765568254e-07,1.5340400819189605e-06,True,Downregulated,PIH1D3,PIH1 domain containing 3,PIH1D3
243023_at,3.958846740606383,5.273612310689999,-1.3147655700836158,-13.577689556613985,1.4634727782121018e-29,4.30133042890252e-28,True,Downregulated,RP11-127B20.2,,RP11-127B20.2
219958_at,3.281396224042553,4.595821072830001,-1.3144248487874477,-15.723736185165249,6.536632030041613e-34,2.8014286085085114e-32,True,Downregulated,TMEM74B,transmembrane protein 74B,TMEM74B
209785_s_at,6.754529098542553,8.06768952559,-1.313160427047447,-10.712655435735979,6.3755061283243835e-21,8.817510224172159e-20,True,Downregulated,PLA2G4C,"phospholipase A2, group IVC (cytosolic, calcium-independent)",PLA2G4C
215235_at,8.950823546117023,10.26323434339,-1.3124107972729764,-18.49233564440844,5.183998742318915e-44,5.725391300910989e-42,True,Downregulated,SPTAN1,"spectrin, alpha, non-erythrocytic 1",SPTAN1
226878_at,7.907806523968087,9.21953190462,-1.3117253806519136,-8.507358058329181,6.187531277248438e-14,4.4785702769221427e-13,True,Downregulated,HLA-DOA,"major histocompatibility complex, class II, DO alpha",HLA-DOA
203697_at,7.7913480331702125,9.10230409202,-1.3109560588497882,-7.432571884978403,8.79692617089002e-12,5.1329081257050406e-11,True,Downregulated,FRZB,frizzled-related protein,FRZB
35846_at,4.803696918829787,6.114251381170001,-1.3105544623402139,-16.729463887860234,2.5752313248051054e-37,1.570423945986025e-35,True,Downregulated,THRA,"thyroid hormone receptor, alpha",THRA
204021_s_at,8.286650614531915,9.5969737467,-1.3103231321680848,-12.48435072408694,1.3859209408038708e-23,2.410059609507824e-22,True,Downregulated,PURA,purine-rich element binding protein A,PURA
232086_at,3.488418693340426,4.79845176583,-1.3100330724895741,-17.06663463537102,2.5816009931690103e-37,1.5725253795989627e-35,True,Downregulated,PIK3C3,"phosphatidylinositol 3-kinase, catalytic subunit type 3",PIK3C3
1558517_s_at,5.90990586257447,7.2197506449799995,-1.3098447824055297,-12.639374168730162,1.0677031109740387e-24,2.0371578406119067e-23,True,Downregulated,LOC101927933,"uncharacterized LOC101927933 /// leucine rich repeat containing 8 family, member C",LOC101927933
227081_at,6.64005035268085,7.94939495376,-1.3093446010791494,-7.504380508309977,7.719695166238081e-12,4.525466203937672e-11,True,Downregulated,DNALI1,"dynein, axonemal, light intermediate chain 1",DNALI1
212099_at,11.599836605861702,12.9081100773,-1.308273471438298,-11.422401873109218,3.058182157779568e-22,4.758096197232625e-21,True,Downregulated,RHOB,ras homolog family member B,RHOB
228943_at,5.109303048776596,6.416090660319998,-1.3067876115434025,-9.868721248931791,8.81904628365377e-19,1.0088073658285872e-17,True,Downregulated,MAP6,microtubule-associated protein 6,MAP6
235962_at,4.8596825725638295,6.165249844000001,-1.3055672714361712,-16.199039985847687,2.8272712704882504e-32,1.048742155548145e-30,True,Downregulated,AZI2,5-azacytidine induced 2,AZI2
205620_at,2.99603515669149,4.30077610551,-1.3047409488185098,-19.547288572047606,3.631614768821178e-46,5.181167956387689e-44,True,Downregulated,F10,coagulation factor X,F10
244289_at,3.886972011521277,5.1916669440100005,-1.3046949324887236,-10.039406873120946,3.4987545297612844e-19,4.136821524241381e-18,True,Downregulated,ZNF300P1,zinc finger protein 300 pseudogene 1 (functional),ZNF300P1
222834_s_at,7.008622063787233,8.312242824030001,-1.3036207602427679,-7.3321142169224425,2.3647047878884902e-11,1.3201994158331984e-10,True,Downregulated,GNG12,"guanine nucleotide binding protein (G protein), gamma 12",GNG12
1552737_s_at,3.1118957889787233,4.414970534330001,-1.3030747453512777,-12.289127573085615,5.670770114895009e-26,1.2132380326163204e-24,True,Downregulated,WWP2,WW domain containing E3 ubiquitin protein ligase 2,WWP2
224818_at,9.038902814063832,10.34184209816,-1.302939284096169,-16.388649834273647,4.380560998414299e-34,1.9218014181134703e-32,True,Downregulated,SORT1,sortilin 1,SORT1
244647_at,5.088936619734041,6.391682223359998,-1.302745603625957,-15.804884871091396,6.471338571482483e-35,3.080242623059795e-33,True,Downregulated,WBP11,WW domain binding protein 11,WBP11
232064_at,5.15517679762766,6.457752783550002,-1.302575985922342,-16.1477045523545,1.393376333884068e-37,8.713546589608249e-36,True,Downregulated,FER,fer (fps/fes related) tyrosine kinase,FER
222696_at,6.843602325148936,8.14601983531,-1.3024175101610638,-10.26495116119862,1.8578533359990049e-19,2.260780532353902e-18,True,Downregulated,AXIN2,axin 2,AXIN2
44702_at,5.984964263425534,7.287377520459999,-1.3024132570344653,-14.384294320541562,4.626173888349048e-30,1.4202248216823167e-28,True,Downregulated,SYDE1,"synapse defective 1, Rho GTPase, homolog 1 (C. elegans)",SYDE1
203131_at,10.30275188693617,11.60429703926,-1.3015451523238308,-8.18083499405224,3.115433611829824e-13,2.0998334867904628e-12,True,Downregulated,PDGFRA,"platelet-derived growth factor receptor, alpha polypeptide",PDGFRA
223541_at,7.2952961794680835,8.596176825599999,-1.3008806461319153,-5.682799010854235,9.766730826e-08,3.743948287415266e-07,True,Downregulated,HAS3,hyaluronan synthase 3,HAS3
1552326_a_at,3.4498208691170213,4.750528521270001,-1.3007076521529792,-5.540617394451911,1.1864098323239446e-07,4.509698886316303e-07,True,Downregulated,CCDC11,coiled-coil domain containing 11,CCDC11
201694_s_at,11.251348528468084,12.55177395728,-1.3004254288119164,-8.363962534284074,1.850767892814576e-14,1.414599998336291e-13,True,Downregulated,EGR1,early growth response 1,EGR1
211810_s_at,4.707456738829788,6.00695996379,-1.2995032249602119,-8.040515133898648,9.055172244716372e-14,6.443200084062901e-13,True,Downregulated,GALC,galactosylceramidase,GALC
213746_s_at,10.498580464904254,11.797728565999996,-1.2991481010957422,-12.569138442814028,2.166697273422459e-25,4.4243727998595434e-24,True,Downregulated,FLNA,"filamin A, alpha",FLNA
204606_at,7.496333355702127,8.79482131784,-1.298487962137873,-6.690957263479591,3.527124123627824e-10,1.7409369378126652e-09,True,Downregulated,CCL21,chemokine (C-C motif) ligand 21,CCL21
202728_s_at,6.539353820202126,7.83718835669,-1.2978345364878736,-8.00640665097761,1.757236226148088e-13,1.2156232496411711e-12,True,Downregulated,LTBP1,latent transforming growth factor beta binding protein 1,LTBP1
227013_at,8.737644360106382,10.03540779655,-1.2977634364436188,-14.984192515322867,7.468093717717546e-30,2.257891448573108e-28,True,Downregulated,LATS2,large tumor suppressor kinase 2,LATS2
230479_at,6.769932978106383,8.06688417579,-1.296951197683616,-14.246162920783956,1.3714365353342514e-29,4.046302001617556e-28,True,Downregulated,EIF3F,"eukaryotic translation initiation factor 3, subunit F",EIF3F
232054_at,5.949610607276595,7.246241362050001,-1.296630754773406,-5.917510763660176,3.6199960351481146e-08,1.456719338219935e-07,True,Downregulated,LOC101926951,uncharacterized LOC101926951 /// protocadherin 20,LOC101926951
201466_s_at,10.470516312712766,11.7670767342,-1.296560421487234,-10.485023839598494,1.367500893175004e-20,1.8429567286472254e-19,True,Downregulated,JUN,jun proto-oncogene,JUN
216236_s_at,6.3345016713297895,7.62763193385,-1.2931302625202106,-7.567181064785691,2.5312489578253127e-12,1.556129345589122e-11,True,Downregulated,SLC2A14,"solute carrier family 2 (facilitated glucose transporter), member 14 /// solute carrier family 2 (facilitated glucose transporter), member 3",SLC2A14
204007_at,7.570864816063828,8.86375452785,-1.292889711786172,-8.98153435160727,6.679764832224763e-16,5.881123445179916e-15,True,Downregulated,FCGR3B,"Fc fragment of IgG, low affinity IIIb, receptor (CD16b)",FCGR3B
209919_x_at,8.003399370638297,9.296119820820001,-1.2927204501817045,-10.168626717494222,1.912819442629745e-18,2.123924577648296e-17,True,Downregulated,GGT1,gamma-glutamyltransferase 1 /// gamma-glutamyltransferase 2 /// gamma-glutamyltransferase light chain 1 /// gamma-glutamyltransferase light chain 2,GGT1
222101_s_at,6.895757585989362,8.18746527312,-1.2917076871306392,-10.718863429000251,3.2573528196063316e-20,4.2370006954134497e-19,True,Downregulated,DCHS1,dachsous cadherin-related 1,DCHS1
208121_s_at,4.95196397787234,6.241727084109999,-1.2897631062376593,-7.714230910656313,7.873809735738337e-13,5.085263333890756e-12,True,Downregulated,PTPRO,"protein tyrosine phosphatase, receptor type, O",PTPRO
220150_s_at,6.218761498265955,7.508066563139998,-1.2893050648740427,-8.258172656407233,3.5800342521814687e-13,2.399747286737693e-12,True,Downregulated,FAM184A,"family with sequence similarity 184, member A",FAM184A
236222_at,4.724875298521277,6.0139364548800005,-1.2890611563587235,-8.337211338628752,1.9176040778125086e-14,1.4640206235517896e-13,True,Downregulated,MAATS1,"MYCBP-associated, testis expressed 1",MAATS1
229385_s_at,2.4377094338085104,3.72606383577,-1.2883544019614899,-12.853593235634953,2.037414926915628e-24,3.7918477252278185e-23,True,Downregulated,TINCR,tissue differentiation-inducing non-protein coding RNA,TINCR
206371_at,3.1211306452021277,4.40930690394,-1.2881762587378724,-7.685493182875988,6.341874782387171e-12,3.747572808673658e-11,True,Downregulated,FOLR3,folate receptor 3 (gamma),FOLR3
227983_at,8.491891955351065,9.77957205432,-1.287680098968936,-17.87296406350796,1.7701628529413752e-34,8.041383379079798e-33,True,Downregulated,RILPL2,Rab interacting lysosomal protein-like 2,RILPL2
204122_at,10.478733065212765,11.766371768190002,-1.2876387029772367,-10.438642753577875,2.61174408912e-19,3.13071690611563e-18,True,Downregulated,TYROBP,TYRO protein tyrosine kinase binding protein,TYROBP
37996_s_at,4.017960049510639,5.30510669544,-1.2871466459293615,-10.902574557455457,7.598321576914725e-22,1.1371266676013784e-20,True,Downregulated,DMPK,dystrophia myotonica-protein kinase,DMPK
213606_s_at,6.135653638329788,7.421849966250002,-1.286196327920214,-6.772288131987407,1.505451415058876e-10,7.735998312995402e-10,True,Downregulated,ARHGDIA,Rho GDP dissociation inhibitor (GDI) alpha,ARHGDIA
203188_at,7.700544682840426,8.984216681939998,-1.283671999099572,-15.664683800152755,4.2340881092905085e-35,2.047973588545857e-33,True,Downregulated,B3GNT1,"UDP-GlcNAc:betaGal beta-1,3-N-acetylglucosaminyltransferase 1",B3GNT1
228461_at,5.2769849529042565,6.5598862680100005,-1.282901315105744,-9.952864762901639,1.421714912483318e-17,1.4554312577622333e-16,True,Downregulated,SH3RF3,SH3 domain containing ring finger 3,SH3RF3
205193_at,7.404352274351064,8.68660761321,-1.2822553388589366,-8.429468779466932,9.077375968338175e-15,7.176771186726989e-14,True,Downregulated,MAFF,v-maf avian musculoaponeurotic fibrosarcoma oncogene homolog F,MAFF
200965_s_at,9.802354375648937,11.084348471169996,-1.2819940955210587,-10.898340523624366,8.994777185894121e-20,1.1243157929828054e-18,True,Downregulated,ABLIM1,actin binding LIM protein 1,ABLIM1
205755_at,4.3690253663617025,5.649895664100001,-1.2808702977382982,-12.125238827240747,8.189331570752548e-25,1.5764902930010612e-23,True,Downregulated,ITIH3,inter-alpha-trypsin inhibitor heavy chain 3,ITIH3
228790_at,3.943996221755319,5.224739717670001,-1.2807434959146824,-11.277815049154201,5.917952337787075e-22,8.973864799554994e-21,True,Downregulated,FAM110B,"family with sequence similarity 110, member B",FAM110B
226865_at,9.244866397861704,10.525026515989998,-1.2801601181282933,-12.368847168567376,1.2959866058741091e-23,2.260244344472919e-22,True,Downregulated,PLXDC2,plexin domain containing 2,PLXDC2
212423_at,8.77226830394681,10.05214949746,-1.2798811935131909,-14.863924114703957,1.2586286343155945e-30,4.0512627004966226e-29,True,Downregulated,ZCCHC24,"zinc finger, CCHC domain containing 24",ZCCHC24
209740_s_at,5.0969787234042565,6.3767793483799995,-1.279800624975743,-11.046068945996025,7.010913861401659e-22,1.0527331461455881e-20,True,Downregulated,PNPLA4,patatin-like phospholipase domain containing 4,PNPLA4
231738_at,5.168630813042553,6.448145177159997,-1.2795143641174445,-8.151685085601008,1.1691709019635538e-13,8.232101863203523e-13,True,Downregulated,PCDHB7,protocadherin beta 7,PCDHB7
229778_at,3.053060048010638,4.3320788103500005,-1.2790187623393625,-5.999905768748515,1.4316843988151101e-08,6.012694391713088e-08,True,Downregulated,SPX,spexin hormone,SPX
209442_x_at,7.519173674329786,8.79796890788,-1.2787952335502135,-9.939611172895203,8.984065112660774e-18,9.377390377441731e-17,True,Downregulated,ANK3,"ankyrin 3, node of Ranvier (ankyrin G)",ANK3
204959_at,9.718571167180851,10.996639911679999,-1.2780687444991479,-10.03803310544853,1.0929357417408662e-18,1.239920729915086e-17,True,Downregulated,MNDA,myeloid cell nuclear differentiation antigen,MNDA
202709_at,8.185283446351065,9.46276324143,-1.2774797950789356,-8.177984714125516,3.9053249434402784e-13,2.6064252066990796e-12,True,Downregulated,FMOD,fibromodulin,FMOD
230218_at,4.080515732723404,5.357960476560001,-1.2774447438365968,-11.902604479727751,4.866974889232095e-24,8.784399711148908e-23,True,Downregulated,HIC1,hypermethylated in cancer 1,HIC1
225978_at,5.419575649840426,6.696744199110001,-1.2771685492695752,-8.569698997968503,6.772182325322729e-14,4.877458470136694e-13,True,Downregulated,RIMKLB,ribosomal modification protein rimK-like family member B,RIMKLB
230025_at,4.603137817904256,5.879882245189999,-1.2767444272857436,-12.442205832744596,2.2260246124388788e-26,4.919020534290778e-25,True,Downregulated,GJD3,"gap junction protein, delta 3, 31.9kDa",GJD3
226776_at,6.4543118122659555,7.7308169529,-1.2765051406340442,-12.643605472658304,9.726735508104838e-25,1.8617871745157537e-23,True,Downregulated,ENY2,enhancer of yellow 2 homolog (Drosophila),ENY2
1556695_a_at,3.071956368223405,4.3480469062,-1.2760905379765948,-10.315644353171985,4.3351510032212254e-20,5.5755722587101105e-19,True,Downregulated,NR2F1-AS1,NR2F1 antisense RNA 1,NR2F1-AS1
1558173_a_at,8.061589661712766,9.337423415289999,-1.275833753577233,-9.868477177310961,3.151445911983508e-17,3.124491609621105e-16,True,Downregulated,LUZP1,leucine zipper protein 1,LUZP1
230183_at,6.322675814904257,7.59835749481,-1.2756816799057429,-12.170728717333775,1.9117005412656836e-24,3.571473612800141e-23,True,Downregulated,EXT1,exostosin glycosyltransferase 1,EXT1
227562_at,7.103073042085107,8.378073701160002,-1.2750006590748946,-17.09164881517364,2.1774307817512816e-36,1.2011824823310198e-34,True,Downregulated,LAMTOR3,"late endosomal/lysosomal adaptor, MAPK and MTOR activator 3",LAMTOR3
243501_at,4.981554495478723,6.25527133521,-1.2737168397312768,-13.394478716386004,1.402152530727854e-27,3.459457615492126e-26,True,Downregulated,ATP5F1,"ATP synthase, H+ transporting, mitochondrial Fo complex, subunit B1",ATP5F1
57715_at,6.493440165265956,7.76577600002,-1.2723358347540437,-10.024615012119996,5.670181230411965e-18,6.02481959025954e-17,True,Downregulated,CALHM2,calcium homeostasis modulator 2,CALHM2
222218_s_at,7.5206722225425535,8.792648591799999,-1.2719763692574455,-10.110927090031666,7.657005192731645e-19,8.796234115682706e-18,True,Downregulated,PILRA,paired immunoglobin-like type 2 receptor alpha,PILRA
228162_at,5.082799490297873,6.3543896479,-1.2715901576021267,-11.819424211326647,6.44559583085466e-24,1.151770157336707e-22,True,Downregulated,ESD,esterase D,ESD
1567107_s_at,8.771910568595743,10.0431554092,-1.2712448406042576,-9.227982787202949,7.350360795055724e-17,7.028802013370129e-16,True,Downregulated,TPM4,tropomyosin 4,TPM4
227722_at,6.6096029130000025,7.880526585139998,-1.270923672139996,-6.989626959726849,5.571393881990627e-11,2.998428970749929e-10,True,Downregulated,RPS23,ribosomal protein S23,RPS23
1558215_s_at,5.3205247264680855,6.591346621759999,-1.2708218952919133,-14.074585474037711,9.216486693635966e-30,2.7601222344315373e-28,True,Downregulated,UBTF,"upstream binding transcription factor, RNA polymerase I",UBTF
1557136_at,6.329368782393615,7.599143289540002,-1.269774507146387,-6.072909502406627,2.220437928732465e-08,9.13690417219833e-08,True,Downregulated,ATP13A4,ATPase type 13A4,ATP13A4
226147_s_at,11.648318194808514,12.917947753600004,-1.2696295587914896,-5.168660427836815,1.1322777554949724e-06,3.862051579494742e-06,True,Downregulated,PIGR,polymeric immunoglobulin receptor,PIGR
205231_s_at,5.05886204525532,6.32848627327,-1.2696242280146803,-17.140231616148597,4.991078889568593e-39,3.5462373732409026e-37,True,Downregulated,EPM2A,"epilepsy, progressive myoclonus type 2A, Lafora disease (laforin)",EPM2A
1555993_at,4.116126817691489,5.385684447,-1.269557629308511,-10.600440372581001,6.479130199624832e-21,8.956219401619665e-20,True,Downregulated,CACNA1D,"calcium channel, voltage-dependent, L type, alpha 1D subunit",CACNA1D
205929_at,2.255321893457447,3.52416559902,-1.2688437055625528,-9.036402729079587,8.421784461977896e-15,6.68497784934981e-14,True,Downregulated,GPA33,glycoprotein A33 (transmembrane),GPA33
241392_at,2.989943072819149,4.25876238296,-1.2688193101408505,-14.796157788706516,9.759293686195643e-32,3.45337743556394e-30,True,Downregulated,TMEM39A,transmembrane protein 39A,TMEM39A
205931_s_at,3.91018458993617,5.17857993892,-1.2683953489838298,-8.747505136401884,1.5581132818113514e-15,1.3264431936610533e-14,True,Downregulated,CREB5,cAMP responsive element binding protein 5 /// uncharacterized LOC401317,CREB5
230369_at,6.014389448489362,7.282433369470001,-1.2680439209806398,-10.99735161017977,1.868727370207327e-20,2.481762230468427e-19,True,Downregulated,GPR161,G protein-coupled receptor 161,GPR161
219049_at,7.914001079276596,9.18120179822,-1.2672007189434042,-8.545555398525131,3.474303646342538e-14,2.5799930404829453e-13,True,Downregulated,CSGALNACT1,chondroitin sulfate N-acetylgalactosaminyltransferase 1,CSGALNACT1
200907_s_at,10.930123940851063,12.196859657799997,-1.2667357169489346,-12.029624953561145,2.483489241140241e-23,4.232476309377978e-22,True,Downregulated,PALLD,"palladin, cytoskeletal associated protein",PALLD
203853_s_at,7.79656159169149,9.06318505181,-1.2666234601185105,-16.97638822647669,6.205658376447842e-36,3.272328837604153e-34,True,Downregulated,GAB2,GRB2-associated binding protein 2,GAB2
220636_at,2.8833705164787227,4.14950668219,-1.2661361657112775,-5.707292351784525,5.6040111611355615e-08,2.2093186565479537e-07,True,Downregulated,DNAI2,"dynein, axonemal, intermediate chain 2",DNAI2
229497_at,5.285924017734043,6.551177630919999,-1.2652536131859557,-12.606896148477817,3.241343252039071e-25,6.500331400230181e-24,True,Downregulated,ANKDD1A,ankyrin repeat and death domain containing 1A,ANKDD1A
202615_at,10.361474833042553,11.626581844099999,-1.2651070110574452,-20.447231456096734,6.664458049635666e-44,7.285661395481788e-42,True,Downregulated,GNAQ,"guanine nucleotide binding protein (G protein), q polypeptide",GNAQ
228831_s_at,5.756978628382977,7.021170808359999,-1.2641921799770222,-13.064992304925816,4.8744629018839885e-26,1.0478731480444933e-24,True,Downregulated,GNG7,"guanine nucleotide binding protein (G protein), gamma 7",GNG7
226171_at,6.265408936968085,7.529117874040001,-1.2637089370719155,-14.22476527452432,8.923547730739495e-28,2.2407186659456324e-26,True,Downregulated,ZDHHC3,"zinc finger, DHHC-type containing 3",ZDHHC3
213012_at,6.478914232659576,7.74244592878,-1.263531696120424,-12.171179363528918,8.838012423014127e-24,1.5621470134217478e-22,True,Downregulated,NEDD4,"neural precursor cell expressed, developmentally down-regulated 4, E3 ubiquitin protein ligase",NEDD4
239989_at,3.1088692322127653,4.37162363951,-1.2627544072972348,-13.368200930516348,3.4206419679826646e-29,9.69350099525372e-28,True,Downregulated,CNTLN,"centlein, centrosomal protein",CNTLN
211031_s_at,5.340914130510638,6.60352202741,-1.2626078968993628,-11.838194388891598,3.289828720362722e-24,6.014504675507457e-23,True,Downregulated,CLIP2,CAP-GLY domain containing linker protein 2,CLIP2
222020_s_at,6.350343834191488,7.612105679250001,-1.2617618450585129,-4.7625332400569445,4.304340142742956e-06,1.37805499355698e-05,True,Downregulated,LOC102725271,neurotrimin-like /// neurotrimin,LOC102725271
202506_at,9.505102309680852,10.766407629380002,-1.261305319699149,-18.908361050667477,1.4331587772971053e-42,1.3476202446801067e-40,True,Downregulated,SSFA2,sperm specific antigen 2,SSFA2
238853_at,3.9693517011063824,5.229889942470001,-1.2605382413636184,-8.109356485699093,9.436661489671713e-14,6.704005744069248e-13,True,Downregulated,RAB3IP,RAB3A interacting protein,RAB3IP
228006_at,7.638173363712767,8.897448725659999,-1.2592753619472319,-16.632841224506063,7.518520688460441e-35,3.5410784041115e-33,True,Downregulated,PTEN,phosphatase and tensin homolog,PTEN
231380_at,4.593779867957447,5.852113937250001,-1.2583340692925544,-7.151096929336594,3.0893325961594486e-11,1.7049337473530894e-10,True,Downregulated,C8orf34,chromosome 8 open reading frame 34,C8orf34
226638_at,6.017158931159574,7.274884333990001,-1.2577254028304274,-13.031940470294575,1.9443194378826794e-26,4.332111238026421e-25,True,Downregulated,ARHGAP23,Rho GTPase activating protein 23,ARHGAP23
204201_s_at,8.264301131265958,9.521567366540001,-1.2572662352740434,-8.516286631999035,1.0372912260824933e-13,7.341985246226213e-13,True,Downregulated,PTPN13,"protein tyrosine phosphatase, non-receptor type 13 (APO-1/CD95 (Fas)-associated phosphatase)",PTPN13
225093_at,9.711330412978722,10.968166070830002,-1.2568356578512798,-16.029941028148723,1.4053823412695008e-32,5.357186010455094e-31,True,Downregulated,UTRN,utrophin,UTRN
209311_at,7.794546039904255,9.05103943092,-1.256493391015744,-18.646097352352534,1.048861400224844e-42,1.0055982045007746e-40,True,Downregulated,BCL2L2,BCL2-like 2,BCL2L2
205288_at,5.353895573893617,6.61019686697,-1.2563012930763833,-13.495408896668568,3.2557351952366454e-28,8.467745319680765e-27,True,Downregulated,CDC14A,cell division cycle 14A,CDC14A
215389_s_at,2.8584618139574465,4.11465918664,-1.2561973726825535,-10.976237911702121,6.252496846722614e-21,8.651834201127412e-20,True,Downregulated,TNNT2,troponin T type 2 (cardiac),TNNT2
214847_s_at,3.7967609260851063,5.05170451361,-1.2549435875248935,-8.24683818994912,2.8982966480656795e-14,2.170836701195664e-13,True,Downregulated,GPSM3,G-protein signaling modulator 3,GPSM3
1555804_a_at,2.612825352723404,3.8675770560800005,-1.2547517033565962,-5.682919869307263,6.815841812052366e-08,2.662673356355669e-07,True,Downregulated,MAP3K19,mitogen-activated protein kinase kinase kinase 19,MAP3K19
1553321_a_at,2.5313379132340423,3.7858571132799996,-1.2545192000459573,-10.529499295453423,2.7798441963400453e-18,3.042667886535321e-17,True,Downregulated,SULT1C4,"sulfotransferase family, cytosolic, 1C, member 4",SULT1C4
206120_at,4.357942472478723,5.611957902349999,-1.2540154298712753,-10.932429526475493,7.497298618398343e-22,1.1226328048139569e-20,True,Downregulated,CD33,CD33 molecule,CD33
226267_at,7.712491064914894,8.96642383508,-1.2539327701651066,-12.800334906156095,1.6469077346964617e-27,4.048472551114438e-26,True,Downregulated,JDP2,Jun dimerization protein 2,JDP2
230695_s_at,3.691064419808511,4.94461732709,-1.2535529072814886,-5.359769603234811,2.663651335100697e-07,9.740101346775857e-07,True,Downregulated,RSPH9,radial spoke head 9 homolog (Chlamydomonas),RSPH9
227312_at,6.709354057372339,7.962344524510001,-1.2529904671376615,-13.626188832445585,1.6520884779260482e-28,4.418658919628564e-27,True,Downregulated,SNTB2,"syntrophin, beta 2 (dystrophin-associated protein A1, 59kDa, basic component 2)",SNTB2
201667_at,12.250135618468088,13.503042768599997,-1.2529071501319091,-8.7735453184693,2.1648735740766096e-14,1.6425432367792991e-13,True,Downregulated,GJA1,"gap junction protein, alpha 1, 43kDa",GJA1
205751_at,2.4037844044680856,3.6562590265200003,-1.2524746220519147,-8.546938368821023,4.9720992601509365e-15,4.031192806850743e-14,True,Downregulated,SH3GL2,SH3-domain GRB2-like 2,SH3GL2
201247_at,7.6297191574361705,8.881577905810001,-1.2518587483738308,-15.09861324332822,2.1626878164804444e-32,8.093886024872637e-31,True,Downregulated,SREBF2,sterol regulatory element binding transcription factor 2,SREBF2
238472_at,5.8015378243510645,7.052517281820001,-1.2509794574689366,-10.95477366676455,1.030381203954228e-20,1.4016207242256476e-19,True,Downregulated,FBXO9,F-box protein 9,FBXO9
228783_at,2.8869894452234046,4.137781189669999,-1.2507917444465946,-12.883131565817923,8.981250971526207e-28,2.253104313220656e-26,True,Downregulated,BVES,blood vessel epicardial substance,BVES
228456_s_at,8.120798525329786,9.369092589200001,-1.2482940638702154,-13.328339917474553,5.245609906412066e-27,1.230442103908763e-25,True,Downregulated,CDS2,CDP-diacylglycerol synthase (phosphatidate cytidylyltransferase) 2,CDS2
223600_s_at,2.7596190599893613,4.00786852534,-1.2482494653506389,-9.37102000139956,1.9204662223837436e-16,1.7681307127205072e-15,True,Downregulated,KIAA1683,KIAA1683,KIAA1683
215046_at,6.506864780648936,7.754755289039999,-1.2478905083910634,-11.118675380893631,1.3843749790310227e-20,1.8647631510684343e-19,True,Downregulated,KANSL1L,KAT8 regulatory NSL complex subunit 1-like,KANSL1L
205277_at,4.58333089519149,5.830781419730001,-1.247450524538511,-11.539425879589492,9.692269825623543e-23,1.5735237695170174e-21,True,Downregulated,PRDM2,"PR domain containing 2, with ZNF domain",PRDM2
215933_s_at,6.614420773106383,7.8616482112899995,-1.2472274381836161,-7.88171274200421,2.9901121892118004e-13,2.018907534634018e-12,True,Downregulated,HHEX,hematopoietically expressed homeobox,HHEX
213386_at,2.4062919561595746,3.6526430684799998,-1.2463511123204252,-12.049815393362532,1.7248195666106624e-23,2.9772511299653753e-22,True,Downregulated,TMEM246,transmembrane protein 246,TMEM246
212364_at,10.787192184297872,12.03194270731,-1.2447505230121276,-16.99177783207133,9.404204592314544e-38,5.964794200497997e-36,True,Downregulated,MYO1B,myosin IB,MYO1B
223686_at,6.213909103521277,7.458446701850001,-1.2445375983287237,-10.241480726916679,3.3705806425482833e-18,3.655778391613268e-17,True,Downregulated,TPK1,thiamin pyrophosphokinase 1,TPK1
204499_at,3.918421943957447,5.16289336537,-1.2444714214125536,-16.74352056065942,2.2388014771788254e-39,1.6294475812116414e-37,True,Downregulated,AGTPBP1,ATP/GTP binding protein 1,AGTPBP1
208978_at,9.03912441902128,10.2828937335,-1.2437693144787207,-9.732719702992943,2.1308936536426362e-17,2.1426854749452764e-16,True,Downregulated,CRIP2,cysteine-rich protein 2,CRIP2
236179_at,7.616163501223407,8.85960195594,-1.2434384547165935,-6.708657753812474,5.820220017768836e-10,2.8126357041843177e-09,True,Downregulated,CDH11,"cadherin 11, type 2, OB-cadherin (osteoblast)",CDH11
1554003_at,6.58779043581915,7.830535242620003,-1.2427448068008529,-8.315078455905965,6.648042083664367e-14,4.794470253579668e-13,True,Downregulated,ARHGEF28,Rho guanine nucleotide exchange factor (GEF) 28,ARHGEF28
204192_at,7.583371130648936,8.82577922116,-1.2424080905110637,-7.626258102922927,2.6853188136181776e-12,1.6476449658825838e-11,True,Downregulated,CD37,CD37 molecule,CD37
218899_s_at,4.057960132202128,5.2996392852400005,-1.2416791530378726,-6.5541183885119345,6.741448402118441e-10,3.2360155623056e-09,True,Downregulated,BAALC,"brain and acute leukemia, cytoplasmic",BAALC
226522_at,6.664566973531915,7.90499042711,-1.2404234535780851,-8.494684880744568,1.7245812230299474e-14,1.323606245175353e-13,True,Downregulated,PODN,podocan,PODN
209879_at,7.676320094617022,8.91416607402,-1.2378459794029784,-11.21737692803761,4.6042049639594436e-21,6.435596886474081e-20,True,Downregulated,SELPLG,selectin P ligand,SELPLG
224801_at,6.981066365819148,8.21891056966,-1.2378442038408526,-12.61683807304583,2.1231848540816388e-23,3.6368668968673574e-22,True,Downregulated,NDFIP2,Nedd4 family interacting protein 2,NDFIP2
224605_at,10.257560569617024,11.495186289600001,-1.2376257199829777,-17.28529550912544,8.255854396228121e-36,4.2903322179277845e-34,True,Downregulated,C4orf3,chromosome 4 open reading frame 3,C4orf3
242973_at,4.590151036765957,5.827619779770001,-1.2374687430040439,-14.12155844085304,8.72555785340257e-31,2.837441685024852e-29,True,Downregulated,CACNA1C,"calcium channel, voltage-dependent, L type, alpha 1C subunit",CACNA1C
209402_s_at,5.702950319202128,6.940354742840001,-1.237404423637873,-17.108895607988707,8.037411021743254e-37,4.6793308289459084e-35,True,Downregulated,SLC12A4,"solute carrier family 12 (potassium/chloride transporter), member 4",SLC12A4
201508_at,10.388019084457447,11.62475814111,-1.236739056652553,-8.395316857316299,3.6970365507352303e-14,2.741229775542392e-13,True,Downregulated,IGFBP4,insulin-like growth factor binding protein 4,IGFBP4
219058_x_at,5.324666538276596,6.56092039353,-1.2362538552534037,-9.93096553809754,4.127323721404957e-18,4.4425101796975594e-17,True,Downregulated,TINAGL1,tubulointerstitial nephritis antigen-like 1,TINAGL1
226633_at,9.953506046297873,11.189555067600002,-1.2360490213021293,-16.05369199854035,7.708337246702544e-31,2.523436562088515e-29,True,Downregulated,RAB8B,"RAB8B, member RAS oncogene family",RAB8B
203527_s_at,3.8210713175,5.0570917916600004,-1.2360204741600005,-15.66750261524321,3.5563612926914995e-36,1.922436668228191e-34,True,Downregulated,APC,adenomatous polyposis coli,APC
230083_at,8.392588780393618,9.62850430562,-1.2359155252263818,-13.219629321614907,7.232170127829785e-28,1.8270995889875663e-26,True,Downregulated,USP53,ubiquitin specific peptidase 53,USP53
226607_at,7.866541481606384,9.10184980172,-1.2353083201136164,-17.25425800632467,6.564566050713224e-35,3.119096727947539e-33,True,Downregulated,C20orf194,chromosome 20 open reading frame 194,C20orf194
203752_s_at,11.837445457978722,13.0726089873,-1.2351635293212784,-17.095393427465293,1.599703617891392e-39,1.1690442770639457e-37,True,Downregulated,JUND,jun D proto-oncogene,JUND
227041_at,6.435751999968087,7.670689123819999,-1.2349371238519122,-11.126980742426724,7.610536657711329e-22,1.1386378989475983e-20,True,Downregulated,SESTD1,SEC14 and spectrin domains 1,SESTD1
223854_at,4.919915370244681,6.154616960199999,-1.2347015899553186,-6.921639887170507,2.0809610317133965e-10,1.0534265416634046e-09,True,Downregulated,PCDHB10,protocadherin beta 10 /// protocadherin beta 9,PCDHB10
227193_at,5.712700355457445,6.94727888216,-1.2345785267025553,-10.940452272780295,3.746356134662722e-20,4.842622231650305e-19,True,Downregulated,SLC30A4,"solute carrier family 30 (zinc transporter), member 4",SLC30A4
226907_at,7.2008223323617,8.433987836670001,-1.2331655043083005,-5.45718525693275,2.901672891452692e-07,1.0565931767630797e-06,True,Downregulated,PPP1R14C,"protein phosphatase 1, regulatory (inhibitor) subunit 14C",PPP1R14C
228080_at,6.210793000510638,7.44373037538,-1.232937374869362,-7.9942142210836575,4.911323830911013e-13,3.2412636172743568e-12,True,Downregulated,LAYN,layilin,LAYN
225540_at,8.864102139734042,10.09583290691,-1.2317307671759572,-5.737752508047986,8.910446833453655e-08,3.430863292892392e-07,True,Downregulated,MAP2,microtubule-associated protein 2,MAP2
202479_s_at,5.6145674679468085,6.845734425960001,-1.2311669580131923,-8.572493365559337,1.2906028739713979e-14,1.0031266788934335e-13,True,Downregulated,TRIB2,tribbles pseudokinase 2,TRIB2
225820_at,7.611623258063827,8.84223044857,-1.2306071905061726,-10.162389968704598,3.5387471883154074e-18,3.831992274425861e-17,True,Downregulated,JADE1,jade family PHD finger 1,JADE1
220187_at,7.209676839010637,8.44019388673,-1.2305170477193634,-4.92487165181431,2.3165924508606836e-06,7.644945647975045e-06,True,Downregulated,STEAP4,STEAP family member 4,STEAP4
202953_at,10.761333983446809,11.991119371929999,-1.2297853884831902,-7.928668828101824,4.008851413041725e-13,2.6705484530822665e-12,True,Downregulated,C1QB,"complement component 1, q subcomponent, B chain",C1QB
212912_at,9.505444199414892,10.735092689330001,-1.2296484899151086,-9.766690013254903,5.985140590310487e-17,5.782589757327822e-16,True,Downregulated,RPS6KA2,"ribosomal protein S6 kinase, 90kDa, polypeptide 2",RPS6KA2
227821_at,2.8953372370851063,4.124430118839999,-1.2290928817548932,-14.598821132808732,1.6456679399256367e-29,4.797501128284027e-28,True,Downregulated,LGI4,"leucine-rich repeat LGI family, member 4",LGI4
230201_at,4.949588442904257,6.17819179679,-1.2286033538857435,-12.139511290107084,1.8548388363658975e-25,3.815080751540198e-24,True,Downregulated,FXR1,"fragile X mental retardation, autosomal homolog 1",FXR1
203424_s_at,6.601340169446808,7.8296790223100015,-1.2283388528631933,-5.279820492016966,5.359778623166728e-07,1.8975846039076202e-06,True,Downregulated,IGFBP5,insulin-like growth factor binding protein 5,IGFBP5
226338_at,7.016038458265957,8.243402320220001,-1.2273638619540446,-11.133397445155707,3.150850706790935e-20,4.1034299301563494e-19,True,Downregulated,TMEM55A,transmembrane protein 55A,TMEM55A
1558077_s_at,3.3865651674893615,4.61388404705,-1.2273188795606385,-5.281806364680709,3.967935544064165e-07,1.4254567270440502e-06,True,Downregulated,MDH1B,"malate dehydrogenase 1B, NAD (soluble)",MDH1B
228045_at,7.183521892978724,8.40911665676,-1.2255947637812765,-11.257154901607965,9.046168114100466e-22,1.3433384820127213e-20,True,Downregulated,SUGT1,"SGT1, suppressor of G2 allele of SKP1 (S. cerevisiae)",SUGT1
228781_at,4.634186763574468,5.85975663433,-1.2255698707555318,-13.358341270627403,1.705159473276032e-27,4.180205443465116e-26,True,Downregulated,OBFC1,oligonucleotide/oligosaccharide-binding fold containing 1,OBFC1
203845_at,8.913222192893619,10.13870349212,-1.2254812992263808,-14.674297629985002,1.3093387571636874e-28,3.53357222241877e-27,True,Downregulated,KAT2B,K(lysine) acetyltransferase 2B,KAT2B
222857_s_at,6.1209557521702145,7.345500208279999,-1.2245444561097845,-5.103591386149856,1.164953458573519e-06,3.9677169910609996e-06,True,Downregulated,KCNMB4,"potassium large conductance calcium-activated channel, subfamily M, beta member 4",KCNMB4
206109_at,4.4687367602127654,5.6926369277000015,-1.223900167487236,-9.292352265839007,4.562467203074917e-17,4.452047550518641e-16,True,Downregulated,FUT1,"fucosyltransferase 1 (galactoside 2-alpha-L-fucosyltransferase, H blood group)",FUT1
235497_at,5.2145838340957456,6.438472443929999,-1.2238886098342538,-12.00436367299172,2.0846118788239545e-23,3.5730699335380887e-22,True,Downregulated,LINC01128,long intergenic non-protein coding RNA 1128,LINC01128
227708_at,8.38639441831915,9.609969672520002,-1.2235752542008527,-12.951380418089379,3.8296729246238086e-25,7.609264422749027e-24,True,Downregulated,EEF1A1,eukaryotic translation elongation factor 1 alpha 1,EEF1A1
228789_at,5.0954351135638305,6.3187207360499995,-1.223285622486169,-13.790420136040398,7.296004800654948e-27,1.6936681666293785e-25,True,Downregulated,MTMR6,myotubularin related protein 6,MTMR6
235109_at,5.710327491510639,6.93250924722,-1.2221817557093608,-9.651277417302516,9.132704096910104e-17,8.652662014380956e-16,True,Downregulated,ZBED3,"zinc finger, BED-type containing 3",ZBED3
230578_at,3.4709259273723405,4.69298942931,-1.2220635019376593,-11.480562227855577,8.683839528706664e-23,1.4145033097850291e-21,True,Downregulated,ZNF471,zinc finger protein 471,ZNF471
215707_s_at,7.5779614694787245,8.7994825368,-1.2215210673212749,-9.923200370225583,4.128820737838201e-18,4.443232337042126e-17,True,Downregulated,PRNP,prion protein,PRNP
209203_s_at,5.6472727650531915,6.8674179562600015,-1.22014519120681,-13.137336986510482,5.335981018962814e-28,1.3640735507886593e-26,True,Downregulated,BICD2,bicaudal D homolog 2 (Drosophila),BICD2
208760_at,7.402656018319151,8.622380820609997,-1.2197248022908465,-11.280154074764386,2.930280931536298e-21,4.161819122883848e-20,True,Downregulated,UBE2I,ubiquitin-conjugating enzyme E2I,UBE2I
212865_s_at,7.360776480042552,8.5795665445,-1.2187900644574485,-5.230938590882766,6.287438041571884e-07,2.209290798353599e-06,True,Downregulated,COL14A1,"collagen, type XIV, alpha 1",COL14A1
227078_at,3.765183974191489,4.982594109009999,-1.2174101348185098,-16.697235534463044,2.166698461446352e-37,1.3303429617277793e-35,True,Downregulated,TMEM110,transmembrane protein 110,TMEM110
209736_at,5.992621563734042,7.2097112140699995,-1.2170896503359572,-13.826363711892075,1.785352339043249e-30,5.672000053619621e-29,True,Downregulated,SOX13,SRY (sex determining region Y)-box 13,SOX13
205932_s_at,4.779195242106383,5.996039352870001,-1.2168441107636188,-8.440896494772542,1.3706898718724895e-14,1.0621513535302365e-13,True,Downregulated,MSX1,msh homeobox 1,MSX1
212091_s_at,6.296381924095746,7.512844048130001,-1.2164621240342548,-8.063268442349095,1.999564628888689e-13,1.375301574544847e-12,True,Downregulated,COL6A1,"collagen, type VI, alpha 1",COL6A1
201278_at,9.123325222968084,10.339307420879999,-1.2159821979119148,-11.573612289444522,1.4332878300743531e-21,2.0891820929100045e-20,True,Downregulated,DAB2,"Dab, mitogen-responsive phosphoprotein, homolog 2 (Drosophila) /// uncharacterized LOC101926921",DAB2
1558028_x_at,8.518914661138297,9.73475183995,-1.2158371788117037,-10.041854421872824,3.136650523820999e-19,3.7242358736034495e-18,True,Downregulated,LINC00657,long intergenic non-protein coding RNA 657,LINC00657
227856_at,8.35469280669149,9.56910822656,-1.2144154198685086,-14.953597506799001,2.2924395515305523e-31,7.86861223475573e-30,True,Downregulated,C4orf32,chromosome 4 open reading frame 32,C4orf32
217540_at,5.85972439,7.072139828269999,-1.212415438269999,-11.898996637293239,3.4074547628598873e-22,5.27253630250811e-21,True,Downregulated,NXPE3,"neurexophilin and PC-esterase domain family, member 3",NXPE3
216080_s_at,6.849131793585106,8.061455114300001,-1.2123233207148951,-11.317488937992751,2.7070669984624794e-22,4.231395105472331e-21,True,Downregulated,FADS3,fatty acid desaturase 3,FADS3
210778_s_at,6.991484431765959,8.203649151020002,-1.2121647192540435,-15.519679991395693,1.402614861961057e-35,7.13727937232142e-34,True,Downregulated,MIR4800,microRNA 4800 /// MAX dimerization protein 4,MIR4800
224370_s_at,4.837153221489362,6.04931003692,-1.212156815430638,-7.812452366262191,4.4573792457406256e-13,2.957254226118235e-12,True,Downregulated,CAPS2,calcyphosine 2,CAPS2
220023_at,3.7598174225744674,4.971931414259999,-1.212113991685532,-12.927210046561616,1.6657343942489466e-27,4.089146057922129e-26,True,Downregulated,APOBR,apolipoprotein B receptor,APOBR
201162_at,12.714540085031913,13.926456562599997,-1.2119164775680833,-9.807526305304192,1.7547325008551863e-17,1.7770672621163067e-16,True,Downregulated,IGFBP7,insulin-like growth factor binding protein 7,IGFBP7
209227_at,5.221286341861703,6.43319257713,-1.2119062352682972,-6.671893707814956,8.8891280004829e-10,4.2224731840852534e-09,True,Downregulated,TUSC3,tumor suppressor candidate 3,TUSC3
64942_at,5.244553636053191,6.4561155253599996,-1.2115618893068083,-9.385749608940444,9.871799806174416e-17,9.321710399840188e-16,True,Downregulated,GPR153,G protein-coupled receptor 153,GPR153
221447_s_at,6.837264285893617,8.047633309540002,-1.2103690236463853,-7.167905916401669,5.6992495197809995e-11,3.064172677638353e-10,True,Downregulated,GLT8D2,glycosyltransferase 8 domain containing 2,GLT8D2
1554089_s_at,10.324179410989363,11.533221288200002,-1.2090418772106393,-17.63388384355699,7.459497338021367e-41,6.13480923276479e-39,True,Downregulated,SBDS,Shwachman-Bodian-Diamond syndrome /// Shwachman-Bodian-Diamond syndrome pseudogene 1,SBDS
201361_at,8.255118653489362,9.46361176519,-1.2084931117006388,-15.453752096691868,1.894305802518724e-32,7.144960160888646e-31,True,Downregulated,TMEM109,transmembrane protein 109,TMEM109
213029_at,9.472027405670215,10.680416550010001,-1.2083891443397867,-12.954526543903675,6.476125782185701e-26,1.3804780877719436e-24,True,Downregulated,NFIB,nuclear factor I/B,NFIB
200784_s_at,7.087342892521276,8.29567267287,-1.2083297803487234,-11.728141313063833,2.5339468831199065e-23,4.313002122009091e-22,True,Downregulated,LRP1,low density lipoprotein receptor-related protein 1,LRP1
202617_s_at,5.702586003202129,6.91083348008,-1.2082474768778706,-12.816336136261913,3.8076441434900613e-25,7.573888605834187e-24,True,Downregulated,MECP2,methyl CpG binding protein 2,MECP2
242528_at,2.377390715212766,3.5856263335999996,-1.2082356183872336,-12.89870938578484,3.936231146828193e-25,7.809447748554082e-24,True,Downregulated,HOXA-AS2,HOXA cluster antisense RNA 2,HOXA-AS2
206012_at,4.276111383606383,5.4835111315099985,-1.2073997479036152,-10.341682813983908,3.3012311283427124e-19,3.9144624662487026e-18,True,Downregulated,LEFTY1,left-right determination factor 1 /// left-right determination factor 2,LEFTY1
396_f_at,5.015828853042553,6.223081422209999,-1.207252569167446,-12.248417459472565,2.3712177431736685e-24,4.38426667357645e-23,True,Downregulated,EPOR,erythropoietin receptor,EPOR
208671_at,12.188121901382976,13.395346481399997,-1.2072245800170212,-20.360342318398736,2.047483439261006e-47,3.248552928144321e-45,True,Downregulated,SERINC1,serine incorporator 1,SERINC1
220832_at,3.2610539720531926,4.46816166434,-1.2071076922868076,-7.766520033202797,4.922259712255765e-13,3.2476528567638444e-12,True,Downregulated,TLR8,toll-like receptor 8,TLR8
201369_s_at,7.892491034382979,9.09952537177,-1.2070343373870207,-9.605373276840663,4.360165921471495e-18,4.68117878529022e-17,True,Downregulated,ZFP36L2,ZFP36 ring finger protein-like 2,ZFP36L2
228835_at,5.7518460588085105,6.958369576420003,-1.2065235176114921,-10.511036711633636,9.282327374927636e-20,1.1589119317266896e-18,True,Downregulated,RP4-758J24.5,,RP4-758J24.5
202488_s_at,6.405514735404257,7.611990297240002,-1.2064755618357452,-8.414784384926568,1.1912996742893564e-13,8.381326917112795e-13,True,Downregulated,FXYD3,FXYD domain containing ion transport regulator 3,FXYD3
204971_at,9.407370689648937,10.613601684539999,-1.2062309948910617,-9.305998278313893,3.566313876960113e-16,3.2200395868084043e-15,True,Downregulated,CSTA,cystatin A (stefin A),CSTA
203723_at,7.405375968595745,8.61135625008,-1.2059802814842548,-10.896346613503626,5.368530733219035e-20,6.850576370508162e-19,True,Downregulated,ITPKB,inositol-trisphosphate 3-kinase B,ITPKB
200931_s_at,10.35199167951064,11.5572567482,-1.2052650686893607,-13.690765303939866,5.675185328959032e-28,1.4473471697647722e-26,True,Downregulated,VCL,vinculin,VCL
205119_s_at,8.385054732989362,9.59026708829,-1.2052123553006382,-7.5109059503512565,3.3927687333800145e-12,2.0603303499331317e-11,True,Downregulated,FPR1,formyl peptide receptor 1,FPR1
230974_at,4.769734018031914,5.974048123340001,-1.2043141053080868,-11.1965628224366,1.7529131627634687e-21,2.5337862771404442e-20,True,Downregulated,DDX19B,DEAD (Asp-Glu-Ala-Asp) box polypeptide 19B,DDX19B
213109_at,5.207225492308511,6.41122039931,-1.2039949070014897,-8.886166189925797,3.879447602352705e-15,3.1793382407457354e-14,True,Downregulated,TNIK,TRAF2 and NCK interacting kinase,TNIK
209949_at,8.472770899574467,9.676677118909998,-1.203906219335531,-8.93020817558835,9.35940288488317e-16,8.129923184210695e-15,True,Downregulated,NCF2,neutrophil cytosolic factor 2,NCF2
213005_s_at,8.070512461670214,9.2736485051,-1.2031360434297866,-13.712994423003973,6.122629977996749e-28,1.5570296737424735e-26,True,Downregulated,KANK1,KN motif and ankyrin repeat domains 1,KANK1
205330_at,4.488273397,5.6910735929100005,-1.20280019591,-7.649508326129901,2.122454567371173e-12,1.3147338634184718e-11,True,Downregulated,MN1,meningioma (disrupted in balanced translocation) 1,MN1
233326_at,2.42082792524468,3.6236029522,-1.2027750269553201,-6.193496893104673,7.346361615907039e-09,3.175531671407024e-08,True,Downregulated,CCDC39,coiled-coil domain containing 39 /// uncharacterized LOC101928882,CCDC39
207122_x_at,8.373302223170212,9.573883638860002,-1.2005814156897898,-11.940195386499646,1.4343883126398046e-23,2.4911207550417995e-22,True,Downregulated,SULT1A2,"sulfotransferase family, cytosolic, 1A, phenol-preferring, member 2",SULT1A2
204967_at,4.165748648627659,5.3662519711100005,-1.2005033224823416,-8.327730446540258,2.4913580144418896e-14,1.8764904378206341e-13,True,Downregulated,SHROOM2,shroom family member 2,SHROOM2
229506_at,4.62416684793617,5.82284199229,-1.19867514435383,-9.932491938181544,1.742360390287371e-18,1.943882927857219e-17,True,Downregulated,PPM1L,"protein phosphatase, Mg2+/Mn2+ dependent, 1L",PPM1L
224645_at,6.7335984585851065,7.93147569331,-1.1978772347248938,-14.050818923472216,3.8497477662717625e-29,1.0858024822060461e-27,True,Downregulated,EIF4EBP2,eukaryotic translation initiation factor 4E binding protein 2,EIF4EBP2
218486_at,7.89450829357447,9.092239657470001,-1.1977313638955316,-14.627843217319645,6.958974142496125e-30,2.1075190497088774e-28,True,Downregulated,KLF11,Kruppel-like factor 11,KLF11
225426_at,8.334587993978722,9.53152624738,-1.196938253401278,-19.224454255886716,5.134156754405653e-43,5.104357766958641e-41,True,Downregulated,PPP6C,"protein phosphatase 6, catalytic subunit",PPP6C
226066_at,8.811619156617022,10.00834292724,-1.1967237706229774,-13.109582557114951,1.2065327597788803e-24,2.2939049493625612e-23,True,Downregulated,MITF,microphthalmia-associated transcription factor,MITF
212805_at,6.500574543287234,7.697263125070001,-1.1966885817827668,-7.248133684463122,2.3655300856331588e-11,1.320523105198392e-10,True,Downregulated,PRUNE2,prune homolog 2 (Drosophila),PRUNE2
222482_at,6.821947661425532,8.01803503609,-1.1960873746644678,-12.467238601744445,6.159563009539079e-25,1.2016621546284689e-23,True,Downregulated,SSBP3,single stranded DNA binding protein 3,SSBP3
206599_at,4.941820474648936,6.13771976367,-1.1958992890210638,-8.68025319188201,1.6223691098437627e-14,1.248901459024712e-13,True,Downregulated,SLC16A5,"solute carrier family 16 (monocarboxylate transporter), member 5",SLC16A5
217502_at,4.715021921297872,5.910339993600001,-1.195318072302129,-8.082723842453026,7.265952751291857e-14,5.216317868139132e-13,True,Downregulated,IFIT2,interferon-induced protein with tetratricopeptide repeats 2,IFIT2
238584_at,5.115174607063831,6.310482527140001,-1.1953079200761705,-5.546640626980406,1.3318334211824763e-07,5.037197974243771e-07,True,Downregulated,IQCA1,IQ motif containing with AAA domain 1,IQCA1
37408_at,9.30605854955319,10.501171114860002,-1.195112565306811,-11.045210834049515,1.7667079449037317e-20,2.3549976090357404e-19,True,Downregulated,MRC2,"mannose receptor, C type 2",MRC2
213618_at,8.6254542225,9.82051169623,-1.1950574737299995,-11.771281959984645,8.809094997438153e-23,1.4336035810354267e-21,True,Downregulated,ARAP2,"ArfGAP with RhoGAP domain, ankyrin repeat and PH domain 2 /// uncharacterized LOC101928667",ARAP2
223008_s_at,10.184008461872342,11.378757905099999,-1.194749443227657,-15.93192662863284,2.3889853819004576e-32,8.904640869778102e-31,True,Downregulated,TMEM245,transmembrane protein 245,TMEM245
213135_at,6.930486122159573,8.1251809179,-1.1946947957404266,-8.706081101178615,8.596165771597783e-15,6.81334176526906e-14,True,Downregulated,TIAM1,T-cell lymphoma invasion and metastasis 1,TIAM1
204039_at,7.889360497446808,9.08378197704,-1.1944214795931911,-7.68547708092848,1.300180078397224e-12,8.214669998434523e-12,True,Downregulated,CEBPA,"CCAAT/enhancer binding protein (C/EBP), alpha",CEBPA
219103_at,5.418886380329787,6.61329465415,-1.1944082738202129,-10.308853014553254,1.7194594534531212e-18,1.919129407832114e-17,True,Downregulated,ASAP3,"ArfGAP with SH3 domain, ankyrin repeat and PH domain 3",ASAP3
225299_at,6.995659040446809,8.1891520396,-1.1934929991531904,-10.22677901737642,6.260707984729669e-19,7.254167162142825e-18,True,Downregulated,MYO5B,myosin VB,MYO5B
235318_at,5.543508254404254,6.73685484214,-1.1933465877357454,-7.024902503844427,9.540725691274838e-11,5.005925978254886e-10,True,Downregulated,FBN1,fibrillin 1,FBN1
1559584_a_at,7.820491241521276,9.011882490720001,-1.191391249198725,-9.030987592765948,1.6258386418784565e-15,1.3819114600517488e-14,True,Downregulated,C16orf54,chromosome 16 open reading frame 54,C16orf54
238546_at,4.70758863312766,5.898892482989998,-1.1913038498623383,-11.163223724623423,2.903634824293864e-22,4.526808772738254e-21,True,Downregulated,SLC8A1,"solute carrier family 8 (sodium/calcium exchanger), member 1",SLC8A1
204848_x_at,4.224347685978724,5.415457714469999,-1.1911100284912743,-8.761532258661704,2.6457138132748044e-15,2.2058333468915845e-14,True,Downregulated,HBG1,"hemoglobin, gamma A /// hemoglobin, gamma G",HBG1
227131_at,7.539560354712768,8.730104880039999,-1.1905445253272307,-20.5472553275278,1.1885483592412128e-46,1.7708382839376143e-44,True,Downregulated,MAP3K3,mitogen-activated protein kinase kinase kinase 3,MAP3K3
200696_s_at,10.553745757457445,11.7440343225,-1.1902885650425539,-13.342281989504453,2.4997065072355187e-27,6.053544088166123e-26,True,Downregulated,GSN,gelsolin,GSN
209441_at,5.989044591840425,7.1774183243300005,-1.1883737324895751,-7.632006915027116,5.503892986978467e-12,3.273970230011323e-11,True,Downregulated,RHOBTB2,Rho-related BTB domain containing 2,RHOBTB2
226047_at,7.193349536989361,8.38161855994,-1.1882690229506387,-7.945360617555157,7.545200886902504e-13,4.881238572323047e-12,True,Downregulated,MRVI1,murine retrovirus integration site 1 homolog,MRVI1
231669_at,5.389611461978723,6.577401024019999,-1.1877895620412762,-10.92882058356223,9.44058105681079e-21,1.288105258045726e-19,True,Downregulated,CTD-2325A15.5,,CTD-2325A15.5
242828_at,5.112817371340425,6.300165689830001,-1.1873483184895761,-8.358447702657312,6.702609519059263e-14,4.831879849780478e-13,True,Downregulated,FIGN,fidgetin,FIGN
213817_at,7.352180368319149,8.53920524393,-1.1870248756108515,-8.617994311186608,6.824283872617635e-14,4.913667100034969e-13,True,Downregulated,IRAK3,interleukin-1 receptor-associated kinase 3,IRAK3
234973_at,4.087094854659574,5.273598060529999,-1.1865032058704248,-8.95648679545944,5.23760769202398e-16,4.65636309625127e-15,True,Downregulated,SLC38A5,"solute carrier family 38, member 5",SLC38A5
209499_x_at,8.41903122193617,9.605372251030001,-1.1863410290938319,-12.440965733645518,1.1318111169013936e-25,2.365938310674635e-24,True,Downregulated,TNFSF12-TNFSF13,"TNFSF12-TNFSF13 readthrough /// tumor necrosis factor (ligand) superfamily, member 13",TNFSF12-TNFSF13
223691_at,3.974349829468085,5.1605975300299995,-1.1862477005619145,-7.6049062126007545,1.55906541910853e-12,9.790530371531978e-12,True,Downregulated,RGS22,regulator of G-protein signaling 22,RGS22
228228_at,6.301938878180852,7.4880729245,-1.1861340463191477,-12.89211588584631,1.3277214245930251e-27,3.2863702044712584e-26,True,Downregulated,DACT3,dishevelled-binding antagonist of beta-catenin 3,DACT3
206595_at,7.466255967989361,8.65211781974,-1.1858618517506399,-4.839171545777587,4.275346562345037e-06,1.3693431203614015e-05,True,Downregulated,CST6,cystatin E/M,CST6
209813_x_at,6.042754749978723,7.228563570550001,-1.1858088205712782,-6.40875680128457,1.756745126368977e-09,8.080757151020422e-09,True,Downregulated,TARP,TCR gamma alternate reading frame protein /// T cell receptor gamma constant 2 /// T cell receptor gamma variable 9,TARP
206765_at,6.323400921829787,7.509034521269999,-1.1856335994402123,-8.317992718354835,5.3327485682781956e-14,3.8870743257001087e-13,True,Downregulated,KCNJ2,"potassium inwardly-rectifying channel, subfamily J, member 2",KCNJ2
206914_at,5.458342486361703,6.64391504948,-1.1855725631182974,-6.458745958519213,1.5872922528530097e-09,7.344008697802321e-09,True,Downregulated,CRTAM,cytotoxic and regulatory T cell molecule,CRTAM
200974_at,12.265143920361705,13.450617166400002,-1.1854732460382973,-9.08309235391476,1.1106238803495827e-15,9.574613884994816e-15,True,Downregulated,ACTA2,"actin, alpha 2, smooth muscle, aorta",ACTA2
205896_at,4.792043102861702,5.977142751399998,-1.185099648538296,-5.541456998009797,1.105101636265293e-07,4.214336117992417e-07,True,Downregulated,SLC22A4,"solute carrier family 22 (organic cation/zwitterion transporter), member 4",SLC22A4
214954_at,4.060721509510638,5.24563578325,-1.1849142737393619,-6.243363229620994,2.9732035314238105e-09,1.3372081707597715e-08,True,Downregulated,SUSD5,sushi domain containing 5,SUSD5
209253_at,6.786190711670212,7.97108409816,-1.1848933864897884,-17.584158820753704,5.750393393607243e-41,4.7803811293440366e-39,True,Downregulated,SORBS3,sorbin and SH3 domain containing 3,SORBS3
204324_s_at,5.521659205351064,6.705634343840001,-1.183975138488937,-7.937847352166798,1.7162280421067072e-13,1.1887835347424516e-12,True,Downregulated,GOLIM4,golgi integral membrane protein 4,GOLIM4
226847_at,4.040969844585105,5.223931134820001,-1.1829612902348954,-5.503466163571626,1.8575171221450114e-07,6.907384951029562e-07,True,Downregulated,FST,follistatin,FST
205640_at,8.649366108138299,9.83180278115,-1.1824366730117006,-8.474058339244023,5.0321590565093345e-14,3.6769420868551974e-13,True,Downregulated,ALDH3B1,"aldehyde dehydrogenase 3 family, member B1",ALDH3B1
203085_s_at,8.259833345265957,9.4417058892,-1.181872543934043,-8.006042301270694,2.8953777889005854e-13,1.959124289266661e-12,True,Downregulated,TGFB1,"transforming growth factor, beta 1",TGFB1
222856_at,3.0924621658510634,4.273272402969999,-1.1808102371189357,-9.43080051245426,4.42470095544066e-16,3.961167869329749e-15,True,Downregulated,APLN,apelin,APLN
203979_at,7.792792575595745,8.9734684644,-1.180675888804255,-9.915153089159745,1.349838246395043e-18,1.5172915343908834e-17,True,Downregulated,CYP27A1,"cytochrome P450, family 27, subfamily A, polypeptide 1",CYP27A1
235199_at,7.215116767457447,8.395424016200002,-1.1803072487425545,-11.687913790050098,1.7097225237497345e-22,2.7094618639482385e-21,True,Downregulated,RNF125,"ring finger protein 125, E3 ubiquitin protein ligase",RNF125
220432_s_at,6.084314901106382,7.264501074080001,-1.1801861729736185,-6.968138547447105,2.930574080538126e-10,1.4596153115642529e-09,True,Downregulated,CYP39A1,"cytochrome P450, family 39, subfamily A, polypeptide 1",CYP39A1
239252_at,5.762035165542553,6.94169292955,-1.1796577640074473,-11.447883823879948,1.4470195401896577e-20,1.944762443494276e-19,True,Downregulated,COX7B,cytochrome c oxidase subunit VIIb,COX7B
203862_s_at,2.4763726437021276,3.6549589973499996,-1.178586353647872,-12.093169027587106,3.2462745024358302e-24,5.944981967586434e-23,True,Downregulated,ACTN2,"actinin, alpha 2",ACTN2
235787_at,4.922103932734043,6.09938552655,-1.177281593815957,-15.116566065632078,2.509293990477823e-34,1.1228359947740446e-32,True,Downregulated,CDC37L1,cell division cycle 37-like 1,CDC37L1
207363_at,2.418698972914894,3.5959519055199998,-1.1772529326051058,-10.063835587175385,2.4516312992933025e-19,2.950625219596992e-18,True,Downregulated,RS1,retinoschisin 1,RS1
241299_at,3.158476524553191,4.33449284626,-1.176016321706809,-10.277797100058484,1.9455460840541498e-19,2.3632145816832997e-18,True,Downregulated,LOC102724611,uncharacterized LOC102724611,LOC102724611
208325_s_at,7.71395590087234,8.889670490970001,-1.1757145900976615,-11.07700939314962,6.819949279562134e-22,1.0260637537077734e-20,True,Downregulated,AKAP13,A kinase (PRKA) anchor protein 13,AKAP13
243802_at,3.5277511422872343,4.7023718080600005,-1.1746206657727662,-4.394937556787645,1.9316674492565654e-05,5.738245080399516e-05,True,Downregulated,DNAH12,"dynein, axonemal, heavy chain 12",DNAH12
204792_s_at,5.301258477148935,6.475522938629999,-1.174264461481064,-9.843970903926422,1.3042037806484376e-17,1.339723157867778e-16,True,Downregulated,IFT140,intraflagellar transport 140 homolog (Chlamydomonas),IFT140
231579_s_at,11.584053496648936,12.757621183999998,-1.1735676873510617,-13.224100313768663,4.9587526106758e-25,9.738813817642704e-24,True,Downregulated,TIMP2,TIMP metallopeptidase inhibitor 2,TIMP2
220637_at,2.9699377160851075,4.14285548784,-1.1729177717548929,-10.455485237102762,7.560907091177592e-20,9.512770732305918e-19,True,Downregulated,FAM124B,family with sequence similarity 124B,FAM124B
213056_at,8.643543958542551,9.815831932639998,-1.172287974097447,-13.389973070948445,3.1927705882153734e-25,6.407699957378809e-24,True,Downregulated,FRMD4B,FERM domain containing 4B,FRMD4B
227047_x_at,7.486184461734042,8.65788030477,-1.171695843035958,-15.618917255200813,3.3450921132518355e-35,1.62970221379858e-33,True,Downregulated,ZBTB4,zinc finger and BTB domain containing 4,ZBTB4
204575_s_at,7.229190832510637,8.40071437622,-1.1715235437093625,-6.2126709472565125,3.176441603248428e-09,1.4248026692712863e-08,True,Downregulated,MMP19,matrix metallopeptidase 19,MMP19
216074_x_at,3.0286773278191492,4.1999604033899995,-1.1712830755708503,-11.69950127440572,1.1591746998975778e-23,2.029536797157914e-22,True,Downregulated,WWC1,WW and C2 domain containing 1,WWC1
233071_at,2.5243828759255322,3.6954961076999995,-1.1711132317744672,-6.629368905023617,6.352730936731284e-10,3.056516559289998e-09,True,Downregulated,RSPH4A,radial spoke head 4 homolog A (Chlamydomonas),RSPH4A
1557141_at,4.533338341393616,5.702697660779998,-1.1693593193863823,-8.829412762823193,6.677094725598779e-16,5.879735050934119e-15,True,Downregulated,FAM188B,"family with sequence similarity 188, member B /// indolethylamine N-methyltransferase /// INMT-FAM188B readthrough (NMD candidate)",FAM188B
40093_at,6.464533534734044,7.63385715395,-1.1693236192159562,-9.101603250053573,4.683659884964344e-16,4.179086439493898e-15,True,Downregulated,BCAM,basal cell adhesion molecule (Lutheran blood group),BCAM
212845_at,8.461219595085106,9.630388719019999,-1.1691691239348927,-9.588440681871369,1.5163945798166595e-16,1.4093796245035226e-15,True,Downregulated,SAMD4A,sterile alpha motif domain containing 4A,SAMD4A
227828_s_at,6.610431637585107,7.7795493305,-1.1691176929148934,-6.3139298142293345,4.663205817946696e-09,2.0550199764365505e-08,True,Downregulated,EVA1A,eva-1 homolog A (C. elegans),EVA1A
209829_at,6.52300854076596,7.691874835020001,-1.168866294254041,-6.936525530548095,8.078448288040119e-11,4.2774898564729853e-10,True,Downregulated,FAM65B,"family with sequence similarity 65, member B",FAM65B
219326_s_at,6.974312182372341,8.142022885169999,-1.1677107027976579,-9.279243000490158,6.011896599888882e-17,5.806354292002575e-16,True,Downregulated,B3GNT2,"UDP-GlcNAc:betaGal beta-1,3-N-acetylglucosaminyltransferase 2",B3GNT2
212397_at,10.815380071968084,11.982740115199999,-1.1673600432319144,-16.527784647837198,1.0120347477676699e-37,6.388885087257264e-36,True,Downregulated,RDX,radixin,RDX
226364_at,7.789393551999999,8.956348625219999,-1.1669550732199996,-9.207968464137464,1.2006164521583087e-15,1.0323957873027465e-14,True,Downregulated,HIP1,huntingtin interacting protein 1,HIP1
220581_at,3.1217168788510636,4.2886204887,-1.1669036098489367,-7.094295606919509,3.041717325539953e-11,1.680034997653439e-10,True,Downregulated,CCDC170,coiled-coil domain containing 170,CCDC170
212695_at,5.94655415355319,7.11338514718,-1.1668309936268102,-14.946043600288695,6.628180529076981e-34,2.8384022128736823e-32,True,Downregulated,CRY2,cryptochrome circadian clock 2,CRY2
1554240_a_at,7.080344482840426,8.24716038353,-1.1668159006895742,-8.224657720319298,9.025442784145869e-14,6.42289581354948e-13,True,Downregulated,ITGAL,"integrin, alpha L (antigen CD11A (p180), lymphocyte function-associated antigen 1; alpha polypeptide)",ITGAL
215299_x_at,9.951113482904256,11.117344391289999,-1.1662309083857423,-11.6951107534522,1.080716200768883e-22,1.744519855178726e-21,True,Downregulated,SULT1A1,"sulfotransferase family, cytosolic, 1A, phenol-preferring, member 1",SULT1A1
206390_x_at,3.6355475198936165,4.80129990244,-1.1657523825463838,-10.85885847075191,7.987900275502424e-21,1.0965727519606262e-19,True,Downregulated,PF4,platelet factor 4,PF4
235014_at,5.926464474776597,7.092074299119999,-1.1656098243434023,-10.31110659294628,4.348535982344177e-19,5.105661566172536e-18,True,Downregulated,ILF3-AS1,ILF3 antisense RNA 1 (head to head),ILF3-AS1
228949_at,8.827243627393617,9.99200810688,-1.164764479486383,-8.47064110343436,1.4047199974451133e-13,9.821171166330802e-13,True,Downregulated,WLS,wntless Wnt ligand secretion mediator,WLS
1558527_at,5.160835406138298,6.325553145510001,-1.164717739371703,-9.070158127560457,4.507632940234754e-16,4.02870630314833e-15,True,Downregulated,PAXIP1OS,PAXIP1 opposite strand,PAXIP1OS
223794_at,2.4661152372659574,3.63017586725,-1.1640606299840428,-5.789905658327189,4.489659158224169e-08,1.7884817618445055e-07,True,Downregulated,ARMC4,armadillo repeat containing 4,ARMC4
219825_at,3.99600521862766,5.159728691700001,-1.163723473072341,-7.251136275964221,1.1075717358147963e-11,6.394912571706133e-11,True,Downregulated,CYP26B1,"cytochrome P450, family 26, subfamily B, polypeptide 1",CYP26B1
212747_at,9.609050936606382,10.772676256319999,-1.163625319713617,-17.633351928975284,9.384696738522208e-41,7.647959072396295e-39,True,Downregulated,ANKS1A,ankyrin repeat and sterile alpha motif domain containing 1A,ANKS1A
219564_at,2.5925396912021275,3.75616298242,-1.1636232912178723,-5.5284533876783915,1.2667974008857265e-07,4.801688865682853e-07,True,Downregulated,KCNJ16,"potassium inwardly-rectifying channel, subfamily J, member 16",KCNJ16
218867_s_at,6.786929500223406,7.95047197697,-1.1635424767465947,-12.783776709776708,8.03938782509447e-26,1.701717880993826e-24,True,Downregulated,C12orf49,chromosome 12 open reading frame 49,C12orf49
41577_at,6.9001480242446815,8.063084901309999,-1.1629368770653175,-8.57309069013681,2.425236834991555e-14,1.8295061487637554e-13,True,Downregulated,PPP1R16B,"protein phosphatase 1, regulatory subunit 16B",PPP1R16B
209822_s_at,7.408747186734042,8.57153743836,-1.1627902516259576,-9.194899651408573,8.296128813829916e-16,7.243759486698959e-15,True,Downregulated,VLDLR,very low density lipoprotein receptor,VLDLR
230036_at,6.779004023765959,7.94150632965,-1.1625023058840416,-8.207405167746593,3.3337736679509416e-13,2.2410992438996296e-12,True,Downregulated,SAMD9L,sterile alpha motif domain containing 9-like,SAMD9L
210390_s_at,3.0219954926489367,4.18449433007,-1.162498837421063,-6.2326101003506285,2.869806482155646e-09,1.2921095885587107e-08,True,Downregulated,CCL15,chemokine (C-C motif) ligand 15 /// CCL15-CCL14 readthrough (NMD candidate),CCL15
235512_at,5.722060473765955,6.884544446779999,-1.1624839730140435,-11.611346995999948,3.7392299980698037e-22,5.7561025951969795e-21,True,Downregulated,CDKL1,cyclin-dependent kinase-like 1 (CDC2-related kinase),CDKL1
223796_at,2.8033890270851063,3.965828104650001,-1.1624390775648945,-9.50185956123647,8.626851284347197e-18,9.032583671012232e-17,True,Downregulated,CNTNAP3,contactin associated protein-like 3 /// contactin associated protein-like 3B /// contactin associated protein-like 3 pseudogene 2,CNTNAP3
212552_at,10.115643246297871,11.277886270599998,-1.1622430243021267,-14.48866233002476,3.09586712795847e-30,9.647410738376261e-29,True,Downregulated,HPCAL1,hippocalcin-like 1,HPCAL1
55583_at,6.659487437595745,7.82157926117,-1.1620918235742552,-15.382824590685557,2.858657934673015e-35,1.4016023306683937e-33,True,Downregulated,DOCK6,dedicator of cytokinesis 6,DOCK6
201626_at,10.094073433765958,11.25583217084,-1.1617587370740416,-14.59828886615628,9.007653236524876e-32,3.195815547359677e-30,True,Downregulated,INSIG1,insulin induced gene 1,INSIG1
200862_at,10.88508558594681,12.046733423,-1.1616478370531897,-10.295908955352287,4.0231958061227345e-18,4.336505202968285e-17,True,Downregulated,DHCR24,24-dehydrocholesterol reductase,DHCR24
206380_s_at,5.197816482319148,6.3589567988199995,-1.1611403165008518,-14.070139258680332,8.671470208529838e-31,2.8232669287892605e-29,True,Downregulated,CFP,complement factor properdin,CFP
215886_x_at,5.400925844510638,6.5613123269499996,-1.1603864824393613,-10.956061413031193,3.1322822905817635e-21,4.428836363859903e-20,True,Downregulated,USP12,ubiquitin specific peptidase 12,USP12
203904_x_at,8.249882626287235,9.41023728973,-1.1603546634427655,-13.77516786462629,1.8999027735053347e-29,5.505828156021441e-28,True,Downregulated,CD82,CD82 molecule,CD82
209309_at,7.271031714127661,8.43054454718,-1.1595128330523394,-3.0465119458842267,0.002724997572809942,0.006008556530609418,True,Downregulated,AZGP1,"alpha-2-glycoprotein 1, zinc-binding",AZGP1
1560425_s_at,2.368935444170212,3.5281021970900004,-1.1591667529197882,-11.171379420912967,2.383694649265902e-20,3.140078383674156e-19,True,Downregulated,RP11-75C9.1,,RP11-75C9.1
202716_at,7.896746458117022,9.055753416009999,-1.1590069578929771,-12.492358283818204,3.053803892297487e-25,6.142554081941386e-24,True,Downregulated,PTPN1,"protein tyrosine phosphatase, non-receptor type 1",PTPN1
237131_at,4.129972528882979,5.2888817455,-1.1589092166170216,-5.937939750000442,1.3318577206369177e-08,5.614051674151823e-08,True,Downregulated,RIIAD1,regulatory subunit of type II PKA R-subunit (RIIa) domain containing 1,RIIAD1
213524_s_at,8.206498975606383,9.365164771009999,-1.158665795403616,-7.963212236829053,5.218035941829546e-13,3.42976024889703e-12,True,Downregulated,G0S2,G0/G1 switch 2,G0S2
226249_at,8.935101278404256,10.093681658310002,-1.1585803799057466,-10.097659625839048,1.0065200080761941e-17,1.0459174102470281e-16,True,Downregulated,SNX30,sorting nexin family member 30,SNX30
219469_at,5.120794544946808,6.2784177771100005,-1.1576232321631927,-9.621864175984083,5.311232150495743e-18,5.655710402822491e-17,True,Downregulated,DYNC2H1,"dynein, cytoplasmic 2, heavy chain 1",DYNC2H1
225381_at,6.496326140989361,7.653795379550001,-1.1574692385606395,-6.779489610415862,4.1158645086918746e-10,2.01801174534641e-09,True,Downregulated,MIR100HG,mir-100-let-7a-2 cluster host gene (non-protein coding),MIR100HG
202011_at,11.353789977510639,12.5111080915,-1.157318113989362,-17.18229590314912,1.1582883103168244e-39,8.534204802561742e-38,True,Downregulated,TJP1,tight junction protein 1,TJP1
202192_s_at,6.986761171021275,8.14316196044,-1.1564007894187256,-11.879158693809416,1.9729291729437194e-22,3.1128180843634757e-21,True,Downregulated,GAS7,growth arrest-specific 7,GAS7
231728_at,4.56467509438298,5.720764850249999,-1.1560897558670193,-4.105951444958821,6.114863447256661e-05,0.00016985696708885336,True,Downregulated,CAPS,calcyphosine,CAPS
206682_at,6.09581022175532,7.25162608647,-1.15581586471468,-8.691945308322111,8.821299304568578e-15,6.98252250766042e-14,True,Downregulated,CLEC10A,"C-type lectin domain family 10, member A",CLEC10A
204163_at,6.500196961617023,7.6557548265,-1.1555578648829767,-6.955939895947564,1.586138146384235e-10,8.12960037558819e-10,True,Downregulated,EMILIN1,elastin microfibril interfacer 1,EMILIN1
215092_s_at,5.90371475294681,7.05901440448,-1.1552996515331904,-6.829363638316302,2.4246352954369385e-10,1.2187984486015996e-09,True,Downregulated,NFAT5,"nuclear factor of activated T-cells 5, tonicity-responsive",NFAT5
204837_at,6.767729523372341,7.92278568355,-1.1550561601776588,-13.194042983514532,3.956463447771558e-25,7.843801806186546e-24,True,Downregulated,MTMR9,myotubularin related protein 9,MTMR9
205771_s_at,7.283844936510639,8.43851156594,-1.1546666294293617,-10.420381065272148,6.775961574444816e-18,7.157342286784935e-17,True,Downregulated,AKAP7,A kinase (PRKA) anchor protein 7,AKAP7
228608_at,4.832639944404255,5.986843266859999,-1.1542033224557446,-5.955061348787894,1.607955133204716e-08,6.720450290974346e-08,True,Downregulated,NALCN,"sodium leak channel, non-selective",NALCN
219520_s_at,8.090505877510639,9.2442886913,-1.1537828137893609,-15.220050238175858,1.9171290323054806e-31,6.622652673833177e-30,True,Downregulated,WWC3,WWC family member 3,WWC3
1553844_a_at,2.2393536545106385,3.39294787476,-1.1535942202493614,-11.42726420144229,6.332338594798237e-20,8.021459341964625e-19,True,Downregulated,C10orf67,chromosome 10 open reading frame 67,C10orf67
228201_at,7.8660533768404255,9.019589079949998,-1.153535703109573,-15.785436503583213,4.708572915611824e-33,1.8787485373820295e-31,True,Downregulated,ARL13B,ADP-ribosylation factor-like 13B,ARL13B
212308_at,6.480923409031916,7.633504793310001,-1.1525813842780854,-16.380634842843538,7.197737403067851e-37,4.2125952552927905e-35,True,Downregulated,CLASP2,cytoplasmic linker associated protein 2,CLASP2
213908_at,4.206711077393617,5.3590860860100005,-1.1523750086163833,-13.681882539065743,5.250898699156832e-30,1.6019559695567179e-28,True,Downregulated,WHAMMP2,"WAS protein homolog associated with actin, golgi membranes and microtubules pseudogene 2 /// WAS protein homolog associated with actin, golgi membranes and microtubules pseudogene 3",WHAMMP2
236473_at,3.9534736685106378,5.1046674455000005,-1.1511937769893628,-9.687334977575679,2.5496276482234627e-18,2.799801402354985e-17,True,Downregulated,CC2D2A,coiled-coil and C2 domain containing 2A,CC2D2A
212538_at,10.07026723919149,11.22105392348,-1.1507866842885104,-11.919953646384824,8.778766940007432e-24,1.5526956877186442e-22,True,Downregulated,DOCK9,dedicator of cytokinesis 9,DOCK9
203423_at,7.259093698999998,8.408442289920002,-1.1493485909200034,-7.55256282803557,1.1650414579029225e-11,6.706220018703616e-11,True,Downregulated,RBP1,"retinol binding protein 1, cellular",RBP1
218127_at,8.46860534156383,9.6178520942,-1.14924675263617,-15.932933087908452,1.606822242781873e-35,8.077059920585592e-34,True,Downregulated,NFYB,"nuclear transcription factor Y, beta",NFYB
1558501_at,3.925843809351064,5.07494289859,-1.149099089238936,-7.672974097328275,3.3911548537254814e-12,2.0598154145960332e-11,True,Downregulated,DNM3,dynamin 3,DNM3
206580_s_at,8.478208506744682,9.62700016381,-1.148791657065317,-12.567870550491154,1.3921144623171735e-23,2.4199512099977768e-22,True,Downregulated,EFEMP2,EGF containing fibulin-like extracellular matrix protein 2,EFEMP2
206874_s_at,9.284818483212765,10.43320748765,-1.1483890044372345,-13.183281358300476,6.567984296858122e-27,1.527304813622183e-25,True,Downregulated,SLK,STE20-like kinase,SLK
225875_s_at,6.278726199148935,7.426374622149998,-1.1476484230010628,-8.861058294051677,7.893924314495095e-15,6.281737138325688e-14,True,Downregulated,NIPAL3,NIPA-like domain containing 3,NIPAL3
207111_at,3.954504722659575,5.10193625215,-1.147431529490425,-10.241351482146564,5.570726629013654e-19,6.4854351183577574e-18,True,Downregulated,EMR1,"egf-like module containing, mucin-like, hormone receptor-like 1",EMR1
208711_s_at,8.617611470978723,9.765025908370001,-1.1474144373912782,-7.553870286748151,2.456679585579986e-12,1.5123608583038242e-11,True,Downregulated,CCND1,cyclin D1,CCND1
208206_s_at,4.886502211680851,6.03362164652,-1.1471194348391496,-10.435044449888192,1.4396705845575198e-19,1.767095437266334e-18,True,Downregulated,RASGRP2,RAS guanyl releasing protein 2 (calcium and DAG-regulated),RASGRP2
209607_x_at,8.632352854287236,9.779391846380001,-1.1470389920927655,-11.39333163887363,3.547756745859172e-22,5.4786001818197365e-21,True,Downregulated,LOC101929857,"sulfotransferase 1A3/1A4-like /// SLX1A-SULT1A3 readthrough (NMD candidate) /// SLX1B-SULT1A4 readthrough (NMD candidate) /// sulfotransferase family, cytosolic, 1A, phenol-preferring, member 3 /// sulfotransferase family, cytosolic, 1A, phenol-preferring, member 4",LOC101929857
228603_at,7.981862944212764,9.128528715089999,-1.1466657708772345,-15.681048712090972,8.80239839982939e-32,3.1271188925576192e-30,True,Downregulated,ACTR3,ARP3 actin-related protein 3 homolog (yeast),ACTR3
200811_at,8.862945733489363,10.00917387103,-1.1462281375406373,-15.623215101651287,3.4678304046783355e-33,1.3992552599101946e-31,True,Downregulated,CIRBP,cold inducible RNA binding protein,CIRBP
236016_at,5.285102448063828,6.430999890650001,-1.1458974425861728,-9.983288311773666,2.3193698896499706e-18,2.556344854194945e-17,True,Downregulated,SMARCE1,"SWI/SNF related, matrix associated, actin dependent regulator of chromatin, subfamily e, member 1",SMARCE1
203473_at,8.72404063819149,9.86975142981,-1.1457107916185105,-9.150255514578765,3.309952021791759e-16,2.9940982079396497e-15,True,Downregulated,SLCO2B1,"solute carrier organic anion transporter family, member 2B1",SLCO2B1
204882_at,6.306035744808512,7.451620051799999,-1.1455843069914868,-9.015340221981177,2.779947997121268e-15,2.31279633369164e-14,True,Downregulated,ARHGAP25,Rho GTPase activating protein 25,ARHGAP25
227325_at,6.726848388000001,7.87217648682,-1.1453280988199985,-13.94623066342494,2.2008019431742664e-29,6.330071300297919e-28,True,Downregulated,PRR24,proline rich 24,PRR24
204505_s_at,5.2036588333829785,6.348639391659999,-1.1449805582770205,-10.056476725145334,1.2625190854434467e-18,1.4227079725468514e-17,True,Downregulated,DMTN,dematin actin binding protein,DMTN
218627_at,10.93155632756383,12.076506037499996,-1.1449497099361654,-9.401539703452475,4.423323550837918e-16,3.9605939821103426e-15,True,Downregulated,DRAM1,DNA-damage regulated autophagy modulator 1,DRAM1
227703_s_at,4.828789763670213,5.97305047885,-1.1442607151797874,-6.872491932463594,2.0637738152329198e-10,1.0454147525533792e-09,True,Downregulated,SYTL4,synaptotagmin-like 4,SYTL4
230154_at,5.188653970563831,6.33113231156,-1.1424783409961696,-16.144059979171157,1.8856099963520988e-37,1.1684264892142164e-35,True,Downregulated,WAC,WW domain containing adaptor with coiled-coil,WAC
228727_at,6.4736144395957425,7.615879496859999,-1.1422650572642565,-14.00622106764342,8.494124244569963e-30,2.552318249265028e-28,True,Downregulated,ANXA11,annexin A11,ANXA11
212796_s_at,7.679326760393617,8.82051842848,-1.1411916680863827,-13.996042430237381,1.074553399725366e-27,2.6782172918270867e-26,True,Downregulated,TBC1D2B,"TBC1 domain family, member 2B",TBC1D2B
223392_s_at,4.551761281180852,5.69279404163,-1.1410327604491481,-9.05678548397859,3.333776784865516e-16,3.0141287300517167e-15,True,Downregulated,TSHZ3,teashirt zinc finger homeobox 3,TSHZ3
1557174_a_at,6.3819108448723405,7.522763116419998,-1.140852271547658,-10.572024646443658,9.985224008264412e-20,1.2437824421225328e-18,True,Downregulated,IRAK1BP1,interleukin-1 receptor-associated kinase 1 binding protein 1,IRAK1BP1
225137_at,5.665583850223404,6.80624425305,-1.1406604028265956,-12.415637653696761,2.039153004501082e-25,4.1779270157792494e-24,True,Downregulated,NFATC3,"nuclear factor of activated T-cells, cytoplasmic, calcineurin-dependent 3",NFATC3
234987_at,10.588807904585106,11.727996513699997,-1.1391886091148908,-12.614459157317725,1.0575169967224866e-25,2.2175286232247823e-24,True,Downregulated,SAMHD1,SAM domain and HD domain 1,SAMHD1
40850_at,5.655073101776596,6.7942075415200005,-1.1391344397434047,-9.96713619711474,4.2900636141318666e-19,5.0392085946647e-18,True,Downregulated,FKBP8,"FK506 binding protein 8, 38kDa",FKBP8
243611_at,3.7329998115744676,4.870931023340001,-1.1379312117655331,-8.963986719852947,1.156183192803031e-15,9.957801314348092e-15,True,Downregulated,MICALCL,MICAL C-terminal like,MICALCL
226599_at,6.699240110925532,7.836662209449998,-1.1374220985244659,-9.636803822193993,1.991906176787298e-17,2.0093148091650715e-16,True,Downregulated,FHDC1,FH2 domain containing 1,FHDC1
208018_s_at,8.277643720712765,9.41419393463,-1.1365502139172339,-9.546603476463888,3.3127503515213616e-17,3.275962316729692e-16,True,Downregulated,HCK,"HCK proto-oncogene, Src family tyrosine kinase",HCK
232629_at,2.5805166982765955,3.71696603052,-1.1364493322434046,-7.285875754506465,1.3815865941029071e-11,7.8985986979612e-11,True,Downregulated,PROK2,prokineticin 2,PROK2
226591_at,5.198285282968085,6.33422641688,-1.1359411339119152,-7.022088672936612,1.1608756162148444e-10,6.036822575048982e-10,True,Downregulated,PWAR6,Prader Willi/Angelman region RNA 6,PWAR6
205987_at,6.045701557021276,7.1812474908600015,-1.135545933838725,-5.985876015144445,1.8458011195940825e-08,7.659768460650206e-08,True,Downregulated,CD1C,CD1c molecule,CD1C
225793_at,9.174659614297871,10.30972412903,-1.1350645147321288,-13.319683266341832,2.387571884798785e-25,4.855120657685725e-24,True,Downregulated,LIX1L,Lix1 homolog (mouse)-like,LIX1L
201389_at,8.243466609117021,9.37850536804,-1.1350387589229793,-10.63134954953675,2.804009134619485e-19,3.353712148424363e-18,True,Downregulated,ITGA5,"integrin, alpha 5 (fibronectin receptor, alpha polypeptide)",ITGA5
234472_at,3.254245036308511,4.388948382029999,-1.134703345721488,-9.144069008460113,8.920229744984875e-17,8.455824410711253e-16,True,Downregulated,GALNT13,polypeptide N-acetylgalactosaminyltransferase 13,GALNT13
212923_s_at,9.04353355355319,10.17768125097,-1.1341476974168092,-12.970688755101092,1.248926670683001e-25,2.604682819284835e-24,True,Downregulated,PXDC1,PX domain containing 1,PXDC1
227909_at,5.3543431714574465,6.488412653519999,-1.1340694820625528,-6.764644503304,4.2475328348673724e-10,2.0804826614714188e-09,True,Downregulated,LINC00086,long intergenic non-protein coding RNA 86 /// long intergenic non-protein coding RNA 87,LINC00086
222934_s_at,6.503642187202128,7.63713206152,-1.1334898743178723,-7.228494861768567,1.1624363345076793e-11,6.692656892296087e-11,True,Downregulated,CLEC4E,"C-type lectin domain family 4, member E",CLEC4E
226390_at,7.498895612404255,8.63062279024,-1.131727177835745,-11.379553656440125,1.566538473822262e-21,2.27477965315886e-20,True,Downregulated,STARD4,StAR-related lipid transfer (START) domain containing 4,STARD4
212427_at,4.995585126468086,6.12720625059,-1.1316211241219136,-11.824172530268049,2.9127340274364837e-24,5.352385117857831e-23,True,Downregulated,KIAA0368,KIAA0368,KIAA0368
202073_at,8.223478387085107,9.35407636324,-1.1305979761548937,-12.091883601427925,1.775903108469813e-23,3.060516648258807e-22,True,Downregulated,OPTN,optineurin,OPTN
221541_at,9.15466059534043,10.28517841522,-1.1305178198795716,-7.69204341877567,8.570546781574768e-13,5.516039597867422e-12,True,Downregulated,CRISPLD2,cysteine-rich secretory protein LCCL domain containing 2,CRISPLD2
212463_at,10.151577067595744,11.281631436599998,-1.1300543690042542,-13.956331716246323,3.7630349321201225e-27,8.955690126504996e-26,True,Downregulated,CD59,"CD59 molecule, complement regulatory protein",CD59
223693_s_at,3.9444446141063834,5.073638646589999,-1.1291940324836158,-16.767897771136127,5.514609727417185e-38,3.5996213446463676e-36,True,Downregulated,RADIL,Ras association and DIL domains,RADIL
227526_at,4.709768395095745,5.83888043696,-1.1291120418642553,-7.121851995916203,6.357585481951707e-11,3.4024785346492985e-10,True,Downregulated,CDON,"cell adhesion associated, oncogene regulated",CDON
227297_at,7.661693510808511,8.790651613,-1.128958102191489,-8.10601465831629,3.6817059221937293e-13,2.4626816904752135e-12,True,Downregulated,ITGA9,"integrin, alpha 9",ITGA9
207895_at,3.664483794074469,4.7928837092,-1.1283999151255308,-13.4359568954318,1.0364399792929214e-28,2.8197248723444143e-27,True,Downregulated,NAALADL1,N-acetylated alpha-linked acidic dipeptidase-like 1,NAALADL1
214717_at,3.951438574712766,5.079654002599999,-1.1282154278872332,-12.662048124417515,4.478650077829496e-27,1.057456861659953e-25,True,Downregulated,PKI55,DKFZp434H1419,PKI55
201425_at,11.668460671159576,12.796242492299998,-1.127781821140422,-12.53042338404363,4.205943224457658e-24,7.632282802654506e-23,True,Downregulated,ALDH2,aldehyde dehydrogenase 2 family (mitochondrial),ALDH2
230093_at,6.616681780255318,7.74441473775,-1.1277329574946817,-3.6700966137500997,0.0003196817767958443,0.0008066430871993469,True,Downregulated,RSPH1,radial spoke head 1 homolog (Chlamydomonas),RSPH1
235635_at,6.664916484914893,7.7926107369199995,-1.1276942520051065,-10.309930575088687,1.0678556599224358e-19,1.3258468265140382e-18,True,Downregulated,ARHGAP5,Rho GTPase activating protein 5,ARHGAP5
203706_s_at,8.15286733874468,9.28047861709,-1.12761127834532,-8.653632379813994,2.607711573587069e-14,1.9616555901671904e-13,True,Downregulated,FZD7,frizzled class receptor 7,FZD7
203890_s_at,5.306973104968084,6.43428285165,-1.1273097466819157,-6.90472179584778,7.171102864550451e-11,3.820752240442898e-10,True,Downregulated,DAPK3,death-associated protein kinase 3 /// microRNA 637,DAPK3
213156_at,9.039595528159575,10.16515934935,-1.1255638211904255,-10.179301604118042,2.899526132709863e-18,3.1672199954088687e-17,True,Downregulated,ZBTB20,zinc finger and BTB domain containing 20,ZBTB20
226988_s_at,5.399354366606384,6.524581897859999,-1.125227531253615,-9.401670290699881,2.786105905683287e-17,2.775064671168172e-16,True,Downregulated,MYH14,"myosin, heavy chain 14, non-muscle",MYH14
230087_at,2.7824093705851065,3.9074301921200005,-1.125020821534894,-10.614460926497262,1.3519582194800715e-20,1.8238380936281696e-19,True,Downregulated,PRIMA1,proline rich membrane anchor 1,PRIMA1
201372_s_at,3.451487775234043,4.576105499219999,-1.1246177239859558,-13.876063965697545,1.6934315538297096e-30,5.395906964116395e-29,True,Downregulated,CUL3,cullin 3,CUL3
229265_at,8.346271001808512,9.470686222289999,-1.1244152204814863,-15.008927901000922,7.978109321225226e-33,3.10724538704866e-31,True,Downregulated,SKI,SKI proto-oncogene,SKI
218031_s_at,8.45882762730851,9.58315380038,-1.1243261730714895,-15.363820930740294,2.738177750701287e-31,9.303577289906471e-30,True,Downregulated,FOXN3,forkhead box N3,FOXN3
213385_at,6.125971655244682,7.24982261189,-1.1238509566453176,-8.30831986110533,1.9215437016250139e-13,1.3238394970616497e-12,True,Downregulated,CHN2,chimerin 2,CHN2
228391_at,7.556381956723405,8.679715173399998,-1.1233332166765928,-9.135439382822126,1.6555652717524713e-15,1.4054014158219447e-14,True,Downregulated,CYP4V2,"cytochrome P450, family 4, subfamily V, polypeptide 2",CYP4V2
225270_at,6.496639268085106,7.6194702761899995,-1.1228310081048933,-9.469822476694121,1.1225705172410825e-16,1.0548318979791905e-15,True,Downregulated,NEO1,neogenin 1,NEO1
238226_at,4.834980397968086,5.957165680109999,-1.1221852821419134,-13.50021885478412,2.3571445079679763e-29,6.765281457073936e-28,True,Downregulated,TMEM255B,transmembrane protein 255B,TMEM255B
231950_at,4.780484166680851,5.9019420596100005,-1.1214578929291497,-8.919954915982261,5.536751334740037e-16,4.903667170925863e-15,True,Downregulated,ZNF658,zinc finger protein 658,ZNF658
231077_at,4.866737712553191,5.987904100730001,-1.1211663881768095,-3.759549345196937,0.0002297017483632709,0.0005912206650460299,True,Downregulated,C1orf192,chromosome 1 open reading frame 192,C1orf192
229225_at,6.113854265085108,7.2345011462299995,-1.120646881144891,-8.932563793163563,1.4139700106580772e-15,1.2083220685296368e-14,True,Downregulated,NRP2,neuropilin 2,NRP2
226358_at,6.50662982937234,7.6270089940600005,-1.1203791646876606,-13.393385893328727,1.1199293154885287e-25,2.342921748847375e-24,True,Downregulated,APH1B,APH1B gamma secretase subunit,APH1B
204872_at,8.049812034946807,9.16976891195,-1.119956877003192,-14.350240543451894,8.946504684031304e-28,2.2454349087041893e-26,True,Downregulated,TLE4,transducin-like enhancer of split 4,TLE4
226875_at,8.997234823989363,10.11684146775,-1.119606643760637,-9.833216922784542,2.898311621604983e-17,2.883621695886896e-16,True,Downregulated,DOCK11,dedicator of cytokinesis 11,DOCK11
219884_at,4.789802119829787,5.909291431280001,-1.1194893114502138,-9.07020519073681,1.6798281634558313e-16,1.556170127448077e-15,True,Downregulated,LHX6,LIM homeobox 6,LHX6
225102_at,9.1695052013617,10.288562224030002,-1.1190570226683025,-11.173531895444677,3.6560805487389227e-20,4.731615697653313e-19,True,Downregulated,MGLL,monoglyceride lipase,MGLL
205600_x_at,4.493616621,5.61217274866,-1.1185561276599998,-8.719437085500552,3.547727042977665e-15,2.9217278630163326e-14,True,Downregulated,HOXB5,homeobox B5,HOXB5
221600_s_at,7.172505697861703,8.290075697530002,-1.1175699996682988,-13.83606018852305,8.096303802362403e-30,2.439595497556662e-28,True,Downregulated,AAMDC,"adipogenesis associated, Mth938 domain containing",AAMDC
242569_at,6.741298342659573,7.8552820929000005,-1.1139837502404273,-11.67925009432763,1.0778656949634817e-23,1.8927223071924853e-22,True,Downregulated,STAM2,signal transducing adaptor molecule (SH3 domain and ITAM motif) 2,STAM2
227113_at,4.699013240319149,5.8124874902800014,-1.113474249960852,-7.653790098637097,3.029205178508427e-12,1.848523141947518e-11,True,Downregulated,ADHFE1,"alcohol dehydrogenase, iron containing, 1",ADHFE1
219509_at,3.195918392095746,4.309015599089999,-1.1130972069942535,-11.222147075215535,2.275730542767123e-21,3.2631949606310975e-20,True,Downregulated,MYOZ1,myozenin 1,MYOZ1
231130_at,6.748991697776596,7.8612489544500015,-1.1122572566734057,-8.243237235447477,7.503687013763719e-14,5.37694257557015e-13,True,Downregulated,FKBP7,FK506 binding protein 7,FKBP7
206115_at,8.055851557212765,9.1672924622,-1.1114409049872354,-5.24237918405002,4.1592495526915627e-07,1.4917908023449331e-06,True,Downregulated,EGR3,early growth response 3,EGR3
201535_at,9.674419758904255,10.785633177720001,-1.1112134188157459,-15.213892986389324,4.943668540757919e-33,1.969630786171892e-31,True,Downregulated,UBL3,ubiquitin-like 3,UBL3
230464_at,3.3872768113510636,4.498391761540001,-1.111114950188937,-11.003802410482924,3.2881791779442876e-20,4.271932494321533e-19,True,Downregulated,S1PR5,sphingosine-1-phosphate receptor 5,S1PR5
221123_x_at,6.491791754978725,7.60263516553,-1.1108434105512748,-11.14812242934244,3.379517922336244e-22,5.230812977576323e-21,True,Downregulated,FBXO16,F-box protein 16 /// zinc finger protein 395,FBXO16
239818_x_at,4.296189293957447,5.4070217947399986,-1.1108325007825517,-5.734135933090641,4.3768197836813884e-08,1.7457295430855555e-07,True,Downregulated,TRIB1,tribbles pseudokinase 1,TRIB1
226268_at,7.015499293553193,8.1261103589,-1.1106110653468075,-18.15583620199283,4.118426342270705e-43,4.140442602717236e-41,True,Downregulated,RAB21,"RAB21, member RAS oncogene family",RAB21
210146_x_at,6.2033758081170225,7.313339482139998,-1.1099636740229757,-6.826340414235172,2.18294646183856e-10,1.1032884645409583e-09,True,Downregulated,LILRB2,"leukocyte immunoglobulin-like receptor, subfamily B (with TM and ITIM domains), member 2",LILRB2
226016_at,10.989690150085107,12.099389377999998,-1.1096992279148914,-10.534424508910275,1.094641506009507e-18,1.2415940118563336e-17,True,Downregulated,CD47,CD47 molecule,CD47
203320_at,7.907599308138297,9.01717727986,-1.109577971721703,-11.347105605001786,1.2389204898634135e-21,1.817196004030367e-20,True,Downregulated,SH2B3,SH2B adaptor protein 3,SH2B3
206148_at,5.50575200112766,6.61410931364,-1.1083573125123403,-13.195817395801614,1.1531956204607696e-28,3.1278759274888025e-27,True,Downregulated,IL3RA,"interleukin 3 receptor, alpha (low affinity)",IL3RA
220625_s_at,6.374947850659575,7.48305062989,-1.1081027792304248,-4.283439172280171,3.389295762615143e-05,9.743274285837418e-05,True,Downregulated,ELF5,E74-like factor 5 (ets domain transcription factor),ELF5
202422_s_at,7.933659249329787,9.04122858008,-1.1075693307502137,-9.268843453806943,4.88280505273032e-16,4.3488417381379865e-15,True,Downregulated,ACSL4,acyl-CoA synthetase long-chain family member 4,ACSL4
218454_at,9.213985592489362,10.321406571849998,-1.1074209793606364,-7.553261430065248,2.9037726763763718e-12,1.774799058767949e-11,True,Downregulated,PLBD1,phospholipase B domain containing 1,PLBD1
211823_s_at,3.686516694351064,4.79359685505,-1.1070801606989358,-7.858789774031603,6.751209294006556e-13,4.3924101014568354e-12,True,Downregulated,PXN,paxillin,PXN
1553635_s_at,3.059435559531915,4.16650384935,-1.1070682898180846,-7.533099447826311,3.454490035320237e-12,2.0961552463868937e-11,True,Downregulated,TCTEX1D1,Tctex1 domain containing 1,TCTEX1D1
236745_at,4.734701829787235,5.84151553253,-1.1068137027427651,-4.7921826406052865,3.8669300475621305e-06,1.2447585106121056e-05,True,Downregulated,CCDC78,coiled-coil domain containing 78,CCDC78
232481_s_at,5.949167411670213,7.055892514299999,-1.1067251026297864,-4.092754507012459,6.995076749299284e-05,0.0001929718408154133,True,Downregulated,SLITRK6,"SLIT and NTRK-like family, member 6",SLITRK6
217677_at,5.852672204574469,6.95920542042,-1.1065332158455314,-12.082004106491151,2.3529759342085843e-25,4.78839060148857e-24,True,Downregulated,PLEKHA2,"pleckstrin homology domain containing, family A (phosphoinositide binding specific) member 2",PLEKHA2
236289_at,3.272190838457448,4.37847415705,-1.1062833185925522,-11.010370764341156,5.693548496298376e-21,7.910958393745918e-20,True,Downregulated,LOC100506563,uncharacterized LOC100506563,LOC100506563
227948_at,8.357816051840423,9.46402225146,-1.1062061996195762,-11.50113267911772,1.2519514971841378e-21,1.8348082623309548e-20,True,Downregulated,FGD4,"FYVE, RhoGEF and PH domain containing 4",FGD4
235457_at,8.349436488776593,9.45541706018,-1.105980571403407,-9.535194256919068,1.5269550375538799e-16,1.418459475818186e-15,True,Downregulated,MAML2,mastermind-like 2 (Drosophila),MAML2
213800_at,9.174681836936172,10.280589449399999,-1.1059076124638274,-6.476942382131036,2.0216290448881755e-09,9.240701946830578e-09,True,Downregulated,CFH,complement factor H,CFH
203657_s_at,7.162720416361704,8.268485120580001,-1.1057647042182968,-10.53794720990326,5.826579064081841e-19,6.770109776208812e-18,True,Downregulated,CTSF,cathepsin F,CTSF
227095_at,10.936180939723403,12.041945239799997,-1.1057643000765935,-16.8600060719449,1.9210089632922424e-36,1.0673903729301296e-34,True,Downregulated,LEPROT,leptin receptor overlapping transcript,LEPROT
218312_s_at,7.865375547010638,8.96944659638,-1.1040710493693613,-10.013276455662485,6.676739749346833e-18,7.05530695792473e-17,True,Downregulated,ZSCAN18,zinc finger and SCAN domain containing 18,ZSCAN18
235201_at,4.642484208925532,5.74647886735,-1.103994658424468,-5.89868303957268,3.069666441944071e-08,1.2446670127885698e-07,True,Downregulated,FOXP2,forkhead box P2,FOXP2
243803_at,2.4694527583404255,3.5729041140099986,-1.103451355669573,-5.302641839095903,4.0378867660911363e-07,1.4497148227820431e-06,True,Downregulated,C11orf97,chromosome 11 open reading frame 97,C11orf97
241874_at,4.7184673651489355,5.8218869910199995,-1.103419625871064,-9.355377476046852,2.260019684006226e-17,2.267439259913428e-16,True,Downregulated,IGIP,IgA-inducing protein,IGIP
221756_at,8.229796836276597,9.33313722319,-1.1033403869134037,-12.840151219290773,6.343869167430632e-26,1.3529395203783661e-24,True,Downregulated,PIK3IP1,phosphoinositide-3-kinase interacting protein 1,PIK3IP1
216252_x_at,7.004820688691488,8.107588256609999,-1.1027675679185105,-7.331192791236494,1.5168935779089605e-11,8.63726847146002e-11,True,Downregulated,FAS,Fas cell surface death receptor,FAS
212859_x_at,10.383729128872341,11.486058013399997,-1.1023288845276564,-7.725595860294133,1.5163981241269056e-12,9.53372174217297e-12,True,Downregulated,MT1E,metallothionein 1E,MT1E
201656_at,8.576554408691491,9.678132810740001,-1.10157840204851,-9.91588359480067,1.1724038697674114e-17,1.2098794040542976e-16,True,Downregulated,ITGA6,"integrin, alpha 6",ITGA6
209992_at,3.8644546777765956,4.9660194746799995,-1.101564796903404,-7.165973362521498,3.1229220680026933e-11,1.7225872869407533e-10,True,Downregulated,PFKFB2,"6-phosphofructo-2-kinase/fructose-2,6-biphosphatase 2",PFKFB2
224335_s_at,3.793917235351063,4.8951049651,-1.1011877297489367,-11.839512002460099,1.2728241522090621e-24,2.4156711309356605e-23,True,Downregulated,BACE1,beta-site APP-cleaving enzyme 1,BACE1
224562_at,8.919635455021277,10.020710181279998,-1.1010747262587213,-14.167251541217034,1.5374247392558901e-29,4.506372044992769e-28,True,Downregulated,WASF2,"WAS protein family, member 2",WASF2
224929_at,8.28452003787234,9.38541039373,-1.1008903558576595,-12.359690816356805,2.3729272325740512e-24,4.3859197295954614e-23,True,Downregulated,TMEM173,transmembrane protein 173,TMEM173
207468_s_at,2.493956129819149,3.5944849620199992,-1.1005288322008502,-9.482359692970407,4.561351526853912e-17,4.451766525555517e-16,True,Downregulated,SFRP5,secreted frizzled-related protein 5,SFRP5
244350_at,4.341765844202128,5.442292214790001,-1.1005263705878727,-10.76222395118407,3.7411831315777825e-21,5.251129329724493e-20,True,Downregulated,MYO10,myosin X,MYO10
222423_at,9.770684802468084,10.870452753989998,-1.0997679515219136,-16.34209406480476,1.0289264035875965e-34,4.779087698045118e-33,True,Downregulated,NDFIP1,Nedd4 family interacting protein 1,NDFIP1
232182_at,3.635071523882978,4.732502204869999,-1.0974306809870216,-8.299289847558528,3.130659660886913e-14,2.33577001692972e-13,True,Downregulated,LOC286272,uncharacterized LOC286272,LOC286272
236208_at,5.950161629042552,7.047283866869999,-1.0971222378274472,-10.174534855928295,3.613251227565235e-19,4.2656349983718994e-18,True,Downregulated,MOCS2,molybdenum cofactor synthesis 2,MOCS2
227536_at,7.535517980670213,8.63233432594,-1.0968163452697874,-16.971445465068584,1.7044671110802397e-39,1.242228564181054e-37,True,Downregulated,ZC3H13,zinc finger CCCH-type containing 13,ZC3H13
209663_s_at,3.723465296021277,4.81906159438,-1.095596298358723,-8.986897170973469,2.6998320159297795e-16,2.4583234265921637e-15,True,Downregulated,ITGA7,"integrin, alpha 7",ITGA7
204607_at,2.640687392148936,3.7361183141000005,-1.0954309219510643,-5.353236531366116,2.6418696642128294e-07,9.66373787808428e-07,True,Downregulated,HMGCS2,3-hydroxy-3-methylglutaryl-CoA synthase 2 (mitochondrial),HMGCS2
200600_at,12.134703880851065,13.2299257321,-1.095221851248935,-16.091307876987898,6.382157464566788e-34,2.74177892483378e-32,True,Downregulated,MSN,moesin,MSN
211651_s_at,9.358029269968085,10.453005669860001,-1.094976399891916,-8.482742403490228,5.208581753008285e-14,3.7996579162797183e-13,True,Downregulated,LAMB1,"laminin, beta 1",LAMB1
212558_at,8.611841523063829,9.706516635009999,-1.0946751119461702,-9.82563773078769,1.8009545032920465e-18,2.006340905428045e-17,True,Downregulated,SPRY1,"sprouty homolog 1, antagonist of FGF signaling (Drosophila)",SPRY1
221045_s_at,7.254951620914893,8.34860601468,-1.0936543937651066,-7.644152300301616,2.141840608552691e-12,1.3262841235507143e-11,True,Downregulated,PER3,period circadian clock 3,PER3
204288_s_at,7.766307226127658,8.85974489743,-1.0934376713023415,-5.914420678829496,4.175807004041066e-08,1.6690195104358533e-07,True,Downregulated,SORBS2,sorbin and SH3 domain containing 2,SORBS2
225822_at,9.232257715542552,10.32547814896,-1.0932204334174482,-7.765440391139158,3.1510162768829582e-12,1.9187202702188023e-11,True,Downregulated,TMEM125,transmembrane protein 125,TMEM125
231478_at,3.125646351212767,4.21846283778,-1.0928164865672327,-8.15602830390569,4.4220958347618984e-14,3.2501618825977517e-13,True,Downregulated,LOC729966,"uncharacterized LOC729966 /// phosphodiesterase 4C, cAMP-specific",LOC729966
223407_at,5.892029029468085,6.9846305420400014,-1.0926015125719166,-10.359524795278963,5.853308543589015e-19,6.7996987759282675e-18,True,Downregulated,ENKD1,enkurin domain containing 1,ENKD1
217507_at,3.5916540594999997,4.68400082578,-1.0923467662800004,-7.911384387966127,4.68705988495625e-13,3.10007627855702e-12,True,Downregulated,SLC11A1,"solute carrier family 11 (proton-coupled divalent metal ion transporter), member 1",SLC11A1
226770_at,8.395578624521274,9.487855434140002,-1.0922768096187276,-9.06007012745764,2.972397591313749e-15,2.4652795196052628e-14,True,Downregulated,MAGI3,"membrane associated guanylate kinase, WW and PDZ domain containing 3",MAGI3
217863_at,8.186030437787235,9.2781695742,-1.092139136412765,-16.04990833721976,3.2963058908209754e-33,1.3340489739932053e-31,True,Downregulated,PIAS1,"protein inhibitor of activated STAT, 1",PIAS1
236575_at,6.041667720489363,7.133742595399999,-1.0920748749106366,-5.037583705428283,1.6508660923047391e-06,5.5336833878039825e-06,True,Downregulated,ARHGEF26-AS1,ARHGEF26 antisense RNA 1,ARHGEF26-AS1
212850_s_at,4.618008934393617,5.7098491629099986,-1.0918402285163813,-5.147141800895579,8.152729780655683e-07,2.82831994312659e-06,True,Downregulated,LRP4,low density lipoprotein receptor-related protein 4,LRP4
212698_s_at,11.551143740308515,12.6411679856,-1.0900242452914846,-14.438492626332964,6.870972574655006e-30,2.0832138156730223e-28,True,Downregulated,SEPT10,septin 10,SEPT10
204610_s_at,7.40565672268085,8.49556864706,-1.0899119243791509,-12.242995166243473,3.71838302120575e-24,6.770377426491959e-23,True,Downregulated,CCDC85B,coiled-coil domain containing 85B,CCDC85B
220272_at,3.3200543565319145,4.40989424232,-1.0898398857880855,-9.06596124431898,2.1674974620993764e-16,1.98706355030641e-15,True,Downregulated,BNC2,basonuclin 2,BNC2
208454_s_at,7.244277779617023,8.334095546779999,-1.0898177671629758,-11.143886902090221,9.242116357417349e-21,1.2619864696624764e-19,True,Downregulated,CPQ,carboxypeptidase Q,CPQ
224734_at,9.243077721244681,10.332726842590002,-1.089649121345321,-17.310047669444522,4.368305823784164e-36,2.3495369703805505e-34,True,Downregulated,HMGB1,high mobility group box 1,HMGB1
202081_at,11.324985058617022,12.4143624105,-1.0893773518829786,-10.245661087750657,7.937291842887833e-20,9.958366668102752e-19,True,Downregulated,IER2,immediate early response 2,IER2
203859_s_at,6.354051922234041,7.442945484119999,-1.0888935618859579,-15.602843791524965,5.86294394963895e-36,3.0946447818967675e-34,True,Downregulated,PALM,paralemmin,PALM
230072_at,3.850811338329787,4.93963644393,-1.0888251056002125,-13.808256051838834,1.944686869377929e-30,6.149143324888965e-29,True,Downregulated,TBC1D15,"TBC1 domain family, member 15",TBC1D15
235521_at,6.578823632414893,7.66675760154,-1.0879339691251069,-6.253953570317357,5.5429345481834926e-09,2.425811860118774e-08,True,Downregulated,HOXA3,homeobox A3,HOXA3
209123_at,8.549957262191489,9.637615007720003,-1.0876577455285137,-14.331709110312694,3.5253155892640963e-29,9.979611804429404e-28,True,Downregulated,QDPR,quinoid dihydropteridine reductase,QDPR
209146_at,11.247359413297874,12.334531638899998,-1.0871722256021243,-13.351582211914241,6.941127133697447e-28,1.7568727718261215e-26,True,Downregulated,MSMO1,methylsterol monooxygenase 1,MSMO1
242625_at,8.102342182170215,9.18899736123,-1.0866551790597843,-6.6948260222094635,4.421071787244788e-10,2.161743337715892e-09,True,Downregulated,RSAD2,radical S-adenosyl methionine domain containing 2,RSAD2
231310_at,2.566834317361702,3.6528718398300004,-1.0860375224682985,-7.711361036643927,6.698748220043473e-13,4.36038813703568e-12,True,Downregulated,TRIM71,"tripartite motif containing 71, E3 ubiquitin protein ligase",TRIM71
211991_s_at,12.947835082021278,14.0336049329,-1.0857698508787212,-8.257177645242008,2.0499331913699887e-13,1.4079645847404702e-12,True,Downregulated,HLA-DPA1,"major histocompatibility complex, class II, DP alpha 1",HLA-DPA1
229178_at,3.989821610319149,5.07512429139,-1.0853026810708508,-7.707757302744963,6.79943727209288e-13,4.42271777865265e-12,True,Downregulated,PRTG,protogenin,PRTG
221750_at,8.378632832542552,9.463370306919998,-1.0847374743774463,-11.370901581062018,3.956543983469997e-23,6.637762779005529e-22,True,Downregulated,HMGCS1,3-hydroxy-3-methylglutaryl-CoA synthase 1 (soluble),HMGCS1
212206_s_at,8.269971368074467,9.35448381236,-1.084512444285533,-14.414673677404416,1.58966280537461e-30,5.077292378258834e-29,True,Downregulated,H2AFV,"H2A histone family, member V",H2AFV
206076_at,4.816998824106384,5.901341180109999,-1.0843423560036154,-5.863299548226083,1.9614245549251247e-08,8.112671571147551e-08,True,Downregulated,LRRC23,leucine rich repeat containing 23,LRRC23
205141_at,7.053218985340426,8.13587567881,-1.0826566934695743,-8.25456686046546,2.334367680459931e-13,1.5951759631713612e-12,True,Downregulated,ANG,"angiogenin, ribonuclease, RNase A family, 5",ANG
1554260_a_at,6.968018368638298,8.05066530981,-1.082646941171702,-15.643661386841428,4.5493846406867694e-35,2.1906284895611332e-33,True,Downregulated,FRYL,FRY-like,FRYL
221211_s_at,6.026402631819149,7.109047856280001,-1.082645224460852,-8.145808289350876,8.553585983647542e-14,6.100015588921595e-13,True,Downregulated,MAP3K7CL,MAP3K7 C-terminal like,MAP3K7CL
229572_at,5.740842702031915,6.82329846209,-1.0824557600580853,-10.911036973853198,1.0283667692553958e-20,1.3992343802471722e-19,True,Downregulated,ATP6V0A2,"ATPase, H+ transporting, lysosomal V0 subunit a2",ATP6V0A2
225900_at,5.507039064574468,6.5890121405299995,-1.0819730759555313,-11.027329223383472,1.9013078914379698e-21,2.740920564161958e-20,True,Downregulated,EXOC6B,exocyst complex component 6B,EXOC6B
239123_at,4.116470165287234,5.197749505190001,-1.0812793399027667,-10.567059092904215,1.727819401982771e-20,2.3048733719009253e-19,True,Downregulated,TSC22D1,"TSC22 domain family, member 1",TSC22D1
208626_s_at,9.23348593225532,10.31422898423,-1.0807430519746806,-13.00806670172433,3.103826491385702e-26,6.776659232972687e-25,True,Downregulated,VAT1,vesicle amine transport 1,VAT1
225504_at,6.4891239670531915,7.5697085147799985,-1.080584547726807,-11.91222660012599,5.182332806013687e-24,9.347315637298865e-23,True,Downregulated,HMBOX1,homeobox containing 1,HMBOX1
226846_at,6.909487252829787,7.989892072500001,-1.080404819670214,-8.5128296156966,9.943954770932693e-14,7.043929294210271e-13,True,Downregulated,PHYHD1,phytanoyl-CoA dioxygenase domain containing 1,PHYHD1
227626_at,6.172666137574467,7.252912976249999,-1.0802468386755324,-9.346799236166097,5.452953606074097e-16,4.8350241123689646e-15,True,Downregulated,PAQR8,progestin and adipoQ receptor family member VIII,PAQR8
222409_at,10.057754293138299,11.137375813399997,-1.079621520261698,-14.413942751223258,1.2269228653185309e-29,3.629883016172855e-28,True,Downregulated,CORO1C,"coronin, actin binding protein, 1C",CORO1C
210942_s_at,5.642466682074468,6.72187241396,-1.0794057318855321,-8.681324125666583,9.794896532727397e-15,7.714574680176831e-14,True,Downregulated,ST3GAL6,"ST3 beta-galactoside alpha-2,3-sialyltransferase 6",ST3GAL6
208561_at,2.644825801297872,3.72396334827,-1.0791375469721278,-8.215761079981053,3.0895698370497894e-14,2.3076739793856403e-13,True,Downregulated,ABCC9,"ATP-binding cassette, sub-family C (CFTR/MRP), member 9",ABCC9
212111_at,9.971415302553192,11.050311044499999,-1.0788957419468073,-19.544791986938364,6.5285088006103515e-43,6.43117901739246e-41,True,Downregulated,STX12,syntaxin 12,STX12
231137_at,3.0272772895319155,4.1061338990800005,-1.078856609548085,-15.467009752016835,5.373952558054783e-33,2.133161714299148e-31,True,Downregulated,IDH3A,isocitrate dehydrogenase 3 (NAD+) alpha,IDH3A
215992_s_at,6.145067743819149,7.223680793400002,-1.0786130495808521,-9.388023337608086,3.6884734899767714e-17,3.630824215444558e-16,True,Downregulated,RAPGEF2,Rap guanine nucleotide exchange factor (GEF) 2,RAPGEF2
209230_s_at,10.25824097618085,11.336159344300002,-1.0779183681191515,-8.585872340821696,5.901245478390625e-14,4.281726552012925e-13,True,Downregulated,NUPR1,"nuclear protein, transcriptional regulator, 1",NUPR1
208670_s_at,8.89776572388298,9.974430808909998,-1.0766650850270185,-16.452524494214824,4.151051914835035e-37,2.469784051895102e-35,True,Downregulated,EID1,EP300 interacting inhibitor of differentiation 1,EID1
221675_s_at,10.044500454106384,11.1210647253,-1.0765642711936163,-10.217497653934348,3.0365866414889034e-18,3.311266302645887e-17,True,Downregulated,CHPT1,choline phosphotransferase 1,CHPT1
204030_s_at,8.949446346638299,10.02560278564,-1.0761564390017018,-9.46836284295733,8.348353936725438e-17,7.941714977727528e-16,True,Downregulated,IQCJ-SCHIP1,IQCJ-SCHIP1 readthrough /// schwannomin interacting protein 1,IQCJ-SCHIP1
223806_s_at,12.82509353718085,13.900954417599998,-1.0758608804191478,-5.016342250948299,2.3915149654946e-06,7.878845028426593e-06,True,Downregulated,NAPSA,napsin A aspartic peptidase,NAPSA
225689_at,6.8550365647659595,7.9308140186000005,-1.075777453834041,-12.576052206243778,4.188861679429866e-24,7.608987311375035e-23,True,Downregulated,POMGNT2,"protein O-linked mannose N-acetylglucosaminyltransferase 2 (beta 1,4-)",POMGNT2
237719_x_at,2.8127909174893615,3.888029498799999,-1.0752385813106375,-7.579395918012921,1.465034695475077e-12,9.229135175781506e-12,True,Downregulated,RGS7BP,regulator of G-protein signaling 7 binding protein,RGS7BP
228027_at,7.702913227106382,8.776997233639998,-1.0740840065336155,-10.568134610026036,5.017586585211613e-19,5.857953376865461e-18,True,Downregulated,ARMCX5-GPRASP2,ARMCX5-GPRASP2 readthrough /// G protein-coupled receptor associated sorting protein 2,ARMCX5-GPRASP2
201426_s_at,13.626664433085105,14.700358872399999,-1.0736944393148935,-13.649277817714966,1.4088225195446062e-25,2.9290656372719827e-24,True,Downregulated,VIM,vimentin,VIM
214119_s_at,8.979745053585106,10.05282883205,-1.0730837784648948,-8.284868422726756,2.2310735839155488e-14,1.6901482223166437e-13,True,Downregulated,FKBP1A,"FK506 binding protein 1A, 12kDa /// uncharacterized LOC101929368",FKBP1A
212535_at,9.199938035361702,10.27196981373,-1.0720317783682969,-19.98361517441944,4.446234911443711e-46,6.309899497279985e-44,True,Downregulated,MEF2A,myocyte enhancer factor 2A,MEF2A
202388_at,11.624119184638298,12.696122502400003,-1.0720033177617054,-7.712171628086887,8.478582749070296e-13,5.460117956674987e-12,True,Downregulated,RGS2,regulator of G-protein signaling 2,RGS2
226442_at,5.368936739904256,6.440769540869999,-1.0718328009657432,-13.386688435948615,2.247405570859323e-28,5.9458414183098646e-27,True,Downregulated,ABTB1,ankyrin repeat and BTB (POZ) domain containing 1,ABTB1
235369_at,5.92769326111702,6.99914320375,-1.07144994263298,-9.670872899732005,3.2713683277377474e-18,3.5531869320618435e-17,True,Downregulated,C14orf28,chromosome 14 open reading frame 28,C14orf28
240115_at,2.6488482671914895,3.7201388903300003,-1.0712906231385109,-11.471764513000112,1.428434240470521e-22,2.27576315337522e-21,True,Downregulated,LOC100286925,uncharacterized LOC100286925,LOC100286925
203081_at,7.126499254553193,8.197373474509998,-1.0708742199568055,-10.77978793966987,7.77298577240432e-20,9.772739896085525e-19,True,Downregulated,CTNNBIP1,"catenin, beta interacting protein 1",CTNNBIP1
206262_at,5.860406460765958,6.930675987130001,-1.0702695263640427,-3.6563108558487856,0.0003919288932349697,0.0009770701020410696,True,Downregulated,ADH1C,"alcohol dehydrogenase 1C (class I), gamma polypeptide",ADH1C
239132_at,2.277487645585106,3.3475124596900008,-1.0700248141048947,-8.11151768010942,4.2183675059095617e-13,2.8024841239235633e-12,True,Downregulated,NOS1,nitric oxide synthase 1 (neuronal),NOS1
224780_at,8.38813409024468,9.45800708596,-1.0698729957153201,-15.62889709557242,1.8889345058513554e-34,8.523341554674581e-33,True,Downregulated,RBM17,RNA binding motif protein 17,RBM17
204440_at,8.893059513819148,9.962627404860001,-1.0695678910408528,-7.752567542433305,5.867978458364694e-13,3.83913257951105e-12,True,Downregulated,CD83,CD83 molecule,CD83
1558512_at,4.235083232882979,5.304217264699998,-1.0691340318170193,-12.362121332689428,4.6006213628663317e-26,9.917796417760661e-25,True,Downregulated,RP11-819C21.1,,RP11-819C21.1
1554899_s_at,9.48111923611702,10.550105207519998,-1.0689859714029772,-6.7392523457193,3.1611881045019187e-10,1.5683761958190224e-09,True,Downregulated,FCER1G,"Fc fragment of IgE, high affinity I, receptor for; gamma polypeptide",FCER1G
206995_x_at,6.714362725734043,7.783315622040002,-1.0689528963059587,-11.909435633121136,1.659627602743547e-23,2.867482500519256e-22,True,Downregulated,SCARF1,"scavenger receptor class F, member 1",SCARF1
230300_at,5.530960831595745,6.59958826613,-1.068627434534255,-7.89212646034477,1.3939937389261512e-12,8.794996743915773e-12,True,Downregulated,PSMA5,"proteasome (prosome, macropain) subunit, alpha type, 5",PSMA5
206179_s_at,3.8385419079468077,4.90687808954,-1.0683361815931924,-13.181087995407811,1.1355704657614527e-28,3.084737023810379e-27,True,Downregulated,TPPP,tubulin polymerization promoting protein,TPPP
221697_at,5.316358180425532,6.384260665949999,-1.067902485524467,-9.300530199794403,3.220941308925449e-17,3.191039772368101e-16,True,Downregulated,MAP1LC3C,microtubule-associated protein 1 light chain 3 gamma,MAP1LC3C
228067_at,8.12859280693617,9.196457245280001,-1.0678644383438307,-8.26286205165169,6.745303040501038e-14,4.860051833039368e-13,True,Downregulated,KIAA1211L,KIAA1211-like,KIAA1211L
205653_at,4.260968062351064,5.328022205300001,-1.0670541429489369,-7.214831799510207,1.7120000003601972e-11,9.689743451475698e-11,True,Downregulated,CTSG,cathepsin G,CTSG
1554331_a_at,2.9409361587021277,4.007686347160001,-1.0667501884578732,-8.494674177242448,1.892781271568527e-14,1.445684939968543e-13,True,Downregulated,LRRC18,leucine rich repeat containing 18,LRRC18
205841_at,6.433171496404256,7.49843093365,-1.0652594372457438,-10.90308498216395,7.5541857520393e-20,9.50653801729494e-19,True,Downregulated,JAK2,Janus kinase 2,JAK2
226448_at,6.594377392914893,7.65940992326,-1.065032530345107,-7.780220055893296,2.043344086504539e-12,1.2683589733033254e-11,True,Downregulated,FAM89A,"family with sequence similarity 89, member A /// microRNA 1182",FAM89A
208733_at,6.382328652159575,7.447226500960002,-1.0648978488004275,-7.702503122555146,1.3934786516933226e-12,8.792778362268542e-12,True,Downregulated,RAB2A,"RAB2A, member RAS oncogene family",RAB2A
221809_at,4.819450112095745,5.88385865439,-1.064408542294255,-13.94688725042388,5.522872245573772e-31,1.8314007805205358e-29,True,Downregulated,RANBP10,RAN binding protein 10,RANBP10
224843_at,5.667760300234042,6.7321110375,-1.0643507372659577,-13.039150186964433,2.855517194465836e-27,6.859618035798992e-26,True,Downregulated,SLAIN2,"SLAIN motif family, member 2",SLAIN2
200601_at,10.044912487095743,11.109166110239999,-1.0642536231442552,-11.84828632407525,1.965454669728077e-23,3.3774423279870396e-22,True,Downregulated,ACTN4,"actinin, alpha 4",ACTN4
203724_s_at,4.369986025734042,5.434190429489998,-1.064204403755956,-12.030562972336512,6.097929435730516e-24,1.0932774421006717e-22,True,Downregulated,RUFY3,RUN and FYVE domain containing 3,RUFY3
1556121_at,7.035873300063831,8.099313826500001,-1.0634405264361702,-13.614657367222083,2.528102955319898e-27,6.111305418194879e-26,True,Downregulated,NAP1L1,nucleosome assembly protein 1-like 1,NAP1L1
227061_at,8.178023446521276,9.24023041492,-1.0622069683987228,-4.329384264892709,2.6712381948328076e-05,7.782213061817646e-05,True,Downregulated,LINC01279,long intergenic non-protein coding RNA 1279,LINC01279
208703_s_at,11.035412269712765,12.097184185499996,-1.0617719157872312,-10.279623235490027,3.4357290681064763e-19,4.0658773081886676e-18,True,Downregulated,APLP2,amyloid beta (A4) precursor-like protein 2,APLP2
231747_at,6.82760188437234,7.88921382306,-1.0616119386876601,-7.62547847807522,5.866208797606622e-12,3.479871031080509e-11,True,Downregulated,CYSLTR1,cysteinyl leukotriene receptor 1,CYSLTR1
222134_at,5.3851724122553195,6.445836276629999,-1.0606638643746793,-12.02458425628295,8.436217809884856e-25,1.6228555476483078e-23,True,Downregulated,DDO,D-aspartate oxidase,DDO
228709_at,5.936221864425533,6.99579566026,-1.059573795834467,-11.009613100184847,1.9173110403126065e-20,2.542517051633478e-19,True,Downregulated,TPR,"translocated promoter region, nuclear basket protein",TPR
220380_at,2.434064307531915,3.49358990931,-1.059525601778085,-6.344087932102998,2.8165920239654898e-09,1.2694253276437728e-08,True,Downregulated,DNASE2B,deoxyribonuclease II beta,DNASE2B
201008_s_at,11.762756314042552,12.822082976599997,-1.0593266625574458,-9.309239336788199,9.862438097292491e-17,9.314505627760736e-16,True,Downregulated,TXNIP,thioredoxin interacting protein,TXNIP
244764_at,5.569772125457446,6.628273182819999,-1.0585010573625535,-9.76544941147446,4.0018994054453857e-17,3.9264166621905417e-16,True,Downregulated,HIVEP3,human immunodeficiency virus type I enhancer binding protein 3,HIVEP3
202085_at,10.015076174234043,11.073277337299999,-1.0582011630659558,-13.653092572276734,2.0031784017887577e-28,5.320639679931364e-27,True,Downregulated,TJP2,tight junction protein 2,TJP2
208690_s_at,11.324207643148938,12.381988755799998,-1.0577811126510603,-16.120530615409855,1.17195339067855e-33,4.924584771174726e-32,True,Downregulated,PDLIM1,PDZ and LIM domain 1,PDLIM1
227731_at,7.279328565180851,8.33696621821,-1.0576376530291487,-16.21986237547072,1.4185943183315453e-35,7.204958829629886e-34,True,Downregulated,CNBP,"CCHC-type zinc finger, nucleic acid binding protein",CNBP
214255_at,7.314053803872342,8.370314602659999,-1.0562607987876564,-9.255949115856199,7.133780097041003e-16,6.26138211976905e-15,True,Downregulated,ATP10A,"ATPase, class V, type 10A",ATP10A
225923_at,6.807760432904255,7.863893562689999,-1.056133129785744,-9.38743816896446,1.1896785277099774e-16,1.1157462823262221e-15,True,Downregulated,VAPB,VAMP (vesicle-associated membrane protein)-associated protein B and C,VAPB
205005_s_at,7.199758628212766,8.25547924803,-1.055720619817233,-9.686145301878804,1.22928702918636e-16,1.1512873437544412e-15,True,Downregulated,NMT2,N-myristoyltransferase 2,NMT2
221015_s_at,2.743736676723404,3.7992352826199998,-1.0554986058965956,-17.94314907272875,5.402947099979129e-38,3.53101959561941e-36,True,Downregulated,CDADC1,cytidine and dCMP deaminase domain containing 1,CDADC1
1552658_a_at,2.875787685446809,3.9309944731599997,-1.0552067877131908,-9.14875200772984,1.0251299864162593e-16,9.66837862686049e-16,True,Downregulated,NAV3,neuron navigator 3,NAV3
212759_s_at,6.453179108127658,7.508269343040001,-1.0550902349123428,-9.874315777266155,8.644178978828574e-18,9.04896478309213e-17,True,Downregulated,TCF7L2,"transcription factor 7-like 2 (T-cell specific, HMG-box)",TCF7L2
217853_at,10.927057236414894,11.981910663699999,-1.0548534272851047,-15.493136954935741,1.363144608874152e-34,6.27723424083092e-33,True,Downregulated,TNS3,tensin 3,TNS3
225098_at,8.969560755223403,10.02428726339,-1.0547265081665973,-16.20772188913027,7.730717877193428e-37,4.5098090210707776e-35,True,Downregulated,ABI2,abl-interactor 2,ABI2
218437_s_at,8.639180670212765,9.693708406250002,-1.0545277360372367,-12.262643207284613,3.2606847661664522e-24,5.968703157722763e-23,True,Downregulated,LZTFL1,leucine zipper transcription factor-like 1,LZTFL1
203547_at,8.250979581031915,9.30542262858,-1.0544430475480855,-9.675698209597813,4.1486897947988686e-17,4.060808540546896e-16,True,Downregulated,CD4,CD4 molecule,CD4
237215_s_at,5.932431152276596,6.98677006836,-1.0543389160834042,-4.485300976498794,1.2532561355320874e-05,3.8064054721175027e-05,True,Downregulated,TFRC,transferrin receptor,TFRC
204588_s_at,8.682992687978722,9.73732553948,-1.0543328515012789,-8.852923795275553,2.06494327092786e-15,1.7370196867395352e-14,True,Downregulated,SLC7A7,"solute carrier family 7 (amino acid transporter light chain, y+L system), member 7",SLC7A7
1560513_at,2.3207724136063828,3.375000492810001,-1.054228079203618,-12.309317717490893,1.052464500972002e-21,1.5543068547303705e-20,True,Downregulated,LOC400568,uncharacterized LOC400568,LOC400568
214012_at,7.268041270127659,8.321212186819999,-1.0531709166923395,-6.4171882489162515,1.758050105461321e-09,8.086068323271986e-09,True,Downregulated,ERAP1,endoplasmic reticulum aminopeptidase 1,ERAP1
219594_at,7.668282973170214,8.72121679656,-1.052933823389786,-6.921170166784255,2.0684556259854474e-10,1.047490389786774e-09,True,Downregulated,NINJ2,ninjurin 2,NINJ2
226203_at,8.447521350787234,9.50032520775,-1.0528038569627665,-12.55590720196031,8.908756863506683e-25,1.7100870687386526e-23,True,Downregulated,MYO9A,myosin IXA,MYO9A
212726_at,7.98777809168085,9.04050099965,-1.0527229079691498,-16.434371045534636,2.129179242104056e-37,1.3102978800435783e-35,True,Downregulated,PHF2,PHD finger protein 2,PHF2
235349_at,8.048877973872338,9.10130366428,-1.0524256904076612,-8.428345183727238,1.224641454188321e-13,8.603522107493866e-13,True,Downregulated,RMDN2,regulator of microtubule dynamics 2,RMDN2
208146_s_at,8.312239341595745,9.36382126681,-1.0515819252142542,-7.61301979934522,2.8495256485895147e-12,1.743624420193807e-11,True,Downregulated,CPVL,"carboxypeptidase, vitellogenic-like",CPVL
241075_at,3.2785939049680843,4.32907180236,-1.0504778973919153,-10.099735524002922,3.310817573362142e-19,3.9228108604835245e-18,True,Downregulated,RIMKLA,ribosomal modification protein rimK-like family member A,RIMKLA
226671_at,8.42897303306383,9.478890864410001,-1.0499178313461712,-9.959153866001161,1.5598027108420254e-17,1.5900270865112228e-16,True,Downregulated,LAMP2,lysosomal-associated membrane protein 2,LAMP2
222663_at,6.290043317787237,7.339492630090001,-1.0494493123027642,-10.499736115552198,4.193454587336911e-19,4.928958663341414e-18,True,Downregulated,RIOK2,RIO kinase 2,RIOK2
204638_at,10.263326591925532,11.312587701410003,-1.0492611094844708,-6.513977825780358,6.260713365066137e-10,3.014940720328116e-09,True,Downregulated,ACP5,"acid phosphatase 5, tartrate resistant",ACP5
230403_at,6.073659148553193,7.12291769404,-1.0492585454868069,-8.018943445440122,1.7051027283336425e-13,1.1816860629577798e-12,True,Downregulated,RFX3,"regulatory factor X, 3 (influences HLA class II expression)",RFX3
225896_at,5.376598882372342,6.425477338669998,-1.0488784562976559,-10.637422586576333,5.817128509955023e-21,8.074324491262989e-20,True,Downregulated,MPRIP,myosin phosphatase Rho interacting protein,MPRIP
232024_at,8.676504189787233,9.725048800149999,-1.0485446103627662,-7.23605510822233,2.7610021734372497e-11,1.5317510355904682e-10,True,Downregulated,GIMAP2,"GTPase, IMAP family member 2",GIMAP2
206011_at,7.7946062893617025,8.84302059138,-1.0484143020182977,-8.29798314783125,2.039503956124122e-13,1.4015173091106686e-12,True,Downregulated,CASP1,"caspase 1, apoptosis-related cysteine peptidase",CASP1
229649_at,6.3297749631702125,7.377857158600001,-1.0480821954297888,-6.429784487690937,2.857929645558308e-09,1.287085354734984e-08,True,Downregulated,NRXN3,neurexin 3,NRXN3
241359_at,7.254405650436173,8.301188341750002,-1.0467826913138296,-9.731109811924654,6.993804982423853e-17,6.700170952071241e-16,True,Downregulated,TLCD2,TLC domain containing 2,TLCD2
231195_at,2.634193165670213,3.6808656734599996,-1.0466725077897867,-8.76401869872887,1.7225754034373106e-15,1.4597517039432674e-14,True,Downregulated,KLRG2,"killer cell lectin-like receptor subfamily G, member 2",KLRG2
235344_at,5.407229207202127,6.453759238170001,-1.0465300309678742,-10.217892427872764,7.677201489952673e-20,9.656827861052256e-19,True,Downregulated,PPM1A,"protein phosphatase, Mg2+/Mn2+ dependent, 1A",PPM1A
221935_s_at,8.700959951765958,9.74720451583,-1.0462445640640414,-14.99363524624462,8.64760466456085e-31,2.817202086541913e-29,True,Downregulated,EOGT,EGF domain-specific O-linked N-acetylglucosamine (GlcNAc) transferase,EOGT
243141_at,6.504001399404257,7.549960293370001,-1.0459588939657438,-6.5568713647563746,5.055316693790051e-10,2.4562354443739087e-09,True,Downregulated,SGMS2,sphingomyelin synthase 2,SGMS2
1568964_x_at,6.574729506978722,7.620619560079999,-1.0458900531012771,-10.72220853469593,2.5605588797929017e-21,3.658932516167402e-20,True,Downregulated,LOC101929889,leukosialin-like /// sialophorin,LOC101929889
244461_at,3.6493055668404257,4.695056502590001,-1.0457509357495751,-10.220733818010423,2.570949115562288e-19,3.0850649560140153e-18,True,Downregulated,SPECC1,sperm antigen with calponin homology and coiled-coil domains 1,SPECC1
213992_at,2.4554268918829787,3.501065513080001,-1.0456386211970221,-8.152462489437802,4.733605461980099e-14,3.467270916220368e-13,True,Downregulated,COL4A6,"collagen, type IV, alpha 6",COL4A6
228718_at,5.9637603790106395,7.009381343889999,-1.045620964879359,-10.573058585293618,1.9161062692448037e-20,2.5415460369322076e-19,True,Downregulated,ZNF44,zinc finger protein 44,ZNF44
1552910_at,3.032226744797871,4.07775627086,-1.0455295260621291,-9.38687289349325,8.445538984835323e-17,8.027067676945621e-16,True,Downregulated,SIGLEC11,sialic acid binding Ig-like lectin 11,SIGLEC11
209263_x_at,9.11983704201064,10.16471752563,-1.0448804836193588,-14.126250651658388,5.4742881461557466e-27,1.283522503178435e-25,True,Downregulated,TSPAN4,tetraspanin 4,TSPAN4
204204_at,8.679805404053193,9.7244774197,-1.0446720156468068,-8.026427885459476,1.6049755310688891e-13,1.1150247211840774e-12,True,Downregulated,SLC31A2,"solute carrier family 31 (copper transporter), member 2",SLC31A2
204310_s_at,4.567361830382978,5.611902291810001,-1.0445404614270224,-15.030762842239138,4.275930636246058e-34,1.878964094780478e-32,True,Downregulated,NPR2,natriuretic peptide receptor 2,NPR2
229817_at,6.775709190617022,7.81925794657,-1.043548755952978,-8.414080999586632,3.93484780310015e-14,2.9075384522261943e-13,True,Downregulated,ZNF608,zinc finger protein 608,ZNF608
208322_s_at,7.16987387501064,8.21338423347,-1.0435103584593604,-7.976561270275839,1.642698448372851e-12,1.0289295300358934e-11,True,Downregulated,ST3GAL1,"ST3 beta-galactoside alpha-2,3-sialyltransferase 1",ST3GAL1
217645_at,6.2457203231383,7.2886501636,-1.0429298404617002,-9.406956090194777,6.729943821377021e-16,5.9233637436849036e-15,True,Downregulated,COX16,COX16 cytochrome c oxidase assembly homolog (S. cerevisiae) /// SYNJ2BP-COX16 readthrough,COX16
235072_s_at,9.376800929925533,10.419576802020002,-1.0427758720944684,-12.621462650532584,5.076589649153228e-25,9.954409437453719e-24,True,Downregulated,KIF13A,kinesin family member 13A,KIF13A
223495_at,5.589562790521277,6.63176553596,-1.0422027454387228,-8.195951331543151,1.6530433074289493e-13,1.1469374011013089e-12,True,Downregulated,CCDC8,coiled-coil domain containing 8,CCDC8
208116_s_at,7.092689645702128,8.134559433409999,-1.0418697877078706,-6.762771015713629,1.961099734272477e-10,9.962194022249665e-10,True,Downregulated,MAN1A1,"mannosidase, alpha, class 1A, member 1",MAN1A1
213880_at,3.1292222465,4.170238508390001,-1.0410162618900007,-5.250348716208625,4.248861999128114e-07,1.522006603297401e-06,True,Downregulated,LGR5,leucine-rich repeat containing G protein-coupled receptor 5,LGR5
209337_at,9.688095879553192,10.728218155949998,-1.040122276396806,-16.370872157587957,1.4949159972175188e-35,7.5711442397685e-34,True,Downregulated,PSIP1,PC4 and SFRS1 interacting protein 1,PSIP1
205081_at,11.255027029765957,12.294131076099998,-1.0391040463340406,-7.887376608208901,4.717857634865037e-13,3.119679010927599e-12,True,Downregulated,CRIP1,cysteine-rich protein 1 (intestinal),CRIP1
226326_at,9.304934586712765,10.343060615840002,-1.0381260291272376,-15.230629510097804,1.5129858765218462e-30,4.8438963306311916e-29,True,Downregulated,PCGF5,polycomb group ring finger 5,PCGF5
205249_at,8.509052557276595,9.54593680785,-1.0368842505734044,-6.875305720323513,8.480748805212007e-11,4.4777615284062827e-10,True,Downregulated,EGR2,early growth response 2,EGR2
218175_at,8.620168632670213,9.65695974326,-1.0367911105897871,-12.762392348312833,2.8431343468321155e-26,6.218821633945188e-25,True,Downregulated,CCDC92,coiled-coil domain containing 92,CCDC92
222173_s_at,7.063342611702126,8.09918137611,-1.035838764407874,-9.796325390997145,2.4348097517061038e-17,2.435987301065188e-16,True,Downregulated,TBC1D2,"TBC1 domain family, member 2",TBC1D2
230353_at,4.688371210797873,5.723817021399998,-1.0354458106021251,-13.65258116637755,4.818972558770914e-29,1.3485601355153608e-27,True,Downregulated,LOC284112,uncharacterized LOC284112 /// microRNA 195 /// microRNA 497 /// mir-497-195 cluster host gene (non-protein coding),LOC284112
218501_at,9.292367724659576,10.32780783167,-1.0354401070104249,-14.452966475064812,3.249224648783901e-29,9.236934300184508e-28,True,Downregulated,ARHGEF3,Rho guanine nucleotide exchange factor (GEF) 3,ARHGEF3
209604_s_at,6.89508916887234,7.93000697206,-1.0349178031876605,-7.074427010135821,7.465057961010725e-11,3.9663697272638826e-10,True,Downregulated,GATA3,GATA binding protein 3,GATA3
231565_at,2.422023600404255,3.4568989834699995,-1.0348753830657444,-5.0026997415592405,1.721164199606794e-06,5.757481039868837e-06,True,Downregulated,C4orf22,chromosome 4 open reading frame 22,C4orf22
227875_at,3.830546303351064,4.8641539226,-1.033607619248936,-5.503734294265916,1.3200214616292273e-07,4.994414512020189e-07,True,Downregulated,KLHL13,kelch-like family member 13,KLHL13
227340_s_at,5.397651775882978,6.430923400510002,-1.033271624627024,-6.967529711632625,5.613524002516871e-11,3.0204982192814367e-10,True,Downregulated,RGMB,repulsive guidance molecule family member b,RGMB
232686_at,3.155094892489362,4.18801074014,-1.0329158476506382,-12.355727329865589,3.54783932297854e-25,7.075420312410966e-24,True,Downregulated,SIGLEC17P,"sialic acid binding Ig-like lectin 17, pseudogene",SIGLEC17P
206518_s_at,2.734767259882979,3.76659000002,-1.031822740137021,-10.318476755077882,3.9666241386225556e-18,4.278958000801299e-17,True,Downregulated,RGS9,regulator of G-protein signaling 9,RGS9
236118_at,5.0352688309787235,6.067019590850001,-1.0317507598712776,-11.701581517787284,1.964564313183418e-23,3.376991247966869e-22,True,Downregulated,GATA6-AS1,GATA6 antisense RNA 1 (head to head),GATA6-AS1
205568_at,5.903873145595744,6.934985583659998,-1.0311124380642536,-5.773443210534265,3.330551065242161e-08,1.3453775410823497e-07,True,Downregulated,AQP9,aquaporin 9,AQP9
232069_at,4.526002601446808,5.557008412020001,-1.031005810573193,-11.778991533764508,2.1068644991158647e-23,3.610060973222233e-22,True,Downregulated,KIF26A,kinesin family member 26A,KIF26A
211370_s_at,6.185518469446808,7.216274025689999,-1.0307555562431912,-12.546545093010545,2.520578046364236e-25,5.108206887782471e-24,True,Downregulated,MAP2K5,mitogen-activated protein kinase kinase 5,MAP2K5
243052_at,4.59981780325532,5.630359814169999,-1.0305420109146795,-10.31796166757847,3.876894172378179e-20,5.004142787509785e-19,True,Downregulated,MOB3C,MOB kinase activator 3C,MOB3C
206070_s_at,5.805790824851064,6.835993921129999,-1.0302030962789352,-3.9346778159691898,0.00013132166130492683,0.00034899287884514033,True,Downregulated,EPHA3,EPH receptor A3,EPHA3
200832_s_at,11.039471879978723,12.067966469199998,-1.0284945892212747,-9.144766897164546,3.177386914510065e-16,2.8795102373014043e-15,True,Downregulated,SCD,stearoyl-CoA desaturase (delta-9-desaturase),SCD
203906_at,7.038498991351064,8.066552455540002,-1.0280534641889378,-12.91556104965888,1.7422548054146532e-25,3.6000352272006356e-24,True,Downregulated,IQSEC1,IQ motif and Sec7 domain 1,IQSEC1
236704_at,6.410508153372343,7.43853951625,-1.0280313628776563,-10.341388259513355,4.353080473783393e-20,5.595955697010363e-19,True,Downregulated,LOC101929787,uncharacterized LOC101929787,LOC101929787
224821_at,8.078108538882978,9.105990241919999,-1.0278817030370213,-10.759212494605531,3.170595436224691e-21,4.4806528148392334e-20,True,Downregulated,ABHD14B,abhydrolase domain containing 14B,ABHD14B
227868_at,5.336128973446808,6.363055185380001,-1.0269262119331932,-8.037838123615883,3.6342562115802984e-13,2.4326381449905544e-12,True,Downregulated,LOC154761,"family with sequence similarity 115, member C pseudogene",LOC154761
226040_at,7.844417016361703,8.86939959539,-1.024982579028297,-10.977594138569797,1.4089272344873656e-20,1.895461736721797e-19,True,Downregulated,RP11-395B7.7,,RP11-395B7.7
203989_x_at,8.866295010404256,9.89109960864,-1.0248045982357432,-7.991419516137443,3.210565970062315e-13,2.16124532247524e-12,True,Downregulated,F2R,coagulation factor II (thrombin) receptor,F2R
201525_at,7.762233233117021,8.78688015261,-1.0246469194929784,-3.5761961124256634,0.0004883299517660805,0.0012016339457265259,True,Downregulated,APOD,apolipoprotein D,APOD
231118_at,5.703705452680851,6.72759071028,-1.023885257599149,-9.928367156941253,5.962563216534624e-18,6.322997341571988e-17,True,Downregulated,ANKRD35,ankyrin repeat domain 35,ANKRD35
224847_at,6.95743492762766,7.980633727889999,-1.023198800262339,-8.344785360957042,1.0682228817562988e-13,7.54899959507874e-13,True,Downregulated,CDK6,cyclin-dependent kinase 6,CDK6
206522_at,2.8153508678723407,3.8383419716800002,-1.0229911038076596,-8.364656318911972,6.183472480572321e-14,4.476837405304386e-13,True,Downregulated,MGAM,maltase-glucoamylase (alpha-glucosidase),MGAM
229699_at,6.1359391667234044,7.1577809238900025,-1.021841757166598,-9.642446086111178,1.559991993366252e-17,1.5900270865112228e-16,True,Downregulated,LOC100129550,uncharacterized LOC100129550,LOC100129550
231899_at,7.182788587968087,8.204126643780002,-1.0213380558119152,-9.049141610366663,2.2791742452193482e-15,1.9097626725871296e-14,True,Downregulated,ZC3H12C,zinc finger CCCH-type containing 12C,ZC3H12C
202295_s_at,13.032833754893618,14.053751890200001,-1.020918135306383,-9.079837090227672,2.6047856987130396e-15,2.1731193359854126e-14,True,Downregulated,CTSH,cathepsin H,CTSH
202801_at,7.053240300361702,8.07406863298,-1.0208283326182972,-13.258695955080535,6.600086188206475e-29,1.826091747525069e-27,True,Downregulated,PRKACA,"protein kinase, cAMP-dependent, catalytic, alpha",PRKACA
235700_at,2.7619360990425523,3.7822627638399995,-1.0203266647974472,-3.2182568840926153,0.0015196219559013657,0.003478799170892141,True,Downregulated,CT45A1,"cancer/testis antigen family 45, member A1 /// cancer/testis antigen family 45, member A2 /// cancer/testis antigen family 45, member A3 /// cancer/testis antigen family 45, member A4 /// cancer/testis antigen family 45, member A5 /// cancer/testis antigen family 45, member A6 /// cancer/testis antigen family 45 member A5-like /// cancer/testis antigen family 45 member A-like /// cancer/testis antigen family 45 member A2-like /// cancer/testis antigen family 45 member A2-like",CT45A1
235798_at,6.199222204744682,7.219273649630001,-1.0200514448853184,-7.6479697467922705,5.197961330236161e-12,3.0984988153394896e-11,True,Downregulated,TMEM170B,transmembrane protein 170B,TMEM170B
213644_at,6.2604116965531915,7.279982299519999,-1.019570602966808,-9.872680797980436,2.1875599331802363e-17,2.197611105080915e-16,True,Downregulated,CEP112,centrosomal protein 112kDa,CEP112
210613_s_at,5.54503663368085,6.5640487706199995,-1.0190121369391498,-8.710920777723093,2.0859732422407092e-14,1.58540639220202e-13,True,Downregulated,SYNGR1,synaptogyrin 1,SYNGR1
207820_at,2.7405459234255316,3.75915472814,-1.0186088047144684,-13.573647667453514,7.943260324828975e-30,2.3961648896873316e-28,True,Downregulated,ADH1A,"alcohol dehydrogenase 1A (class I), alpha polypeptide",ADH1A
201346_at,8.133731014723406,9.15223807078,-1.0185070560565936,-11.79063286079688,2.4177173139058373e-23,4.124305215532489e-22,True,Downregulated,ADIPOR2,adiponectin receptor 2,ADIPOR2
230330_at,4.463840801287234,5.481608647829998,-1.017767846542764,-13.404575048166098,2.626588194866199e-29,7.514557055801775e-28,True,Downregulated,PPM1D,"protein phosphatase, Mg2+/Mn2+ dependent, 1D",PPM1D
231983_at,4.399420217946809,5.415729439269999,-1.0163092213231897,-9.371971679070752,2.014368967567819e-17,2.0315928987362218e-16,True,Downregulated,IBA57,"IBA57, iron-sulfur cluster assembly homolog (S. cerevisiae)",IBA57
228686_at,5.900781621542551,6.916989511110001,-1.0162078895674496,-8.615223883477567,1.1358841642244512e-14,8.887789592228153e-14,True,Downregulated,LINC01184,long intergenic non-protein coding RNA 1184 /// uncharacterized LOC101929964,LINC01184
209700_x_at,5.25609449956383,6.272041060109999,-1.015946560546169,-8.97333564432106,7.023495019552628e-16,6.170625663535734e-15,True,Downregulated,PDE4DIP,phosphodiesterase 4D interacting protein,PDE4DIP
205715_at,4.595760593936171,5.61094447198,-1.0151838780438291,-8.329207544080434,2.6225791194759584e-14,1.972288038592476e-13,True,Downregulated,BST1,bone marrow stromal cell antigen 1,BST1
212298_at,9.678566300521277,10.693328438739998,-1.014762138218721,-9.831164857441243,5.5911855969696784e-18,5.944406177477983e-17,True,Downregulated,NRP1,neuropilin 1,NRP1
235195_at,5.538706626414894,6.553446050270002,-1.014739423855108,-10.526566112870654,3.1088565281817863e-19,3.693681405451415e-18,True,Downregulated,FBXW2,F-box and WD repeat domain containing 2,FBXW2
232217_at,3.4447608044042552,4.4594154575600005,-1.0146546531557452,-13.868845490558417,3.0705612041186362e-30,9.57409883621594e-29,True,Downregulated,FAM26E,"family with sequence similarity 26, member E",FAM26E
219112_at,7.540852441340426,8.554691961709999,-1.0138395203695731,-7.303262154594108,6.43924389343467e-11,3.4448097478841975e-10,True,Downregulated,RAPGEF6,Rap guanine nucleotide exchange factor (GEF) 6,RAPGEF6
203299_s_at,7.33656427362766,8.35030644632,-1.0137421726923392,-14.993736493311243,4.315261906112835e-31,1.4416191110694717e-29,True,Downregulated,AP1S2,"adaptor-related protein complex 1, sigma 2 subunit",AP1S2
204124_at,11.572761998468083,12.5860020525,-1.0132400540319164,-6.667119347828153,1.0538218607346985e-09,4.975933860194583e-09,True,Downregulated,SLC34A2,"solute carrier family 34 (type II sodium/phosphate contransporter), member 2",SLC34A2
217729_s_at,9.222007599468085,10.235036078130001,-1.0130284786619157,-14.723649397549746,1.2341660870167704e-32,4.7279812789376085e-31,True,Downregulated,AES,amino-terminal enhancer of split,AES
204621_s_at,8.724343491585106,9.737146432069999,-1.0128029404848924,-4.352780034215652,2.2187054070227695e-05,6.53569686303339e-05,True,Downregulated,NR4A2,"nuclear receptor subfamily 4, group A, member 2",NR4A2
222221_x_at,7.097409112095745,8.110128089969999,-1.012718977874254,-13.77871289486677,1.7889992043680704e-29,5.195632354543252e-28,True,Downregulated,EHD1,EH-domain containing 1,EHD1
223024_at,7.616588273127661,8.62906948271,-1.0124812095823383,-13.735670095185988,1.6082614358708987e-28,4.303579581579709e-27,True,Downregulated,AP1M1,"adaptor-related protein complex 1, mu 1 subunit",AP1M1
226575_at,7.1437283275,8.15605291198,-1.01232458448,-6.885184329577643,2.34745107665784e-10,1.1822097716209605e-09,True,Downregulated,ZNF462,zinc finger protein 462,ZNF462
205451_at,5.3615536937340424,6.3731095648,-1.0115558710659576,-16.23573838574916,8.63379069741138e-38,5.521724928073347e-36,True,Downregulated,FOXO4,forkhead box O4,FOXO4
243948_at,5.651601560595746,6.66281322385,-1.0112116632542536,-8.724998120160874,1.7598155277426145e-15,1.4901359882739966e-14,True,Downregulated,ZC3H14,zinc finger CCCH-type containing 14,ZC3H14
227498_at,3.839636761957447,4.85068316533,-1.0110464033725535,-6.061261579723616,1.2588256019697168e-08,5.3182934433699774e-08,True,Downregulated,SOX6,SRY (sex determining region Y)-box 6,SOX6
243087_at,2.4726811913085105,3.4831973864899997,-1.0105161951814892,-5.623083374117679,1.0321395349582265e-07,3.947849312136479e-07,True,Downregulated,WDR63,WD repeat domain 63,WDR63
230640_at,4.668022371765958,5.67768311543,-1.0096607436640417,-10.325593658336377,1.3827855137551535e-19,1.6992118264298537e-18,True,Downregulated,FMNL3,formin-like 3,FMNL3
242006_at,4.5636709485319145,5.573283294879999,-1.0096123463480842,-7.7416335583978215,1.0509718446725368e-12,6.693614166673424e-12,True,Downregulated,LCA5,Leber congenital amaurosis 5,LCA5
204604_at,8.09860399224468,9.10790061519,-1.0092966229453193,-9.284113211211395,2.7962457373412433e-15,2.32563589343801e-14,True,Downregulated,CDK14,cyclin-dependent kinase 14,CDK14
227388_at,7.9988534377234055,9.00779216604,-1.0089387283165943,-10.882389979058791,3.0490789304098853e-19,3.62987515163847e-18,True,Downregulated,TUSC1,tumor suppressor candidate 1,TUSC1
228352_at,3.9180290510106377,4.92695947508,-1.0089304240693626,-7.599651323311618,1.439512187930039e-12,9.074730724332522e-12,True,Downregulated,UNC13D,unc-13 homolog D (C. elegans),UNC13D
225651_at,8.22402529244681,9.2326321546,-1.00860686215319,-12.084335118120414,3.6287986336591246e-22,5.598926084623915e-21,True,Downregulated,UBE2E2,ubiquitin-conjugating enzyme E2E 2,UBE2E2
214470_at,7.059135294872342,8.066140686559999,-1.007005391687657,-5.748177996641523,5.493302413090915e-08,2.167579514272672e-07,True,Downregulated,KLRB1,"killer cell lectin-like receptor subfamily B, member 1",KLRB1
212586_at,11.890581889776598,12.8970535431,-1.006471653323402,-12.379739696251864,1.5472971122516918e-23,2.6828795125586555e-22,True,Downregulated,CAST,calpastatin,CAST
235740_at,6.506766711957446,7.512778507980001,-1.0060117960225554,-7.142342230641244,7.410998938345166e-11,3.939203368888557e-10,True,Downregulated,MCTP1,"multiple C2 domains, transmembrane 1",MCTP1
214567_s_at,5.9023466331170225,6.907626162500001,-1.0052795293829782,-5.368401899240565,3.229539064853891e-07,1.1719335321969462e-06,True,Downregulated,XCL1,chemokine (C motif) ligand 1 /// chemokine (C motif) ligand 2,XCL1
223314_at,6.675342507382979,7.6805320978000005,-1.0051895904170216,-12.770759866324706,2.2556763936055134e-26,4.982497351394913e-25,True,Downregulated,TSPAN14,tetraspanin 14,TSPAN14
214736_s_at,9.6803255995,10.685035972800002,-1.0047103733000018,-17.40651612766219,1.826911730044431e-40,1.438686300324594e-38,True,Downregulated,ADD1,adducin 1 (alpha),ADD1
213486_at,2.949902538042554,3.9544370226599996,-1.0045344846174458,-9.130984461890243,1.8839729950550193e-16,1.7366130507631408e-15,True,Downregulated,COPG2IT1,COPG2 imprinted transcript 1 (non-protein coding),COPG2IT1
222290_at,5.136953600829788,6.140332281649998,-1.0033786808202105,-8.225761182981318,3.5961878291369134e-14,2.6690293718498417e-13,True,Downregulated,OR2A20P,"olfactory receptor, family 2, subfamily A, member 20 pseudogene /// olfactory receptor, family 2, subfamily A, member 9 pseudogene",OR2A20P
204489_s_at,10.049703920276595,11.052902360300003,-1.0031984400234073,-10.128631331691565,2.5905529177471857e-18,2.841841306015707e-17,True,Downregulated,CD44,CD44 molecule (Indian blood group),CD44
239133_at,6.318503521457448,7.32164038904,-1.003136867582552,-14.305865009482442,5.9424453946195885e-30,1.8057647909322554e-28,True,Downregulated,CTDSPL2,"CTD (carboxy-terminal domain, RNA polymerase II, polypeptide A) small phosphatase like 2",CTDSPL2
209068_at,8.35705373338298,9.35877444061,-1.0017207072270207,-14.097512531465892,2.4194189257479992e-29,6.940312871481701e-28,True,Downregulated,HNRNPDL,heterogeneous nuclear ribonucleoprotein D-like,HNRNPDL
212993_at,7.740657675042554,8.74236218949,-1.0017045144474466,-11.662111413842204,6.172943931491306e-22,9.336838084904144e-21,True,Downregulated,NACC2,"NACC family member 2, BEN and BTB (POZ) domain containing",NACC2
1566482_at,2.6207569626489366,3.62168557932,-1.0009286166710631,-8.011641061439766,2.0191115400461662e-13,1.388568383747898e-12,True,Downregulated,RP11-305O6.3,,RP11-305O6.3
228185_at,7.527441047117021,8.528094055119999,-1.0006530080029776,-11.039476288031222,4.1713543083215874e-20,5.372616447015921e-19,True,Downregulated,ZNF25,zinc finger protein 25,ZNF25
210244_at,3.6138571281170204,4.614313677969999,-1.000456549852979,-10.104184816977902,5.929767391692765e-18,6.29318210200448e-17,True,Downregulated,CAMP,cathelicidin antimicrobial peptide,CAMP
214297_at,2.9551465302553184,3.9554420404999995,-1.000295510244681,-10.941212365557064,7.080301376863976e-22,1.0628554001004908e-20,True,Downregulated,CSPG4,chondroitin sulfate proteoglycan 4,CSPG4
38241_at,8.764422136468086,9.764449753689998,-1.000027617221912,-8.361692375694705,5.258574862210279e-14,3.834567618476709e-13,True,Downregulated,BTN3A3,"butyrophilin, subfamily 3, member A3",BTN3A3
