Gene,Mean_Cancer,Mean_Normal,Log2FC,T_Statistic,P_Value,Adjusted_P_Value,Regulation
207547_s_at,3.740951966829787,8.73023642099,-4.989284454160213,-35.62854412193681,5.2351870676924144e-86,2.8157977162290423e-81,Downregulated
206208_at,4.251615457670212,9.39113405885,-5.1395186011797875,-34.53066531185905,2.899591802949089e-84,7.797872235670986e-80,Downregulated
206209_s_at,3.356916211563829,9.74655619707,-6.38963998550617,-35.23606993972788,1.101265941792486e-83,1.9744229981750217e-79,Downregulated
1555191_a_at,3.1940749499468084,7.82090468038,-4.626829730433192,-32.99121569351098,9.505070080839007e-81,1.2780992484200171e-76,Downregulated
217177_s_at,3.6887326784042553,7.652662277840001,-3.9639295994357457,-33.029308732020056,2.363322810551515e-79,2.5422736137664757e-75,Downregulated
211237_s_at,3.0116754103617023,6.24672645717,-3.235051046808298,-32.15327042026066,8.516511487323242e-77,7.634484780952797e-73,Downregulated
206159_at,2.8381614036702127,7.61232146573,-4.774160062059787,-30.568901121288345,1.4172046425624077e-75,1.088939555783738e-71,Downregulated
238062_at,2.8825860715744676,8.21551854584,-5.332932474265533,-30.559140757322073,1.918069912838603e-75,1.2895663541492138e-71,Downregulated
213974_at,3.40002032625532,7.580057619389999,-4.180037293134679,-32.15904432860439,5.28844175241949e-75,3.1604903121737185e-71,Downregulated
206283_s_at,4.202060230542553,7.62154057627,-3.4194803457274467,-29.547163721838327,2.4301009795924042e-73,1.3070541128835705e-69,Downregulated
236154_at,3.705872052776596,6.593166672750001,-2.887294619973405,-30.76792077495298,4.64672384560313e-72,2.272078988723727e-68,Downregulated
238891_at,2.524374048617021,6.020220775080002,-3.495846726462981,-31.501887595136843,6.225669210366072e-72,2.7904487012395795e-68,Downregulated
220677_s_at,3.641903832180851,7.930457379440001,-4.28855354725915,-29.05808755251683,2.2796593929075227e-71,8.758125721923145e-68,Downregulated
217046_s_at,4.928695853829788,11.090437222710001,-6.161741368880214,-35.878080422867285,2.192571525801141e-71,8.758125721923145e-68,Downregulated
222121_at,3.4596079717872334,7.336510164990002,-3.8769021932027683,-29.06481510298389,2.486809053035117e-71,8.917034115103122e-68,Downregulated
219937_at,2.901177727234042,6.3702018126099995,-3.4690240853759575,-28.4322405843573,1.0779912705601457e-70,3.62380240489675e-67,Downregulated
1552667_a_at,4.216728279819149,7.85447252243,-3.637744242610851,-28.376108982287445,1.3233639235125785e-70,4.186967764120444e-67,Downregulated
209469_at,3.7773843909574465,9.39937072541,-5.621986334452553,-32.746721876768355,3.390075071223936e-70,1.0129920987825036e-66,Downregulated
230469_at,4.92770908062766,9.69929287123,-4.77158379060234,-28.777645834620362,1.0757060142400095e-69,3.045153877995429e-66,Downregulated
63305_at,4.376157036212766,7.67343333226,-3.297276296047234,-28.99344651518159,1.2667359563419088e-69,3.4066330073902954e-66,Downregulated
206030_at,2.8186647317127655,5.86849093319,-3.049826201477235,-27.742346543502535,4.4324572007862143e-69,1.1352578238166063e-65,Downregulated
206898_at,3.220464877244681,6.70260234166,-3.4821374644153185,-27.70036229806866,5.455614975363637e-69,1.333798668476857e-65,Downregulated
223775_at,3.0005100864255314,7.0116236036299995,-4.011113517204468,-27.86869091110217,5.850538613253338e-69,1.3681611732714959e-65,Downregulated
239262_at,4.278215911989363,8.18415200048,-3.9059360884906367,-28.205455320140747,3.1178121111435123e-68,6.987276758748539e-65,Downregulated
209840_s_at,3.321326325095744,8.326639574509999,-5.005313249414255,-28.952405651105806,4.660934384541979e-68,1.0027720672278994e-64,Downregulated
215918_s_at,4.89280740237234,9.283924882720001,-4.391117480347661,-31.661421657481643,5.615273599116209e-68,1.16162733000794e-64,Downregulated
207302_at,2.571117699968085,6.95966329745,-4.388545597481915,-30.831208397056965,2.3000067388860247e-67,4.581783794730509e-64,Downregulated
229529_at,2.97304222093617,7.0074092865500015,-4.034367065613831,-27.581255123865432,3.826235783461941e-67,7.349925637474427e-64,Downregulated
224339_s_at,3.4118470016382973,7.113079760350002,-3.701232758711704,-27.131200336256423,7.893728471176568e-67,1.4640416536231135e-63,Downregulated
206701_x_at,4.429448118521277,9.541347396719999,-5.111899278198722,-29.199597901397848,9.722903626078878e-67,1.7431869814409285e-63,Downregulated
206702_at,6.00691146651064,9.88023531608,-3.8733238495693607,-28.472777403697553,5.258209323806681e-66,9.1231627964602e-63,Downregulated
213715_s_at,4.689655998021276,8.315353144010002,-3.6256971459887257,-27.39666757276618,9.289507747253434e-66,1.4596898635420014e-62,Downregulated
205472_s_at,3.470765302872342,7.13486743035,-3.664102127477658,-26.39444315626896,9.209785069775128e-66,1.4596898635420014e-62,Downregulated
1560359_at,3.5886038172978725,7.016545209349999,-3.427941392052127,-26.53457408772221,9.769983841057533e-66,1.4596898635420014e-62,Downregulated
235108_at,3.6289408188723407,7.340186661260001,-3.71124584238766,-26.374569751652366,9.74539794573145e-66,1.4596898635420014e-62,Downregulated
238206_at,2.884833080148936,6.18971935364,-3.3048862734910642,-26.41657739376725,8.875651547761141e-66,1.4596898635420014e-62,Downregulated
1557729_at,2.8773220456702133,5.922888732940001,-3.0455666872697873,-28.724733502194162,1.1892006270417022e-65,1.7287120250287836e-62,Downregulated
243813_at,4.389114756787233,8.94058462192,-4.551469865132766,-27.62309172327714,1.672446203162419e-65,2.367215565349839e-62,Downregulated
219046_s_at,4.77291373744681,7.35335415434,-2.5804404168931896,-26.24144424726076,2.0960584500986467e-65,2.890733328128354e-62,Downregulated
225660_at,4.509367169170213,8.76895634675,-4.259589177579787,-27.504514165396944,3.934083302313035e-65,5.289965112455222e-62,Downregulated
200878_at,12.291104178936173,14.407266525400003,-2.1161623464638293,-27.73238324136534,6.919321707677208e-65,9.07713749680796e-62,Downregulated
205779_at,5.358437201468084,9.37410910141,-4.015671899941915,-26.058821289246787,3.191350559541586e-64,3.929232437071057e-61,Downregulated
209470_s_at,4.091012253234043,10.42184218789,-6.330829934655958,-31.742272118744232,3.117610720141376e-64,3.929232437071057e-61,Downregulated
228568_at,4.930526453382979,9.170609029740001,-4.240082576357023,-27.004623970158203,3.214335091494562e-64,3.929232437071057e-61,Downregulated
205507_at,3.6105399922021277,6.38881370409,-2.7782737118878726,-26.20434107160917,7.184298001072008e-64,8.586992273014646e-61,Downregulated
223449_at,4.602379376542554,8.261477133539998,-3.6590977569974443,-26.241862459101284,1.0522886507424025e-63,1.230399942800671e-60,Downregulated
239183_at,2.871456737138298,6.158672410479999,-3.2872156733417004,-26.871678501825414,2.26941738185695e-63,2.570296308133179e-60,Downregulated
204271_s_at,7.631159424021277,11.61198185416,-3.9808224301387227,-28.083140872947023,2.2937980662327114e-63,2.570296308133179e-60,Downregulated
242009_at,4.697217373287234,11.40887082535,-6.711653452062766,-26.00792893519371,2.6131858239580253e-63,2.868424749538905e-60,Downregulated
204422_s_at,3.925967042468085,7.16934440743,-3.2433773649619146,-27.286590893730043,2.747399809991981e-63,2.9554329236045735e-60,Downregulated
222738_at,4.853952184436169,7.56303930857,-2.7090871241338306,-26.721449508922504,4.0082297865105e-63,4.22718916269125e-60,Downregulated
219689_at,3.815405560702128,8.52208488662,-4.706679325917872,-25.31775351797388,5.326074531442215e-63,5.509004706695211e-60,Downregulated
236359_at,4.49562968288298,8.687112481729999,-4.191482798847019,-26.765850244628616,7.380267466365855e-63,7.489718225395358e-60,Downregulated
239650_at,4.037760744202127,8.48249323179,-4.444732487587873,-28.761212338156753,1.4133856598978685e-62,1.4077844648753105e-59,Downregulated
231804_at,2.8878274324787245,6.405420072930001,-3.5175926404512765,-26.18831629862383,2.4581929862260546e-62,2.403933962857356e-59,Downregulated
228770_at,4.62387906630851,7.9487407878,-3.32486172149149,-26.198694536310924,2.697941829206679e-62,2.5912767718876864e-59,Downregulated
204395_s_at,4.46311281575532,8.029554920509998,-3.566442104754678,-25.989216819593633,3.561389789176746e-62,3.3605773894852714e-59,Downregulated
204396_s_at,8.319814209276595,11.352080354139998,-3.032266144863403,-28.191571623469912,4.34790432352339e-62,4.032006585259122e-59,Downregulated
205993_s_at,4.743825784234041,7.488977330339997,-2.745151546105956,-24.879706805456088,6.529730183123295e-62,5.952679112363891e-59,Downregulated
1555578_at,3.401680554723405,5.432896041099999,-2.0312154863765945,-24.826804492464476,9.56159776813311e-62,8.571334959280125e-59,Downregulated
1554762_a_at,5.842964805606384,8.14977622215,-2.306811416543617,-24.69547948027604,1.6670376294360086e-61,1.4698899333909043e-58,Downregulated
220037_s_at,4.630297016617021,9.01732063791,-4.387023621292979,-24.87798216816671,3.0261967211612364e-61,2.6252744652319074e-58,Downregulated
229172_at,4.918972303244681,8.01695763875,-3.097985335505319,-25.184777761162803,3.291621296432219e-61,2.8102086198397355e-58,Downregulated
207195_at,2.6667484886276607,5.3362832284,-2.6695347397723395,-26.362708003309,5.960189250488547e-61,5.008980297293391e-58,Downregulated
61297_at,5.938102626914893,8.7134365435,-2.775333916585107,-24.49664203972388,6.748123257587113e-61,5.5839162697320075e-58,Downregulated
228819_at,3.3285402029148936,6.447158463260001,-3.1186182603451074,-24.636207151776265,1.3012332486745643e-60,1.0604262350486381e-57,Downregulated
206069_s_at,3.6971499083085098,7.673579473530001,-3.9764295652214914,-27.731967395365807,1.5609859805516205e-60,1.2531222679096934e-57,Downregulated
236029_at,4.077512204595744,7.871048151450001,-3.7935359468542567,-24.854963529241758,2.4818078178048027e-60,1.9630369895360164e-57,Downregulated
222171_s_at,3.0162766530957437,5.554606329190001,-2.5383296760942575,-24.868037969472844,2.759008622588935e-60,2.1506672141241806e-57,Downregulated
238906_s_at,3.4954040936595736,7.147654792039999,-3.6522506983804255,-24.429966150753668,4.123665040179724e-60,3.1685063978729515e-57,Downregulated
205935_at,6.4554007028617,10.219697500239999,-3.7642967973782984,-27.278950890382117,4.734148675237418e-60,3.5863509950185884e-57,Downregulated
226694_at,10.476369667787234,12.904433307700002,-2.428063639912768,-28.88727549979088,6.46032549598833e-60,4.8260425989892825e-57,Downregulated
202760_s_at,9.00860942051064,11.52476736066,-2.516157940149361,-25.36556109935245,7.772250527445625e-60,5.726551600947814e-57,Downregulated
226462_at,3.4674020447659584,7.3032915177,-3.8358894729340416,-24.353697477788035,9.174820536688736e-60,6.668606721437032e-57,Downregulated
227929_at,4.447591228457447,8.320567050239998,-3.8729758217825507,-28.048408461640275,1.1269514487403847e-59,8.081894749593377e-57,Downregulated
212071_s_at,12.04092222180851,13.6965199128,-1.65559769099149,-26.12386693138889,1.2033872438134136e-59,8.516498196808982e-57,Downregulated
205824_at,4.406013190276595,6.54194421153,-2.1359310212534046,-24.22704390040374,1.3736568298993953e-59,9.59526055233362e-57,Downregulated
242324_x_at,4.242640822223404,7.2823032863599995,-3.0396624641365957,-23.839436902900502,2.958043240976225e-59,2.0397604328095797e-56,Downregulated
220765_s_at,4.716148125946808,7.638686182339999,-2.922538056393191,-24.136703149730366,3.0094760925980006e-59,2.0489579888161526e-56,Downregulated
241782_at,3.919018521510639,7.249750514669999,-3.3307319931593597,-24.688166573254776,4.656094335731212e-59,3.130408624270487e-56,Downregulated
226673_at,6.0503210743191485,8.730405957739999,-2.68008488342085,-24.961084279347258,7.230403086339487e-59,4.801166177800687e-56,Downregulated
230661_at,3.113517992925532,6.53480955953,-3.4212915666044683,-23.662046498618054,8.109966024515182e-59,5.319544299933824e-56,Downregulated
213181_s_at,3.872820314319149,6.473070374039999,-2.60025005972085,-23.636877520471742,1.0153981791434673e-58,6.5800248751097025e-56,Downregulated
1555216_a_at,3.715796535840426,7.4281385569200005,-3.7123420210795746,-26.32203565225379,1.1888529261556303e-58,7.612338510262706e-56,Downregulated
1559605_a_at,3.0140989960744675,6.34926991032,-3.335170914245533,-23.63218123550441,1.250661237532292e-58,7.913890037871984e-56,Downregulated
226028_at,7.292915632819147,10.718892883340002,-3.425977250520855,-26.004119064029965,1.6519514820980004e-58,1.0331611908851517e-55,Downregulated
236383_at,4.113599721989361,7.45117452202,-3.3375748000306382,-24.36627967769969,1.7766626072177e-58,1.098385919446106e-55,Downregulated
228732_at,5.0263837319042555,7.796266721990001,-2.769882990085746,-23.99956260286616,1.9646753293656476e-58,1.20081849165069e-55,Downregulated
242137_at,3.045816851212766,6.2317425698,-3.185925718587234,-24.11841346025786,2.230682139944357e-58,1.3480839278544628e-55,Downregulated
200671_s_at,5.569946163095745,8.063334359139999,-2.493388196044254,-23.761034305120052,2.7413833547435678e-58,1.6383116124248614e-55,Downregulated
206868_at,4.897090495840425,6.711956860680001,-1.8148663648395758,-23.509149555204214,3.514299713883601e-58,2.0771442242960808e-55,Downregulated
205846_at,5.006354314468085,8.49740240813,-3.491048093661915,-24.413418547259937,3.686536677405032e-58,2.1552615405533376e-55,Downregulated
229116_at,2.740659605106383,5.391280463729999,-2.650620858623616,-23.380255948290955,4.533006137793867e-58,2.621637291692268e-55,Downregulated
205405_at,3.6975766319787224,6.349667894060001,-2.652091262081279,-23.361106948629203,5.637138832237904e-58,3.2255228641568927e-55,Downregulated
237466_s_at,4.133722241797872,8.30385765624,-4.170135414442128,-25.16278228714916,8.898254582456872e-58,5.037910747073951e-55,Downregulated
208016_s_at,3.8544623390957446,7.047895184710001,-3.193432845614256,-23.84187036592585,1.5429488627424293e-57,8.590942729030732e-55,Downregulated
213417_at,4.795489446223404,8.68972512228,-3.8942356760565966,-24.123746665097986,1.5493277892313633e-57,8.590942729030732e-55,Downregulated
242500_at,4.65487103518085,8.513881467020001,-3.8590104318391507,-26.055017318229115,1.807375709647265e-57,9.919541828478345e-55,Downregulated
226950_at,6.367879190351065,10.000716270269999,-3.632837079918934,-26.143268352346766,2.2864528951544212e-57,1.2422136910987444e-54,Downregulated
209710_at,6.896116244436171,9.16022934958,-2.264113105143829,-23.714360944036684,2.368839299540774e-57,1.2741039056510007e-54,Downregulated
219059_s_at,4.156791443872341,8.48214444026,-4.32535299638766,-24.266837903581074,3.57307724721874e-57,1.902787453652546e-54,Downregulated
219682_s_at,5.032900089819149,8.75123727368,-3.71833718386085,-25.050794910157563,3.668842359057848e-57,1.9346309325910334e-54,Downregulated
202524_s_at,7.067832357468085,10.644273274750002,-3.576440917281918,-26.45367990744654,5.742231378485775e-57,2.998559775953747e-54,Downregulated
212975_at,6.519635203223405,8.359308293409999,-1.8396730901865936,-22.980347863903166,6.689795232160463e-57,3.4597819842017564e-54,Downregulated
232224_at,3.087624005074468,6.0828297528399995,-2.9952057477655316,-24.90757093584515,6.868968289965092e-57,3.5186126518482133e-54,Downregulated
209841_s_at,5.032192669765958,9.5391198202,-4.506927150434042,-25.76329306512086,7.084384908016666e-57,3.594723836439476e-54,Downregulated
226101_at,5.495459787127659,8.06884104059,-2.5733812534623404,-23.11673805618467,9.798498348004729e-57,4.9254395527643215e-54,Downregulated
217628_at,4.4195220510851065,8.28594875226,-3.866426701174893,-23.722435140128802,1.0208946748953165e-56,5.0842445355481015e-54,Downregulated
219656_at,6.712147161223403,8.832401527380002,-2.1202543661565985,-22.88890547428968,1.1960829590785242e-56,5.9020658749539e-54,Downregulated
229893_at,5.388266767446808,8.28362511673,-2.8953583492831925,-23.47364778164429,1.3450927781910075e-56,6.577014560707412e-54,Downregulated
227307_at,4.254011767382979,7.478351571729998,-3.2243398043470197,-23.194971549138852,1.5927739284790864e-56,7.717922388934788e-54,Downregulated
213316_at,6.910423238765959,9.9762198937,-3.065796654934041,-23.443867170013853,1.7015353383826825e-56,8.171319616986694e-54,Downregulated
1555270_a_at,5.98956060288298,8.51617404062,-2.5266134377370193,-23.245686218939188,1.7913837441083932e-56,8.526669562886198e-54,Downregulated
241672_at,2.3221562883936167,7.06139599235,-4.7392397039563825,-31.5566794511635,2.262638217239568e-56,1.0675285890565563e-53,Downregulated
212822_at,7.1869042362553195,9.75365398216,-2.56674974590468,-25.00800639640663,2.6092286269994713e-56,1.2203475733199442e-53,Downregulated
242332_at,4.015923119978724,6.517306818030001,-2.501383698051277,-25.871162277402288,2.808960181995554e-56,1.3024373478345938e-53,Downregulated
210838_s_at,3.6557187914999996,6.69540144059,-3.039682649090001,-23.936060088436527,3.9710266726275867e-56,1.825518295845704e-53,Downregulated
226140_s_at,9.451220358691492,11.4566101481,-2.0053897894085075,-24.504755389894047,4.0087446650282198e-56,1.8272401741797275e-53,Downregulated
1556579_s_at,4.649890165393617,8.981540258719999,-4.331650093326382,-26.10706018742339,4.150839062985288e-56,1.876109494468292e-53,Downregulated
230933_at,4.519299050670212,6.6374755180300005,-2.1181764673597883,-23.798885232907534,4.26168652027956e-56,1.9101589264979704e-53,Downregulated
212636_at,10.367680234404254,12.3979067567,-2.030226522295745,-25.381224517596845,4.875869066718892e-56,2.1673842448143995e-53,Downregulated
205960_at,4.971830728202128,8.71586030513,-3.744029576927873,-22.677184752610135,5.25467087395011e-56,2.3166207182482016e-53,Downregulated
222416_at,10.356899396297873,8.65895844864,1.697940947657873,24.406686759924558,5.311177355830376e-56,2.322495815127582e-53,Upregulated
1554012_at,2.63402903712766,5.738915424409999,-3.104886387282339,-23.583851477888885,5.910527308919263e-56,2.543228974700252e-53,Downregulated
238061_at,3.103831976861702,5.58963768645,-2.4858057095882975,-23.06752269926618,5.897475529105668e-56,2.543228974700252e-53,Downregulated
238178_at,4.237447169074469,7.497848938880001,-3.260401769805532,-23.931847820241774,6.527113476071146e-56,2.786248614475894e-53,Downregulated
201432_at,11.191575693138299,12.8766811064,-1.6851054132617005,-24.663582888628493,8.77783115453794e-56,3.7175151691179343e-53,Downregulated
230132_at,5.073640449319149,8.32063745735,-3.24699700803085,-25.463261234956462,9.638249319120419e-56,4.0500224834235224e-53,Downregulated
1552388_at,2.4875887144468085,4.614513012330001,-2.126924297883192,-24.246758224022162,1.1545442026618284e-55,4.8138228282456675e-53,Downregulated
202759_s_at,8.784239432393615,11.69570783516,-2.911468402766385,-25.581692353564247,1.2011596462943035e-55,4.894361570877683e-53,Downregulated
204642_at,6.680099552180851,9.6395570182,-2.959457466019149,-26.224656157979123,1.1896050402964465e-55,4.894361570877683e-53,Downregulated
236262_at,5.621015148531915,8.94064134628,-3.319626197748085,-25.1585028056298,1.194742539711944e-55,4.894361570877683e-53,Downregulated
241811_x_at,2.5515516894468084,7.52832806643,-4.976776376983192,-26.30476666878739,1.3063673349266748e-55,5.283028080929784e-53,Downregulated
1554789_a_at,2.6293562352446807,5.34852613241,-2.7191698971653193,-22.89512377564183,1.63473335002484e-55,6.561624474957914e-53,Downregulated
234996_at,5.970137577170215,9.81950527493,-3.849367697759785,-24.831896987064912,1.9537770791068452e-55,7.784137331617836e-53,Downregulated
231859_at,5.115619970521276,8.01631820282,-2.9006982322987245,-22.759205146820822,2.0797466178091696e-55,8.225092028344412e-53,Downregulated
209168_at,4.721283862287234,8.144911555399998,-3.4236276931127643,-23.06609970691143,2.4105437239411705e-55,9.463759469773709e-53,Downregulated
213456_at,4.082035109106383,10.0496002288,-5.967565119693616,-23.029620097958755,2.5914531486032964e-55,1.010028253991137e-52,Downregulated
221030_s_at,3.78255492106383,5.8196203748199995,-2.0370654537561697,-22.502566127363384,3.2215868145459924e-55,1.2465918590443938e-52,Downregulated
243481_at,5.098772754457446,7.67480415488,-2.576031400422554,-24.023206878618428,3.526307634448338e-55,1.3547570173317022e-52,Downregulated
221132_at,4.069872463648935,10.663644112630003,-6.593771648981067,-27.00748232094102,4.5160407473095566e-55,1.722693387480793e-52,Downregulated
218418_s_at,8.827064041414895,10.92982553401,-2.1027614925951053,-23.547274851669155,5.977514049074178e-55,2.2641307791796038e-52,Downregulated
209481_at,9.76895287756383,11.267059099500003,-1.4981062219361725,-23.56526647357667,7.548971629034888e-55,2.8393635527221712e-52,Downregulated
204677_at,6.670400724595743,10.2377847958,-3.5673840712042564,-25.40142892380343,7.771497611748777e-55,2.902762295454998e-52,Downregulated
235915_at,2.944551364946807,6.226613831670002,-3.2820624667231946,-22.78053688732566,8.72595213343848e-55,3.2367866306836007e-52,Downregulated
203812_at,4.843320399755319,8.339482007310002,-3.496161607554683,-26.011355206379502,9.303834077502465e-55,3.4275069841955315e-52,Downregulated
225544_at,6.945728779787234,9.757626144180001,-2.8118973643927676,-24.03558872387433,1.020688173649488e-54,3.734607762442949e-52,Downregulated
212239_at,8.799105171180852,10.682475650559997,-1.8833704793791455,-22.898828313508506,1.1808874523554584e-54,4.2915684129993705e-52,Downregulated
222725_s_at,4.163605264797872,7.410349515759999,-3.246744250962127,-22.893763922690848,1.2012492139903085e-54,4.336267800247163e-52,Downregulated
220994_s_at,3.859244622234043,7.995978343599998,-4.136733721365955,-24.121265338157887,1.3514323918711753e-54,4.845876175278869e-52,Downregulated
202908_at,7.584070758414895,9.64557401292,-2.061503254505104,-23.317283294808867,1.3980982375550613e-54,4.9800074043136776e-52,Downregulated
223492_s_at,8.274176913329788,9.955621853890001,-1.6814449405602137,-23.328160009456102,1.5244919384899562e-54,5.394494960764525e-52,Downregulated
213236_at,7.515378956095745,9.513911212990001,-1.998532256894256,-23.006264188981365,1.6766812122257404e-54,5.894246776521155e-52,Downregulated
205326_at,5.301803328010639,9.566237199890002,-4.264433871879364,-22.97323125784754,1.835172478397574e-54,6.409518631369605e-52,Downregulated
205637_s_at,2.4231046330319144,5.83955364544,-3.4164490124080853,-29.967933755712224,2.096125007600517e-54,7.273689010245252e-52,Downregulated
209074_s_at,5.8454914058085095,10.983256713729997,-5.137765307921487,-25.572961463151294,2.5565866519943506e-54,8.81465190154924e-52,Downregulated
209793_at,2.624247439808511,6.68046522391,-4.056217784101489,-28.77724667844458,2.5877140016517908e-54,8.865145560053709e-52,Downregulated
213176_s_at,5.428946891574469,8.40505773239,-2.9761108408155312,-21.967033767214627,2.932530002314642e-54,9.982851816740211e-52,Downregulated
204931_at,6.226027026765958,11.20029957438,-4.974272547614043,-26.629656557034988,3.456681281545265e-54,1.1693148390515321e-51,Downregulated
204442_x_at,6.331903636521278,9.374869605489998,-3.04296596896872,-23.45367983849806,3.556178542616241e-54,1.1954538693322321e-51,Downregulated
204579_at,4.908426954404255,8.554561970469999,-3.6461350160657444,-24.67739002755845,3.5921160768920074e-54,1.2000345050416988e-51,Downregulated
226022_at,8.962106508829788,11.015595297969998,-2.0534887891402107,-23.3116780417209,3.7813206527158013e-54,1.2554451396726673e-51,Downregulated
204975_at,10.330904393234041,13.1186459579,-2.787741564665959,-24.324984352135154,3.977881866626243e-54,1.3126033992537367e-51,Downregulated
206757_at,3.675318103691489,6.925183962869999,-3.2498658591785103,-22.189275540531128,5.1816654321092384e-54,1.6993966886062652e-51,Downregulated
226656_at,7.490784072478722,9.05454066947,-1.5637565969912783,-22.729010267348688,8.072822728389374e-54,2.6315445046615203e-51,Downregulated
201291_s_at,9.100906952510638,4.3915287551799995,4.709378197330638,22.402484096759405,8.540400187186073e-54,2.767192557036085e-51,Upregulated
205498_at,4.488857396510638,8.01680168743,-3.527944290919362,-24.35925366999766,8.635093238823985e-54,2.781120508643035e-51,Downregulated
206855_s_at,8.920819159308511,10.71710688316,-1.7962877238514885,-21.79054724444557,9.409584568125607e-54,3.0125233070309757e-51,Downregulated
230482_at,4.6039637253936165,7.81644868239,-3.2124849569963834,-22.639620899594572,9.771834528799997e-54,3.1099875264262523e-51,Downregulated
228548_at,5.68041087824468,8.36471690818,-2.6843060299353203,-24.328040688529917,1.0480961758858246e-53,3.316052995070292e-51,Downregulated
225144_at,9.829206689361703,11.557765663499998,-1.728558974138295,-21.87323547055995,1.0648503186138254e-53,3.349359019705451e-51,Downregulated
232305_at,3.280021719180851,5.689185359390001,-2.4091636402091496,-21.68855018630535,1.6494063570404569e-53,5.1578471116150007e-51,Downregulated
202148_s_at,8.972122519287236,6.6074519186900025,2.3646706005972336,26.792150576200306,1.6836714380206992e-53,5.234563697420886e-51,Upregulated
210081_at,5.682354649053192,12.2279984781,-6.545643829046808,-28.419507249710346,1.9358978974980367e-53,5.984149673266058e-51,Downregulated
224013_s_at,2.563283258170213,6.049023513020002,-3.4857402548497887,-25.27573444538063,2.1561338284183915e-53,6.589193982688159e-51,Downregulated
205471_s_at,4.930690909723405,8.319284690800002,-3.3885937810765965,-24.067025968485147,2.146276429909569e-53,6.589193982688159e-51,Downregulated
230720_at,3.5607647463829792,7.316399686880001,-3.755634940497022,-22.893054279614987,2.300864612581547e-53,6.990528907545296e-51,Downregulated
213069_at,9.667145848351062,12.021004337699999,-2.353858489348937,-23.878461172094383,2.313453585585585e-53,6.990528907545296e-51,Downregulated
242342_at,3.49821245630851,6.545159744250002,-3.046947287941492,-21.756000717374857,2.3909789043617463e-53,7.184424097765412e-51,Downregulated
243172_at,3.735603364159575,6.334877387580001,-2.5992740234204255,-21.692079678442408,3.045848955198527e-53,9.101335105794888e-51,Downregulated
225078_at,10.66878311926596,13.6222871398,-2.953504020534039,-25.386336193819442,3.092920699046085e-53,9.190929984469211e-51,Downregulated
218665_at,5.989652527223405,8.219947198129999,-2.230294670906594,-21.926062655850192,3.4178982155276737e-53,1.010082820991052e-50,Downregulated
205978_at,4.467123783521277,8.13545422569,-3.668330442168722,-24.097134372064357,3.4838253155404424e-53,1.0239400460199903e-50,Downregulated
219761_at,3.8061531134893616,6.80751025853,-3.001357145040638,-24.026286448405568,3.5876784206871305e-53,1.04873299747325e-50,Downregulated
201292_at,9.02519203182979,4.89899310952,4.126198922309789,22.01971255104372,4.752729160868506e-53,1.374356401325126e-50,Upregulated
211922_s_at,9.641732123031916,11.494892717989998,-1.8531605949580818,-22.19266093168787,4.749939373277469e-53,1.374356401325126e-50,Downregulated
207069_s_at,7.659230713840426,10.743610885060004,-3.0843801712195784,-21.719763395499434,5.503718152735081e-53,1.583010612636412e-50,Downregulated
231773_at,4.428160429361702,8.25715183594,-3.8289914065782984,-24.172345690700038,6.411207526811778e-53,1.834219191686693e-50,Downregulated
204072_s_at,8.406580760234045,10.96424307786,-2.5576623176259563,-24.02315025067309,6.57148419331854e-53,1.870126184242492e-50,Downregulated
221747_at,8.292085372170213,10.98632364155,-2.6942382693797864,-24.08523367973416,8.37855646214243e-53,2.3718370414357513e-50,Downregulated
219091_s_at,6.322306431840428,9.41593294769,-3.0936265158495733,-23.12471485541592,8.438048830579467e-53,2.3761722219976293e-50,Downregulated
241926_s_at,5.278592795680851,8.26482158288,-2.986228787199149,-22.698897238089376,8.605829980506312e-53,2.4107977673516273e-50,Downregulated
207519_at,3.5933756134999992,9.04812662019,-5.454751006690001,-24.0255422392985,9.6126063301743e-53,2.6788789848432896e-50,Downregulated
208789_at,9.25883131879787,11.992285185710003,-2.733453866912132,-24.600946822149822,1.041593987667644e-52,2.8877924856026756e-50,Downregulated
219821_s_at,5.646229887712766,7.86913738189,-2.2229074941772335,-22.326463233092497,1.053541337322746e-52,2.9059371471405753e-50,Downregulated
220170_at,4.5214607316489355,9.10412326458,-4.582662532931065,-25.991429513708724,1.1716300249752488e-52,3.1926902754223125e-50,Downregulated
206382_s_at,3.2310039985957433,6.439295362319999,-3.208291363724256,-21.448807545074295,1.1812467274179902e-52,3.1926902754223125e-50,Downregulated
229641_at,5.133725206340425,8.9131821658,-3.7794569594595755,-23.60612791337718,1.1800927851731142e-52,3.1926902754223125e-50,Downregulated
221846_s_at,5.643846194031914,7.787050196540001,-2.143204002508087,-22.38910551279784,1.1711485659738755e-52,3.1926902754223125e-50,Downregulated
205019_s_at,5.909295355563831,10.10780677935,-4.198511423786169,-21.3706418443771,1.2148465364234864e-52,3.267086790403682e-50,Downregulated
201539_s_at,6.1858999338723395,11.030384586339999,-4.844484652467659,-25.002976806793445,1.3685649872138467e-52,3.662170965287759e-50,Downregulated
208981_at,9.916541521553192,12.411919115800002,-2.4953775942468095,-25.545602151992895,1.4419433865935433e-52,3.839424108481204e-50,Downregulated
203006_at,8.6347849663617,10.241198872,-1.6064139056383002,-22.584247953056863,1.4588039884341625e-52,3.848916456345219e-50,Downregulated
229127_at,6.405349260021277,10.188371115969998,-3.7830218559487214,-24.673025444473353,1.4598203195895301e-52,3.848916456345219e-50,Downregulated
221272_s_at,4.807504119297873,6.738175149990001,-1.9306710306921282,-21.39271452721658,2.0190299056249047e-52,5.297343536777616e-50,Downregulated
209169_at,4.772504391691489,8.455163749350001,-3.6826593576585127,-22.372271716991193,2.213240889848517e-52,5.758733194828333e-50,Downregulated
205866_at,6.665536651691489,12.07404607539,-5.4085094236985105,-21.336597860188792,2.216297496243381e-52,5.758733194828333e-50,Downregulated
209875_s_at,12.773042183468087,6.791341679839999,5.981700503628089,21.61116749894031,2.470575458675377e-52,6.3885755586689335e-50,Upregulated
239952_at,2.755280314106383,5.31666971514,-2.5613894010336167,-24.853978535270716,2.6797557977753307e-52,6.8963323128777e-50,Downregulated
213103_at,5.417963533159575,8.28352046599,-2.865556932830425,-25.023048516511032,3.6126201366676945e-52,9.252780317657553e-50,Downregulated
220351_at,3.9706209815531914,7.966664375999999,-3.9960433944468075,-25.067368562746136,3.957733285472747e-52,1.00886560422956e-49,Downregulated
212372_at,10.830069134361704,12.910406071699999,-2.080336937338295,-22.14013279976776,4.436325235417126e-52,1.125529193925215e-49,Downregulated
204134_at,3.3028882003404245,5.339875498710001,-2.036987298369576,-21.4890769663444,4.684344297198279e-52,1.1828739078361813e-49,Downregulated
226244_at,6.72768318857447,9.93733486542,-3.2096516768455308,-23.744989675572036,5.648723963227801e-52,1.4197302200288342e-49,Downregulated
231991_at,4.805177491914893,8.31140126378,-3.5062237718651073,-23.68211275366056,6.043253468197024e-52,1.5118252606532331e-49,Downregulated
229613_at,4.446337919223405,7.502876802019999,-3.0565388827965947,-21.687968678707517,6.5638219249265456e-52,1.6344524354356444e-49,Downregulated
220634_at,3.2967294087553194,5.6461829978499996,-2.34945358909468,-23.79631949749923,7.079051154232765e-52,1.7546260155832417e-49,Downregulated
232761_at,5.723393894872341,8.56424101026,-2.8408471153876587,-22.053730131246045,9.524946252335993e-52,2.350040179486898e-49,Downregulated
230179_at,6.326322719106384,8.748236215919999,-2.4219134968136142,-22.263031010783273,1.1992762668912577e-51,2.9373463418664748e-49,Downregulated
204482_at,8.296242286968086,11.423359109509999,-3.127116822541913,-22.743679447040684,1.2062489387469622e-51,2.9373463418664748e-49,Downregulated
228540_at,5.521712802191489,7.254697339090001,-1.7329845368985115,-22.821700257977078,1.206919164006416e-51,2.9373463418664748e-49,Downregulated
218711_s_at,6.756624155680851,11.01614916637,-4.25952501068915,-24.508230465075215,1.2356330070755746e-51,2.9936827440795883e-49,Downregulated
217771_at,11.098740714712763,8.22083802763,2.877902687082763,22.113633397300728,1.3716816760090426e-51,3.3083977859113167e-49,Upregulated
230670_at,5.489440256712766,9.55456060403,-4.065120347317234,-24.612143887646013,1.7037115150176703e-51,4.090885158336626e-49,Downregulated
218723_s_at,11.50096771487234,14.261953297000002,-2.7609855821276614,-24.96397245156889,1.7788366657168754e-51,4.252289284544349e-49,Downregulated
242340_at,3.937656889659576,7.3515953876000015,-3.4139384979404257,-22.18266553279802,2.0389768684629436e-51,4.852584506510969e-49,Downregulated
231873_at,8.833055610595745,10.527544895489998,-1.694489284894253,-20.915710792455165,2.16368769961499e-51,5.126700731783782e-49,Downregulated
208790_s_at,6.125448740542554,9.28772051128,-3.162271770737446,-23.501155350113287,2.2370920670978497e-51,5.277378680742322e-49,Downregulated
205384_at,3.98696509469149,8.49292802529,-4.5059629305985105,-25.568043975829152,2.2698602520340657e-51,5.331297096764378e-49,Downregulated
202877_s_at,6.657851715223407,9.649589206489999,-2.9917374912665924,-22.089890255019885,2.7039128109137794e-51,6.323158889035154e-49,Downregulated
225175_s_at,7.609052339031916,9.234389181169998,-1.6253368421380827,-20.87129834940215,2.863023299027148e-51,6.666258491838709e-49,Downregulated
205200_at,7.92232462125532,12.679986976800002,-4.757662355544682,-26.05513242920669,2.94645571001979e-51,6.830951155996743e-49,Downregulated
228618_at,4.608632896468086,7.3109765936099995,-2.702343697141914,-23.184355006533057,3.2163980964568264e-51,7.393042222907132e-49,Downregulated
203435_s_at,5.088727293170212,8.558837583089998,-3.470110289919786,-20.863139067592492,3.20792521371162e-51,7.393042222907132e-49,Downregulated
202200_s_at,9.256501407851063,7.721005421130001,1.5354959867210622,25.54349508637973,3.2768862414608005e-51,7.500025675881303e-49,Upregulated
206331_at,6.008941988117021,9.578961482700002,-3.570019494582981,-21.84307219817873,3.356507198911172e-51,7.649707466128657e-49,Downregulated
238905_at,4.929136199680851,7.28886178191,-2.3597255822291485,-21.144053617579996,3.639854060185764e-51,8.260472172200486e-49,Downregulated
235764_at,4.159949230478724,6.32090671423,-2.160957483751276,-20.839713118257798,3.7720607588691397e-51,8.524540335148553e-49,Downregulated
204273_at,7.493575351734041,11.84993987126,-4.356364519525959,-25.088865763127078,4.14951082006467e-51,9.338309161840935e-49,Downregulated
209210_s_at,10.485983047319149,12.169506820000002,-1.6835237726808536,-22.703602950393172,4.308839649519966e-51,9.656468724545037e-49,Downregulated
231842_at,5.658298108840427,8.464409776130001,-2.8061116672895743,-22.08068066757868,5.2593197048547384e-51,1.1702690891370968e-48,Downregulated
233947_s_at,4.360072034851065,7.798986892070001,-3.4389148572189363,-22.886819447413373,5.265405859725159e-51,1.1702690891370968e-48,Downregulated
204048_s_at,9.13900743124468,11.00495789988,-1.8659504686353205,-21.749521181460384,5.432223154515608e-51,1.2023767678550472e-48,Downregulated
206481_s_at,7.602330106361703,11.062608243949999,-3.460278137588296,-24.303927510192487,5.456808618694912e-51,1.2028684769062482e-48,Downregulated
225079_at,10.233599032382978,12.987771726000004,-2.7541726936170257,-23.584661022724056,5.829500315887159e-51,1.2797775673073744e-48,Downregulated
45288_at,4.734768091127659,6.788891390930001,-2.0541232998023418,-21.253960656990227,6.583839919166135e-51,1.4395057475295518e-48,Downregulated
228193_s_at,4.249881635531915,7.3197011325200005,-3.069819496988085,-25.207035530458544,7.401467534596562e-51,1.611721995205711e-48,Downregulated
221885_at,4.1257395434255315,6.127801308149999,-2.002061764724467,-21.367155573089295,8.328079824556743e-51,1.8061858929177783e-48,Downregulated
206953_s_at,7.691392522765957,10.559246107149999,-2.867853584384042,-22.926435273779973,8.68033520375094e-51,1.8750221255781044e-48,Downregulated
235561_at,4.4836349404255325,7.44301363353,-2.959378693104467,-22.374090616780347,9.386257059225648e-51,2.0193968887500428e-48,Downregulated
210190_at,4.264001292712765,6.7941159116200005,-2.530114618907236,-20.69992534818049,9.721785307035137e-51,2.0832507749967804e-48,Downregulated
203358_s_at,7.209913946244682,3.7507744709200006,3.4591394753246814,22.672846359993482,9.988199499301554e-51,2.1318464217041008e-48,Upregulated
203063_at,6.8474771316595735,8.60367253164,-1.7561953999804256,-21.16182092201704,1.0402917776410878e-50,2.2115863064112074e-48,Downregulated
212230_at,9.95621084074468,11.797007668900001,-1.8407968281553213,-22.39188379858099,1.0586363658198236e-50,2.241725022519096e-48,Downregulated
225913_at,8.164918576914891,10.0934694123,-1.9285508353851082,-22.82932457567947,1.1067932316520956e-50,2.3345090493192004e-48,Downregulated
202014_at,6.662560863755319,9.27836445021,-2.615803586454682,-20.706346492453935,1.123642665792279e-50,2.3607907977462312e-48,Downregulated
243805_at,3.122451377904255,5.78108162805,-2.658630250145745,-21.686052024580377,1.137666915357071e-50,2.380955358342234e-48,Downregulated
236089_at,4.320403523712766,7.30519741591,-2.984793892197234,-20.619926160411513,1.5208690347403206e-50,3.170599298548174e-48,Downregulated
226984_at,3.876861714765957,6.34827415457,-2.4714124398040433,-21.057348309495744,1.795199376006716e-50,3.72805380841302e-48,Downregulated
218950_at,6.74742724818085,8.54572804586,-1.7983007976791505,-20.944680259686525,2.478962687427767e-50,5.128211042538072e-48,Downregulated
209244_s_at,7.233523609042553,8.70875749402,-1.4752338849774471,-20.81818662992756,2.5343181495076556e-50,5.222637394230604e-48,Downregulated
206742_at,4.984348700404255,10.33020346859,-5.3458547681857445,-24.39861554136283,3.554038693181052e-50,7.296088746238017e-48,Downregulated
229781_at,2.704022990648936,5.686524061,-2.982501070351064,-22.232719059846517,3.688598597213117e-50,7.543534758543904e-48,Downregulated
230250_at,8.113457466936172,11.49466458818,-3.3812071212438273,-23.208957827361882,4.250522644471649e-50,8.65979586952849e-48,Downregulated
235334_at,4.111406978893617,7.04026812373,-2.9288611448363824,-21.1652106106393,4.608246747593572e-50,9.353175832681806e-48,Downregulated
235849_at,4.9660969618404245,8.62594474863,-3.659847786789575,-20.448036932407703,4.91329545782218e-50,9.934831184000894e-48,Downregulated
205247_at,6.060508186563829,8.334300168679999,-2.27379198211617,-21.401252821772562,4.960721076730054e-50,9.99315894505628e-48,Downregulated
204249_s_at,8.362822528574469,10.58119186501,-2.218369336435531,-21.968160329769574,5.103476662856857e-50,1.024237297717981e-47,Downregulated
220027_s_at,5.521028247042553,8.641881058749998,-3.1208528117074454,-22.555965990707286,5.738613389695389e-50,1.1474240140451902e-47,Downregulated
221748_s_at,10.474644000851063,12.668182283100002,-2.193538282248939,-22.905357944994034,6.089046307165061e-50,1.212983128434e-47,Downregulated
238009_at,3.9432539446808517,6.502765310350001,-2.5595113656691493,-23.23116353967988,6.690598761170317e-50,1.3278986899199507e-47,Downregulated
205911_at,4.868846244478723,6.24101524221,-1.3721689977312765,-20.66670595226854,8.629015917571728e-50,1.7063244490533564e-47,Downregulated
214505_s_at,6.294305674414893,11.00722874874,-4.712923074325106,-24.33357814073422,8.960427586968804e-50,1.7653683450282202e-47,Downregulated
220024_s_at,4.76086149306383,6.98846950999,-2.22760801692617,-20.553183581607914,9.009551153562165e-50,1.7685683151295423e-47,Downregulated
235649_at,5.306117448617021,9.82608155673,-4.519964108112978,-24.090322875598932,9.45880598646548e-50,1.8500048683201174e-47,Downregulated
204047_s_at,5.821505300404256,8.483951919579999,-2.6624466191757428,-22.075033587044615,1.0127388442119628e-49,1.9735931693762547e-47,Downregulated
236583_at,4.498360798021277,7.323965525899999,-2.825604727878722,-20.308781981593498,1.1738341866001508e-49,2.27927240290526e-47,Downregulated
211276_at,2.7765497961914893,6.012440357510001,-3.2358905613185116,-20.293253649045464,1.2421436992527682e-49,2.403235288057892e-47,Downregulated
215947_s_at,9.635700541872342,8.36305823547,1.2726423064023429,22.137634803418806,1.3324050764467919e-49,2.5686286538267794e-47,Upregulated
242641_at,2.6102275095425536,5.125647643010001,-2.515420133467447,-20.73106596226483,1.3702783983477e-49,2.6322069261974785e-47,Downregulated
230560_at,5.420774254478724,10.79569108738,-5.374916832901276,-24.122843023845284,1.5139315988258285e-49,2.897805159232954e-47,Downregulated
218775_s_at,6.822139973691489,9.19380231687,-2.371662343178511,-21.39600616559024,1.5202559008344793e-49,2.899591627031323e-47,Downregulated
231841_s_at,5.0521577571276595,8.495496210619999,-3.4433384534923395,-22.06531867652082,1.6871424658280897e-49,3.2065245465381494e-47,Downregulated
230636_s_at,4.190273777797872,6.476398477560001,-2.286124699762129,-20.928248761368387,1.7759696778029902e-49,3.363461446841959e-47,Downregulated
228766_at,6.623304502872339,11.080116180160001,-4.456811677287662,-23.441158225635682,1.896038633394e-49,3.5782573310782345e-47,Downregulated
235591_at,4.180061659851064,8.102369231620001,-3.922307571768937,-20.557906774027416,2.5489383203258838e-49,4.793608269127552e-47,Downregulated
230135_at,5.047998712329787,9.61496075603,-4.5669620437002125,-23.044078715818507,2.6096664617415543e-49,4.890714993422691e-47,Downregulated
239919_at,5.164227610499999,7.76022118309,-2.5959935725900003,-21.361332314647566,2.74618836644203e-49,5.119141892529783e-47,Downregulated
225207_at,8.679425750606384,11.721980291269999,-3.0425545406636143,-22.451731240815047,2.75058938560426e-49,5.119141892529783e-47,Downregulated
205651_x_at,5.181121334308512,7.62503614161,-2.4439148073014882,-21.511203301497183,3.099319239200213e-49,5.748275331021471e-47,Downregulated
210299_s_at,8.24782539956383,13.083860214699998,-4.836034815136168,-24.568520376668204,3.2709074951212546e-49,6.045671152322742e-47,Downregulated
202878_s_at,9.595469583606382,12.301118189800002,-2.70564860619362,-22.750934951654582,4.066131943836979e-49,7.489759340110129e-47,Downregulated
225314_at,11.161677228393616,9.005667750129998,2.156009478263618,23.635040458242877,4.503303316454407e-49,8.266712361051764e-47,Upregulated
229427_at,4.4035120350851065,7.62499090725,-3.2214788721648935,-21.353634644759875,4.638786817396297e-49,8.486455366002627e-47,Downregulated
204796_at,4.51728756469149,7.28308141976,-2.7657938550685106,-21.552679772339737,4.958313159328477e-49,9.040265477547168e-47,Downregulated
203888_at,7.58813859637234,10.6028842764,-3.0147456800276595,-21.60640413754429,5.110309862413169e-49,9.285916427694416e-47,Downregulated
214318_s_at,4.8870198419255315,7.70444133481,-2.8174214928844687,-20.864108562615016,6.099316859897179e-49,1.1045719078330965e-46,Downregulated
208944_at,10.853370721202129,12.686364589499998,-1.8329938682978693,-22.909167035554646,6.36556207440221e-49,1.1489198715899237e-46,Downregulated
209897_s_at,7.36126592394681,10.533055463339997,-3.1717895393931865,-22.476089687670612,7.073251235288193e-49,1.2723809061578954e-46,Downregulated
41644_at,7.157906444734043,9.330864617860001,-2.1729581731259584,-21.320711990499632,7.305199388190846e-49,1.3097248476441093e-46,Downregulated
205752_s_at,4.025094462797872,5.846527514589999,-1.821433051792127,-20.345528845930843,7.849537480220262e-49,1.4026419365818173e-46,Downregulated
203865_s_at,6.913109321521276,9.67683776877,-2.763728447248724,-21.24307396019235,1.0425104958190365e-48,1.8567042890106855e-46,Downregulated
210298_x_at,6.140595956936171,10.584925990289998,-4.444330033353826,-23.507194169017286,1.0598620044067333e-48,1.881377484126091e-46,Downregulated
228434_at,6.886831124819149,10.802825800610002,-3.915994675790853,-21.87469697233618,1.0866852133628972e-48,1.922646410721605e-46,Downregulated
244455_at,4.543993286159575,8.154634540080002,-3.610641253920427,-22.978460850757756,1.1281029526855254e-48,1.9893818168243825e-46,Downregulated
211998_at,7.846811546882979,9.98607394263,-2.1392623957470214,-21.227680787531185,1.1895821848101429e-48,2.090943378830011e-46,Downregulated
221886_at,2.529276295808511,4.99678489907,-2.467508603261489,-23.645217472546594,1.3695346116547644e-48,2.3994067955199725e-46,Downregulated
227419_x_at,5.794103661776594,9.53293953739,-3.7388358756134057,-23.869528751945737,1.3951659232930907e-48,2.436376439942928e-46,Downregulated
221133_s_at,5.208946251744679,11.622292251300003,-6.4133459995553235,-25.087819072614515,1.532744166907013e-48,2.6679669178401485e-46,Downregulated
238484_s_at,3.5223909814680843,5.592487931010001,-2.0700969495419166,-20.112952419597153,1.892620973000144e-48,3.283758440444701e-46,Downregulated
238018_at,4.075065241723404,8.253412640689998,-4.178347398966594,-22.448553438115304,1.902332673604526e-48,3.2899956650319304e-46,Downregulated
220006_at,2.602697591351064,4.73767373352,-2.134976142168936,-22.74315808823972,1.9978722754261332e-48,3.4441525066048077e-46,Downregulated
228698_at,7.111730885361701,10.661096371020001,-3.5493654856583,-22.460710297632044,2.1249657440581966e-48,3.651546565811954e-46,Downregulated
226627_at,5.071481486574469,7.90761051083,-2.8361290242555306,-22.823470273180344,2.1719488818052738e-48,3.720396259770015e-46,Downregulated
219407_s_at,4.082275000382978,6.8722565722599995,-2.7899815718770213,-20.78419827333866,2.3600216995743323e-48,4.029718321692223e-46,Downregulated
204154_at,5.1030798738829795,8.85171004387,-3.7486301699870204,-21.868462903249064,2.794214546477007e-48,4.756000746734566e-46,Downregulated
1556314_a_at,4.0250958802021275,6.792014762940002,-2.7669188827378743,-19.811924134966777,3.0332458935038234e-48,5.146566675962039e-46,Downregulated
209170_s_at,7.117259531180851,10.411538252440003,-3.294278721259152,-21.993502724875107,3.771407061115084e-48,6.3788962323627646e-46,Downregulated
239849_at,3.330524246180851,6.742011129560001,-3.41148688337915,-19.7639490050507,4.1757480635376165e-48,7.040651578226778e-46,Downregulated
237390_at,2.5629773754361707,5.866647611630002,-3.3036702361938315,-24.459451987346206,4.630392228872788e-48,7.782821138192244e-46,Downregulated
235306_at,8.005245344542553,10.87033021931,-2.8650848747674473,-20.957265592768422,5.1725615782610026e-48,8.667021714901753e-46,Downregulated
230351_at,3.573825799212766,5.85671458941,-2.282888790197234,-21.02021312252655,5.348599797557155e-48,8.93415492892575e-46,Downregulated
222608_s_at,8.157584479021278,4.213404562809999,3.9441799162112785,20.24483076598926,5.818293871500344e-48,9.688630160139862e-46,Upregulated
1558604_a_at,4.13479331993617,5.845052840300001,-1.7102595203638309,-20.487544257715456,5.915637505113629e-48,9.820323421297582e-46,Downregulated
231311_at,7.457622765095745,4.32779306031,3.1298297047857444,21.29777474814557,6.484679423887014e-48,1.0731845153636522e-45,Upregulated
217897_at,6.401408191276596,9.53762221998,-3.136214028703403,-23.3886636474951,7.366862260156569e-48,1.2154418819778565e-45,Downregulated
201809_s_at,8.607562133989363,10.93387018499,-2.3263080510006375,-20.49170567328731,8.094711827696674e-48,1.331443946068787e-45,Downregulated
241381_at,3.190782225234042,5.48238913997,-2.2916069147359583,-20.050376822663353,9.622696253666056e-48,1.573149971731558e-45,Downregulated
204468_s_at,5.605692915180852,8.869991891129999,-3.2642989759491465,-21.921238825973013,9.602265769991943e-48,1.573149971731558e-45,Downregulated
227947_at,10.031428509468084,11.7231403646,-1.691711855131917,-21.547807700630646,9.958776694999369e-48,1.623159888840109e-45,Downregulated
207317_s_at,3.091482108521276,6.254143025319999,-3.1626609167987234,-19.61079176865936,1.0025507224758074e-47,1.6290994912109904e-45,Downregulated
37028_at,7.770206991638298,10.022845110339999,-2.252638118701701,-19.785767327515604,1.0256431709104429e-47,1.661603722608105e-45,Downregulated
236401_at,5.2635320683723394,7.3871486339200025,-2.123616565547663,-20.994661056237977,1.0327000582878839e-47,1.6680121722243882e-45,Downregulated
202523_s_at,5.080303938393617,7.278085615189999,-2.1977816767963825,-20.456276205063055,1.3128826666124782e-47,2.114212787617328e-45,Downregulated
225020_at,6.150120598148937,7.810019722349998,-1.6598991242010612,-19.926769043459927,1.329219815664605e-47,2.1341318509055655e-45,Downregulated
220003_at,5.8378113141489365,8.77986089974,-2.9420495855910627,-20.33805875366546,1.5315698390434757e-47,2.4516968857973922e-45,Downregulated
37384_at,6.704119065095743,8.18378332921,-1.4796642641142563,-19.554962930404287,1.6416579184764666e-47,2.620125008996298e-45,Downregulated
202503_s_at,9.556326239936173,6.170875777450001,3.3854504624861717,19.562905885326582,1.806787207543577e-47,2.8751436906786636e-45,Upregulated
208671_at,12.188121901382976,13.395346481399997,-1.2072245800170212,-20.360342318398736,2.047483439261006e-47,3.248552928144321e-45,Downregulated
212680_x_at,9.850901965904255,7.95001656744,1.900885398464255,20.68259431374193,2.0750157194584824e-47,3.282552808435116e-45,Upregulated
233903_s_at,5.240529251436169,8.896874501809998,-3.656345250373829,-22.446420987416865,2.6087425665372546e-47,4.114775005389231e-45,Downregulated
238861_at,3.0058145328829786,4.6398738683800005,-1.6340593354970219,-19.522088441581737,2.627120584467213e-47,4.131646425618524e-45,Downregulated
213228_at,3.126358969595745,5.620682966590001,-2.494323996994256,-19.455346232831037,3.157956523324441e-47,4.952007275904618e-45,Downregulated
219230_at,6.326038731861703,12.048043747520001,-5.722005015658298,-21.739590332157356,3.1683088871346624e-47,4.9537983082390975e-45,Downregulated
238617_at,7.015897702542551,3.4690406839500003,3.5468570185925508,20.67712649852814,3.21615473033783e-47,5.014031835534798e-45,Upregulated
209883_at,3.3786960253404255,5.783619817889998,-2.404923792549573,-19.87997697379955,3.320328590707797e-47,5.161479583231491e-45,Downregulated
1562228_s_at,4.264724185936171,6.3195682039099985,-2.054844017973828,-19.843065184407145,3.414952911168833e-47,5.2932754259402556e-45,Downregulated
37022_at,6.371446010776597,8.33453064052,-1.9630846297434035,-19.45530029645184,3.5843386513802754e-47,5.539863181124698e-45,Downregulated
231925_at,5.957806109053192,8.5693425268,-2.611536417746808,-20.36391660494733,4.1997571930154647e-47,6.472439552536671e-45,Downregulated
226985_at,6.363092515723405,9.10367183434,-2.7405793186165948,-22.88639219539249,4.3483689192584915e-47,6.682324876892493e-45,Downregulated
231001_at,5.0494203691595745,8.43161688351,-3.382196514350425,-19.364599634789503,5.674156094073356e-47,8.694876344040729e-45,Downregulated
204726_at,5.2525808563297876,7.790112921210002,-2.5375320648802147,-19.428089677593114,5.699954293637463e-47,8.709594932885925e-45,Downregulated
230645_at,5.105054802914893,8.247021997520001,-3.141967194605108,-21.44568265164752,5.77188138119573e-47,8.794515919801517e-45,Downregulated
227779_at,7.113854667074467,9.608050168319998,-2.4941955012455317,-21.69090358240728,6.12059130640021e-47,9.299495028419256e-45,Downregulated
203323_at,9.88797619793617,13.113123823700002,-3.2251476257638316,-23.69020295401293,6.157466215098569e-47,9.329168390008215e-45,Downregulated
228915_at,4.41714044719149,8.381828031080001,-3.9646875838885114,-22.785560899876486,6.625890122619782e-47,1.0010677700427741e-44,Downregulated
238512_at,3.0040035519574477,5.3920833545199995,-2.388079802562552,-19.504506338049932,6.835275096506248e-47,1.0298098216825913e-44,Downregulated
205382_s_at,9.23335977787234,12.207546909400001,-2.9741871315276605,-21.87579065126461,7.1241865806782605e-47,1.0703393838781031e-44,Downregulated
206170_at,5.603382354074467,9.04848897134,-3.445106617265532,-22.550827020795552,7.405813578029716e-47,1.1095517802448644e-44,Downregulated
212914_at,7.881144488957449,9.777934209339998,-1.8967897203825492,-20.827760610780178,8.789285188463087e-47,1.3131680365185434e-44,Downregulated
227131_at,7.539560354712768,8.730104880039999,-1.1905445253272307,-20.5472553275278,1.1885483592412128e-46,1.7708382839376143e-44,Downregulated
220244_at,5.859810452255318,8.55413934013,-2.694328887874682,-20.340022680315563,1.2093038735307605e-46,1.7967850315393778e-44,Downregulated
201577_at,10.863748180042553,8.74569325897,2.1180549210725523,19.865857576062574,1.5664290012047196e-46,2.320990365256117e-44,Upregulated
32625_at,5.152815494063829,8.16176704039,-3.0089515463261707,-22.16505840999333,1.6549065338441109e-46,2.4453517260807514e-44,Downregulated
204049_s_at,8.94834497969149,10.704647898869998,-1.7563029191785091,-20.38608239577237,1.692423726102745e-46,2.493937055675678e-44,Downregulated
226380_at,7.496840346180849,10.1867691518,-2.689928805619151,-20.94686843715876,1.7096787645090335e-46,2.5124803832754886e-44,Downregulated
211626_x_at,3.2017174703404256,4.76442866717,-1.5627111968295742,-19.33422751860958,1.7652807852351008e-46,2.5871224063938727e-44,Downregulated
205433_at,4.248049900585106,8.685964400040001,-4.437914499454895,-20.337268580716035,1.845174259551404e-46,2.6968625740280384e-44,Downregulated
217721_at,3.6892565929042553,5.6440441325299995,-1.9547875396257441,-19.241801183949935,2.022260908916839e-46,2.9476781909756396e-44,Downregulated
227874_at,6.002867079670212,10.329012160389999,-4.326145080719787,-22.60114759479486,2.4092642177394995e-46,3.502288789603695e-44,Downregulated
202182_at,7.617347807680852,5.83855871349,1.7787890941908513,19.254538649735036,2.6649194866465084e-46,3.863486779212105e-44,Upregulated
218039_at,9.039348293489361,6.308431419340001,2.7309168741493606,19.816302486025346,2.9542320648910186e-46,4.2714066086620515e-44,Upregulated
214212_x_at,7.432528088010638,9.10701783641,-1.6744897483993615,-19.136214252115977,3.002763924325805e-46,4.329937277045248e-44,Downregulated
219440_at,5.688875113521276,8.62851566476,-2.939640551238724,-22.48784102770492,3.3554644333466816e-46,4.825588502994241e-44,Downregulated
202468_s_at,9.111954672946807,10.936488774969998,-1.8245341020231916,-19.794284621365414,3.414210565639241e-46,4.896979452892593e-44,Downregulated
205620_at,2.99603515669149,4.30077610551,-1.3047409488185098,-19.547288572047606,3.631614768821178e-46,5.181167956387689e-44,Downregulated
222885_at,6.93037857038298,10.52759566218,-3.5972170917970194,-22.21995978505591,3.805689970294516e-46,5.415154516991027e-44,Downregulated
212535_at,9.199938035361702,10.27196981373,-1.0720317783682969,-19.98361517441944,4.446234911443711e-46,6.309899497279985e-44,Downregulated
203296_s_at,3.9364843646382965,7.5060458183600005,-3.569561453721704,-20.7688213755346,4.56355104531364e-46,6.446907335723208e-44,Downregulated
231947_at,6.793712036925532,9.598206580680001,-2.804494543754469,-21.929051274883342,4.566749144592537e-46,6.446907335723208e-44,Downregulated
226002_at,7.207646461968085,9.118781944110001,-1.9111354821419164,-19.71652494733543,4.626131657298585e-46,6.513641814645594e-44,Downregulated
229844_at,5.91255750207447,7.8675406397000005,-1.9549831376255309,-20.775395194330294,4.783321602246445e-46,6.717382133118207e-44,Downregulated
232404_at,2.541682763510638,4.60840577151,-2.066723007999362,-20.121363329341975,4.890277510693853e-46,6.84969964036926e-44,Downregulated
242809_at,3.57558318474468,7.484597683889999,-3.909014499145319,-20.907789334200448,5.040834080269413e-46,7.023997457030327e-44,Downregulated
238151_at,4.689782945776596,7.388703503590001,-2.6989205578134055,-22.04386790068883,5.285294839133744e-46,7.345603829913374e-44,Downregulated
1553645_at,2.6174520636170215,5.268963566809999,-2.6515115031929777,-20.42122897220023,6.010847564698795e-46,8.33245997718787e-44,Downregulated
1557938_s_at,7.526001373042552,10.40133614756,-2.875334774517448,-20.956149081081985,6.823241279668294e-46,9.4343150505974e-44,Downregulated
223877_at,3.4620645704680855,5.357525183289999,-1.8954606128219136,-20.155397923660477,7.224887688308804e-46,9.964046389830188e-44,Downregulated
225372_at,2.988682559319149,4.581655817290001,-1.5929732579708515,-20.024065213234547,7.509811865313725e-46,1.0306841027776851e-43,Downregulated
1558397_at,5.673687327489363,8.957210570360001,-3.283523242870638,-20.51408006448018,7.511771990645384e-46,1.0306841027776851e-43,Downregulated
243357_at,3.385698444074468,6.296973779279999,-2.911275335205531,-18.947066526279645,8.265168935828926e-46,1.1311714411768312e-43,Downregulated
225968_at,5.982163503031915,8.216150435659998,-2.233986932628083,-19.82476944591478,8.828477444903609e-46,1.2051992077451408e-43,Downregulated
40560_at,6.489117900053191,9.773419796970002,-3.2843018969168103,-20.854307644005264,9.201712759055489e-46,1.2529704366039458e-43,Downregulated
211699_x_at,8.842786358659575,13.294288039200001,-4.451501680540426,-20.405164807737442,9.526782035780882e-46,1.2939583297386628e-43,Downregulated
223229_at,7.628215880499999,4.08661432126,3.541601559239999,21.46653908741835,1.0387042495412651e-45,1.4072480293659066e-43,Upregulated
235131_at,4.847763603765957,7.262972681799998,-2.4152090780340414,-18.995730636210773,1.1077991246507767e-45,1.4970875306147406e-43,Downregulated
235494_at,3.9236232790744685,6.904848240669999,-2.9812249615955304,-20.74733195327087,1.1119775167029877e-45,1.498967987804183e-43,Downregulated
230595_at,3.8450820346489363,6.278465259099999,-2.4333832244510627,-19.44876960354228,1.3141118414941387e-45,1.7670204876650935e-43,Downregulated
53991_at,4.688312136542553,7.33927873709,-2.650966600547447,-21.151617184124444,1.3642393650388389e-45,1.829849837605461e-43,Downregulated
209773_s_at,8.55553592587234,4.3483904534299995,4.20714547244234,18.929622535298794,1.3898976478605239e-45,1.8596277335280133e-43,Upregulated
211985_s_at,10.236649811297873,11.8685086761,-1.6318588648021262,-19.941373606613183,1.450718571421368e-45,1.9361873221456504e-43,Downregulated
219477_s_at,6.80207240680851,8.88337138353,-2.081298976721489,-19.116363633463763,1.520957789136222e-45,2.024906822932694e-43,Downregulated
235228_at,4.913594363819148,8.405985618929998,-3.4923912551108502,-21.28075319477028,1.6209524656894766e-45,2.1527049214709678e-43,Downregulated
242496_at,2.7689008694468082,5.824352436640001,-3.0554515671931926,-19.94863546304712,1.6272769267029287e-45,2.155781201469057e-43,Downregulated
203065_s_at,9.347710149680852,13.407503331400001,-4.059793181719149,-24.185538564489978,1.7385486489737577e-45,2.2975326199926913e-43,Downregulated
218392_x_at,8.025797460840426,6.6405451292199995,1.3852523316204266,19.85101207543818,1.8114051843664706e-45,2.3879470403513476e-43,Upregulated
211984_at,10.416794204670216,11.8293880844,-1.4125938797297835,-20.852205541395,1.8878495245035202e-45,2.4826375189473434e-43,Downregulated
227088_at,7.1239578399574475,10.366073043490001,-3.2421152035325536,-22.181563993674892,1.9832800733962658e-45,2.6017732201875985e-43,Downregulated
219315_s_at,6.7630023882127634,9.511449441449999,-2.7484470532372356,-20.487260026812045,2.1016244030827568e-45,2.7503155752848943e-43,Downregulated
1555233_at,3.7422108766808515,6.808651047330001,-3.066440170649149,-19.17525835463196,2.1219336018749515e-45,2.770153415302091e-43,Downregulated
208982_at,10.51810083624468,12.9100763884,-2.391975552155321,-22.563351098112427,2.3983162926878974e-45,3.1233859592859867e-43,Downregulated
239401_at,2.7301418982872336,4.1389058447,-1.4087639464127664,-18.887382575906525,2.4332707374140537e-45,3.1612536203515047e-43,Downregulated
1557371_a_at,4.0418426283510644,5.775758409619999,-1.7339157812689345,-18.825868788436328,2.7747994421503745e-45,3.596273802301206e-43,Downregulated
207165_at,7.362097885021276,3.58997332809,3.772124556931276,19.6858586472892,2.99224771010577e-45,3.86877488787858e-43,Upregulated
226056_at,7.355069313478724,9.287021861000001,-1.931952547521277,-21.629247267503366,3.1801659720008713e-45,4.101880263070477e-43,Downregulated
200928_s_at,3.9030907177234044,5.394994261009999,-1.4919035432865946,-18.74641979199147,3.3178424653721466e-45,4.269221886184361e-43,Downregulated
239942_at,3.8007314024468077,6.83778480198,-3.037053399533192,-19.612108636833362,3.498168664522013e-45,4.4905131214792594e-43,Downregulated
206102_at,7.6508609451595735,4.24049491761,3.410366027549573,20.223076703885262,3.712239600537771e-45,4.753964741774394e-43,Upregulated
205952_at,4.328004525712766,8.908859076399999,-4.580854550687233,-20.846172424725093,3.8082852840397126e-45,4.865378439129691e-43,Downregulated
230800_at,4.694441798000001,6.65526166706,-1.9608198690599998,-18.723954198743108,3.9894918215549475e-45,5.084805855785649e-43,Downregulated
209167_at,6.3504887255,9.83351894233,-3.4830302168300005,-20.83828381318597,4.129896490196663e-45,5.251314719189544e-43,Downregulated
219918_s_at,7.306821156638298,3.211091233980001,4.095729922658297,20.574009626380715,4.547641087708473e-45,5.768854328855848e-43,Upregulated
213247_at,6.016165929840426,9.16582226092,-3.1496563310795747,-21.077931066023915,4.582777050516074e-45,5.799746975036649e-43,Downregulated
228665_at,7.7418732888936175,10.741036700620002,-2.999163411726385,-22.713093365522724,4.661687837973873e-45,5.885763897963913e-43,Downregulated
205339_at,7.897644537085105,5.619366631359998,2.2782779057251066,20.737654831799585,4.753631942122458e-45,5.9738048513784705e-43,Upregulated
45749_at,7.733609747297873,9.15682312715,-1.4232133798521271,-19.17718937378281,4.7707129213975544e-45,5.981295225880859e-43,Downregulated
226057_at,3.340474742702128,5.295704732790001,-1.9552299900878727,-20.23532598763806,5.015757038445891e-45,6.273895536508155e-43,Downregulated
226625_at,7.278048995744681,11.018387043649998,-3.7403380479053174,-23.034232092905825,5.045742628914289e-45,6.296759003220045e-43,Downregulated
222394_at,8.244526204255319,9.58472167633,-1.3401954720746811,-20.31802502733334,5.180772646740706e-45,6.450301795777677e-43,Downregulated
230305_at,3.904932306404255,6.10031851251,-2.1953862061057454,-18.68139220307682,5.591384636632706e-45,6.94545529020616e-43,Downregulated
218656_s_at,9.002444706851062,11.369104662900002,-2.36665995604894,-21.71404313428145,5.712181455315764e-45,7.0791564920648305e-43,Downregulated
202551_s_at,10.050880686840426,12.154729886999998,-2.1038492001595728,-20.327135684447764,6.108198221360527e-45,7.552541368599937e-43,Downregulated
1560879_a_at,3.887351780531915,5.836932965909999,-1.9495811853780842,-18.681412016858882,6.123741710421123e-45,7.554393844878683e-43,Downregulated
214668_at,3.1136571530851063,5.25896883109,-2.1453116780048935,-18.778526924590533,6.380609313279558e-45,7.853259783159137e-43,Downregulated
235424_at,5.629243554106382,7.030635256300001,-1.401391702193619,-18.624563399600614,6.755518204534751e-45,8.276817816608339e-43,Downregulated
225894_at,3.490656049010639,6.3781868908699995,-2.8875308418593604,-19.293744130704756,7.679406715549923e-45,9.38737658187655e-43,Downregulated
219371_s_at,9.755461516680848,12.138252874600003,-2.382791357919155,-20.13753391754401,8.150178902042042e-45,9.940261279483748e-43,Downregulated
226198_at,5.832134059861704,7.49140049963,-1.6592664397682961,-19.49125380539443,8.27870506128019e-45,1.0059910464600843e-42,Downregulated
214091_s_at,10.89715110038298,14.118843270100001,-3.2216921697170218,-22.314303716550036,8.285688349790231e-45,1.0059910464600843e-42,Downregulated
1553243_at,4.827853937670213,8.017298784240001,-3.1894448465697884,-21.258557413413644,8.433391119188616e-45,1.0216179611186463e-42,Downregulated
219436_s_at,5.401110619829786,9.50786783027,-4.106757210440214,-21.210305082163487,8.702397838606219e-45,1.0518363374096047e-42,Downregulated
206488_s_at,7.559030529574469,11.385270454109998,-3.826239924535529,-21.78465040936922,8.991567479310569e-45,1.0843507812605342e-42,Downregulated
219213_at,5.667915618989362,9.27465256381,-3.6067369448206374,-22.03666360140573,1.0140060167873017e-44,1.2201191861056331e-42,Downregulated
223062_s_at,8.612990917223405,4.836428203770001,3.776562713453404,19.601935843474966,1.0371716894099973e-44,1.2452079572903151e-42,Upregulated
223063_at,10.298197430936169,11.86942396992,-1.5712265389838311,-18.67564319319068,1.0461943874033164e-44,1.2504580293527726e-42,Downregulated
226955_at,4.759751428872339,7.841626348179999,-3.08187491930766,-19.665726194994985,1.0448371444894695e-44,1.2504580293527726e-42,Downregulated
201839_s_at,14.122393831595746,12.7754707268,1.3469231047957457,19.449222645695208,1.0571012291156855e-44,1.260692831689939e-42,Upregulated
239580_at,4.025953566446809,6.41378502473,-2.387831458283191,-18.798341845401527,1.158465190384591e-44,1.378522317035965e-42,Downregulated
212647_at,8.732756599712765,10.800265046179998,-2.067508446467233,-20.660807377500873,1.1788195001046592e-44,1.3996464819564945e-42,Downregulated
217809_at,11.20745503506383,9.72055622672,1.486898808343831,19.350469623736686,1.1870112292868606e-44,1.4062684136216537e-42,Upregulated
228850_s_at,6.986699086755319,10.17377311637,-3.1870740296146813,-22.106911193266214,1.2967437072440458e-44,1.5328935612709504e-42,Downregulated
208609_s_at,5.566024907074467,8.94357366128,-3.3775487542055336,-20.870958401384616,1.3234667919035735e-44,1.5610522997659124e-42,Downregulated
201088_at,11.999005782978724,10.328236855810001,1.670768927168723,20.036996957168512,1.4071152621144622e-44,1.656085371730601e-42,Upregulated
212567_s_at,6.628911003425532,8.264419374840001,-1.6355083714144687,-20.063200426377875,1.5343710557132355e-44,1.8019144454714428e-42,Downregulated
235737_at,2.9615202645212766,5.55881053491,-2.5972902703887235,-18.563567228360693,1.5412071375863033e-44,1.8059992832726995e-42,Downregulated
206167_s_at,5.455031868638297,8.83012901175,-3.3750971431117023,-22.121459726962847,1.5971297279722823e-44,1.86746129453733e-42,Downregulated
204731_at,6.161970027787233,10.307146698390001,-4.145176670602768,-22.69162079906158,1.7064892894838108e-44,1.9910028833877712e-42,Downregulated
203887_s_at,8.189489952414895,10.93292251053,-2.7434325581151047,-20.316495160058096,1.7165255427535971e-44,1.9983775507044367e-42,Downregulated
203662_s_at,5.619529450478724,7.47280281821,-1.8532733677312763,-18.490736037745553,1.7887832042099941e-44,2.078002017745977e-42,Downregulated
243843_at,3.2966120485638295,4.88335809902,-1.5867460504561701,-18.59459085889047,1.956523124891327e-44,2.267964499900968e-42,Downregulated
229114_at,7.129196470659575,8.98228005661,-1.8530835859504249,-20.25763741182276,2.0036163989904482e-44,2.3175593900236614e-42,Downregulated
227780_s_at,6.090065017361703,9.32928425376,-3.239219236398296,-22.26221522271303,2.1081059400680094e-44,2.433188542757467e-42,Downregulated
202112_at,9.09282030537234,12.0085651417,-2.9157448363276597,-21.535130117423183,2.1405081536123848e-44,2.4652970353360967e-42,Downregulated
203835_at,5.913379436276594,9.23828617214,-3.324906735863406,-19.919614571045297,2.2336556441983408e-44,2.567081249548119e-42,Downregulated
209789_at,2.6243745162021277,5.07024180177,-2.4458672855678723,-21.308683672459303,2.364159396863419e-44,2.7112724375201676e-42,Downregulated
228311_at,5.620024838244681,7.87891815095,-2.258893312705319,-19.028479407047314,2.3797642984040613e-44,2.723361756467252e-42,Downregulated
222717_at,9.398589682585108,13.128317729200003,-3.7297280466148948,-22.676651359121095,2.7492142687453906e-44,3.139474281501902e-42,Downregulated
218960_at,7.733602197468085,3.1478274342099994,4.585774763258085,21.495728432016183,2.927978040272893e-44,3.336530230383852e-42,Upregulated
202705_at,7.740175134755318,4.20997055122,3.530204583535318,19.688482117968146,2.997983893960311e-44,3.409081643140577e-42,Upregulated
207828_s_at,6.9851117912978715,3.3290004227599996,3.656111368537872,21.880504913449013,3.081400037641815e-44,3.496543933008495e-42,Upregulated
210657_s_at,5.168407638191488,7.34748141434,-2.1790737761485115,-20.09819638205975,3.26817155397679e-44,3.7006710568883284e-42,Downregulated
213438_at,3.146180806329787,5.57310375549,-2.426922949160213,-18.734005798892685,3.3343035988789964e-44,3.7676229699433974e-42,Downregulated
209302_at,9.831441795021279,8.409688792909998,1.4217530021112808,20.791768186739958,3.3484980195885404e-44,3.7757298633456865e-42,Upregulated
229598_at,3.691174593361702,5.743487777420001,-2.052313184058299,-18.371916871964977,3.6521779646339977e-44,4.109540669577494e-42,Downregulated
225369_at,6.4088189016063835,9.74840086847,-3.3395819668636166,-21.863249974519523,3.8538202202927025e-44,4.3273815108280434e-42,Downregulated
231980_at,4.006619413808512,6.521291677170001,-2.514672263361489,-18.63783273419666,3.881094760857697e-44,4.348928391822752e-42,Downregulated
239345_at,4.367600280351064,6.6319599155699995,-2.264359635218936,-18.35689834794743,4.034279420085397e-44,4.511179893736241e-42,Downregulated
210815_s_at,6.011019604585107,10.118009251379998,-4.106989646794891,-19.320875913470505,4.3791574568281255e-44,4.8866672815966294e-42,Downregulated
227550_at,3.411895456574468,5.87678266613,-2.4648872095555325,-18.733388641550675,4.685323677609033e-44,5.2174910833101335e-42,Downregulated
209220_at,6.189482213776595,10.056999511219999,-3.8675172974434044,-20.861621084099724,4.747955261604076e-44,5.27631243183134e-42,Downregulated
1556205_at,3.489444156138297,5.04435674699,-1.554912590851703,-18.502541909520104,4.762596104180754e-44,5.2816699806075473e-42,Downregulated
225450_at,7.772657932000001,9.80290912751,-2.030251195509999,-20.16372920005312,4.846444831138202e-44,5.3635983886337314e-42,Downregulated
215235_at,8.950823546117023,10.26323434339,-1.3124107972729764,-18.49233564440844,5.183998742318915e-44,5.725391300910989e-42,Downregulated
202220_at,10.400495459617021,8.75203717266,1.6484582869570215,18.867211021852583,5.312925463332081e-44,5.855758380548756e-42,Upregulated
231035_s_at,5.780723134861702,7.918276972979999,-2.137553838118297,-20.161721983730676,5.740795170064095e-44,6.314405092373566e-42,Downregulated
211726_s_at,8.32412544168085,11.952006172360003,-3.627880730679152,-20.599411096075,5.917463509460545e-44,6.495442700404997e-42,Downregulated
201890_at,9.358107944021276,5.907562896019999,3.4505450480012767,18.615401607349217,6.413173358065115e-44,7.025233039447868e-42,Upregulated
202615_at,10.361474833042553,11.626581844099999,-1.2651070110574452,-20.447231456096734,6.664458049635666e-44,7.285661395481788e-42,Downregulated
209764_at,5.711788319893618,7.169750883580001,-1.457962563686383,-19.109279724731064,7.044450081131191e-44,7.685452171677936e-42,Downregulated
220327_at,5.208493061627659,8.419347102529999,-3.2108540409023396,-20.3338530983315,7.221478387162318e-44,7.862640415625758e-42,Downregulated
212566_at,9.929436657946809,11.301540487339999,-1.3721038293931898,-19.502872527692144,8.002531469768838e-44,8.695437527939126e-42,Downregulated
204153_s_at,6.7776013741914864,8.730021333289999,-1.9524199590985125,-20.358887123678,8.37497667982619e-44,9.081784187522812e-42,Downregulated
226670_s_at,7.7779675446702115,4.08347623107,3.6944913136002118,18.759621592692845,8.587248562379864e-44,9.293234430103891e-42,Upregulated
209543_s_at,5.633442378563831,7.8684537875,-2.2350114089361695,-19.500213112101324,9.322885145536815e-44,1.0048911832421707e-41,Downregulated
204026_s_at,9.191384045542554,6.553976670039998,2.6374073755025558,19.0309917336095,9.313520728841163e-44,1.0048911832421707e-41,Upregulated
226709_at,2.754690094351063,5.506098610470001,-2.7514085161189383,-18.527327884397877,9.429105119074274e-44,1.0143076958690579e-41,Downregulated
217414_x_at,9.024354315542551,13.367882717899999,-4.343528402357448,-20.28938430301391,9.468311041710635e-44,1.0164921710368228e-41,Downregulated
1552767_a_at,9.902847475489361,5.15458329091,4.748264184579361,18.946369496487854,1.0171308287011516e-43,1.0897888197713174e-41,Upregulated
228875_at,6.505395387553191,10.06181953387,-3.556424146316809,-21.224610438789835,1.0391238767061495e-43,1.1111394996524247e-41,Downregulated
203813_s_at,5.838131862436171,8.264320553050002,-2.426188690613831,-19.853520609447507,1.1338724338638369e-43,1.210048863646832e-41,Downregulated
209904_at,5.357779434670213,10.01203972602,-4.654260291349787,-22.19094862340641,1.1904255333139254e-43,1.2678856977192631e-41,Downregulated
235489_at,5.962402659680851,8.999160721800001,-3.0367580621191497,-20.908190515098358,1.2066275767508409e-43,1.2826021905755083e-41,Downregulated
235279_at,5.903230858755318,7.5906906772800005,-1.6874598185246823,-19.80340791176927,1.2330207498070466e-43,1.3080720719747894e-41,Downregulated
230030_at,8.925269875106384,3.9405981470900002,4.984671728016384,19.25496044230133,1.2455214329405455e-43,1.3187325943334683e-41,Upregulated
1556037_s_at,4.684552746680851,8.82643898798,-4.141886241299148,-20.67925422597565,1.2501443564561135e-43,1.3210268046433893e-41,Downregulated
204303_s_at,4.987699196265957,6.4706109760800015,-1.482911779814044,-18.200484314819466,1.2747860311201794e-43,1.3444243425456857e-41,Downregulated
200700_s_at,11.507261435212765,9.904655194800002,1.6026062404127632,18.74972477266207,1.3299670506077549e-43,1.3998749077101509e-41,Upregulated
222304_x_at,4.754914183382978,7.9173612015499994,-3.162447018167021,-19.87499971521319,1.4100074504153386e-43,1.4812238423445197e-41,Downregulated
218029_at,5.30420874888298,7.33478528365,-2.03057653476702,-18.84991564059962,1.413592447087333e-43,1.482095192184002e-41,Downregulated
236088_at,3.2325565428297867,5.805050145089999,-2.5724936022602125,-20.50556314830626,1.5781975566082213e-43,1.6482511413539765e-41,Downregulated
1552509_a_at,2.4703370906170217,6.94093799796,-4.470600907342979,-22.515826162656907,1.577661001619451e-43,1.6482511413539765e-41,Downregulated
228263_at,5.178177717053191,6.6308603795500005,-1.4526826624968097,-18.224864404077184,1.6146584953447421e-43,1.6830624385777578e-41,Downregulated
227133_at,8.308960491840427,6.51477638687,1.7941841049704266,20.29683427228623,1.7326066494964978e-43,1.8025141440970722e-41,Upregulated
209529_at,8.612949848893617,5.482243313720001,3.1307065351736165,18.544406388948243,1.7514378722993471e-43,1.8185875945848008e-41,Upregulated
228863_at,7.70324076282979,9.76205509097,-2.05881432814021,-18.786105275678043,1.7551375668440988e-43,1.8189177104099557e-41,Downregulated
206187_at,4.2468479637340435,5.641754239860002,-1.3949062761259583,-18.143621941400983,1.805113522504632e-43,1.8671122292583488e-41,Downregulated
225681_at,12.146528078734042,8.363658420620002,3.7828696581140395,18.145074111013994,1.8102854089492334e-43,1.8688677736227153e-41,Upregulated
209458_x_at,9.227556291797871,13.5863118078,-4.3587555160021285,-20.201935607401943,1.8785935046955096e-43,1.9356710774626948e-41,Downregulated
239349_at,4.641627140265958,8.64840883587,-4.006781695604043,-20.55101398184876,1.983918393938926e-43,2.040287471059256e-41,Downregulated
203543_s_at,9.283411719723402,11.318634158990001,-2.035222439266599,-18.443294594142465,2.39374839635243e-43,2.457063955080378e-41,Downregulated
204018_x_at,9.264564173095744,13.5864306546,-4.321866481504257,-20.151651303996868,2.437526236976237e-43,2.4972340225143597e-41,Downregulated
204894_s_at,9.631306452712765,13.090941024000001,-3.4596345712872356,-21.661732409558937,2.501246628849233e-43,2.5576435585415366e-41,Downregulated
211745_x_at,9.540799218829786,13.767129226100002,-4.2263300072702155,-20.209812750048087,2.5439457143661835e-43,2.596369339523711e-41,Downregulated
213900_at,5.436355812925531,8.83171490913,-3.3953590962044684,-20.527935548343734,2.555315667341083e-43,2.6030342515834754e-41,Downregulated
203088_at,7.869533049925532,10.702790314829999,-2.833257264904467,-20.255153190361455,2.5828226019865743e-43,2.62608121872306e-41,Downregulated
226492_at,5.66682153337234,8.820657853930001,-3.1538363205576614,-19.396499991941393,2.6728529897692552e-43,2.712491903919418e-41,Downregulated
225673_at,10.64147051392553,12.640397134899999,-1.9989266209744692,-18.544113473170352,2.791264659750589e-43,2.8273250657127157e-41,Downregulated
242283_at,6.377459309446809,3.384542726770001,2.992916582676808,22.444294516139458,2.8785865695973037e-43,2.9102943088789583e-41,Upregulated
204200_s_at,4.993056995148936,6.93190328613,-1.938846290981064,-18.07308646642288,2.938903331702633e-43,2.9657008367534297e-41,Downregulated
213895_at,3.4781157485212773,6.70951728106,-3.231401532538723,-18.048670506631147,3.3747143221556497e-43,3.3991083245592466e-41,Downregulated
226268_at,7.015499293553193,8.1261103589,-1.1106110653468075,-18.15583620199283,4.118426342270705e-43,4.140442602717236e-41,Downregulated
224862_at,10.033013495638297,11.23171312813,-1.198699632491703,-20.22367777828881,4.496165044023456e-43,4.5033656062913525e-41,Downregulated
206289_at,5.041555800085107,7.24681514068,-2.2052593405948926,-18.899545325217794,4.4883794022202175e-43,4.5033656062913525e-41,Downregulated
228731_at,6.457765588787234,9.597378258849998,-3.139612670062764,-20.248491444151387,4.5605168851727414e-43,4.559330133566934e-41,Downregulated
228302_x_at,3.5886935175638293,7.075984633800001,-3.4872911162361717,-19.09592838431975,4.608785805187402e-43,4.599038094950085e-41,Downregulated
200762_at,11.914828433723402,13.575342643199999,-1.660514209476597,-21.177733749023574,5.129326665328832e-43,5.104357766958641e-41,Downregulated
225426_at,8.334587993978722,9.53152624738,-1.196938253401278,-19.224454255886716,5.134156754405653e-43,5.104357766958641e-41,Downregulated
232049_at,3.179654362031914,4.8688602157,-1.6892058536680858,-18.037574674647324,5.416388445407034e-43,5.375016031820345e-41,Downregulated
224061_at,7.370131359053192,11.640870385340003,-4.270739026286811,-21.635218275196582,5.660318325399451e-43,5.606738148249261e-41,Downregulated
234998_at,7.370666453138298,9.239930429570002,-1.8692639764317036,-19.331680973572837,6.4463998968291385e-43,6.373640897993604e-41,Downregulated
224861_at,9.382213252202126,10.839387569640001,-1.4571743174378753,-20.045359734159764,6.491721596116243e-43,6.406674087499233e-41,Downregulated
212111_at,9.971415302553192,11.050311044499999,-1.0788957419468073,-19.544791986938364,6.5285088006103515e-43,6.43117901739246e-41,Downregulated
220936_s_at,3.9234610133723407,5.82038073851,-1.8969197251376593,-18.658221471274395,6.83851831702265e-43,6.724251301634009e-41,Downregulated
1552422_at,3.9132976491595746,5.53002737364,-1.6167297244804257,-18.044335569394768,7.051566831192132e-43,6.921087109169709e-41,Downregulated
213381_at,5.037307368468086,6.417662135289999,-1.3803547668219132,-18.5586711518222,7.216221668430465e-43,7.069794146779617e-41,Downregulated
219719_at,4.840761816127659,8.749892893470001,-3.9091310773423418,-21.791436819578067,7.713741226812426e-43,7.543477920460602e-41,Downregulated
203980_at,7.460530829500001,12.681320256500003,-5.220789427000002,-20.719530911102705,7.805595251582614e-43,7.619450929249047e-41,Downregulated
208611_s_at,8.874264407808509,10.41393648237,-1.5396720745614907,-18.34314353155228,7.977823314451471e-43,7.773463854910993e-41,Downregulated
226280_at,8.56139722856383,9.96268409802,-1.40128686945617,-19.059910685503212,8.4042953148881e-43,8.174203034476877e-41,Downregulated
235210_s_at,3.3446690175212774,6.29506449395,-2.9503954764287226,-19.08194236078547,8.519483845683213e-43,8.271280832561683e-41,Downregulated
214265_at,5.926155111851064,9.23830071772,-3.3121456058689356,-19.962765918465287,8.825100197048599e-43,8.552555661233441e-41,Downregulated
201150_s_at,11.496015835829787,14.116753257900003,-2.6207374220702153,-20.280197796890324,9.071850359223101e-43,8.775873083114635e-41,Downregulated
230472_at,4.464478529510639,7.48880065507,-3.0243221255593618,-18.76523345206326,9.830125006031606e-43,9.492335791282153e-41,Downregulated
202781_s_at,6.429926812478723,7.771926238909999,-1.3419994264312756,-18.251996414640374,9.961539123435418e-43,9.601995399517875e-41,Downregulated
206027_at,3.4917989002340426,6.636961495159999,-3.145162594925956,-18.941207985831415,1.0188774181422101e-42,9.803459894847391e-41,Downregulated
209311_at,7.794546039904255,9.05103943092,-1.256493391015744,-18.646097352352534,1.048861400224844e-42,1.0055982045007746e-40,Downregulated
213364_s_at,8.980835109968085,10.774194709919998,-1.7933595999519127,-19.132373995103304,1.0476283842782044e-42,1.0055982045007746e-40,Downregulated
240715_at,7.682908008606384,10.09448478724,-2.4115767786336164,-19.449479576735715,1.0512614190356973e-42,1.006105812887082e-40,Downregulated
229518_at,4.40081411081915,7.535652449810001,-3.1348383389908507,-20.048969602535916,1.076855289944681e-42,1.0287697801947533e-40,Downregulated
226864_at,3.8516417510851064,6.58078289841,-2.7291411473248934,-18.7913407156072,1.0926003355854957e-42,1.040116843359318e-40,Downregulated
212328_at,11.124188374000003,13.3518222546,-2.2276338805999973,-20.069189178576977,1.092378964188406e-42,1.040116843359318e-40,Downregulated
1555878_at,8.11200096469149,5.177292660520001,2.9347083041714885,17.865609665504117,1.1051805915499324e-42,1.0483817159983186e-40,Upregulated
224352_s_at,8.646186602053193,10.337383840509998,-1.6911972384568053,-20.182059895676215,1.1038506686606055e-42,1.0483817159983186e-40,Downregulated
203744_at,9.96990555475532,6.35640760356,3.6134979511953196,22.056040285038033,1.113851550736797e-42,1.0547468223227e-40,Upregulated
229839_at,4.173527900393617,8.33858265678,-4.1650547563863825,-19.021752803446724,1.1385653530265574e-42,1.0762544126166328e-40,Downregulated
219866_at,6.937050854648937,11.266036361890004,-4.328985507241067,-22.006936682435366,1.2349682885635604e-42,1.165333409976836e-40,Downregulated
226731_at,8.198880264329787,10.49177848484,-2.292898220510212,-19.57771281970162,1.410050995992666e-42,1.328213710515964e-40,Downregulated
202506_at,9.505102309680852,10.766407629380002,-1.261305319699149,-18.908361050667477,1.4331587772971053e-42,1.3476202446801067e-40,Downregulated
219993_at,4.821509995755319,7.561172742569999,-2.7396627468146804,-17.833501227660488,1.4847994167148515e-42,1.3937420842482549e-40,Downregulated
200911_s_at,10.61188913325532,12.2707414976,-1.6588523643446802,-21.330775183117392,1.5538545477014172e-42,1.456021266597011e-40,Downregulated
214460_at,2.5878723193510633,4.75448686794,-2.1666145485889365,-19.32959929709188,1.5949021962002825e-42,1.491885383040494e-40,Downregulated
227620_at,7.411112721989362,8.97029996575,-1.559187243760638,-18.147266236954675,1.6378605342324758e-42,1.529409143997013e-40,Downregulated
232578_at,6.092720221329787,12.436282586800003,-6.343562365470215,-22.813650712516047,1.775263709483544e-42,1.6548411417379877e-40,Downregulated
218820_at,6.979148814776596,9.833206251900002,-2.854057437123406,-20.04263392363853,1.780867804626049e-42,1.6571930058757208e-40,Downregulated
202796_at,8.114582927670213,10.23356729667,-2.1189843689997865,-20.607308797726468,1.8020370808040302e-42,1.673995965943447e-40,Downregulated
209283_at,6.7626795786382985,9.72035687592,-2.957677297281702,-20.22819112805866,1.9920386412561773e-42,1.8473067303207716e-40,Downregulated
205357_s_at,4.942231767914893,9.02557672382,-4.083344955905107,-21.19925632108105,2.180460748627055e-42,2.0150904093755116e-40,Downregulated
213169_at,4.620971885159574,8.24021349016,-3.6192416050004264,-19.679535872595693,2.1778872426606527e-42,2.0150904093755116e-40,Downregulated
212730_at,5.9523691065106386,9.026897456959999,-3.07452835044936,-20.05502863236553,2.2622121656658107e-42,2.087055635377381e-40,Downregulated
223623_at,5.235980623414894,9.646629419359998,-4.410648795945105,-19.02302184270928,2.287779242641136e-42,2.107029012751646e-40,Downregulated
243225_at,3.4776933403510633,5.05239679144,-1.5747034510889364,-18.096617612759953,2.3821293737508612e-42,2.1901745384028004e-40,Downregulated
235670_at,5.451790070893617,8.86906410364,-3.4172740327463824,-21.475124542919502,2.398772148885392e-42,2.201712607507674e-40,Downregulated
202722_s_at,10.401152723531915,8.82403371833,1.577119005201915,20.831026550681287,2.5375400008415926e-42,2.3251128873128776e-40,Upregulated
226304_at,3.4238985140425533,6.0632449073300005,-2.6393463932874472,-18.61343823950264,2.6760361199254624e-42,2.447844876637941e-40,Downregulated
230803_s_at,3.067966146340425,4.7569799788500005,-1.6890138325095756,-18.10889109807229,2.7757953647332067e-42,2.5347865787358276e-40,Downregulated
218736_s_at,6.020630509723404,9.05292457341,-3.032294063686596,-20.778702642022534,2.838056500009088e-42,2.5872492696523527e-40,Downregulated
227463_at,5.424549395425533,8.26268934636,-2.838139950934467,-18.61328478574167,2.8694250744477712e-42,2.6114195779060548e-40,Downregulated
202782_s_at,7.038732438936169,8.180865578810002,-1.1421331398738328,-18.62498891183995,2.988552315321775e-42,2.715241128917179e-40,Downregulated
207761_s_at,11.162132494393619,13.2712336317,-2.1091011373063804,-21.38358224309252,3.1954990464197856e-42,2.8983661334019324e-40,Downregulated
214438_at,4.901780411074468,7.271290607219999,-2.369510196145531,-17.768744001847647,3.209569418644796e-42,2.906227285374225e-40,Downregulated
230943_at,3.134875149319149,6.105934443379999,-2.97105929406085,-17.801135690689744,3.3335901093287303e-42,3.0134534053841194e-40,Downregulated
206068_s_at,4.599958825638298,8.347290325100001,-3.747331499461703,-21.418775889331606,3.761756695266158e-42,3.3947960673084827e-40,Downregulated
228967_at,7.097897202265957,9.13043290284,-2.0325357005740434,-19.24112448350796,3.982384379829892e-42,3.5878815117844313e-40,Downregulated
229011_at,5.456532995851064,7.88294269189,-2.4264096960389363,-18.106108324821705,4.03735745230542e-42,3.631326219560189e-40,Downregulated
236304_at,3.125194879159574,5.301838816549999,-2.176643937390425,-17.751951019813337,4.385722013138592e-42,3.938070854735765e-40,Downregulated
223836_at,2.4119687726914893,5.882605314449998,-3.470636541758509,-21.60145581084816,4.484864088148465e-42,4.020381664085889e-40,Downregulated
225655_at,6.398015496351063,3.15469062348,3.2433248728710633,19.718209412130737,4.99071856626998e-42,4.466402475963347e-40,Upregulated
201578_at,9.213491036180852,11.079675237309997,-1.8661842011291458,-18.512851283438273,5.1112354980222094e-42,4.56665967602363e-40,Downregulated
227178_at,6.539934420223402,8.788078549850002,-2.2481441296266,-20.94602345478334,5.2917366171754257e-42,4.7200886515986315e-40,Downregulated
235044_at,6.0220410556914885,9.249476179850001,-3.2274351241585126,-20.822531224456178,5.502038067978597e-42,4.899546680865842e-40,Downregulated
232298_at,3.4800589956382977,5.94581408483,-2.4657550891917026,-18.918607666362995,5.750472092254234e-42,5.112312263702252e-40,Downregulated
208758_at,10.378111189968086,9.173894308669999,1.2042168812980876,19.583266050784257,6.065584890125852e-42,5.383556912546354e-40,Upregulated
209209_s_at,7.890215280042553,9.712577075939999,-1.8223617958974456,-18.010510645881467,6.872473625682165e-42,6.08966831022967e-40,Downregulated
222571_at,5.486805775542553,7.078493935789998,-1.591688160247445,-19.490177399027544,7.451286586213984e-42,6.591692439574101e-40,Downregulated
214679_x_at,7.2774295101063835,8.640185054580002,-1.3627555444736181,-17.650448547952813,7.614450659006626e-42,6.724972793847789e-40,Downregulated
203144_s_at,4.795839991106384,6.429685457330001,-1.633845466223617,-17.788808000299866,7.864765516534598e-42,6.934660296267702e-40,Downregulated
205003_at,9.514951603297874,11.212346043100002,-1.6973944398021281,-19.69375241253775,8.234454071429295e-42,7.242493193233325e-40,Downregulated
208958_at,4.7820220517872345,6.38640883744,-1.6043867856527658,-17.599644078902596,8.240817004906099e-42,7.242493193233325e-40,Downregulated
33850_at,6.3902911994255325,8.13509745396,-1.7448062545344678,-19.309358339548336,9.232573917513741e-42,8.100868201099415e-40,Downregulated
219010_at,9.576679279340425,6.764159569580001,2.8125197097604238,20.087240998883377,9.801171405865213e-42,8.585762300258408e-40,Upregulated
217367_s_at,5.242239024202127,6.58199226647,-1.3397532422678733,-17.96605706922999,1.0037062946026718e-41,8.778105164471432e-40,Downregulated
1552318_at,6.547851687191487,9.124128590159998,-2.5762769029685106,-17.763074417413275,1.0091853788503968e-41,8.81169558228043e-40,Downregulated
212327_at,10.672752583297871,13.098227000400001,-2.42547441710213,-20.022400120725894,1.2179743287115754e-41,1.0617498742962851e-39,Downregulated
1554690_a_at,7.265373224627662,9.77505356859,-2.509680343962338,-19.72338513923789,1.2810113901662981e-41,1.1148944762376134e-39,Downregulated
221552_at,5.485579496117022,7.4996631679400005,-2.014083671822979,-18.624467799521426,1.3182193725662698e-41,1.1454240254095216e-39,Downregulated
219105_x_at,7.390748951734044,4.570166994379999,2.8205819573540447,19.230244519089503,1.3493098326259846e-41,1.1705480428648582e-39,Upregulated
224906_at,9.999546274351065,11.3244168485,-1.3248705741489353,-19.478183165299903,1.3536387960713132e-41,1.1724125005715242e-39,Downregulated
208983_s_at,8.365372671042552,11.142862445319999,-2.7774897742774467,-19.63125047059957,1.4210843126138685e-41,1.228849531161568e-39,Downregulated
213766_x_at,8.635438257765959,9.739975832770002,-1.1045375750040431,-17.88138838349537,1.4377893093945082e-41,1.2412991299372877e-39,Downregulated
237252_at,4.7642739642234035,7.62224978147,-2.8579758172465963,-18.41637935876295,1.4500216053026115e-41,1.2498535586988183e-39,Downregulated
229339_at,3.4170347435106385,6.22674224006,-2.8097074965493616,-17.97436776421647,1.5383908086128284e-41,1.3239022085127933e-39,Downregulated
211762_s_at,11.086578846382977,9.238634629929999,1.8479442164529782,19.01031784340749,1.5819709605226383e-41,1.3592314709691792e-39,Upregulated
209803_s_at,10.941987428989362,8.230509958459999,2.7114774705293634,17.45576315813374,1.8141175109109614e-41,1.5562061314490745e-39,Upregulated
212097_at,11.283903825691489,14.5673601493,-3.2834563236085117,-22.395722830460798,1.8858675479469882e-41,1.615179489392941e-39,Downregulated
218883_s_at,9.010830410180851,6.450123576979999,2.560706833200852,17.839711953089243,2.0048262268802745e-41,1.7143335999838226e-39,Upregulated
236936_at,4.470304082882979,7.999828354400002,-3.5295242715170225,-20.00844942350716,2.1692668013997423e-41,1.852002923493437e-39,Downregulated
205856_at,4.044722291042553,7.624948486250002,-3.580226195207449,-17.48987918761908,2.3092269944021555e-41,1.968368987653159e-39,Downregulated
52975_at,3.561546978425532,5.2670891930999995,-1.7055422146744674,-17.687498008614938,2.4076417946243867e-41,2.0490098348997986e-39,Downregulated
227289_at,7.369560824755319,9.73876565138,-2.3692048266246806,-18.739852389154997,2.452000176802787e-41,2.0834641628675308e-39,Downregulated
220133_at,2.41843022537234,4.99023611075,-2.5718058853776595,-19.364719213466753,2.9426578976817356e-41,2.4925007509403123e-39,Downregulated
200621_at,10.65261127979787,12.0720604197,-1.4194491399021292,-18.955236061055555,3.4650799118398093e-41,2.93038975060088e-39,Downregulated
228133_s_at,4.8209430850638295,7.6117256196,-2.79078253453617,-17.362600422917268,3.5026590517213975e-41,2.9528843221925875e-39,Downregulated
202222_s_at,4.2805921858617015,7.92212485494,-3.6415326690782983,-19.08920168624638,3.498612453811065e-41,2.9528843221925875e-39,Downregulated
209614_at,5.543318421882978,9.51912884515,-3.9758104232670224,-21.04019388227323,3.6228844714811573e-41,3.04945953338162e-39,Downregulated
210078_s_at,5.745521942702128,8.04365919583,-2.298137253127871,-17.827614314914904,4.414495783104772e-41,3.709969846719895e-39,Downregulated
209267_s_at,11.156798210170216,13.390089733700002,-2.233291523529786,-20.59713323087808,4.605290409667511e-41,3.864276910676704e-39,Downregulated
227372_s_at,9.673140083042554,7.700649877459999,1.972490205582555,18.77940083274694,5.032365900165272e-41,4.216056577979584e-39,Upregulated
219787_s_at,9.355467570680851,7.12425284907,2.2312147216108507,19.486727557645207,5.10379146003455e-41,4.2653066864658696e-39,Upregulated
217437_s_at,9.3849326175,11.779526913199998,-2.3945942956999975,-21.270141199841067,5.107012059056297e-41,4.2653066864658696e-39,Downregulated
203755_at,6.625291961904257,3.2707673984599994,3.354524563444258,18.7432499581104,5.179232579451177e-41,4.3189178840055966e-39,Upregulated
214724_at,7.604014278425532,9.175928900599999,-1.571914622174467,-18.004784782616387,5.578837293946788e-41,4.6449433853285134e-39,Downregulated
209253_at,6.786190711670212,7.97108409816,-1.1848933864897884,-17.584158820753704,5.750393393607243e-41,4.7803811293440366e-39,Downregulated
217781_s_at,8.050294187223406,9.59765744676,-1.5473632595365938,-19.900199923820896,6.247602129559616e-41,5.185702594760702e-39,Downregulated
225943_at,6.9964737966063835,4.90987806411,2.0865957324963835,18.067333583690985,6.726728654015971e-41,5.5747893279646073e-39,Upregulated
208843_s_at,11.129687359212765,10.12822981682,1.0014575423927656,19.06303976537427,6.781675716399714e-41,5.611680155111923e-39,Upregulated
223798_at,5.997309801563829,3.1781719558500003,2.8191378457138287,18.831330346265105,6.860954379145303e-41,5.6685605566314794e-39,Upregulated
228268_at,7.461882925648936,11.499643761489999,-4.037760835841063,-19.7197933491544,6.972533626495847e-41,5.751912479059902e-39,Downregulated
219165_at,8.075837720425534,9.86073149445,-1.7848937740244661,-17.27655970820798,7.258415671755735e-41,5.978578029418897e-39,Downregulated
1554089_s_at,10.324179410989363,11.533221288200002,-1.2090418772106393,-17.63388384355699,7.459497338021367e-41,6.13480923276479e-39,Downregulated
202552_s_at,8.046457589808512,9.889483964670001,-1.8430263748614895,-19.419547437042525,7.832642514301626e-41,6.431855118690492e-39,Downregulated
230151_at,5.160120011776595,7.101019405580001,-1.9408993938034058,-19.221832445228355,8.105414331038418e-41,6.645698402579761e-39,Downregulated
218901_at,8.56498326520213,10.733729071019997,-2.168745805817867,-20.039069354935446,8.631442579046502e-41,7.066221774072985e-39,Downregulated
209355_s_at,8.409624964468085,10.42683079317,-2.017205828701915,-17.558378407101404,8.85021822814039e-41,7.234313641622478e-39,Downregulated
213706_at,3.960714433361702,6.72252613567,-2.761811702308298,-17.497788719621393,9.316634381419284e-41,7.604013609089797e-39,Downregulated
212747_at,9.609050936606382,10.772676256319999,-1.163625319713617,-17.633351928975284,9.384696738522208e-41,7.647959072396295e-39,Downregulated
215836_s_at,7.709177531265957,10.05842312739,-2.3492455961240433,-17.925153065527876,1.0279433687929689e-40,8.364442062617038e-39,Downregulated
203802_x_at,8.831844347351062,7.730582367219999,1.1012619801310626,18.06253746929798,1.0772270090539886e-40,8.752225363893932e-39,Upregulated
213844_at,5.721827298010638,8.876470966360001,-3.1546436683493635,-18.506173084636767,1.0941522582983803e-40,8.876330824258926e-39,Downregulated
228339_at,6.6690500560957435,9.683774056179999,-3.0147240000842555,-20.38480406970677,1.1742650243317597e-40,9.511900391371691e-39,Downregulated
228238_at,9.010208242627659,7.1060302680300005,1.9041779745976584,17.951091875934807,1.2023953767679435e-40,9.725118456367008e-39,Upregulated
40687_at,3.47286962556383,5.467091381409998,-1.994221755846168,-18.232701724809324,1.2187945644291934e-40,9.84295562198027e-39,Downregulated
227923_at,6.187197831159574,8.257243073569999,-2.0700452424104245,-17.756779526467792,1.2816117962255763e-40,1.0334748436550053e-38,Downregulated
208079_s_at,7.690758722861702,4.637588426490001,3.053170296371701,18.76280015994487,1.3862001728307824e-40,1.1161401571238991e-38,Upregulated
235155_at,3.824554915904254,5.83275860008,-2.0082036841757462,-18.36826583641899,1.3903610436954636e-40,1.1178170268490912e-38,Downregulated
225602_at,7.928932734074468,9.95655206518,-2.027619331105532,-18.393894725510947,1.4491839431063014e-40,1.163370262147993e-38,Downregulated
202674_s_at,6.10351808006383,8.62555699911,-2.52203891904617,-18.080446782914173,1.4756618235418594e-40,1.1828606086590528e-38,Downregulated
220968_s_at,7.309439819776595,8.69608300387,-1.386643184093404,-17.86973172859183,1.4848003397529432e-40,1.1884147481242826e-38,Downregulated
239656_at,4.424704015170214,6.677215176269999,-2.252511161099785,-18.3332602618347,1.4892013809542548e-40,1.190166203209592e-38,Downregulated
204648_at,5.854718415957446,7.874923360139999,-2.0202049441825523,-18.992814198232875,1.5147800265324668e-40,1.2088124407577932e-38,Downregulated
221677_s_at,8.703479066702128,6.9352434380600005,1.7682356286421275,18.38756876958729,1.5956063114532892e-40,1.269545577926429e-38,Upregulated
228096_at,3.9457994985638303,5.512994127449999,-1.5671946288861687,-17.376176318900104,1.6474288300585232e-40,1.308842053966436e-38,Downregulated
215380_s_at,11.408748450138294,9.86661419171,1.5421342584282947,19.944002787718688,1.6794879262432983e-40,1.33234421240298e-38,Upregulated
207119_at,2.8054010007021275,4.2518132119,-1.4464122111978726,-17.12134663397396,1.6838797494767235e-40,1.3338609161318858e-38,Downregulated
205206_at,8.806955612893617,11.74706277459,-2.9401071616963836,-18.571819492202,1.7015337425739437e-40,1.3458631452659137e-38,Downregulated
1554127_s_at,4.468032387776597,7.337789455139999,-2.8697570673634027,-17.868675409196342,1.713218399784056e-40,1.353115489732529e-38,Downregulated
205611_at,5.493252358404255,7.238476823119998,-1.7452244647157436,-18.602931900869063,1.8041414718997122e-40,1.422838023571817e-38,Downregulated
214736_s_at,9.6803255995,10.685035972800002,-1.0047103733000018,-17.40651612766219,1.826911730044431e-40,1.438686300324594e-38,Downregulated
201014_s_at,9.445568067234044,7.47064269127,1.9749253759640437,18.897365239895247,1.9059001054570176e-40,1.498695074153672e-38,Upregulated
212713_at,8.412796872340424,12.569225013719999,-4.156428141379575,-20.122478896902027,1.9293425681771817e-40,1.5149141514157356e-38,Downregulated
244825_at,4.360371189265958,6.5605162853099985,-2.2001450960440403,-17.378149792854945,2.0156803593254424e-40,1.5803991808553682e-38,Downregulated
204570_at,7.617667805414893,10.28337698851,-2.6657091830951067,-19.86266444029055,2.0739640014098994e-40,1.6237296620063005e-38,Downregulated
214414_x_at,10.732217696691489,14.562611371900003,-3.830393675208514,-19.653135005575436,2.0989533637409173e-40,1.6409056049733862e-38,Downregulated
210628_x_at,6.340962491202128,7.758679203010001,-1.4177167118078726,-18.055574081388148,2.286948631997817e-40,1.7852803936231436e-38,Downregulated
239218_at,2.5147733729361703,4.63870995485,-2.12393658191383,-17.5253312579576,2.3012497314213866e-40,1.7938408413656624e-38,Downregulated
225162_at,9.507774839031915,11.030960872749999,-1.5231860337180834,-18.303670633885307,2.5462983245162156e-40,1.981985552567716e-38,Downregulated
205811_at,7.166200435989361,5.82116333001,1.3450371059793609,18.032454452785363,2.8153215711684058e-40,2.1882208963419633e-38,Upregulated
209555_s_at,6.404560185234043,10.21339728137,-3.8088370961359566,-19.69130593344524,2.8893836689269304e-40,2.2425453104892334e-38,Downregulated
226856_at,5.267467148606383,8.472552954600001,-3.205085805993618,-19.080536559428353,3.0189128242448222e-40,2.3363344628033382e-38,Downregulated
225915_at,4.618570093531916,7.34236367807,-2.7237935845380843,-17.94555737364969,3.039422428960506e-40,2.3488272236216922e-38,Downregulated
214319_at,4.990607858223404,7.164796730930001,-2.1741888727065968,-18.668622727932163,3.0697377030371877e-40,2.368850962633546e-38,Downregulated
205554_s_at,4.7961162749042545,8.49815753276,-3.702041257855746,-17.180307475072837,3.101407154412101e-40,2.389860819587525e-38,Downregulated
213460_x_at,8.294021564670212,6.791808635710001,1.502212928960211,17.668605836403884,3.2917423757458876e-40,2.5328992191969715e-38,Upregulated
228493_at,2.986062679053191,4.31556304181,-1.329500362756809,-17.09062389288837,3.3291729397880817e-40,2.558041367706311e-38,Downregulated
201013_s_at,10.314687387531915,8.58862800099,1.726059386541916,19.476115596948972,3.6146537479968647e-40,2.773434614689862e-38,Upregulated
229319_at,6.675561726010638,8.529270062560002,-1.8537083365493636,-18.210714606446608,3.705342998664703e-40,2.838968355073785e-38,Downregulated
200904_at,11.375812785776596,13.219136990599997,-1.8433242048234018,-18.439392759026354,3.744307902893893e-40,2.8647417477247643e-38,Downregulated
227197_at,7.486702929904255,10.568006400129997,-3.081303470225742,-20.098727979630425,3.771593022007504e-40,2.88151849831954e-38,Downregulated
206453_s_at,7.13338041075532,9.787471972079999,-2.6540915613246785,-19.159642483732117,3.811855446179503e-40,2.908148326641287e-38,Downregulated
205805_s_at,5.2762545885638295,7.677627127649999,-2.4013725390861698,-18.91408739998211,4.350585838033496e-40,3.31445623065821e-38,Downregulated
225947_at,8.153307572904255,6.45842178225,1.6948857906542552,19.337797275896513,4.502184750528074e-40,3.4250991370849077e-38,Upregulated
220032_at,3.66767894406383,5.53144560445,-1.8637666603861698,-17.38085295430125,5.330855355750268e-40,4.049793589892428e-38,Downregulated
223311_s_at,7.326559219404255,5.819264867419999,1.5072943519842559,19.035851955831962,5.52942655854719e-40,4.1947212535686764e-38,Upregulated
205656_at,7.937812922585107,10.01116584299,-2.0733529204048926,-17.375015019650572,5.647901909399187e-40,4.2785641140696434e-38,Downregulated
201540_at,10.156760266319148,13.899763699200001,-3.743003432880853,-21.618015189664625,5.732865692954981e-40,4.336820171044678e-38,Downregulated
220661_s_at,7.598677440010638,5.760944710679999,1.8377327293306394,17.49347849523323,5.911967250877281e-40,4.4660262718495147e-38,Upregulated
224428_s_at,8.741559624021274,5.565386416849999,3.176173207171275,17.22270424792358,6.274454847372341e-40,4.733209374765339e-38,Upregulated
226225_at,6.667064246914894,9.012086086630001,-2.3450218397151072,-18.856183150649667,6.6910982012197105e-40,5.040439885865594e-38,Downregulated
201148_s_at,7.198105559914894,9.75656751806,-2.5584619581451067,-17.754674786200514,6.804992910885795e-40,5.119067814054593e-38,Downregulated
45297_at,7.610554738351063,9.685350743130002,-2.074796004778938,-17.937562370197046,6.815282891504669e-40,5.119648122939527e-38,Downregulated
227400_at,8.086622733914892,10.46378767082,-2.3771649369051087,-18.050947344416684,7.53103353364864e-40,5.649430538923651e-38,Downregulated
212257_s_at,5.604245810297872,7.5518913157,-1.9476455054021278,-17.90394277161907,7.685606186300367e-40,5.757353960116317e-38,Downregulated
206316_s_at,7.060927912989361,4.89933397369,2.161593939299361,19.001649932550396,7.785307783543614e-40,5.823929964473947e-38,Upregulated
204641_at,6.978276776978721,2.9803042933500006,3.99797248362872,20.06449831309738,7.802896141018421e-40,5.828980164455788e-38,Upregulated
221679_s_at,5.27228676580851,7.363617383939999,-2.0913306181314892,-17.18555652368074,8.978111745742192e-40,6.697596648495001e-38,Downregulated
209293_x_at,4.750013680797873,6.807107976809999,-2.057094296012126,-18.381295226253496,9.46078175127107e-40,7.038141179444893e-38,Downregulated
217232_x_at,8.928735125276596,12.913430909199999,-3.984695783923403,-18.319973657874023,9.920947614317099e-40,7.3702774638627e-38,Downregulated
235874_at,4.038002847968086,6.073043543130001,-2.035040695161915,-16.878747708495695,1.0031925593068909e-39,7.442443447569715e-38,Downregulated
236712_at,2.4642864434255323,5.587232211360001,-3.1229457679344685,-20.56066921192004,1.041748960321841e-39,7.717838785106134e-38,Downregulated
224920_x_at,5.721009769542554,8.04999134216,-2.3289815726174465,-16.87962561279239,1.0469669834429469e-39,7.745827533901285e-38,Downregulated
237206_at,3.896805576085106,6.962799798929999,-3.065994222844893,-17.350644737755484,1.0831304444481489e-39,8.002370066632986e-38,Downregulated
227452_at,7.266037396074467,3.74309517479,3.522942221284467,17.902025295262188,1.1147654051563506e-39,8.224797267728322e-38,Upregulated
202011_at,11.353789977510639,12.5111080915,-1.157318113989362,-17.18229590314912,1.1582883103168244e-39,8.534204802561742e-38,Downregulated
222584_at,7.396600540234043,6.276761958670001,1.119838581564042,17.569015631243726,1.1693993569382093e-39,8.604283695250141e-38,Upregulated
208634_s_at,10.840787233191488,12.343255695699998,-1.50246846250851,-17.61202132356466,1.2294439207216921e-39,9.033725508188105e-38,Downregulated
239848_at,4.250359031180851,5.704100453060001,-1.4537414218791493,-17.310413341075833,1.2499242935637587e-39,9.171681862704001e-38,Downregulated
218070_s_at,7.759969431234043,6.588125720100002,1.1718437111340414,17.387472192661207,1.2922096875417842e-39,9.469044993749646e-38,Upregulated
235568_at,7.03085081181915,11.038642642789998,-4.007791830970849,-17.934190163686154,1.527238989837094e-39,1.117606480372489e-37,Downregulated
203752_s_at,11.837445457978722,13.0726089873,-1.2351635293212784,-17.095393427465293,1.599703617891392e-39,1.1690442770639457e-37,Downregulated
221870_at,8.174711987638297,10.18033870833,-2.005626720691703,-17.712858550191303,1.6130848806324795e-39,1.1772236552197903e-37,Downregulated
227536_at,7.535517980670213,8.63233432594,-1.0968163452697874,-16.971445465068584,1.7044671110802397e-39,1.242228564181054e-37,Downregulated
204499_at,3.918421943957447,5.16289336537,-1.2444714214125536,-16.74352056065942,2.2388014771788254e-39,1.6294475812116414e-37,Downregulated
240025_x_at,2.6952153765000006,4.09724515779,-1.402029781289999,-17.595838756452302,2.2492344279207295e-39,1.6348286883803291e-37,Downregulated
225765_at,8.652806861893618,7.122946220460001,1.5298606414336167,19.08258001789283,2.3528638551312064e-39,1.7078425818095419e-37,Upregulated
235051_at,5.969683005393617,7.941370215750001,-1.971687210356384,-18.316461557243336,2.4237890614528216e-39,1.7569530789663271e-37,Downregulated
238554_at,4.584937847021277,6.087718095730001,-1.5027802487087234,-18.79091031744413,2.433992333928768e-39,1.7619745850968065e-37,Downregulated
238419_at,3.6472975535106387,6.2783397596600015,-2.631042206149363,-16.72584383661299,2.466925422194301e-39,1.7834146607277241e-37,Downregulated
228411_at,5.058875883425532,7.06288266649,-2.004006783064468,-17.62137156822818,2.5308538767530363e-39,1.8271745854367624e-37,Downregulated
205438_at,3.971258076510638,5.742135761440002,-1.770877684929364,-16.941402753566603,2.7263335067358696e-39,1.9656645307412263e-37,Downregulated
225817_at,7.467098881351064,10.31922327729,-2.8521243959389357,-19.646308037139445,2.899032222838081e-39,2.0873808184413525e-37,Downregulated
222640_at,7.289570282117021,5.763751649719999,1.525818632397022,18.66195708612534,2.958734391185828e-39,2.1275198925711358e-37,Upregulated
226456_at,6.814065412627659,4.22429422232,2.5897711903076592,19.195072834871564,3.0395438963879365e-39,2.1827090522179113e-37,Upregulated
222646_s_at,10.76564076694681,8.29965999857,2.4659807683768094,19.23305385885466,3.1031843568452286e-39,2.2254383175636997e-37,Upregulated
217755_at,10.496505449585108,8.51991617374,1.9765892758451074,18.39326611302962,3.335303144517984e-39,2.388716576977953e-37,Upregulated
213541_s_at,5.728518641180852,8.761982532029998,-3.0334638908491467,-19.08108640303825,3.9494029483792364e-39,2.8210170913881223e-37,Downregulated
213489_at,6.354441384542553,8.190670561890002,-1.836229177347449,-17.868930165927512,4.081410686981473e-39,2.911442376790259e-37,Downregulated
221796_at,2.715143630148936,6.99245800882,-4.277314378671064,-18.36465679421099,4.439632193107235e-39,3.1627822137545128e-37,Downregulated
219777_at,9.479065645265957,11.79080106361,-2.3117354183440426,-17.25025694758288,4.8466533164289084e-39,3.4481758634582707e-37,Downregulated
205231_s_at,5.05886204525532,6.32848627327,-1.2696242280146803,-17.140231616148597,4.991078889568593e-39,3.5462373732409026e-37,Downregulated
218326_s_at,9.4768676703617,6.89125053977,2.585617130591701,17.718240168229112,5.0483406344580475e-39,3.5821906248675533e-37,Upregulated
204825_at,7.42447692087234,3.95546073463,3.4690161862423396,18.548046892407644,5.1968790741687165e-39,3.6827317244168456e-37,Upregulated
215171_s_at,11.545904140425531,10.5178241285,1.0280800119255318,18.46905134751697,5.87450548354293e-39,4.157449367603158e-37,Upregulated
213670_x_at,7.923627797074468,6.4508919048500015,1.4727358922244669,17.289847966478018,6.258207901845916e-39,4.423179634805314e-37,Upregulated
239146_at,4.5140196367127645,6.366260849090001,-1.852241212377236,-16.976006741696228,6.457623507772205e-39,4.558133044475536e-37,Downregulated
223843_at,3.2495418777021277,5.67266582142,-2.423123943717872,-16.684184857331697,7.175739646650245e-39,5.058379195736961e-37,Downregulated
226444_at,6.7245991615851075,3.6413826446599997,3.083216516925108,17.147661341770696,7.582830199575882e-39,5.338352161183094e-37,Upregulated
229151_at,2.692226010723404,6.31673787871,-3.6245118679865955,-17.800917920213585,7.937865606740076e-39,5.580993980707473e-37,Downregulated
203329_at,8.380457582159572,9.99321430666,-1.6127567245004286,-18.96458877781735,8.083781023826103e-39,5.67616509330954e-37,Downregulated
201904_s_at,7.18152138937234,8.766087593770001,-1.5845662043976612,-17.475447402281286,9.469668653433647e-39,6.640620576187511e-37,Downregulated
207358_x_at,9.901324500829789,11.137513879750001,-1.236189378920212,-17.068692726802027,9.94642730541849e-39,6.9658663938702976e-37,Downregulated
212226_s_at,9.448793404680849,11.11718134349,-1.6683879388091505,-17.00267605102642,1.0063536017686531e-38,7.038717142357448e-37,Downregulated
206480_at,5.607258143393617,6.99368592562,-1.3864277822263835,-16.750574387731945,1.0337509032730062e-38,7.220951439408041e-37,Downregulated
227006_at,7.04648797055319,10.51247291795,-3.4659849473968096,-19.449948707931426,1.0594292634077968e-38,7.390721447685053e-37,Downregulated
204742_s_at,5.843440089659575,7.379833745319998,-1.5363936556604232,-17.43851276168223,1.1461825185820017e-38,7.985566443581805e-37,Downregulated
227618_at,3.797876536297873,6.21809746264,-2.4202209263421275,-18.024195087048916,1.1818538265006273e-38,8.223439833397507e-37,Downregulated
1552309_a_at,6.76639079357447,9.386117593589999,-2.6197268000155294,-18.405599993480482,1.2868782873459116e-38,8.931101362991897e-37,Downregulated
228724_at,2.698127883212766,4.7213551167,-2.023227233487234,-16.719763484858536,1.3557478911309827e-38,9.396940215511732e-37,Downregulated
225676_s_at,10.525237843000001,9.073346577459999,1.4518912655400023,18.81544496708427,1.361317101571677e-38,9.423397892552666e-37,Upregulated
223381_at,7.204169663787234,3.4802779992100006,3.7238916645772338,19.088097396729935,1.4144430117222629e-38,9.778564502377074e-37,Upregulated
225776_at,7.302533037702129,9.015353647620001,-1.7128206099178724,-17.48106354311258,1.4164042261650652e-38,9.779552979270115e-37,Downregulated
212378_at,8.69141524619149,7.621243935459998,1.0701713107314914,17.35573127256759,1.4469770625811992e-38,9.977834395896459e-37,Upregulated
236644_at,4.455528267893617,6.507234108029999,-2.051705840136382,-17.06117142617856,1.5342605035404155e-38,1.0566163309017258e-36,Downregulated
1558290_a_at,7.629341783212764,5.275367844489999,2.353973938722765,17.8868018286444,1.5491786485511334e-38,1.0641650420302843e-36,Upregulated
220990_s_at,12.20398251617021,10.941387697400003,1.2625948187702072,17.321662415560183,1.5477943899198796e-38,1.0641650420302843e-36,Upregulated
213451_x_at,6.1080773956489365,9.75895689242,-3.650879496771064,-19.168193466364617,1.8370695063640446e-38,1.2603140365981697e-36,Downregulated
213362_at,3.6844540491595743,5.835089343879999,-2.150635294720425,-16.624487141922902,1.8435838928809456e-38,1.2631720160827329e-36,Downregulated
201348_at,11.099584882021277,14.027830156100002,-2.9282452740787246,-19.993298870582603,1.9267764554969078e-38,1.3184936187704414e-36,Downregulated
220266_s_at,5.683868563446809,9.14066554782,-3.4567969843731907,-17.419089125061053,1.9549545679619566e-38,1.3360760659771513e-36,Downregulated
211562_s_at,4.192069038372342,5.89127852351,-1.6992094851376578,-16.664359684093583,2.1935573549835552e-38,1.4972420798876332e-36,Downregulated
241962_at,4.2855764684148925,6.23557805629,-1.9500015878751071,-17.76567508399237,2.3744087879929707e-38,1.6186305585676795e-36,Downregulated
225778_at,6.654097595170215,8.2524917563,-1.598394161129785,-17.25138819475947,2.3795021717725187e-38,1.6200494153285658e-36,Downregulated
240806_at,4.020386268414894,5.91267854082,-1.892292272405106,-16.392171546893955,2.443561689182719e-38,1.6615601645307423e-36,Downregulated
203514_at,7.0493945271170215,8.670279126919997,-1.6208845998029755,-18.472875201445646,2.4734257171536785e-38,1.6797433790761078e-36,Downregulated
218296_x_at,7.007632854531915,5.747359121450001,1.260273733081914,18.31027460705505,2.5042951179674666e-38,1.69856263827236e-36,Upregulated
209493_at,7.23557353369149,10.25042318855,-3.0148496548585104,-19.17225448683448,2.606256328801658e-38,1.7654924798605285e-36,Downregulated
213675_at,6.821983124297875,8.530265978729998,-1.7082828544321238,-17.580298305619504,2.620565040431872e-38,1.772952342951807e-36,Downregulated
225575_at,9.397976400553194,11.81266626092,-2.4146898603668063,-17.52439302292349,2.67555892183486e-38,1.8078845749976103e-36,Downregulated
207496_at,4.339552680904256,7.3713844466000005,-3.0318317656957445,-17.312011470708967,2.7248251832944664e-38,1.8388638307236658e-36,Downregulated
218346_s_at,7.801656452744681,9.43587198901,-1.6342155362653186,-18.71773186256735,2.762318643966733e-38,1.8618304584510615e-36,Downregulated
214053_at,2.8781183258297873,5.234082255200001,-2.3559639293702133,-16.484416366295566,2.8319949919868754e-38,1.90640403803512e-36,Downregulated
219869_s_at,8.448021375138298,11.31724651923,-2.8692251440917023,-17.856201721620266,3.026517024962858e-38,2.0322627303951593e-36,Downregulated
222033_s_at,7.401144916117023,9.09474808351,-1.6936031673929772,-16.835312932910817,3.0480142158024045e-38,2.0441457931564604e-36,Downregulated
1555579_s_at,8.25312306112766,10.035870064600001,-1.7827470034723412,-18.863369417895573,3.1359440554213743e-38,2.1004967243448822e-36,Downregulated
216333_x_at,5.9634650022340425,9.72019525359,-3.7567302513559566,-19.044826899903445,3.219501180700551e-38,2.1537822202134307e-36,Downregulated
226242_at,8.794989258265957,7.635737882550001,1.1592513757159564,16.809476864502454,3.360680862832697e-38,2.2454357874325393e-36,Upregulated
243579_at,6.16288476418085,4.42318672016,1.7396980440208498,18.319700629263377,3.446847460857428e-38,2.3001505896982336e-36,Upregulated
226713_at,6.91879492669149,9.160502442360002,-2.2417075156685122,-19.077423081206437,3.596069988975762e-38,2.396756139120822e-36,Downregulated
228885_at,6.406470829500001,10.98337658974,-4.57690576024,-19.828392334415337,3.652676097361338e-38,2.4314707496618433e-36,Downregulated
203143_s_at,6.861975655712766,8.69665268779,-1.8346770320772334,-18.060683142327466,3.671246148349573e-38,2.439182735916918e-36,Downregulated
214100_x_at,9.056749583106384,7.63175714078,1.424992442326385,16.80917387056664,3.673331380085345e-38,2.439182735916918e-36,Upregulated
225291_at,9.293729855031913,8.083684073959999,1.2100457810719139,17.67441830772841,4.008027661242451e-38,2.6581476669246174e-36,Upregulated
229504_at,6.76320203776596,8.53375713642,-1.7705550986540404,-17.836252937015246,4.057879321298252e-38,2.6878952854106868e-36,Downregulated
213317_at,8.576688810563832,12.612873444300003,-4.0361846337361715,-20.15019583938026,4.3210874684068356e-38,2.8587209172906527e-36,Downregulated
213944_x_at,7.471962852882979,8.51555948551,-1.043596632627021,-16.970209912151695,4.3668568618458774e-38,2.8854516360103485e-36,Downregulated
225790_at,5.696453246085105,8.68931242803,-2.992859181944895,-18.99737931607335,4.578205293505791e-38,3.021390796521503e-36,Downregulated
232095_at,6.943074634861702,8.53222684745,-1.5891522125882975,-16.51581801161928,4.6112690332034255e-38,3.039481816420091e-36,Downregulated
201058_s_at,9.217893082521277,11.764801674040003,-2.5469085915187257,-18.163408036996874,4.6554780500635395e-38,3.064865880057742e-36,Downregulated
209116_x_at,9.15800541837234,13.331092967399998,-4.173087549027658,-17.842207706699213,4.829831994126619e-38,3.1757621471405175e-36,Downregulated
214710_s_at,7.860969461702125,4.722031397009999,3.138938064692126,18.457643069547622,4.96104042902281e-38,3.2580527535460426e-36,Upregulated
226718_at,4.2536555130425535,5.93707439145,-1.6834188784074469,-16.303739955081916,5.036354213431684e-38,3.303479850288251e-36,Downregulated
205107_s_at,6.999599346617023,5.11617373531,1.8834256113070227,19.5975481055955,5.082207952192029e-38,3.329496186560298e-36,Upregulated
242523_at,3.944703019968085,5.50546409587,-1.5607610759019148,-16.281713525265708,5.353196584574119e-38,3.502761940363791e-36,Downregulated
221015_s_at,2.743736676723404,3.7992352826199998,-1.0554986058965956,-17.94314907272875,5.402947099979129e-38,3.53101959561941e-36,Downregulated
223693_s_at,3.9444446141063834,5.073638646589999,-1.1291940324836158,-16.767897771136127,5.514609727417185e-38,3.5996213446463676e-36,Downregulated
216905_s_at,8.772276432361702,7.2693853386,1.5028910937617015,16.995313215281282,6.01746305848808e-38,3.923094158349574e-36,Upregulated
228693_at,5.194997507968085,7.543729261409998,-2.348731753441913,-17.813848875806585,6.306571923076068e-38,4.1066014219681526e-36,Downregulated
209079_x_at,7.240958129138297,9.679876353309998,-2.438918224171701,-17.75989634542145,6.374946062913676e-38,4.146104582102479e-36,Downregulated
209159_s_at,2.738643011893617,4.84210981419,-2.1034668022963827,-17.020896344676373,6.554318141656908e-38,4.2576154054004644e-36,Downregulated
213221_s_at,7.721076596585105,9.147433661580001,-1.426357064994896,-17.493531686828977,6.573779316961617e-38,4.265106083740622e-36,Downregulated
228737_at,5.49149507912766,8.271384001600001,-2.779888922472341,-17.770174874835647,6.785553386231268e-38,4.397202101588373e-36,Downregulated
227139_s_at,9.809527729861705,8.66236118046,1.147166549401705,17.686358255774355,6.972043546860825e-38,4.512615333471195e-36,Upregulated
218512_at,8.377105377276596,6.81638394626,1.5607214310165958,17.64987444036603,7.14859811360328e-38,4.615780289775102e-36,Upregulated
225531_at,5.784773697734042,7.526743134579998,-1.7419694368459568,-16.624275726998693,7.170994617815437e-38,4.624689646448694e-36,Downregulated
223749_at,2.9121740708510644,4.909925712539999,-1.9977516416889345,-17.05802996602681,7.556007142431561e-38,4.867154492967951e-36,Downregulated
238868_at,4.325872022,6.97415264818,-2.648280626179999,-17.6254004887537,7.605096728399548e-38,4.892915462125575e-36,Downregulated
217428_s_at,9.12014606519149,4.7805096011,4.339636464091489,17.02447345212416,7.633790908628303e-38,4.9055086954776816e-36,Upregulated
205730_s_at,5.468988279829787,7.89421951607,-2.4252312362402124,-17.14517273657746,7.869220456624662e-38,5.050762428162459e-36,Downregulated
206093_x_at,6.18618215981915,9.715312831519999,-3.529130671700848,-18.817634208085227,8.163737355813384e-38,5.233549194514644e-36,Downregulated
216061_x_at,5.09594967193617,6.47949845716,-1.3835487852238302,-16.212663486393563,8.393585696885879e-38,5.374492860627427e-36,Downregulated
205451_at,5.3615536937340424,6.3731095648,-1.0115558710659576,-16.23573838574916,8.63379069741138e-38,5.521724928073347e-36,Downregulated
230071_at,6.376553149223402,8.41392138856,-2.0373682393365984,-16.728529875873132,8.675015322616455e-38,5.536743226044199e-36,Downregulated
236335_at,6.76764866806383,9.646586928049999,-2.8789382599861684,-18.78740751235592,8.94662190842471e-38,5.701457416665064e-36,Downregulated
203562_at,6.701841851276594,9.8386999022,-3.136858050923406,-18.958765796474307,8.960539347168784e-38,5.703568867773021e-36,Downregulated
204467_s_at,3.7044596974999995,5.28535511746,-1.5808954199600005,-16.198471779468306,9.144230302193675e-38,5.813611950754006e-36,Downregulated
205588_s_at,6.060054586521276,4.66295138683,1.3971031996912764,17.394644221121787,9.188863632052745e-38,5.835091137114392e-36,Upregulated
212364_at,10.787192184297872,12.03194270731,-1.2447505230121276,-16.99177783207133,9.404204592314544e-38,5.964794200497997e-36,Downregulated
228213_at,4.415937122638298,5.992551992179999,-1.576614869541701,-17.594540408843603,9.67490296762827e-38,6.122050953139461e-36,Downregulated
1557094_at,4.85144890580851,8.070460359330001,-3.2190114535214907,-18.223488646594966,9.699781510853198e-38,6.130581061606934e-36,Downregulated
212397_at,10.815380071968084,11.982740115199999,-1.1673600432319144,-16.527784647837198,1.0120347477676699e-37,6.388885087257264e-36,Downregulated
209035_at,10.250972768840425,7.872770415260001,2.3782023535804244,18.094911875171967,1.038879653994491e-37,6.550666010521419e-36,Upregulated
225373_at,7.2986154146808495,9.078943974220001,-1.7803285595391518,-18.02887786256434,1.0452506290041864e-37,6.583120647730582e-36,Downregulated
204675_at,8.340447442925534,6.01458019353,2.325867249395534,18.633523334033452,1.0481234516147225e-37,6.593493329654908e-36,Upregulated
227517_s_at,10.444663026553192,7.914275857509999,2.530387169043193,16.90261877589804,1.2754837808680678e-37,8.014389093197418e-36,Upregulated
238495_at,3.161234556234042,4.5983546464,-1.437120090165958,-16.55491468984991,1.289711885537861e-37,8.094334127834235e-36,Downregulated
211066_x_at,7.7916310233936175,10.13545274318,-2.3438217197863827,-17.690623863899127,1.3145434497557374e-37,8.240563401930314e-36,Downregulated
204797_s_at,5.975500416478725,8.460595927870001,-2.4850955113912763,-18.044985537769787,1.3508596784702897e-37,8.458363057765193e-36,Downregulated
204368_at,7.763314410893616,10.472013274490001,-2.7086988635963847,-16.644888027132478,1.3964743911505431e-37,8.713546589608249e-36,Downregulated
241859_at,2.7472220665106377,4.11499570097,-1.367773634459362,-16.24509081764246,1.3949190154610375e-37,8.713546589608249e-36,Downregulated
232064_at,5.15517679762766,6.457752783550002,-1.302575985922342,-16.1477045523545,1.393376333884068e-37,8.713546589608249e-36,Downregulated
228692_at,4.9686157210106385,7.96225050902,-2.993634788009362,-18.82629499419223,1.4031494054650548e-37,8.745051439437247e-36,Downregulated
244293_at,3.182490228755319,4.67976214882,-1.497271920064681,-16.13736489578603,1.4883387843640481e-37,9.265253455532952e-36,Downregulated
213620_s_at,9.618587344074468,11.420938857519998,-1.8023515134455295,-18.042850114304017,1.6414869894662867e-37,1.0206823030685976e-35,Downregulated
229822_at,2.8661625303617018,4.345361393519999,-1.4791988631582975,-16.659622696802128,1.7161324101532607e-37,1.0658648708141256e-35,Downregulated
203764_at,6.350579152712766,2.65092019257,3.6996589601427656,18.436479194845393,1.773665645042194e-37,1.100327340071966e-35,Upregulated
230154_at,5.188653970563831,6.33113231156,-1.1424783409961696,-16.144059979171157,1.8856099963520988e-37,1.1684264892142164e-35,Downregulated
226769_at,6.683053984106383,10.08878721208,-3.4057332279736166,-16.883551581282283,1.891968119386704e-37,1.1710172297967004e-35,Downregulated
205717_x_at,6.86749780787234,9.260659648099999,-2.393161840227659,-17.289118336642407,1.9261217316655686e-37,1.1907860167743018e-35,Downregulated
205941_s_at,8.567460025797873,4.3653985914,4.202061434397873,16.908041106390282,1.944283846136702e-37,1.2006343392457938e-35,Upregulated
203803_at,9.51821273193617,11.06320812154,-1.5449953896038302,-16.245038804086153,1.9929974703188504e-37,1.229304609387267e-35,Downregulated
208639_x_at,11.298226339308512,10.24132335196,1.0569029873485114,17.171215118844934,2.02505921257222e-37,1.2476498832463853e-35,Upregulated
212726_at,7.98777809168085,9.04050099965,-1.0527229079691498,-16.434371045534636,2.129179242104056e-37,1.3102978800435783e-35,Downregulated
218574_s_at,7.893915108319149,10.09719089758,-2.203275789260852,-17.505562329119613,2.153898465770401e-37,1.323995232913449e-35,Downregulated
227078_at,3.765183974191489,4.982594109009999,-1.2174101348185098,-16.697235534463044,2.166698461446352e-37,1.3303429617277793e-35,Downregulated
212249_at,5.788077576170213,7.797206780290001,-2.0091292041197875,-16.26794547320619,2.1952361045735925e-37,1.3463280401436173e-35,Downregulated
243584_at,3.0792634484255315,5.28998428266,-2.2107208342344684,-18.211348279740864,2.3913145581163243e-37,1.4649116722419658e-35,Downregulated
214279_s_at,5.3819628165638305,8.469922227869999,-3.0879594113061684,-16.30486864212517,2.3991467345222454e-37,1.4680376139136916e-35,Downregulated
225459_at,3.631441364893617,5.277581179020001,-1.6461398141263843,-16.688681300737663,2.4019087782056143e-37,1.4680575630064452e-35,Downregulated
1559287_at,2.8587403922234036,5.0372635490099995,-2.178523156786596,-18.224729742668668,2.4610075068636895e-37,1.502471620478665e-35,Downregulated
35846_at,4.803696918829787,6.114251381170001,-1.3105544623402139,-16.729463887860234,2.5752313248051054e-37,1.570423945986025e-35,Downregulated
232086_at,3.488418693340426,4.79845176583,-1.3100330724895741,-17.06663463537102,2.5816009931690103e-37,1.5725253795989627e-35,Downregulated
1555234_a_at,4.16731228756383,6.252454464199999,-2.085142176636168,-17.244498237823837,2.7319390050898167e-37,1.6603397890142473e-35,Downregulated
208161_s_at,9.798892903478723,6.4310712405100015,3.367821662968722,17.79077973427434,2.7667091845986826e-37,1.6795735914540037e-35,Upregulated
203476_at,10.38747093370213,8.48900742797,1.8984635057321295,17.355965817654802,2.7865270563862166e-37,1.6896972294790197e-35,Upregulated
203718_at,7.406981956425532,9.340573495920001,-1.9335915394944694,-16.51869923799159,2.8930892170402877e-37,1.7523389259879382e-35,Downregulated
219888_at,6.973795025978722,4.096212589009999,2.877582436968723,16.493162202024344,2.905293612841329e-37,1.757751656471133e-35,Upregulated
217546_at,5.537412354691489,9.270329938889999,-3.7329175841985096,-16.186130436191114,2.95868257669048e-37,1.7880415850547659e-35,Downregulated
216504_s_at,4.047322917404255,6.50411568331,-2.456792765905745,-16.545274364437894,3.1600908829070045e-37,1.9076167028960288e-35,Downregulated
244745_at,5.2046508022446805,8.241387117070001,-3.036736314825321,-17.61919520868677,3.286371120053434e-37,1.981622837031323e-35,Downregulated
236927_at,3.3374656963723406,4.63797697462,-1.3005112782476593,-17.93710018838313,3.4149817461832083e-37,2.0568668331490486e-35,Downregulated
202095_s_at,6.782146449425533,2.9089238619099995,3.8732225875155337,18.01523484414149,3.5974313715127287e-37,2.1643338226866176e-35,Upregulated
205608_s_at,6.148949755638298,9.88659136782,-3.7376416121817018,-18.764992164783788,3.702859290263982e-37,2.2252736288954026e-35,Downregulated
236197_at,2.99569660288298,4.2474242564299995,-1.2517276535470194,-17.35466551225518,3.71010584744198e-37,2.2271401016798476e-35,Downregulated
203060_s_at,11.169127000595743,12.828101988999997,-1.6589749884042533,-18.117577249139472,3.7460067875308446e-37,2.2461841814284727e-35,Downregulated
228728_at,7.865088355063829,10.511837999229996,-2.6467496441661673,-18.5113955752168,3.849769619627172e-37,2.3058319461165597e-35,Downregulated
219990_at,5.443451209329788,2.2675061665099996,3.175945042819788,20.718934581785803,4.002595941140057e-37,2.3947010599572762e-35,Upregulated
213007_at,6.929093468351066,4.620224324899999,2.3088691434510675,17.62183143910735,4.048891436624448e-37,2.4197074978920283e-35,Upregulated
214660_at,6.806611562457446,9.09012244146,-2.283510879002554,-17.064463059886567,4.0997443656023655e-37,2.444665747763734e-35,Downregulated
204063_s_at,5.7820178732234035,7.223246431590001,-1.4412285583665971,-17.187258267202736,4.099480175220447e-37,2.444665747763734e-35,Downregulated
239109_at,3.1178153529255326,4.443597288239999,-1.3257819353144669,-16.310599700382365,4.134519960370224e-37,2.4626720995401207e-35,Downregulated
208670_s_at,8.89776572388298,9.974430808909998,-1.0766650850270185,-16.452524494214824,4.151051914835035e-37,2.469784051895102e-35,Downregulated
204152_s_at,4.326706070085106,6.18672321644,-1.8600171463548936,-15.987221644047933,4.2527962287993465e-37,2.5275237343889683e-35,Downregulated
240214_at,4.404977661,6.102918070419999,-1.6979404094199984,-16.64984626849457,4.259448191571766e-37,2.528683006974382e-35,Downregulated
208741_at,7.195592946904254,8.88289681199,-1.6873038650857453,-17.67828512160155,4.6238161724388785e-37,2.7419688715633685e-35,Downregulated
235606_at,4.4084050209893615,6.18294656965,-1.7745415486606388,-16.26384632559289,4.672906316461363e-37,2.768027964065979e-35,Downregulated
226150_at,10.35235909374468,8.44581090787,1.90654818587468,17.613550523506085,4.838775480111799e-37,2.863128470553281e-35,Upregulated
209866_s_at,2.8916386858404257,5.348344065419999,-2.4567053795795735,-15.956646357451962,4.847564542328195e-37,2.865176994216091e-35,Downregulated
1568678_s_at,6.813125726819147,5.379461579350001,1.4336641474691465,16.450768216243265,4.934477699081186e-37,2.913345966221522e-35,Upregulated
211343_s_at,6.536622554244682,9.038962134650001,-2.5023395804053195,-17.553475241171906,5.040061475688038e-37,2.972420466352597e-35,Downregulated
219167_at,5.820269249978724,8.467023781779998,-2.6467545318012746,-18.222726930040874,5.0863794589854816e-37,2.996451320711863e-35,Downregulated
227224_at,7.984433211063829,5.7141630775199985,2.2702701335438302,16.16916965357117,5.30015031706288e-37,3.1189702948965436e-35,Upregulated
203228_at,8.496833477744682,6.423062016380002,2.0737714613646796,18.636679572636087,5.4412626312611915e-37,3.198510949563e-35,Upregulated
219002_at,9.691141714670215,8.66361683681,1.0275248778602144,16.798132132703362,6.6038321961556415e-37,3.8776606823409095e-35,Upregulated
211696_x_at,9.386906342223405,13.1950859629,-3.8081796206765954,-17.56159211926422,6.829798161623131e-37,4.0059708170235743e-35,Downregulated
202870_s_at,6.758473059170214,3.0091017739600003,3.7493712852102137,18.893224531570905,7.157629613453369e-37,4.1936848190544974e-35,Upregulated
212308_at,6.480923409031916,7.633504793310001,-1.1525813842780854,-16.380634842843538,7.197737403067851e-37,4.2125952552927905e-35,Downregulated
206767_at,3.689933985053191,5.621694236300001,-1.9317602512468097,-16.368457100856336,7.444498770355733e-37,4.352280552851668e-35,Downregulated
210550_s_at,4.192618538542553,7.24539941544,-3.0527808768974465,-17.57704022041016,7.5181977208174465e-37,4.3905948166328683e-35,Downregulated
225098_at,8.969560755223403,10.02428726339,-1.0547265081665973,-16.20772188913027,7.730717877193428e-37,4.5098090210707776e-35,Downregulated
209402_s_at,5.702950319202128,6.940354742840001,-1.237404423637873,-17.108895607988707,8.037411021743254e-37,4.6793308289459084e-35,Downregulated
206049_at,5.464581525585107,7.9581619253600016,-2.4935803997748947,-16.69740983310707,8.038712092265682e-37,4.6793308289459084e-35,Downregulated
235570_at,7.262962847446809,9.86086624816,-2.597903400713192,-18.151612853165663,8.522337587530982e-37,4.955231704810159e-35,Downregulated
203040_s_at,7.784977299170211,6.22369348584,1.5612838133302107,17.012491451787337,8.53111322398804e-37,4.955231704810159e-35,Upregulated
212974_at,4.359970019978724,6.019037201309999,-1.6590671813312747,-15.943713027164367,8.892939187357781e-37,5.154263223396828e-35,Downregulated
238583_at,3.5837999881702136,5.2092430285299995,-1.625443040359786,-15.918768663913784,9.21328159221894e-37,5.33418260192775e-35,Downregulated
204223_at,7.677560206106384,10.386693392860002,-2.7091331867536175,-17.338518010156076,9.360195819414272e-37,5.413413896161463e-35,Downregulated
209002_s_at,7.686566463361702,9.03547653289,-1.3489100695282978,-16.365251832301215,9.787498439215732e-37,5.63629969006057e-35,Downregulated
233882_s_at,2.3384819328297874,4.75169192111,-2.4132099882802125,-18.270537072698886,1.0832209406689278e-36,6.231242942761385e-35,Downregulated
206499_s_at,7.442980206202128,5.801329932130001,1.641650274072127,16.354540969193803,1.0902917592696617e-36,6.265217154281841e-35,Upregulated
228278_at,6.192724249638298,7.826325930770001,-1.6336016811317036,-16.077790482435194,1.1128084916010694e-36,6.387782020197985e-35,Downregulated
201719_s_at,8.296381953531915,9.95356045304,-1.6571784995080847,-18.026555020569486,1.1476229679698237e-36,6.58060223403251e-35,Downregulated
212254_s_at,9.226559517042553,11.420304109820002,-2.193744592777449,-18.28141582474252,1.214598989600417e-36,6.9572333604524e-35,Downregulated
235666_at,6.761870808212764,10.057243416250001,-3.295372608037237,-18.922317230718626,1.2460955895567344e-36,7.122475810828748e-35,Downregulated
213058_at,7.2755110949468085,8.88459579297,-1.6090846980231914,-16.55953342992375,1.259260588730232e-36,7.174850638288587e-35,Downregulated
207668_x_at,11.378989725968085,10.31505269941,1.0639370265580848,16.84212137010261,1.2585642373943536e-36,7.174850638288587e-35,Upregulated
1562921_at,6.8732008701489375,9.453393300770001,-2.5801924306210635,-17.517015110079438,1.2573407684492213e-36,7.174850638288587e-35,Downregulated
202005_at,9.833481944957446,8.460744173459998,1.372737771497448,15.980582167435108,1.2760869092426236e-36,7.26302756619299e-35,Upregulated
228628_at,7.165763793829787,8.82055849447,-1.6547947006402124,-16.156228280359244,1.3207605674752318e-36,7.50934755626034e-35,Downregulated
229461_x_at,5.737066480851063,9.096014944590001,-3.3589484637389377,-17.732340502719087,1.3264696705083842e-36,7.533843473913829e-35,Downregulated
205407_at,7.459397648063828,9.95992193569,-2.5005242876261713,-18.439024126561794,1.4205199963179622e-36,8.051010381660476e-35,Downregulated
229531_at,6.3010765180851065,7.648480019179999,-1.3474035010948926,-16.209131718394158,1.4545861997424691e-36,8.235407719931415e-35,Downregulated
219125_s_at,9.290747906861702,7.69078018824,1.599967718621702,17.908222355710667,1.4837444372609553e-36,8.391659127499236e-35,Upregulated
212188_at,10.657062559680849,12.2799430911,-1.6228805314191508,-17.11528309955584,1.513489121862908e-36,8.55089557862588e-35,Downregulated
217791_s_at,9.042513865159574,7.59150827487,1.451005590289574,16.73744723984834,1.5175110617271415e-36,8.564622241978597e-35,Upregulated
225390_s_at,8.903765119031915,10.387746058309999,-1.4839809392780836,-16.613057880532935,1.5327582085996122e-36,8.641607233515591e-35,Downregulated
228153_at,9.406396161021275,11.367201884470001,-1.9608057234487255,-17.544801805103468,1.5571372449094556e-36,8.769862183738218e-35,Downregulated
225601_at,8.865096362351064,5.33419939171,3.530896970641064,18.406328923864677,1.5812568071152023e-36,8.896388977771786e-35,Upregulated
223672_at,3.6333990117021275,5.694396321599998,-2.060997309897871,-16.128856427390268,1.586418558690186e-36,8.916103301746118e-35,Downregulated
235471_at,4.904578168606384,6.918732466930001,-2.014154298323617,-17.191556149602313,1.5903161253067027e-36,8.928678822102954e-35,Downregulated
1554897_s_at,5.5202537258617035,2.7496358027900003,2.770617923071703,18.833710974630797,1.6358128815357163e-36,9.174539274898856e-35,Upregulated
218625_at,4.130069788829787,7.627929590880001,-3.497859802050214,-18.21721953910958,1.67057726159775e-36,9.359757145030894e-35,Downregulated
203661_s_at,4.040781428499999,6.19460910661,-2.1538276781100008,-15.964236406124094,1.70790241239053e-36,9.558921868141212e-35,Downregulated
200052_s_at,11.238986184882979,10.137674484089999,1.10131170079298,17.271220683896455,1.7158966177182126e-36,9.593681442888959e-35,Upregulated
225998_at,5.8471435997765955,7.753851444149999,-1.9067078443734031,-16.569748148987266,1.717963196156113e-36,9.595261523203811e-35,Downregulated
201548_s_at,8.414922324159573,7.02268824173,1.3922340824295727,17.082715584514805,1.743487735400565e-36,9.72772109297249e-35,Upregulated
201557_at,5.746447684989362,7.36475811477,-1.6183104297806379,-15.795878048823925,1.862795466497142e-36,1.0382623519276195e-34,Downregulated
209886_s_at,3.3144109554787238,5.789652587240002,-2.475241631761278,-18.404662877566892,1.8674377109241273e-36,1.0397723055876306e-34,Downregulated
225274_at,10.046271863106384,11.381730500279996,-1.3354586371736126,-16.083275824962303,1.914248941455276e-36,1.0647341630311631e-34,Downregulated
227095_at,10.936180939723403,12.041945239799997,-1.1057643000765935,-16.8600060719449,1.9210089632922424e-36,1.0673903729301296e-34,Downregulated
203571_s_at,8.46892887518085,12.3990466642,-3.9301177890191497,-18.808899946283994,1.9905406182843706e-36,1.104883567544305e-34,Downregulated
226188_at,8.08766341587234,10.38273986765,-2.2950764517776605,-17.24553794843955,2.0331154375458204e-36,1.1273520301426752e-34,Downregulated
206519_x_at,3.7156282319893617,5.805139827619999,-2.089511595630637,-15.832786621055973,2.0465262337708107e-36,1.1336195675550651e-34,Downregulated
209434_s_at,6.354793289872341,4.501386676399999,1.853406613472342,17.326801588520574,2.064577186502839e-36,1.1424418575436388e-34,Upregulated
202747_s_at,7.803771474978723,10.19352255752,-2.3897510825412764,-17.33067890300201,2.176451873852995e-36,1.2011824823310198e-34,Downregulated
227562_at,7.103073042085107,8.378073701160002,-1.2750006590748946,-17.09164881517364,2.1774307817512816e-36,1.2011824823310198e-34,Downregulated
219478_at,5.7572332718617005,9.41183934283,-3.654606070968299,-17.704408301197958,2.174045905335256e-36,1.2011824823310198e-34,Downregulated
218678_at,6.547110131787234,9.27486665146,-2.7277565196727656,-16.971543174751336,2.183112451368423e-36,1.2030828515297336e-34,Downregulated
219452_at,4.5853734768936185,7.0275699695,-2.4421964926063815,-17.483997214616505,2.1929082816169766e-36,1.2072442664795363e-34,Downregulated
227448_at,5.667991432223405,7.484945061720001,-1.816953629496596,-16.37768958788463,2.374106861688742e-36,1.3056616734436674e-34,Downregulated
219908_at,4.866578468989362,7.921788039880002,-3.05520957089064,-15.965335249408035,2.461930803187247e-36,1.3511980630635638e-34,Downregulated
223422_s_at,6.796284487500002,8.70683147845,-1.9105469909499986,-18.58829124274004,2.5547509871458698e-36,1.4007118918922299e-34,Downregulated
228042_at,5.923894761340424,7.653427687270002,-1.7295329259295773,-17.627774203782714,2.5635575887086393e-36,1.4041090475181557e-34,Downregulated
214043_at,4.988125781031915,7.5381003165100005,-2.5499745354780856,-16.914457365066596,2.7023472863816687e-36,1.4786210696370747e-34,Downregulated
241789_at,6.555645613425532,9.29454108658,-2.738895473154469,-18.242530683871752,2.7145224824552162e-36,1.483773437411954e-34,Downregulated
235759_at,4.558291468212766,7.075874723519999,-2.5175832553072333,-18.620236722355177,2.7407080684450377e-36,1.4965657276079674e-34,Downregulated
217525_at,5.6835758507978715,8.77024762525,-3.086671774452129,-18.104751241031373,2.8268869696728947e-36,1.5420582408805914e-34,Downregulated
208056_s_at,3.670136962436171,5.385729157029999,-1.7155921945938282,-15.938304933632436,2.8469879523798122e-36,1.5483123762052636e-34,Downregulated
1554547_at,6.206595358659572,9.213487905260001,-3.0068925466004286,-18.57353923692849,2.8428233630020124e-36,1.5483123762052636e-34,Downregulated
203799_at,10.68198736174468,12.419773724499999,-1.737786362755319,-18.534961429450536,2.8447081344480907e-36,1.5483123762052636e-34,Downregulated
226506_at,5.116459164851065,6.521664248819999,-1.4052050839689336,-15.834537752644113,2.940743929393002e-36,1.5976853837003235e-34,Downregulated
229449_at,4.876354985351063,6.6770840174799995,-1.8007290321289364,-15.701097897476513,2.9793723437695305e-36,1.6170385558222803e-34,Downregulated
216548_x_at,6.291736885287235,3.1674688935400006,3.1242679917472342,18.61627138466498,3.2878006265005345e-36,1.7826375453322354e-34,Upregulated
206542_s_at,9.736259430489362,11.1135594326,-1.3773000021106387,-17.93454474020937,3.3927473983988704e-36,1.8376869241720205e-34,Downregulated
207826_s_at,9.742507352723402,11.650690475599998,-1.9081831228765953,-16.9085907600524,3.44744284898662e-36,1.8654342160522571e-34,Downregulated
203527_s_at,3.8210713175,5.0570917916600004,-1.2360204741600005,-15.66750261524321,3.5563612926914995e-36,1.922436668228191e-34,Downregulated
244774_at,5.0906523578617024,8.011347955249999,-2.9206955973882964,-15.89160881241497,4.1166758449056626e-36,2.2230876204226504e-34,Downregulated
201496_x_at,5.722288219691491,9.315292114839998,-3.5930038951485077,-17.401601718140228,4.149487125537478e-36,2.238558821807009e-34,Downregulated
209655_s_at,7.482518477148935,10.17343738204,-2.6909189048910642,-17.791208412235232,4.315846086382562e-36,2.325972921865456e-34,Downregulated
236207_at,5.050198860202128,6.982371313049998,-1.9321724528478699,-15.73521418495217,4.338940310309601e-36,2.336078513816939e-34,Downregulated
224734_at,9.243077721244681,10.332726842590002,-1.089649121345321,-17.310047669444522,4.368305823784164e-36,2.3495369703805505e-34,Downregulated
208961_s_at,10.324893683414894,12.0043386515,-1.6794449680851056,-15.99454497330819,4.430620541708322e-36,2.3806728916715663e-34,Downregulated
218546_at,7.1790322703510645,9.821952673999998,-2.642920403648934,-17.394348360637657,4.472737352595384e-36,2.4009047030608316e-34,Downregulated
212902_at,7.880892572489361,6.04668495835,1.8342076141393608,16.073386401639024,4.486268269428406e-36,2.405766950543133e-34,Upregulated
238483_at,3.084760969095745,4.55384279156,-1.469081822464255,-16.293039240969204,4.505534633239412e-36,2.4136920894762452e-34,Downregulated
202655_at,10.11370950656383,8.93483353584,1.1788759707238299,16.967392088698453,4.6474612775273176e-36,2.4872472862993465e-34,Upregulated
226112_at,8.504018690095744,10.20254300035,-1.698524310254255,-17.69871221107797,4.7510236107409874e-36,2.5401446911263894e-34,Downregulated
236290_at,3.841541545521277,5.790374033580001,-1.948832488058724,-15.869981921944067,4.8018667178256265e-36,2.564778582770299e-34,Downregulated
213842_x_at,9.67378098588298,8.489511285579999,1.1842697003029805,16.40572562830239,4.9110153187678216e-36,2.6204749001512505e-34,Upregulated
222161_at,3.3103682982234037,4.68120658151,-1.370838283286596,-16.19217491619821,5.091861990342898e-36,2.714280366824411e-34,Downregulated
236264_at,2.454636629361702,4.655942314440001,-2.2013056850782986,-16.68541819463732,5.1947634482333476e-36,2.7663915527393944e-34,Downregulated
202067_s_at,6.85591186805319,9.1426615431,-2.286749675046809,-15.925944245953854,5.3414722494171816e-36,2.841705503532666e-34,Downregulated
201040_at,9.18108305130851,10.792827544160001,-1.611744492851491,-16.815923981262895,5.3596262625852554e-36,2.848546029243187e-34,Downregulated
214374_s_at,6.711346104659573,8.971083879560002,-2.2597377749004286,-16.379985710814623,5.4896824751869065e-36,2.9147883673287556e-34,Downregulated
203058_s_at,9.763942516212763,11.5844679701,-1.820525453887237,-17.250838357562067,5.653501096361468e-36,2.995854285407861e-34,Downregulated
226484_at,4.559637615968085,6.37698706434,-1.8173494483719148,-17.242477534764486,5.789471039284886e-36,3.0629832652955253e-34,Downregulated
217835_x_at,12.453819680851064,11.2792334048,1.1745862760510644,17.169021434483785,5.804109037908575e-36,3.0665992997342886e-34,Upregulated
203859_s_at,6.354051922234041,7.442945484119999,-1.0888935618859579,-15.602843791524965,5.86294394963895e-36,3.0946447818967675e-34,Downregulated
203853_s_at,7.79656159169149,9.06318505181,-1.2666234601185105,-16.97638822647669,6.205658376447842e-36,3.272328837604153e-34,Downregulated
229507_at,4.061709026297873,5.530897178180001,-1.4691881518821281,-15.582195200218141,6.702897233600001e-36,3.531067880572083e-34,Downregulated
32811_at,6.933058246446807,8.60641700307,-1.6733587566231929,-16.337431063009248,6.850424543715167e-36,3.6052537623117804e-34,Downregulated
214987_at,3.9383312582872336,4.95508713807,-1.016755879782766,-15.59995014243123,6.93828791559267e-36,3.6479252573613618e-34,Downregulated
242560_at,6.687538428031916,4.83812669563,1.849411732401916,16.90775534379574,7.072524323076227e-36,3.714871027743925e-34,Upregulated
218662_s_at,7.6410175433404275,4.927536390149999,2.713481153190428,16.677219960331005,7.085995886809713e-36,3.718315851394607e-34,Upregulated
230537_at,5.7752273136170205,7.9813818218299994,-2.206154508212979,-15.97555074187647,7.18132630573462e-36,3.764666829242127e-34,Downregulated
218542_at,5.906839863744679,2.88782892021,3.019010943534679,17.370595086968326,7.493120010011045e-36,3.920476195121148e-34,Upregulated
209635_at,7.947632292840427,6.396821073430001,1.5508112194104262,16.3869081917832,7.921623109160346e-36,4.140645486387739e-34,Upregulated
235556_at,6.290483781968087,7.862653914669998,-1.5721701327019115,-16.955794986677834,8.00435194535173e-36,4.1757718111802925e-34,Downregulated
213371_at,3.112913571755319,6.016196872780001,-2.903283301024682,-15.5668517933596,8.001192210425687e-36,4.1757718111802925e-34,Downregulated
200808_s_at,9.004256622744682,10.67854916817,-1.6742925454253186,-15.676068947159441,8.032701716979746e-36,4.18650091617706e-34,Downregulated
229367_s_at,7.208638052095742,9.833414800900002,-2.62477674880426,-16.479079166630683,8.056160360530742e-36,4.19466254744924e-34,Downregulated
228504_at,7.5288075098723395,11.285101041219997,-3.7562935313476578,-18.432135276350134,8.12199766689324e-36,4.224852674192648e-34,Downregulated
224605_at,10.257560569617024,11.495186289600001,-1.2376257199829777,-17.28529550912544,8.255854396228121e-36,4.2903322179277845e-34,Downregulated
204681_s_at,8.575863191212765,10.15093051914,-1.5750673279272345,-15.891099963041771,8.321353859779709e-36,4.32019631951845e-34,Downregulated
219282_s_at,6.5189815577234045,8.441725449849999,-1.9227438921265945,-16.650657527672198,8.467066331464665e-36,4.391606843820236e-34,Downregulated
201906_s_at,8.59926063611702,10.14337680692,-1.5441161708029796,-16.839853841995787,8.603563028132993e-36,4.458104441533345e-34,Downregulated
244317_at,5.089121383425532,7.670142289609999,-2.5810209061844676,-16.674951638555097,9.054549949077963e-36,4.687276453908636e-34,Downregulated
205632_s_at,6.316268086202127,9.440777970100001,-3.1245098838978738,-18.977256131388238,9.265718490730216e-36,4.791980141753994e-34,Downregulated
214767_s_at,2.9563710547021285,5.818986496219999,-2.8626154415178706,-16.734275169812122,9.515645846086747e-36,4.916508429179844e-34,Downregulated
241801_at,4.76225448512766,6.63683601544,-1.8745815303123399,-15.989336523956775,1.0345682393600514e-35,5.340238706546998e-34,Downregulated
212541_at,7.973592504595745,6.6974660657700005,1.2761264388257443,18.32287005386336,1.0454906609515684e-35,5.391443977942575e-34,Upregulated
212425_at,3.6800812125000006,5.302076587040001,-1.6219953745400004,-16.00140848674318,1.0744887463640675e-35,5.535675451335032e-34,Downregulated
217850_at,9.996085561914892,8.95250557007,1.0435799918448918,16.711723041672396,1.1018650062245032e-35,5.671283370793409e-34,Upregulated
219247_s_at,5.832023310904254,7.490702280500001,-1.658678969595747,-16.752376793789864,1.1052796594763278e-35,5.683419862771871e-34,Downregulated
213237_at,6.763754556489362,5.42894428054,1.334810275949362,15.889621529444046,1.1142328381007335e-35,5.723985427897426e-34,Upregulated
204444_at,6.517529774787235,3.61867564421,2.898854130577235,16.597344766371453,1.1978732711960055e-35,6.147787382113393e-34,Upregulated
208658_at,8.704689584648936,7.0123729070800005,1.6923166775689351,17.070992213322096,1.2100599136876643e-35,6.204412060782146e-34,Upregulated
205792_at,5.1756981959255315,9.009845303430001,-3.83414710750447,-17.1090764676208,1.2380657592828685e-35,6.3419623741703205e-34,Downregulated
219451_at,7.21360242556383,8.61782600065,-1.4042235750861698,-16.0931549543264,1.2425545018761433e-35,6.35889975622362e-34,Downregulated
218755_at,5.758589134436169,3.0352725538400005,2.723316580596168,17.062404724345914,1.2743786399483494e-35,6.515563643370904e-34,Upregulated
212494_at,7.613936286031915,9.52361803414,-1.9096817481080848,-16.41460612167818,1.291554336273993e-35,6.597107457818897e-34,Downregulated
212240_s_at,9.090085438787236,10.53090713245,-1.4408216936627642,-15.783537666056171,1.3318939154583144e-35,6.796702669529498e-34,Downregulated
226186_at,5.3050466045212765,7.02627936774,-1.7212327632187234,-16.44768624889524,1.3544586360638105e-35,6.898760624936375e-34,Downregulated
211048_s_at,10.15195077443617,8.67835629445,1.4735944799861702,16.699601989422494,1.353201991235314e-35,6.898760624936375e-34,Upregulated
210778_s_at,6.991484431765959,8.203649151020002,-1.2121647192540435,-15.519679991395693,1.402614861961057e-35,7.13727937232142e-34,Downregulated
215454_x_at,7.9318083455531925,12.969575925200001,-5.037767579646808,-19.639968317720545,1.4104535507758816e-35,7.170383240267633e-34,Downregulated
227731_at,7.279328565180851,8.33696621821,-1.0576376530291487,-16.21986237547072,1.4185943183315453e-35,7.204958829629886e-34,Downregulated
225080_at,8.469058208936168,9.72496717745,-1.2559089685138325,-15.52895037790892,1.475048842226951e-35,7.47936572663039e-34,Downregulated
226795_at,7.279114154425532,8.65889835953,-1.3797842051044675,-16.76038978811799,1.4754038292408514e-35,7.47936572663039e-34,Downregulated
209337_at,9.688095879553192,10.728218155949998,-1.040122276396806,-16.370872157587957,1.4949159972175188e-35,7.5711442397685e-34,Downregulated
229705_at,4.201998791648935,5.92601222972,-1.724013438071065,-15.78379304339711,1.5037281582890834e-35,7.608609851527435e-34,Downregulated
217504_at,4.856627397968086,7.43617741079,-2.5795500128219144,-17.339084497735804,1.5469323174579251e-35,7.819859175450373e-34,Downregulated
235043_at,4.027394294510639,5.2762926527700005,-1.2488983582593614,-15.861269723960573,1.5551987561630212e-35,7.849563219658275e-34,Downregulated
225571_at,7.955996065265958,10.79371742188,-2.8377213566140425,-16.492579985051023,1.5557272138020527e-35,7.849563219658275e-34,Downregulated
226682_at,8.701828834074469,10.229097913309998,-1.5272690792355288,-16.78149831204699,1.5659951336634764e-35,7.89396572251394e-34,Downregulated
204466_s_at,4.433665848457447,6.8822002846000006,-2.4485344361425536,-16.332666655891597,1.5826181114944708e-35,7.962834213736353e-34,Downregulated
218127_at,8.46860534156383,9.6178520942,-1.14924675263617,-15.932933087908452,1.606822242781873e-35,8.077059920585592e-34,Downregulated
200910_at,11.880608838723402,10.817962329600002,1.0626465091234003,18.13455676331186,1.6262161704824372e-35,8.166915307709465e-34,Upregulated
221867_at,5.385187387829786,6.942246995140001,-1.5570596073102152,-15.869486459881363,1.6463579906296618e-35,8.2603554929111e-34,Downregulated
207864_at,2.994087558234043,5.768334340710001,-2.774246782475958,-17.579329335130627,1.65114649019165e-35,8.276660309547817e-34,Downregulated
204500_s_at,8.315282966489361,9.47263685438,-1.157353887890638,-16.31823883035024,1.665587191560556e-35,8.341273061943767e-34,Downregulated
229490_s_at,7.363942849117021,3.9518059938900008,3.41213685522702,17.797784052857537,1.7213231282607064e-35,8.604376001545571e-34,Upregulated
228224_at,6.963899568691489,9.6874211113,-2.7235215426085118,-16.562204288505676,1.7500810078753287e-35,8.740005300796883e-34,Downregulated
201061_s_at,11.760502979478723,13.225260642799999,-1.4647576633212758,-18.76977912326564,1.8583218348558882e-35,9.271957162296736e-34,Downregulated
224448_s_at,10.254004666191488,8.550915976360002,1.7030886898314854,16.852728858887115,1.8869302658044264e-35,9.405971388003417e-34,Upregulated
203324_s_at,11.345929718159574,13.756603873000001,-2.410674154840427,-17.98961353905008,1.8887837046695718e-35,9.406492624014592e-34,Downregulated
218128_at,8.61788736012766,9.64174694061,-1.0238595804823394,-15.644069351619326,1.897162307196721e-35,9.439479357528476e-34,Downregulated
229634_at,3.8575115092021277,6.182705369740002,-2.325193860537874,-16.026514420155838,1.9368892642533213e-35,9.62823715038162e-34,Downregulated
229308_at,6.6426087500425535,9.918290170879999,-3.2756814208374454,-17.940129378195547,2.0203539157988045e-35,1.0033864793643076e-33,Downregulated
219355_at,3.5962145075319154,5.67213147135,-2.0759169638180848,-15.577709678044016,2.0771714421229094e-35,1.0306526124171846e-33,Downregulated
218593_at,8.345057544404256,7.19641895106,1.1486385933442556,16.829376731901036,2.209001774179675e-35,1.095054096092424e-33,Upregulated
211986_at,10.428733412595744,12.422160975599997,-1.9934275630042535,-17.75980627940381,2.22486845345639e-35,1.1004433415268886e-33,Downregulated
217707_x_at,8.550810453127658,9.70653764337,-1.1557271902423416,-16.90549988252652,2.2248463216492455e-35,1.1004433415268886e-33,Downregulated
202871_at,8.24911906338298,6.536517365540001,1.7126016978429783,15.845014690410602,2.2260111471038092e-35,1.1004433415268886e-33,Upregulated
203910_at,10.125078651574468,11.8423055705,-1.7172269189255331,-16.68002659458354,2.3369397182184326e-35,1.1542207500835317e-33,Downregulated
209317_at,8.12848617206383,6.87390866501,1.2545775070538303,16.590875516881592,2.360125109113636e-35,1.164602652465927e-33,Upregulated
232201_at,5.68611783612766,7.16781826006,-1.48170042393234,-15.771613128408333,2.419563037887702e-35,1.19283792443472e-33,Downregulated
209821_at,7.80354481594681,10.744687513830002,-2.9411426978831914,-17.70562477293627,2.450690755803074e-35,1.2070774083482064e-33,Downregulated
202177_at,7.744930542851064,10.182345809170002,-2.437415266318938,-17.997870389528178,2.482611381908126e-35,1.2216810227567288e-33,Downregulated
228554_at,3.916479735702129,6.9404030588499985,-3.0239233231478697,-16.724194814672884,2.49519804590606e-35,1.22563216527035e-33,Downregulated
241401_at,4.320342676180852,6.40014002744,-2.079797351259148,-15.527292562050524,2.5300099665690206e-35,1.2415977742872386e-33,Downregulated
55583_at,6.659487437595745,7.82157926117,-1.1620918235742552,-15.382824590685557,2.858657934673015e-35,1.4016023306683937e-33,Downregulated
218594_at,8.77717512142553,7.582917112930001,1.19425800849553,16.771661821198204,2.948712294300998e-35,1.4444393393558604e-33,Upregulated
227827_at,5.640296285787235,9.04392903335,-3.4036327475627655,-17.078843725456615,2.9716459800206934e-35,1.454348959794295e-33,Downregulated
206618_at,4.475471997989362,6.754928266009999,-2.2794562680206374,-15.39986846813053,3.0329144028285615e-35,1.4829848551867e-33,Downregulated
231411_at,5.933428788702127,8.1657124383,-2.232283649597873,-16.969387382739434,3.122356768927219e-35,1.5253322540737458e-33,Downregulated
215016_x_at,9.571126647478723,11.621661926789997,-2.0505352793112746,-17.730458731910606,3.2656946373914006e-35,1.59390791076891e-33,Downregulated
214135_at,7.664485759010638,12.859248233099997,-5.194762474089359,-19.272058415992998,3.2775963162106425e-35,1.5982665046573492e-33,Downregulated
227047_x_at,7.486184461734042,8.65788030477,-1.171695843035958,-15.618917255200813,3.3450921132518355e-35,1.62970221379858e-33,Downregulated
221923_s_at,10.698747111319147,9.457981628330002,1.2407654829891452,16.633650539761266,3.4050854945383284e-35,1.6574292163731992e-33,Upregulated
207526_s_at,3.0233111881170207,7.6035303685999995,-4.580219180482979,-16.270030606882173,3.5270881978368144e-35,1.715261897005885e-33,Downregulated
1554079_at,6.519175396489359,8.77322185049,-2.2540464540006404,-16.782637192892533,3.805549620197389e-35,1.8490089599994287e-33,Downregulated
213067_at,6.35555439262766,8.86359129029,-2.5080368976623397,-15.340129815172261,3.9262668500378016e-35,1.9059403320950648e-33,Downregulated
231887_s_at,4.084586202,5.684769693010001,-1.600183491010001,-15.323054009069093,3.936774380222795e-35,1.909317825199849e-33,Downregulated
204557_s_at,4.72146530943617,6.827310740120001,-2.1058454306838303,-17.1333872632931,4.0168258024085213e-35,1.9463873207958985e-33,Downregulated
1554408_a_at,6.826330285329788,4.381545366619999,2.4447849187097885,16.80030685859879,4.1794271864474984e-35,2.023354371289515e-33,Upregulated
203188_at,7.700544682840426,8.984216681939998,-1.283671999099572,-15.664683800152755,4.2340881092905085e-35,2.047973588545857e-33,Downregulated
228729_at,6.9820176415000015,3.8749170023000006,3.107100639200001,17.231849598880917,4.348700201402672e-35,2.1015201170947357e-33,Upregulated
236396_at,2.8502610670531916,4.553599896980001,-1.703338829926809,-15.314359864799687,4.435385060253819e-35,2.14148672217964e-33,Downregulated
1559477_s_at,4.674474040595745,7.129389752230001,-2.454915711634256,-16.519144845205552,4.475898017902998e-35,2.159108975703414e-33,Downregulated
219862_s_at,10.000426160851063,8.714245319719998,1.2861808411310651,17.88887183040122,4.483954061945437e-35,2.161056928098542e-33,Upregulated
1554260_a_at,6.968018368638298,8.05066530981,-1.082646941171702,-15.643661386841428,4.5493846406867694e-35,2.1906284895611332e-33,Downregulated
227554_at,6.1069951333617025,8.405711238030001,-2.2987161046682987,-17.46323670174741,4.845101610919683e-35,2.3309359145342227e-33,Downregulated
232027_at,2.3513246590744674,4.20861980041,-1.8572951413355328,-17.27217585712502,5.306592657156598e-35,2.5483963630162925e-33,Downregulated
214291_at,6.401481003117022,3.9837064829399993,2.4177745201770224,15.732942081749403,5.355627127665441e-35,2.5696499615398158e-33,Upregulated
236657_at,3.792259168361702,5.5194488244,-1.7271896560382984,-15.496191133645407,5.439336443017561e-35,2.607487967238347e-33,Downregulated
220736_at,3.0351487886063824,5.46196966796,-2.4268208793536177,-16.299960481406085,5.461903598384745e-35,2.6159745943252172e-33,Downregulated
201736_s_at,10.273226115946807,8.89229322817,1.3809328877768063,17.226884136758528,5.691083832506306e-35,2.723315258142208e-33,Upregulated
205638_at,2.4215072499361705,4.398290830970001,-1.9767835810338301,-16.66388538176995,5.824707229109361e-35,2.782306421180072e-33,Downregulated
222486_s_at,6.1410842850957446,9.11090494898,-2.9698206638842555,-15.735791286990514,6.103012094038406e-35,2.912658460425463e-33,Downregulated
230130_at,8.037950128606383,10.911279786349999,-2.873329657743616,-17.035894788681517,6.197663020152077e-35,2.9552083617189684e-33,Downregulated
242051_at,3.7122245681382977,5.655794262349999,-1.9435696942117011,-15.823545199877747,6.374441941166191e-35,3.0368089835922476e-33,Downregulated
244647_at,5.088936619734041,6.391682223359998,-1.302745603625957,-15.804884871091396,6.471338571482483e-35,3.080242623059795e-33,Downregulated
244780_at,8.850409531212765,5.3235851107,3.5268244205127655,15.689500439916024,6.496975726569263e-35,3.089711197429305e-33,Upregulated
226607_at,7.866541481606384,9.10184980172,-1.2353083201136164,-17.25425800632467,6.564566050713224e-35,3.119096727947539e-33,Downregulated
208438_s_at,7.095601328340425,9.09201549016,-1.9964141618195743,-15.921353532471864,6.705982198183337e-35,3.183477127197608e-33,Downregulated
209446_s_at,5.964809365148937,3.41010320925,2.554706155898937,16.03215425852855,6.721046382931737e-35,3.18781482144944e-33,Upregulated
224233_s_at,6.74889121287234,5.40020492477,1.34868628810234,17.190555442897637,6.978868572476643e-35,3.3042731077396894e-33,Upregulated
233588_x_at,7.885331676765957,6.733674936040001,1.1516567407259561,15.759767495592135,7.028569041254003e-35,3.324877875575091e-33,Upregulated
226397_s_at,6.28035365317021,8.56299776515,-2.2826441119797893,-17.668785143856656,7.148621873768902e-35,3.378697505294676e-33,Downregulated
227371_at,7.8093522805,5.938004066199999,1.871348214300001,16.72332334579755,7.238052112166627e-35,3.417961992142179e-33,Upregulated
218605_at,10.042154485234041,8.708201719149999,1.3339527660840425,16.63604664038133,7.377885343037731e-35,3.4809380794791874e-33,Upregulated
200672_x_at,7.141002936648936,9.198540895019999,-2.0575379583710633,-15.253787209166049,7.477470683701407e-35,3.5248311848690964e-33,Downregulated
228006_at,7.638173363712767,8.897448725659999,-1.2592753619472319,-16.632841224506063,7.518520688460441e-35,3.5410784041115e-33,Downregulated
204580_at,9.016599493404255,3.2649038278300004,5.751695665574255,16.718033578395175,7.525574141703478e-35,3.541299481939311e-33,Upregulated
209873_s_at,7.881343601425532,6.317500758490001,1.5638428429355304,17.02936445642224,7.738655400765757e-35,3.6383856589649215e-33,Upregulated
229302_at,4.960071146936171,7.876987514739999,-2.916916367803828,-16.075491654782375,7.787896672536463e-35,3.658338955712194e-33,Downregulated
203766_s_at,5.309490050319149,8.6977942085,-3.3883041581808504,-17.20133473119798,7.913100865688033e-35,3.713909626194559e-33,Downregulated
225720_at,4.968581083914893,8.34335173751,-3.3747706535951068,-17.024895109257827,8.10353916356351e-35,3.7999734738572535e-33,Downregulated
202589_at,9.955962072659576,7.719224743679999,2.2367373289795767,15.366920499805435,8.171899604675545e-35,3.8286915691383176e-33,Upregulated
1552797_s_at,8.170484298776595,5.4011325778999995,2.769351720876595,16.11908143924639,8.674146390360629e-35,4.0604668211656814e-33,Upregulated
209683_at,7.104414216478724,8.708184051970001,-1.6037698354912768,-16.795367632253093,8.845626314266737e-35,4.137137886427398e-33,Downregulated
228218_at,5.6858883713085095,8.468612516190001,-2.7827241448814917,-16.920488846705947,9.161487136541927e-35,4.281144631850947e-33,Downregulated
203542_s_at,7.403192430638297,9.431215037030002,-2.028022606391705,-15.39042382410745,9.216063941430215e-35,4.302909853765326e-33,Downregulated
221521_s_at,7.183559726585106,4.45241641834,2.7311433082451053,16.487501276381515,9.417639938327999e-35,4.393210596035644e-33,Upregulated
225166_at,7.8416000210638295,9.205058707260001,-1.3634586861961715,-16.289056937690642,9.443991274006313e-35,4.401685569009563e-33,Downregulated
235867_at,4.438478777276596,6.608011944100001,-2.1695331668234052,-15.845602104275871,9.79983092757859e-35,4.563581872473958e-33,Downregulated
215306_at,4.445730952808511,6.607833106110002,-2.1621021533014906,-15.343212301385849,9.922642241004416e-35,4.616775394244494e-33,Downregulated
215706_x_at,8.574349383414894,10.217521198550001,-1.6431718151351067,-15.45787251584424,9.952908658858295e-35,4.6268551869088355e-33,Downregulated
222423_at,9.770684802468084,10.870452753989998,-1.0997679515219136,-16.34209406480476,1.0289264035875965e-34,4.779087698045118e-33,Downregulated
225939_at,5.102663779606384,6.9124218526300005,-1.809758073023617,-16.39919380602469,1.1286580703077753e-34,5.233276118066724e-33,Downregulated
212609_s_at,7.601860488436172,9.08169451499,-1.479834026553828,-16.369127513965115,1.1360678832227958e-34,5.2630962245496384e-33,Downregulated
213811_x_at,8.545539789872342,7.371958117299999,1.1735816725723422,17.050348154672225,1.1595926558178927e-34,5.3674570211550066e-33,Upregulated
235209_at,4.658126398542554,6.617615020430001,-1.9594886218874468,-15.265685898960196,1.175921842688986e-34,5.438360466970749e-33,Downregulated
227801_at,7.249288834893618,5.28607441961,1.963214415283618,16.258623233551884,1.199520631496492e-34,5.5427333922397176e-33,Upregulated
205756_s_at,6.749021402255319,9.0793824198,-2.330361017544681,-15.202684981630423,1.209414413392605e-34,5.5836535312218585e-33,Downregulated
205442_at,4.6054919865,7.651521593499999,-3.0460296069999995,-16.09711455262495,1.2716390436158826e-34,5.8658985934754605e-33,Downregulated
1555832_s_at,11.06954777681915,12.533469382399998,-1.4639216055808486,-15.545669050256482,1.3139040080248068e-34,6.0556676071655744e-33,Downregulated
217853_at,10.927057236414894,11.981910663699999,-1.0548534272851047,-15.493136954935741,1.363144608874152e-34,6.27723424083092e-33,Downregulated
213427_at,7.045678188414893,5.096802766850001,1.9488754215648925,15.672085998982057,1.3684897281784763e-34,6.29645752949594e-33,Upregulated
201391_at,9.19610457969149,8.00104099683,1.19506358286149,17.200399540961328,1.3837885437017317e-34,6.361406035174473e-33,Upregulated
218934_s_at,3.7975972546063836,5.73327207495,-1.9356748203436167,-15.362837875034437,1.4247736797108248e-34,6.544225203836586e-33,Downregulated
219054_at,6.674893613648937,9.159646228869999,-2.484752615221062,-15.368790239563644,1.4374091840634382e-34,6.596628871504785e-33,Downregulated
219743_at,4.1295822502340425,6.291779405550001,-2.1621971553159582,-15.184993856463,1.4599499188353647e-34,6.69436200634944e-33,Downregulated
218864_at,5.5058136438297876,7.272037993579999,-1.7662243497502113,-16.053244445237194,1.490932955639497e-34,6.830606469508176e-33,Downregulated
204790_at,7.459526838404256,8.988255680169999,-1.5287288417657434,-15.404445982755249,1.5425467513679519e-34,7.055052684445295e-33,Downregulated
224609_at,8.265006314553192,9.422433007659999,-1.1574266931068067,-15.195978040125823,1.5639452915453846e-34,7.146844643250642e-33,Downregulated
218469_at,8.664269653223405,3.72004849315,4.944221160073405,15.829425258219151,1.6012327713683284e-34,7.311027660510773e-33,Upregulated
202954_at,8.508942211914892,4.924152176760001,3.5847900351548914,17.853446935798072,1.6630565497794637e-34,7.586866801224617e-33,Upregulated
213075_at,5.919876450925531,8.573503057359998,-2.653626606434467,-15.572125005834465,1.6963890499809148e-34,7.732371308667244e-33,Downregulated
1560296_at,6.2806326293191495,7.699613460409999,-1.4189808310908498,-15.525865927120355,1.716393768882448e-34,7.816931012117812e-33,Downregulated
223880_x_at,12.09409456638298,10.9453057313,1.1487888350829802,16.46633312862558,1.721970621288315e-34,7.83569474083023e-33,Upregulated
227983_at,8.491891955351065,9.77957205432,-1.287680098968936,-17.87296406350796,1.7701628529413752e-34,8.041383379079798e-33,Downregulated
210776_x_at,8.545702507957447,7.33978318993,1.2059193180274468,16.75949866299593,1.7805226711129067e-34,8.07762678205085e-33,Upregulated
229620_at,5.304042516021276,7.8477758164900004,-2.543733300468724,-17.480047409739438,1.781144789259716e-34,8.07762678205085e-33,Downregulated
209735_at,4.547625603851064,6.76896076373,-2.2213351598789357,-15.127800669526026,1.798049616839225e-34,8.14742179370805e-33,Downregulated
209121_x_at,7.745882775202126,9.38497662282,-1.6390938476178736,-15.789628765341481,1.8087724316501102e-34,8.189110606795692e-33,Downregulated
236344_at,3.027838579989361,4.71102669361,-1.683188113620639,-15.257976244831235,1.8701906322784151e-34,8.46005663143203e-33,Downregulated
218009_s_at,7.60281162301064,4.847235960090001,2.7555756629206396,16.327859608967888,1.8829937772343274e-34,8.510815403556768e-33,Upregulated
224780_at,8.38813409024468,9.45800708596,-1.0698729957153201,-15.62889709557242,1.8889345058513554e-34,8.523341554674581e-33,Downregulated
201761_at,11.166670092585104,9.52476799105,1.6419021015351039,15.428686383908476,1.8883642933943429e-34,8.523341554674581e-33,Upregulated
207155_at,4.119338995138299,5.83900390336,-1.7196649082217013,-15.210814059756146,1.956272829352897e-34,8.819789639528493e-33,Downregulated
228255_at,4.701408369946808,6.92553711797,-2.224128748023192,-15.763890399028126,1.9645605464030208e-34,8.849736478126707e-33,Downregulated
212115_at,9.887737865382977,8.56121527904,1.3265225863429766,16.177672772549435,2.0191165291600947e-34,9.072698549490797e-33,Upregulated
208787_at,12.087614314255315,11.043056972110001,1.044557342145314,16.86628991569078,2.056576165566998e-34,9.233305980065655e-33,Upregulated
209433_s_at,7.219512555755319,5.02055950257,2.1989530531853188,15.749654821265205,2.227933787164511e-34,9.99429913898502e-33,Upregulated
226632_at,6.308734610255321,8.565856948430001,-2.25712233817468,-16.24974460951947,2.3417081741976074e-34,1.0495926321449376e-32,Downregulated
226069_at,5.997895826202128,8.196789990609998,-2.1988941644078706,-16.146748640205555,2.437278552578324e-34,1.091519269183828e-32,Downregulated
235787_at,4.922103932734043,6.09938552655,-1.177281593815957,-15.116566065632078,2.509293990477823e-34,1.1228359947740446e-32,Downregulated
222029_x_at,8.613188982659572,7.498167645370001,1.1150213372895719,15.879096690363843,2.5260858636258913e-34,1.1294102598585387e-32,Upregulated
214761_at,6.024450417829788,8.134426793509999,-2.10997637568021,-15.989819808487487,2.568658174878648e-34,1.1474904368274333e-32,Downregulated
204773_at,5.706009534053191,7.139625170670001,-1.4336156366168105,-15.595540234578415,2.8935493239335655e-34,1.2915555513451515e-32,Downregulated
204236_at,8.383361201106384,10.121983770850001,-1.738622569743617,-16.791057734375137,2.9886603072325466e-34,1.3329028464743762e-32,Downregulated
219836_at,3.636636075319149,6.900594177580001,-3.2639581022608524,-15.0376867050944,3.0003850344810673e-34,1.3370232764258384e-32,Downregulated
213730_x_at,7.428975455468085,6.3456938241500005,1.0832816313180844,16.428102044341472,3.00914739707559e-34,1.339817896515792e-32,Upregulated
201897_s_at,10.586937955223403,8.97144777178,1.615490183443404,16.66789100084064,3.045861998910643e-34,1.3550432876212395e-32,Upregulated
222407_s_at,8.19819526888298,9.489881928139999,-1.291686659257019,-15.795752862133774,3.098033503301981e-34,1.3771142975917384e-32,Downregulated
210358_x_at,4.5837688269893615,5.692932163729999,-1.1091633367406377,-17.186861635018754,3.1288549766050687e-34,1.389666339980844e-32,Downregulated
209763_at,7.879356428712764,11.503669663230001,-3.6243132345172366,-17.8196933358171,3.291277218757341e-34,1.460599310957775e-32,Downregulated
202575_at,8.62343685780851,4.25873792721,4.36469893059851,16.524300327941358,3.3556289258656477e-34,1.4879295746628995e-32,Upregulated
239064_at,4.229169624638297,5.772430230099999,-1.5432606054617013,-15.337930238979025,3.4336764322028986e-34,1.5212827066100915e-32,Downregulated
221841_s_at,10.286869166329787,12.7250955045,-2.438226338170214,-16.185158936108813,3.624569407924805e-34,1.6032162020941081e-32,Downregulated
224695_at,9.094409155021276,8.01473487464,1.0796742803812762,17.617120779089046,3.769173778236023e-34,1.6658075664437367e-32,Upregulated
211355_x_at,3.999921401829787,6.986352748639999,-2.986431346810212,-15.66668896158483,3.939135183365499e-34,1.738066652768636e-32,Downregulated
226377_at,7.454118293127659,8.88876275626,-1.434644463132341,-15.08439863535017,4.034485574433654e-34,1.7786790254630205e-32,Downregulated
206364_at,5.898624093425533,2.8417455394200006,3.0568785540055323,17.340451226647495,4.078825164216089e-34,1.7967542201681125e-32,Upregulated
214326_x_at,5.613159595638298,7.83318506743,-2.2200254717917014,-15.071589829408838,4.216813722983331e-34,1.8560191727036125e-32,Downregulated
204310_s_at,4.567361830382978,5.611902291810001,-1.0445404614270224,-15.030762842239138,4.275930636246058e-34,1.878964094780478e-32,Downregulated
210619_s_at,4.792074322255319,8.66627464742,-3.874200325164681,-17.8254607128045,4.348988216037583e-34,1.9095075933697752e-32,Downregulated
224818_at,9.038902814063832,10.34184209816,-1.302939284096169,-16.388649834273647,4.380560998414299e-34,1.9218014181134703e-32,Downregulated
235658_at,3.9793745067340422,5.63336167449,-1.6539871677559574,-15.640990365196027,4.408896070699657e-34,1.9326559417983027e-32,Downregulated
226933_s_at,4.509393961425531,7.172951833850001,-2.6635578724244695,-16.019390787853748,4.445415793699264e-34,1.9470776374585392e-32,Downregulated
224863_at,6.562417508404254,8.044942061279999,-1.482524552875745,-15.603950912777785,4.464546956746499e-34,1.953865928523736e-32,Downregulated
210547_x_at,7.71429374192553,6.382105422550001,1.332188319375529,16.20398822706458,4.5304169309618e-34,1.981081341859442e-32,Upregulated
208960_s_at,9.301690717170212,11.162115724180001,-1.8604250070097894,-15.280863631168577,4.549915473556524e-34,1.987991500087012e-32,Downregulated
203735_x_at,8.068802163414894,9.5391228471,-1.470320683685106,-15.95047892351168,4.675487478373398e-34,2.0411994278554514e-32,Downregulated
224511_s_at,11.942641174468086,10.345406827249999,1.5972343472180874,16.538833449477128,4.8071645035042e-34,2.0969841847970551e-32,Upregulated
236632_at,4.850469288180852,7.458396808499999,-2.607927520319147,-16.152558103116526,4.855382609400296e-34,2.116301531841202e-32,Downregulated
227826_s_at,5.332553785893617,8.781121704450001,-3.4485679185563844,-16.62511573580591,4.86710279644669e-34,2.119692234896208e-32,Downregulated
243041_s_at,5.393925138085106,7.659703810259999,-2.2657786721748927,-15.919512548325628,4.9153315901220985e-34,2.1389646028018378e-32,Downregulated
223278_at,7.815574801063829,3.2438952298599997,4.57167957120383,16.64731719737651,4.988805053185746e-34,2.1691824461653074e-32,Upregulated
226402_at,6.871442208308512,8.58772172205,-1.7162795137414886,-16.54981793230167,5.2194072680005236e-34,2.265787242265344e-32,Downregulated
226873_at,8.36429858988298,9.69468677893,-1.3303881890470208,-15.539812399797595,5.393604259272345e-34,2.339519344267922e-32,Downregulated
231849_at,7.295955819436171,4.49258202402,2.803373795416171,16.17854902801208,5.503114196690679e-34,2.3850966976889998e-32,Upregulated
215184_at,5.592107372212765,7.8403328733799995,-2.2482255011672345,-16.135934557070556,5.610752823752312e-34,2.4297902687467138e-32,Downregulated
218498_s_at,8.320170089744684,6.193413661089998,2.1267564286546854,16.35845960457595,5.616283498023576e-34,2.4302286743740633e-32,Upregulated
217757_at,12.940082626042555,14.547564962300001,-1.607482336257446,-18.193073166004616,5.813129489905945e-34,2.5121980550733136e-32,Downregulated
215870_s_at,3.5523819689255327,5.17274811163,-1.620366142704467,-14.962196871158188,5.815057038200044e-34,2.5121980550733136e-32,Downregulated
209292_at,6.8288241314042555,10.2178123606,-3.3889882291957445,-17.635435744530223,5.905731232696303e-34,2.5493231146212147e-32,Downregulated
212985_at,7.50059708725532,8.9259756687,-1.4253785814446793,-16.366153602907264,5.959423117037322e-34,2.5704373037126655e-32,Downregulated
227181_at,5.452220112755319,7.269203223059999,-1.8169831103046796,-15.682656984980184,6.142294450276391e-34,2.647191100180817e-32,Downregulated
225173_at,9.568537213797873,10.9565925154,-1.3880553016021278,-15.413818232477302,6.1861856107222645e-34,2.663972612156187e-32,Downregulated
204955_at,7.570827750840428,10.47786730185,-2.9070395510095732,-16.826705229707997,6.339194516965452e-34,2.7276793303160304e-32,Downregulated
200600_at,12.134703880851065,13.2299257321,-1.095221851248935,-16.091307876987898,6.382157464566788e-34,2.74177892483378e-32,Downregulated
221580_s_at,10.93467445262766,9.89447717455,1.0401972780776596,16.1762877262404,6.377816589056343e-34,2.74177892483378e-32,Upregulated
1552715_a_at,2.3742689890319153,5.038558538399999,-2.664289549368084,-16.134193015876317,6.459873496058936e-34,2.77295096455727e-32,Downregulated
219970_at,4.006768618670213,6.63854988868,-2.631781270009787,-16.494135131800576,6.5022114405715565e-34,2.7888990792869356e-32,Downregulated
219958_at,3.281396224042553,4.595821072830001,-1.3144248487874477,-15.723736185165249,6.536632030041613e-34,2.8014286085085114e-32,Downregulated
212695_at,5.94655415355319,7.11338514718,-1.1668309936268102,-14.946043600288695,6.628180529076981e-34,2.8384022128736823e-32,Downregulated
224822_at,9.113204947223405,11.5507284587,-2.437523511476595,-17.31746000009068,7.2510994846276206e-34,3.1026860531438445e-32,Downregulated
205726_at,7.0595911914893605,8.957274030119999,-1.8976828386306384,-17.414957620202394,7.398754205631333e-34,3.160837122351763e-32,Downregulated
223506_at,6.562973495595744,5.275143455799999,1.287830039795745,15.682687340553677,7.571063802940681e-34,3.231882838928313e-32,Upregulated
203934_at,8.171664661425533,10.04196344968,-1.870298788254468,-15.627387152206726,7.672487461306511e-34,3.2725805756846314e-32,Downregulated
214894_x_at,9.363293856755318,10.57013317484,-1.2068393180846826,-15.261496958947363,7.840845222828682e-34,3.341740896632833e-32,Downregulated
204115_at,10.214636932723403,12.765843072699997,-2.5512061399765944,-17.323395951605875,7.94561929580864e-34,3.383714009852442e-32,Downregulated
238447_at,8.265833257989362,10.619501730940001,-2.3536684729506394,-16.95678614212659,7.963597855589713e-34,3.3886872963666795e-32,Downregulated
220570_at,3.128571851521276,5.2693465894500005,-2.1407747379287243,-15.078878743391426,8.136319948347923e-34,3.4586855191497514e-32,Downregulated
210640_s_at,2.9633546902872347,4.97143020321,-2.008075512922765,-16.8429260137163,8.1409583669423e-34,3.4586855191497514e-32,Downregulated
204162_at,6.630472441638297,4.09750755872,2.5329648829182965,16.034591284245106,8.522593379391811e-34,3.6179653315230305e-32,Upregulated
230730_at,4.264224452489361,6.6427901563,-2.378565703810639,-15.319270146532858,8.894643637802374e-34,3.772928254754246e-32,Downregulated
238593_at,6.022227948563829,2.4496995438699996,3.5725284046938297,18.50047832172167,9.101598676202683e-34,3.8576720756362294e-32,Upregulated
214027_x_at,6.919702202053195,8.5423938741,-1.6226916720468054,-15.547182894732769,9.172598428905205e-34,3.884703772418074e-32,Downregulated
226303_at,6.613952814446807,9.650186407729999,-3.0362335932831916,-17.359581332260294,9.388405280710061e-34,3.9729721984915135e-32,Downregulated
221794_at,5.98993627894681,7.47612210739,-1.4861858284431904,-15.137058459901775,9.630535591272725e-34,4.0722326046556194e-32,Downregulated
216620_s_at,7.912199374702127,9.382531976200001,-1.4703326014978737,-15.32231733793358,1.0181487978644735e-33,4.301818636444507e-32,Downregulated
222453_at,10.697220789244682,12.701312059999998,-2.004091270755316,-17.570927276304758,1.0243728650881874e-33,4.321326974245745e-32,Downregulated
201811_x_at,10.58289665144681,11.93987587701,-1.3569792255631903,-15.957382243852898,1.052144033909143e-33,4.435001489642411e-32,Downregulated
202084_s_at,9.130336459574469,10.59011418408,-1.459777724505532,-15.470614701985815,1.0802876806484916e-33,4.550066812165996e-32,Downregulated
221011_s_at,9.370600081042552,11.101821854850002,-1.7312217738074498,-15.15016318287901,1.08826714479077e-33,4.580088939727415e-32,Downregulated
210052_s_at,6.695670681095745,3.164542810490001,3.531127870605744,17.217943058073473,1.1236663699267365e-33,4.7253728985832253e-32,Upregulated
208690_s_at,11.324207643148938,12.381988755799998,-1.0577811126510603,-16.120530615409855,1.17195339067855e-33,4.924584771174726e-32,Downregulated
235362_at,4.37835388987234,6.1834940554000015,-1.8051401655276615,-16.19382223888889,1.183713010695032e-33,4.970116158723106e-32,Downregulated
217912_at,8.674821853574468,7.629735844090001,1.045086009484467,15.740115104365348,1.2236980827630972e-33,5.129994160521898e-32,Upregulated
211886_s_at,3.7873923562659573,5.290773464439999,-1.5033811081740418,-16.03166412289636,1.2588829527306708e-33,5.27338617566759e-32,Downregulated
205129_at,6.237091888531915,4.35552217986,1.8815697086719148,15.06310183495024,1.2711409361104852e-33,5.32059038051662e-32,Upregulated
218905_at,9.844353304000002,8.66525349415,1.1790998098500012,16.33691057634065,1.339282373852593e-33,5.601449592537758e-32,Upregulated
225665_at,9.652403437829788,11.184073811299998,-1.5316703734702095,-16.488254540497227,1.3833593329790435e-33,5.78130264829921e-32,Downregulated
219093_at,7.297798569425531,9.614793143770001,-2.31699457434447,-17.486416387794822,1.3984075636803138e-33,5.839654442555074e-32,Downregulated
208869_s_at,8.168785081297871,9.50081987317,-1.332034791872129,-16.177560959957564,1.4469818274960163e-33,6.037809509208747e-32,Downregulated
235978_at,3.0581752724787234,5.966868805299999,-2.9086935328212755,-17.441108963368016,1.4615288536716123e-33,6.093782242138088e-32,Downregulated
209714_s_at,7.142623467042554,3.6512947246399996,3.4913287424025548,16.237324302704085,1.5126518852483323e-33,6.292304276872916e-32,Upregulated
227945_at,4.792709633893616,6.380277511920001,-1.5875678780263849,-15.658735120226885,1.5116009004849646e-33,6.292304276872916e-32,Downregulated
236577_at,4.930160479840425,7.455048666569999,-2.524888186729574,-16.131469733083673,1.5380534462313828e-33,6.393024935007817e-32,Downregulated
218825_at,6.037741739595744,8.36410201837,-2.3263602787742554,-15.450939583296808,1.6159413142802934e-33,6.711584519681842e-32,Downregulated
205609_at,6.434101236999999,10.016965367040001,-3.5828641300400017,-17.701531841919042,1.648019566114161e-33,6.839535523380885e-32,Downregulated
205934_at,5.350096576382978,7.419796584819998,-2.069700008437019,-16.250666527662702,1.6639103387611794e-33,6.900160484241233e-32,Downregulated
224663_s_at,8.849512378021277,10.37596945392,-1.5264570758987226,-15.847037242828964,1.698707909823784e-33,7.039037260229741e-32,Downregulated
225944_at,7.489998696361702,5.8709285286099995,1.619070167751702,16.113012963239367,1.7341261886138877e-33,7.174747013906659e-32,Upregulated
218151_x_at,8.445658177670213,7.23478451615,1.2108736615202123,16.320132623121143,1.7554322348678015e-33,7.257315771298968e-32,Upregulated
204904_at,5.560390651106384,7.263212356010001,-1.7028217049036174,-15.890278434845552,2.0207006141601696e-33,8.328383389518689e-32,Downregulated
236656_s_at,5.1028665773510635,7.520434495860001,-2.4175679185089374,-16.304294236972364,2.0442310510223558e-33,8.418913576591762e-32,Downregulated
203810_at,8.2557514743617,10.13981313108,-1.8840616567183002,-16.628096772238955,2.066636763208453e-33,8.504676736490424e-32,Downregulated
216264_s_at,7.399603573787234,8.82937934781,-1.429775774022767,-15.419047997251146,2.186714171978456e-33,8.985073220323394e-32,Downregulated
204754_at,5.2211460981063835,7.963829990540001,-2.742683892433617,-16.48408371155597,2.2886182629213463e-33,9.396612357976147e-32,Downregulated
232065_x_at,6.972778467212767,5.4064848668000005,1.5662936004127666,15.802694158772757,2.4058733778945723e-33,9.870503852283558e-32,Upregulated
1569956_at,2.307706690691489,3.81075180109,-1.503045110398511,-16.743459736226445,2.4539763427163555e-33,1.0060180759858375e-31,Downregulated
1555274_a_at,7.769977500851064,5.710067436089998,2.0599100647610653,16.610652929888662,2.4979259586905755e-33,1.0232554883025994e-31,Upregulated
204042_at,5.487856058457447,7.82751544349,-2.3396593850325536,-15.693829795408972,2.587645630788449e-33,1.0592017343804225e-31,Downregulated
1555904_at,3.603612905031915,5.016462580959999,-1.4128496759280842,-14.75588604097722,2.657597545145164e-33,1.0870079206325308e-31,Downregulated
226071_at,5.664243518617022,8.095137019620001,-2.430893501002979,-14.768896732874106,2.6998715496968863e-33,1.1034596593616773e-31,Downregulated
205392_s_at,6.665369708127661,10.129426389079999,-3.4640566809523383,-15.623803166833916,2.714871472939942e-33,1.1087477376123593e-31,Downregulated
219616_at,3.7636597821170215,5.91881929671,-2.1551595145929783,-16.842176963681947,2.7755257082828276e-33,1.1326587689355096e-31,Downregulated
203362_s_at,9.392931566351063,6.89983396633,2.4930976000210627,15.780590994489856,2.798083474909215e-33,1.140998618509985e-31,Upregulated
229487_at,4.305775212287234,6.248385793670001,-1.942610581382767,-15.105294343641757,2.8420410000598705e-33,1.15804558506985e-31,Downregulated
205750_at,8.453023441553194,6.881364230909997,1.5716592106431966,17.06819807059548,2.9338657342803272e-33,1.194556414716137e-31,Upregulated
201231_s_at,13.285850887446806,12.226145031600002,1.0597058558468042,16.121688182247848,2.987962942484609e-33,1.2156624419400693e-31,Upregulated
217173_s_at,5.634955401234044,8.09332126563,-2.4583658643959554,-15.038726552808436,3.0033927389604307e-33,1.2210164917439586e-31,Downregulated
225782_at,9.228212731914894,11.761792807700001,-2.533580075785107,-16.893006744138994,3.0096885345515143e-33,1.2226518694817808e-31,Downregulated
1552619_a_at,6.076352092159575,3.06240625758,3.013945834579575,16.163256855088886,3.053405184459281e-33,1.2394751037835992e-31,Upregulated
212253_x_at,6.063893224138297,8.4560049456,-2.3921117214617036,-15.90043178267354,3.240153000497207e-33,1.3142901152695535e-31,Downregulated
230360_at,5.080025600340425,8.137729065870001,-3.057703465529576,-15.073677580523055,3.259408439678983e-33,1.321104313011106e-31,Downregulated
225240_s_at,9.81011378512766,8.44083818875,1.3692755963776602,15.26493755082541,3.2720473216172196e-33,1.3252284430760825e-31,Upregulated
217863_at,8.186030437787235,9.2781695742,-1.092139136412765,-16.04990833721976,3.2963058908209754e-33,1.3340489739932053e-31,Downregulated
229537_at,2.8764213075744682,4.6314489966600005,-1.7550276890855323,-14.803337551891184,3.363100956048023e-33,1.3590364239068293e-31,Downregulated
238505_at,3.4821329087872335,5.02875501115,-1.5466221023627669,-14.688499470855081,3.3944253849806996e-33,1.3706648930673568e-31,Downregulated
200811_at,8.862945733489363,10.00917387103,-1.1462281375406373,-15.623215101651287,3.4678304046783355e-33,1.3992552599101946e-31,Downregulated
236600_at,5.872280449553192,7.494415602639999,-1.6221351530868073,-16.568493917010798,3.5449034031361746e-33,1.42928166747438e-31,Downregulated
238613_at,7.501346984457445,9.342323170580002,-1.8409761861225569,-16.46199512873759,3.6605765918560353e-33,1.4748147758020128e-31,Downregulated
226103_at,8.193882484893619,10.42376296757,-2.2298804826763803,-16.565898902925845,3.667293373091637e-33,1.4764149802777453e-31,Downregulated
229125_at,3.4859866486489364,6.632154025139999,-3.146167376491063,-15.890749316020866,3.8641931504824104e-33,1.5545212624670676e-31,Downregulated
229860_x_at,8.126310230457445,6.485920567160001,1.6403896632974444,15.323213791068158,3.98646131631718e-33,1.6025097784711198e-31,Upregulated
229576_s_at,2.419687415,4.36548678358,-1.94579936858,-17.607885018949027,3.997736653254964e-33,1.6058421481103174e-31,Downregulated
209086_x_at,6.248379516308511,8.23138443825,-1.9830049219414887,-14.728788207263289,4.1623374738132684e-33,1.6707125624367198e-31,Downregulated
219493_at,6.81020606507447,4.31652479327,2.49368127180447,15.090704200374267,4.235037322872501e-33,1.6986257826101442e-31,Upregulated
214096_s_at,9.879219372478723,8.5496187054,1.3296006670787222,16.366377286918432,4.466756363631024e-33,1.7888976751620123e-31,Upregulated
226766_at,4.902723128840426,8.36522065398,-3.4624975251395735,-16.65942350857976,4.5034048441804634e-33,1.8022331320616845e-31,Downregulated
220324_at,2.339403260797873,4.07290427517,-1.733501014372127,-17.357373666443323,4.5259771857826636e-33,1.8099197688810881e-31,Downregulated
221204_s_at,6.817128228021275,9.83960066502,-3.0224724369987257,-16.103548026344008,4.539416002509621e-33,1.8139452385659916e-31,Downregulated
226488_at,7.156580248404258,5.63169771062,1.5248825377842579,16.990420016823972,4.643814505544802e-33,1.8542851298829452e-31,Upregulated
228201_at,7.8660533768404255,9.019589079949998,-1.153535703109573,-15.785436503583213,4.708572915611824e-33,1.8787485373820295e-31,Downregulated
206239_s_at,10.68917991456383,4.09396044568,6.595219468883831,16.571893434335976,4.7553495630438914e-33,1.8960061645506208e-31,Upregulated
201535_at,9.674419758904255,10.785633177720001,-1.1112134188157459,-15.213892986389324,4.943668540757919e-33,1.969630786171892e-31,Downregulated
221911_at,9.490455874606385,11.574118103100002,-2.0836622284936173,-17.304044019909874,5.06687956145611e-33,2.0172256409509867e-31,Downregulated
202721_s_at,8.120691475180852,6.48359106399,1.6371004111908523,15.709217392342634,5.108716892781398e-33,2.0323775650528127e-31,Upregulated
200986_at,10.81439776137234,12.6094362114,-1.7950384500276595,-16.937728883362144,5.1670508027605595e-33,2.054064999832073e-31,Downregulated
220979_s_at,5.719918801212766,8.738082752699999,-3.0181639514872325,-16.20488386475375,5.185649707316872e-33,2.0599361533068336e-31,Downregulated
231137_at,3.0272772895319155,4.1061338990800005,-1.078856609548085,-15.467009752016835,5.373952558054783e-33,2.133161714299148e-31,Downregulated
202068_s_at,9.506818532723404,11.43245313159,-1.925634598866596,-14.960514490145083,5.4506239896733284e-33,2.1620004565528735e-31,Downregulated
202196_s_at,8.089721162085109,10.584141297359999,-2.49442013527489,-16.086036039381774,5.5799052733169105e-33,2.2116491159220583e-31,Downregulated
232203_at,4.894905733712766,6.238316098470001,-1.3434103647572355,-15.525007084697172,5.691556956069785e-33,2.2525833880733587e-31,Downregulated
213182_x_at,6.774273437872339,8.631448995189999,-1.8571755573176594,-15.241992036733357,5.7563042478143205e-33,2.2765336784775077e-31,Downregulated
225604_s_at,6.759631993734042,9.019476526859998,-2.259844533125956,-15.059591988653967,6.0808249508956275e-33,2.4013454538096344e-31,Downregulated
218897_at,6.606006813999999,5.04867718957,1.5573296244299986,15.803138442595941,6.257412876033107e-33,2.4692678573023966e-31,Upregulated
201810_s_at,8.915216560329787,10.496058100119999,-1.580841539790212,-15.340962829463221,6.297174675954533e-33,2.483136635783655e-31,Downregulated
210559_s_at,7.475190550670213,4.6844447052,2.790745845470213,15.713443810923462,6.370114708411277e-33,2.5100585326491498e-31,Upregulated
204962_s_at,6.290477104297872,2.8588716884400003,3.4316054158578715,16.972246501956217,6.415740049258685e-33,2.5261859025580354e-31,Upregulated
228333_at,7.786968079659574,9.7151951329,-1.928227053240426,-17.096202546198665,6.69522596462987e-33,2.632378828461858e-31,Downregulated
226183_at,5.849222959744679,7.409070420830001,-1.5598474610853215,-15.404613619806456,6.703535953626021e-33,2.633720853190133e-31,Downregulated
203434_s_at,4.472625222851064,8.09343394171,-3.620808718858936,-15.243264688907745,6.712558344566788e-33,2.635340606721673e-31,Downregulated
206651_s_at,5.897448273393616,10.525975203899998,-4.628526930506382,-16.02247543995802,6.805693562976397e-33,2.6699564841593616e-31,Downregulated
205883_at,5.419341056425531,9.172956836510002,-3.7536157800844707,-14.986837810031783,6.822766203401903e-33,2.674703374753461e-31,Downregulated
204822_at,5.729038392893616,2.6778173591999996,3.0512210336936167,16.689133032539853,6.831468537296164e-33,2.6761643608667986e-31,Upregulated
238081_at,4.422412807148936,6.547757163100001,-2.125344355951065,-15.531627004306674,6.866730036263309e-33,2.688019954370148e-31,Downregulated
209894_at,9.07570680393617,12.0960590242,-3.020352220263831,-16.95156225132117,6.905204022506987e-33,2.70111493494226e-31,Downregulated
203639_s_at,4.5884183456063825,7.31776468071,-2.7293463351036173,-15.580530846875162,6.944959632577519e-33,2.7146918517283024e-31,Downregulated
218670_at,5.881078807223402,4.684539486669999,1.196539320553403,15.93297113839555,7.02400592344597e-33,2.7435960973018515e-31,Upregulated
212450_at,9.22663497562766,10.69380421956,-1.4671692439323412,-15.627211872449541,7.424920058884556e-33,2.898089624725433e-31,Downregulated
201808_s_at,4.906184083180851,7.075594254099999,-2.1694101709191482,-15.168531904587944,7.53138324605239e-33,2.93751254004477e-31,Downregulated
205612_at,4.80565108944681,8.1597380386,-3.3540869491531904,-15.114095173479024,7.822199237740422e-33,3.048730494210916e-31,Downregulated
229265_at,8.346271001808512,9.470686222289999,-1.1244152204814863,-15.008927901000922,7.978109321225226e-33,3.10724538704866e-31,Downregulated
206377_at,5.365237610744681,8.385964900800001,-3.02072729005532,-16.620777441114626,8.034015550849727e-33,3.126755140506537e-31,Downregulated
201587_s_at,10.446448391457446,9.17221593865,1.2742324528074462,16.61927749753194,8.068208035307078e-33,3.1377920273826932e-31,Upregulated
209466_x_at,6.21001644225532,8.832152639899999,-2.6221361976446786,-16.177685035662556,8.207688152183721e-33,3.1897305993739426e-31,Downregulated
227126_at,7.064610796563831,9.31668981177,-2.25207901520617,-16.461265121696663,8.47651281033513e-33,3.2918246788208325e-31,Downregulated
218663_at,6.381386311021277,3.55395539711,2.827430913911277,16.462548882550223,8.483949648598697e-33,3.292335611829217e-31,Upregulated
203751_x_at,5.98988403787234,8.20650673467,-2.2166226967976606,-14.814265364892618,8.614227672045998e-33,3.340481972376828e-31,Downregulated
215222_x_at,8.519987605957446,9.90244851283,-1.382460906872554,-14.76921607232935,8.643920424908353e-33,3.34958144073574e-31,Downregulated
227108_at,2.360058977414893,3.73888363808,-1.378824660665107,-15.932985544210108,8.727314154585947e-33,3.3794623406663767e-31,Downregulated
228127_at,3.3290821992872344,4.6661972743,-1.3371150750127656,-14.987898974796593,8.737138279605738e-33,3.380832514437944e-31,Downregulated
219874_at,6.899108236670214,4.433543160229999,2.465565076440215,15.387024491040133,8.933978024666866e-33,3.4545143208823294e-31,Upregulated
209186_at,11.599360251808513,10.491338667649998,1.1080215841585144,14.834397024471864,9.152313700563214e-33,3.53385746373649e-31,Upregulated
212758_s_at,7.1440955328617015,8.84630654951,-1.7022110166482989,-14.924199249387645,9.279224117056595e-33,3.58028944304165e-31,Downregulated
1553984_s_at,8.290340752787236,6.87700201559,1.4133387371972361,16.657662137852626,9.407262168626858e-33,3.62708962725279e-31,Upregulated
211356_x_at,4.301056634180851,7.38066593626,-3.079609302079149,-15.191041531277431,9.640441473008128e-33,3.714332271255123e-31,Downregulated
204683_at,7.095425686010638,9.01218248075,-1.9167567947393627,-15.846570314770503,9.962955971300527e-33,3.8358450241400866e-31,Downregulated
238798_at,3.344037405914893,5.15964962441,-1.8156122184951071,-14.727822112932424,1.1028582831366156e-32,4.243085523375251e-31,Downregulated
49452_at,5.966325394755319,8.21992543179,-2.25360003703468,-15.479443274513027,1.1294425860086522e-32,4.342258679847131e-31,Downregulated
218313_s_at,10.752357661776594,9.27839627106,1.4739613907165943,16.45264749613878,1.1820402811964736e-32,4.541229897459537e-31,Upregulated
218764_at,8.802270213787235,10.14113793122,-1.3388677174327643,-15.94375574587653,1.1943641277690833e-32,4.582030597445643e-31,Downregulated
240397_x_at,3.8648535531276593,5.8910015397199995,-2.02614798659234,-15.405654195595805,1.232892550174862e-32,4.726468902616188e-31,Downregulated
217729_s_at,9.222007599468085,10.235036078130001,-1.0130284786619157,-14.723649397549746,1.2341660870167704e-32,4.7279812789376085e-31,Downregulated
203693_s_at,7.836056756202128,6.46230999017,1.373746766032128,15.150506093246422,1.2522923731778586e-32,4.794006945462228e-31,Upregulated
229795_at,5.895896563170213,3.731437927100001,2.1644586360702123,16.522621589707242,1.2762024647248105e-32,4.882064421599478e-31,Upregulated
225143_at,8.081282004712767,6.831958233399999,1.2493237713127678,15.727696531791533,1.2996906960857066e-32,4.968384063942133e-31,Upregulated
235427_at,7.518367748851066,9.07815800884,-1.559790259988933,-16.126701240907693,1.317213305146495e-32,5.031792246492144e-31,Downregulated
207961_x_at,7.518603234819148,10.26682685714,-2.748223622320852,-16.300235753106705,1.3362092285205486e-32,5.100734532661904e-31,Downregulated
225093_at,9.711330412978722,10.968166070830002,-1.2568356578512798,-16.029941028148723,1.4053823412695008e-32,5.357186010455094e-31,Downregulated
226065_at,6.906135363723404,8.951322472850002,-2.045187109126598,-15.430145594300617,1.4276754435470936e-32,5.4383110061348425e-31,Downregulated
200879_s_at,5.6194883041595745,8.928790906319998,-3.3093026021604235,-14.552144774265551,1.457182627628489e-32,5.5467816567321945e-31,Downregulated
40562_at,7.007696837851063,8.11872752344,-1.1110306855889371,-14.556210997048257,1.479084349396287e-32,5.626169081798352e-31,Downregulated
229309_at,6.245440078914895,10.508327263810001,-4.2628871848951055,-16.4586433950947,1.4827393740380264e-32,5.636086217103129e-31,Downregulated
239300_at,6.065953784414893,7.32803054597,-1.2620767615551065,-15.368511846490305,1.4884179734051846e-32,5.653675785139213e-31,Downregulated
219597_s_at,6.226896892212766,9.806725772650001,-3.579828880437235,-16.662429292694235,1.579126683685803e-32,5.993994905344009e-31,Downregulated
223199_at,8.338094086542553,9.82996787345,-1.4918737869074477,-14.536851637999275,1.61349011852843e-32,6.117872810323187e-31,Downregulated
222146_s_at,9.17483881982979,10.69492444267,-1.5200856228402113,-15.807628306426965,1.6140373922300604e-32,6.117872810323187e-31,Downregulated
243974_at,3.8120835355000002,5.485139567199999,-1.673056031699999,-14.724333289330021,1.641619847421382e-32,6.2180397967187645e-31,Downregulated
222162_s_at,8.833953130595745,11.465478997109999,-2.631525866514254,-14.962125369548092,1.7593545855198513e-32,6.654616437185002e-31,Downregulated
218796_at,7.696082315797871,5.14914778729,2.5469345285078715,16.434322829444483,1.8151006794253682e-32,6.860646882893384e-31,Upregulated
1552315_at,5.7058888506595755,7.46980010831,-1.7639112576504248,-14.435262913402244,1.8547656997530543e-32,7.0056480285756865e-31,Downregulated
227719_at,7.506715108063829,9.97805447347,-2.4713393654061706,-15.97093002326421,1.8666353891762047e-32,7.045533406472376e-31,Downregulated
201361_at,8.255118653489362,9.46361176519,-1.2084931117006388,-15.453752096691868,1.894305802518724e-32,7.144960160888646e-31,Downregulated
242714_at,4.4714792505,6.799235584550001,-2.327756334050001,-14.562703060161667,1.9211629513846977e-32,7.236111379774325e-31,Downregulated
224838_at,10.309904148138296,11.368476981,-1.0585728328617048,-15.37307842030652,1.93095230546658e-32,7.267893681023476e-31,Downregulated
239466_at,4.610208943521275,6.0246746900899995,-1.414465746568724,-14.738705988072006,1.953309051256118e-32,7.346900743416893e-31,Downregulated
242667_at,3.412450646329788,4.8797431505899995,-1.4672925042602114,-14.430244085711303,2.0302981429390158e-32,7.631140175829343e-31,Downregulated
203046_s_at,7.015658973648934,5.38984402061,1.625814953038934,16.64401429499303,2.0703764287192037e-32,7.776345432618093e-31,Upregulated
1554438_at,5.293823671202129,3.4877579545100006,1.8060657166921286,15.604592094480099,2.087442577620318e-32,7.834974632232131e-31,Upregulated
214725_at,2.5735139069893616,4.0789029369,-1.505389029910638,-15.3775662636339,2.11345133213982e-32,7.927063692501558e-31,Downregulated
227138_at,4.36748811212766,5.6161567171,-1.2486686049723401,-14.74516043712172,2.147060594884636e-32,8.047512275711849e-31,Downregulated
219064_at,5.594389574499999,8.769794776449999,-3.1754052019499994,-16.87661224296124,2.1606530384939443e-32,8.09281924292725e-31,Downregulated
229452_at,5.009458473936171,6.484657920180001,-1.4751994462438303,-15.042077660923681,2.1645164013087635e-32,8.093886024872637e-31,Downregulated
220758_s_at,3.5378617803085106,5.20538510613,-1.667523325821489,-16.062529850228135,2.1654523462967547e-32,8.093886024872637e-31,Downregulated
201247_at,7.6297191574361705,8.881577905810001,-1.2518587483738308,-15.09861324332822,2.1626878164804444e-32,8.093886024872637e-31,Downregulated
218324_s_at,7.192596180287235,5.774097664659999,1.4184985156272356,15.482067793934235,2.1833587796833409e-32,8.155148286392233e-31,Upregulated
223315_at,9.501977552734044,11.693478596599999,-2.191501043865955,-16.638387740172625,2.2629249757114558e-32,8.44061600163775e-31,Downregulated
223008_s_at,10.184008461872342,11.378757905099999,-1.194749443227657,-15.93192662863284,2.3889853819004576e-32,8.904640869778102e-31,Downregulated
218856_at,10.848016739404255,9.14870945261,1.6993072867942551,15.744858983139384,2.4618985459369955e-32,9.170060608848147e-31,Upregulated
232181_at,4.716858600021278,6.363808015170001,-1.6469494151487227,-14.445393959134757,2.491557369948752e-32,9.274111051907513e-31,Downregulated
203295_s_at,2.468667616787234,4.24768646065,-1.7790188438627657,-15.477628265665905,2.5254521816982923e-32,9.393773931177341e-31,Downregulated
210751_s_at,5.852777805500001,7.8330090085899995,-1.980231203089999,-15.553284261554214,2.5325151123168863e-32,9.413535440986596e-31,Downregulated
225582_at,7.17479249093617,8.84114207324,-1.6663495823038303,-15.079182485936899,2.550201209358543e-32,9.47272943691703e-31,Downregulated
235962_at,4.8596825725638295,6.165249844000001,-1.3055672714361712,-16.199039985847687,2.8272712704882504e-32,1.048742155548145e-30,Downregulated
225629_s_at,10.836335928138299,11.9641866377,-1.1278507095617005,-15.473815551307505,2.8546695993922196e-32,1.0581754588070981e-30,Downregulated
234310_s_at,5.263197080148935,8.81792713019,-3.554730050041065,-16.417283739269262,2.8639202355025985e-32,1.0608733731869336e-30,Downregulated
200795_at,11.997301327244681,14.2263736912,-2.229072363955318,-16.870684765814882,2.872536925974692e-32,1.0633329050273557e-30,Downregulated
229222_at,6.248690711914894,8.62941409614,-2.3807233842251057,-16.833617527539367,3.100323762133087e-32,1.1468639193266177e-30,Downregulated
226828_s_at,5.456730446191489,7.5390866021099985,-2.082356155918509,-14.875167153685096,3.1106774932370234e-32,1.1499030903865743e-30,Downregulated
229657_at,5.744827029893616,7.7545201414,-2.009693111506383,-16.120761819117934,3.132703483448217e-32,1.15645565930505e-30,Downregulated
212970_at,6.433001087180851,7.72447103166,-1.2914699444791493,-15.271955592124659,3.2534683046454256e-32,1.2002129371307192e-30,Downregulated
230867_at,5.887209431829787,9.910795569180001,-4.023586137350214,-16.91142401749724,3.3174920854640155e-32,1.2221549952655312e-30,Downregulated
222018_at,6.9776234230106375,4.71933046142,2.2582929615906373,14.414894768189013,3.4136407146716475e-32,1.2558555367943176e-30,Upregulated
233591_at,3.801633963351064,6.57179845995,-2.770164496598936,-14.590933193782092,3.654404131187036e-32,1.3435118291184273e-30,Downregulated
222067_x_at,9.466870104223403,7.617895747200001,1.848974357023402,16.653732969935177,3.8559534333738133e-32,1.4147088087820186e-30,Upregulated
202910_s_at,8.830734670106382,10.370990608660001,-1.540255938553619,-15.781463116206817,3.920401338154999e-32,1.4373735949148246e-30,Downregulated
209656_s_at,9.157226781340425,11.7379490324,-2.5807222510595746,-16.805184696200197,3.964201868032001e-32,1.4524425182150491e-30,Downregulated
225171_at,10.287533985031915,11.313115875200003,-1.0255818901680875,-15.252367205553591,4.0111841970690847e-32,1.4686559103033204e-30,Downregulated
218732_at,9.23807946344681,8.148498999620001,1.0895804638268096,15.13382502461177,4.036203428826452e-32,1.4768111402915615e-30,Upregulated
215382_x_at,8.083602351659575,11.305961960429997,-3.2223596087704216,-15.870409204548578,4.1859435996473437e-32,1.5298408510768704e-30,Downregulated
1554572_a_at,7.596802447000003,5.93539478305,1.661407663950003,15.83246677530925,4.1868250711805177e-32,1.5298408510768704e-30,Upregulated
225509_at,7.739040411925531,9.1304130589,-1.3913726469744692,-14.785421512991908,4.1947656250601505e-32,1.5317017237575374e-30,Downregulated
218995_s_at,6.997123337117022,9.555072120570001,-2.5579487834529795,-14.61258838484822,4.4154290130645086e-32,1.611182258457854e-30,Downregulated
208740_at,7.979761587968086,9.57914040477,-1.5993788168019138,-15.295268985209686,4.730943221934785e-32,1.722806446411539e-30,Downregulated
201335_s_at,4.532452939872341,5.945087517749999,-1.4126345778776583,-14.306720226933473,4.759007623995599e-32,1.7318537487430803e-30,Downregulated
204069_at,7.334617696606384,9.29063057795,-1.9560128813436153,-15.867531457865358,4.8060522211147395e-32,1.7477912424941e-30,Downregulated
228653_at,5.0334379542553185,7.597332352510001,-2.563894398254683,-15.865932742528445,4.8247119198867995e-32,1.7533915900204825e-30,Downregulated
213638_at,5.52546756888298,7.651437485620001,-2.125969916737021,-14.923836941291308,5.086889183059586e-32,1.846176933873434e-30,Downregulated
209615_s_at,6.317585605489362,4.9942630577,1.3233225477893624,14.726173742668532,5.1095131111246e-32,1.8531373715100994e-30,Upregulated
202138_x_at,9.95842076530851,8.91525780355,1.0431629617585099,16.044069912503723,5.244132371660065e-32,1.9006799443538292e-30,Upregulated
218309_at,8.411298975457447,11.056840327999998,-2.6455413525425513,-16.385029076643978,5.254600358302565e-32,1.9031914806172506e-30,Downregulated
206658_at,4.893341546893616,8.39996112654,-3.506619579646383,-15.109315227203279,5.384837918473214e-32,1.9490504191318994e-30,Downregulated
232119_at,3.5593545266808513,5.222312719759999,-1.6629581930791475,-14.412371893796719,5.431740064134059e-32,1.964704580292633e-30,Downregulated
211401_s_at,4.732542054638298,6.618837869010001,-1.886295814371703,-14.562295276735542,5.668022246035842e-32,2.0487919658957245e-30,Downregulated
1553834_at,3.8059907255212764,6.1226039647300015,-2.316613239208725,-14.358131265590654,5.691139144260176e-32,2.0543866443837437e-30,Downregulated
203753_at,9.589703393234043,11.03726179828,-1.4475584050459567,-15.283156126026293,5.689791040984834e-32,2.0543866443837437e-30,Downregulated
226337_at,8.916256895297872,7.91402174487,1.0022351504278717,15.13167619143188,5.798188748879449e-32,2.0916256207057683e-30,Upregulated
1552553_a_at,3.8488542009787223,5.631499794609999,-1.7826455936312766,-14.275695601925896,6.057313701411468e-32,2.1836372301884533e-30,Downregulated
218087_s_at,7.150305579957446,9.85209515387,-2.7017895739125537,-16.471924610572447,6.076934494585983e-32,2.1892431260937822e-30,Downregulated
243894_at,5.064341770659575,2.9060957836200005,2.1582459870395745,15.842002559186216,6.130843574987119e-32,2.2071857598678526e-30,Upregulated
206311_s_at,5.422971765989361,9.0080519255,-3.585080159510639,-15.816765293566718,6.171919292610055e-32,2.2204872981426384e-30,Downregulated
225662_at,9.559300452170213,11.003966777810001,-1.4446663256397887,-15.800947115592876,6.252244312402879e-32,2.247286964679372e-30,Downregulated
225702_at,9.328900382117022,8.025547791490002,1.3033525906270196,15.457256554677011,6.277681666243187e-32,2.2540145934616555e-30,Upregulated
205034_at,6.702782504904258,4.040994413659999,2.661788091244259,15.801916869913624,6.468313156149893e-32,2.319364609444521e-30,Upregulated
207741_x_at,7.3561190000957435,10.623755178260001,-3.267636178164258,-15.72215384532874,6.521580882920351e-32,2.336907057753191e-30,Downregulated
219148_at,6.351297662478723,2.7037676805199995,3.6475299819587237,15.99674478430279,6.596305050831747e-32,2.362109610279869e-30,Upregulated
226751_at,7.0337779555638305,9.35262380255,-2.318845846986169,-16.466300845970544,6.654570823255754e-32,2.381388864269022e-30,Downregulated
210139_s_at,11.133884201042552,12.7305110972,-1.5966268961574492,-16.543768903042128,6.876580122055842e-32,2.4575663684046215e-30,Downregulated
229553_at,7.663283856574468,5.769471953729999,1.8938119028444689,14.858950653736338,7.229680047268597e-32,2.5820423042655295e-30,Upregulated
211825_s_at,5.260100933287234,7.3467714075499995,-2.0866704742627658,-14.234710673081835,7.335217281868726e-32,2.617995996832059e-30,Downregulated
209301_at,7.961607719638297,10.806327514400003,-2.8447197947617058,-16.04006086443845,7.533997948725883e-32,2.6853784868798565e-30,Downregulated
228308_at,5.6206664273617015,3.7993375957700004,1.8213288315917011,15.337263618661957,7.888767523892464e-32,2.8099685433117887e-30,Upregulated
223158_s_at,8.504491381361703,7.229047227530001,1.2754441538317023,14.374158663124522,8.527066269137872e-32,3.0353195655317645e-30,Upregulated
223363_at,9.279768868797873,8.0309193192,1.2488495495978729,16.05744356378156,8.653648645554214e-32,3.0783409130276385e-30,Upregulated
228603_at,7.981862944212764,9.128528715089999,-1.1466657708772345,-15.681048712090972,8.80239839982939e-32,3.1271188925576192e-30,Downregulated
205079_s_at,6.426300701914893,8.01488679866,-1.5885860967451064,-15.045425000318971,8.843531011034344e-32,3.1396578149141467e-30,Downregulated
201626_at,10.094073433765958,11.25583217084,-1.1617587370740416,-14.59828886615628,9.007653236524876e-32,3.195815547359677e-30,Downregulated
204364_s_at,4.843944865297873,7.550857650109999,-2.7069127848121264,-15.756462099176943,9.304322436572613e-32,3.295410958117431e-30,Downregulated
227326_at,6.9078845714361705,8.61429469841,-1.7064101269738288,-15.108406579073648,9.306751283568917e-32,3.295410958117431e-30,Downregulated
241392_at,2.989943072819149,4.25876238296,-1.2688193101408505,-14.796157788706516,9.759293686195643e-32,3.45337743556394e-30,Downregulated
222581_at,9.673930783840426,7.82452357451,1.8494072093304261,16.178369038059987,9.87186208098801e-32,3.490913700775944e-30,Upregulated
222040_at,7.4474313714680855,5.01349108625,2.4339402852180854,14.481328203392962,1.02703899888e-31,3.629455952283816e-30,Upregulated
203145_at,5.129710422978723,2.54551164084,2.5841987821387233,17.253704990741106,1.0297468473311149e-31,3.636635845735479e-30,Upregulated
202107_s_at,8.216245362606381,6.4865555525700005,1.7296898100363807,15.503336520175182,1.0419028403943372e-31,3.67715132371718e-30,Upregulated
240425_x_at,3.077998443393618,4.28345097273,-1.205452529336382,-14.35243574163566,1.0539139807346341e-31,3.717102778215936e-30,Downregulated
212157_at,5.407354708382979,8.21357452432,-2.8062198159370215,-16.354480833418652,1.077134733476688e-31,3.796511715254072e-30,Downregulated
207808_s_at,9.543768488042552,11.34380216875,-1.8000336807074486,-16.490144852761503,1.084240348599638e-31,3.819053791079249e-30,Downregulated
220180_at,6.048270970265957,8.16532400521,-2.1170530349440426,-15.595246795910422,1.0999951168178289e-31,3.872011606882444e-30,Downregulated
211673_s_at,5.167715271223404,6.5471747466400005,-1.3794594754165965,-14.37377192750351,1.1058922695762608e-31,3.8883585534547285e-30,Downregulated
210002_at,8.088079102276597,10.347756388169998,-2.2596772858934013,-16.691592789533765,1.106084963891298e-31,3.8883585534547285e-30,Downregulated
213459_at,6.90360062255319,4.51642221058,2.3871784119731903,14.388232061425297,1.1230001882927467e-31,3.945244162476399e-30,Upregulated
218730_s_at,4.52191870756383,8.454216698589999,-3.932297991026169,-14.985998045979592,1.1300145114264825e-31,3.967295072557754e-30,Downregulated
227350_at,6.575844770617021,4.694270957690001,1.8815738129270203,15.293634929149349,1.1341172679674801e-31,3.979101850939262e-30,Upregulated
235301_at,6.6175577571489335,8.99282474739,-2.375266990241066,-16.517445810466295,1.1379765003314509e-31,3.990039377237772e-30,Downregulated
202607_at,6.4279130989361715,7.748033252829999,-1.3201201538938276,-14.276103541585059,1.1704161629700574e-31,4.101107735603095e-30,Downregulated
222140_s_at,8.88875016918085,7.86498144008,1.0237687291008504,16.188134941926027,1.232584753195307e-31,4.313324888442601e-30,Upregulated
210786_s_at,5.338016188031915,7.979521942209999,-2.641505754178084,-14.86373296706712,1.257245450796589e-31,4.396762276758474e-30,Downregulated
209911_x_at,9.651665892010639,7.3219554371200015,2.3297104548906375,15.032142015629788,1.277873368034815e-31,4.465997204231356e-30,Upregulated
43427_at,5.886673791202127,7.906298070919998,-2.0196242797178714,-14.92644350277026,1.2820016007883945e-31,4.477515461039259e-30,Downregulated
1555758_a_at,6.721751723872341,3.2966926458400008,3.42505907803234,15.553056937294873,1.3046987370100384e-31,4.553830387334323e-30,Upregulated
222500_at,9.943067287159575,8.674252400660002,1.2688148864995732,15.368732202150976,1.3374116349914288e-31,4.664981984413035e-30,Upregulated
1553835_a_at,3.75958002393617,6.41342648339,-2.6538464594538302,-14.856221611222328,1.3523914252384067e-31,4.714175320665778e-30,Downregulated
202587_s_at,9.432159726329786,11.079543112699998,-1.6473833863702119,-15.910275885894498,1.4652980624947154e-31,5.101134083452477e-30,Downregulated
222843_at,8.524639226265956,7.138002640560001,1.386636585705955,14.641204668922846,1.5444993342313122e-31,5.37337911972609e-30,Upregulated
218930_s_at,10.84600288444681,9.523329672280001,1.3226732121668086,15.363900505216044,1.6205685611732015e-31,5.62738778633188e-30,Upregulated
232122_s_at,6.030724611180852,9.960484617719999,-3.929760006539147,-16.970254114511594,1.6206491802751798e-31,5.62738778633188e-30,Downregulated
210084_x_at,8.124522805404252,11.371592342569997,-3.2470695371657445,-15.643165757909582,1.6597068234118653e-31,5.7592897550987474e-30,Downregulated
235581_at,5.718199825340424,7.776853963590002,-2.0586541382495778,-15.629733978590027,1.7126180013512e-31,5.93906330242912e-30,Downregulated
228837_at,5.7083963294255335,7.386273256749998,-1.6778769273244647,-15.34437306744067,1.7143736628887386e-31,5.941320994338511e-30,Downregulated
205528_s_at,5.72560709011702,8.02922034116,-2.3036132510429805,-14.937108915052958,1.756653056554512e-31,6.083924101728332e-30,Downregulated
217023_x_at,8.261144657404255,11.40085833456,-3.1397136771557452,-15.483977016921939,1.830884404410927e-31,6.336933627776455e-30,Downregulated
227198_at,5.4479617540000005,8.94633009236,-3.4983683383599997,-16.300655207998624,1.8771141179294664e-31,6.49276269755333e-30,Downregulated
201565_s_at,11.178044097170213,12.503262062900001,-1.325217965729788,-15.403881759388762,1.902419255136138e-31,6.576061828840124e-30,Downregulated
219520_s_at,8.090505877510639,9.2442886913,-1.1537828137893609,-15.220050238175858,1.9171290323054806e-31,6.622652673833177e-30,Downregulated
221276_s_at,6.328398191265957,8.09933420148,-1.7709360102140428,-15.647536040256051,1.9291015599920583e-31,6.659734050432147e-30,Downregulated
221927_s_at,8.55101823557447,7.071762307170001,1.4792559284044682,15.297554571438528,1.9974308367069663e-31,6.891200447923085e-30,Upregulated
60474_at,6.299766779010638,3.7990837469499996,2.5006830320606386,16.03515289700867,2.0379064654984316e-31,7.026335714955042e-30,Upregulated
220688_s_at,8.601373708223406,7.4020309825199995,1.1993427257034064,14.728976141983084,2.07858064399732e-31,7.161981967843681e-30,Upregulated
204719_at,7.116021476670213,10.957621641449999,-3.841600164779786,-16.856266519350047,2.099106222788041e-31,7.228074731042098e-30,Downregulated
228396_at,7.457371405914894,9.666264123659998,-2.208892717745104,-16.220271521545904,2.1482559078909484e-31,7.392584277787751e-30,Downregulated
207112_s_at,4.540575899648937,6.198775831250001,-1.6581999316010636,-14.395486621991623,2.211849396988943e-31,7.601695314149986e-30,Downregulated
226657_at,5.473934128404256,7.1466479432000005,-1.6727138147957445,-15.244928156933359,2.2116301471224675e-31,7.601695314149986e-30,Downregulated
232216_at,6.661442771085106,4.791501536040001,1.869941235045105,14.308094720550324,2.24788843887982e-31,7.720621173281608e-30,Upregulated
227856_at,8.35469280669149,9.56910822656,-1.2144154198685086,-14.953597506799001,2.2924395515305523e-31,7.86861223475573e-30,Downregulated
243_g_at,9.261394963106381,10.27029363384,-1.0088986707336183,-14.834028084771306,2.295990650900729e-31,7.875775073300166e-30,Downregulated
231697_s_at,8.399861354276595,6.00195709641,2.3979042578665952,14.487269512440422,2.331839447216974e-31,7.99364668629778e-30,Upregulated
204092_s_at,6.432465580468084,4.02729689094,2.405168689528084,16.530383318992442,2.4849541387889385e-31,8.513104669356805e-30,Upregulated
210549_s_at,4.2419813448723405,6.919186303309999,-2.6772049584376587,-14.290360549053668,2.488891808930022e-31,8.521167080528974e-30,Downregulated
225463_x_at,8.5498470775,7.533571573859999,1.016275503640002,15.997345788438514,2.5089261066583937e-31,8.584293865949641e-30,Upregulated
223126_s_at,5.925735278053192,7.83579507696,-1.9100597989068087,-16.241243788053094,2.5438230688111413e-31,8.694021777759346e-30,Downregulated
1552316_a_at,8.25165874906383,10.102227929420001,-1.850569180356171,-14.491481648249113,2.544229033241589e-31,8.694021777759346e-30,Downregulated
219909_at,4.473665789808511,7.8566989416799995,-3.383033151871489,-16.449818254097245,2.5648443644980963e-31,8.75890279294569e-30,Downregulated
221667_s_at,8.54703261543617,10.871799246529998,-2.324766631093828,-16.09796136021617,2.633397256750074e-31,8.981604619629644e-30,Downregulated
220030_at,5.772619342989361,3.0815248380299995,2.6910945049593615,15.9438737960509,2.6713809032594974e-31,9.093854003969325e-30,Upregulated
225895_at,7.2083655426702125,10.084780588700001,-2.8764150460297886,-15.575628395421527,2.6918733367957378e-31,9.157817792087005e-30,Downregulated
203254_s_at,7.624309150680849,9.15985777671,-1.5355486260291507,-14.047192434682488,2.712098301055477e-31,9.220791354018324e-30,Downregulated
218031_s_at,8.45882762730851,9.58315380038,-1.1243261730714895,-15.363820930740294,2.738177750701287e-31,9.303577289906471e-30,Downregulated
237025_at,3.76204690662766,4.93243745417,-1.1703905475423397,-14.285833472791607,2.7640262345031026e-31,9.385474434910598e-30,Downregulated
213543_at,4.857719341276596,7.34129214068,-2.4835727994034045,-15.21159501697637,2.7880208194341267e-31,9.460977147891731e-30,Downregulated
223530_at,7.7158639610531905,5.89035048169,1.8255134793631909,15.289402371085949,2.795391126713762e-31,9.480006755449332e-30,Upregulated
213226_at,7.06339399011702,4.95909993991,2.10429405020702,14.958379662654936,2.908698617116839e-31,9.857527520227282e-30,Upregulated
219534_x_at,6.799250224925531,8.39700278633,-1.5977525614044694,-14.718528742612772,2.9103769944076383e-31,9.857527520227282e-30,Downregulated
205591_at,4.302054740723405,6.122186514499999,-1.8201317737765939,-14.36169657700819,2.940683084790136e-31,9.95390688474023e-30,Downregulated
219117_s_at,11.745563892021277,9.94832648996,1.7972374020612776,14.244914370229184,3.0000446318729365e-31,1.0148452866032563e-29,Upregulated
219563_at,7.081650046457447,8.91779081181,-1.836140765352554,-15.965612270170311,3.028456917699723e-31,1.0238125944399579e-29,Downregulated
223895_s_at,4.4576689182659575,2.4567164312600003,2.000952487005957,16.42036160494578,3.0346244925302146e-31,1.0252532220805912e-29,Upregulated
222520_s_at,5.310674218170213,7.7000860604,-2.389411842229787,-15.823993834439904,3.0470388999628395e-31,1.0288012195442642e-29,Downregulated
225185_at,6.380132172882979,7.716807192159999,-1.3366750192770205,-15.2851670217443,3.086425785131608e-31,1.0414460306090882e-29,Downregulated
1552766_at,6.491082290191488,2.6795908192399995,3.8114914709514887,16.652784873675575,3.1039730497309268e-31,1.046488961464702e-29,Upregulated
230708_at,5.712153052478722,7.890197227050002,-2.17804417457128,-14.538361364253571,3.105262303383156e-31,1.046488961464702e-29,Downregulated
1557961_s_at,5.8008271651914916,7.799688670959999,-1.9988615057685077,-15.362027216946869,3.1527765692854195e-31,1.0618361963405483e-29,Downregulated
208051_s_at,10.0151851065,8.71419987515,1.3009852313500012,15.60543287715396,3.2576132424134226e-31,1.0964579840829058e-29,Upregulated
211354_s_at,4.522474662680851,7.32851145756,-2.806036794879149,-14.489994885799295,3.3858987894110013e-31,1.1389240293136968e-29,Downregulated
214132_at,7.286111507531914,5.05895736773,2.2271541398019146,14.394021158634784,3.4891465012748275e-31,1.1729202107347992e-29,Upregulated
204017_at,10.204526652904255,8.39257073055,1.8119559223542545,14.741955678404722,3.6301951217494435e-31,1.2195732343436325e-29,Upregulated
1598_g_at,7.724550625425532,10.2368922402,-2.512341614774468,-16.203031176318348,3.7753822556073616e-31,1.266766749844651e-29,Downregulated
231851_at,5.878959822755319,7.602866475560002,-1.7239066528046827,-14.704388618609205,3.920041984715416e-31,1.3136659077252546e-29,Downregulated
227579_at,6.008184516776594,7.04594423891,-1.0377597221334058,-14.957939159122787,3.975711613876252e-31,1.3314920601740228e-29,Downregulated
564_at,7.055270456191488,8.255274501379999,-1.2000040451885106,-14.251286208099359,4.004989139526974e-31,1.340462637576838e-29,Downregulated
235771_at,2.7590023821914893,4.50592960271,-1.746927220518511,-15.4769603744201,4.156877630233187e-31,1.3904342053465313e-29,Downregulated
232510_s_at,9.5344767485,8.51106218094,1.0234145675599997,14.707846095493336,4.2810448243175555e-31,1.431076923062424e-29,Upregulated
203299_s_at,7.33656427362766,8.35030644632,-1.0137421726923392,-14.993736493311243,4.315261906112835e-31,1.4416191110694717e-29,Downregulated
205237_at,5.311393527670213,8.044704751869999,-2.7333112241997854,-14.683668464758417,4.334806685263981e-31,1.4463518137320627e-29,Downregulated
202555_s_at,10.109710580691488,12.1172099342,-2.0074993535085124,-15.75875825416389,4.33373275918768e-31,1.4463518137320627e-29,Downregulated
218567_x_at,8.051406454723404,6.875792273459999,1.1756141812634047,14.493997342482716,4.51378508708481e-31,1.5051360489395137e-29,Upregulated
219878_s_at,6.789876210659574,8.68760113699,-1.8977249263304268,-15.110676887900789,4.622098815456075e-31,1.540298679604216e-29,Downregulated
222036_s_at,8.59160909948936,6.8704364355599985,1.7211726639293623,15.30227101247398,4.67098757463398e-31,1.555626858757048e-29,Upregulated
219481_at,8.231785880159576,7.213616272249999,1.0181696079095772,14.405145897622825,4.697548932870019e-31,1.5635047456890276e-29,Upregulated
203074_at,5.8571263102234035,9.54078429095,-3.683657980726597,-15.356072117656916,4.774492247057349e-31,1.588131354361327e-29,Downregulated
222043_at,8.50314369624468,11.09409544293,-2.5909517466853202,-15.59802718380907,4.994663143414169e-31,1.6582898261214477e-29,Downregulated
212813_at,7.0080692473297885,9.004463453240001,-1.9963942059102129,-15.800197900421983,5.241577353685779e-31,1.7391948152087803e-29,Downregulated
221809_at,4.819450112095745,5.88385865439,-1.064408542294255,-13.94688725042388,5.522872245573772e-31,1.8314007805205358e-29,Downregulated
209709_s_at,5.3942577328085095,2.5329430312200003,2.861314701588509,16.232708388798436,5.531909384206511e-31,1.833267271342769e-29,Upregulated
228716_at,5.011177273914893,8.300816241320002,-3.289638967405108,-16.359537977709817,5.657988143999241e-31,1.8738950142434924e-29,Downregulated
217862_at,7.727786918148936,8.87929493,-1.1515080118510648,-14.405074125409445,5.795888245789882e-31,1.9183855088495667e-29,Downregulated
222880_at,4.714416600712767,6.813933895409999,-2.0995172946972325,-14.778908966275713,6.033332563631049e-31,1.9945225892283935e-29,Downregulated
216894_x_at,6.080368614148935,7.51339597063,-1.4330273564810652,-14.516768350643211,6.0443559737804e-31,1.9969393759567113e-29,Downregulated
226342_at,6.928266873308511,8.758550264830001,-1.8302833915214904,-14.876924833690083,6.096237123722867e-31,2.0128435232446784e-29,Downregulated
201613_s_at,8.941373432031915,7.863275879580001,1.078097552451914,14.682599383365297,6.150513875809786e-31,2.0295186461613813e-29,Upregulated
205133_s_at,11.832692480425534,10.71399448188,1.1186979985455334,15.060455336430262,6.221778491942972e-31,2.0517754627078157e-29,Upregulated
1556325_at,6.536713301095744,9.462054306030002,-2.925341004934258,-16.189744568900498,6.305292737523406e-31,2.07804212733109e-29,Downregulated
204244_s_at,8.474356310340426,6.99347506747,1.4808812428704252,15.422972845243125,6.3177560496254915e-31,2.080874628812962e-29,Upregulated
233305_at,2.2311511179574466,4.356259884769999,-2.1251087668125526,-16.807695611548088,6.709728805809552e-31,2.2086259091142753e-29,Downregulated
218350_s_at,9.168957599978723,7.64524896754,1.5237086324387237,14.756884497322783,6.8467925373735605e-31,2.2523644245576412e-29,Upregulated
224925_at,6.916718180478724,8.359244114069998,-1.4425259335912743,-14.93810649857667,6.98570183346846e-31,2.2966562274751506e-29,Downregulated
212322_at,9.483308422542555,8.28022245664,1.2030859659025541,15.187864752960039,6.998236230413071e-31,2.29937161813682e-29,Upregulated
209971_x_at,9.875016141489361,8.858272354130001,1.0167437873593599,16.095090339581972,7.005738144296943e-31,2.3004312077482015e-29,Upregulated
219427_at,6.363587166510639,8.39255282703,-2.0289656605193613,-15.767098797758065,7.0687826252327025e-31,2.3197165483878348e-29,Downregulated
226152_at,7.164672910606382,8.77388622321,-1.609213312603619,-15.552339077376736,7.243639842267358e-31,2.3742011734076302e-29,Downregulated
230276_at,7.036603586329788,8.13639201657,-1.0997884302402117,-14.844893759959453,7.696777472814077e-31,2.5211868036100972e-29,Downregulated
226633_at,9.953506046297873,11.189555067600002,-1.2360490213021293,-16.05369199854035,7.708337246702544e-31,2.523436562088515e-29,Downregulated
207949_s_at,7.667731643648935,6.43757153228,1.230160111368935,15.64443520472461,7.836895663996622e-31,2.56240285825971e-29,Upregulated
1569003_at,9.482748371542554,6.24306785549,3.2396805160525544,14.375288315361109,7.945815616381678e-31,2.594861194551943e-29,Upregulated
226905_at,8.304068335968084,9.858335644799999,-1.554267308831914,-14.202083088142937,8.035399455260095e-31,2.6225242421154093e-29,Downregulated
231098_at,3.963205010074468,6.429408301270001,-2.4662032911955336,-14.433383969888922,8.326854927476624e-31,2.715998903148925e-29,Downregulated
227148_at,7.259732180500002,9.38857074553,-2.128838565029998,-14.795370363173332,8.487147734951469e-31,2.7666044125581803e-29,Downregulated
221935_s_at,8.700959951765958,9.74720451583,-1.0462445640640414,-14.99363524624462,8.64760466456085e-31,2.817202086541913e-29,Downregulated
206380_s_at,5.197816482319148,6.3589567988199995,-1.1611403165008518,-14.070139258680332,8.671470208529838e-31,2.8232669287892605e-29,Downregulated
206747_at,5.354614639553191,6.82146273207,-1.466848092516809,-13.989798689695114,8.698138816458372e-31,2.8302365056384146e-29,Downregulated
242973_at,4.590151036765957,5.827619779770001,-1.2374687430040439,-14.12155844085304,8.72555785340257e-31,2.837441685024852e-29,Downregulated
240189_at,4.049453926500001,5.95719025449,-1.9077363279899995,-14.048084004684247,8.961865407332398e-31,2.9125250320168e-29,Downregulated
213298_at,4.736850271648936,6.523399327890002,-1.786549056241066,-14.032518939737356,8.982733122885758e-31,2.917543983982689e-29,Downregulated
235830_at,5.165489720095745,6.86302615472,-1.6975364346242552,-15.39016036215153,8.994975090692165e-31,2.9197569718042773e-29,Downregulated
227410_at,5.693074841521276,7.762032296330001,-2.068957454808725,-14.182577472980606,9.268005313974838e-31,3.00656775523191e-29,Downregulated
201842_s_at,10.981041165797873,12.944992112800001,-1.9639509470021288,-15.952854575369578,9.39674696974027e-31,3.0464944696470776e-29,Downregulated
208633_s_at,7.911878590170211,9.32662133129,-1.4147427411197881,-14.121330990117404,9.57809690695065e-31,3.103418796609925e-29,Downregulated
210471_s_at,3.21140028974468,4.993109963619999,-1.7817096738753193,-15.154480336851611,9.953234790728688e-31,3.2230264085137457e-29,Downregulated
230581_at,4.0269314908404255,5.273253180599999,-1.246321689759574,-13.922399575325995,1.0214608669038717e-30,3.305673537141495e-29,Downregulated
207334_s_at,5.51759652544681,7.49776519482,-1.9801686693731906,-13.852386411813653,1.1322771252205915e-30,3.6533087856697503e-29,Downregulated
229969_at,7.939674826797872,9.38976323867,-1.4500884118721276,-14.935730334584116,1.1337692461513598e-30,3.655930016396705e-29,Downregulated
205819_at,7.105874277382976,10.04501008671,-2.9391358093270243,-14.454815778091874,1.1896925724964558e-30,3.8339607372255466e-29,Downregulated
212262_at,8.539407512893616,9.71256265577,-1.173155142876384,-14.962234684470141,1.2073296671994956e-30,3.888469070658208e-29,Downregulated
212423_at,8.77226830394681,10.05214949746,-1.2798811935131909,-14.863924114703957,1.2586286343155945e-30,4.0512627004966226e-29,Downregulated
203214_x_at,7.387624514585107,4.67570348452,2.711921030065107,15.08219449697784,1.2814801006630207e-30,4.119885755783696e-29,Upregulated
218251_at,7.554315589819149,9.141990166320001,-1.5876745765008522,-13.96608442961516,1.2809231862158362e-30,4.119885755783696e-29,Downregulated
212192_at,11.823954191074467,13.2050649275,-1.3811107364255335,-15.69052623863488,1.2905384573764379e-30,4.146529358927664e-29,Downregulated
1554757_a_at,4.219194486978724,6.3763535752100005,-2.1571590882312766,-13.852384001680946,1.3069249700968382e-30,4.1966726233808083e-29,Downregulated
224610_at,9.307043510797874,7.85236797797,1.4546755328278733,14.15210108557623,1.3720938743329562e-30,4.4033079430114787e-29,Upregulated
220326_s_at,5.956153559223406,7.45288265285,-1.4967290936265938,-14.66694931641655,1.3794706987038635e-30,4.424341741233512e-29,Downregulated
228174_at,6.71179608762766,8.321309374839998,-1.609513287212338,-14.668540721627767,1.4715707209516581e-30,4.716919117825142e-29,Downregulated
226326_at,9.304934586712765,10.343060615840002,-1.0381260291272376,-15.230629510097804,1.5129858765218462e-30,4.8438963306311916e-29,Downregulated
212382_at,8.795970898042555,10.38687177961,-1.5909008815674461,-13.921717417259527,1.5161189363404816e-30,4.85103944735331e-29,Downregulated
238669_at,6.066031529010638,7.420064228659999,-1.3540326996493617,-14.317887677138565,1.5437237123519633e-30,4.936428275419898e-29,Downregulated
223657_at,5.143161679574468,6.7132686955,-1.5701070159255321,-13.824296665138087,1.5706286949763219e-30,5.0194792030895096e-29,Downregulated
212206_s_at,8.269971368074467,9.35448381236,-1.084512444285533,-14.414673677404416,1.58966280537461e-30,5.077292378258834e-29,Downregulated
210612_s_at,6.651039123414893,4.88974295543,1.7612961679848933,13.87520790176451,1.6104251342594818e-30,5.140553487909822e-29,Upregulated
213469_at,6.707626996521275,8.3752137194,-1.667586722878725,-14.441168406677736,1.630346893083715e-30,5.201058006607396e-29,Downregulated
228602_at,3.9705531632872337,6.16186528029,-2.191312117002766,-13.945570672391243,1.645291698665282e-30,5.245622958174917e-29,Downregulated
201372_s_at,3.451487775234043,4.576105499219999,-1.1246177239859558,-13.876063965697545,1.6934315538297096e-30,5.395906964116395e-29,Downregulated
216474_x_at,8.12124097598936,11.475689893840002,-3.3544489178506414,-15.42616510907212,1.6996848630996614e-30,5.412625816854848e-29,Downregulated
209736_at,5.992621563734042,7.2097112140699995,-1.2170896503359572,-13.826363711892075,1.785352339043249e-30,5.672000053619621e-29,Downregulated
218305_at,7.115182780404255,5.81962673701,1.2955560433942548,15.027990363968465,1.799376587782934e-30,5.713179997077502e-29,Upregulated
203951_at,6.829654099585107,9.71777816278,-2.8881240631948932,-15.105463490182318,1.8311965007675113e-30,5.810780825385332e-29,Downregulated
222111_at,7.821616572787233,9.027185124790002,-1.2055685520027684,-14.24415644956263,1.848267301285194e-30,5.861492044040416e-29,Downregulated
226844_at,5.9762178553936165,8.186801403270001,-2.210583547876385,-14.970906661486072,1.8899521102044603e-30,5.990156994664531e-29,Downregulated
231784_s_at,9.342036745755317,8.06543366141,1.276603084345318,15.231372083025017,1.894649724146749e-30,6.001509426558129e-29,Upregulated
223842_s_at,4.215529170500001,5.74049655981,-1.5249673893099995,-13.768571723807169,1.923213336561221e-30,6.088402149516294e-29,Downregulated
202786_at,9.73622048062766,8.329035341400001,1.4071851392276589,15.327424916667285,1.930016338956679e-30,6.106344635713173e-29,Upregulated
230072_at,3.850811338329787,4.93963644393,-1.0888251056002125,-13.808256051838834,1.944686869377929e-30,6.149143324888965e-29,Downregulated
242201_at,6.135332469734041,4.243730194160001,1.8916022755740398,15.127920783949726,2.0521739813562736e-30,6.481399281340488e-29,Upregulated
231015_at,6.423811980117023,7.92435952904,-1.5005475489229774,-14.167742844806853,2.0792198256916135e-30,6.562964644639033e-29,Downregulated
224917_at,11.720136606010641,9.189901537849998,2.5302350681606427,13.80212678168927,2.1017004440413548e-30,6.630032849455033e-29,Upregulated
205683_x_at,8.104553238861703,11.404139833540002,-3.299586594678299,-15.391835352962223,2.1611377087499312e-30,6.813537678946296e-29,Downregulated
215028_at,3.3594081304468073,5.44944658608,-2.0900384556331923,-14.085623987643004,2.231032020846125e-30,7.029776700247785e-29,Downregulated
230381_at,5.665788072702127,7.84642201183,-2.1806339391278726,-14.30768191740332,2.2926956915470362e-30,7.219843704071948e-29,Downregulated
202132_at,8.587008307042554,10.001424261779999,-1.4144159547374446,-14.700274539369609,2.309034550093499e-30,7.267041094870037e-29,Downregulated
218876_at,6.7549224619787225,10.200413055360002,-3.4454905933812796,-14.934121861002382,2.3117960693069043e-30,7.271477390862056e-29,Downregulated
218681_s_at,9.008247316297872,7.692864162200001,1.315383154097871,13.971485160297153,2.343702014482443e-30,7.367525222148024e-29,Upregulated
222312_s_at,5.623549040234044,7.63344189379,-2.0098928535559555,-14.277634495522957,2.361211839454136e-30,7.418232476453281e-29,Downregulated
224753_at,5.8604367083085105,3.5134175280299997,2.3470191802785108,15.587966826238304,2.367889057790297e-30,7.434867534285399e-29,Upregulated
219529_at,7.780417889446808,10.43101662946,-2.6505987400131925,-15.756180493948147,2.490446754142354e-30,7.815120718687318e-29,Downregulated
216235_s_at,5.779516292489362,8.11584054958,-2.336324257090638,-14.10022045308438,2.4935780304044362e-30,7.820384136637493e-29,Downregulated
228243_at,5.2399421097021275,6.749953161670001,-1.510011051967873,-14.832747195725059,2.49944568508252e-30,7.834218276098393e-29,Downregulated
226701_at,7.942671793744681,10.13955699448,-2.196885200735318,-14.171320225476792,2.5217620885954763e-30,7.894964825215151e-29,Downregulated
228062_at,5.8584807107872345,7.784854816700001,-1.9263741059127666,-14.783142474912564,2.699120759746944e-30,8.445311761707337e-29,Downregulated
211000_s_at,7.86834632544681,9.534552250720001,-1.6662059252731911,-13.720473461639632,2.7056057531976803e-30,8.460680874505258e-29,Downregulated
214427_at,7.881891807361703,6.699440079640001,1.182451727721702,15.17773707915988,2.788305363336085e-30,8.714223839186209e-29,Upregulated
231838_at,6.79201676630851,4.457241307129999,2.334775459178511,14.593723449206779,2.86298424088751e-30,8.93722985376527e-29,Upregulated
205569_at,10.774675188031914,13.616340093899998,-2.8416649058680843,-16.34054348898568,2.9682823869997782e-30,9.260558959812648e-29,Downregulated
232217_at,3.4447608044042552,4.4594154575600005,-1.0146546531557452,-13.868845490558417,3.0705612041186362e-30,9.57409883621594e-29,Downregulated
212552_at,10.115643246297871,11.277886270599998,-1.1622430243021267,-14.48866233002476,3.09586712795847e-30,9.647410738376261e-29,Downregulated
204755_x_at,5.611067566574468,8.40479650181,-2.7937289352355332,-15.140884560125246,3.136971385206908e-30,9.769840354646135e-29,Downregulated
204027_s_at,6.664632054159575,5.180027498539999,1.4846045556195753,14.690891995569281,3.14136096480067e-30,9.777849586387086e-29,Upregulated
219233_s_at,6.728847424138297,4.5413689130699995,2.1874785110682975,14.807879407215296,3.1519287126380943e-30,9.805068695081117e-29,Upregulated
1558404_at,2.8130590188617024,4.67632184631,-1.8632628274482972,-14.1130702985153,3.174215228838764e-30,9.868690190654436e-29,Downregulated
228331_at,5.341797908170213,3.59922047515,1.7425774330202133,13.841590258889129,3.392081657701854e-30,1.053386281992794e-28,Upregulated
227529_s_at,4.757702378138298,7.846109852560001,-3.088407474421703,-15.529463267822122,3.4608188424463606e-30,1.0741119576446623e-28,Downregulated
201497_x_at,8.940946973276596,11.953784959830005,-3.012837986553409,-15.429486708859283,3.508616126925944e-30,1.0883184948260603e-28,Downregulated
232227_at,2.3622074743723402,4.41729954684,-2.0550920724676596,-16.287473482937713,3.537264200006236e-30,1.0965722896918466e-28,Downregulated
201787_at,7.129786027287235,9.619289376030002,-2.489503348742767,-15.263788072891769,3.550952780892192e-30,1.1001817181628308e-28,Downregulated
228184_at,6.304335782361702,8.137540445690002,-1.8332046633283001,-13.77600796900596,3.556231204257242e-30,1.101182795349338e-28,Downregulated
237400_at,6.269047809617021,7.86496284426,-1.595915034642979,-14.655943018881528,3.578757886029637e-30,1.1075205503911972e-28,Downregulated
224833_at,10.957320597808513,12.313732431200002,-1.3564118333914887,-15.062364494204111,3.6183651597474556e-30,1.119133918816427e-28,Downregulated
242722_at,10.990193542031916,12.745362897799998,-1.755169355768082,-14.819902825268727,3.82954153198112e-30,1.1830885746073319e-28,Downregulated
203603_s_at,8.220482182446808,9.892178470860001,-1.6716962884131927,-15.35970609547804,3.835510372680782e-30,1.1835729254446847e-28,Downregulated
202667_s_at,7.579467730393616,6.12910598931,1.4503617410836158,14.519438136670459,3.833788621343005e-30,1.1835729254446847e-28,Upregulated
242260_at,5.869279042946809,3.1038719993,2.7654070436468094,15.821164907723187,3.861496244385353e-30,1.190908469039625e-28,Upregulated
205462_s_at,8.606303844489362,10.18840853402,-1.582104689530638,-14.449486563576997,4.074667581797457e-30,1.2559316364158051e-28,Downregulated
203811_s_at,6.789045541680851,8.72636824339,-1.9373227017091494,-14.07383176124832,4.404922462155168e-30,1.3569482219328627e-28,Downregulated
228107_at,4.01310105124468,5.12897033447,-1.1158692832253196,-13.64584510437206,4.427899493726614e-30,1.3632455762425854e-28,Downregulated
226018_at,5.992243904127661,8.30914508395,-2.316901179822339,-14.70384279650483,4.456924460636328e-30,1.371396676428979e-28,Downregulated
220646_s_at,4.388353786574468,6.602232246510002,-2.2138784599355334,-13.721497183480059,4.479597795894961e-30,1.3775851746712772e-28,Downregulated
209408_at,5.618442516851065,2.52409853391,3.094343982941065,16.244537881078994,4.5016134405685425e-30,1.383564460082398e-28,Upregulated
209064_x_at,9.91713260225532,8.67990436697,1.23722823528532,15.140742684262882,4.576508602542398e-30,1.4057800782201335e-28,Upregulated
44702_at,5.984964263425534,7.287377520459999,-1.3024132570344653,-14.384294320541562,4.626173888349048e-30,1.4202248216823167e-28,Downregulated
217452_s_at,3.598988379978723,6.043364029939998,-2.4443756499612754,-13.908090581349743,4.744362428165934e-30,1.4556775673778262e-28,Downregulated
209612_s_at,8.651757368893616,13.3580465224,-4.706289153506384,-16.348259555779173,4.7830328039501526e-30,1.4658700991069113e-28,Downregulated
209641_s_at,7.307447481712766,4.60076860055,2.706678881162766,15.477365727179444,4.832570253712228e-30,1.4802085630191678e-28,Upregulated
203071_at,5.33891794419149,7.60098973517,-2.26207179097851,-14.745682593905151,4.9454270379968776e-30,1.5139142781200913e-28,Downregulated
210479_s_at,5.235177984765958,7.27649662501,-2.041318640244042,-13.68765520436364,5.023043833697885e-30,1.5367999751949627e-28,Downregulated
235173_at,5.768113981159575,7.5164611294300006,-1.7483471482704251,-15.125375875916962,5.0676471074048536e-30,1.5495649080095364e-28,Downregulated
214073_at,6.172765740489362,4.08243768595,2.0903280545393628,14.456624872217972,5.1077947082017876e-30,1.5609536714508033e-28,Upregulated
1559263_s_at,7.54804562251064,5.751370648670001,1.7966749738406387,13.679130865742888,5.119984741748064e-30,1.5629029473306546e-28,Upregulated
213908_at,4.206711077393617,5.3590860860100005,-1.1523750086163833,-13.681882539065743,5.250898699156832e-30,1.6019559695567179e-28,Downregulated
201147_s_at,9.57919142006383,11.713199364029997,-2.134007943966166,-14.461400513709041,5.26559925326229e-30,1.605530166870553e-28,Downregulated
209291_at,8.88832430112766,11.4562637102,-2.5679394090723395,-15.681933164290083,5.329785219565993e-30,1.623260633179935e-28,Downregulated
210222_s_at,3.8483361411382977,5.52353634891,-1.6752002077717019,-14.017919087722078,5.372027379831092e-30,1.634275252554271e-28,Downregulated
222848_at,7.397694979553193,5.255616256599999,2.142078722953194,14.028399981791294,5.382123147915896e-30,1.636421004148131e-28,Upregulated
239133_at,6.318503521457448,7.32164038904,-1.003136867582552,-14.305865009482442,5.9424453946195885e-30,1.8057647909322554e-28,Downregulated
201489_at,9.36207648461702,8.10862603348,1.2534504511370201,13.8337541762177,6.316585209653694e-30,1.9172903616615889e-28,Upregulated
209642_at,6.068546724606383,3.2247035579000003,2.843843166706383,15.161081195872837,6.471964433248795e-30,1.9633450592595582e-28,Upregulated
212698_s_at,11.551143740308515,12.6411679856,-1.0900242452914846,-14.438492626332964,6.870972574655006e-30,2.0832138156730223e-28,Downregulated
223151_at,9.667421415446807,8.65645916503,1.0109622504168065,14.89475285018539,6.894976886537722e-30,2.08931395391165e-28,Upregulated
218486_at,7.89450829357447,9.092239657470001,-1.1977313638955316,-14.627843217319645,6.958974142496125e-30,2.1075190497088774e-28,Downregulated
220676_at,2.8612828655744678,3.91839522602,-1.0571123604455321,-14.096767207645241,7.28026360726479e-30,2.203580519866877e-28,Downregulated
232204_at,5.722938201382981,7.7583620537,-2.0354238523170194,-14.488297348046352,7.3771059863164e-30,2.2316367974129015e-28,Downregulated
227013_at,8.737644360106382,10.03540779655,-1.2977634364436188,-14.984192515322867,7.468093717717546e-30,2.257891448573108e-28,Downregulated
1555497_a_at,6.2504064565212785,10.64864806373,-4.398241607208722,-15.411046448246994,7.59134773760389e-30,2.293866457386308e-28,Downregulated
211748_x_at,10.509428952031914,12.8613337106,-2.351904758568086,-15.131653546582447,7.610001862151322e-30,2.2982120166067997e-28,Downregulated
205236_x_at,6.381800002436168,8.49909644008,-2.117296437643833,-14.173510296383835,7.646216623393788e-30,2.30785301518439e-28,Downregulated
207820_at,2.7405459234255316,3.75915472814,-1.0186088047144684,-13.573647667453514,7.943260324828975e-30,2.3961648896873316e-28,Downregulated
203638_s_at,7.811582686957448,9.89333566947,-2.081752982512552,-15.033895384879544,8.028506247348861e-30,2.4205226290353463e-28,Downregulated
221600_s_at,7.172505697861703,8.290075697530002,-1.1175699996682988,-13.83606018852305,8.096303802362403e-30,2.439595497556662e-28,Downregulated
1554624_a_at,3.018841087531915,4.86001964607,-1.8411785585380844,-13.602502410875847,8.207582343819893e-30,2.471741455457429e-28,Downregulated
239568_at,3.013420658106383,5.00937774557,-1.995957087463617,-13.554514628661707,8.410736185354422e-30,2.5315045129573197e-28,Downregulated
211737_x_at,6.204816269106383,9.284175927249999,-3.0793596581436162,-15.357203567068128,8.468623764842392e-30,2.5460782437999605e-28,Downregulated
228727_at,6.4736144395957425,7.615879496859999,-1.1422650572642565,-14.00622106764342,8.494124244569963e-30,2.552318249265028e-28,Downregulated
226980_at,5.542297224319148,2.7353143374299997,2.806982886889148,15.751120509448745,8.63030492661083e-30,2.591789954118873e-28,Upregulated
228191_at,9.305748720351064,8.00848047211,1.297268248241064,14.358441204361787,8.661327643917874e-30,2.5996549590165558e-28,Upregulated
204041_at,6.78854981531915,9.642372062720002,-2.853822247400852,-15.547498253332673,8.697614867002915e-30,2.609090425190289e-28,Downregulated
204464_s_at,8.56645764306383,10.585842973220002,-2.0193853301561724,-14.935567819425096,9.1736200122759e-30,2.748815186519619e-28,Downregulated
1558215_s_at,5.3205247264680855,6.591346621759999,-1.2708218952919133,-14.074585474037711,9.216486693635966e-30,2.7601222344315373e-28,Downregulated
229276_at,5.350718201095745,2.85479582851,2.495922372585745,16.413522725634415,9.2371495104845e-30,2.7647708601609313e-28,Upregulated
227417_at,6.339230666638296,8.743453757279998,-2.4042230906417013,-15.76757203131425,9.341932946217997e-30,2.794578450752398e-28,Downregulated
203554_x_at,9.426501892808512,7.242021952179999,2.1844799406285125,14.361399340200418,9.559118546479596e-30,2.8579585888880017e-28,Upregulated
221795_at,2.9085804621170217,6.44957706131,-3.5409965991929786,-15.265087414867564,9.722873752674458e-30,2.9053027092297133e-28,Downregulated
204023_at,8.89694292112766,7.294017590799999,1.6029253303276612,14.894384408670364,9.914595497041993e-30,2.959303182041624e-28,Upregulated
228071_at,9.3068107195,11.304946141319999,-1.998135421819999,-14.384504557972893,1.0115613264356237e-29,3.0176282586614784e-28,Downregulated
220301_at,7.49879963456383,9.43551266256,-1.9367130279961708,-14.964114119150281,1.0213167124094061e-29,3.0450410584064475e-28,Downregulated
214146_s_at,3.716484633691488,7.45841682051,-3.741932186818512,-13.815348768659232,1.0243983252206838e-29,3.0525367490481823e-28,Downregulated
38918_at,4.776756300670213,6.201967652479998,-1.4252113518097849,-13.590084650724126,1.0309931156759347e-29,3.070487027671419e-28,Downregulated
201920_at,10.453260290340426,9.32521754806,1.1280427422804262,13.991240385840328,1.0392837000283959e-29,3.093465029868694e-28,Upregulated
242881_x_at,6.424416180957446,3.06045665683,3.3639595241274463,15.294086014770825,1.0431346030429996e-29,3.1032100530570124e-28,Upregulated
223484_at,10.883133315691488,7.6611911287,3.2219421869914884,13.880663091645918,1.0457338045230353e-29,3.109222687124156e-28,Upregulated
209836_x_at,9.67370475806383,8.45263165869,1.2210730993738288,14.279361453564553,1.0539374115257051e-29,3.1318827412332363e-28,Upregulated
207134_x_at,8.126767847212767,11.413642935329996,-3.2868750881172293,-15.102225055900314,1.0807906977993819e-29,3.209906597009252e-28,Downregulated
1570255_s_at,3.142463968702128,4.94653456682,-1.8040705981178715,-13.570012853225924,1.1035113200801711e-29,3.275577255067996e-28,Downregulated
204519_s_at,7.49130656631915,9.89529565214,-2.40398908582085,-15.163958831937759,1.1589280431004064e-29,3.4381745022723915e-28,Downregulated
205997_at,8.574520569223404,6.19734380461,2.377176764613404,13.577191238071354,1.1599991722198016e-29,3.4394550979610944e-28,Upregulated
201328_at,9.726893456223404,11.39443756786,-1.6675441116365963,-14.576915602738863,1.174624461475227e-29,3.4809008972400306e-28,Downregulated
222441_x_at,9.62366888081915,8.53406196979,1.0896069110291489,13.77529785657316,1.2006604441345575e-29,3.554139936610969e-28,Upregulated
222409_at,10.057754293138299,11.137375813399997,-1.079621520261698,-14.413942751223258,1.2269228653185309e-29,3.629883016172855e-28,Downregulated
226614_s_at,5.935110253606384,8.48793631717,-2.552826063563616,-14.133377278471333,1.2542996948809212e-29,3.70883800928341e-28,Downregulated
229084_at,4.745041357,7.06741385475,-2.32237249775,-14.55781971304808,1.27230647588384e-29,3.7600151709828687e-28,Downregulated
212448_at,6.836200225,9.04077332843,-2.2045731034299996,-14.75452140971016,1.3121478993210234e-29,3.875628056720514e-28,Downregulated
230479_at,6.769932978106383,8.06688417579,-1.296951197683616,-14.246162920783956,1.3714365353342514e-29,4.046302001617556e-28,Downregulated
218740_s_at,9.999776668574466,8.87199614139,1.1277805271844663,14.476103979754782,1.3791754907559074e-29,4.066904218519585e-28,Upregulated
336_at,2.816860281095745,4.31840841635,-1.5015481352542546,-14.19817457908192,1.4123260295830883e-29,4.160096814192551e-28,Downregulated
229796_at,7.8544126421808516,5.55491633922,2.2994963029608515,13.647882070526919,1.4340361353976047e-29,4.221733310262483e-28,Upregulated
226452_at,9.503534984414893,7.64657855488,1.8569564295348933,14.175072890522781,1.4354977710326214e-29,4.22372445912257e-28,Upregulated
243023_at,3.958846740606383,5.273612310689999,-1.3147655700836158,-13.577689556613985,1.4634727782121018e-29,4.30133042890252e-28,Downregulated
229670_at,6.150584887819149,8.11761963774,-1.9670347499208516,-14.397761658480622,1.4898605549688216e-29,4.376495893476408e-28,Downregulated
241114_s_at,4.327892311914893,5.93814331766,-1.6102510057451065,-13.919350701937125,1.5027585231233666e-29,4.411974340868635e-28,Downregulated
1320_at,2.9063553333297887,4.78617232125,-1.879816987920211,-15.467688480963961,1.5262375056464254e-29,4.477632896567342e-28,Downregulated
215436_at,4.679079189021276,6.050038650640001,-1.3709594616187255,-14.228973284919293,1.52678740421383e-29,4.477632896567342e-28,Downregulated
224562_at,8.919635455021277,10.020710181279998,-1.1010747262587213,-14.167251541217034,1.5374247392558901e-29,4.506372044992769e-28,Downregulated
1554126_at,3.754248349234042,5.2590208595000005,-1.5047725102659584,-13.827455891583055,1.5452178762535742e-29,4.52674775011845e-28,Downregulated
209867_s_at,3.9406600151595748,5.776498875509999,-1.835838860350424,-13.470379701240304,1.5491843872281473e-29,4.535897193873333e-28,Downregulated
229985_at,4.172905288351062,6.653611484370001,-2.4807061960189385,-13.878303368138756,1.5624137372762054e-29,4.572142833141348e-28,Downregulated
202947_s_at,8.386386724989363,10.10804722584,-1.7216605008506374,-13.633659640929036,1.5663726179460613e-29,4.581235325114022e-28,Downregulated
229092_at,4.392914354414894,5.808008452610002,-1.415094098195108,-13.478253529061535,1.5831359987617176e-29,4.627747436380313e-28,Downregulated
227662_at,6.396366633148937,9.65116016435,-3.254793531201062,-15.216603912238753,1.5898012925853504e-29,4.644706807332735e-28,Downregulated
210875_s_at,5.363206064202128,7.400102195330001,-2.0368961311278726,-13.58443884777766,1.610093586719991e-29,4.70143830919226e-28,Downregulated
211340_s_at,8.709485480085105,10.484402622180001,-1.7749171420948961,-13.863875250053281,1.6150704698159474e-29,4.713411844249623e-28,Downregulated
222513_s_at,5.872897389021276,8.01638879815,-2.1434914091287247,-15.105686764703623,1.6288119967528322e-29,4.750937204845328e-28,Downregulated
227821_at,2.8953372370851063,4.124430118839999,-1.2290928817548932,-14.598821132808732,1.6456679399256367e-29,4.797501128284027e-28,Downregulated
235691_at,4.0390259601063825,5.45938654334,-1.4203605832336175,-13.648196850097248,1.6939159256748282e-29,4.935480063832411e-28,Downregulated
209512_at,8.033018813446807,9.4045530644,-1.371534250953193,-14.598763549486398,1.7242331702764648e-29,5.0210939521651285e-28,Downregulated
237484_at,3.4126557975212775,5.3265506151099995,-1.913894817588722,-13.603805203536428,1.74961496951112e-29,5.0922505817167265e-28,Downregulated
205898_at,6.948965731542554,9.72423505236,-2.7752693208174453,-13.704970055748886,1.7860060186740493e-29,5.189741746104939e-28,Downregulated
222221_x_at,7.097409112095745,8.110128089969999,-1.012718977874254,-13.77871289486677,1.7889992043680704e-29,5.195632354543252e-28,Downregulated
228739_at,4.439783325989362,7.23265890484,-2.792875578850638,-14.460082973491085,1.7994230863114932e-29,5.223085273629248e-28,Downregulated
213249_at,6.347847210425532,8.2246988845,-1.8768516740744685,-14.797160582240354,1.8965406096207676e-29,5.4990476134265555e-28,Downregulated
203904_x_at,8.249882626287235,9.41023728973,-1.1603546634427655,-13.77516786462629,1.8999027735053347e-29,5.505828156021441e-28,Downregulated
219882_at,3.7851533415531917,5.38786441674,-1.6027110751868086,-13.677684545288697,1.9232251222072993e-29,5.567415846234758e-28,Downregulated
218086_at,7.369856702500001,9.01963764622,-1.6497809437199988,-13.818382421348534,1.9443928388197304e-29,5.625665047270469e-28,Downregulated
227758_at,7.0230337802659575,9.48843068863,-2.465396908364043,-15.23796857083427,1.9584713915911023e-29,5.663351734845109e-28,Downregulated
225688_s_at,9.02283383431915,10.905948438589999,-1.8831146042708493,-15.29237764695174,1.968946337710701e-29,5.690582897372798e-28,Downregulated
218353_at,9.583033494244683,11.57061410768,-1.987580613435318,-13.906959438849869,1.9702667389572318e-29,5.69134086044864e-28,Downregulated
218750_at,8.006103399414892,6.31622438463,1.6898790147848919,13.455762848223936,1.974047187231161e-29,5.699200322727602e-28,Upregulated
213375_s_at,8.972015145287234,10.21505445631,-1.2430393110227662,-14.737056823688865,2.0439098224243516e-29,5.894570172059849e-28,Downregulated
231031_at,3.24694650656383,4.8551098326,-1.6081633260361703,-13.818998726246159,2.0490954878703552e-29,5.906358516109053e-28,Downregulated
201060_x_at,10.594830640893615,11.950808372500003,-1.3559777316063872,-15.088440182012894,2.0716349746578626e-29,5.968128481357675e-28,Downregulated
222250_s_at,7.31347654194681,6.22918891955,1.0842876223968094,14.510380916351714,2.1167823861028488e-29,6.094928127351596e-28,Upregulated
223307_at,6.5174686200957455,4.00321154837,2.514257071725745,15.447469065843933,2.1874126516334506e-29,6.294926531875696e-28,Upregulated
227325_at,6.726848388000001,7.87217648682,-1.1453280988199985,-13.94623066342494,2.2008019431742664e-29,6.330071300297919e-28,Downregulated
212325_at,9.278096389053191,11.045564038959998,-1.7674676499068074,-13.900634523795402,2.2351126269458048e-29,6.425321632972051e-28,Downregulated
201004_at,13.124416028404253,12.088346897900001,1.0360691305042522,14.2088737689381,2.322805286098256e-29,6.670283241755516e-28,Upregulated
238226_at,4.834980397968086,5.957165680109999,-1.1221852821419134,-13.50021885478412,2.3571445079679763e-29,6.765281457073936e-28,Downregulated
209068_at,8.35705373338298,9.35877444061,-1.0017207072270207,-14.097512531465892,2.4194189257479992e-29,6.940312871481701e-28,Downregulated
228232_s_at,5.698879323882978,8.08519387973,-2.3863145558470213,-15.179141350264647,2.4971839128144524e-29,7.1595700391598155e-28,Downregulated
204863_s_at,8.493702960968083,10.083656235069999,-1.5899532741019158,-13.40560392604661,2.500611558744336e-29,7.165577693053962e-28,Downregulated
235549_at,3.5360836608191493,5.470324044180001,-1.9342403833608515,-13.645011198304388,2.5703885663636997e-29,7.3616038035376975e-28,Downregulated
230330_at,4.463840801287234,5.481608647829998,-1.017767846542764,-13.404575048166098,2.626588194866199e-29,7.514557055801775e-28,Downregulated
232060_at,6.042054767765957,8.80715507324,-2.7651003054740437,-15.582316580737235,2.626404724536814e-29,7.514557055801775e-28,Downregulated
206637_at,6.92807072480851,9.17695311878,-2.24888239397149,-15.271827683565604,2.714998675762651e-29,7.763366229376393e-28,Downregulated
215039_at,5.809040122659575,8.177097961449999,-2.368057838790423,-14.660230732792948,2.765707484231358e-29,7.899965095425801e-28,Downregulated
202345_s_at,11.252881593851065,13.108510238799997,-1.8556286449489328,-14.819715477769302,2.8312938305019926e-29,8.078725197208497e-28,Downregulated
206544_x_at,7.337490600968085,8.96007488377,-1.622584282801915,-14.092549466472182,2.903810617932673e-29,8.276860513838195e-28,Downregulated
220471_s_at,2.5943255230531914,3.8956086778600008,-1.3012831548068093,-14.974657933081291,2.985620672048407e-29,8.50553990819892e-28,Downregulated
228444_at,5.977398298957446,7.577635030400001,-1.6002367314425543,-13.999686906888703,3.019535613423686e-29,8.59760415582882e-28,Downregulated
203213_at,8.983233556595744,6.88302173296,2.1002118236357443,14.381624104893834,3.192734536216429e-29,9.085948135710943e-28,Upregulated
218501_at,9.292367724659576,10.32780783167,-1.0354401070104249,-14.452966475064812,3.249224648783901e-29,9.236934300184508e-28,Downregulated
239170_at,3.5966007841808523,4.73978635475,-1.1431855705691474,-13.664904683811002,3.3489183050235687e-29,9.515315369994595e-28,Downregulated
222722_at,5.820071170500001,9.80982039259,-3.9897492220899986,-14.541042062384044,3.3651937835790836e-29,9.556510709798553e-28,Downregulated
226490_at,7.565787182978725,9.48450227749,-1.918715094511275,-15.042905957882935,3.3682208981441447e-29,9.560059589845961e-28,Downregulated
231734_at,3.3240145692765948,5.007375382790001,-1.6833608135134064,-13.534598436465766,3.379768250704107e-29,9.587775059724215e-28,Downregulated
239989_at,3.1088692322127653,4.37162363951,-1.2627544072972348,-13.368200930516348,3.4206419679826646e-29,9.69350099525372e-28,Downregulated
211663_x_at,7.805590207191489,10.19649651739,-2.3909063101985115,-14.747895234536196,3.420016067908303e-29,9.69350099525372e-28,Downregulated
209123_at,8.549957262191489,9.637615007720003,-1.0876577455285137,-14.331709110312694,3.5253155892640963e-29,9.979611804429404e-28,Downregulated
214726_x_at,7.2498657228404255,8.69783184583,-1.447966122989575,-13.551582805048856,3.594453414758291e-29,1.0169977452193026e-27,Downregulated
203936_s_at,8.936506672585107,6.15735274766,2.779153924925107,13.41096108591222,3.661063594821982e-29,1.0352995084705317e-27,Upregulated
210383_at,3.153833529712765,5.20371788466,-2.0498843549472348,-13.437719642616305,3.7005149619965155e-29,1.0459059261478958e-27,Downregulated
204463_s_at,7.575470280223405,9.71337591561,-2.137905635386595,-14.003772550144426,3.8282884330791914e-29,1.0808835782761018e-27,Downregulated
227848_at,7.214365539521277,11.258480513000002,-4.044114973478725,-15.665212034144883,3.8403721446016355e-29,1.0837264227153386e-27,Downregulated
224645_at,6.7335984585851065,7.93147569331,-1.1978772347248938,-14.050818923472216,3.8497477662717625e-29,1.0858024822060461e-27,Downregulated
225163_at,6.602624453234044,8.15942889145,-1.5568044382159565,-14.560816025764844,3.860276799198285e-29,1.0882015090234745e-27,Downregulated
219539_at,8.097459741734044,7.009285529529999,1.088174212204045,13.692294322152643,3.9395130044711955e-29,1.1099562412702343e-27,Upregulated
238567_at,6.010568479734044,3.0933191814199996,2.917249298314044,14.169356409053574,4.011565455766789e-29,1.1290740952583593e-27,Upregulated
222594_s_at,5.702034839489362,4.23068212014,1.4713527193493618,14.576118201197751,4.0254065377566476e-29,1.132377175940267e-27,Upregulated
232080_at,7.044638042957447,8.73699882305,-1.6923607800925522,-13.4821530799012,4.0457960773503664e-29,1.1375179708121631e-27,Downregulated
218805_at,7.78707963256383,9.938161847749999,-2.151082215186169,-14.488106301769777,4.0601487668892804e-29,1.1409569570319062e-27,Downregulated
226992_at,5.73256532669149,8.481266151510003,-2.7487008248185125,-15.01840404689883,4.122428230799528e-29,1.1578533933252399e-27,Downregulated
220016_at,3.547171686872341,5.217743639939999,-1.6705719530676584,-14.04863390465796,4.218958710937406e-29,1.184347146275988e-27,Downregulated
213348_at,7.856112446425531,9.52531813968,-1.6692056932544688,-14.095442531326942,4.4764681308132175e-29,1.2559797333537805e-27,Downregulated
228890_at,5.665665180978723,8.0863355086,-2.420670327621276,-14.474998627799547,4.500920984720686e-29,1.2621821485098375e-27,Downregulated
218069_at,8.584453151212765,7.52912252794,1.0553306232727646,14.21424326241581,4.572307263318697e-29,1.2815326652676365e-27,Upregulated
1554574_a_at,9.011674317531915,10.373715169529998,-1.3620408519980831,-13.313040056422238,4.6703666890316513e-29,1.3083351184180022e-27,Downregulated
202813_at,9.074269690351064,7.88736281888,1.1869068714710647,14.035771997157251,4.800143758448683e-29,1.3439902768970375e-27,Upregulated
230353_at,4.688371210797873,5.723817021399998,-1.0354458106021251,-13.65258116637755,4.818972558770914e-29,1.3485601355153608e-27,Downregulated
206236_at,5.055169208638299,6.48767211341,-1.4325029047717015,-13.478198336669363,5.079516276958044e-29,1.420732514157386e-27,Downregulated
203821_at,8.125834200702128,10.630543876870002,-2.5047096761678738,-13.71954736675886,5.117176311491522e-29,1.4305220638767307e-27,Downregulated
225853_at,9.230424433925533,7.8809373045300015,1.3494871293955315,15.085873393153404,5.15964727128589e-29,1.4416456526409502e-27,Upregulated
226806_s_at,8.281620782106383,10.234837516390002,-1.9532167342836182,-14.894330438974821,5.220241031139724e-29,1.4570621904560517e-27,Downregulated
213320_at,8.637992349765955,7.600747514119999,1.0372448356459563,14.242450438075029,5.571426800162999e-29,1.5518630858289335e-27,Upregulated
218826_at,7.237984333478724,5.397811212080001,1.8401731213987231,13.601639086277842,5.57618351354804e-29,1.5523840914062881e-27,Upregulated
202746_at,9.021540807425533,11.3589427785,-2.337401971074467,-15.207819619131245,5.641729806501454e-29,1.5698193449171607e-27,Downregulated
223395_at,9.49526881156383,12.5655166224,-3.07024781083617,-15.754863104443691,5.670307379457082e-29,1.5769552880634881e-27,Downregulated
205661_s_at,7.997003839648936,6.734751105500001,1.2622527341489347,15.071471806156715,5.689343982073615e-29,1.5814318109550981e-27,Upregulated
221687_s_at,4.1530514706702135,5.284853407539999,-1.1318019368697856,-13.301176087158552,5.78254083123306e-29,1.6065069274209784e-27,Downregulated
205532_s_at,3.940905410031915,6.05919956714,-2.1182941571080853,-13.67966146059341,5.914323033458691e-29,1.642270411345427e-27,Downregulated
224975_at,8.63154351961702,10.311780719360002,-1.6802371997429812,-14.925539375870384,5.923083079580776e-29,1.6438542132008856e-27,Downregulated
227233_at,3.389887051255319,5.0439547215900005,-1.6540676703346815,-13.397296764863027,5.93056944690451e-29,1.6450830751480455e-27,Downregulated
223556_at,4.9801677557553194,2.7358362235499993,2.24433153220532,15.309577545158579,6.341860555764835e-29,1.7573586391157518e-27,Upregulated
213688_at,4.627777977734042,6.06295583043,-1.4351778526959578,-13.263990688120003,6.346434831511341e-29,1.757720617135268e-27,Downregulated
202801_at,7.053240300361702,8.07406863298,-1.0208283326182972,-13.258695955080535,6.600086188206475e-29,1.826091747525069e-27,Downregulated
227943_at,7.947525804117022,5.911112124359999,2.0364136797570227,13.852261298410923,6.820040975684777e-29,1.8859780150035035e-27,Upregulated
224976_at,6.236760851042554,8.229447590209999,-1.9926867391674445,-14.597151106095716,7.051858452677936e-29,1.94908149401714e-27,Downregulated
202501_at,8.726496378914893,9.87530788354,-1.1488115046251064,-13.936873687461308,7.266179129612773e-29,2.0062562149145414e-27,Downregulated
229144_at,5.527069509085107,7.34046752391,-1.8133980148248927,-14.79262764341462,7.292056501985257e-29,2.0123681427182094e-27,Downregulated
222451_s_at,9.518556261627662,8.01220846647,1.5063477951576623,14.343647377848004,7.383241217503285e-29,2.0364872416647777e-27,Upregulated
212764_at,8.748571939297873,10.482618708829998,-1.7340467695321244,-14.761077475045479,7.44191523319095e-29,2.051618927382924e-27,Downregulated
221928_at,5.07814981219149,6.284921037230001,-1.2067712250385112,-13.355046009364582,7.541655731620992e-29,2.0780506925254444e-27,Downregulated
224606_at,11.182866109170211,12.508650924800001,-1.32578481562979,-13.63502207391258,7.689596594957678e-29,2.1177298640880373e-27,Downregulated
64064_at,7.0304772585531925,8.99233568827,-1.9618584297168074,-14.262504094729627,7.822701333722721e-29,2.153284615842427e-27,Downregulated
223245_at,8.48779374611702,7.36759708877,1.1201966573470203,13.653698211409354,7.842282096881822e-29,2.1575702550531233e-27,Upregulated
213240_s_at,4.908489901021277,7.51117571514,-2.6026858141187237,-13.43253039919251,7.902622874980176e-29,2.1730596827897943e-27,Downregulated
212187_x_at,10.241080350617022,12.80076892239,-2.5596885717729787,-14.734413367050683,8.256200055445201e-29,2.2671115013105636e-27,Downregulated
209513_s_at,9.064781591223404,10.18580509688,-1.121023505656595,-14.726867070989211,8.26053420568585e-29,2.2671115013105636e-27,Downregulated
209505_at,9.296536018904257,11.05626228346,-1.7597262645557432,-14.479896909571977,8.261515157417739e-29,2.2671115013105636e-27,Downregulated
233527_at,3.110658533361702,4.955324900820001,-1.844666367458299,-13.271472552458544,8.363724550831599e-29,2.2939892335085587e-27,Downregulated
233496_s_at,7.592365421053191,9.1667928994,-1.5744274783468102,-13.760909817536145,8.635542928082857e-29,2.3649252134921822e-27,Downregulated
201596_x_at,12.814756013936174,11.578062063500001,1.2366939504361731,14.02112822038563,8.776915283588816e-29,2.4024181447486414e-27,Upregulated
221861_at,6.533548416723406,8.51112054604,-1.977572129316595,-14.271434981249259,9.172619339135488e-29,2.5094532236762024e-27,Downregulated
1553102_a_at,7.236967613287233,8.88278620638,-1.6458185930927671,-14.56353354658715,9.685982729396336e-29,2.6472066416834925e-27,Downregulated
223519_at,8.450297331404254,9.9299151303,-1.4796177988957453,-14.11786603965832,9.713329790002553e-29,2.653332433139042e-27,Downregulated
204430_s_at,5.066101496244681,2.6115489685199997,2.454552527724681,14.459147140952837,9.906210375348536e-29,2.704646859129423e-27,Upregulated
218974_at,6.427758430127658,8.859848860569999,-2.432090430442341,-15.002728182608655,1.0063337896255588e-28,2.7461526742161494e-27,Downregulated
202082_s_at,7.600626471946806,8.89708181374,-1.2964553417931937,-13.230595566755383,1.0158149149499405e-28,2.7692154594778258e-27,Downregulated
210869_s_at,7.878840898734043,10.110003265300001,-2.2311623665659583,-13.650141040646961,1.0222900963804676e-28,2.7854556800364657e-27,Downregulated
201843_s_at,8.902528381904254,11.093060984499997,-2.1905326025957432,-15.308909789923007,1.0350358710294117e-28,2.8173299270844097e-27,Downregulated
207895_at,3.664483794074469,4.7928837092,-1.1283999151255308,-13.4359568954318,1.0364399792929214e-28,2.8197248723444143e-27,Downregulated
225474_at,7.307450508829787,8.87130419171,-1.5638536828802119,-14.357570940982107,1.045757391469798e-28,2.8436353416377428e-27,Downregulated
224376_s_at,11.16352187842553,10.019598151019999,1.1439237274055323,14.117252547839367,1.076373524475126e-28,2.925408104467869e-27,Upregulated
206179_s_at,3.8385419079468077,4.90687808954,-1.0683361815931924,-13.181087995407811,1.1355704657614527e-28,3.084737023810379e-27,Downregulated
239376_at,5.571005017638297,4.40348145434,1.167523563298297,13.575723476476453,1.144989107740732e-28,3.1071838622070132e-27,Upregulated
206148_at,5.50575200112766,6.61410931364,-1.1083573125123403,-13.195817395801614,1.1531956204607696e-28,3.1278759274888025e-27,Downregulated
1569433_at,2.940473564829787,4.696554084549999,-1.756080519720212,-13.878082092029594,1.1753799679867275e-28,3.186440874905954e-27,Downregulated
231008_at,7.068954966648937,4.652005634449999,2.4169493321989375,15.592360511538297,1.1999337654531062e-28,3.251367128899787e-27,Upregulated
201627_s_at,7.990209298031914,9.42472186751,-1.4345125694780858,-13.305164126406854,1.20655763369419e-28,3.267669128191123e-27,Downregulated
218782_s_at,6.759767787031916,4.35760975611,2.4021580309219166,14.632138699547069,1.216112770611967e-28,3.291889354813047e-27,Upregulated
227646_at,6.345632465287234,8.7907833104,-2.4451508451127664,-14.681774619127653,1.2910095933793923e-28,3.4893588939449245e-27,Downregulated
225766_s_at,8.516013702095746,7.223661227999998,1.2923524740957477,14.543133153157395,1.305684263935397e-28,3.525478605423156e-27,Upregulated
203845_at,8.913222192893619,10.13870349212,-1.2254812992263808,-14.674297629985002,1.3093387571636874e-28,3.53357222241877e-27,Downregulated
227247_at,7.1840330133829795,5.920515924050001,1.2635170893329786,13.304148276975548,1.3741996060110434e-28,3.706755266244232e-27,Upregulated
240317_at,4.419956592744682,6.284128253669999,-1.864171660925317,-13.200260125400211,1.395367641244407e-28,3.7619671153870515e-27,Downregulated
222587_s_at,8.641497918117022,7.029305671439999,1.612192246677023,14.212937358498127,1.3964770475556122e-28,3.763071867726762e-27,Upregulated
238880_at,6.309361464340424,4.6642437041700004,1.6451177601704234,13.867007826491783,1.416840756737141e-28,3.816033897940103e-27,Upregulated
229824_at,5.978896222010637,8.18427854379,-2.2053823217793633,-14.366500249501941,1.4415767238937715e-28,3.878771669402221e-27,Downregulated
225911_at,9.1985631696383,11.9106671566,-2.7121039869617007,-15.09753277050937,1.465562755742138e-28,3.9413379190173314e-27,Downregulated
209613_s_at,9.332000506925535,13.7916382929,-4.459637785974465,-15.737144258076864,1.4664877821908175e-28,3.941854665313109e-27,Downregulated
214247_s_at,10.931483579787233,12.7843170893,-1.8528335095127666,-14.640526667351756,1.477707565044499e-28,3.970028925748423e-27,Downregulated
202202_s_at,8.243661858010638,10.12233390461,-1.8786720465993625,-14.447310267078691,1.4927115261422587e-28,4.00833660235085e-27,Downregulated
1555829_at,6.417934593202126,3.9361515672399996,2.4817830259621267,14.083472122985217,1.5099650757830394e-28,4.052643790721884e-27,Upregulated
212387_at,8.958440528531915,10.535927968659998,-1.577487440128083,-14.009868719116728,1.5440518417834198e-28,4.1420634594595024e-27,Downregulated
218644_at,5.921326488957445,3.528541244809999,2.3927852441474458,14.806777818874135,1.5730071255214438e-28,4.2176351571932396e-27,Upregulated
222937_s_at,3.809318830680852,5.82489937425,-2.0155805435691483,-14.496181855496037,1.6008523209950984e-28,4.288020066585775e-27,Downregulated
234066_at,2.8252186706808513,5.7774082033599985,-2.952189532679147,-15.075789443279092,1.6040435813903046e-28,4.294429470814282e-27,Downregulated
223024_at,7.616588273127661,8.62906948271,-1.0124812095823383,-13.735670095185988,1.6082614358708987e-28,4.303579581579709e-27,Downregulated
227312_at,6.709354057372339,7.962344524510001,-1.2529904671376615,-13.626188832445585,1.6520884779260482e-28,4.418658919628564e-27,Downregulated
221087_s_at,7.010867604148936,8.85862279273,-1.847755188581063,-14.09266401590251,1.727203098180724e-28,4.617263709679345e-27,Downregulated
238439_at,8.447483453095744,5.429607933500002,3.0178755195957425,13.541389853021329,1.7513615292060621e-28,4.679519682557241e-27,Upregulated
222958_s_at,5.590268806542554,2.47091704712,3.1193517594225537,15.269265657227312,1.7625172668433727e-28,4.706988764371283e-27,Upregulated
202995_s_at,8.113848960308509,11.02852021296,-2.914671252651491,-14.807791194031253,1.788235065599323e-28,4.773300805872218e-27,Downregulated
203185_at,7.850530756425532,9.38850958016,-1.5379788237344671,-14.102758342598353,1.8080595834751005e-28,4.821432461913325e-27,Downregulated
209242_at,4.340294714819149,6.661051518180001,-2.320756803360852,-14.511321397023007,1.8396124645985446e-28,4.900713027285652e-27,Downregulated
228785_at,10.027209420680851,8.96038458037,1.0668248403108507,14.548406292497749,1.8979435235497648e-28,5.0511029370434264e-27,Upregulated
227759_at,3.771501333085107,5.391409127539999,-1.6199077944548925,-13.39663843992861,1.9391452336903363e-28,5.158203043485086e-27,Downregulated
206929_s_at,6.939076212829788,8.277032340559998,-1.3379561277302106,-13.100393074097955,1.9728989935911405e-28,5.2428036200243614e-27,Downregulated
202085_at,10.015076174234043,11.073277337299999,-1.0582011630659558,-13.653092572276734,2.0031784017887577e-28,5.320639679931364e-27,Downregulated
227425_at,5.443035591957448,7.49055613278,-2.0475205408225525,-14.03600950216358,2.01861971232588e-28,5.359006902623878e-27,Downregulated
209807_s_at,3.682220839755318,5.43134085656,-1.749120016804682,-13.369948546157698,2.0369499839827194e-28,5.4050020640599185e-27,Downregulated
219949_at,2.6306908269361697,4.26031485584,-1.6296240289038302,-13.94972403457996,2.0859855263584702e-28,5.532387451711868e-27,Downregulated
203666_at,6.045506012468086,8.287513727910001,-2.2420077154419156,-13.354926039339004,2.1037751918266775e-28,5.57407155012757e-27,Downregulated
204767_s_at,8.802355758223404,7.354910837149999,1.447444921073405,14.290762346981198,2.2092962437137127e-28,5.847894082893e-27,Upregulated
226442_at,5.368936739904256,6.440769540869999,-1.0718328009657432,-13.386688435948615,2.247405570859323e-28,5.9458414183098646e-27,Downregulated
201417_at,12.257725109893618,11.02074684269,1.236978267203618,13.332690074961212,2.3032981862857414e-28,6.08772463132997e-27,Upregulated
212385_at,7.747723168425533,9.47242864886,-1.7247054804344666,-13.682914062000993,2.312323241649388e-28,6.105577706202945e-27,Downregulated
201923_at,12.261654448276598,10.96206527812,1.2995891701565974,13.665032337337168,2.3934843411893734e-28,6.316778644514801e-27,Upregulated
1556402_at,4.377873383542553,6.5449593069,-2.1670859233574467,-13.794945441172672,2.3991083756277366e-28,6.328516090804975e-27,Downregulated
239493_at,5.706631749308511,3.61665778231,2.089973966998511,14.457508864878303,2.4244893126482073e-28,6.3923324593184544e-27,Upregulated
225798_at,7.652981519021275,9.0336586329,-1.3806771138787246,-14.675367163059637,2.455157406483896e-28,6.470019415244626e-27,Downregulated
227762_at,5.649191406212765,8.912134505909998,-3.2629430996972335,-13.279511971323542,2.5252193170248395e-28,6.651393055117435e-27,Downregulated
1553099_at,6.885943561478722,5.521700798619999,1.3642427628587237,13.513487271225292,2.5673095022006088e-28,6.75894806095751e-27,Upregulated
211713_x_at,6.606763513053192,4.92123095601,1.6855325570431923,13.83742679530005,2.6221136492991083e-28,6.899853460919856e-27,Upregulated
204352_at,8.40859627538298,7.11555297525,1.2930433001329797,13.497315261748028,2.720788858606825e-28,7.156007312910841e-27,Upregulated
227027_at,9.566833852851063,8.536322463520001,1.0305113893310622,13.873399583094058,2.725962713582327e-28,7.166110973252153e-27,Upregulated
202854_at,10.296496723372341,9.196625088769997,1.0998716346023443,14.016460148517016,2.7489105255498195e-28,7.2229067673289e-27,Upregulated
215059_at,7.39430415179787,10.10401273435,-2.70970858255213,-14.982584403378453,2.780888192370691e-28,7.299797575151293e-27,Downregulated
228286_at,5.6257805083404255,4.428780828290001,1.1969996800504248,13.571325344014877,2.794325251181721e-28,7.331491607807806e-27,Upregulated
201195_s_at,8.201307913106383,5.797290359460002,2.4040175536463817,13.336524778709949,2.8835189555387363e-28,7.558135991355091e-27,Upregulated
204073_s_at,5.495990611202129,8.34275015021,-2.846759539007871,-14.190430806744974,2.9205658127722374e-28,7.65151255751425e-27,Downregulated
201563_at,9.373843185617021,7.784645150269999,1.5891980353470219,13.744324228715586,2.9674274888752237e-28,7.762940414233598e-27,Upregulated
219061_s_at,9.046308111893618,7.859910413749998,1.1863976981436197,14.983704756077547,2.9905312955942624e-28,7.819577844668595e-27,Upregulated
223119_s_at,5.253482056414894,6.58792814794,-1.3344460915251055,-13.11529330771164,3.00792809872965e-28,7.861244932860688e-27,Downregulated
1569785_at,3.2727902556276596,4.74593810634,-1.4731478507123401,-13.11631599117957,3.0883289036496076e-28,8.06745305544914e-27,Downregulated
227399_at,8.553908506138297,10.706611170160002,-2.152702664021705,-14.43305138914473,3.107065256915536e-28,8.112456888760148e-27,Downregulated
229530_at,9.291871928053192,10.906975369569999,-1.6151034415168066,-14.308973320830848,3.1141700161266014e-28,8.127062032381629e-27,Downregulated
210519_s_at,11.230670682904254,8.45957664677,2.7710940361342544,13.921772592174616,3.118376675669903e-28,8.134093495518012e-27,Upregulated
218468_s_at,7.1551111530106395,2.8074538507100004,4.3476573023006395,14.126404651953681,3.1803467149651343e-28,8.28368660586512e-27,Upregulated
219737_s_at,6.0103529153510635,8.286926945749999,-2.276574030398935,-13.373415529092899,3.243315864825498e-28,8.439525259095512e-27,Downregulated
205288_at,5.353895573893617,6.61019686697,-1.2563012930763833,-13.495408896668568,3.2557351952366454e-28,8.467745319680765e-27,Downregulated
222925_at,3.748033226202127,6.28419160017,-2.5361583739678726,-14.143003767915596,3.300133037517855e-28,8.574925389175621e-27,Downregulated
221636_s_at,7.662158230031915,9.292362407870002,-1.6302041778380865,-14.679910905802403,3.340758371752856e-28,8.676293084649885e-27,Downregulated
230744_at,3.5788001467659574,5.723148841639999,-2.1443486948740413,-13.157548825366675,3.5714575399629797e-28,9.270965986701198e-27,Downregulated
200905_x_at,13.239192774042554,14.301489891999998,-1.0622971179574439,-13.900004652798,3.7761710731544603e-28,9.792918868885525e-27,Downregulated
219527_at,7.373746778382978,9.22446922275,-1.8507224443670225,-14.710183975660339,3.9087748139385747e-28,1.0122164763721721e-26,Downregulated
224909_s_at,7.662638827170213,9.05367723563,-1.3910384084597869,-13.559546486390545,3.9240522522634365e-28,1.0156837076046256e-26,Downregulated
235761_at,4.247813352712766,5.93315461815,-1.6853412654372333,-13.043895012199933,3.9828268463885262e-28,1.0289160651289782e-26,Downregulated
205618_at,5.850816806074467,7.681842017419999,-1.8310252113455325,-14.60334825244338,3.9925593073895752e-28,1.0309351651812563e-26,Downregulated
225846_at,10.14333538798936,8.807403897930001,1.3359314900593589,14.049946455253835,4.0329446230445207e-28,1.0408635292469894e-26,Upregulated
226287_at,7.354759518297873,5.767526864209999,1.5872326540878738,13.236145013055511,4.106272470882979e-28,1.0582653144174025e-26,Upregulated
219121_s_at,9.590782580617022,7.921888437319999,1.668894143297023,13.545445243213656,4.115361831072724e-28,1.0600998632474976e-26,Upregulated
227401_at,3.5495785075,5.08790158,-1.5383230724999994,-13.275924390334842,4.143352616311092e-28,1.0667992523739033e-26,Downregulated
215146_s_at,7.149202236234043,8.57152917628,-1.4223269400459575,-13.712991299358444,4.225057869392585e-28,1.087315610349998e-26,Downregulated
204421_s_at,3.1135203944361702,4.453023009320001,-1.3395026148838305,-13.154282556935033,4.287667959044543e-28,1.102900568365231e-26,Downregulated
201625_s_at,6.8379651872446825,8.129235349770001,-1.2912701625253185,-13.17084171241684,4.456983839339098e-28,1.1459050324220495e-26,Downregulated
225362_at,5.911446899946808,4.56427091609,1.3471759838568085,13.575547702571809,4.507382605026493e-28,1.1583090338937169e-26,Upregulated
209369_at,9.84814027010638,12.1548213691,-2.3066810989936197,-14.27703267441145,4.517346796707609e-28,1.1603152569613918e-26,Downregulated
239273_s_at,4.949278686680851,8.23113118371,-3.2818524970291483,-14.988587186840341,4.610173580527741e-28,1.1835932992948215e-26,Downregulated
221725_at,8.098117104244679,9.334298625479999,-1.23618152123532,-13.946697674143655,4.668850361396792e-28,1.1976485735351454e-26,Downregulated
209191_at,9.956817986734043,11.446114252999996,-1.4892962662659528,-14.393518303192195,4.669373180201539e-28,1.1976485735351454e-26,Downregulated
227804_at,7.069166753829787,5.236879194309999,1.8322875595197878,14.335729848885228,4.939732367925015e-28,1.2663891570124634e-26,Upregulated
1553572_a_at,3.449170900031915,4.92860494126,-1.4794340412280849,-13.189173674896104,5.095582400538973e-28,1.3057217484296768e-26,Downregulated
208335_s_at,5.192447375010639,8.409239868779999,-3.2167924937693595,-13.326261550219503,5.327626929020505e-28,1.3625855539909506e-26,Downregulated
209203_s_at,5.6472727650531915,6.8674179562600015,-1.22014519120681,-13.137336986510482,5.335981018962814e-28,1.3640735507886593e-26,Downregulated
239367_at,2.620484055829787,4.04760397792,-1.4271199220902129,-14.03879634708495,5.391095081491754e-28,1.377508028755893e-26,Downregulated
203758_at,8.66245825575532,10.037340049880001,-1.374881794124681,-14.158630910975585,5.461596159547504e-28,1.394859501602194e-26,Downregulated
204542_at,5.561055711117022,7.706405094529999,-2.1453493834129773,-14.310670866261095,5.576323865861392e-28,1.4234843637836774e-26,Downregulated
214290_s_at,11.436552316010639,9.713912019210001,1.7226402968006376,13.830978682739353,5.6128359483146e-28,1.432125210227937e-26,Upregulated
200931_s_at,10.35199167951064,11.5572567482,-1.2052650686893607,-13.690765303939866,5.675185328959032e-28,1.4473471697647722e-26,Downregulated
210426_x_at,5.097585339542554,6.770512592530002,-1.6729272529874484,-12.949853627126007,5.736581839886332e-28,1.462311804929508e-26,Downregulated
213005_s_at,8.070512461670214,9.2736485051,-1.2031360434297866,-13.712994423003973,6.122629977996749e-28,1.5570296737424735e-26,Downregulated
225557_at,8.094625676329787,10.204363296730001,-2.109737620400214,-12.938902016234868,6.209765801747199e-28,1.5784426437276693e-26,Downregulated
225750_at,10.076773195180852,8.61652432801,1.4602488671708524,14.321526400839806,6.496946971727187e-28,1.6506603203652267e-26,Upregulated
223816_at,4.641797933819149,7.710735526120001,-3.068937592300852,-14.380883572381576,6.665687140343175e-28,1.691933216283615e-26,Downregulated
221003_s_at,3.1772021736382983,4.512283865820001,-1.3350816921817024,-13.047112138692672,6.734096256227303e-28,1.707685531529664e-26,Downregulated
224762_at,7.796009970106384,5.970354713519999,1.8256552565863853,13.72996951383729,6.879059381919476e-28,1.7428030518884644e-26,Upregulated
209146_at,11.247359413297874,12.334531638899998,-1.0871722256021243,-13.351582211914241,6.941127133697447e-28,1.7568727718261215e-26,Downregulated
1560850_at,5.352033458702128,9.04112210647,-3.689088647767872,-13.424720953173106,7.063930965489874e-28,1.7871147267631155e-26,Downregulated
235320_at,5.991622957308511,7.55990326494,-1.5682803076314888,-13.752592188005162,7.092713769915392e-28,1.7935529046952012e-26,Downregulated
218999_at,7.195086587010641,8.77228790835,-1.5772013213393592,-13.667143646169015,7.187606161072246e-28,1.8166944782868037e-26,Downregulated
230083_at,8.392588780393618,9.62850430562,-1.2359155252263818,-13.219629321614907,7.232170127829785e-28,1.8270995889875663e-26,Downregulated
222750_s_at,9.486846943425535,7.6907624974800015,1.7960844459455334,14.207792762304782,7.2715778563957355e-28,1.8361928947610375e-26,Upregulated
228496_s_at,9.429928915968086,10.90188289157,-1.4719539756019149,-13.807900273595962,7.282191367558384e-28,1.8380100652064532e-26,Downregulated
213647_at,4.510362587670213,2.7443519641999994,1.7660106234702133,14.81297756493719,7.730302529231389e-28,1.9492829434469739e-26,Upregulated
228905_at,6.516432540542554,8.140073601300001,-1.6236410607574472,-13.685680041849011,7.752071805056254e-28,1.953856298532126e-26,Downregulated
225177_at,9.327447819702128,10.95973544382,-1.6322876241178719,-13.842196414528704,7.900154168102253e-28,1.9902468013374603e-26,Downregulated
1564194_a_at,3.7426350971170215,7.10427017923,-3.361635082112979,-13.61004965085514,7.965640282622159e-28,2.0058049074958586e-26,Downregulated
218776_s_at,7.560929420734041,6.36017613463,1.2007532861040415,14.326016565259694,8.033694712228096e-28,2.021994870341134e-26,Upregulated
207008_at,5.21400665806383,7.28401780005,-2.0700111419861704,-12.956981795096022,8.405826220043386e-28,2.1136782097767817e-26,Downregulated
238996_x_at,10.051037382968085,9.006217622949999,1.0448197600180862,13.688144620848002,8.570308256820925e-28,2.1540308406606088e-26,Upregulated
49111_at,6.7478295484361706,8.71996767746,-1.9721381290238291,-13.701502649415897,8.917953362545752e-28,2.2403598297892843e-26,Downregulated
226171_at,6.265408936968085,7.529117874040001,-1.2637089370719155,-14.22476527452432,8.923547730739495e-28,2.2407186659456324e-26,Downregulated
204872_at,8.049812034946807,9.16976891195,-1.119956877003192,-14.350240543451894,8.946504684031304e-28,2.2454349087041893e-26,Downregulated
228783_at,2.8869894452234046,4.137781189669999,-1.2507917444465946,-12.883131565817923,8.981250971526207e-28,2.253104313220656e-26,Downregulated
228320_x_at,6.070260045308509,4.3945161521300005,1.6757438931785087,14.29076134304572,9.03820005950454e-28,2.2663339319371155e-26,Upregulated
220035_at,5.393592100797872,3.0694819173400005,2.3241101834578717,13.911459997487421,9.42410458720382e-28,2.359799298544435e-26,Upregulated
242447_at,4.550985367457447,6.825957161179999,-2.2749717937225515,-13.833284439512726,9.44139290603947e-28,2.363028193784267e-26,Downregulated
205121_at,4.382419924319149,6.18861075606,-1.8061908317408513,-12.889564685919355,9.46878849365769e-28,2.3687825949761514e-26,Downregulated
229236_s_at,8.012847615085105,6.9028169439600005,1.110030671125105,14.078142485147753,9.762847394876886e-28,2.4400767192418594e-26,Upregulated
210067_at,6.404869426606383,10.13650258942,-3.7316331628136163,-14.190613061974968,1.0092991256592197e-27,2.5202489680922372e-26,Downregulated
209087_x_at,8.191713835808512,10.17323978999,-1.9815259541814871,-13.619919430257761,1.0154274265053748e-27,2.534374921671373e-26,Downregulated
210762_s_at,9.781681499840426,12.103295613199997,-2.321614113359571,-14.55673385805384,1.0374762716733468e-27,2.588204951216263e-26,Downregulated
209626_s_at,7.790242359234044,6.341633772710002,1.4486085865240428,12.91430693516541,1.0544931824797302e-27,2.6294376593813056e-26,Upregulated
212796_s_at,7.679326760393617,8.82051842848,-1.1411916680863827,-13.996042430237381,1.074553399725366e-27,2.6782172918270867e-26,Downregulated
238919_at,3.7582518867765966,6.0381362335199995,-2.279884346743403,-13.068214337571312,1.1101582475971315e-27,2.764396828947191e-26,Downregulated
226489_at,5.275841125425532,6.6957904267099995,-1.4199493012844675,-13.171739413888268,1.1127713429623278e-27,2.7696214462087814e-26,Downregulated
226393_at,4.990087727159574,6.02115708968,-1.0310693625204257,-12.945981516856472,1.1440050592267447e-27,2.8447275134336425e-26,Downregulated
205112_at,5.6283525454361705,7.676808511689999,-2.0484559662538286,-13.793037162854299,1.171791230483294e-27,2.9124751905163795e-26,Downregulated
212365_at,9.182160651478723,10.202285136199999,-1.0201244847212756,-13.185273106763175,1.2317103738163666e-27,3.059989568872383e-26,Downregulated
209539_at,8.866016643989362,10.362499272479997,-1.4964826284906358,-14.406778358937238,1.2387308964799122e-27,3.076010156882205e-26,Downregulated
235927_at,6.913172497702128,4.60167318053,2.311499317172128,13.628814333066693,1.2446237914899094e-27,3.089217131937068e-26,Upregulated
230311_s_at,5.688753120148935,7.396064201639999,-1.7073110814910635,-13.331893707845582,1.25725604013451e-27,3.1191316132230053e-26,Downregulated
231233_at,5.862806580053195,3.8559474305299997,2.006859149523195,15.214555545304187,1.26599143219384e-27,3.1393552407550885e-26,Upregulated
227046_at,8.491776653202125,7.304743845619999,1.187032807582126,13.716679409211071,1.2679827886560415e-27,3.1428443442697626e-26,Upregulated
204699_s_at,7.7162719354255325,6.7080419977,1.0082299377255328,13.403287222282303,1.2900352261457114e-27,3.196031076622443e-26,Upregulated
226145_s_at,6.392749620829789,9.20856011566,-2.8158104948302105,-14.21082916661454,1.3215004675148247e-27,3.2724780914250626e-26,Downregulated
228228_at,6.301938878180852,7.4880729245,-1.1861340463191477,-12.89211588584631,1.3277214245930251e-27,3.2863702044712584e-26,Downregulated
225957_at,8.507432245106383,9.53511415457,-1.0276819094636167,-13.172112344207633,1.3444803476419703e-27,3.324791723138897e-26,Downregulated
213306_at,8.377061295808511,9.68468959538,-1.3076282995714887,-13.61755211415708,1.3475099294755255e-27,3.330752254906738e-26,Downregulated
202242_at,7.085009814234043,10.467087483099998,-3.3820776688659553,-14.760139958876433,1.364143155481639e-27,3.3703171226796253e-26,Downregulated
239847_at,4.603808137893616,6.9530961677,-2.3492880298063836,-13.50087629948091,1.3720143700353004e-27,3.388207755129415e-26,Downregulated
210066_s_at,5.8006010589574455,9.4376073305,-3.637006271542555,-14.239694107321768,1.3905141542074419e-27,3.4323173151997e-26,Downregulated
243501_at,4.981554495478723,6.25527133521,-1.2737168397312768,-13.394478716386004,1.402152530727854e-27,3.459457615492126e-26,Downregulated
1554503_a_at,5.621961637531914,7.0847071792100005,-1.4627455416780863,-12.816940216173192,1.4154822909378069e-27,3.490744177000499e-26,Downregulated
204856_at,4.885086719478724,2.7571153770199994,2.1279713424587245,15.227596885792092,1.458974907583342e-27,3.596353087959562e-26,Upregulated
209737_at,6.150491401914892,7.79533291552,-1.6448415136051082,-13.5730954726599,1.4908068920298567e-27,3.6731351119889086e-26,Downregulated
222855_s_at,3.715785862797874,5.25545223863,-1.5396663758321263,-13.175775725434404,1.5201170241440825e-27,3.74363618409403e-26,Downregulated
205782_at,4.035574794819149,6.297548127539999,-2.26197333272085,-13.578190552018631,1.545091981076594e-27,3.8034012491618164e-26,Downregulated
222606_at,8.158923511680852,7.1486361898799995,1.0102873218008526,13.496727641934116,1.5821483051407653e-27,3.8928375453019764e-26,Upregulated
218280_x_at,9.93487983506383,8.232877421300001,1.7020024137638288,13.786765675712507,1.6073713318015768e-27,3.953089824063997e-26,Upregulated
226267_at,7.712491064914894,8.96642383508,-1.2539327701651066,-12.800334906156095,1.6469077346964617e-27,4.048472551114438e-26,Downregulated
201718_s_at,6.646941146531917,8.721172890510001,-2.0742317439780837,-13.17001394324282,1.6550395445136366e-27,4.0666037890000205e-26,Downregulated
1554696_s_at,5.698624139648935,3.2827334994,2.415890640248935,13.3454445321751,1.6644855270810906e-27,4.08794605294902e-26,Upregulated
220023_at,3.7598174225744674,4.971931414259999,-1.212113991685532,-12.927210046561616,1.6657343942489466e-27,4.089146057922129e-26,Downregulated
208696_at,11.24555089525532,10.14833748617,1.0972134090853203,14.174120956781255,1.6787449366326053e-27,4.11920507124641e-26,Upregulated
239841_at,5.531507979340426,3.180584043840001,2.350923935500425,14.220036322520626,1.69406784798983e-27,4.15490803793803e-26,Upregulated
228781_at,4.634186763574468,5.85975663433,-1.2255698707555318,-13.358341270627403,1.705159473276032e-27,4.180205443465116e-26,Downregulated
210039_s_at,4.55082700118085,6.221353581880001,-1.6705265806991507,-13.330961287605149,1.7245720464885583e-27,4.2258693436188425e-26,Downregulated
224207_x_at,4.550557668127659,6.374739931009999,-1.8241822628823394,-14.085142812834759,1.7306048555706025e-27,4.238720981863407e-26,Downregulated
227911_at,4.753884969563829,6.85183658101,-2.0979516114461703,-13.557806867405937,1.7355927172959935e-27,4.2490027261029724e-26,Downregulated
202149_at,11.003259740882976,12.668462255100003,-1.665202514217027,-13.877714117219096,1.7414874028578516e-27,4.2614941515064793e-26,Downregulated
212346_s_at,5.38661638924468,6.52926927858,-1.14265288933532,-12.782940633763985,1.7940628251427707e-27,4.388152028791681e-26,Downregulated
205857_at,5.075254651851065,7.162936458390001,-2.087681806538936,-13.332039080994852,1.876425613940548e-27,4.5854351690779784e-26,Downregulated
226872_at,3.889565315595745,6.047357591499998,-2.1577922759042534,-12.815400092474656,1.94588747183873e-27,4.753020143520342e-26,Downregulated
218073_s_at,6.638733211787234,5.20993186001,1.428801351777234,13.607166940692803,1.9788603847129092e-27,4.8313656219776915e-26,Upregulated
235175_at,6.4408895026063835,8.64213483702,-2.201245334413617,-13.340670264293507,1.9968252595310234e-27,4.8730146737357365e-26,Downregulated
201131_s_at,12.805268443297871,11.6813491249,1.1239193183978706,13.817343948667062,2.0228603544851296e-27,4.934311429765858e-26,Upregulated
222217_s_at,7.407161584212766,9.007328782920002,-1.6001671987072363,-13.795102809452095,2.0600076859325458e-27,5.020370339627001e-26,Downregulated
224901_at,7.319657015425531,9.61303968705,-2.2933826716244683,-14.381917461710785,2.0966573283151336e-27,5.107373689345914e-26,Downregulated
228204_at,8.858507255606384,7.743329600469999,1.1151776551363843,13.569745369909056,2.1960425337091382e-27,5.347050417296502e-26,Upregulated
202668_at,9.228477563638295,11.070747719860002,-1.8422701562217068,-13.696290126910961,2.244243136999682e-27,5.461939428355877e-26,Downregulated
223374_s_at,7.078434848840424,9.111483074819999,-2.0330482259795746,-13.850794347825424,2.3037927662472235e-27,5.601799173841462e-26,Downregulated
207480_s_at,7.908569645021277,9.39284699971,-1.4842773546887233,-13.423283730654102,2.3522351816301647e-27,5.717005037467693e-26,Downregulated
225834_at,7.396178876340423,5.11915487449,2.277024001850423,13.716032685283489,2.3599142608935904e-27,5.733078068492441e-26,Upregulated
225946_at,7.188028786542552,9.111910782349998,-1.923881995807446,-14.229862843151317,2.3890270394395268e-27,5.801183220916225e-26,Downregulated
238694_at,4.709378265968086,6.110275928650001,-1.4008976626819152,-13.088498657900052,2.4398366044471217e-27,5.916548764959103e-26,Downregulated
201957_at,7.201940840957447,8.81159397203,-1.6096531310725526,-13.277566381085771,2.4545343470231086e-27,5.94950808422645e-26,Downregulated
225840_at,5.838299299936171,7.48234635577,-1.6440470558338287,-12.825939299673747,2.468511231499522e-27,5.980691220605104e-26,Downregulated
200696_s_at,10.553745757457445,11.7440343225,-1.1902885650425539,-13.342281989504453,2.4997065072355187e-27,6.053544088166123e-26,Downregulated
201709_s_at,9.014342346968084,7.998558459670001,1.0157838872980829,14.15415763398953,2.5107140770266616e-27,6.07746477709073e-26,Upregulated
204248_at,6.71276450480851,7.979408663600001,-1.2666441587914914,-12.859716932533392,2.5257116586803073e-27,6.111017871065183e-26,Downregulated
222396_at,10.460730227574468,9.25537159621,1.2053586313644669,14.026863094476825,2.5278436260047193e-27,6.111305418194879e-26,Upregulated
1556121_at,7.035873300063831,8.099313826500001,-1.0634405264361702,-13.614657367222083,2.528102955319898e-27,6.111305418194879e-26,Downregulated
218412_s_at,8.520678966085105,7.499162556,1.0215164100851055,13.450293089976144,2.5942399912882583e-27,6.268364428186445e-26,Upregulated
229404_at,4.323166899127659,6.224691128589999,-1.90152422946234,-13.877661657163488,2.6228854078495665e-27,6.334733477619973e-26,Downregulated
203896_s_at,5.146089480361701,7.872457489710001,-2.7263680093483,-14.113274613518037,2.6716184154300694e-27,6.449536269852859e-26,Downregulated
238877_at,4.121845579478724,6.558302100229998,-2.436456520751274,-12.72634860094544,2.6810375929366883e-27,6.469371376119009e-26,Downregulated
209071_s_at,10.478748264425532,12.117493694069998,-1.638745429644466,-13.110596602885453,2.752001056422402e-27,6.637629095100238e-26,Downregulated
206324_s_at,5.399286888946808,6.917664875099999,-1.5183779861531912,-13.471967340292595,2.7715486945634356e-27,6.67878665258911e-26,Downregulated
1552623_at,5.471850144531914,4.098892296400001,1.3729578481319136,13.09702832898057,2.7751934855921104e-27,6.681582668579107e-26,Upregulated
218726_at,5.026531897882979,2.53217088459,2.4943610132929788,14.937549376526418,2.8096089150396817e-27,6.761414993482073e-26,Upregulated
205180_s_at,7.10326437225532,5.588621273129999,1.5146430991253208,13.139812933137485,2.8139960887671637e-27,6.768944258963805e-26,Upregulated
204062_s_at,7.065224728010639,8.136179658249999,-1.0709549302393597,-13.58401680602886,2.837810390698389e-27,6.820128224937603e-26,Downregulated
224843_at,5.667760300234042,6.7321110375,-1.0643507372659577,-13.039150186964433,2.855517194465836e-27,6.859618035798992e-26,Downregulated
201930_at,9.611602133276595,8.342834799939999,1.268767333336596,13.65266042761843,2.85714244511926e-27,6.860458194338595e-26,Upregulated
200953_s_at,8.958818350819149,10.456247415,-1.4974290641808512,-13.96218218681532,2.9700126322521457e-27,7.12829537877349e-26,Downregulated
205242_at,9.817194865159573,4.833088024089999,4.984106841069574,12.711874252079767,3.0205047400828778e-27,7.246247455401322e-26,Upregulated
215073_s_at,8.41443393518085,10.10618115674,-1.6917472215591491,-13.182378087818481,3.022290888641674e-27,7.24729994366835e-26,Downregulated
201468_s_at,11.274311256744681,8.6427724223,2.6315388344446813,13.919189369371093,3.0596597240544213e-27,7.333638944652009e-26,Upregulated
210089_s_at,5.904323538340426,7.424494342,-1.5201708036595738,-13.374509564136448,3.234490673676432e-27,7.738893032667285e-26,Downregulated
228854_at,6.733351166159576,10.42936735761,-3.6960161914504237,-13.368475097017681,3.274864677473285e-27,7.832008516788711e-26,Downregulated
211812_s_at,4.6700972269680845,6.692748301520001,-2.0226510745519164,-12.892450872820527,3.286193652299192e-27,7.855609412558416e-26,Downregulated
217197_x_at,4.9156998977446795,6.65354415674,-1.7378442589953202,-12.737055274913734,3.3107695988889634e-27,7.910842010032953e-26,Downregulated
227771_at,7.060966259723406,9.160572333920001,-2.099606074196595,-13.258978182843222,3.370253087223813e-27,8.049397537718473e-26,Downregulated
219544_at,5.905545793968084,4.277252781810001,1.6282930121580836,12.924750025248327,3.398597609768359e-27,8.113491834842475e-26,Upregulated
214803_at,4.119379394734041,6.1428438105400005,-2.023464415805959,-12.713396634066077,3.4226297652336955e-27,8.167238888769278e-26,Downregulated
220840_s_at,6.012034575531916,4.40492181266,1.6071127628719166,14.786581135536855,3.675018365183289e-27,8.76172596585764e-26,Upregulated
211379_x_at,6.544151837851064,8.54005264405,-1.9959008061989358,-13.530156547230602,3.692047852178307e-27,8.798426485479062e-26,Downregulated
201479_at,9.873872747946809,8.84564489083,1.0282278571168089,14.207029830821783,3.70997194011781e-27,8.837225454879385e-26,Upregulated
212463_at,10.151577067595744,11.281631436599998,-1.1300543690042542,-13.956331716246323,3.7630349321201225e-27,8.955690126504996e-26,Downregulated
203276_at,7.526561263936169,5.780222816960002,1.746338446976167,13.429182202065531,3.824597996184643e-27,9.09817902798705e-26,Upregulated
219960_s_at,8.877339704904255,7.724378272539999,1.1529614323642559,13.030861984647185,3.849409226154026e-27,9.153153167016819e-26,Upregulated
208868_s_at,8.022344250457447,9.35466230706,-1.3323180566025528,-13.39385455001749,3.9343016168085395e-27,9.34674676509117e-26,Downregulated
219140_s_at,5.752126816882979,8.57806107702,-2.8259342601370205,-13.075554249662197,3.9732319330801706e-27,9.435066346695366e-26,Downregulated
224320_s_at,7.819428754478725,6.5290325211399995,1.2903962333387256,13.877713405409065,4.029995632859871e-27,9.565637471712313e-26,Upregulated
225716_at,9.565820804393617,8.501741647820001,1.0640791565736158,13.94272031337794,4.058040120596419e-27,9.627955268037009e-26,Upregulated
209733_at,5.620608261351064,7.067041499729999,-1.4464332383789351,-13.33092890791501,4.108374815122878e-27,9.734495498070446e-26,Downregulated
222740_at,8.862848482723404,7.22691609375,1.635932388973404,14.32147117740494,4.131488928581829e-27,9.78495215819913e-26,Upregulated
55093_at,7.989131202287234,6.92453719652,1.0645940057672334,13.641177172287343,4.136597404440516e-27,9.792738908241091e-26,Upregulated
206074_s_at,8.870138898851064,7.251002608549999,1.619136290301065,12.979723336498564,4.320429901830162e-27,1.0218937673695563e-25,Upregulated
222835_at,5.729656775840426,8.02928263402,-2.2996258581795734,-13.67095977541458,4.331036297053261e-27,1.023952168234315e-25,Downregulated
223172_s_at,7.665747739787233,6.3111780389500005,1.3545697008372324,13.397075818416557,4.400116787848851e-27,1.0393705821310421e-25,Upregulated
214717_at,3.951438574712766,5.079654002599999,-1.1282154278872332,-12.662048124417515,4.478650077829496e-27,1.057456861659953e-25,Downregulated
218493_at,9.375182114510638,8.35864091032,1.0165412041906379,13.557783794950815,4.498089669756732e-27,1.0615807414547416e-25,Upregulated
233063_s_at,5.956517299117021,4.4419790701,1.5145382290170204,13.43045579433366,4.661526625686041e-27,1.0991883870633468e-25,Upregulated
211458_s_at,10.119399518531914,11.169222338600003,-1.0498228200680888,-13.832587417835482,4.700751865332048e-27,1.1079519712039857e-25,Downregulated
214960_at,6.4697362848617015,5.303294700880001,1.1664415839817002,12.86329409510877,4.824215951230247e-27,1.1360563885852456e-25,Upregulated
214378_at,4.248902648170214,5.73404787716,-1.4851452289897864,-13.119647879153645,4.9219298890580145e-27,1.158559829378006e-25,Downregulated
241742_at,3.722805675159574,5.195185819399999,-1.4723801442404247,-12.795194711438592,5.0549014943201516e-27,1.1882995269820965e-25,Downregulated
225792_at,9.18642395005319,7.907303944219999,1.2791200058331906,13.123184147623133,5.057618914547561e-27,1.188418920654675e-25,Upregulated
228532_at,8.094971492648936,9.61212067559,-1.5171491829410648,-13.332718599820966,5.069987954288654e-27,1.1908051183815264e-25,Downregulated
205139_s_at,4.747209745329787,7.167400457599999,-2.4201907122702124,-14.291071616936742,5.2146473572644886e-27,1.223713013777608e-25,Downregulated
228456_s_at,8.120798525329786,9.369092589200001,-1.2482940638702154,-13.328339917474553,5.245609906412066e-27,1.230442103908763e-25,Downregulated
209263_x_at,9.11983704201064,10.16471752563,-1.0448804836193588,-14.126250651658388,5.4742881461557466e-27,1.283522503178435e-25,Downregulated
1555858_at,5.588842786265957,3.5025854975699997,2.086257288695957,14.123227255781634,5.4796117174353086e-27,1.2842108750935754e-25,Upregulated
43511_s_at,7.4959991124787235,9.26956597431,-1.7735668618312763,-13.202269341512142,5.5334646427511895e-27,1.2962671135671406e-25,Downregulated
220393_at,7.166198652882979,2.35769934135,4.808499311532979,15.138100194950676,5.588048820743423e-27,1.308484083032241e-25,Upregulated
228310_at,6.4568196404255325,8.23781246919,-1.780992828764468,-13.521763699717043,5.665370779179816e-27,1.3248592727346332e-25,Downregulated
206501_x_at,4.797425611170213,6.71433503062,-1.9169094194497873,-12.951750936075843,5.664704821722644e-27,1.3248592727346332e-25,Downregulated
207524_at,2.974486237776596,4.35358943403,-1.379103196253404,-12.621315122092037,5.682633940026112e-27,1.3283187705269207e-25,Downregulated
218027_at,10.529651638670211,9.37609013944,1.1535614992302108,13.661013569666267,5.72134742178896e-27,1.336787108724331e-25,Upregulated
211126_s_at,8.040763546468087,9.466592230020002,-1.4258286835519147,-13.22021757322002,5.9461588149788894e-27,1.38810806433357e-25,Downregulated
230104_s_at,5.650024671021277,8.12866977335,-2.4786451023287226,-13.811382573129384,5.9729898415122736e-27,1.3937667315209508e-25,Downregulated
202528_at,8.93511259330851,7.731955691190002,1.2031569021185078,13.358425303624891,6.030272610671439e-27,1.4065231684196619e-25,Upregulated
203549_s_at,8.419837599840426,11.281589570389999,-2.861751970549573,-14.500925333573297,6.130845427453785e-27,1.42936130108812e-25,Downregulated
213891_s_at,10.151955435776594,11.536764433399998,-1.384808997623404,-13.647881905396277,6.2459293095194365e-27,1.4555613251378354e-25,Downregulated
229568_at,6.077870800425532,7.962740985050001,-1.8848701846244689,-13.228887733387321,6.257892922109064e-27,1.457717751011512e-25,Downregulated
221019_s_at,8.923583383829786,10.82922300023,-1.9056396164002134,-14.108906119458668,6.265015091825839e-27,1.4587450291296302e-25,Downregulated
221127_s_at,6.090095756968084,7.92177889774,-1.8316831407719167,-13.585561246022804,6.349024520285078e-27,1.477666087615981e-25,Downregulated
213664_at,7.90591652568085,10.614361828589997,-2.708445302909147,-13.659818139599917,6.519195421312858e-27,1.5166152462401961e-25,Downregulated
206874_s_at,9.284818483212765,10.43320748765,-1.1483890044372345,-13.183281358300476,6.567984296858122e-27,1.527304813622183e-25,Downregulated
203687_at,5.5850515960000005,7.793216838849999,-2.208165242849999,-12.898258960767414,6.93177190944177e-27,1.6112026098584054e-25,Downregulated
212886_at,7.45770660756383,8.91610162696,-1.4583950193961694,-14.062707947462751,7.191531714451551e-27,1.670858422434087e-25,Downregulated
203775_at,8.738182069638299,7.662542177269999,1.0756398923683,13.609508317034177,7.283099428851543e-27,1.6914023569957216e-25,Upregulated
228789_at,5.0954351135638305,6.3187207360499995,-1.223285622486169,-13.790420136040398,7.296004800654948e-27,1.6936681666293785e-25,Downregulated
209047_at,10.474283733882979,13.287716615200003,-2.8134328813170235,-14.579684850421144,7.422711114853097e-27,1.7223379638631953e-25,Downregulated
225465_at,6.977041543723405,8.622822717470001,-1.6457811737465962,-13.727196674648944,7.516075773685009e-27,1.743249898936705e-25,Downregulated
213290_at,7.7362908290425505,9.188241134980002,-1.4519503059374514,-13.416439344290811,7.585045180806089e-27,1.7584881038570531e-25,Downregulated
235439_at,4.6228285955319155,5.919675151300001,-1.2968465557680853,-12.91607510723027,7.637075441805469e-27,1.7697877626581171e-25,Downregulated
219508_at,6.900177651340426,3.2131380205399993,3.687039630800427,14.780834344255112,7.856015350817532e-27,1.8197400588245986e-25,Upregulated
219296_at,8.044409405255319,6.91972257539,1.1246868298653192,12.836484525454987,7.879349714723047e-27,1.8243594651575283e-25,Upregulated
239744_at,6.525528668425532,7.70740761587,-1.181878947444468,-12.62827443618617,7.939074230571932e-27,1.8373969301443284e-25,Downregulated
209305_s_at,8.271388109244683,10.14327674896,-1.8718886397153174,-12.568527152611093,7.94869791428982e-27,1.838832972120397e-25,Downregulated
225721_at,6.613237759659576,8.774010840890002,-2.1607730812304258,-13.517833702926504,8.027297961502406e-27,1.8554200608395721e-25,Downregulated
223523_at,4.864563882553191,7.065014137840002,-2.2004502552868113,-13.342440690477664,8.182252236974805e-27,1.8896119313779598e-25,Downregulated
203208_s_at,10.225853281648936,8.962633567160001,1.263219714488935,14.025326548854956,8.389596567802029e-27,1.9366645536300426e-25,Upregulated
219555_s_at,7.04677168988298,4.9512979457399995,2.0954737441429803,13.043308742411131,8.52298535438356e-27,1.9657688262044348e-25,Upregulated
210058_at,8.719794685521277,7.65515804935,1.0646366361712776,13.18331340741213,8.882409378041625e-27,2.0469120428763788e-25,Upregulated
1552496_a_at,4.062554233531914,5.901741307709999,-1.839187074178085,-12.983972024543394,9.105848798132152e-27,2.097503997671674e-25,Downregulated
205309_at,5.4097103342978725,3.2814742272899995,2.128236107007873,13.612497761783171,9.17949122467131e-27,2.1135621361736777e-25,Upregulated
242985_x_at,4.907138288585106,6.62864467003,-1.721506381444894,-13.066930060362996,9.274270295635227e-27,2.134471125892325e-25,Downregulated
206396_at,4.755498358010638,6.923937921399999,-2.168439563389361,-12.546900107770826,9.440966088837648e-27,2.17134106268283e-25,Downregulated
229899_s_at,6.0457420087340425,3.6579994235400006,2.387742585194042,14.123361333127493,9.486171168250367e-27,2.180441036134676e-25,Upregulated
219338_s_at,5.339804485946808,6.885452408970001,-1.5456479230231928,-12.71637668589159,9.593818771255164e-27,2.2042423598066224e-25,Downregulated
216247_at,3.4237920836702123,5.04633534521,-1.622543261539788,-12.750268997219424,9.778319588815731e-27,2.2456733450215327e-25,Downregulated
1555860_x_at,5.627301707499999,3.63012181449,1.9971798930099993,13.86531693182905,9.831419814450945e-27,2.256904593000677e-25,Upregulated
239135_at,6.536808884531915,7.903119936960001,-1.3663110524280864,-13.666166374711198,9.884658352882778e-27,2.2681579955979227e-25,Downregulated
244650_at,6.490085538393617,8.14074109702,-1.650655558626382,-13.296074308172026,9.95642963557266e-27,2.2836525559868275e-25,Downregulated
227922_x_at,5.5745917356170205,4.4072638923200005,1.16732784329702,13.141939220771189,9.987664875455104e-27,2.289840336706003e-25,Upregulated
231067_s_at,4.516593873031914,6.67682145181,-2.1602275787780867,-13.104815518573316,1.0005331459351497e-26,2.2929133271098407e-25,Downregulated
1555083_at,4.603366367797873,6.546261875869999,-1.9428955080721257,-12.85479612321488,1.039496806924472e-26,2.3781529245954763e-25,Downregulated
201037_at,10.095356729904257,8.343701064220001,1.7516556656842557,13.447821503353541,1.0450431485252192e-26,2.389825288544959e-25,Upregulated
202732_at,9.761417428372342,11.653006356399999,-1.891588928027657,-14.254900440982592,1.0511941457071139e-26,2.402869881895573e-25,Downregulated
225940_at,7.457211424095746,8.74607147348,-1.2888600493842546,-13.349621672851427,1.0775341958317083e-26,2.4620328911216767e-25,Downregulated
227653_at,7.6960493180531895,6.453658968669999,1.2423903493831903,13.662314892657104,1.0782444710105848e-26,2.462609644066892e-25,Upregulated
216031_x_at,6.66750396469149,5.280435515200001,1.3870684494914896,12.890596987223452,1.0838248082370003e-26,2.474303953133926e-25,Upregulated
219274_at,10.009006178542554,11.811037154840001,-1.8020309762974467,-13.521876268259645,1.1058125430768838e-26,2.5234295053853745e-25,Downregulated
204318_s_at,4.97399181693617,2.7221333011599995,2.2518585157761706,14.532630079632911,1.1089243045392549e-26,2.528385020938888e-25,Upregulated
217871_s_at,12.745000402553194,11.687601656900002,1.0573987456531917,13.19509077772996,1.122071364603725e-26,2.5572767125667777e-25,Upregulated
203931_s_at,8.719364513712767,7.714626953229999,1.0047375604827682,13.160455483186853,1.1664873521647747e-26,2.6551285960023095e-25,Upregulated
209120_at,10.213595267351064,11.493747800209999,-1.280152532858935,-13.13939893950479,1.170527070312484e-26,2.6631966583683276e-25,Downregulated
219588_s_at,7.719115474234043,6.19322302809,1.5258924461440424,14.201683296725351,1.1942897601626809e-26,2.7161128558186026e-25,Upregulated
239586_at,6.879000722553191,4.1864322538900005,2.6925684686631906,14.873944115419043,1.1977108893095739e-26,2.7227420918176135e-25,Upregulated
218163_at,10.773277989106381,9.744470716899999,1.0288072722063824,13.249649375508628,1.2332940638827806e-26,2.802448437684801e-25,Upregulated
202338_at,7.465840858414893,5.707838487919999,1.7580023704948937,13.887367513181188,1.2380089005360679e-26,2.8119741015301077e-25,Upregulated
209183_s_at,9.42310123212766,11.18997611456,-1.7668748824323401,-12.61489322310937,1.2682435822241838e-26,2.8794322209164184e-25,Downregulated
228748_at,6.0815143593510665,7.519481894099999,-1.4379675347489327,-13.697756905506374,1.2693299576096786e-26,2.879467781526536e-25,Downregulated
220239_at,7.6340555691914895,5.96749351058,1.6665620586114898,13.087091848717316,1.2690669101281085e-26,2.879467781526536e-25,Upregulated
202133_at,11.260493760351064,12.317876673700002,-1.0573829133489383,-13.74946718703404,1.288940136848454e-26,2.922720666126937e-25,Downregulated
219978_s_at,6.26999398119149,4.07683610999,2.19315787120149,13.080158040065644,1.294558785532059e-26,2.934224139849445e-25,Upregulated
235836_at,3.3509005177765956,4.74078476081,-1.3898842430334049,-12.511765855287859,1.2978164815135313e-26,2.9403688826742543e-25,Downregulated
227235_at,8.94215601944681,10.706807040029998,-1.7646510205831891,-14.104780446671219,1.3048543110448414e-26,2.9550692199519094e-25,Downregulated
201467_s_at,9.304394904265958,6.26421926191,3.0401756423559583,13.188863244450037,1.308130133180645e-26,2.9612410498002594e-25,Upregulated
202311_s_at,9.617967069265957,6.270963705730001,3.347003363535956,12.598493915684093,1.3302286876274588e-26,3.0093990650827105e-25,Upregulated
234610_at,2.5523417667978725,3.7338025683299993,-1.1814608015321268,-14.38596389273515,1.3305229942302244e-26,3.0093990650827105e-25,Downregulated
230097_at,6.458653161787233,3.7304088733000005,2.728244288487233,13.277128699247493,1.3702770557899754e-26,3.0967109967529255e-25,Upregulated
209109_s_at,10.618263089606385,9.344808056329999,1.2734550332763863,12.74812590116068,1.3748635087539997e-26,3.1044671990697996e-25,Upregulated
203612_at,6.894092111734044,5.69557349272,1.1985186190140436,13.594650073378972,1.3794562736366772e-26,3.113530639270764e-25,Upregulated
227717_at,5.656546847957446,7.73842646012,-2.0818796121625542,-13.478232598693573,1.3946924052843314e-26,3.1452799040093523e-25,Downregulated
225855_at,6.077332374510638,7.9871086262599995,-1.9097762517493617,-13.175074748027846,1.397608351941915e-26,3.150534904339809e-25,Downregulated
38037_at,6.481077218234042,9.0886247774,-2.6075475591659574,-12.8791007375352,1.428880138989329e-26,3.219679394875578e-25,Downregulated
209749_s_at,3.10905334987234,4.95635124441,-1.8472978945376606,-13.5142388732852,1.4570880838617277e-26,3.2818651456694674e-25,Downregulated
238516_at,5.065483819297873,6.4544477008399985,-1.388963881542126,-12.507151896143283,1.478918902544472e-26,3.32964136007773e-25,Downregulated
225167_at,6.9773661568297864,8.24694555452,-1.2695793976902134,-12.933543294151681,1.4952036611735838e-26,3.3648964066896394e-25,Downregulated
218355_at,5.202067451531915,2.41995336453,2.7821140870019154,14.59564272070675,1.5255376030798926e-26,3.431725868643041e-25,Upregulated
227705_at,4.767842880680851,7.169753312949999,-2.4019104322691485,-13.660431666153722,1.5978584138402795e-26,3.5884097138544167e-25,Downregulated
203002_at,8.913843974170211,10.33875321541,-1.4249092412397886,-13.115167445817061,1.6016411724796597e-26,3.595403677086435e-25,Downregulated
241031_at,6.215601347787235,2.67323905958,3.5423622882072348,13.779033026316576,1.613272434552987e-26,3.620002968913932e-25,Upregulated
201149_s_at,7.791967148648935,10.28632053096,-2.494353382311065,-12.805682125495066,1.63645985271566e-26,3.6689716397734258e-25,Downregulated
239937_at,7.9812550815638295,5.725503503510001,2.255751578053829,12.876468636190067,1.6505098833349177e-26,3.6989301910438287e-25,Upregulated
204497_at,7.56924719624468,9.16436450936,-1.5951173131153205,-13.89818179945526,1.6934253813971672e-26,3.793526762341859e-25,Downregulated
214088_s_at,5.26558272588298,3.3513423592900007,1.914240366592979,13.719418699483569,1.776913154461431e-26,3.9739314314287955e-25,Upregulated
242033_at,5.283988980425533,7.47740700861,-2.1934180281844675,-13.948977204946939,1.7857787160939635e-26,3.9920986709821247e-25,Downregulated
207945_s_at,9.283696066563829,8.28115176076,1.0025443058038288,12.89477134085548,1.7868021353569672e-26,3.992727031670538e-25,Upregulated
225442_at,7.441657663765957,9.431773047130001,-1.990115383364044,-13.860061268202777,1.7964120835921505e-26,4.012534066781038e-25,Downregulated
204865_at,4.457398176670213,7.345215091160001,-2.887816914489788,-12.580449878285735,1.7973793560438888e-26,4.0130280632700954e-25,Downregulated
204078_at,7.441406970170212,5.837653347050001,1.6037536231202116,13.404745063637339,1.8631366661889697e-26,4.156394389367065e-25,Upregulated
219664_s_at,7.882086881010637,6.87713939618,1.0049474848306374,13.3424086904839,1.9403896813638663e-26,4.325147094978736e-25,Upregulated
226638_at,6.017158931159574,7.274884333990001,-1.2577254028304274,-13.031940470294575,1.9443194378826794e-26,4.332111238026421e-25,Downregulated
203548_s_at,8.409959505010638,11.509332337310003,-3.0993728322993643,-14.338580088033808,1.9509565312156998e-26,4.345099295568018e-25,Downregulated
222317_at,5.776449224255319,7.484625060240001,-1.7081758359846821,-13.473569988453697,1.9734231728028938e-26,4.3933170021679e-25,Downregulated
212386_at,10.905135962159575,12.303450467500001,-1.3983145053404265,-13.546729059842692,1.997193721496335e-26,4.444396421365406e-25,Downregulated
229256_at,7.687195774978724,6.039584455589999,1.6476113193887247,12.654043927923846,2.0014535230224815e-26,4.452033878795996e-25,Upregulated
222802_at,8.320652557297874,10.618973536890003,-2.2983209795921287,-12.706473515627652,2.004097231535826e-26,4.456071669920874e-25,Downregulated
240890_at,7.169408330308509,8.981290646300002,-1.8118823159914923,-13.584835791505792,2.0176703237886832e-26,4.484397356830501e-25,Downregulated
209525_at,5.409658899989362,6.83100807374,-1.421349173750638,-13.716021807470005,2.0199938843515254e-26,4.487707189745194e-25,Downregulated
208370_s_at,10.062950722425532,11.656033823400001,-1.5930831009744697,-12.56198398917378,2.0260327581100062e-26,4.499264984628604e-25,Downregulated
227443_at,6.94146151407447,8.38711655375,-1.445655039675529,-13.309072861671998,2.0613352924142415e-26,4.573885315090445e-25,Downregulated
212022_s_at,5.673155765776595,3.3004719996000005,2.372683766176595,14.106876385731292,2.064675192528429e-26,4.57940700640553e-25,Upregulated
207330_at,4.58515356374468,6.07492961508,-1.48977605133532,-12.435451830453603,2.0844608791025576e-26,4.621385525284838e-25,Downregulated
209960_at,6.767030489819149,8.794588627499998,-2.027558137680849,-14.047413190426084,2.1068985089758178e-26,4.669206559693998e-25,Downregulated
235502_at,4.5603200582021275,5.925287261869999,-1.364967203667872,-12.597955409566472,2.1269358098444974e-26,4.711670900671175e-25,Downregulated
228063_s_at,7.520101902978724,8.94211221909,-1.4220103161112752,-13.012123844174884,2.136460119520113e-26,4.730821078160099e-25,Downregulated
225914_s_at,5.708167022361702,7.207097575159999,-1.4989305527982966,-12.685756991283535,2.147089467922005e-26,4.752401404183249e-25,Downregulated
223700_at,5.057284155404256,2.8027671641500005,2.2545169912542553,13.974115041400006,2.2018125290306096e-26,4.871521542017292e-25,Upregulated
206101_at,7.600215152744681,9.946789991129998,-2.346574838385317,-13.44345045183282,2.205139316223355e-26,4.876875956512721e-25,Downregulated
1569312_at,6.789242400074467,4.19346827329,2.595774126784467,13.303285587847078,2.218515501471811e-26,4.904442037080265e-25,Upregulated
230025_at,4.603137817904256,5.879882245189999,-1.2767444272857436,-12.442205832744596,2.2260246124388788e-26,4.919020534290778e-25,Downregulated
223314_at,6.675342507382979,7.6805320978000005,-1.0051895904170216,-12.770759866324706,2.2556763936055134e-26,4.982497351394913e-25,Downregulated
226226_at,9.18475332356383,6.846463808999999,2.338289514563831,13.577853429706067,2.2580056693664138e-26,4.985594947969702e-25,Upregulated
236698_at,4.440203523542553,6.502487037930001,-2.062283514387448,-12.455576716522911,2.3432018633570073e-26,5.169460845878589e-25,Downregulated
221256_s_at,6.673376462414894,5.504026759519999,1.1693497028948947,12.746821357444473,2.3711709136738415e-26,5.229020039477706e-25,Upregulated
222830_at,8.346720308297872,6.3636677631800005,1.9830525451178715,12.671425168702688,2.3939166984156045e-26,5.277016538564824e-25,Upregulated
207542_s_at,8.891005968585107,12.112165782069999,-3.221159813484892,-13.885424623400004,2.4052937554458292e-26,5.299923389201531e-25,Downregulated
204445_s_at,6.593838783946807,8.23116067934,-1.6373218953931934,-12.425754681476754,2.4098074130693426e-26,5.305521961496016e-25,Downregulated
208228_s_at,6.980691131478724,9.018616250040001,-2.037925118561277,-13.754695809850631,2.4112476776529874e-26,5.306520768831571e-25,Downregulated
209243_s_at,3.233141436648936,4.92212872153,-1.688987284881064,-12.414922584344168,2.4212129537775392e-26,5.326272389851891e-25,Downregulated
236022_at,6.586389490776596,4.9025140162200005,1.6838754745565954,13.000116697847101,2.426537181781592e-26,5.335802488115483e-25,Upregulated
236065_at,6.490622721446807,9.759971068159999,-3.2693483467131914,-14.278617860938844,2.4461683102329845e-26,5.376771913943249e-25,Downregulated
205304_s_at,6.029260560531915,8.13730758349,-2.1080470229580843,-13.808784986230455,2.4960854660764517e-26,5.482011142441325e-25,Downregulated
205196_s_at,7.032727718223402,5.38156889736,1.6511588208634018,12.755966324079672,2.5319213807465986e-26,5.5584458524423085e-25,Upregulated
228882_at,3.7710688678404263,5.42637601348,-1.6553071456395734,-12.465201947167209,2.576078327878592e-26,5.650772795402853e-25,Downregulated
239092_at,3.2177289653297865,4.31098137097,-1.093252405640213,-12.550656402691004,2.632971700403757e-26,5.770864542702383e-25,Downregulated
235012_at,5.758176152861704,7.01676188981,-1.2585857369482953,-13.12594968228925,2.8089470922284396e-26,6.149044700960474e-25,Downregulated
1558034_s_at,9.729132430393616,6.08114295225,3.647989478143616,12.451920202987557,2.826619261473061e-26,6.185213327810824e-25,Upregulated
218175_at,8.620168632670213,9.65695974326,-1.0367911105897871,-12.762392348312833,2.8431343468321155e-26,6.218821633945188e-25,Downregulated
208626_s_at,9.23348593225532,10.31422898423,-1.0807430519746806,-13.00806670172433,3.103826491385702e-26,6.776659232972687e-25,Downregulated
235509_at,9.330278359095747,7.935136628869999,1.395141730225748,13.63862215413689,3.1044673985878667e-26,6.776659232972687e-25,Upregulated
203287_at,7.10501564069149,5.39152895106,1.7134866896314902,12.947966792014867,3.255765028649786e-26,7.0982804147125e-25,Upregulated
233732_at,6.180563094595745,5.16239602315,1.0181670714457445,12.556895993861492,3.369369402448183e-26,7.342986332255996e-25,Upregulated
211685_s_at,5.58817347187234,7.6373692771699995,-2.0491958052976598,-13.526703010824185,3.413858471827416e-26,7.4369295976391e-25,Downregulated
210410_s_at,6.023315837127661,4.66041283937,1.3629029977576606,13.921716500519498,3.443318235877936e-26,7.495034991296264e-25,Upregulated
209008_x_at,11.447107184393618,10.066237752709998,1.3808694316836192,12.48701552713516,3.444856589480983e-26,7.495222246661432e-25,Upregulated
238417_at,7.524528705170213,6.2304781794099995,1.2940505257602135,13.32498844697284,3.446191316698346e-26,7.495222246661432e-25,Upregulated
239148_at,7.32735249251064,5.959176099409999,1.368176393100641,14.035505104642223,3.4806139630010535e-26,7.563971822786855e-25,Upregulated
242277_at,7.100539389765957,8.97035137854,-1.8698119887740434,-12.669858986101273,3.53253998308074e-26,7.667522014930616e-25,Downregulated
204146_at,7.999917562797871,5.980463363930002,2.0194541988678694,13.189672957482568,3.548319142451912e-26,7.698664517786146e-25,Upregulated
205743_at,4.2380163849255315,6.330222480279999,-2.0922060953544674,-12.41739933822126,3.6932114845495375e-26,8.006572870132262e-25,Downregulated
201380_at,7.871088649712767,8.956026661480001,-1.0849380117672345,-13.038873481725181,3.7201308843485805e-26,8.061682503850635e-25,Downregulated
1556209_at,5.094103644574468,7.233459430300001,-2.1393557857255328,-12.537363581595963,3.725522206308501e-26,8.070114272594e-25,Downregulated
211464_x_at,8.522327570180849,7.518992815150001,1.0033347550308482,13.164319453226883,4.002410976779129e-26,8.662924619599285e-25,Upregulated
223343_at,10.348296248957446,11.867113212300001,-1.5188169633425552,-12.754403862685038,4.0266607845757444e-26,8.711905750570837e-25,Downregulated
205394_at,5.11696090962766,2.5038463501100003,2.6131145595176597,14.198297273152829,4.142920225888004e-26,8.959835435046731e-25,Upregulated
218850_s_at,4.0558174989787235,5.7127822963899995,-1.656964797411276,-12.36890986113823,4.174151292873135e-26,9.023750057816496e-25,Downregulated
205195_at,6.7285143686383,5.22294814478,1.5055662238582999,12.75264924446632,4.249550541089603e-26,9.183058473404796e-25,Upregulated
215450_at,8.12037367769149,7.077944443600001,1.0424292340914887,12.730028705477517,4.294809821556235e-26,9.27713417920577e-25,Upregulated
205739_x_at,7.299914863255317,5.9287330679300005,1.3711817953253167,12.770093125338006,4.308968232618959e-26,9.30398094579058e-25,Upregulated
224634_at,8.449112535468084,7.254740385819999,1.1943721496480846,13.032842017031859,4.413701854491161e-26,9.52629887422398e-25,Upregulated
204811_s_at,7.608217796223402,10.657619881099999,-3.049402084876597,-14.162294520228832,4.456047779584889e-26,9.613838181819209e-25,Downregulated
227253_at,10.914211183404257,7.4995537939600005,3.4146573894442565,12.338825569226676,4.580256111026417e-26,9.877853054838286e-25,Upregulated
1558512_at,4.235083232882979,5.304217264699998,-1.0691340318170193,-12.362121332689428,4.6006213628663317e-26,9.917796417760661e-25,Downregulated
226974_at,8.372603130489361,10.318076770529998,-1.9454736400406372,-13.368486626874981,4.691139752307592e-26,1.010887991657116e-24,Downregulated
230319_at,10.03230829268085,12.4444100748,-2.4121017821191497,-14.222237469836562,4.721421641845628e-26,1.0165988167666492e-24,Downregulated
234464_s_at,8.24102337505319,6.890633915070001,1.3503894599831892,12.378607538259978,4.765088019301379e-26,1.0255903329577589e-24,Upregulated
226218_at,9.810828544670214,11.651723588359998,-1.840895043689784,-12.509388290988202,4.7854425946437523e-26,1.0295592615820354e-24,Downregulated
202274_at,7.858542738340425,10.52009340517,-2.6615506668295748,-13.241553868148419,4.874245926665148e-26,1.0478731480444933e-24,Downregulated
228831_s_at,5.756978628382977,7.021170808359999,-1.2641921799770222,-13.064992304925816,4.8744629018839885e-26,1.0478731480444933e-24,Downregulated
235183_at,6.593069008808513,9.31487924766,-2.7218102388514875,-14.188053542940585,4.8918781812088585e-26,1.0511968032540939e-24,Downregulated
228047_at,4.440577667840426,2.6326926718299997,1.8078849960104262,14.044292379737358,4.8956749324208597e-26,1.0515925395973975e-24,Upregulated
222039_at,6.549078406946809,3.8701558657499997,2.6789225411968096,14.128610222656816,5.008650928936707e-26,1.0754303347855878e-24,Upregulated
204846_at,10.386575237787234,6.722209938550001,3.6643652992372333,12.36869536452873,5.012845450052348e-26,1.0759014580068459e-24,Upregulated
224444_s_at,7.623262563553191,5.74859532758,1.8746672359731908,13.146649412924251,5.401461340523569e-26,1.157001193394666e-24,Upregulated
214074_s_at,6.352488067457447,4.79394175338,1.5585463140774465,13.13922827688537,5.507448539721033e-26,1.1792341845439311e-24,Upregulated
204922_at,6.526164855978725,5.3389311060799995,1.1872337498987253,13.905986254396085,5.610086819815312e-26,1.200732708677224e-24,Upregulated
1552737_s_at,3.1118957889787233,4.414970534330001,-1.3030747453512777,-12.289127573085615,5.670770114895009e-26,1.2132380326163204e-24,Downregulated
237058_x_at,3.230999312202128,4.81072630653,-1.5797269943278724,-12.364805276199846,5.926571912889301e-26,1.2669578573396818e-24,Downregulated
205876_at,5.718879295053193,7.71099628408,-1.9921169890268073,-12.729405718785868,6.062272265167045e-26,1.2954524277086796e-24,Downregulated
210112_at,6.021273576340425,4.865593598129999,1.1556799782104257,12.480746126860588,6.282133830935535e-26,1.3408367072646773e-24,Upregulated
221756_at,8.229796836276597,9.33313722319,-1.1033403869134037,-12.840151219290773,6.343869167430632e-26,1.3529395203783661e-24,Downregulated
213029_at,9.472027405670215,10.680416550010001,-1.2083891443397867,-12.954526543903675,6.476125782185701e-26,1.3804780877719436e-24,Downregulated
223690_at,8.40863552801064,10.259652358580002,-1.8510168305693622,-13.145868629766353,6.478129426870162e-26,1.3804780877719436e-24,Downregulated
216640_s_at,11.200524271914892,10.199029984309998,1.0014942876048938,12.660544310722122,6.509773249707595e-26,1.3866719366684067e-24,Upregulated
1562953_s_at,2.855548626276596,3.8943151102900004,-1.0387664840134043,-12.543480081310133,6.706368105914666e-26,1.4274187374148248e-24,Downregulated
204700_x_at,8.157593516297872,7.1353154087899995,1.0222781075078728,13.088197453946293,6.995881442618399e-26,1.4878627096586525e-24,Upregulated
211555_s_at,6.243419111574469,8.00749648254,-1.7640773709655315,-13.265187626857497,7.174618585618382e-26,1.524670230130661e-24,Downregulated
213032_at,8.688440718212767,9.97783114887,-1.2893904306572335,-12.468670575732633,7.28918057876966e-26,1.5484038965628158e-24,Downregulated
37965_at,5.791653401968086,7.3381353982199995,-1.5464819962519138,-12.361525504552416,7.572090252804513e-26,1.6059639051157078e-24,Downregulated
204777_s_at,6.4640075257659575,8.777018522530001,-2.313010996764044,-13.23448016062427,7.590551372096177e-26,1.6092447619218168e-24,Downregulated
205700_at,8.217558603234043,11.151174639020006,-2.9336160357859633,-13.523061527557724,7.80786161766688e-26,1.654663691756623e-24,Downregulated
218257_s_at,7.629762019978723,6.581471666919999,1.0482903530587242,12.77131439539859,8.022700272185562e-26,1.6988541607865065e-24,Upregulated
218867_s_at,6.786929500223406,7.95047197697,-1.1635424767465947,-12.783776709776708,8.03938782509447e-26,1.701717880993826e-24,Downregulated
227727_at,5.800655269446809,8.11265369523,-2.311998425783191,-13.676670967759994,8.166639339701643e-26,1.727973499312323e-24,Downregulated
203961_at,8.839750020287232,11.121565669530003,-2.2818156492427715,-13.681233256667715,8.199379018317889e-26,1.734218638927432e-24,Downregulated
36936_at,9.870241314180852,8.67027764467,1.1999636695108524,13.523900197371193,8.4454836255687e-26,1.7848675138893444e-24,Upregulated
238751_at,5.810690384936171,8.60535934643,-2.7946689614938283,-13.102753776785171,8.573649073605713e-26,1.8112422980084716e-24,Downregulated
219243_at,8.628648527053192,10.280068014369999,-1.6514194873168062,-13.003402932437611,8.610271085205316e-26,1.818264784408532e-24,Downregulated
228827_at,6.310801460234043,8.56032002672,-2.249518566485956,-13.304461740200928,8.667780667899411e-26,1.8296909380048575e-24,Downregulated
37512_at,8.641252075265957,11.470297546810002,-2.8290454715440454,-13.620606992487147,8.699590754845922e-26,1.835685321067645e-24,Downregulated
823_at,7.255505436478723,9.57973228096,-2.3242268444812773,-12.736877848649103,8.850482580903367e-26,1.8660605883828635e-24,Downregulated
207574_s_at,10.12973460930851,11.70280907198,-1.5730744626714905,-12.21838557677699,9.512614712696036e-26,2.0033104735202388e-24,Downregulated
228811_at,3.3134601166914894,4.5277869883,-1.2143268716085105,-12.808197549530405,9.831458599289826e-26,2.068837371758226e-24,Downregulated
48031_r_at,7.916028133010638,9.389919225469999,-1.4738910924593611,-12.71951486485796,9.958276457718864e-26,2.09306704788928e-24,Downregulated
238914_at,2.495163501648936,4.13706654272,-1.6419030410710644,-13.548813038287856,1.0152686995530738e-25,2.1330954013344385e-24,Downregulated
238222_at,6.0978619988404255,10.45503563589,-4.357173637049575,-13.936641289534785,1.0165642317311366e-25,2.1349833568094852e-24,Downregulated
221489_s_at,6.064544674117021,8.16777869196,-2.10323401784298,-12.770232479269508,1.023364814474309e-25,2.1484270066867756e-24,Downregulated
213010_at,7.427616661085109,9.115144867869999,-1.68752820678489,-13.563218549922919,1.0443726826828569e-25,2.1908201681271505e-24,Downregulated
234987_at,10.588807904585106,11.727996513699997,-1.1391886091148908,-12.614459157317725,1.0575169967224866e-25,2.2175286232247823e-24,Downregulated
1555960_at,7.393921336765958,5.89565293649,1.4982684002759576,12.331346179520462,1.0807879391914167e-25,2.2645601907810495e-24,Upregulated
228480_at,6.575648443531915,8.50566041891,-1.9300119753780853,-13.417678854668818,1.1044054207663215e-25,2.31314446889943e-24,Downregulated
201250_s_at,6.059682560457445,3.6257319219899995,2.433950638467446,14.353224295161276,1.1064048091518073e-25,2.316430092060689e-24,Upregulated
207788_s_at,5.0797341350957455,6.780241735150001,-1.7005076000542552,-12.286356292692641,1.1198373090987588e-25,2.342921748847375e-24,Downregulated
226358_at,6.50662982937234,7.6270089940600005,-1.1203791646876606,-13.393385893328727,1.1199293154885287e-25,2.342921748847375e-24,Downregulated
1552701_a_at,9.769197992787236,11.1462370538,-1.3770390610127645,-12.931937803303509,1.12308538731379e-25,2.3486108336726093e-24,Downregulated
209499_x_at,8.41903122193617,9.605372251030001,-1.1863410290938319,-12.440965733645518,1.1318111169013936e-25,2.365938310674635e-24,Downregulated
1569608_x_at,6.627752028702128,8.561463082080001,-1.9337110533778734,-12.343275297689924,1.1346423628253387e-25,2.370935280766265e-24,Downregulated
214054_at,7.017183628127659,8.438235587770002,-1.4210519596423428,-12.617672112827348,1.1487381802475776e-25,2.3994575441862605e-24,Downregulated
205798_at,8.955076832372338,10.874293561990003,-1.9192167296176645,-12.395773830941518,1.172097611806091e-25,2.4463501027785182e-24,Downregulated
206496_at,6.3144000534255325,8.87450081107,-2.5601007576444674,-13.358021865570008,1.2071323690337633e-25,2.518495795223041e-24,Downregulated
212923_s_at,9.04353355355319,10.17768125097,-1.1341476974168092,-12.970688755101092,1.248926670683001e-25,2.604682819284835e-24,Downregulated
229544_at,5.104227144382979,6.869575779600001,-1.7653486352170216,-13.154195124596452,1.2559783955378682e-25,2.6183741853643325e-24,Downregulated
218254_s_at,10.766029765648934,9.7608244917,1.0052052739489348,12.651406911806937,1.369079411266265e-25,2.849740913868705e-24,Upregulated
212915_at,8.001249769819148,9.99106581891,-1.9898160490908516,-13.713239412334334,1.3751706525936948e-25,2.8613125230330548e-24,Downregulated
235574_at,5.671668124457448,7.871626726249998,-2.1999586017925497,-12.273515243451858,1.388578915956132e-25,2.8880937963502136e-24,Downregulated
201426_s_at,13.626664433085105,14.700358872399999,-1.0736944393148935,-13.649277817714966,1.4088225195446062e-25,2.9290656372719827e-24,Downregulated
206178_at,5.193378460723404,6.21003065064,-1.016652189916596,-12.209678392416249,1.4115491020975407e-25,2.9336004638878797e-24,Downregulated
209465_x_at,5.332421049925531,7.960141467909999,-2.6277204179844675,-13.677296489319856,1.4574299815593227e-25,3.027784047437224e-24,Downregulated
227099_s_at,11.700319549499998,13.350496527500002,-1.6501769780000046,-12.583899870349953,1.4871215303988021e-25,3.087082926824777e-24,Downregulated
238460_at,6.039594467957447,2.43158367079,3.6080107971674473,14.440987101615647,1.4999252156710293e-25,3.112460557487731e-24,Upregulated
219998_at,4.737409576702127,6.386556132310001,-1.6491465556078735,-12.190453072868523,1.5040924896137904e-25,3.1199043056832755e-24,Downregulated
230323_s_at,9.41952120994681,7.10317008914,2.31635112080681,13.285110140034053,1.5077903019316097e-25,3.1263688966728436e-24,Upregulated
227530_at,6.474031851925531,9.01315045169,-2.5391185997644694,-13.493484906144742,1.579500631598381e-25,3.27253547654663e-24,Downregulated
236358_at,3.2677192855957453,4.5234679050099995,-1.2557486194142542,-12.424592546317614,1.5873865648382517e-25,3.2876077695953103e-24,Downregulated
205168_at,6.3687027269148935,8.066853974219999,-1.6981512473051055,-12.99458005909624,1.6180361330388557e-25,3.3497956678840605e-24,Downregulated
229902_at,3.8017570484255314,5.253258567609999,-1.4515015191844673,-13.086092189486044,1.6305578720814268e-25,3.374420381214761e-24,Downregulated
224888_at,6.776096826521277,5.505527978809999,1.270568847711278,13.99556035400802,1.6586110524802907e-25,3.43115592571942e-24,Upregulated
226349_at,7.331828789946806,6.277105282649999,1.0547235072968073,13.117506918514147,1.720991738755166e-25,3.55746585936531e-24,Upregulated
203906_at,7.038498991351064,8.066552455540002,-1.0280534641889378,-12.91556104965888,1.7422548054146532e-25,3.6000352272006356e-24,Downregulated
223499_at,7.0351199354574465,9.10359929165,-2.0684793561925527,-12.983524971438344,1.7432544382758424e-25,3.6007174814556245e-24,Downregulated
222077_s_at,9.108964144691491,7.730703590909999,1.3782605537814918,13.17775476358851,1.7463367546875685e-25,3.605699373805204e-24,Upregulated
226777_at,6.070194596680851,2.77631911629,3.2938754803908514,13.143622919688914,1.785245653909795e-25,3.683207623367558e-24,Upregulated
228325_at,7.793170456787233,9.46484410283,-1.671673646042767,-12.476747663450865,1.7871586813819457e-25,3.685740676258027e-24,Downregulated
210608_s_at,8.015993437893616,5.95023114334,2.0657622945536165,14.067707613483842,1.7983424667977138e-25,3.707383975438169e-24,Upregulated
1552703_s_at,10.247266672478723,11.668826900360003,-1.4215602278812796,-12.705158606992683,1.8205975423358382e-25,3.750389100424182e-24,Downregulated
210115_at,6.028018131936171,4.16557648539,1.8624416465461708,14.081013788799526,1.8341631322371676e-25,3.776887374828036e-24,Upregulated
228399_at,3.5851522941382976,4.99832140422,-1.4131691100817028,-12.248091020232579,1.8408659511738833e-25,3.789239037498603e-24,Downregulated
230201_at,4.949588442904257,6.17819179679,-1.2286033538857435,-12.139511290107084,1.8548388363658975e-25,3.815080751540198e-24,Downregulated
212196_at,10.125527356,11.13139428491,-1.0058669289100006,-12.320120154167919,1.8657679338445503e-25,3.836093046244762e-24,Downregulated
205347_s_at,4.532288691521277,7.547753298330001,-3.015464606808724,-12.2107202610159,1.8802413271254668e-25,3.864373711149039e-24,Downregulated
235299_at,8.505574530340425,7.2816199073300005,1.2239546230104246,12.696818101796612,1.8983253823145818e-25,3.8985616270779725e-24,Upregulated
236607_at,4.474467620659575,2.8047642248700004,1.6697033957895746,13.453945150566074,1.9508069706562992e-25,4.004813119225943e-24,Upregulated
214011_s_at,8.425880782414893,7.40819151985,1.0176892625648932,12.47854889838891,1.9695743431670452e-25,4.040256507306739e-24,Upregulated
213589_s_at,3.9796647654680855,2.77846988685,1.2011948786180855,13.491841743725425,1.9954566421341193e-25,4.091789209066936e-24,Upregulated
225137_at,5.665583850223404,6.80624425305,-1.1406604028265956,-12.415637653696761,2.039153004501082e-25,4.1779270157792494e-24,Downregulated
209222_s_at,9.24431149730851,8.17227338148,1.0720381158285104,13.804521391147823,2.039794062290616e-25,4.1779270157792494e-24,Upregulated
205158_at,8.354919035074467,10.03899119574,-1.684072160665533,-12.898961771981355,2.0969519002708977e-25,4.290097181740985e-24,Downregulated
238458_at,5.870616877010638,7.50963496018,-1.6390180831693613,-13.383573643660352,2.1023017387919884e-25,4.299406894397943e-24,Downregulated
229061_s_at,6.186615551063828,4.80238738651,1.3842281645538277,13.546563791734501,2.109407600240348e-25,4.31229939895581e-24,Upregulated
223344_s_at,8.558697152659574,10.446205597409998,-1.8875084447504236,-12.496326403248087,2.1182534315337138e-25,4.3270937739640075e-24,Downregulated
213746_s_at,10.498580464904254,11.797728565999996,-1.2991481010957422,-12.569138442814028,2.166697273422459e-25,4.4243727998595434e-24,Downregulated
223279_s_at,6.481165309148937,8.10019722569,-1.6190319165410623,-12.965980416045129,2.187715900752901e-25,4.4655972462199444e-24,Downregulated
227753_at,4.768601962851063,7.600657572949999,-2.8320556100989362,-13.14766985838709,2.194561865454077e-25,4.477871945952693e-24,Downregulated
221648_s_at,4.819383272138296,2.6417186440000004,2.1776646281382956,13.475013555885281,2.2057835313211214e-25,4.4990623062433765e-24,Upregulated
227503_at,5.5191195072553185,7.284329047909999,-1.7652095406546806,-13.106361387617847,2.2202028288204005e-25,4.525040899997501e-24,Downregulated
218239_s_at,10.365644252351064,9.350056451660002,1.015587800691062,13.268779992821825,2.3292299549191924e-25,4.743656280018314e-24,Upregulated
203889_at,7.701335121797872,4.163431854190001,3.537903267607871,12.489975571130854,2.3440720903195008e-25,4.772076512109185e-24,Upregulated
217677_at,5.852672204574469,6.95920542042,-1.1065332158455314,-12.082004106491151,2.3529759342085843e-25,4.78839060148857e-24,Downregulated
239196_at,6.3769214272234045,3.8174796575500007,2.5594417696734038,13.199482034489883,2.3584111868196777e-25,4.797636312189228e-24,Upregulated
225793_at,9.174659614297871,10.30972412903,-1.1350645147321288,-13.319683266341832,2.387571884798785e-25,4.855120657685725e-24,Downregulated
205969_at,4.426771442723404,6.860710963650002,-2.4339395209265975,-12.137976077563314,2.4014739426555936e-25,4.881544878294549e-24,Downregulated
208546_x_at,7.459640491851062,5.718805527579999,1.7408349642710634,12.760893297961672,2.4131413430455237e-25,4.903408397319477e-24,Upregulated
223779_at,6.0528785440851065,2.29305024516,3.7598282989251066,14.297922850324579,2.4350154821893497e-25,4.944120148170493e-24,Upregulated
226765_at,7.913858652074466,9.12749362966,-1.2136349775855342,-12.243005592329155,2.483746516671872e-25,5.039260284636489e-24,Downregulated
224970_at,7.860110151138299,9.47600238225,-1.615892231111701,-13.239727410708102,2.4899115252593526e-25,5.049863548174945e-24,Downregulated
213071_at,6.73415907761702,9.288247981469999,-2.5540889038529784,-12.759783373071441,2.5029976389891353e-25,5.074490426335079e-24,Downregulated
211370_s_at,6.185518469446808,7.216274025689999,-1.0307555562431912,-12.546545093010545,2.520578046364236e-25,5.108206887782471e-24,Downregulated
209790_s_at,9.194766334840427,8.03640983231,1.1583565025304274,13.061512089635452,2.57117412405687e-25,5.204861551995589e-24,Upregulated
225836_s_at,7.3455892709148936,6.245633402320001,1.0999558685948925,12.45958176883327,2.664238679095534e-25,5.387170736610241e-24,Upregulated
216568_x_at,4.938486129244682,3.52875878714,1.4097273421046816,12.493914865838295,2.673801760800415e-25,5.404475817602823e-24,Upregulated
243818_at,7.104254838361702,10.48774561649,-3.383490778128299,-13.875250706453805,2.6788865152387216e-25,5.412719388002625e-24,Downregulated
229163_at,4.836156230957447,7.010190075180002,-2.1740338442225555,-12.941403133238364,2.697205196159669e-25,5.447686018799998e-24,Downregulated
205345_at,7.432752724978725,6.375604597730001,1.0571481272487242,12.824311252740829,2.7433759070314887e-25,5.538859479564402e-24,Upregulated
223249_at,9.381765244308509,8.317674914119998,1.0640903301885114,12.860368882108958,2.7878882501454746e-25,5.6245070300946924e-24,Upregulated
213413_at,6.738536656968085,8.557350285090001,-1.8188136281219158,-13.184303401888915,2.807087249604072e-25,5.66111716562447e-24,Downregulated
229687_s_at,4.970715750468085,6.7534674816999996,-1.7827517312319143,-12.799659058641591,2.80894017385202e-25,5.662730741784286e-24,Downregulated
205440_s_at,3.525504110106383,5.440741045069999,-1.9152369349636165,-12.351936638211292,2.85354150812494e-25,5.750490204421432e-24,Downregulated
224823_at,11.015428080159575,12.762190907800003,-1.7467628276404277,-13.670059525093716,2.9380775281254523e-25,5.916414748324806e-24,Downregulated
224963_at,7.094500950276597,8.575842493309999,-1.4813415430334018,-12.85820538876889,2.942314772384514e-25,5.922729878273708e-24,Downregulated
211202_s_at,9.416810723085106,8.28528559948,1.1315251236051065,13.159473641146661,3.038235505924686e-25,6.113525436650399e-24,Upregulated
202716_at,7.896746458117022,9.055753416009999,-1.1590069578929771,-12.492358283818204,3.053803892297487e-25,6.142554081941386e-24,Downregulated
219134_at,7.856677599372341,9.777235802040002,-1.920558202667661,-13.134715222366005,3.0803767198602767e-25,6.19368756091233e-24,Downregulated
238780_s_at,4.425894764117022,6.531161654470001,-2.105266890352979,-12.457076161727679,3.0859293603155176e-25,6.2025335042574894e-24,Downregulated
44040_at,5.219031391276596,3.966050977820001,1.2529804134565952,13.03683732909494,3.1118686703389714e-25,6.252333518970934e-24,Upregulated
213056_at,8.643543958542551,9.815831932639998,-1.172287974097447,-13.389973070948445,3.1927705882153734e-25,6.407699957378809e-24,Downregulated
226455_at,6.9560350090106375,5.351573705769999,1.6044613032406385,13.0669250150134,3.2358221509290337e-25,6.491679604993249e-24,Upregulated
229497_at,5.285924017734043,6.551177630919999,-1.2652536131859557,-12.606896148477817,3.241343252039071e-25,6.500331400230181e-24,Downregulated
209304_x_at,8.414282972,9.96534280563,-1.5510598336299992,-12.038924118578413,3.3114145351822225e-25,6.633435463289052e-24,Downregulated
1555243_x_at,7.3812943411489345,6.2648373696299995,1.116456971518935,12.49102021826423,3.381444981678816e-25,6.771198800617154e-24,Upregulated
229584_at,9.109100168478722,11.8498824727,-2.740782304221277,-13.771079042201212,3.39454324884147e-25,6.793889743958873e-24,Downregulated
227533_at,7.827842610744681,6.4375191258,1.3903234849446813,12.308205805432113,3.395302798453399e-25,6.793889743958873e-24,Upregulated
235609_at,4.490673847521276,2.4708444009000003,2.019829446621276,13.832119061369488,3.406971651823617e-25,6.814703505577726e-24,Upregulated
204401_at,6.691011191074468,4.29138688106,2.3996243100144676,13.052000852443483,3.4129643651499822e-25,6.824152466318102e-24,Upregulated
225427_s_at,11.163090568244682,10.14880249594,1.0142880723046819,13.529878633701118,3.4549413984134958e-25,6.905517579155268e-24,Upregulated
228776_at,6.2960699972234035,8.2661746769,-1.9701046796765969,-12.689592824846088,3.485350021557158e-25,6.963708627766468e-24,Downregulated
215629_s_at,6.31733739606383,4.8419040987,1.4754332973638302,12.797985915475033,3.511208321797798e-25,7.010364605283973e-24,Upregulated
209197_at,5.021494451351064,6.649027579190001,-1.6275331278389373,-12.938460529163402,3.541235478064045e-25,7.064869859909226e-24,Downregulated
232686_at,3.155094892489362,4.18801074014,-1.0329158476506382,-12.355727329865589,3.54783932297854e-25,7.075420312410966e-24,Downregulated
240118_at,4.881165777734042,2.83082187578,2.050343901954042,12.99631845200259,3.5504436706951086e-25,7.077989743217461e-24,Upregulated
203256_at,7.857611798574467,5.05262173395,2.8049900646244676,12.586557565710423,3.5823443617377316e-25,7.13893937904504e-24,Upregulated
40524_at,2.3250476110212768,3.74140247251,-1.4163548614887231,-13.731882188774934,3.619865802160016e-25,7.21104081611032e-24,Downregulated
234978_at,7.662225454702129,6.562038777620001,1.100186677082128,12.530749035714141,3.720136440213993e-25,7.408043634703807e-24,Upregulated
202617_s_at,5.702586003202129,6.91083348008,-1.2082474768778706,-12.816336136261913,3.8076441434900613e-25,7.573888605834187e-24,Downregulated
222380_s_at,6.909082103882979,4.402375805689999,2.50670629819298,13.056376755887777,3.818457551979495e-25,7.592589940509025e-24,Upregulated
206762_at,3.0943703051808513,4.413598457049999,-1.3192281518691478,-12.418015236044894,3.8275245515450247e-25,7.607806191034763e-24,Downregulated
227708_at,8.38639441831915,9.609969672520002,-1.2235752542008527,-12.951380418089379,3.8296729246238086e-25,7.609264422749027e-24,Downregulated
242528_at,2.377390715212766,3.5856263335999996,-1.2082356183872336,-12.89870938578484,3.936231146828193e-25,7.809447748554082e-24,Downregulated
209815_at,7.597043557297875,9.25708974115,-1.6600461838521259,-12.585526582053811,3.9443700215926396e-25,7.822709660080447e-24,Downregulated
204837_at,6.767729523372341,7.92278568355,-1.1550561601776588,-13.194042983514532,3.956463447771558e-25,7.843801806186546e-24,Downregulated
1555801_s_at,6.094963107787234,9.67382441505,-3.5788613072627653,-13.741843666043007,3.9715492641047664e-25,7.870808722149556e-24,Downregulated
204981_at,8.703087830904254,7.356166761799999,1.3469210691042548,12.820379283932494,4.1279941946975537e-25,8.173404695131388e-24,Upregulated
227672_at,5.510847331521276,3.9203934605,1.590453871021276,13.57682939692351,4.1624013996714645e-25,8.236899252491882e-24,Upregulated
205733_at,4.339476081180851,2.6185260918,1.7209499893808506,13.544320549780336,4.252613541341948e-25,8.406140093150239e-24,Upregulated
221586_s_at,7.95179774005319,6.6088437191299985,1.3429540209231918,12.82343988606711,4.265397819625926e-25,8.428313266950774e-24,Upregulated
223774_at,7.419801368957447,6.21058370742,1.2092176615374477,12.114547910448241,4.282675362993199e-25,8.45934546727698e-24,Upregulated
210387_at,5.988856270223403,2.75823638192,3.2306198883034027,13.585192604705345,4.4479096374178285e-25,8.776055310277158e-24,Upregulated
214039_s_at,13.865829596489366,12.6126925588,1.253137037689367,12.89069039647619,4.451959322941905e-25,8.780824501054393e-24,Upregulated
226803_at,9.450866930595744,8.0340313108,1.4168356197957443,12.630287804201233,4.460265872050362e-25,8.793983144945044e-24,Upregulated
201584_s_at,10.15057394118085,9.13989155883,1.0106823823508506,12.935950670046108,4.6225544607881535e-25,9.103944131378676e-24,Upregulated
208328_s_at,6.1083940351914885,7.197549845530001,-1.0891558103385126,-12.154979720314008,4.771021040775177e-25,9.389467167915613e-24,Downregulated
212419_at,7.782425480287233,9.070863329780002,-1.2884378494927686,-13.134626229229168,4.855496343271325e-25,9.548728567429305e-24,Downregulated
40665_at,7.055063897851064,9.5856770869,-2.5306131890489363,-13.233826369515237,4.892179879455655e-25,9.61735332589188e-24,Downregulated
232271_at,4.752902225170212,2.30593488434,2.446967340830212,14.037880947222694,4.911043870286605e-25,9.650909960074363e-24,Upregulated
231579_s_at,11.584053496648936,12.757621183999998,-1.1735676873510617,-13.224100313768663,4.9587526106758e-25,9.738813817642704e-24,Downregulated
221696_s_at,5.395943298425532,3.2823902578299995,2.1135530405955327,13.784321092037812,5.008378946434607e-25,9.831411314340575e-24,Upregulated
205529_s_at,5.749742497457446,8.03811530181,-2.288372804352554,-12.711774707770422,5.052742787222693e-25,9.911262711654259e-24,Downregulated
235072_s_at,9.376800929925533,10.419576802020002,-1.0427758720944684,-12.621462650532584,5.076589649153228e-25,9.954409437453719e-24,Downregulated
203059_s_at,6.745271930446807,8.31045182503,-1.565179894583193,-12.37092338191406,5.2896954645277695e-25,1.0364719863573428e-23,Downregulated
219429_at,6.763385168585105,5.0045032570800005,1.7588819115051049,12.859334356036976,5.396289862286016e-25,1.0569732211686659e-23,Upregulated
238036_at,4.0793393326595755,5.88410723425,-1.8047679015904246,-12.356463848251497,5.474837284071847e-25,1.0715778681262313e-23,Downregulated
206099_at,7.2309253654042545,8.34606661682,-1.1151412514157455,-12.032283609409546,5.482949637721937e-25,1.072775297251772e-23,Downregulated
239770_at,4.215391040414893,6.0635911470999995,-1.8482001066851064,-12.697436640557113,5.63882019293796e-25,1.1028712105358586e-23,Downregulated
244778_x_at,6.767742267468085,5.0444937543799995,1.7232485130880857,12.501530343063507,5.650253450499595e-25,1.1047056782572564e-23,Upregulated
207167_at,3.017002697329787,4.670493209049999,-1.653490511720212,-12.590444338723886,5.762839689397128e-25,1.1263084866784663e-23,Downregulated
1555800_at,5.827582341106383,9.277517122199999,-3.4499347810936163,-13.600337466269533,5.777606314264833e-25,1.1287843560444908e-23,Downregulated
212444_at,10.476743017393618,12.1024517592,-1.6257087418063811,-13.118125212816675,5.896725844324232e-25,1.15163869376479e-23,Downregulated
228639_at,4.640512310414894,5.833522190719999,-1.1930098803051052,-12.526122569500867,6.037789098878244e-25,1.1783328173884805e-23,Downregulated
222482_at,6.821947661425532,8.01803503609,-1.1960873746644678,-12.467238601744445,6.159563009539079e-25,1.2016621546284689e-23,Downregulated
240646_at,2.716612186808511,4.42283328222,-1.7062210954114891,-13.439599376463082,6.24149239251656e-25,1.2172041690496582e-23,Downregulated
223452_s_at,7.670328394936173,6.0658019238500005,1.6045264710861726,12.655824744888605,6.327428321667755e-25,1.2330690569174706e-23,Upregulated
227917_at,8.313827616510638,9.73845093097,-1.424623314459362,-12.454760123417838,6.58083118813209e-25,1.2810589442087319e-23,Downregulated
214720_x_at,8.388390509127658,9.679144915239998,-1.29075440611234,-12.172933338144457,6.684580877558869e-25,1.2989048666198747e-23,Downregulated
206023_at,6.539399098521277,2.89060645935,3.648792639171277,13.940045630112346,6.7018277487562105e-25,1.3017858696085285e-23,Upregulated
224358_s_at,6.75072904994681,8.719473411220001,-1.968744361273191,-12.235966901689217,6.772066270895165e-25,1.3144798139529678e-23,Downregulated
37892_at,7.234079482968085,2.3057553782300007,4.928324104738084,13.938352955320685,6.838115519563128e-25,1.326342882564812e-23,Upregulated
1560916_a_at,8.666812974319148,6.825038795809999,1.8417741785091488,12.384478863428841,6.9709864896142085e-25,1.3511404660554587e-23,Upregulated
212148_at,8.127677907542555,10.026436530389997,-1.898758622847442,-13.203878972246262,7.047277470511895e-25,1.3649437019407733e-23,Downregulated
225671_at,5.133568640776597,6.54884579859,-1.4152771578134038,-12.43792867004513,7.060502826975453e-25,1.3670129771479541e-23,Downregulated
201478_s_at,9.304631368351062,8.27494501594,1.029686352411062,13.224834999765303,7.07958203340257e-25,1.370213743247897e-23,Upregulated
213060_s_at,5.23752617575532,8.0396559416,-2.802129765844679,-12.193117485795321,7.087193972173757e-25,1.3707005213496502e-23,Downregulated
205312_at,5.528088424925531,7.24464674457,-1.7165583196444691,-11.948653414584246,7.238557317221716e-25,1.399471760834246e-23,Downregulated
225941_at,6.936264467223404,8.322120932079999,-1.3858564648565945,-13.118215074127466,7.421950240185573e-25,1.4338973262163118e-23,Downregulated
229751_s_at,5.945938648553191,4.851527529509999,1.0944111190431913,12.573265196955221,7.64908871619976e-25,1.4767189005366845e-23,Upregulated
1552275_s_at,5.400022313287234,6.954514080990001,-1.5544917677027668,-12.274090680862589,7.7030046155482465e-25,1.4860609980339956e-23,Downregulated
214463_x_at,5.4948494035425535,3.6313369867199996,1.8635124168225539,12.790617860914482,7.762498149718299e-25,1.497001525567402e-23,Upregulated
1554648_a_at,6.057945035989361,8.159851629039998,-2.1019065930506375,-12.907837370423042,7.796975028300259e-25,1.5031114654916048e-23,Downregulated
218984_at,8.509878279819151,7.390005638489999,1.1198726413291524,12.560579567361168,8.003074541291502e-25,1.541738421482467e-23,Upregulated
219295_s_at,6.109073564712768,9.09083383944,-2.9817602747272325,-12.521839719832728,8.063886115564731e-25,1.5528971665297695e-23,Downregulated
205755_at,4.3690253663617025,5.649895664100001,-1.2808702977382982,-12.125238827240747,8.189331570752548e-25,1.5764902930010612e-23,Downregulated
238332_at,6.821158103499998,9.393780182950001,-2.572622079450003,-13.48567286754527,8.361263938874592e-25,1.609012315621856e-23,Downregulated
222134_at,5.3851724122553195,6.445836276629999,-1.0606638643746793,-12.02458425628295,8.436217809884856e-25,1.6228555476483078e-23,Downregulated
1553175_s_at,2.769070254202127,4.29668093114,-1.527610676937873,-12.702831497621792,8.578148299804265e-25,1.6489788579459335e-23,Downregulated
238449_at,7.456105441202126,5.151663789750001,2.3044416514521258,12.158045731968944,8.747473602644908e-25,1.6809275283739158e-23,Upregulated
209506_s_at,6.164622415074468,7.82461375074,-1.6599913356655325,-12.493271981075027,8.807383456694814e-25,1.6912314409203403e-23,Downregulated
226203_at,8.447521350787234,9.50032520775,-1.0528038569627665,-12.55590720196031,8.908756863506683e-25,1.7100870687386526e-23,Downregulated
241560_at,6.770954671297873,9.542406074899999,-2.771451403602126,-13.316518406503448,9.044353971141836e-25,1.7354963349690861e-23,Downregulated
205047_s_at,9.092391681617022,7.766837133180001,1.3255545484370206,13.249713352457398,9.063097045243302e-25,1.738472673592925e-23,Upregulated
207992_s_at,7.639941863840424,6.4779648015800015,1.1619770622604229,12.136340027184517,9.111597262059975e-25,1.7471528354265876e-23,Upregulated
239229_at,3.8064554556808514,5.946200708690002,-2.1397452530091505,-11.900455924616349,9.324579273281342e-25,1.7860819828800224e-23,Downregulated
205414_s_at,7.210883791946809,9.120986060729999,-1.9101022687831897,-13.496601586824724,9.626585560968344e-25,1.8432735172027172e-23,Downregulated
226776_at,6.4543118122659555,7.7308169529,-1.2765051406340442,-12.643605472658304,9.726735508104838e-25,1.8617871745157537e-23,Downregulated
1558647_at,4.03974223369149,5.79138828689,-1.7516460531985105,-12.115799411144812,9.801847076874365e-25,1.8754967871816598e-23,Downregulated
228579_at,6.530734276521277,4.32965537113,2.2010789053912765,13.234237150062773,9.947638784959766e-25,1.902039458541934e-23,Upregulated
217287_s_at,4.825199240223404,7.429415113569999,-2.604215873346595,-12.879097829728487,1.0068658858062354e-24,1.9244949727780444e-23,Downregulated
227688_at,5.6356217315319155,7.850865510420001,-2.2152437788880857,-13.51902748557231,1.0226188950729438e-24,1.9532166154259004e-23,Downregulated
1558964_at,2.3937844102234047,3.5486451273800004,-1.1548607171565957,-13.151947979871343,1.0650622099487005e-24,2.0328401711959123e-23,Downregulated
1558517_s_at,5.90990586257447,7.2197506449799995,-1.3098447824055297,-12.639374168730162,1.0677031109740387e-24,2.0371578406119067e-23,Downregulated
204787_at,9.288516791734043,11.21616691749,-1.9276501257559566,-12.093084013873002,1.1321511794331579e-24,2.1562989850209573e-23,Downregulated
223156_at,10.390176243691487,9.339229078959999,1.0509471647314879,12.638497194770016,1.1389794582397726e-24,2.168536252774669e-23,Upregulated
238459_x_at,3.489556197595745,4.98956138444,-1.500005186844255,-11.881259831990466,1.1443703728313075e-24,2.1780291887156655e-23,Downregulated
226066_at,8.811619156617022,10.00834292724,-1.1967237706229774,-13.109582557114951,1.2065327597788803e-24,2.2939049493625612e-23,Downregulated
205290_s_at,7.1176562074468075,9.93710758868,-2.8194513812331925,-12.637241713270456,1.2267346570659257e-24,2.331489408655402e-23,Downregulated
218918_at,6.06090571543617,7.617345682340001,-1.556439966903831,-12.762478866150781,1.2349586646456165e-24,2.3462905947237417e-23,Downregulated
223178_s_at,8.335413108074468,9.37103594599,-1.0356228379155326,-12.866874801704187,1.2405340904290033e-24,2.356051080078191e-23,Downregulated
224335_s_at,3.793917235351063,4.8951049651,-1.1011877297489367,-11.839512002460099,1.2728241522090621e-24,2.4156711309356605e-23,Downregulated
219017_at,9.08910952576596,7.779519711220001,1.3095898145459586,12.436847888848803,1.2995507148132617e-24,2.4655250351656473e-23,Upregulated
239272_at,5.626182718170212,8.488113021170001,-2.861930302999789,-13.482745642623456,1.3300359157099224e-24,2.5224722060075418e-23,Downregulated
227055_at,6.013963668478725,3.2199822006499996,2.7939814678287256,13.081704966125931,1.343780841948205e-24,2.546744057964276e-23,Upregulated
214752_x_at,9.52656443030851,10.709862840279998,-1.1832984099714885,-12.257881651467276,1.3958272405750571e-24,2.6425893685874698e-23,Downregulated
205393_s_at,5.14634353543617,2.93454271877,2.21180081666617,13.503602483155213,1.4004274597929995e-24,2.6494333926284305e-23,Upregulated
200859_x_at,10.10888484794681,11.3190967403,-1.2102118923531897,-12.340874366408984,1.4163362948018991e-24,2.678588746561707e-23,Downregulated
203087_s_at,8.012922590436167,6.9809487593099995,1.0319738311261677,12.235978750522149,1.4460341256657792e-24,2.7337923192639577e-23,Upregulated
240261_at,6.095149642117021,4.6447570842,1.450392557917021,13.041719198615878,1.4591394072581944e-24,2.756630564060037e-23,Upregulated
201289_at,11.681258025329788,13.410538393499998,-1.72928036817021,-12.075309324168803,1.4637165618534504e-24,2.764306846764385e-23,Downregulated
205624_at,8.860322135265958,11.62808337579,-2.7677612405240417,-13.021669857334894,1.4984702314793628e-24,2.8279550831701405e-23,Downregulated
230081_at,2.879628039734043,4.870955509750001,-1.9913274700159578,-11.960757388672906,1.557618571985939e-24,2.9364904491004456e-23,Downregulated
222364_at,5.633135250489364,7.0335189408200005,-1.4003836903306368,-11.822843924010359,1.596116692660293e-24,3.0069608557417345e-23,Downregulated
224839_s_at,6.042444215585108,3.575773199710001,2.466671015875107,13.841225447465703,1.6418910183152006e-24,3.092113106131001e-23,Upregulated
212828_at,6.447051637680853,5.12881487334,1.3182367643408535,11.911349754260677,1.651115836909432e-24,3.1083974940150757e-23,Upregulated
214582_at,5.664621374202127,7.18349821312,-1.5188768389178726,-12.576563450854962,1.6535470010021443e-24,3.1118851992967576e-23,Downregulated
1557167_at,4.3258497002553185,6.0840256914,-1.7581759911446815,-11.80264303822657,1.6618659047339453e-24,3.1264469937747456e-23,Downregulated
235501_at,5.315355433127659,3.50196336853,1.8133920645976596,12.605821024085449,1.6943793763255087e-24,3.186499620106427e-23,Upregulated
240908_at,5.4854221406914885,2.99325969314,2.4921624475514883,13.235213787387968,1.7226760073598375e-24,3.237451143670727e-23,Upregulated
242541_at,4.1686783132553185,5.657932676179999,-1.4892543629246804,-12.350181575708651,1.7279701410372227e-24,3.246266224443872e-23,Downregulated
201549_x_at,9.237680383085104,8.11770223944,1.1199781436451044,12.872493929994167,1.7647682455077967e-24,3.31192689647182e-23,Upregulated
1552621_at,9.180551400042553,7.0876851623400015,2.0928662377025518,12.129068399025746,1.7741078815087293e-24,3.3282932164223413e-23,Upregulated
205303_at,6.63805175369149,8.68650170142,-2.0484499477285096,-13.011073474770965,1.848764419498976e-24,3.4623134772692175e-23,Downregulated
210121_at,3.395412701914893,5.40051766568,-2.0051049637651066,-11.804633652546515,1.8666080339564315e-24,3.4932978327898615e-23,Downregulated
217889_s_at,6.747402720042554,8.92039167203,-2.1729889519874463,-12.213570161647366,1.876916758654167e-24,3.510147593218812e-23,Downregulated
1558102_at,4.909135158170213,6.647526370029999,-1.7383912118597857,-12.7818059824068,1.895374102443225e-24,3.543433836427226e-23,Downregulated
230183_at,6.322675814904257,7.59835749481,-1.2756816799057429,-12.170728717333775,1.9117005412656836e-24,3.571473612800141e-23,Downregulated
200644_at,11.122435037212766,9.768226322039999,1.354208715172767,11.896788235598336,1.962353962625709e-24,3.663560230259854e-23,Upregulated
238549_at,8.438884217595744,6.3708609815,2.068023236095744,12.226199315443411,1.9770632112550105e-24,3.689740523267245e-23,Upregulated
228273_at,8.644230847117022,6.699215017519999,1.9450158295970228,12.63546668678636,2.0009065561252433e-24,3.73294346263449e-23,Upregulated
229480_at,3.8650958600744683,5.534005983529999,-1.668910123455531,-12.536755094045619,2.0046632281972133e-24,3.738655214695399e-23,Downregulated
230682_x_at,6.48097169324468,3.7158802952100003,2.7650913980346794,13.671913041351972,2.0126458586347816e-24,3.752241599741087e-23,Upregulated
209651_at,8.039683018744679,9.726638393999998,-1.6869553752553195,-12.5688636951958,2.0149482975134516e-24,3.755232471588999e-23,Downregulated
219423_x_at,5.6127316194468095,3.9467976453199998,1.6659339741268098,12.151826834919405,2.0223996767960563e-24,3.767813959686619e-23,Upregulated
201042_at,8.975152976042551,10.623248907450002,-1.6480959314074504,-12.863240805824926,2.0309226162403887e-24,3.78238240433191e-23,Downregulated
1556499_s_at,13.689680072659572,12.148293851800002,1.5413862208595699,11.769103462111962,2.0354036725739502e-24,3.789415781691328e-23,Upregulated
229385_s_at,2.4377094338085104,3.72606383577,-1.2883544019614899,-12.853593235634953,2.037414926915628e-24,3.7918477252278185e-23,Downregulated
232331_at,3.405363884159573,4.6786745449,-1.2733106607404268,-11.822773017214022,2.0658878414695644e-24,3.8435089395116566e-23,Downregulated
201558_at,10.059402884893617,9.007722726399999,1.0516801584936175,12.508002259761327,2.0802571445225843e-24,3.8689042453420377e-23,Upregulated
1554050_at,4.2205029195,2.8930094829100006,1.3274934365899997,13.066289200962514,2.1438642207354993e-24,3.985823746162446e-23,Upregulated
222822_s_at,2.743568266138298,3.9654131753599997,-1.2218449092217019,-12.876576359994196,2.146574677331471e-24,3.989483952831738e-23,Downregulated
205560_at,5.369152659297872,7.24668075361,-1.8775280943121277,-12.609559924648496,2.1511700671966065e-24,3.996643635034082e-23,Downregulated
228990_at,7.1686352346276605,5.359597266030001,1.8090379685976599,11.965915215958606,2.187661520212153e-24,4.058832788069364e-23,Upregulated
218694_at,8.966045008734044,10.389235370299998,-1.423190361565954,-13.073817794093657,2.2021997938643006e-24,4.0843971763029405e-23,Downregulated
235688_s_at,5.2277973664255315,3.8678892337300006,1.359908132695531,13.085251512722902,2.2437457259080015e-24,4.1571514851425345e-23,Upregulated
202994_s_at,9.647081853212768,11.975112646500001,-2.3280307932872333,-13.198321764470807,2.267753640101679e-24,4.2001858569734474e-23,Downregulated
223805_at,5.211434574723404,7.322460952610002,-2.1110263778865983,-12.092613574342222,2.3357299267226875e-24,4.324597929043252e-23,Downregulated
224560_at,11.207378005829788,12.501412965999998,-1.29403496017021,-12.823996337414853,2.3593874164165313e-24,4.363893107956656e-23,Downregulated
396_f_at,5.015828853042553,6.223081422209999,-1.207252569167446,-12.248417459472565,2.3712177431736685e-24,4.38426667357645e-23,Downregulated
224929_at,8.28452003787234,9.38541039373,-1.1008903558576595,-12.359690816356805,2.3729272325740512e-24,4.3859197295954614e-23,Downregulated
204343_at,8.517883423861702,11.087390485459999,-2.569507061598296,-13.068298821028353,2.428833463583349e-24,4.486168841768338e-23,Downregulated
202992_at,9.793489932989361,12.5788921565,-2.785402223510639,-13.16351446139088,2.4513659739192334e-24,4.524679830927244e-23,Downregulated
204459_at,7.135511541361702,6.104939960889999,1.0305715804717037,12.534120135251838,2.529202201596612e-24,4.663547124274096e-23,Upregulated
214906_x_at,5.322651242617022,6.752773415939999,-1.4301221733229772,-11.733155329332508,2.7031199872781997e-24,4.9774053966362633e-23,Downregulated
204513_s_at,5.418827315840426,6.958712155249999,-1.5398848394095728,-12.45678758195337,2.7209230241181105e-24,5.005046709138738e-23,Downregulated
229759_s_at,5.5258064436489365,8.13001971179,-2.6042132681410637,-12.994407262676184,2.754539033074811e-24,5.0651499635200614e-23,Downregulated
225168_at,6.665055068712766,7.84229134331,-1.1772362745972345,-12.582811389391106,2.815710639123922e-24,5.175865086668465e-23,Downregulated
212427_at,4.995585126468086,6.12720625059,-1.1316211241219136,-11.824172530268049,2.9127340274364837e-24,5.352385117857831e-23,Downregulated
209948_at,3.9407528637553204,5.827534128429999,-1.8867812646746787,-11.935943291515397,3.0126107303542998e-24,5.5302484895166e-23,Downregulated
218651_s_at,4.737917562819149,6.752386707469999,-2.0144691446508496,-12.901153015775447,3.078173610304199e-24,5.648674370652393e-23,Downregulated
223773_s_at,9.214288788755319,8.00156669408,1.2127220946753194,11.83930534501718,3.1543145197113368e-24,5.784451440749879e-23,Upregulated
1568752_s_at,3.4797475742021273,5.382936163649999,-1.903188589447872,-11.767507349862582,3.1920989065295088e-24,5.851746141329112e-23,Downregulated
229004_at,2.8436925004361697,4.39885043609,-1.5551579356538303,-11.992024479711578,3.2418486444261948e-24,5.938898882462784e-23,Downregulated
203862_s_at,2.4763726437021276,3.6549589973499996,-1.178586353647872,-12.093169027587106,3.2462745024358302e-24,5.944981967586434e-23,Downregulated
218437_s_at,8.639180670212765,9.693708406250002,-1.0545277360372367,-12.262643207284613,3.2606847661664522e-24,5.968703157722763e-23,Downregulated
213478_at,7.096141193127657,8.86495850407,-1.7688173109423424,-12.939165113160009,3.261446952840367e-24,5.968703157722763e-23,Downregulated
214193_s_at,7.49358545438298,6.45319315936,1.04039229502298,12.2606043180499,3.2881636644879946e-24,6.013504619454311e-23,Upregulated
211031_s_at,5.340914130510638,6.60352202741,-1.2626078968993628,-11.838194388891598,3.289828720362722e-24,6.014504675507457e-23,Downregulated
227408_s_at,8.40009942674468,9.81575635377,-1.4156569270253208,-12.728612199857187,3.305946696106232e-24,6.04191807668263e-23,Downregulated
228372_at,7.48133756030851,8.80893732485,-1.3275997645414899,-12.26419046043446,3.3697994611600886e-24,6.156522887838198e-23,Downregulated
219229_at,6.699212467893618,8.15504166182,-1.455829193926382,-13.166316128088786,3.488609800418886e-24,6.365832818967355e-23,Downregulated
204709_s_at,4.826661627414894,2.5606189281600003,2.2660426992548937,13.371008638162056,3.489100351451263e-24,6.365832818967355e-23,Upregulated
218976_at,9.800249790138299,6.104679904210001,3.6955698859282977,12.71757006192042,3.5556183483120216e-24,6.482796219739335e-23,Upregulated
1557360_at,6.229672286276595,4.19505581426,2.0346164720165953,12.678401475812688,3.55840980264118e-24,6.485687212634989e-23,Upregulated
244050_at,7.9220344984042566,9.384784892179999,-1.4627503937757425,-12.938036452012842,3.5717684257537726e-24,6.507829828847982e-23,Downregulated
234725_s_at,8.644575904393616,7.1574079953,1.4871679090936158,12.566670257175982,3.5915724453460704e-24,6.541697106176218e-23,Upregulated
204610_s_at,7.40565672268085,8.49556864706,-1.0899119243791509,-12.242995166243473,3.71838302120575e-24,6.770377426491959e-23,Downregulated
227838_at,4.267478561340425,5.839008337,-1.5715297756595747,-12.505423441010926,3.911232874104702e-24,7.114290543341073e-23,Downregulated
228323_at,5.153123946095746,3.23839746833,1.9147264777657456,12.876143985632702,3.9455301356651414e-24,7.174248947832498e-23,Upregulated
201884_at,10.871816865925531,6.312708230419999,4.559108635505532,11.98444928592052,3.949397388192279e-24,7.178853934481578e-23,Upregulated
212398_at,8.13769266018085,9.3498645631,-1.2121719029191507,-11.956838793317669,3.9641422464302666e-24,7.20322144819251e-23,Downregulated
225689_at,6.8550365647659595,7.9308140186000005,-1.075777453834041,-12.576052206243778,4.188861679429866e-24,7.608987311375035e-23,Downregulated
209498_at,7.143601918393618,4.93790672997,2.2056951884236184,12.196328618143601,4.193855688426816e-24,7.615486902691584e-23,Upregulated
200985_s_at,12.051082514361703,13.087039706300002,-1.0359571919382997,-13.025939835409513,4.202409451529393e-24,7.628443967599054e-23,Downregulated
201425_at,11.668460671159576,12.796242492299998,-1.127781821140422,-12.53042338404363,4.205943224457658e-24,7.632282802654506e-23,Downregulated
236548_at,2.499136799244681,3.86603913139,-1.3669023321453189,-11.80989093672216,4.385003309535423e-24,7.946488814240979e-23,Downregulated
205450_at,6.013642516712765,4.4862127247700005,1.5274297919427644,13.40133557431612,4.423045174251395e-24,8.010030563713318e-23,Upregulated
207980_s_at,9.396494817659574,11.01307837208,-1.6165835544204263,-11.901525229933576,4.457863796871196e-24,8.070368972686441e-23,Downregulated
242845_at,3.1482910939361695,4.282885333219999,-1.13459423928383,-12.280236743929631,4.498320409753715e-24,8.140870173587259e-23,Downregulated
204661_at,10.591180691723403,12.2602454347,-1.6690647429765963,-12.089783153425373,4.866880814477758e-24,8.784399711148908e-23,Downregulated
230218_at,4.080515732723404,5.357960476560001,-1.2774447438365968,-11.902604479727751,4.866974889232095e-24,8.784399711148908e-23,Downregulated
204897_at,10.231791361425532,11.7033363368,-1.4715449753744672,-12.752861610724034,5.1012783422929226e-24,9.20420519686572e-23,Downregulated
225504_at,6.4891239670531915,7.5697085147799985,-1.080584547726807,-11.91222660012599,5.182332806013687e-24,9.347315637298865e-23,Downregulated
206756_at,4.78614298962766,6.390469738480001,-1.6043267488523414,-12.238008810635465,5.216494520321234e-24,9.405778554140057e-23,Downregulated
219517_at,7.419438886542554,6.061563605439999,1.3578752811025545,12.037433191528539,5.399954532068605e-24,9.730048725689847e-23,Upregulated
1570515_a_at,5.650745870925531,8.31224328077,-2.6614974098444684,-13.048324717555465,5.439321043538964e-24,9.797699988204511e-23,Downregulated
230058_at,4.772476418489362,3.19975844036,1.5727179781293623,12.618400825907354,5.58935310706333e-24,1.0064578045413735e-22,Upregulated
204688_at,9.061537521531916,10.794000889620003,-1.7324633680880872,-12.851477720851003,5.7548425750109745e-24,1.0352172666874257e-22,Downregulated
242605_at,3.551153628638298,4.90490031229,-1.3537466836517016,-11.627969618131967,5.76848974207118e-24,1.0373252733769324e-22,Downregulated
205083_at,5.77851039087234,8.30212893982,-2.5236185489476597,-11.96607814802735,5.814488595014495e-24,1.044898374779317e-22,Downregulated
236922_at,4.819850335744681,6.308163436059999,-1.4883131003153185,-12.422657453966321,5.902739845319158e-24,1.060403357783354e-22,Downregulated
220751_s_at,6.049029484,8.58408304061,-2.5350535566100003,-12.551463166378028,5.9477041445702015e-24,1.068124257495335e-22,Downregulated
205111_s_at,6.11955951257447,7.91180035868,-1.7922408461055301,-12.293050104666465,6.029363760298084e-24,1.0820665973019444e-22,Downregulated
201690_s_at,11.911558788351066,10.839506540399995,1.0720522479510706,12.693814629619188,6.053798743722698e-24,1.0857273065350753e-22,Upregulated
203724_s_at,4.369986025734042,5.434190429489998,-1.064204403755956,-12.030562972336512,6.097929435730516e-24,1.0932774421006717e-22,Downregulated
209550_at,8.024610892872339,9.77127879365,-1.7466679007776609,-13.139056432740114,6.124047158632775e-24,1.0975941368684518e-22,Downregulated
204365_s_at,4.376797938202127,5.74486844113,-1.368070502927873,-11.736378284638317,6.154258935198858e-24,1.1022742959993532e-22,Downregulated
233014_at,5.56935566794681,4.08858578106,1.4807698868868098,12.19424008769387,6.1678555761541925e-24,1.104341810982122e-22,Upregulated
226322_at,6.013912776765958,8.729369201890002,-2.715456425124044,-12.90614935361773,6.1907502437305574e-24,1.1080721883836664e-22,Downregulated
218717_s_at,5.977815903936169,8.82687780522,-2.8490619012838314,-13.189036068206613,6.300880429951949e-24,1.1270341031107265e-22,Downregulated
204753_s_at,5.903009790553192,8.56658220085,-2.6635724102968084,-12.837699743218717,6.3671062132226115e-24,1.1385012459587478e-22,Downregulated
228162_at,5.082799490297873,6.3543896479,-1.2715901576021267,-11.819424211326647,6.44559583085466e-24,1.151770157336707e-22,Downregulated
241994_at,5.420512385106382,2.33785456023,3.082657824876382,13.629995515819473,6.567271405677518e-24,1.1731227493383294e-22,Upregulated
202897_at,7.519116997351064,8.913482484350002,-1.3943654869989377,-12.096660791316978,6.80802157682858e-24,1.2149178783387593e-22,Downregulated
211380_s_at,2.413986359117021,3.9031098626699996,-1.4891235035529786,-13.090281397318467,6.932149983510775e-24,1.236658769529388e-22,Downregulated
236106_at,3.0828167687021275,4.21531102307,-1.1324942543678724,-11.814681683577636,6.946412968955268e-24,1.238792334045849e-22,Downregulated
1555154_a_at,5.902614759840426,7.454666222310001,-1.5520514624695751,-11.78653311321374,7.279061361054661e-24,1.2968254202242e-22,Downregulated
230585_at,5.6457569462659585,8.820186728200001,-3.174429781934043,-12.984110132476372,7.297878423958647e-24,1.2997473142749663e-22,Downregulated
203797_at,4.363628370212767,6.360341803500001,-1.9967134332872334,-12.048057167137122,7.429362455120876e-24,1.3214611322332153e-22,Downregulated
230288_at,2.9524540039893616,4.81749445209,-1.8650404481006384,-11.701356677731793,7.444567191016928e-24,1.3236809617720216e-22,Downregulated
205933_at,6.2583597233404245,7.760221936760001,-1.5018622134195763,-12.061451082329476,7.617986360871402e-24,1.3536207942049198e-22,Downregulated
209921_at,7.867690288893617,4.39379951778,3.4738907711136173,12.360700346655296,7.703188350739421e-24,1.3683080866343147e-22,Upregulated
205687_at,6.26813760043617,4.84799938686,1.4201382135761706,11.898560020968052,7.819624220206982e-24,1.388073624779052e-22,Upregulated
225016_at,7.456600373095745,9.464096010630001,-2.007495637534256,-12.638917813220596,8.096255787480084e-24,1.4362309161787724e-22,Downregulated
229669_at,4.227962056595744,6.220633980580001,-1.9926719239842567,-11.567055429128969,8.156448077206471e-24,1.4464316395668553e-22,Downregulated
243650_at,3.7971223567765966,5.4790622332500005,-1.681939876473404,-11.82421591636588,8.247626412843221e-24,1.4616370156216984e-22,Downregulated
225638_at,10.12698347930851,9.052071080140001,1.0749123991685092,12.287239095809472,8.582955002071496e-24,1.5195616120520654e-22,Upregulated
212538_at,10.07026723919149,11.22105392348,-1.1507866842885104,-11.919953646384824,8.778766940007432e-24,1.5526956877186442e-22,Downregulated
213012_at,6.478914232659576,7.74244592878,-1.263531696120424,-12.171179363528918,8.838012423014127e-24,1.5621470134217478e-22,Downregulated
239058_at,3.7033159449893622,5.05480285781,-1.3514869128206382,-11.61161662054125,8.852171938404805e-24,1.5641357420467832e-22,Downregulated
219789_at,5.083431871351063,7.211082661119999,-2.1276507897689356,-11.592310998094154,8.869198250597872e-24,1.5666295471482992e-22,Downregulated
241036_at,6.199307108999999,3.8308362898299997,2.3684708191699997,11.876523456724268,8.903636054017182e-24,1.5721962206216945e-22,Upregulated
224443_at,8.232413246606383,6.6586200868,1.5737931598063826,12.360103677679135,9.132819531628047e-24,1.6121359741652319e-22,Upregulated
213359_at,8.611825718617022,6.764367305579999,1.8474584130370229,11.842049428234846,9.461172250999119e-24,1.6690016749499463e-22,Upregulated
207497_s_at,2.9081992105957446,4.755828071790001,-1.8476288611942562,-12.150573237904876,9.54827476414561e-24,1.683814775292904e-22,Downregulated
225975_at,6.47031823019149,8.536072708160003,-2.065754477968513,-12.197534965827163,9.739674529047559e-24,1.7164421173635386e-22,Downregulated
240064_at,3.27885400868085,4.4135530458900005,-1.1346990372091503,-11.558347580792917,1.0147019845592366e-23,1.7870583150459432e-22,Downregulated
212141_at,7.347121340765956,5.53666349414,1.8104578466259564,12.716802167454544,1.0289575463406313e-23,1.8109787495902224e-22,Upregulated
1554533_at,4.418753258542553,6.299011319779998,-1.8802580612374449,-12.288376059547153,1.0353099309034895e-23,1.8215629683864929e-22,Downregulated
213008_at,5.292457611765957,3.8202891650299993,1.4721684467359575,12.915036390311158,1.0485430560991914e-23,1.844242538108277e-22,Upregulated
33322_i_at,12.486930231595744,10.95529189636,1.531638335235744,11.526351498499896,1.070668452895359e-23,1.88131242755406e-22,Upregulated
242569_at,6.741298342659573,7.8552820929000005,-1.1139837502404273,-11.67925009432763,1.0778656949634817e-23,1.8927223071924853e-22,Downregulated
228346_at,4.96772818269149,6.54476718746,-1.57703900476851,-11.686323246322416,1.087293867050338e-23,1.9086549586543564e-22,Downregulated
208436_s_at,8.007187736180853,6.86750528725,1.139682448930853,12.12413380208633,1.0976791473503515e-23,1.9256285263987607e-22,Upregulated
1560826_at,2.2247430443404252,3.9546409421399993,-1.729897897799574,-13.263199111865232,1.0987003307133431e-23,1.9267915222610979e-22,Downregulated
1555140_a_at,3.221434720819149,4.4193496635799985,-1.1979149427608493,-12.074036520662819,1.1175020147809144e-23,1.9591252727185874e-22,Downregulated
205909_at,5.537043560297873,3.7166497932299993,1.8203937670678734,13.092189309860826,1.1353305496193753e-23,1.9890843303526946e-22,Upregulated
221520_s_at,4.89899204906383,3.2232603769600003,1.6757316721038298,13.136007089088166,1.1524619606074302e-23,2.0184408665982169e-22,Upregulated
216074_x_at,3.0286773278191492,4.1999604033899995,-1.1712830755708503,-11.69950127440572,1.1591746998975778e-23,2.029536797157914e-22,Downregulated
213131_at,5.416675514202128,7.5414908249799995,-2.124815310777872,-12.553235381945404,1.171107058039215e-23,2.0490944770233319e-22,Downregulated
208009_s_at,5.313290500617021,4.2335717956200005,1.0797187049970205,12.708279631725869,1.1761828623104007e-23,2.0573063880399094e-22,Upregulated
226661_at,4.759054788638299,2.8859215636499997,1.8731332249882988,13.046505340917896,1.1966967131980973e-23,2.090468639690577e-22,Upregulated
228181_at,7.524991405521274,6.13069441424,1.3942969912812746,11.542412431649515,1.1998122290023744e-23,2.0952305373091464e-22,Upregulated
204485_s_at,9.914231026010636,8.741763970710002,1.1724670553006344,12.176453762938415,1.2245955313049074e-23,2.137815489995643e-22,Upregulated
223568_s_at,8.918061107414893,7.64994515399,1.2681159534248927,12.440083596486078,1.2826967221138403e-23,2.237791952501298e-22,Upregulated
226865_at,9.244866397861704,10.525026515989998,-1.2801601181282933,-12.368847168567376,1.2959866058741091e-23,2.260244344472919e-22,Downregulated
34210_at,10.197624923702127,11.839498409699997,-1.6418734859978699,-11.988697251417463,1.3041924520516561e-23,2.273818321752038e-22,Downregulated
239001_at,5.186345693202128,2.7615431598699995,2.4248025333321284,12.853899270383456,1.3415207641077588e-23,2.336626807587432e-22,Upregulated
209464_at,4.713842672851064,2.38841141252,2.3254312603310643,13.305742824585016,1.342296583926051e-23,2.337221238687167e-22,Upregulated
205863_at,3.386662259734043,6.042422497989999,-2.6557602382559558,-11.537288188942876,1.3609882445654095e-23,2.369000444083984e-22,Downregulated
205761_s_at,7.496959790617023,6.295736431830001,1.201223358787022,12.561093127262184,1.3665627182080306e-23,2.377934078341544e-22,Upregulated
204021_s_at,8.286650614531915,9.5969737467,-1.3103231321680848,-12.48435072408694,1.3859209408038708e-23,2.410059609507824e-22,Downregulated
206580_s_at,8.478208506744682,9.62700016381,-1.148791657065317,-12.567870550491154,1.3921144623171735e-23,2.4199512099977768e-22,Downregulated
218839_at,7.6931876221595745,9.746252325369998,-2.0530647032104232,-11.543177459624932,1.3925090162761907e-23,2.4199512099977768e-22,Downregulated
202790_at,10.309692186776596,9.205638287400001,1.104053899376595,11.9894284940769,1.4148793826855273e-23,2.458033025746892e-22,Upregulated
207122_x_at,8.373302223170212,9.573883638860002,-1.2005814156897898,-11.940195386499646,1.4343883126398046e-23,2.4911207550417995e-22,Downregulated
205116_at,6.679526136819147,8.34202711086,-1.662500974040853,-12.458580711644757,1.489561399553876e-23,2.5852710369927323e-22,Downregulated
AFFX-M27830_M_at,10.090040617351063,8.93346880043,1.1565718169210637,11.49040296155293,1.4922589713204516e-23,2.5891174526271554e-22,Upregulated
204997_at,2.320011592287234,4.098331898850001,-1.7783203065627666,-12.657997802538356,1.4951325867821622e-23,2.5932667304954976e-22,Downregulated
212586_at,11.890581889776598,12.8970535431,-1.006471653323402,-12.379739696251864,1.5472971122516918e-23,2.6828795125586555e-22,Downregulated
236261_at,3.2972319186170207,4.85283130221,-1.5555993835929796,-11.800238003458043,1.5547745531140312e-23,2.694975962416735e-22,Downregulated
201418_s_at,9.014548438723404,7.61245961346,1.4020888252634034,11.663479890294042,1.5712131151307282e-23,2.7217155752148584e-22,Upregulated
203742_s_at,7.728090005425532,6.631600916570002,1.09648908885553,11.562516417000568,1.5775818280823988e-23,2.731867875249192e-22,Upregulated
1560562_a_at,3.690676816574468,5.138974898299999,-1.448298081725531,-11.768989144504582,1.5803143818168915e-23,2.735719000334835e-22,Downregulated
209264_s_at,8.395935790691489,9.877036561110002,-1.4811007704185126,-11.825868830572276,1.6196828139688123e-23,2.8011659110008535e-22,Downregulated
206995_x_at,6.714362725734043,7.783315622040002,-1.0689528963059587,-11.909435633121136,1.659627602743547e-23,2.867482500519256e-22,Downregulated
1553292_s_at,4.97386701006383,2.9688392591,2.00502775096383,12.73447577502554,1.689983825789021e-23,2.9189939002533166e-22,Upregulated
238720_at,5.314858960925532,8.05408249753,-2.7392235366044684,-11.743702763403753,1.7019447579214825e-23,2.938709494368053e-22,Downregulated
213386_at,2.4062919561595746,3.6526430684799998,-1.2463511123204252,-12.049815393362532,1.7248195666106624e-23,2.9772511299653753e-22,Downregulated
202073_at,8.223478387085107,9.35407636324,-1.1305979761548937,-12.091883601427925,1.775903108469813e-23,3.060516648258807e-22,Downregulated
212913_at,5.44536045525532,3.1931274815,2.2522329737553197,12.104011943648846,1.8363144730725922e-23,3.1636133968187844e-22,Upregulated
228094_at,7.6673470845531915,9.19014989002,-1.5228028054668092,-12.171577152311253,1.841967154269736e-23,3.17233574638335e-22,Downregulated
204475_at,9.3982971481383,4.667759150189999,4.7305379979483,11.685446600839956,1.8997033673433004e-23,3.269678250109656e-22,Upregulated
204845_s_at,4.814765672542554,6.79582134693,-1.9810556743874468,-11.491680051947347,1.9332172994856793e-23,3.3262964065942655e-22,Downregulated
239464_at,5.150476892010639,6.9113386805,-1.7608617884893611,-12.108683526499885,1.9427679653404874e-23,3.34166030648556e-22,Downregulated
236118_at,5.0352688309787235,6.067019590850001,-1.0317507598712776,-11.701581517787284,1.964564313183418e-23,3.376991247966869e-22,Downregulated
200601_at,10.044912487095743,11.109166110239999,-1.0642536231442552,-11.84828632407525,1.965454669728077e-23,3.3774423279870396e-22,Downregulated
221942_s_at,8.972765220244678,10.418031158899998,-1.4452659386553197,-12.420744216095047,1.9672596316212135e-23,3.37946427807022e-22,Downregulated
208914_at,5.944590561202128,7.325148152009999,-1.3805575908078707,-12.038955846739206,1.9976946923330324e-23,3.42955655032954e-22,Downregulated
229377_at,8.208154051840427,6.670709691100001,1.5374443607404267,11.958918114740605,2.0023389884296808e-23,3.4364328280688836e-22,Upregulated
1554478_a_at,5.329320420893618,3.6961091748000006,1.6332112460936172,11.822716863136,2.0701278089247472e-23,3.5493750185153473e-22,Upregulated
235497_at,5.2145838340957456,6.438472443929999,-1.2238886098342538,-12.00436367299172,2.0846118788239545e-23,3.5730699335380887e-22,Downregulated
232069_at,4.526002601446808,5.557008412020001,-1.031005810573193,-11.778991533764508,2.1068644991158647e-23,3.610060973222233e-22,Downregulated
224801_at,6.981066365819148,8.21891056966,-1.2378442038408526,-12.61683807304583,2.1231848540816388e-23,3.6368668968673574e-22,Downregulated
209687_at,9.178482725063828,11.4233921571,-2.244909432036172,-12.754018095342401,2.1958658069813365e-23,3.7577740469073552e-22,Downregulated
209119_x_at,7.193297303968083,9.08768375999,-1.894386456021917,-11.953947549084175,2.252588657097432e-23,3.852392162500556e-22,Downregulated
209290_s_at,10.715052057489363,11.82863096,-1.1135789025106373,-12.175064797258786,2.2649350629206383e-23,3.8722758199062126e-22,Downregulated
243059_at,2.2571043169042557,4.159387845,-1.9022835280957446,-13.098506771853273,2.3781117626149922e-23,4.0593182882897483e-22,Downregulated
210069_at,5.762816321170212,3.7952715915199993,1.9675447296502129,11.669896135436714,2.396111890631362e-23,4.088746007281042e-22,Upregulated
201346_at,8.133731014723406,9.15223807078,-1.0185070560565936,-11.79063286079688,2.4177173139058373e-23,4.124305215532489e-22,Downregulated
227480_at,8.625247946978723,11.933248687020003,-3.3080007400412796,-13.000313903503214,2.4654938103534225e-23,4.203139463824697e-22,Downregulated
200907_s_at,10.930123940851063,12.196859657799997,-1.2667357169489346,-12.029624953561145,2.483489241140241e-23,4.232476309377978e-22,Downregulated
200784_s_at,7.087342892521276,8.29567267287,-1.2083297803487234,-11.728141313063833,2.5339468831199065e-23,4.313002122009091e-22,Downregulated
212151_at,7.956974779765956,9.38909757279,-1.4321227930240443,-12.253419970018802,2.5457222461147345e-23,4.330304134393646e-22,Downregulated
210236_at,4.203676736925532,2.34276246662,1.860914270305532,13.220098315292125,2.5887177295930418e-23,4.402047796518854e-22,Upregulated
226560_at,9.775151247670212,7.82634076889,1.9488104787802127,11.726021312232843,2.5995111315023595e-23,4.419004605530528e-22,Upregulated
220334_at,5.762079044276596,2.6640200730400005,3.098058971236595,13.146113534582035,2.6009672674397156e-23,4.420082952496447e-22,Upregulated
210764_s_at,10.297522603265959,12.290354925379999,-1.9928323221140403,-11.532169798690234,2.6617401418974427e-23,4.519076870962621e-22,Downregulated
207265_s_at,8.43391489257447,6.470770204650002,1.9631446879244674,11.79167199736331,2.6769126360201186e-23,4.543402431081669e-22,Upregulated
227545_at,6.388248525840424,5.21457730176,1.1736712240804232,12.38203894086805,2.7557129756735273e-23,4.675671233740578e-22,Upregulated
229422_at,7.535725131808511,5.82391011573,1.7118150160785106,11.695153765522534,2.793722254969752e-23,4.738667461551659e-22,Upregulated
227211_at,6.569827428542553,4.98460263973,1.5852247888125524,12.18704372653104,2.8393299275875655e-23,4.814508180492584e-22,Upregulated
212311_at,9.560698143351065,8.523646560960001,1.0370515823910633,11.605013200996892,2.8996864916408645e-23,4.9153021632333925e-22,Upregulated
211467_s_at,5.7754357315425535,7.270901590220001,-1.4954658586774476,-11.49769881616705,2.935023173069972e-23,4.973634416721534e-22,Downregulated
241937_s_at,6.580994784755319,5.4023305311700005,1.1786642535853185,11.823024054808386,2.9565103676192103e-23,5.008468240402106e-22,Upregulated
235722_at,7.119060323946809,8.747438664779999,-1.6283783408331898,-12.446607991474227,2.965893523275419e-23,5.022781770871904e-22,Downregulated
215747_s_at,6.2645320687553205,5.25138328752,1.0131487812353202,12.365751840910486,2.997120850784902e-23,5.074068054149094e-22,Upregulated
209920_at,6.581679128095744,7.767344694319999,-1.1856655662242552,-11.448647461451634,3.0090079368696903e-23,5.09258970712628e-22,Downregulated
209152_s_at,6.45528526530851,5.389827114480002,1.0654581508285084,12.282639283815458,3.04171298049486e-23,5.143086273778577e-22,Upregulated
217061_s_at,4.791183768744682,6.290977847660002,-1.4997940789153192,-11.489381831619506,3.044529287243005e-23,5.144613642590394e-22,Downregulated
235496_at,5.809781857255318,7.2834961457,-1.4737142884446817,-11.385589359004399,3.044090089739739e-23,5.144613642590394e-22,Downregulated
203029_s_at,6.1782305860106375,8.20465662843,-2.026426042419362,-12.491630887555335,3.049175886420082e-23,5.150847180495934e-22,Downregulated
224632_at,8.306013251085107,7.27526389857,1.0307493525151061,12.28065984709554,3.179696017190486e-23,5.368672583963149e-22,Upregulated
228370_at,7.342716786574468,8.96083069489,-1.6181139083155314,-12.320350654403684,3.18011952041546e-23,5.368672583963149e-22,Downregulated
221782_at,9.755358649861702,8.67131475042,1.084043899441701,12.150870363881449,3.2029030620939587e-23,5.403743541335811e-22,Upregulated
222321_at,5.1981118386595755,8.33130800254,-3.1331961638804247,-11.40390888976393,3.293583096619717e-23,5.551509258376311e-22,Downregulated
228314_at,7.359477187712767,8.44289703426,-1.0834198465472324,-11.874557408731004,3.309059504621909e-23,5.575848199110088e-22,Downregulated
238070_at,6.088033295542553,3.8208165526199998,2.2672167429225536,12.365962185933508,3.323374817797681e-23,5.598216033512874e-22,Upregulated
209335_at,10.63998960694681,12.708076857600004,-2.0680872506531944,-12.606064306451387,3.3255299805288545e-23,5.600092533898715e-22,Downregulated
1569607_s_at,5.775885231936171,8.23477334504,-2.4588881131038294,-11.91401288318834,3.441925891816511e-23,5.790660807545914e-22,Downregulated
221031_s_at,7.473442913234043,9.45559550161,-1.982152588375957,-11.370607990433774,3.5097530319125694e-23,5.902926096762022e-22,Downregulated
226313_at,6.14469234444681,4.932317379820001,1.2123749646268092,12.591508402314975,3.542740972257795e-23,5.954683310433055e-22,Upregulated
204284_at,7.2066059305212775,9.34422517532,-2.1376192447987226,-11.49631015460739,3.7843943853906354e-23,6.354899669454284e-22,Downregulated
224210_s_at,4.976569465595745,6.7460538872699995,-1.769484421674255,-11.915377455749885,3.8360652043877554e-23,6.439656775380768e-22,Downregulated
221750_at,8.378632832542552,9.463370306919998,-1.0847374743774463,-11.370901581062018,3.956543983469997e-23,6.637762779005529e-22,Downregulated
206726_at,6.5086465878829785,8.7737595503,-2.265112962417021,-12.262100893776958,3.956294634220901e-23,6.637762779005529e-22,Downregulated
223007_s_at,9.646292432382978,10.900952922640002,-1.2546604902570238,-12.08312225071623,4.02197150501554e-23,6.74542436447664e-22,Downregulated
203962_s_at,8.929379628446808,11.019649840749999,-2.0902702123031904,-12.469782034314578,4.0314342797863934e-23,6.759187162487249e-22,Downregulated
241922_at,3.586035953042553,4.58687162798,-1.0008356749374467,-11.3546326315721,4.074550694916493e-23,6.827220675289049e-22,Downregulated
211495_x_at,8.058093630372342,9.25344820492,-1.1953545745476575,-11.596911792516705,4.1016548580385634e-23,6.8704954280430445e-22,Downregulated
203592_s_at,5.879774117765956,7.490133524729999,-1.6103594069640428,-11.556918995627312,4.1636686213241776e-23,6.965694571276585e-22,Downregulated
210367_s_at,7.3784234696914925,5.4347440138800005,1.943679455811492,12.63065945052751,4.247616040671753e-23,7.103926503842379e-22,Upregulated
220083_x_at,6.482835486882979,5.41019510925,1.072640377632979,11.663505112746567,4.2736545919155473e-23,7.145252902728307e-22,Upregulated
220233_at,3.7444757151808514,5.17111310868,-1.4266373934991488,-11.352108248363674,4.383165630179788e-23,7.326070434582041e-22,Downregulated
203820_s_at,6.964429672595746,3.6044311011099994,3.3599985714857468,12.804529358197573,4.421867540027517e-23,7.388461245974527e-22,Upregulated
208937_s_at,10.505512226638297,12.296738549510001,-1.7912263228717045,-12.09262802890842,4.444384387781819e-23,7.4237782199140655e-22,Downregulated
211520_s_at,2.474037757595745,4.078423536639999,-1.6043857790442542,-12.79866369953416,4.5521043347293795e-23,7.598990805330676e-22,Downregulated
1554271_a_at,5.892322425946809,4.2815426714700004,1.610779754476809,11.886798377129393,4.5606696681104277e-23,7.610927048370694e-22,Upregulated
236892_s_at,4.353329827085107,6.538509874739999,-2.1851800476548924,-12.27623714286115,4.626128652647723e-23,7.712986847839752e-22,Downregulated
211385_x_at,8.413810907468086,9.58806676758,-1.1742558601119146,-11.798871668417979,4.7096847702761175e-23,7.849863807067594e-22,Downregulated
220658_s_at,5.421986671255318,2.81760065399,2.6043860172653184,12.169825282895628,4.829721059756585e-23,8.042457489785377e-22,Upregulated
201797_s_at,7.772322649723406,6.651503476100001,1.1208191736234046,11.640069528451496,4.945588075113466e-23,8.23285051711708e-22,Upregulated
228647_at,6.870874671063829,8.18957194597,-1.318697274906171,-11.65188826309919,5.0199224937759887e-23,8.351424412317826e-22,Downregulated
238775_at,5.876317254085106,4.703281743000001,1.1730355110851054,11.854775861868427,5.0244894520109426e-23,8.356437528319745e-22,Upregulated
218484_at,6.3276796024255315,8.29010812389,-1.962428521464469,-12.142869737344078,5.047258237616493e-23,8.391710403970346e-22,Downregulated
210655_s_at,5.03837908562766,6.489890493319999,-1.4515114076923394,-11.522642163212229,5.2245871965820007e-23,8.683858064133484e-22,Downregulated
201044_x_at,8.600568197457447,10.77673506765,-2.176166870192553,-11.432095312679978,5.227410937291613e-23,8.685867305318712e-22,Downregulated
203418_at,5.470292279755319,3.1428078306199994,2.3274844491353197,12.764088492322104,5.283478718864086e-23,8.776318294404686e-22,Upregulated
232205_at,5.4375041198936165,6.687191586589998,-1.2496874666963818,-11.40153038106954,5.424375209384817e-23,8.99646762294085e-22,Downregulated
229103_at,6.4040557515531935,4.57165320177,1.8324025497831933,12.645488378502373,5.521677551221062e-23,9.153550166239307e-22,Upregulated
214140_at,7.264302803468086,6.0134449756200015,1.2508578278480842,11.841010325813798,5.61850311323148e-23,9.306954371674418e-22,Upregulated
235607_at,4.358497556925532,3.2554021170599996,1.1030954398655326,11.93115079900305,5.667060569633047e-23,9.381610335434998e-22,Upregulated
209437_s_at,5.173315999904256,7.268932169139999,-2.0956161692357433,-11.569682000134305,5.670397888095871e-23,9.384246794126908e-22,Downregulated
223721_s_at,7.220102985585107,3.45623436075,3.7638686248351068,12.49160527564397,5.962450225472358e-23,9.861511310801237e-22,Upregulated
209182_s_at,6.863161064893617,8.78070690062,-1.9175458357263828,-11.377324132585485,6.01681257716648e-23,9.948364010927645e-22,Downregulated
200806_s_at,12.062870881957446,10.937716803349995,1.1251540786074514,11.905000370493417,6.050853990560652e-23,1.000157445409635e-21,Upregulated
1559277_at,3.4481625543510637,6.464273000939999,-3.016110446588935,-12.012462739168127,6.081543073558589e-23,1.0049212772793311e-21,Downregulated
207016_s_at,4.155253951000001,6.616351504730001,-2.46109755373,-11.637944713614303,6.151916049497946e-23,1.01623758181295e-21,Downregulated
229369_at,5.624196922319149,7.23862882863,-1.614431906310851,-12.145866470770901,6.218013691453842e-23,1.0265257348328308e-21,Downregulated
214005_at,9.086210874265957,8.02072278507,1.0654880891959575,12.155512858062156,6.26892963081906e-23,1.0339792981393254e-21,Upregulated
204629_at,5.259743330989362,6.709456374289998,-1.449713043300636,-11.361677041576623,6.299146293546636e-23,1.0386446429941735e-21,Downregulated
242344_at,3.335890907712766,5.670758012969999,-2.3348671052572327,-11.345028340982513,6.472273592756977e-23,1.0662104363247375e-21,Downregulated
213258_at,11.230141921265956,12.7980252225,-1.567883301234044,-12.51470803345873,6.487720781406256e-23,1.0681008568984294e-21,Downregulated
229121_at,4.597682396170212,6.472564183829999,-1.8748817876597874,-11.518360541530944,6.716103825112977e-23,1.1046861172401425e-21,Downregulated
209101_at,11.254910927425533,12.811992044569998,-1.557081117144465,-11.64737076687246,6.882834576382516e-23,1.1314185223878667e-21,Downregulated
212510_at,9.47331668811702,10.865272027019998,-1.391955338902978,-12.174955105771915,6.903969726711841e-23,1.1341994982312862e-21,Downregulated
203819_s_at,6.566675621489362,3.04625978331,3.520415838179362,12.833155844767164,6.92817015839142e-23,1.1374803423053753e-21,Upregulated
1555388_s_at,6.748473486861702,8.39691630886,-1.648442821998298,-12.06819364941853,6.927505368952207e-23,1.1374803423053753e-21,Downregulated
225666_at,8.530977846680853,7.31453733076,1.2164405159208531,12.29009049208301,6.956257506846966e-23,1.1417432598818155e-21,Upregulated
1568763_s_at,9.819568618648935,7.72856885617,2.090999762478935,11.263918436952958,7.019435971258427e-23,1.1517613884994075e-21,Upregulated
226552_at,5.329523155553192,3.8651503190199996,1.464372836533192,11.766242162267327,7.234662367787929e-23,1.186714090008666e-21,Upregulated
237301_at,4.302243085904254,5.8791036209800005,-1.5768605350757463,-12.28076846515807,7.242536294552692e-23,1.187643466886619e-21,Downregulated
227094_at,8.201942235127659,7.1190854374,1.0828567977276586,12.152618959577797,7.291556396117068e-23,1.1953174407849822e-21,Upregulated
219593_at,7.024344476840424,8.424540942070001,-1.4001964652295769,-11.664689319532746,7.340479149444714e-23,1.202970784680175e-21,Downregulated
211434_s_at,6.214854163329787,8.0883177463,-1.8734635829702126,-12.3522493411367,7.345931323775766e-23,1.2034976003064374e-21,Downregulated
238807_at,6.069316335882978,4.459313267180001,1.6100030687029774,12.237363557016025,7.448911453161051e-23,1.2199974160162008e-21,Upregulated
222762_x_at,10.080445566648935,11.091625309390002,-1.0111797427410671,-11.46902080070099,7.530284410696412e-23,1.232949398215273e-21,Downregulated
1570143_at,6.11574635887234,4.087643172239999,2.0281031866323413,12.023648712081972,7.819901526542068e-23,1.2795899711183197e-21,Upregulated
209200_at,7.814786257531915,9.20879082545,-1.3940045679180857,-12.10559259704292,8.062291827780728e-23,1.3176494325403046e-21,Downregulated
206528_at,5.040535690872341,7.56769441234,-2.527158721467659,-12.411816029285088,8.100059422613863e-23,1.323419793756711e-21,Downregulated
212486_s_at,6.43706063068085,7.851136390220001,-1.4140757595391502,-11.866426358798622,8.239637247538738e-23,1.345407191852212e-21,Downregulated
235642_at,2.253441246617021,3.9368661171600006,-1.6834248705429795,-12.832030006131108,8.299559979957722e-23,1.3547803735417483e-21,Downregulated
210632_s_at,2.266268276351064,3.59801179902,-1.331743522668936,-12.250071582658931,8.313475915119174e-23,1.3566402171438105e-21,Downregulated
208510_s_at,6.419750355659574,8.62820650954,-2.2084561538804257,-11.633280353386706,8.4081009768672e-23,1.3716655115006952e-21,Downregulated
228121_at,5.776640902648936,7.822428335409999,-2.0457874327610632,-11.994310593309399,8.476563313093326e-23,1.3815770738122353e-21,Downregulated
202150_s_at,7.954225997851063,9.47493204426,-1.520706046408936,-11.634401048681076,8.554311827536147e-23,1.3938267675124483e-21,Downregulated
230578_at,3.4709259273723405,4.69298942931,-1.2220635019376593,-11.480562227855577,8.683839528706664e-23,1.4145033097850291e-21,Downregulated
213618_at,8.6254542225,9.82051169623,-1.1950574737299995,-11.771281959984645,8.809094997438153e-23,1.4336035810354267e-21,Downregulated
210038_at,5.223451125170213,6.997643052450001,-1.7741919272797881,-12.176747862702555,8.899639097063397e-23,1.4479007515869687e-21,Downregulated
207390_s_at,6.170179665436171,7.4940064385700005,-1.3238267731338293,-11.327552154412606,8.974462950353279e-23,1.4593147234245687e-21,Downregulated
207294_at,5.442972419585107,8.84731334979,-3.404340930204892,-11.314001461200334,9.078644666330755e-23,1.4756844425000482e-21,Downregulated
238461_at,5.472365168531915,7.403298096529999,-1.930932927998084,-11.436302417614488,9.130694942397293e-23,1.4836965503679179e-21,Downregulated
230665_at,3.5942962517340433,4.67607871474,-1.0817824630059567,-11.88725548817885,9.381557788982237e-23,1.5235400580863483e-21,Downregulated
205277_at,4.58333089519149,5.830781419730001,-1.247450524538511,-11.539425879589492,9.692269825623543e-23,1.5735237695170174e-21,Downregulated
204320_at,6.3012627135638315,2.27059105766,4.030671655903832,12.942001034858112,9.800427367361663e-23,1.5896435053706709e-21,Upregulated
201531_at,10.827932331734043,12.629648791290002,-1.8017164595559585,-11.243660308263472,9.803683379746515e-23,1.589692234739361e-21,Downregulated
229870_at,5.213234754351064,3.74524104812,1.4679937062310642,11.864843340528449,9.863123811691033e-23,1.5988486357312053e-21,Upregulated
1554482_a_at,9.087264676159574,7.98963577406,1.097628902099574,11.425911110064977,9.958839172848099e-23,1.6138780468538953e-21,Upregulated
1555870_at,4.292738137914894,2.51009129316,1.7826468447548938,12.7971504230355,1.0125951945344862e-22,1.6399712476131249e-21,Upregulated
226886_at,9.237499487595745,8.16504333502,1.0724561525757448,11.946012135996428,1.0365981591058052e-22,1.6773305832029133e-21,Upregulated
213668_s_at,8.515624457521277,6.979677000800001,1.535947456721276,11.343055171732017,1.0428705247854348e-22,1.6869724525145683e-21,Upregulated
205289_at,7.849074171351063,10.03528321084,-2.1862090394889364,-11.785962054846708,1.0456289776765074e-22,1.6909260430940659e-21,Downregulated
228347_at,7.982215256074469,4.66952830402,3.3126869520544693,11.288120016767389,1.0479833100063875e-22,1.6942239348362955e-21,Upregulated
225212_at,6.57627869574468,7.90842343819,-1.3321447424453199,-11.287407800301109,1.0618570092126857e-22,1.7161370522089397e-21,Downregulated
202669_s_at,5.910922246691489,8.05117503125,-2.1402527845585118,-11.80567115004343,1.0770917920243454e-22,1.7391912076199774e-21,Downregulated
215299_x_at,9.951113482904256,11.117344391289999,-1.1662309083857423,-11.6951107534522,1.080716200768883e-22,1.744519855178726e-21,Downregulated
229886_at,5.015792330936169,3.580512051250001,1.4352802796861686,12.407697680446782,1.0981038345225984e-22,1.7715240804928756e-21,Upregulated
202357_s_at,10.411813038521275,8.447461677849999,1.9643513606712766,11.497081057403168,1.1233311830301772e-22,1.8100506593906864e-21,Upregulated
242550_at,7.090674397106384,4.96285915131,2.127815245796384,11.602698705592287,1.1568880785634326e-22,1.8630054548985864e-21,Upregulated
213519_s_at,6.7440894243085125,8.31825876401,-1.5741693397014878,-12.093885159071919,1.171297856609126e-22,1.885081583350642e-21,Downregulated
1554768_a_at,5.942612179191491,3.4396493679999995,2.502962811191492,12.54802186395233,1.2069581262649495e-22,1.9395712512484784e-21,Upregulated
221919_at,7.578676094606385,5.85886376768,1.7198123269263847,11.496249949491125,1.207955401954766e-22,1.9403354719932008e-21,Upregulated
215617_at,5.420151200925532,6.998366577589999,-1.5782153766644669,-11.71570938474089,1.2124349238874563e-22,1.9466276064540516e-21,Downregulated
232068_s_at,6.075449477946808,7.854806705310001,-1.7793572273631924,-11.846110592739128,1.2434982633159013e-22,1.9959056278934367e-21,Downregulated
203895_at,5.531777315180852,8.20860134485,-2.676824029669149,-12.491847336094246,1.2446708683524774e-22,1.9971917459787096e-21,Downregulated
208149_x_at,6.43487518751064,5.247005810939999,1.1878693765706405,11.741894493990221,1.2547267703729407e-22,2.0121268357566782e-21,Upregulated
223991_s_at,8.394310049531915,7.32271450623,1.0715955433019158,11.596043412647168,1.2627034823174637e-22,2.024315037255651e-21,Upregulated
226931_at,4.694697436925533,7.136796702580001,-2.442099265654468,-11.65427546134761,1.298520445631144e-22,2.0804951054130686e-21,Downregulated
236641_at,4.398433318989361,2.2675062919999998,2.130927026989361,12.904131685786917,1.301896739644147e-22,2.085283443671831e-21,Upregulated
224467_s_at,7.440941884372341,6.189961297499998,1.250980586872343,11.954246509674006,1.3053226055197753e-22,2.0901483078441986e-21,Upregulated
203615_x_at,9.462383197595743,10.631897704650001,-1.1695145070542576,-11.656995956880865,1.3184247110033207e-22,2.1098718091646713e-21,Downregulated
1558508_a_at,8.447807213808511,6.84141478108,1.6063924327285113,11.536313195266034,1.3212672560082272e-22,2.1137918093890095e-21,Upregulated
236313_at,7.175251721053192,9.29608699941,-2.120835278356809,-12.379968504714045,1.358944321883195e-22,2.17213014255006e-21,Downregulated
231647_s_at,6.463748237627659,3.381781501759999,3.0819667358676597,11.659962244790464,1.3875069569724319e-22,2.2164671573424183e-21,Upregulated
242436_at,5.179517347446808,6.604214185829999,-1.4246968383831913,-11.32811553722759,1.3880334964990385e-22,2.216649930008827e-21,Downregulated
206201_s_at,6.369995039851063,8.677705585790001,-2.3077105459389378,-11.939596091423669,1.3957979238618243e-22,2.2277266211522874e-21,Downregulated
213378_s_at,5.669111162031916,4.28735545619,1.3817557058419156,11.795026064052216,1.3982113059142987e-22,2.2309164431891568e-21,Upregulated
201615_x_at,7.893425318702127,9.62811505956,-1.734689740857874,-11.415215864498967,1.4087692030232147e-22,2.2470955027819287e-21,Downregulated
222746_s_at,7.6714669385212755,6.44540738156,1.2260595569612756,11.946461510308238,1.4124858053127797e-22,2.2523558115788072e-21,Upregulated
238477_at,5.526096162585106,6.83394621686,-1.307850054274894,-11.82567205759765,1.4208632893317565e-22,2.2650430610550636e-21,Downregulated
240115_at,2.6488482671914895,3.7201388903300003,-1.0712906231385109,-11.471764513000112,1.428434240470521e-22,2.27576315337522e-21,Downregulated
1569320_at,7.225766892351065,5.03917069642,2.186596195931065,11.780013441617086,1.5057085369961098e-22,2.396036667777301e-21,Upregulated
241365_at,5.422181398521276,6.93097694271,-1.5087955441887244,-12.11999018608607,1.5056990182956613e-22,2.396036667777301e-21,Downregulated
1554894_a_at,6.591458302170212,5.350633777770001,1.2408245244002112,11.813854226453754,1.529335566786229e-22,2.4321952334466032e-21,Upregulated
229802_at,7.576581934787234,4.8782680782100005,2.6983138565772338,11.184687309362191,1.5313460681721907e-22,2.434672764490377e-21,Upregulated
213520_at,4.360289434212765,2.9403559543599993,1.4199334798527659,12.418772203264771,1.5362367764253737e-22,2.441726691986263e-21,Upregulated
40148_at,5.941447374563827,7.015631991929999,-1.0741846173661722,-11.613951208925956,1.5415172896906116e-22,2.4493958328891943e-21,Downregulated
216339_s_at,2.23993106987234,3.63961716761,-1.3996860977376602,-12.429001618740296,1.5666632365948876e-22,2.4886163273329186e-21,Downregulated
227155_at,3.743573074925531,4.877871213950001,-1.1342981390244695,-11.286136098914573,1.5707994335166351e-22,2.4944499064400868e-21,Downregulated
202291_s_at,12.184544565606384,13.978133234,-1.7935886683936157,-12.45490277144103,1.5880090586342603e-22,2.5210346879487107e-21,Downregulated
230408_at,5.984013676202127,4.853368708490001,1.1306449677121266,11.90405828778877,1.5915643837891726e-22,2.52593337109721e-21,Upregulated
235199_at,7.215116767457447,8.395424016200002,-1.1803072487425545,-11.687913790050098,1.7097225237497345e-22,2.7094618639482385e-21,Downregulated
205648_at,5.494227970734043,7.680098198549998,-2.185870227815955,-12.050767976602296,1.7319955148323453e-22,2.7439502433217237e-21,Downregulated
222532_at,8.070517179351064,6.998483779279999,1.0720334000710654,11.570871507896278,1.7714346143039348e-22,2.8039547429355924e-21,Upregulated
235456_at,5.67398297711702,2.94022416293,2.73375881418702,12.563731196734452,1.8335460686929248e-22,2.8997091693830536e-21,Upregulated
210214_s_at,5.707787513425534,6.96421875866,-1.2564312452344666,-11.322296951959915,1.840441124048405e-22,2.9097579746639483e-21,Downregulated
215224_at,4.4258287294574465,2.6375671484500005,1.788261581007446,12.546626598636346,1.8445723566220297e-22,2.9154325234579048e-21,Upregulated
219747_at,9.651692061404255,11.7381419192,-2.0864498577957455,-12.47531735916249,1.852901470682765e-22,2.927736736255676e-21,Downregulated
224964_s_at,8.008619038819148,9.386395945460002,-1.3777769066408538,-11.573447516006855,1.871293625460512e-22,2.955929484259004e-21,Downregulated
207455_at,2.802226075170213,4.329539712450001,-1.527313637279788,-12.375535248415085,1.8857683560284878e-22,2.9779194596990088e-21,Downregulated
202192_s_at,6.986761171021275,8.14316196044,-1.1564007894187256,-11.879158693809416,1.9729291729437194e-22,3.1128180843634757e-21,Downregulated
207220_at,2.3813734394042547,3.59306896541,-1.2116955260057454,-12.337755089385519,1.9950110960569701e-22,3.1467350971413547e-21,Downregulated
212556_at,8.202975534063828,7.066555351789999,1.1364201822738291,12.340919220121508,2.000408805933125e-22,3.1543238943394625e-21,Upregulated
1557383_a_at,6.350174072585105,4.3552909921700005,1.9948830804151045,11.102642849564017,2.0266957239143387e-22,3.1929659111440136e-21,Upregulated
224341_x_at,7.190935775765956,8.51769934964,-1.3267635738740449,-11.835244633629241,2.046750215773746e-22,3.2226729246371984e-21,Downregulated
209098_s_at,5.111825990638298,6.887609449900001,-1.775783459261703,-11.463138262221568,2.067759252136345e-22,3.2547995064502615e-21,Downregulated
208527_x_at,6.822025309265959,5.47140226814,1.3506230411259583,12.014121641803461,2.0819376477545593e-22,3.2752003019048473e-21,Upregulated
209496_at,10.399775629319148,12.185931022299997,-1.7861553929808487,-12.110407916441034,2.108138526443676e-22,3.3154485024356595e-21,Downregulated
201416_at,9.978379013255319,8.79428934992,1.1840896633353193,11.275095807174736,2.1245762993718523e-22,3.3403233217776806e-21,Upregulated
212509_s_at,11.536240673414895,12.622140765100001,-1.0859000916851063,-11.608716900042793,2.25007967915066e-22,3.5355765592403565e-21,Downregulated
221814_at,5.517905356478723,6.95937702372,-1.4414716672412773,-11.384342213875318,2.2865487571546786e-22,3.591831526060793e-21,Downregulated
212158_at,9.26967988830851,11.056892276609998,-1.787212388301489,-12.431262709328196,2.311194837086916e-22,3.629486876133047e-21,Downregulated
216228_s_at,4.8868358655,3.3266126607,1.5602232048000002,12.330759094877383,2.3184638602961194e-22,3.639839380907387e-21,Upregulated
242851_at,5.950050420095745,4.311759072930001,1.6382913471657439,11.41138439013427,2.4479732029925287e-22,3.8397983871728246e-21,Upregulated
221060_s_at,4.242194873457448,6.266245727239999,-2.0240508537825512,-11.148246608270112,2.4665129098723907e-22,3.867751118670449e-21,Downregulated
228974_at,5.978825170606382,7.8932638833599995,-1.9144387127536175,-11.905561113176704,2.5357485859965657e-22,3.974002722797531e-21,Downregulated
223569_at,7.3701566922021255,6.00554193321,1.3646147589921256,11.787733479040591,2.5788510009852765e-22,4.040375180279466e-21,Upregulated
201689_s_at,11.14935632044681,10.047023745459999,1.1023325749868107,11.644043204637573,2.582258755565868e-22,4.0445360928033136e-21,Upregulated
203373_at,9.392243979553191,11.254423597860002,-1.8621796183068113,-11.389185297193963,2.614292233268867e-22,4.0923260203317606e-21,Downregulated
223125_s_at,8.121323204,9.43892920464,-1.3176060006400014,-12.16250820259426,2.6658081857258787e-22,4.170539821915419e-21,Downregulated
204438_at,10.962168123127661,12.65557969546,-1.693411572332339,-11.557058061805026,2.684097886709759e-22,4.196711887632881e-21,Downregulated
216080_s_at,6.849131793585106,8.061455114300001,-1.2123233207148951,-11.317488937992751,2.7070669984624794e-22,4.231395105472331e-21,Downregulated
200785_s_at,7.6558651465425545,9.164375644300002,-1.508510497757447,-11.955913926650668,2.7978446280383603e-22,4.372018337120025e-21,Downregulated
220088_at,8.201490172531914,9.86806472193,-1.6665745493980868,-11.372513943284728,2.8111375826697735e-22,4.391514551887204e-21,Downregulated
235117_at,7.7238943129468085,6.30358405792,1.4203102550268083,11.335746512740009,2.8456610853006324e-22,4.442865809404349e-21,Upregulated
202687_s_at,10.510940669457446,12.10318035347,-1.5922396840125543,-11.25745928685649,2.8872063227618024e-22,4.5051139911826605e-21,Downregulated
219115_s_at,4.5811584194042565,6.860151173570001,-2.2789927541657446,-11.403519685558186,2.8933649502647014e-22,4.51341436238217e-21,Downregulated
238546_at,4.70758863312766,5.898892482989998,-1.1913038498623383,-11.163223724623423,2.903634824293864e-22,4.526808772738254e-21,Downregulated
1558561_at,5.355771331734043,3.9212268297400006,1.4345445019940422,11.891364300186034,2.9112349258258925e-22,4.537342269500766e-21,Upregulated
229845_at,5.8805393840957425,4.51187135832,1.3686680257757429,11.89873490702028,3.0021417067934765e-22,4.676316068392526e-21,Upregulated
203988_s_at,8.656998574159575,7.41098503069,1.2460135434695747,11.696627092924363,3.0078657465613313e-22,4.683875710612269e-21,Upregulated
223811_s_at,5.423168402744682,4.3455250669700005,1.077643335774681,11.957459075069266,3.013835335188155e-22,4.691813237002318e-21,Upregulated
204220_at,9.2140103891383,10.621246650489997,-1.4072362613516969,-12.048672878473067,3.055618436246353e-22,4.755483021179004e-21,Downregulated
212099_at,11.599836605861702,12.9081100773,-1.308273471438298,-11.422401873109218,3.058182157779568e-22,4.758096197232625e-21,Downregulated
209070_s_at,8.731409263340426,10.527305425609997,-1.795896162269571,-11.308827688171988,3.1236222919935426e-22,4.856179260490661e-21,Downregulated
1557810_at,4.579224914138299,2.63891066269,1.9403142514482994,12.519410154921088,3.1416059877326255e-22,4.8822426944867665e-21,Upregulated
201041_s_at,13.043136892670205,14.4599108301,-1.4167739374297952,-11.94614783828186,3.154192057546569e-22,4.900386308700167e-21,Downregulated
206261_at,4.995929452829787,3.5685308958500004,1.427398556979787,12.164632881249515,3.1799667073747645e-22,4.939003445649988e-21,Upregulated
214293_at,6.402780115638299,7.654323031590001,-1.2515429159517018,-11.817125559290892,3.2032621769773725e-22,4.9723134040665215e-21,Downregulated
219981_x_at,9.311189849489363,8.266378130620001,1.0448117188693615,11.360869656067191,3.22269792365704e-22,5.001039541887408e-21,Upregulated
226550_at,6.60696608919149,5.34699013693,1.25997595226149,11.297010220244486,3.2343594655560053e-22,5.017688439988328e-21,Upregulated
204109_s_at,6.210017526510639,5.01518625162,1.194831274890639,11.190564675914326,3.2663059279233077e-22,5.0657880807175044e-21,Upregulated
229244_at,4.05246348937234,5.15911320526,-1.1066497158876594,-11.732010113921987,3.316909000781561e-22,5.139823322271306e-21,Downregulated
208580_x_at,6.548531883457446,5.1301801524399995,1.418351731017447,12.010760039272045,3.3731356629452034e-22,5.2224373853532155e-21,Upregulated
221123_x_at,6.491791754978725,7.60263516553,-1.1108434105512748,-11.14812242934244,3.379517922336244e-22,5.230812977576323e-21,Downregulated
217540_at,5.85972439,7.072139828269999,-1.212415438269999,-11.898996637293239,3.4074547628598873e-22,5.27253630250811e-21,Downregulated
232712_at,2.2910371417446806,3.8587594175,-1.5677222757553193,-12.478870018506974,3.4589020947404627e-22,5.348104025635021e-21,Downregulated
239071_at,6.5892108500000015,5.20085147032,1.3883593796800016,11.344177684105318,3.5042863847187555e-22,5.414580508143722e-21,Upregulated
209607_x_at,8.632352854287236,9.779391846380001,-1.1470389920927655,-11.39333163887363,3.547756745859172e-22,5.4786001818197365e-21,Downregulated
241837_at,5.256011183861703,2.94898312046,2.307028063401703,11.866321197654838,3.5770455895879187e-22,5.522243802571062e-21,Upregulated
235463_s_at,6.957811734893619,5.420921642599999,1.5368900922936204,11.251850933978082,3.6003753990037433e-22,5.556665457986093e-21,Upregulated
225651_at,8.22402529244681,9.2326321546,-1.00860686215319,-12.084335118120414,3.6287986336591246e-22,5.598926084623915e-21,Downregulated
232931_at,7.492173211159575,6.31311486064,1.1790583505195755,11.273693324774817,3.639934754307044e-22,5.614325402636726e-21,Upregulated
228597_at,8.18852282288298,7.099935176710001,1.0885876461729795,11.688998316550572,3.641910781578763e-22,5.614325402636726e-21,Upregulated
238075_at,4.699471026819149,2.7144024447099997,1.985068582109149,12.432243230870737,3.6519593268648603e-22,5.628202990107546e-21,Upregulated
235512_at,5.722060473765955,6.884544446779999,-1.1624839730140435,-11.611346995999948,3.7392299980698037e-22,5.7561025951969795e-21,Downregulated
231972_at,5.698175093297872,7.30014533032,-1.6019702370221287,-11.162879362487608,3.7579641558287316e-22,5.783286411599546e-21,Downregulated
236314_at,4.545344444872342,3.22492166838,1.3204227764923417,11.561311022153419,3.806695299046056e-22,5.8566050730689694e-21,Upregulated
202156_s_at,7.96126457680851,9.3775109622,-1.4162463853914904,-12.310852299767486,3.846104291879739e-22,5.9155437644564955e-21,Downregulated
1556035_s_at,8.934774860223405,6.873343850420001,2.061431009803403,11.263817737131578,3.9222119898034487e-22,6.027431259530523e-21,Upregulated
204612_at,6.669776848478724,8.66090191422,-1.9911250657412758,-12.217479275137743,4.0212695870315535e-22,6.172602911189473e-21,Downregulated
230264_s_at,9.61845424394681,10.7388385289,-1.1203842849531913,-11.896797605475658,4.0475648133462985e-22,6.211193182614665e-21,Downregulated
205259_at,7.005680448468086,8.777856113050001,-1.7721756645819156,-12.163684416900248,4.106157449176395e-22,6.299309314358288e-21,Downregulated
230966_at,5.689169719085107,3.8126967587199996,1.8764729603651071,11.461367299749456,4.112530914576866e-22,6.307287931891397e-21,Upregulated
204793_at,5.185208717734042,6.543965854909999,-1.3587571371759566,-11.184074219251583,4.142136732290065e-22,6.350882733265492e-21,Downregulated
241716_at,5.803687672287237,3.282270922749999,2.5214167495372375,11.427402618711278,4.26805455279461e-22,6.534630861844887e-21,Upregulated
215695_s_at,5.19449198711702,3.05692489317,2.13756709394702,12.263150297879228,4.275256751767338e-22,6.543795095348835e-21,Upregulated
228069_at,6.123796924882979,4.1199788349499995,2.003818089932979,11.413693737247568,4.494187485011403e-22,6.871073566481619e-21,Upregulated
1558444_at,5.405655162329788,7.210271920260001,-1.804616757930213,-11.042927763518783,4.593287608162743e-22,7.020590147560139e-21,Downregulated
239973_at,4.632527468085105,2.6771171554299995,1.955410312655106,12.394884472929897,4.661936569265731e-22,7.12349205438996e-21,Upregulated
242871_at,5.582517131787234,7.790804138309999,-2.208287006522765,-12.139143703924308,4.711291320191999e-22,7.196862111554867e-21,Downregulated
227367_at,7.016083110425534,8.20627148897,-1.190188378544466,-12.086647148274228,4.804712750704103e-22,7.335403917382085e-21,Downregulated
214802_at,6.338954654340425,4.91035144948,1.4286032048604245,11.53464993873285,4.943539988721639e-22,7.540931418984178e-21,Upregulated
220060_s_at,5.253137561702128,3.7232387616499993,1.5298988000521287,11.902104953463546,4.9777543509996e-22,7.58881790030795e-21,Upregulated
219454_at,8.679242668478723,10.488437586030003,-1.8091949175512791,-11.8310367959234,5.1324361196270185e-22,7.820204224653225e-21,Downregulated
210906_x_at,7.729684183127659,10.698456858189997,-2.968772675062339,-12.378027194756157,5.190561916192599e-22,7.902053869921741e-21,Downregulated
224959_at,8.37823857469149,9.505197248490001,-1.1269586737985104,-11.735594928518426,5.234829613587953e-22,7.964937640634841e-21,Downregulated
235026_at,4.707618839819149,3.3009834187300005,1.406635421089149,12.005153162997233,5.281673749557665e-22,8.033939601066418e-21,Upregulated
209993_at,3.3238462522978725,5.361078347509999,-2.037232095212126,-11.420061122143329,5.314793655675753e-22,8.082032557652702e-21,Downregulated
210096_at,9.43833673001064,13.3239611319,-3.885624401889361,-12.305306692448466,5.386679224286267e-22,8.189031338537625e-21,Downregulated
204938_s_at,5.331216512468084,7.865643295830001,-2.5344267833619165,-11.1917875415472,5.412533599266003e-22,8.226011081382347e-21,Downregulated
224204_x_at,5.169247783159574,2.8560930084600007,2.3131547746995733,11.85380100171833,5.453651094718613e-22,8.286160389280658e-21,Upregulated
216253_s_at,4.709300763063831,6.0002177337700005,-1.2909169707061698,-10.993606792878065,5.780988793507441e-22,8.768648145730153e-21,Downregulated
228790_at,3.943996221755319,5.224739717670001,-1.2807434959146824,-11.277815049154201,5.917952337787075e-22,8.973864799554994e-21,Downregulated
1555241_at,7.371040221095744,6.0602278594,1.3108123616957439,11.205146667780147,5.985462197092577e-22,9.073677275445923e-21,Upregulated
213397_x_at,9.64655891982979,10.955521789050001,-1.3089628692202115,-11.973847032677742,5.989249127840286e-22,9.076859779938507e-21,Downregulated
33323_r_at,12.07345426347872,10.446705527789998,1.6267487356887216,10.93589107761966,5.992594146180271e-22,9.079370950604283e-21,Upregulated
203035_s_at,7.560485749957446,6.467355681790001,1.0931300681674454,11.225603693453305,6.035668848246025e-22,9.13948436575903e-21,Upregulated
227791_at,6.697242249531916,8.017832771160002,-1.3205905216280858,-11.779489151515273,6.1190626059017e-22,9.260548714716625e-21,Downregulated
223216_x_at,6.527013262255319,7.631143583509998,-1.1041303212546794,-11.070102815074927,6.134697390391406e-22,9.281598701535644e-21,Downregulated
212993_at,7.740657675042554,8.74236218949,-1.0017045144474466,-11.662111413842204,6.172943931491306e-22,9.336838084904144e-21,Downregulated
230795_at,9.013424113031915,7.0885845577,1.924839555331915,11.437655019663225,6.344651730313372e-22,9.588464118197108e-21,Upregulated
209172_s_at,4.274919295840425,2.54161577484,1.7333035210004248,12.396624345454814,6.44641611279213e-22,9.736785651295634e-21,Upregulated
206007_at,2.9108588387340433,5.7130315896,-2.8021727508659566,-11.150164407167788,6.45622948177427e-22,9.748870266892502e-21,Downregulated
222034_at,6.089271320691489,4.729663298419999,1.3596080222714892,11.738656233491657,6.480540132425294e-22,9.782832769088601e-21,Upregulated
242725_at,7.759627405340425,5.9177573069800005,1.8418700983604248,11.547438621233082,6.49854503328575e-22,9.807259909099534e-21,Upregulated
218186_at,10.41263688343617,9.36328524171,1.0493516417261688,11.44820794937756,6.585641345803885e-22,9.935913195663611e-21,Upregulated
221757_at,7.435912958042553,8.653289158000002,-1.2173761999574486,-11.255368800879902,6.600872402291749e-22,9.956099916703982e-21,Downregulated
242086_at,5.368093143276595,6.796079954269999,-1.4279868109934037,-11.279374019504505,6.612890168080389e-22,9.968635386221183e-21,Downregulated
213523_at,5.385045545106383,3.3060065017500007,2.0790390433563823,12.156997579605882,6.767002698551331e-22,1.0186678061692749e-20,Upregulated
225316_at,7.160462472085107,9.03368792092,-1.8732254488348934,-11.820318337091233,6.786957324748313e-22,1.0213858048934326e-20,Downregulated
208325_s_at,7.71395590087234,8.889670490970001,-1.1757145900976615,-11.07700939314962,6.819949279562134e-22,1.0260637537077734e-20,Downregulated
232150_at,7.042324844170215,5.599067820580001,1.4432570235902142,11.404925711130609,6.90640460597464e-22,1.0381997712044493e-20,Upregulated
213050_at,6.800423399276594,8.601789838349998,-1.8013664390734032,-11.717563595648754,6.926668267304421e-22,1.040954957879954e-20,Downregulated
209740_s_at,5.0969787234042565,6.3767793483799995,-1.279800624975743,-11.046068945996025,7.010913861401659e-22,1.0527331461455881e-20,Downregulated
214297_at,2.9551465302553184,3.9554420404999995,-1.000295510244681,-10.941212365557064,7.080301376863976e-22,1.0628554001004908e-20,Downregulated
214997_at,4.390640937734043,5.59108362704,-1.200442689305957,-11.13796491620129,7.207913985570952e-22,1.081408261165744e-20,Downregulated
232667_at,3.8519623286170215,4.89576571089,-1.0438033822729786,-11.937227734739357,7.346911281585215e-22,1.1019547411916966e-20,Downregulated
213006_at,7.55331614356383,9.12160479881,-1.568288655246171,-11.167961491688036,7.3557841597871765e-22,1.102977995032933e-20,Downregulated
219388_at,7.797571465797873,6.61368915831,1.183882307487873,11.487687518725853,7.363347468871997e-22,1.1038043672261683e-20,Upregulated
201325_s_at,9.389419794968086,10.966915007509996,-1.5774952125419102,-10.994957217788428,7.402791657087893e-22,1.1090990308304441e-20,Downregulated
206120_at,4.357942472478723,5.611957902349999,-1.2540154298712753,-10.932429526475493,7.497298618398343e-22,1.1226328048139569e-20,Downregulated
37996_s_at,4.017960049510639,5.30510669544,-1.2871466459293615,-10.902574557455457,7.598321576914725e-22,1.1371266676013784e-20,Downregulated
227041_at,6.435751999968087,7.670689123819999,-1.2349371238519122,-11.126980742426724,7.610536657711329e-22,1.1386378989475983e-20,Downregulated
241652_x_at,2.2358840763404255,3.401514563079999,-1.1656304867395737,-12.128064720967137,7.65784419601895e-22,1.1453971299418111e-20,Downregulated
232278_s_at,4.81978867688298,2.38395316029,2.43583551659298,12.37097575559664,7.763713788107088e-22,1.1602642673162761e-20,Upregulated
235374_at,5.160098612840425,3.7546275267300007,1.4054710861104245,11.193589347241252,8.108742065806038e-22,1.2108184362894047e-20,Upregulated
1559696_at,3.3856667606808513,4.78229674372,-1.3966299830391486,-11.088233950734304,8.139435160012119e-22,1.215064278424679e-20,Downregulated
219106_s_at,2.7764168369893616,4.27568451458,-1.4992676775906384,-11.322907448239487,8.173405477399063e-22,1.2197968562913041e-20,Downregulated
203736_s_at,4.081022833638298,5.82107596942,-1.740053135781702,-10.893782644124194,8.213041089776878e-22,1.2253720611781948e-20,Downregulated
208029_s_at,12.631951857765957,11.1574140232,1.4745378345659574,11.830711958971703,8.242238560176561e-22,1.2293872523506838e-20,Upregulated
230563_at,7.744588013808511,5.68483367919,2.0597543346185114,11.559783365554281,8.250508712505386e-22,1.2302796274211665e-20,Upregulated
214366_s_at,6.266331042063829,8.158632432000001,-1.892301389936172,-11.102365730953604,8.274928922699871e-22,1.2335790660652306e-20,Downregulated
220192_x_at,5.7897034795744675,3.9519137878300006,1.837789691744467,12.393699912305221,8.322163069824155e-22,1.2402767051082349e-20,Upregulated
222262_s_at,7.3819647471808505,6.0248126741,1.3571520730808508,11.333558938233567,8.383443681024359e-22,1.248335787326941e-20,Upregulated
210073_at,5.1821611570212776,6.761049455249999,-1.5788882982287218,-11.344721482384474,8.385522625984899e-22,1.248335787326941e-20,Downregulated
231167_at,2.741770786393617,3.9233260346199996,-1.1815552482263825,-11.3737831247663,8.80164080640593e-22,1.3081101199595173e-20,Downregulated
228045_at,7.183521892978724,8.40911665676,-1.2255947637812765,-11.257154901607965,9.046168114100466e-22,1.3433384820127213e-20,Downregulated
201681_s_at,9.1019558205,8.08900343131,1.0129523891900014,11.651436209504107,9.120875822190487e-22,1.3540585894903051e-20,Upregulated
228455_at,6.001488069202127,4.247785176539999,1.7537028926621279,11.583613242583121,9.237468962912306e-22,1.370989253971306e-20,Upregulated
208268_at,5.085579125223403,2.8446061417899995,2.240972983433404,11.474945992915886,9.350438952690262e-22,1.386990373715936e-20,Upregulated
228868_x_at,5.015802582776596,3.20069014127,1.8151124415065958,12.077158233098789,9.531454082475133e-22,1.4122831660606267e-20,Upregulated
241453_at,4.532322953968085,2.86286485235,1.6694581016180847,12.432779645419654,9.556442328542412e-22,1.4155957231698765e-20,Upregulated
225972_at,6.307235765723405,7.690613345390001,-1.383377579666596,-12.054624166139476,9.670578097393278e-22,1.4321082421431576e-20,Downregulated
213419_at,4.978880390170214,6.512822958469999,-1.5339425682997856,-11.43533729071153,1.0024436756365728e-21,1.4841022718906884e-20,Downregulated
206134_at,8.05425957069149,4.52662652587,3.5276330448214903,10.970074055796314,1.004040567507875e-21,1.4860574013202687e-20,Upregulated
228202_at,6.194435806936169,8.70876226275,-2.5143264558138307,-11.354920775239963,1.0103443520682858e-21,1.494564942803763e-20,Downregulated
242191_at,8.502689987606384,6.56115479207,1.9415351955363844,11.239288351383415,1.031381694066152e-21,1.524008126292364e-20,Upregulated
214437_s_at,8.950365361351063,7.847805998110001,1.1025593632410615,11.416618789039301,1.0436759620401016e-21,1.54175103801947e-20,Upregulated
1560513_at,2.3207724136063828,3.375000492810001,-1.054228079203618,-12.309317717490893,1.052464500972002e-21,1.5543068547303705e-20,Downregulated
229672_at,4.7847685176914885,3.2137733538700006,1.5709951638214878,11.810826299478524,1.0589581031349802e-21,1.5630384340070815e-20,Upregulated
1556339_a_at,5.964326350329788,4.16031580701,1.8040105433197882,11.79007548090847,1.0887669367533717e-21,1.6061551963855417e-20,Upregulated
37117_at,7.764991970542554,6.58927651816,1.175715452382554,11.463947042236407,1.0978570856806876e-21,1.6191209544946933e-20,Upregulated
202723_s_at,7.106127851265956,8.713892518529999,-1.6077646672640427,-11.770315952335016,1.1019795536553913e-21,1.624338970065058e-20,Downregulated
235852_at,3.4600896683297875,5.008055981579999,-1.5479663132502117,-10.85372629368308,1.112137492953013e-21,1.638833621807418e-20,Downregulated
239725_at,4.097964529138298,5.239602295359999,-1.1416377662217014,-10.915612492178603,1.1154159135760663e-21,1.643214470764237e-20,Downregulated
238592_at,4.059984607223404,5.71367892475,-1.653694317526596,-10.866633686639831,1.1272563769586779e-21,1.6602029433488346e-20,Downregulated
228584_at,6.605186943287236,8.429316486509999,-1.8241295432227629,-11.583128039863476,1.13822539281893e-21,1.675440366123672e-20,Downregulated
235763_at,6.531249471117022,3.15389093406,3.3773585370570216,11.627070130254394,1.1433901697220751e-21,1.682582316516321e-20,Upregulated
205341_at,4.638327686,5.643064115710001,-1.0047364297100012,-11.112137238758024,1.1776626298070493e-21,1.7301765147992883e-20,Downregulated
225119_at,8.906834040797873,7.2912414845599995,1.615592556237874,11.059294129812459,1.1832373675348859e-21,1.737892000279393e-20,Upregulated
232081_at,5.017386477978723,6.465152020420001,-1.4477655424412772,-11.131954248046153,1.2001841045017628e-21,1.7618204761116762e-20,Downregulated
204476_s_at,4.968248580553191,3.6753904848600003,1.292858095693191,11.87955503293752,1.212830463501642e-21,1.7798990261909774e-20,Upregulated
226548_at,5.856713106893618,3.98011036555,1.8766027413436177,12.232209843181893,1.2145775633937617e-21,1.781976781906625e-20,Upregulated
203320_at,7.907599308138297,9.01717727986,-1.109577971721703,-11.347105605001786,1.2389204898634135e-21,1.817196004030367e-20,Downregulated
227948_at,8.357816051840423,9.46402225146,-1.1062061996195762,-11.50113267911772,1.2519514971841378e-21,1.8348082623309548e-20,Downregulated
33197_at,3.793768091297872,2.5858403425100005,1.2079277487878715,12.006491458158076,1.2568115024799346e-21,1.8409276544767364e-20,Upregulated
208490_x_at,6.5472831366383,5.080473874909999,1.4668092617283008,11.685706697052144,1.2895588710419182e-21,1.887866451765395e-20,Upregulated
213599_at,4.794693388265958,2.6466993960199994,2.1479939922459583,12.25556769273822,1.2976779379610555e-21,1.899235525746213e-20,Upregulated
210068_s_at,7.326660423808511,10.464320692260003,-3.1376602684514916,-12.13261623034731,1.3130692399172746e-21,1.920716402996751e-20,Downregulated
222155_s_at,7.170992378989361,5.890624165199999,1.2803682137893615,10.960983025983696,1.326691590570233e-21,1.9395877654365466e-20,Upregulated
232361_s_at,5.919615704744682,4.16652216917,1.7530935355746813,11.21557395422896,1.3492547953751645e-21,1.9715028096726053e-20,Upregulated
214373_at,4.986217298202127,2.68993809032,2.296279207882127,12.353760840605311,1.369341319200286e-21,2.000309402349446e-20,Upregulated
229776_at,5.101588833595745,6.24300565714,-1.1414168235442554,-10.874595030682626,1.3712381863822646e-21,2.0025364402051717e-20,Downregulated
201324_at,11.42796483552128,12.736344694100003,-1.3083798585787232,-11.008284185475244,1.3747092193774123e-21,2.0070605340237105e-20,Downregulated
230831_at,4.736242771223403,2.43166673181,2.304576039413403,12.366108532587317,1.3803408100031602e-21,2.014735707105291e-20,Upregulated
203372_s_at,6.546414739053192,8.91084510692,-2.3644303678668077,-11.067611626263378,1.3932568275182574e-21,2.03303612927013e-20,Downregulated
201278_at,9.123325222968084,10.339307420879999,-1.2159821979119148,-11.573612289444522,1.4332878300743531e-21,2.0891820929100045e-20,Downregulated
217164_at,6.763955131117022,4.83664844009,1.927306691027022,11.07593712936923,1.4553372815170637e-21,2.1207469797799187e-20,Upregulated
229994_at,4.555326745776596,6.55570670121,-2.000379955433404,-10.850268721571405,1.4579686071206268e-21,2.12400594535726e-20,Downregulated
216840_s_at,7.306707690595743,8.96777440568,-1.6610667150842575,-11.637570313529679,1.536996879246669e-21,2.2348990037080655e-20,Downregulated
232392_at,7.1627821735212756,5.2153672989999995,1.947414874521276,11.489007929005421,1.5584737074268096e-21,2.2642913783808318e-20,Upregulated
1558103_a_at,4.979838772436169,6.50684219205,-1.5270034196138305,-11.743274296288524,1.5653181655094262e-21,2.2736214650307858e-20,Downregulated
226390_at,7.498895612404255,8.63062279024,-1.131727177835745,-11.379553656440125,1.566538473822262e-21,2.27477965315886e-20,Downregulated
222912_at,8.007473073521277,9.249106843,-1.2416337694787227,-11.384055435096165,1.5864346643949573e-21,2.3011859455001935e-20,Downregulated
201644_at,9.261397789542553,8.25424858361,1.0071492059325529,11.892494208618418,1.6621773200193238e-21,2.4071585712051524e-20,Upregulated
229866_at,5.2251702114893614,3.24278330842,1.9823869030693615,12.084006677133738,1.7057085892488634e-21,2.467542823597078e-20,Upregulated
210548_at,2.3980552649468083,4.02350355334,-1.625448288393192,-11.527498490844398,1.7269599606113613e-21,2.497614101679018e-20,Downregulated
230974_at,4.769734018031914,5.974048123340001,-1.2043141053080868,-11.1965628224366,1.7529131627634687e-21,2.5337862771404442e-20,Downregulated
1558281_a_at,4.180535104021277,2.45170045464,1.7288346493812767,12.23998602107031,1.7761806431304485e-21,2.565350485268913e-20,Upregulated
212607_at,7.003361023255321,8.47606439574,-1.4727033724846788,-11.75229228279259,1.8683565691043656e-21,2.695585472796336e-20,Downregulated
204844_at,6.397763532446809,8.344064490169998,-1.9463009577231896,-11.130551046425646,1.8936610969598875e-21,2.730628840779746e-20,Downregulated
225900_at,5.507039064574468,6.5890121405299995,-1.0819730759555313,-11.027329223383472,1.9013078914379698e-21,2.740920564161958e-20,Downregulated
201556_s_at,6.71831446580851,8.08371965168,-1.3654051858714888,-10.917240995079933,1.9326748627006478e-21,2.785392555338077e-20,Downregulated
227209_at,4.883461334521276,7.02629488843,-2.1428335539087238,-11.501353270432926,2.0256301384881002e-21,2.91701586690016e-20,Downregulated
227613_at,7.214563717840426,8.77109247246,-1.5565287546195732,-10.833198606098907,2.0272504454591644e-21,2.9185677853176285e-20,Downregulated
201566_x_at,8.459284937159573,9.48547209712,-1.0261871599604273,-11.34511992911092,2.0337342052254175e-21,2.927118757352269e-20,Downregulated
231262_at,2.323302538702128,4.1497005071399995,-1.8263979684378713,-11.75720822468973,2.0727560012742956e-21,2.981686394344457e-20,Downregulated
205024_s_at,5.422296690553191,3.93546897267,1.486827717883191,11.654824095712312,2.111981533763202e-21,3.035677145242853e-20,Upregulated
229019_at,7.406089216861703,10.303621272770002,-2.8975320559082984,-12.080016106158626,2.1154820365453404e-21,3.039896254812388e-20,Downregulated
219509_at,3.195918392095746,4.309015599089999,-1.1130972069942535,-11.222147075215535,2.275730542767123e-21,3.2631949606310975e-20,Downregulated
1556427_s_at,3.3997741788829785,4.973476205219999,-1.5737020263370205,-10.745050735087812,2.3620745088642887e-21,3.3833965255332793e-20,Downregulated
212224_at,10.136198741574468,11.9140558068,-1.7778570652255326,-11.669273426144775,2.3976600774057125e-21,3.432540455771724e-20,Downregulated
220892_s_at,5.581910825351064,3.4282298423500004,2.1536809830010633,12.197003874469937,2.4046585073966704e-21,3.441643493316586e-20,Upregulated
209032_s_at,8.06941514129787,9.902445798910001,-1.833030657612131,-11.655986124012564,2.4985514949308702e-21,3.573174440477314e-20,Downregulated
210004_at,7.3256274194787245,9.63680315269,-2.3111757332112752,-11.047436713209148,2.4992305994304677e-21,3.573195561429217e-20,Downregulated
233011_at,3.488640329904255,6.09273387314,-2.604093543235745,-10.724525904022142,2.5279340763717592e-21,3.613272979849361e-20,Downregulated
1568964_x_at,6.574729506978722,7.620619560079999,-1.0458900531012771,-10.72220853469593,2.5605588797929017e-21,3.658932516167402e-20,Downregulated
219660_s_at,4.362795739031915,6.58343651807,-2.220640779038085,-11.169332261403959,2.5622998648531892e-21,3.660447822868357e-20,Downregulated
225723_at,8.249834004553191,7.168514017490001,1.0813199870631909,11.390008921293509,2.6247341837270185e-21,3.745660727140924e-20,Upregulated
238480_at,8.053411342351064,6.74776092249,1.3056504198610632,11.602098510701216,2.655477647588277e-21,3.786519638207398e-20,Upregulated
203485_at,7.077469703074467,8.857318958459999,-1.7798492553855318,-11.483631207759304,2.673560084516124e-21,3.8112934721914725e-20,Downregulated
212797_at,4.001473220946808,5.610537001920001,-1.6090637809731927,-10.78215197660692,2.739978184249416e-21,3.9039064004778565e-20,Downregulated
206504_at,7.021968497223404,3.0335030017399998,3.9884654954834042,11.878203259211109,2.7487285271328056e-21,3.9153366673825504e-20,Upregulated
203207_s_at,8.44711870224468,7.20200016303,1.2451185392146797,11.181004363552198,2.764288321499483e-21,3.9364578146722585e-20,Upregulated
203881_s_at,7.546769655159575,9.229938204659998,-1.6831685495004232,-11.88549090215369,2.7667613072562556e-21,3.9389365715215715e-20,Downregulated
1560169_at,2.819743469946808,4.31081269473,-1.491069224783192,-11.51266120697707,2.7737547649773374e-21,3.947847943611301e-20,Downregulated
1557353_at,5.528127969276595,6.68215160592,-1.1540236366434042,-11.037498352672923,2.7900409385965912e-21,3.9699772995596893e-20,Downregulated
206949_s_at,8.173156753914894,7.11614279859,1.0570139553248934,11.357435899633225,2.87481177583186e-21,4.0862744760806666e-20,Upregulated
208760_at,7.402656018319151,8.622380820609997,-1.2197248022908465,-11.280154074764386,2.930280931536298e-21,4.161819122883848e-20,Downregulated
238299_at,5.682569796819149,3.95004902176,1.7325207750591494,11.360133151343428,2.9409877905885198e-21,4.175923160100162e-20,Upregulated
214180_at,5.278110029489362,6.6509918508700006,-1.3728818213806386,-11.437948407480365,2.959299828901146e-21,4.199707139769843e-20,Downregulated
243249_at,8.07011767501064,6.120592019319999,1.94952565569064,10.890791358846664,2.973166905493663e-21,4.218273679210819e-20,Upregulated
235567_at,5.193591086904254,6.468532692820002,-1.274941605915748,-10.767826620193073,2.9776943025608492e-21,4.223582957740977e-20,Downregulated
244747_at,3.7358730302127663,4.9000440778500005,-1.1641710476372342,-10.84180608297557,3.0005672281178303e-21,4.254904005577264e-20,Downregulated
211019_s_at,4.398690642585107,5.74003709922,-1.3413464566348932,-10.722060494070456,3.0239264178762156e-21,4.285768282263245e-20,Downregulated
229876_at,5.279306288851063,3.76898198187,1.510324306981063,11.3952741172268,3.028799916629222e-21,4.290414335417944e-20,Upregulated
227894_at,6.240467844680852,5.01742303674,1.2230448079408518,10.8628572968825,3.0473911856386028e-21,4.3156130150278543e-20,Upregulated
217678_at,7.544085676851064,4.3729256755,3.1711600013510637,11.895635039114456,3.0731903924482087e-21,4.351003381106064e-20,Upregulated
211896_s_at,12.349719156063829,14.2260571933,-1.876338037236172,-11.817751800291935,3.078867897425015e-21,4.3578944402868905e-20,Downregulated
218795_at,8.16043375361702,7.0243258564,1.1361078972170207,10.952241090195635,3.12437738512035e-21,4.418820984382938e-20,Upregulated
215886_x_at,5.400925844510638,6.5613123269499996,-1.1603864824393613,-10.956061413031193,3.1322822905817635e-21,4.428836363859903e-20,Downregulated
204712_at,9.032988872478722,13.116426278800002,-4.083437406321281,-12.07430301345335,3.168213110879888e-21,4.4784628221231445e-20,Downregulated
224821_at,8.078108538882978,9.105990241919999,-1.0278817030370213,-10.759212494605531,3.170595436224691e-21,4.4806528148392334e-20,Downregulated
81811_at,4.776662132925533,2.8914268525299995,1.8852352803955332,11.879948150845514,3.226634921758895e-21,4.556255865101705e-20,Upregulated
222025_s_at,5.8709176364148945,4.559647035029999,1.3112706013848952,11.79900111462441,3.334524794073476e-21,4.70489901820661e-20,Upregulated
229246_at,5.521508649255319,4.32996633527,1.1915423139853187,11.044011066687185,3.3427930103533192e-21,4.7153282154435774e-20,Upregulated
203729_at,8.77886544131915,10.13142415462,-1.3525587133008496,-11.545926343489835,3.445362221382378e-21,4.8574640219992816e-20,Downregulated
225777_at,4.898729260085107,2.8631320490800003,2.0355972110051064,12.164421269632793,3.460906990830876e-21,4.876823248855895e-20,Upregulated
231989_s_at,7.1017247244361705,5.56508029989,1.5366444245461706,11.00855655502499,3.564205311062204e-21,5.014500310248279e-20,Upregulated
234260_at,6.07378092318085,3.8290828776399994,2.2446980455408507,11.358616937288678,3.628549902286064e-21,5.101024177845223e-20,Upregulated
224325_at,5.702005656148937,7.09662442384,-1.394618767691063,-10.753852196723564,3.6752075395940485e-21,5.163916215376319e-20,Downregulated
224458_at,5.376404934382979,7.290953676380001,-1.914548741997022,-11.52916983979253,3.6785128432884946e-21,5.167210545550143e-20,Downregulated
201710_at,5.608647499829788,4.01366787126,1.5949796285697877,11.890197108054158,3.734585684411764e-21,5.2432374216071816e-20,Upregulated
244350_at,4.341765844202128,5.442292214790001,-1.1005263705878727,-10.76222395118407,3.7411831315777825e-21,5.251129329724493e-20,Downregulated
242517_at,5.8397523999574465,2.2654301321699997,3.574322267787447,12.263867887565358,3.837013936571633e-21,5.382828158383981e-20,Upregulated
213022_s_at,6.269779228148935,7.682451546200001,-1.412672318051066,-10.741595911417598,3.851236372566172e-21,5.401371565445739e-20,Downregulated
226485_at,7.016079790478723,8.48251419855,-1.4664344080712768,-11.035589847755496,3.946059428315085e-21,5.5329184674493e-20,Downregulated
1555725_a_at,7.332642560468086,9.18917281563,-1.856530255161914,-10.803736388940145,4.252151072540314e-21,5.957441979360598e-20,Downregulated
232235_at,5.591779926755319,7.291913877780001,-1.7001339510246813,-11.436894208440606,4.259221306012599e-21,5.965793676176919e-20,Downregulated
1564164_at,6.682157700893617,4.70568879689,1.9764689040036174,10.713395505483218,4.386007704754039e-21,6.138584710067673e-20,Upregulated
223159_s_at,6.779940868457448,5.466028917579999,1.3139119508774488,10.805727662443116,4.505000698218287e-21,6.303485108074109e-20,Upregulated
228910_at,5.477138697010639,6.83028702142,-1.3531483244093616,-10.637243779563535,4.522462236598494e-21,6.324626985379266e-20,Downregulated
227393_at,6.32514556043617,4.90138787423,1.4237576862061703,11.332264698596221,4.561193640603476e-21,6.377134420418471e-20,Upregulated
209879_at,7.676320094617022,8.91416607402,-1.2378459794029784,-11.21737692803761,4.6042049639594436e-21,6.435596886474081e-20,Downregulated
204653_at,5.526924491446808,2.8050647941600007,2.721859697286807,11.9225629956934,4.676577253735809e-21,6.533360627777512e-20,Upregulated
205980_s_at,7.017684903265957,5.862529316360001,1.1551555869059564,11.214010998654969,4.774114964265775e-21,6.666161668431957e-20,Upregulated
1554576_a_at,4.143544054404256,2.5700520899600003,1.5734919644442553,12.200891425757248,4.791758150690987e-21,6.689060573399052e-20,Upregulated
1552622_s_at,8.467146639712766,6.554789309589999,1.9123573301227665,11.09663132268915,4.799393832163993e-21,6.697981231364102e-20,Upregulated
224884_at,8.434216667978722,9.46975131566,-1.0355346476812777,-11.277290712530286,4.9082293741823335e-21,6.844543041736349e-20,Downregulated
202191_s_at,7.444212353627657,8.682108882889999,-1.2378965292623416,-11.1190798517832,4.934909448907787e-21,6.879964738697621e-20,Downregulated
213672_at,4.081483414510639,2.6268080869400006,1.454675327570638,11.830871165976914,4.955386684052035e-21,6.906722679150628e-20,Upregulated
203787_at,8.046151292861701,9.270243623899999,-1.2240923310382978,-11.667814561415828,5.117523801229089e-21,7.129011529989841e-20,Downregulated
205880_at,6.559312038531914,8.34367888012,-1.7843668415880867,-11.335780772569771,5.155309953040876e-21,7.179790293481527e-20,Downregulated
201830_s_at,10.419226554170212,9.263981418899998,1.1552451352702136,11.063155792758378,5.273172327553416e-21,7.342035899813307e-20,Upregulated
212021_s_at,4.558549090404255,2.50452220369,2.054026886714255,11.991717846134547,5.318266542206623e-21,7.402905906809663e-20,Upregulated
239108_at,5.151389399276596,6.937345752649999,-1.785956353373403,-11.23666169712555,5.450373105048938e-21,7.582870352513248e-20,Downregulated
214282_at,6.117555277808509,3.4895367424700003,2.6280185353385086,11.950474676362319,5.5441648584511636e-21,7.711364134384646e-20,Upregulated
236289_at,3.272190838457448,4.37847415705,-1.1062833185925522,-11.010370764341156,5.693548496298376e-21,7.910958393745918e-20,Downregulated
227995_at,6.031645641978724,7.395897335139999,-1.3642516931612754,-11.15395680897942,5.7040842307252006e-21,7.923550476079175e-20,Downregulated
229129_at,6.023248389638297,7.21236186715,-1.189113477511703,-11.150792169753418,5.811184235469238e-21,8.068155789595986e-20,Downregulated
225896_at,5.376598882372342,6.425477338669998,-1.0488784562976559,-10.637422586576333,5.817128509955023e-21,8.074324491262989e-20,Downregulated
205559_s_at,7.32895110156383,8.81391848603,-1.4849673844661693,-11.204673837954958,5.921828011481307e-21,8.215409889748092e-20,Downregulated
44783_s_at,8.763690717308512,10.483580041909999,-1.7198893246014872,-10.666543902507023,6.039600296158737e-21,8.370160822705329e-20,Downregulated
217856_at,4.836030686989362,6.357233107940001,-1.5212024209506385,-10.873398830144845,6.130134638839454e-21,8.491096751678276e-20,Downregulated
226419_s_at,8.053994425287232,6.30050148215,1.7534929431372328,10.951485997682235,6.131599260684643e-21,8.491096751678276e-20,Upregulated
224517_at,7.0224897039468095,5.4960626251799996,1.52642707876681,10.780928182517133,6.2516478155396e-21,8.651834201127412e-20,Upregulated
215389_s_at,2.8584618139574465,4.11465918664,-1.2561973726825535,-10.976237911702121,6.252496846722614e-21,8.651834201127412e-20,Downregulated
209785_s_at,6.754529098542553,8.06768952559,-1.313160427047447,-10.712655435735979,6.3755061283243835e-21,8.817510224172159e-20,Downregulated
215209_at,5.002204778510638,3.30729592867,1.6949088498406382,11.4973901532818,6.45485632434446e-21,8.924958927022907e-20,Upregulated
1555993_at,4.116126817691489,5.385684447,-1.269557629308511,-10.600440372581001,6.479130199624832e-21,8.956219401619665e-20,Downregulated
231956_at,8.373630284978722,5.9738702565,2.399760028478722,11.040430419386176,6.80557221521398e-21,9.395392894442997e-20,Upregulated
235148_at,8.611099422787232,7.17053983551,1.4405595872772325,11.554980144019025,7.169997948674077e-21,9.880745828013937e-20,Upregulated
231882_at,6.834847947787234,4.5150802496799995,2.319767698107235,11.243747666200758,7.19521642829377e-21,9.912958781050427e-20,Upregulated
204728_s_at,4.709544226148937,3.4144688127700005,1.2950754133789366,11.766661456276019,7.229899984662907e-21,9.958192076186406e-20,Upregulated
203954_x_at,9.539056150489362,7.770449416789998,1.7686067336993636,11.307572381842185,7.46114665968865e-21,1.0266186601125958e-19,Upregulated
235850_at,4.700904040638298,6.186780176359999,-1.4858761357217016,-11.05863651802591,7.660477508521675e-21,1.0532373294308457e-19,Downregulated
206497_at,4.473836807234042,3.254914062740001,1.2189227444940407,11.645183750406451,7.8866332584202e-21,1.083223841770656e-19,Upregulated
209616_s_at,9.54377119344681,12.261595346870003,-2.7178241534231926,-11.696445939350928,7.895962934101662e-21,1.0842283951329897e-19,Downregulated
206390_x_at,3.6355475198936165,4.80129990244,-1.1657523825463838,-10.85885847075191,7.987900275502424e-21,1.0965727519606262e-19,Downregulated
206205_at,5.766643399489363,4.56631702254,1.2003263769493628,11.41808470562124,8.019140695632137e-21,1.1005805089442972e-19,Upregulated
209830_s_at,3.6412000579893613,5.20880372611,-1.567603668120639,-10.814393583648993,8.031867232385412e-21,1.1020459463292902e-19,Downregulated
212667_at,11.718902389521276,13.1395630924,-1.420660702878724,-11.366346594585483,8.038991106541932e-21,1.1027420955278356e-19,Downregulated
226658_at,4.40705749456383,6.231709782460001,-1.8246522878961713,-10.888441862926006,8.057806847692999e-21,1.1050413031871893e-19,Downregulated
209696_at,9.001811975744682,10.51699963431,-1.5151876585653188,-10.85290095044736,8.095491113613643e-21,1.1099262937466822e-19,Downregulated
230958_s_at,7.350700180638297,9.00432034444,-1.653620163801703,-11.239053296417055,8.139289992024357e-21,1.1150785825548195e-19,Downregulated
205603_s_at,7.738143317989363,8.835581584829999,-1.0974382668406362,-11.468456134656206,8.145413985012041e-21,1.1156334010640633e-19,Downregulated
1568574_x_at,4.636572833585106,2.24744397379,2.389128859795106,11.99835518132077,8.190927737061688e-21,1.1215815663584522e-19,Upregulated
215123_at,7.919270441000001,5.443221587910001,2.47604885309,10.558711505276294,8.32981693715161e-21,1.1400191699278284e-19,Upregulated
232360_at,6.153349353297872,3.8054108452099995,2.3479385080878727,11.04522336589519,8.479527055512073e-21,1.1596232957227877e-19,Upregulated
224860_at,5.821585200797871,7.305205894339999,-1.4836206935421288,-11.324224102662182,8.969156445089335e-21,1.2256479892163999e-19,Downregulated
238893_at,5.354966878478722,6.730655272720001,-1.375688394241279,-10.688886273436935,9.077983231354452e-21,1.2402042318558054e-19,Downregulated
208454_s_at,7.244277779617023,8.334095546779999,-1.0898177671629758,-11.143886902090221,9.242116357417349e-21,1.2619864696624764e-19,Downregulated
1553328_a_at,3.1688866080851064,4.6632160242,-1.4943294161148932,-10.640498198981911,9.375270627453384e-21,1.2798434161629635e-19,Downregulated
221258_s_at,4.931984648276596,3.4304536764199995,1.5015309718565963,11.374608694273508,9.407596360528406e-21,1.283930418288203e-19,Upregulated
231669_at,5.389611461978723,6.577401024019999,-1.1877895620412762,-10.92882058356223,9.44058105681079e-21,1.288105258045726e-19,Downregulated
209031_at,10.136703158,11.6408338796,-1.504130721600001,-11.515778905782112,9.482011039414904e-21,1.2934299917980473e-19,Downregulated
221685_s_at,6.88941748868085,5.7332927191900005,1.1561247694908499,10.770172712429815,9.699459746276985e-21,1.322086015999123e-19,Upregulated
207563_s_at,7.646575142872341,6.236616416270001,1.4099587266023397,10.938678385336994,1.0249539871180113e-20,1.3949437032168357e-19,Upregulated
229572_at,5.740842702031915,6.82329846209,-1.0824557600580853,-10.911036973853198,1.0283667692553958e-20,1.3992343802471722e-19,Downregulated
238472_at,5.8015378243510645,7.052517281820001,-1.2509794574689366,-10.95477366676455,1.030381203954228e-20,1.4016207242256476e-19,Downregulated
209053_s_at,6.3257415790425515,5.130621495229999,1.1951200838125526,10.868124044931374,1.053903790411435e-20,1.4332558602040315e-19,Upregulated
219411_at,7.376693475021277,6.2450109627899995,1.1316825122312775,11.042289086252438,1.0981725251602646e-20,1.4915734201583333e-19,Upregulated
211573_x_at,4.994651262329787,6.5203015884,-1.5256503260702123,-10.675963658002141,1.1328785724128725e-20,1.5379355602170307e-19,Downregulated
214769_at,5.46765983587234,6.8721651257300005,-1.4045052898576609,-11.023863501691173,1.134011282542879e-20,1.5390848055223641e-19,Downregulated
235177_at,7.733912946000001,6.702525119130001,1.0313878268700005,10.771510267670834,1.1480581095355853e-20,1.5577561422674314e-19,Upregulated
230231_at,2.5801270530106377,4.04619823197,-1.4660711789593623,-10.68897420711678,1.148876523262575e-20,1.5581193828125757e-19,Downregulated
213802_at,5.4220384250531914,7.72669337672,-2.3046549516668087,-11.114940207169582,1.1611397688317706e-20,1.57391793362867e-19,Downregulated
1569095_at,2.9499200036170214,4.459632750070001,-1.5097127464529794,-10.764232229683627,1.1712474333987565e-20,1.587218807074465e-19,Downregulated
1553043_a_at,7.031443110138297,8.572772336379998,-1.541329226241701,-10.823663268855507,1.1984473648623901e-20,1.6228522146648667e-19,Downregulated
220116_at,4.2854533415,5.95638776607,-1.6709344245699995,-10.492484994516735,1.1994829877072729e-20,1.6238457582890354e-19,Downregulated
215029_at,6.498374151840428,4.659049099620001,1.8393250522204276,10.739793621710266,1.1999918434918118e-20,1.6241258503787263e-19,Upregulated
227283_at,4.445541348893617,5.81703175634,-1.371490407446383,-10.865156596089069,1.2124549039026452e-20,1.6397560840157826e-19,Downregulated
215011_at,4.188133567936171,2.7213135046299994,1.4668200633061712,11.805103267173857,1.2780914747743909e-20,1.7263542958868757e-19,Upregulated
207977_s_at,6.746585201255318,8.805165269269999,-2.058580068014681,-10.558040575942234,1.2822250715170679e-20,1.7315028294405477e-19,Downregulated
230087_at,2.7824093705851065,3.9074301921200005,-1.125020821534894,-10.614460926497262,1.3519582194800715e-20,1.8238380936281696e-19,Downregulated
232166_at,4.708683922404255,6.28465969107,-1.575975768665745,-10.515183205149047,1.3561537090255568e-20,1.8290392024485605e-19,Downregulated
227559_at,4.93145009443617,6.294417391,-1.3629672965638298,-10.970153428228528,1.3595962994366802e-20,1.833222525983988e-19,Downregulated
201466_s_at,10.470516312712766,11.7670767342,-1.296560421487234,-10.485023839598494,1.367500893175004e-20,1.8429567286472254e-19,Downregulated
215046_at,6.506864780648936,7.754755289039999,-1.2478905083910634,-11.118675380893631,1.3843749790310227e-20,1.8647631510684343e-19,Downregulated
205430_at,6.912808293691489,9.48846803448,-2.5756597407885113,-11.489231707658625,1.39624593847719e-20,1.8798118660058609e-19,Downregulated
209356_x_at,7.972353137021277,9.399029242959998,-1.4266761059387205,-11.295038200512186,1.4058991647300936e-20,1.8918612077601405e-19,Downregulated
230961_at,6.8578395146914914,4.956416432379999,1.9014230823114922,10.777169358204342,1.4055995647229977e-20,1.8918612077601405e-19,Upregulated
226040_at,7.844417016361703,8.86939959539,-1.024982579028297,-10.977594138569797,1.4089272344873656e-20,1.895461736721797e-19,Downregulated
238746_at,3.915882293500001,5.11509463871,-1.1992123452099985,-10.6401073615398,1.413764682414433e-20,1.9014940537219978e-19,Downregulated
1552398_a_at,4.751918123202129,6.843825302390001,-2.0919071791878716,-10.663583223333907,1.4197108479661748e-20,1.909014191717717e-19,Downregulated
239252_at,5.762035165542553,6.94169292955,-1.1796577640074473,-11.447883823879948,1.4470195401896577e-20,1.944762443494276e-19,Downregulated
1555225_at,5.633504217553192,4.00757795555,1.6259262620031913,11.249803691231895,1.4670097067550546e-20,1.9701519122978118e-19,Upregulated
204826_at,4.450196243936171,3.2754411400200003,1.1747551039161706,11.071774411342608,1.4879877820405165e-20,1.9968291128949906e-19,Upregulated
228427_at,4.697553295468086,3.2694508591500004,1.4281024363180852,11.336858794143396,1.5563244015625306e-20,2.0859323264999322e-19,Upregulated
200906_s_at,7.769226568574467,9.24347331866,-1.4742467500855323,-10.491966494577039,1.571619860590175e-20,2.1059079676557834e-19,Downregulated
218252_at,7.813175450648937,6.71229092662,1.1008845240289373,10.536023950862864,1.5842873890650057e-20,2.1223532131569213e-19,Upregulated
201428_at,9.447231030808512,8.39021190392,1.0570191268885125,10.90156597327709,1.60099635052916e-20,2.1436691488563952e-19,Upregulated
228376_at,8.595433879542552,10.03524511052,-1.4398112309774476,-11.0865018642879,1.6164472942089247e-20,2.1632802728619365e-19,Downregulated
207857_at,5.735690593468084,7.41396760056,-1.678277007091916,-10.858709557393242,1.6327066237987314e-20,2.1844964792944916e-19,Downregulated
232052_at,6.062287111148937,5.01204253699,1.0502445741589366,11.142366747564193,1.655522042962918e-20,2.2144717384432605e-19,Upregulated
229983_at,8.055229583234043,7.050592256270001,1.0046373269640423,10.642964244960686,1.668193616229899e-20,2.2303122506224547e-19,Upregulated
212793_at,6.263257906712766,8.15357063166,-1.8903127249472336,-11.350320813939906,1.706050543486808e-20,2.2786599089143643e-19,Downregulated
215779_s_at,4.923591708574468,2.8582832741999993,2.0653084343744683,11.761355060276953,1.7248348800385702e-20,2.301462884092149e-19,Upregulated
239123_at,4.116470165287234,5.197749505190001,-1.0812793399027667,-10.567059092904215,1.727819401982771e-20,2.3048733719009253e-19,Downregulated
37408_at,9.30605854955319,10.501171114860002,-1.195112565306811,-11.045210834049515,1.7667079449037317e-20,2.3549976090357404e-19,Downregulated
202768_at,7.3177778244042555,10.78529244213,-3.4675146177257448,-10.536139674701833,1.7707501336661825e-20,2.3586321616981e-19,Downregulated
227202_at,3.9576865876170206,5.694829790590001,-1.7371432029729803,-10.879203846500976,1.7738203679295264e-20,2.3621367246708964e-19,Downregulated
227724_at,5.49117068511702,4.3323753301000005,1.1587953550170198,10.632399224667555,1.7859140615000653e-20,2.3770644323643283e-19,Upregulated
201617_x_at,10.0005119441383,11.458677399889996,-1.458165455751697,-10.910594246998171,1.792631125056794e-20,2.385414589121839e-19,Downregulated
203192_at,6.544761868914892,4.8850276917599995,1.6597341771548928,11.558576112559834,1.8175436355267395e-20,2.417966905279278e-19,Upregulated
214833_at,4.613661176489361,2.7409512127599998,1.8727099637293616,11.751642963494339,1.820086098918447e-20,2.420750517221256e-19,Upregulated
214199_at,10.978297292808511,13.927011684900002,-2.9487143920914907,-11.813753439391991,1.8499475323409243e-20,2.4592505678321537e-19,Downregulated
242300_at,5.913492616659573,7.111604337149998,-1.1981117204904255,-11.041489120013145,1.8560496956317956e-20,2.4667528769273967e-19,Downregulated
230369_at,6.014389448489362,7.282433369470001,-1.2680439209806398,-10.99735161017977,1.868727370207327e-20,2.481762230468427e-19,Downregulated
1558922_at,6.302010979297871,4.158737064079999,2.143273915217872,11.002573507975832,1.905579878770037e-20,2.528207186964115e-19,Upregulated
228718_at,5.9637603790106395,7.009381343889999,-1.045620964879359,-10.573058585293618,1.9161062692448037e-20,2.5415460369322076e-19,Downregulated
228709_at,5.936221864425533,6.99579566026,-1.059573795834467,-11.009613100184847,1.9173110403126065e-20,2.542517051633478e-19,Downregulated
206632_s_at,7.962171588765957,5.887313712919999,2.074857875845958,10.813681166452124,1.9208386315205488e-20,2.5459395425077434e-19,Upregulated
201490_s_at,7.860978072712766,6.525096605380001,1.335881467332765,10.478026623725935,1.9624642623707084e-20,2.6004706286245607e-19,Upregulated
213033_s_at,5.356759997744681,6.858327693869999,-1.501567696125318,-10.545208563950569,1.9904807504489323e-20,2.634998711386815e-19,Downregulated
207233_s_at,7.440572534148938,8.504717647139998,-1.06414511299106,-11.45472740089403,2.0087540939211818e-20,2.6585346381802333e-19,Downregulated
242473_at,4.185388051670213,2.8524703922699994,1.3329176594002132,11.662690739616375,2.0142736699978148e-20,2.6651838527552884e-19,Upregulated
213393_at,4.826974407117023,3.6598781460600005,1.1670962610570221,11.175712707117524,2.0669664869210607e-20,2.7328874008243894e-19,Upregulated
214770_at,8.070413301734044,9.65695121729,-1.5865379155559562,-10.728176220144347,2.1390716316326608e-20,2.8254446654959306e-19,Downregulated
219027_s_at,6.5968821099893615,7.84761525086,-1.2507331408706381,-11.245277960882676,2.1906286294301603e-20,2.892834555917766e-19,Downregulated
205046_at,4.189684761500001,2.36035656529,1.8293281962100005,11.757831885871399,2.235009265826515e-20,2.9499928434784034e-19,Upregulated
223316_at,6.240890721106382,8.33602696371,-2.0951362426036173,-11.002353789323417,2.3005236451303902e-20,3.0349758346083683e-19,Downregulated
239791_at,2.9860533048085105,4.07562844213,-1.0895751373214897,-10.470918147559447,2.3405743425259875e-20,3.0855424408603617e-19,Downregulated
1560425_s_at,2.368935444170212,3.5281021970900004,-1.1591667529197882,-11.171379420912967,2.383694649265902e-20,3.140078383674156e-19,Downregulated
208103_s_at,8.504973059500001,6.997172462720001,1.5078005967800001,11.438264499406472,2.4364282507894634e-20,3.206403961266506e-19,Upregulated
204174_at,10.100909490670212,11.749976877509996,-1.6490673868397838,-10.691837023288988,2.5279033010052782e-20,3.3235347579533095e-19,Downregulated
1555355_a_at,5.915133485478725,7.51722115963,-1.6020876741512753,-10.615431288873907,2.560962343005604e-20,3.365353544610296e-19,Downregulated
214404_x_at,6.793627994297872,5.32847191139,1.465156082907872,11.72743327330313,2.5723697171461362e-20,3.3795182610264308e-19,Upregulated
205316_at,8.060514759170214,9.87627526664,-1.8157605074697862,-11.392044930913181,2.6506705394212762e-20,3.47898891247713e-19,Downregulated
244534_at,5.173719563223404,6.351437225530001,-1.1777176623065966,-10.827880233331197,2.6661180096773147e-20,3.498409935801514e-19,Downregulated
212741_at,10.048920606265957,11.77082516324,-1.7219045569740423,-11.32383672942079,2.676761398357161e-20,3.510703399435698e-19,Downregulated
220110_s_at,3.161442896031915,4.55560645558,-1.3941635595480855,-10.49815002250436,2.6959651585003695e-20,3.5341258107506913e-19,Downregulated
1554452_a_at,8.556692561914893,7.03708803746,1.519604524454893,10.775772116909115,2.763191107489614e-20,3.619605380112917e-19,Upregulated
211548_s_at,9.639609789914893,12.08581500645,-2.446205216535107,-11.024268658481189,2.851667348811349e-20,3.732776345173211e-19,Downregulated
213689_x_at,7.819043869670214,6.637079588919999,1.1819642807502149,10.489111419556957,2.85997154851068e-20,3.741825096283032e-19,Upregulated
210517_s_at,8.378805253542552,10.371588735479998,-1.9927834819374457,-11.21013874828853,2.8596883321556203e-20,3.741825096283032e-19,Downregulated
228304_at,6.151078878021277,7.563897384350001,-1.4128185063287235,-10.765313525335515,2.9138644211967197e-20,3.8114083598853784e-19,Downregulated
203083_at,10.31182336669149,7.96200224005,2.3498211266414897,10.592689866602948,2.9266475095899345e-20,3.827198223943696e-19,Upregulated
204964_s_at,5.189153779404256,6.93169031559,-1.7425365361857441,-10.625059682791504,2.963074514547897e-20,3.871069367002021e-19,Downregulated
205404_at,6.958769380021275,8.814297696530002,-1.8555283165087264,-10.951074176974686,2.962940445224223e-20,3.871069367002021e-19,Downregulated
1556183_at,5.402243890372341,3.2043037279999997,2.197940162372341,11.241846306224737,3.0004155971563056e-20,3.918901245960395e-19,Upregulated
219778_at,5.691813665202128,7.785803498969999,-2.0939898337678713,-10.953766864107983,3.002330268568023e-20,3.920450007895113e-19,Downregulated
211603_s_at,4.620186603117022,3.0047889280400004,1.6153976750770211,11.641681175477054,3.0207312945404753e-20,3.9425637808336325e-19,Upregulated
219177_at,7.051576417053191,6.030810049409999,1.0207663676431915,11.25184561581172,3.0353137209205785e-20,3.9606352206073317e-19,Upregulated
208523_x_at,4.840178919042554,3.7387040883400005,1.1014748307025535,11.363431301062233,3.0737093272963406e-20,4.0087907341891603e-19,Upregulated
204132_s_at,8.002511868510638,9.047194198669999,-1.044682330159361,-10.682244400464295,3.0872763819874845e-20,4.0245333853993905e-19,Downregulated
219892_at,6.533199348404256,7.965999791119999,-1.4328004427157426,-10.899058928600331,3.101907093364484e-20,4.042625997666638e-19,Downregulated
226338_at,7.016038458265957,8.243402320220001,-1.2273638619540446,-11.133397445155707,3.150850706790935e-20,4.1034299301563494e-19,Downregulated
206550_s_at,7.999637361808511,6.879580670419998,1.1200566913885126,10.864499305261875,3.158597447364401e-20,4.1125229315890025e-19,Upregulated
207293_s_at,3.278163944393617,5.892530909499999,-2.614366965106382,-10.433110809974615,3.1747799313393546e-20,4.1325922891340394e-19,Downregulated
244353_s_at,4.651959742957446,6.462033462740001,-1.8100737197825545,-10.809527276517647,3.214301993163605e-20,4.1830255747471e-19,Downregulated
222101_s_at,6.895757585989362,8.18746527312,-1.2917076871306392,-10.718863429000251,3.2573528196063316e-20,4.2370006954134497e-19,Downregulated
230464_at,3.3872768113510636,4.498391761540001,-1.111114950188937,-11.003802410482924,3.2881791779442876e-20,4.271932494321533e-19,Downregulated
210258_at,5.827743749776596,8.174152388380001,-2.346408638603405,-11.058062520511337,3.29572518964535e-20,4.2807021263043903e-19,Downregulated
1556069_s_at,3.1129933223191495,4.83514875377,-1.722155431450851,-10.34311462648935,3.379798419424227e-20,4.388842051838519e-19,Downregulated
228733_at,6.349600710765957,5.198750302379999,1.150850408385958,11.225738082460348,3.392671460230711e-20,4.404494983344654e-19,Upregulated
219676_at,6.856572802861705,5.8046500106,1.0519227922617054,11.086492524694359,3.399072893513596e-20,4.411740701026117e-19,Upregulated
221933_at,3.7660204436382974,5.589286269659998,-1.8232658260217005,-10.376303112207344,3.429507627960198e-20,4.449095448081699e-19,Downregulated
213110_s_at,6.012954156372341,8.13200658671,-2.1190524303376588,-11.440650404209286,3.614564151165501e-20,4.682882797193117e-19,Downregulated
241762_at,4.741055374340425,2.4476976537799993,2.2933577205604254,11.589258663612132,3.620619438415418e-20,4.687978746138942e-19,Upregulated
222906_at,8.089620068074469,6.956645113820001,1.1329749542544674,10.945035922021985,3.643895457987059e-20,4.716981013316293e-19,Upregulated
225102_at,9.1695052013617,10.288562224030002,-1.1190570226683025,-11.173531895444677,3.6560805487389227e-20,4.731615697653313e-19,Downregulated
219195_at,4.690380506585106,6.93344505574,-2.2430645491548944,-11.189781994323996,3.697998873029142e-20,4.784714154071335e-19,Downregulated
1557804_at,5.643008414510639,3.67740231844,1.9656060960706392,10.760014825106158,3.711705794052117e-20,4.801294079819316e-19,Upregulated
204940_at,7.063205917542551,9.39392113885,-2.3307152213074493,-10.745852619705506,3.721839537737645e-20,4.81208801386435e-19,Downregulated
209189_at,10.664478832819148,12.70000552551,-2.035526692690853,-10.37626220753421,3.72123477522745e-20,4.81208801386435e-19,Downregulated
227193_at,5.712700355457445,6.94727888216,-1.2345785267025553,-10.940452272780295,3.746356134662722e-20,4.842622231650305e-19,Downregulated
201663_s_at,8.069088238542554,6.974197993570001,1.0948902449725528,10.799958586773647,3.753812782507241e-20,4.851095010089728e-19,Upregulated
235511_at,4.507714825648936,3.09257723199,1.4151375936589359,11.181163771550832,3.757568078389717e-20,4.8547815677220595e-19,Upregulated
240861_at,4.789437361765957,2.76417609804,2.025261263725957,11.076159786042036,3.792169591703989e-20,4.898310126306214e-19,Upregulated
211813_x_at,11.999460127468083,13.798334635600003,-1.7988745081319202,-11.269321500114952,3.87408816948896e-20,5.001721226215391e-19,Downregulated
243052_at,4.59981780325532,5.630359814169999,-1.0305420109146795,-10.31796166757847,3.876894172378179e-20,5.004142787509785e-19,Downregulated
224185_at,3.9442647941595745,2.40778984005,1.5364749541095746,11.689489826105493,4.0960941288133796e-20,5.279475648510819e-19,Upregulated
225799_at,10.663697345255319,9.451791964129999,1.2119053811253195,10.459864373810637,4.114464821012353e-20,5.301883202275285e-19,Upregulated
228185_at,7.527441047117021,8.528094055119999,-1.0006530080029776,-11.039476288031222,4.1713543083215874e-20,5.372616447015921e-19,Downregulated
218886_at,8.746189498776596,7.7315449051,1.0146445936765964,10.844666538319906,4.1866007786239057e-20,5.390962640149997e-19,Upregulated
1556695_a_at,3.071956368223405,4.3480469062,-1.2760905379765948,-10.315644353171985,4.3351510032212254e-20,5.5755722587101105e-19,Downregulated
206254_at,4.90254859612766,2.4782205722600006,2.424328023867659,11.708919969302032,4.352279957858276e-20,5.595955697010363e-19,Upregulated
236704_at,6.410508153372343,7.43853951625,-1.0280313628776563,-10.341388259513355,4.353080473783393e-20,5.595955697010363e-19,Downregulated
1560297_at,6.099575319255319,4.326186670079999,1.7733886491753195,10.943146689199317,4.372933636880167e-20,5.620134016564794e-19,Upregulated
206686_at,5.811388294776597,4.07808429291,1.733304001866597,10.831364206275136,4.570866974895748e-20,5.868910267647235e-19,Upregulated
205982_x_at,10.885002568510638,15.6028135364,-4.717810967889362,-11.728882329594807,4.6518590160267875e-20,5.97147706529873e-19,Downregulated
239487_at,5.401396198223404,3.7504946589699997,1.6509015392534043,10.852408023274482,4.867167195506639e-20,6.240416085280575e-19,Upregulated
232535_at,7.09241864480851,5.1806124883799995,1.9118061564285105,10.526020804032346,4.887928883895081e-20,6.265542014994776e-19,Upregulated
227692_at,8.528450178957447,10.048088896069999,-1.5196387171125512,-11.184136956046848,4.967143243931483e-20,6.365565082632802e-19,Downregulated
206576_s_at,5.881081652053192,3.89149995442,1.989581697633192,10.997934986658478,4.982605997580359e-20,6.383860080654054e-19,Upregulated
226192_at,4.971940437680852,7.179039487280001,-2.207099049599149,-11.039412204901064,5.0440422152774217e-20,6.456422051187802e-19,Downregulated
1557828_a_at,6.717500603053192,5.04696044611,1.6705401569431917,11.175686229178094,5.12131122436633e-20,6.550650309483174e-19,Upregulated
242646_at,8.562973924861701,6.8120868222299995,1.7508871026317019,10.803905861938796,5.125078061860251e-20,6.553909858183915e-19,Upregulated
1555372_at,6.212487849723403,4.42880225306,1.7836855966634033,10.89859191612896,5.25402432766658e-20,6.714016452551073e-19,Upregulated
236122_at,4.580343860265956,3.2494029695299997,1.3309408907359566,11.1391185091261,5.2626123665870116e-20,6.723393556989288e-19,Upregulated
230000_at,8.259261286840424,5.9698690256499995,2.2893922611904243,10.761983367375375,5.294794246811788e-20,6.761296376045081e-19,Upregulated
208767_s_at,11.645151543170211,10.197050886480001,1.44810065669021,10.820024359166576,5.3437551641344473e-20,6.820579384388595e-19,Upregulated
203723_at,7.405375968595745,8.61135625008,-1.2059802814842548,-10.896346613503626,5.368530733219035e-20,6.850576370508162e-19,Downregulated
235425_at,7.422613483393618,6.04037230199,1.382241181403618,10.730110070383555,5.375643534218194e-20,6.856399410278866e-19,Upregulated
211003_x_at,6.116895362510638,7.8147215148899996,-1.6978261523793616,-10.43349110089671,5.3828052347032775e-20,6.863906172445483e-19,Downregulated
208763_s_at,10.985414908351064,12.3063761037,-1.3209611953489357,-10.642330812839202,5.43282021792498e-20,6.924399721358126e-19,Downregulated
1552502_s_at,4.421300110031916,2.62658825244,1.7947118575919156,11.652882399033317,5.48187558643572e-20,6.985267952902906e-19,Upregulated
1568865_at,4.285631091042553,2.34503268252,1.9405984085225527,11.637791597956062,5.613361491283512e-20,7.147733455733309e-19,Upregulated
218863_s_at,2.3016090656489365,3.3110085532099998,-1.0093994875610632,-11.22195251550565,5.628940963120342e-20,7.165874997453034e-19,Downregulated
236201_at,5.010055044329787,6.70822050823,-1.6981654639002128,-10.74204931993653,5.650694411003844e-20,7.191865820876781e-19,Downregulated
201473_at,9.493262706340424,10.840974220749999,-1.3477115144095748,-10.312485672744925,5.771971893069275e-20,7.341009227728163e-19,Downregulated
203270_at,5.428048375797872,4.23812227553,1.189926100267872,11.466391831801268,6.179876107333153e-20,7.835709955422464e-19,Upregulated
237086_at,5.262005671457447,2.8522999412,2.409705730257447,11.076323053656772,6.195215794577184e-20,7.8533084309952485e-19,Upregulated
212353_at,10.058561516659577,7.68539984782,2.3731616688395762,10.885135530053162,6.249908619596067e-20,7.92077250267658e-19,Upregulated
227478_at,7.455444244936169,8.82905442362,-1.3736101786838315,-10.73066123616666,6.256725080748689e-20,7.927543349661931e-19,Downregulated
1553844_a_at,2.2393536545106385,3.39294787476,-1.1535942202493614,-11.42726420144229,6.332338594798237e-20,8.021459341964625e-19,Downregulated
226129_at,8.900106898351064,7.703798513630001,1.1963083847210632,10.705060781052625,6.336481472688642e-20,8.024817341418209e-19,Upregulated
203432_at,8.76901825162766,7.67628528318,1.0927329684476597,11.07476438399952,6.363976439451224e-20,8.055844593370758e-19,Upregulated
211026_s_at,9.57651621330851,10.731293063530002,-1.1547768502214915,-11.043565910661568,6.886829117705662e-20,8.697229183491824e-19,Downregulated
223075_s_at,5.382817451191489,7.22215412995,-1.839336678758511,-10.550868559251581,7.125400015976055e-20,8.9879635379758e-19,Downregulated
227829_at,6.427972257957448,5.14447073883,1.283501519127448,11.441138883184987,7.29037459487886e-20,9.185291355356158e-19,Upregulated
232991_at,6.898381864765956,5.21526214797,1.6831197167959564,10.539828350969033,7.328915207777819e-20,9.231686964064118e-19,Upregulated
225303_at,5.321831821382979,6.75702680134,-1.4351949799570214,-10.765189355593728,7.358215857199965e-20,9.266424680294013e-19,Downregulated
205841_at,6.433171496404256,7.49843093365,-1.0652594372457438,-10.90308498216395,7.5541857520393e-20,9.50653801729494e-19,Downregulated
220637_at,2.9699377160851075,4.14285548784,-1.1729177717548929,-10.455485237102762,7.560907091177592e-20,9.512770732305918e-19,Downregulated
235344_at,5.407229207202127,6.453759238170001,-1.0465300309678742,-10.217892427872764,7.677201489952673e-20,9.656827861052256e-19,Downregulated
207030_s_at,9.306499782234045,10.54793740967,-1.241437627435955,-10.707568699807712,7.679951689319879e-20,9.658028561182114e-19,Downregulated
203081_at,7.126499254553193,8.197373474509998,-1.0708742199568055,-10.77978793966987,7.77298577240432e-20,9.772739896085525e-19,Downregulated
205549_at,7.013705114787235,3.4199915770600007,3.593713537727234,11.245293061048233,7.867984663292338e-20,9.885246977338045e-19,Upregulated
240027_at,2.398643916340425,3.4422096799500004,-1.0435657636095752,-11.138969874650723,7.883134427629256e-20,9.901967966475178e-19,Downregulated
204081_at,6.739249489042552,8.702516841619998,-1.9632673525774456,-10.748610959448524,7.903716671187237e-20,9.92550326585283e-19,Downregulated
205780_at,7.072500749031914,5.122824669210001,1.9496760798219128,10.72607102944034,7.922571303198332e-20,9.946858546074358e-19,Upregulated
202081_at,11.324985058617022,12.4143624105,-1.0893773518829786,-10.245661087750657,7.937291842887833e-20,9.958366668102752e-19,Downregulated
231848_x_at,8.635316189382978,7.021152322730001,1.6141638666529774,10.431209527106812,8.115367460153926e-20,1.0174665599343569e-18,Upregulated
1554670_at,5.45310848762766,3.87861300545,1.5744954821776602,10.718915905269755,8.204195297197754e-20,1.0283636640761557e-18,Upregulated
209946_at,6.2518870251063845,7.829241864740001,-1.5773548396336166,-10.740803705345419,8.255680107316009e-20,1.0345759791521408e-18,Downregulated
201621_at,9.059659877553193,10.7219467823,-1.6622869047468072,-10.937455249346465,8.297781873994943e-20,1.0396098203463591e-18,Downregulated
228143_at,8.418148777776596,5.747322762429999,2.670826015346597,10.392608280477337,8.536718385565026e-20,1.0687987315782134e-18,Upregulated
212077_at,12.180279925574467,13.220740546800002,-1.0404606212255345,-10.952378418368154,8.788373187136578e-20,1.0992824191705303e-18,Downregulated
205479_s_at,9.908628075904256,8.014879482480001,1.8937485934242542,10.700079129956414,8.858718616354608e-20,1.1075663400726382e-18,Upregulated
200965_s_at,9.802354375648937,11.084348471169996,-1.2819940955210587,-10.898340523624366,8.994777185894121e-20,1.1243157929828054e-18,Downregulated
207279_s_at,5.457024415223404,6.880737048579999,-1.4237126333565948,-10.211790876293351,9.062920650122317e-20,1.1325702836604993e-18,Downregulated
1557300_s_at,5.423235935946808,3.663677517020001,1.7595584189268072,11.028529166823658,9.072815277340354e-20,1.133543420457673e-18,Upregulated
224460_s_at,4.12280315043617,3.0181285782,1.1046745722361706,11.260056821003706,9.179470061606406e-20,1.1466023612019558e-18,Upregulated
228835_at,5.7518460588085105,6.958369576420003,-1.2065235176114921,-10.511036711633636,9.282327374927636e-20,1.1589119317266896e-18,Downregulated
227687_at,6.317955005819149,5.0966215427999995,1.2213334630191497,10.547957085679853,9.371183961346428e-20,1.1694972097564759e-18,Upregulated
215720_s_at,5.667861651170213,4.58508901357,1.082772637600213,10.68018746368813,9.371459067509037e-20,1.1694972097564759e-18,Upregulated
235783_at,4.784290738914893,3.4218483598499994,1.3624423790648938,10.532335791085373,9.472588102660397e-20,1.1815691644009558e-18,Upregulated
233248_at,6.30249882974468,4.6777953951699995,1.6247034345746805,11.212287948155534,9.56679905130952e-20,1.1930439456845206e-18,Upregulated
209909_s_at,4.96242926511702,7.21896151359,-2.25653224847298,-10.772862767758035,9.622116957176419e-20,1.1996643084346102e-18,Downregulated
207177_at,2.989093335670213,4.310315693560001,-1.3212223578897877,-10.298432576704425,9.873050557903472e-20,1.2303797435296482e-18,Downregulated
1557174_a_at,6.3819108448723405,7.522763116419998,-1.140852271547658,-10.572024646443658,9.985224008264412e-20,1.2437824421225328e-18,Downregulated
228335_at,6.077621314031915,8.27458854264,-2.1969672286080852,-11.056103756734583,1.0375653393767503e-19,1.2903234530339396e-18,Downregulated
212036_s_at,10.775006663723403,9.71007694153,1.064929722193403,10.862016478516283,1.0526461512591525e-19,1.3078684659649983e-18,Upregulated
204510_at,6.1649842623297895,4.902315391059999,1.2626688712697902,10.715325778414508,1.0556542230724522e-19,1.3113029570941088e-18,Upregulated
235635_at,6.664916484914893,7.7926107369199995,-1.1276942520051065,-10.309930575088687,1.0678556599224358e-19,1.3258468265140382e-18,Downregulated
206979_at,2.5958716526276597,4.85399280876,-2.2581211561323404,-10.676369484791348,1.073845808422524e-19,1.3323614913913235e-18,Downregulated
238741_at,5.035461595542553,2.25590912813,2.779552467412553,11.561875246282078,1.086087028992005e-19,1.3466177257114793e-18,Upregulated
242546_at,6.016599121170213,3.94914894349,2.0674501776802128,11.108389338128584,1.1000658738712394e-19,1.3636354711232653e-18,Upregulated
216983_s_at,5.499762857170213,3.73929395009,1.7604689070802126,10.644193141819907,1.122602940480793e-19,1.3896506733417703e-18,Upregulated
1563130_a_at,5.656852203819148,4.281183541299999,1.375668662519149,10.43484781588605,1.1255008698110592e-19,1.3929173903280632e-18,Upregulated
1556696_s_at,3.920515668159575,5.219024703310001,-1.2985090351504254,-10.415664769240859,1.1424915291888946e-19,1.4129696341447203e-18,Downregulated
1557505_a_at,5.813364936734042,4.0267979918100005,1.7865669449240418,10.698338835491944,1.1507123322909756e-19,1.422809505852929e-18,Upregulated
213046_at,5.364735121404255,4.1820083733199995,1.1827267480842556,10.569366103731996,1.1571686038369018e-19,1.4301348926004505e-18,Upregulated
238867_at,6.501792404957445,5.27905130106,1.2227411038974454,10.981960223207361,1.1624533246356256e-19,1.4363361938628937e-18,Upregulated
210829_s_at,6.956889282446809,8.216340582410002,-1.2594512999631924,-10.73552136022404,1.226622426492877e-19,1.5128437017047896e-18,Downregulated
205082_s_at,3.9895074838617024,5.924658959710001,-1.9351514758482988,-10.217365834785726,1.229573257447597e-19,1.5161354246922617e-18,Downregulated
1553194_at,2.4748687236063827,3.90046858353,-1.4255998599236173,-10.806765018729157,1.2306189917609071e-19,1.5170770820731641e-18,Downregulated
214881_s_at,6.193566054468086,7.224169012459999,-1.0306029579919134,-10.346364492223127,1.2488332686615644e-19,1.538825800417661e-18,Downregulated
225803_at,7.971095054914892,6.352143176439999,1.6189518784748929,11.087349679582191,1.305229393279979e-19,1.6075811345765272e-18,Upregulated
204679_at,10.522679366606383,8.97465048706,1.5480288795463828,10.781704591600295,1.3160112894530935e-19,1.6204895424570531e-18,Upregulated
238632_at,6.041922101287232,3.4789842641699993,2.562937837117233,10.618549167667966,1.3472559031882808e-19,1.6582037988303173e-18,Upregulated
226228_at,10.997214213574468,14.2261207511,-3.228906537525532,-11.45058456153989,1.354115085591857e-19,1.66626479052033e-18,Downregulated
218610_s_at,6.135425279159573,7.216189901930001,-1.0807646227704275,-10.676641371509465,1.3572827085261214e-19,1.6697805983711338e-18,Downregulated
227405_s_at,6.833690001989362,7.98234611574,-1.1486561137506381,-10.179302594146884,1.362121325197558e-19,1.6753500479550847e-18,Downregulated
219118_at,10.083383082191489,8.53204973292,1.5513333492714896,10.35323548770611,1.378368394827375e-19,1.6945582282099473e-18,Upregulated
230640_at,4.668022371765958,5.67768311543,-1.0096607436640417,-10.325593658336377,1.3827855137551535e-19,1.6992118264298537e-18,Downregulated
235168_at,6.6084788439361715,5.566518039600001,1.0419608043361706,10.494864126631013,1.4086096220824857e-19,1.7305499573624615e-18,Upregulated
226848_at,8.588924898659576,6.729737782679999,1.8591871159795765,10.265723769192476,1.4100731492952187e-19,1.73195237287035e-18,Upregulated
225380_at,6.440432276351063,8.028982093289999,-1.5885498169389356,-10.378118123180887,1.4252848681784446e-19,1.7502368018229637e-18,Downregulated
208206_s_at,4.886502211680851,6.03362164652,-1.1471194348391496,-10.435044449888192,1.4396705845575198e-19,1.767095437266334e-18,Downregulated
244165_at,5.248777105234042,3.2179764114699996,2.030800693764043,10.726628486308059,1.4594121118457052e-19,1.7909180891565845e-18,Upregulated
1557169_x_at,4.42581836480851,5.8861857318099995,-1.4603673670014894,-10.118283137973071,1.5250959011624727e-19,1.8698155491206922e-18,Downregulated
213790_at,5.021898662968085,2.76478179686,2.257116866108085,10.805061785252446,1.5353665432668016e-19,1.8806928921919424e-18,Upregulated
214433_s_at,10.066001998117022,11.796188479249999,-1.7301864811329768,-11.05784490316923,1.5377335269430412e-19,1.8831081279808092e-18,Downregulated
203914_x_at,9.57990694356383,11.955061630579998,-2.375154687016167,-10.786858873014602,1.5380385241921124e-19,1.8831081279808092e-18,Downregulated
219568_x_at,2.3391713960000002,4.02571423081,-1.68654283481,-11.2275198863295,1.540153434555424e-19,1.8852683803140202e-18,Downregulated
204680_s_at,5.884617818223405,6.93855611038,-1.0539382921565954,-10.138742150776494,1.5461697997643446e-19,1.8917718118772758e-18,Downregulated
204736_s_at,3.5368300234468086,4.537274804439999,-1.0004447809931905,-10.19409948879985,1.565471086999715e-19,1.914951737215526e-18,Downregulated
227103_s_at,3.965798620446808,2.42817240956,1.537626210886808,11.431024170634258,1.573286511722235e-19,1.924074313767443e-18,Upregulated
232378_at,2.9565879040851057,4.64106208837,-1.6844741842848943,-10.625787353661732,1.616099247119026e-19,1.9759834986484183e-18,Downregulated
223704_s_at,2.3988144127446804,3.7261582477900004,-1.32734383504532,-10.865394838136124,1.6166573269330289e-19,1.9762166133277245e-18,Downregulated
236996_at,2.363169075946809,3.77780077684,-1.414631700893191,-11.254250031420591,1.6277787717643103e-19,1.9893594414477435e-18,Downregulated
216641_s_at,7.242254088893616,5.7761317939,1.4661222949936157,10.291728999684539,1.6565369678667638e-19,2.0240458281163504e-18,Upregulated
211735_x_at,10.775609858031917,15.518324298800001,-4.742714440768085,-11.462485567009882,1.6585362031451973e-19,2.0260283493610627e-18,Downregulated
224279_s_at,5.023735966244681,2.70868229828,2.315053667964681,11.357123385737125,1.6913599889063027e-19,2.065187023003732e-18,Upregulated
211966_at,7.511653211319148,9.22564194157,-1.7139887302508523,-10.280680215846383,1.7554597288132455e-19,2.1419953941458537e-18,Downregulated
236090_at,5.593620887202127,6.607315802,-1.0136949147978722,-10.333844994761918,1.7578669331236284e-19,2.1444461525286344e-18,Downregulated
202310_s_at,12.16039257926596,9.90694364269,2.2534489365759587,10.117289990733305,1.8251996655919784e-19,2.2225535253232998e-18,Upregulated
227721_at,4.341699939585106,6.010329895679999,-1.6686299560948932,-10.541107381204807,1.856186946084043e-19,2.2592638850888516e-18,Downregulated
222696_at,6.843602325148936,8.14601983531,-1.3024175101610638,-10.26495116119862,1.8578533359990049e-19,2.260780532353902e-18,Downregulated
242108_at,6.219119467691488,4.6601342277799995,1.5589852399114887,10.901338902694208,1.8980938433910835e-19,2.3081816744434277e-18,Upregulated
230625_s_at,4.755053081180852,6.452650986059999,-1.6975979048791476,-10.296321691742733,1.9180364108609018e-19,2.331378675583378e-18,Downregulated
219368_at,4.893220314968086,6.585536730589999,-1.6923164156219137,-10.961665938989238,1.928292127721448e-19,2.3433149656942115e-18,Downregulated
220013_at,6.306444516957447,4.630838043670002,1.675606473287445,11.36998314960349,1.932807291536393e-19,2.3482713571849207e-18,Upregulated
241299_at,3.158476524553191,4.33449284626,-1.176016321706809,-10.277797100058484,1.9455460840541498e-19,2.3632145816832997e-18,Downregulated
204501_at,4.221845666989361,5.875888827260001,-1.65404316027064,-10.086489044604244,1.9482641914057985e-19,2.3659818875356128e-18,Downregulated
221781_s_at,8.801251921127658,7.677892089439999,1.123359831687659,10.639881492800642,1.956950320955701e-19,2.375457683658843e-18,Upregulated
226857_at,5.707134455734044,4.53512074364,1.172013712094044,10.843781941287425,1.9672928664132145e-19,2.3869346743266672e-18,Upregulated
222935_x_at,3.4984858959680856,4.65762031619,-1.1591344202219145,-11.100975284804845,1.9840590863916082e-19,2.406734371237236e-18,Downregulated
232458_at,6.55868383855319,4.106440715249999,2.452243123303191,10.359940914407598,1.9968583574699556e-19,2.4211682510117006e-18,Upregulated
221436_s_at,5.002983373585106,3.3337099507400008,1.6692734228451056,11.137828686046085,2.0418421874743017e-19,2.474037483565956e-18,Upregulated
237064_x_at,5.666728711425533,3.8772092835800005,1.7895194278455322,11.2587156424995,2.0595862461495778e-19,2.49497535665318e-18,Upregulated
238488_at,5.004911734010639,6.619425371730001,-1.6145136377193623,-10.071142104584252,2.0736358574679408e-19,2.5102988572984617e-18,Downregulated
231146_at,5.24710560430851,4.08173716213,1.1653684421785107,10.765029687624985,2.1269030163192127e-19,2.5730455608579663e-18,Upregulated
227129_x_at,8.503915511223402,7.45927744206,1.044638069163402,10.102873815349398,2.1321529505547075e-19,2.578816698865201e-18,Upregulated
204348_s_at,5.7994880763829775,3.659350903609999,2.1401371727729783,11.050069804819762,2.1420305291297253e-19,2.5901810710380265e-18,Upregulated
204682_at,9.58280719381915,11.08790698218,-1.50509978836085,-10.632653867494554,2.159976192960411e-19,2.610707404821768e-18,Downregulated
214792_x_at,5.664723720648936,7.0726980364699985,-1.407974315821063,-10.280451344646613,2.179998802063007e-19,2.6343162338297216e-18,Downregulated
1558019_at,3.078729651010638,4.895832338660001,-1.817102687649363,-10.261485861119816,2.263338348924421e-19,2.7331817789683185e-18,Downregulated
230650_at,4.73577695480851,2.49906110039,2.23671585441851,11.351337559906415,2.265517307004846e-19,2.7351989646366475e-18,Upregulated
227556_at,12.607630373414896,11.283669060599998,1.3239613128148982,10.594652800134805,2.301384560168966e-19,2.777878589615081e-18,Upregulated
223722_at,4.992395029670214,2.44463210574,2.547762923930214,11.321283494681603,2.3543479853135743e-19,2.8373506775280283e-18,Upregulated
229963_at,6.624568642936169,8.92123187222,-2.2966632292838307,-10.650444870211553,2.35914913913209e-19,2.8424999013745205e-18,Downregulated
228486_at,6.951416257031914,8.297228347739999,-1.345812090708085,-10.90198807748434,2.3797777089950943e-19,2.8667127403361734e-18,Downregulated
219090_at,5.6487071505744675,7.7082356222,-2.0595284716255327,-11.012664352822648,2.4308733780934684e-19,2.9269522165689566e-18,Downregulated
244547_at,4.823370240478724,3.13453461915,1.6888356213287237,10.859139801196637,2.435684354881063e-19,2.932088601424191e-18,Upregulated
207363_at,2.418698972914894,3.5959519055199998,-1.1772529326051058,-10.063835587175385,2.4516312992933025e-19,2.950625219596992e-18,Downregulated
222245_s_at,3.7215677004680856,2.57276342059,1.1488042798780858,11.232128389699362,2.464673028549948e-19,2.96366875729013e-18,Upregulated
222908_at,3.780702682925531,5.170887028779999,-1.3901843458544683,-10.09609172252154,2.480753211978304e-19,2.9823377796035993e-18,Downregulated
230028_at,4.325616184638297,2.42428666851,1.9013295161282966,11.275065391278984,2.507587596047497e-19,3.012577762810156e-18,Upregulated
202949_s_at,10.042800947351065,8.18371271169,1.8590882356610656,10.233507314451913,2.546512482976961e-19,3.0586583387538816e-18,Upregulated
229479_at,5.221002035425532,2.42227473692,2.7987272985055323,10.85442814549416,2.5562179732066523e-19,3.0682602076967864e-18,Upregulated
212454_x_at,11.153565727595746,10.00508140625,1.1484843213457463,10.063755236378297,2.5714479516250626e-19,3.0850649560140153e-18,Upregulated
244461_at,3.6493055668404257,4.695056502590001,-1.0457509357495751,-10.220733818010423,2.570949115562288e-19,3.0850649560140153e-18,Downregulated
204122_at,10.478733065212765,11.766371768190002,-1.2876387029772367,-10.438642753577875,2.61174408912e-19,3.13071690611563e-18,Downregulated
214321_at,4.966049185212765,7.03301765957,-2.0669684743572345,-10.461005470200584,2.611452824732005e-19,3.13071690611563e-18,Downregulated
204351_at,11.086932804670214,7.349612419740001,3.7373203849302135,10.62321877716076,2.6344238150350676e-19,3.1564963090994907e-18,Upregulated
218792_s_at,7.44982289168085,6.35641314999,1.0934097416908504,10.526650291367309,2.68077840774354e-19,3.2106067120662223e-18,Upregulated
200606_at,11.095089039904257,8.856763925780001,2.2383251141242564,10.337684984202259,2.68262881542945e-19,3.2121076016626983e-18,Upregulated
203348_s_at,7.6235726962234045,8.98134567152,-1.3577729752965952,-10.362612274396795,2.700356656089912e-19,3.232614803126019e-18,Downregulated
232267_at,6.756714279478722,8.84427500396,-2.0875607244812784,-11.015282138778849,2.747134417341322e-19,3.28788099179173e-18,Downregulated
210155_at,2.62741883443617,3.9665546525999997,-1.3391358181638298,-11.102450083873132,2.7579247216309234e-19,3.300060936098795e-18,Downregulated
201389_at,8.243466609117021,9.37850536804,-1.1350387589229793,-10.63134954953675,2.804009134619485e-19,3.353712148424363e-18,Downregulated
241755_at,5.32946991362766,3.4234108446300002,1.90605906899766,10.430812943238386,2.8449599709194746e-19,3.4011784173344046e-18,Upregulated
214581_x_at,9.27633056087234,7.773334634900001,1.502995925972339,10.423717259225937,2.9073308373961674e-19,3.4734272860992955e-18,Upregulated
1553423_a_at,5.084175128925532,3.70989696557,1.3742781633555317,10.189901362895304,2.930364198670185e-19,3.4993909589181746e-18,Upregulated
218741_at,4.194561563840425,2.95348246715,1.241079096690425,10.245193342398592,2.9324703444605456e-19,3.501128744664926e-18,Upregulated
209891_at,4.421410679287233,2.3852271706200003,2.036183508667233,11.060905809554368,2.9442690775822213e-19,3.5136555714851864e-18,Upregulated
37966_at,4.2702397015319145,5.2873987920499985,-1.017159090518084,-10.136868722393405,2.953015796723295e-19,3.523312059506635e-18,Downregulated
221427_s_at,8.426161472425532,7.0433641555,1.382797316925532,10.150780147155254,2.993102615056892e-19,3.568317592100483e-18,Upregulated
213094_at,7.714279085819149,9.439044715289999,-1.7247656294708502,-10.672370935192289,2.9933902828909714e-19,3.568317592100483e-18,Downregulated
222664_at,4.544378696042553,5.9461761198900005,-1.401797423847447,-10.224461313061946,3.015690555066634e-19,3.592512340970409e-18,Downregulated
202273_at,7.343936873095745,8.748971313279998,-1.4050344401842532,-10.592492847769156,3.0200272012606157e-19,3.596881821235684e-18,Downregulated
201893_x_at,12.68603752019149,14.286796277200004,-1.6007587570085136,-11.063415822307137,3.040993723445001e-19,3.621051326305353e-18,Downregulated
227388_at,7.9988534377234055,9.00779216604,-1.0089387283165943,-10.882389979058791,3.0490789304098853e-19,3.62987515163847e-18,Downregulated
202616_s_at,5.937529147297874,7.17594695794,-1.238417810642126,-10.561107982711956,3.0511988743033415e-19,3.631595101865004e-18,Downregulated
231121_at,5.407981039712767,4.0455335325299995,1.3624475071827673,10.64423268664676,3.060273611980131e-19,3.641590187919543e-18,Upregulated
232852_at,4.656385934478723,6.2314006395999995,-1.5750147051212764,-10.010333518625982,3.0609892145152347e-19,3.6416360515796596e-18,Downregulated
219983_at,5.063041979595744,2.3385838340199996,2.7244581455757446,11.318896710884303,3.088636308052336e-19,3.6729027739310845e-18,Upregulated
203798_s_at,3.660014218840425,5.063067962809999,-1.4030537439695738,-10.058703321700415,3.1077715551443607e-19,3.693208149911502e-18,Downregulated
235195_at,5.538706626414894,6.553446050270002,-1.014739423855108,-10.526566112870654,3.1088565281817863e-19,3.693681405451415e-18,Downregulated
1558028_x_at,8.518914661138297,9.73475183995,-1.2158371788117037,-10.041854421872824,3.136650523820999e-19,3.7242358736034495e-18,Downregulated
235821_at,5.815521877882979,3.98097913312,1.8345427447629792,10.143641579800297,3.2366139620299536e-19,3.8403820551895674e-18,Upregulated
206012_at,4.276111383606383,5.4835111315099985,-1.2073997479036152,-10.341682813983908,3.3012311283427124e-19,3.9144624662487026e-18,Downregulated
235555_at,3.8487044996702124,2.39574367766,1.4529608220102124,11.219782586795434,3.308770516443629e-19,3.922537601883118e-18,Upregulated
224825_at,9.215160671670214,8.06400976228,1.1511509093902141,11.006878618444873,3.3098696033733994e-19,3.9228108604835245e-18,Upregulated
241075_at,3.2785939049680843,4.32907180236,-1.0504778973919153,-10.099735524002922,3.310817573362142e-19,3.9228108604835245e-18,Downregulated
204649_at,4.3404773950319155,2.6315337308399993,1.7089436641919162,11.292814712951825,3.312151951537312e-19,3.923087532820653e-18,Upregulated
203817_at,8.418465573489362,9.75316382532,-1.3346982518306376,-10.928313155120382,3.372015936349756e-19,3.9922352884109174e-18,Downregulated
208703_s_at,11.035412269712765,12.097184185499996,-1.0617719157872312,-10.279623235490027,3.4357290681064763e-19,4.0658773081886676e-18,Downregulated
219494_at,5.15093307356383,3.753149938899999,1.3977831346638308,10.773591189310144,3.443806089257402e-19,4.074539250259538e-18,Upregulated
205248_at,5.9740608828085096,4.9135183082000005,1.060542574608509,10.687658907828292,3.4659866147089586e-19,4.099880273999034e-18,Upregulated
244289_at,3.886972011521277,5.1916669440100005,-1.3046949324887236,-10.039406873120946,3.4987545297612844e-19,4.136821524241381e-18,Downregulated
235965_at,6.333469030840427,4.638196408340001,1.6952726225004264,10.14431572607306,3.561313698903552e-19,4.208014468568243e-18,Upregulated
223057_s_at,6.656012246968083,5.637069947419998,1.018942299548085,10.310983155810048,3.574345309169651e-19,4.221557681137436e-18,Upregulated
226622_at,8.982527702106383,6.777687792289997,2.2048399098163856,10.392820857026964,3.595863287711096e-19,4.24603957832775e-18,Upregulated
236208_at,5.950161629042552,7.047283866869999,-1.0971222378274472,-10.174534855928295,3.613251227565235e-19,4.2656349983718994e-18,Downregulated
241838_at,4.6852259347765965,2.9217056455600003,1.7635202892165962,10.71400971607275,3.619179304350221e-19,4.271695810045666e-18,Upregulated
220454_s_at,2.330319719585106,3.47152034238,-1.1412006227948939,-11.06352786030003,3.704380760577598e-19,4.37014271834381e-18,Downregulated
203968_s_at,4.668357948744681,2.91106914728,1.7572888014646812,11.153576955749203,3.807313511046049e-19,4.486857241567108e-18,Upregulated
230778_at,5.65919856561702,7.332321591569999,-1.6731230259529788,-10.549292911769562,4.046715522935567e-19,4.7606439439329045e-18,Downregulated
222663_at,6.290043317787237,7.339492630090001,-1.0494493123027642,-10.499736115552198,4.193454587336911e-19,4.928958663341414e-18,Downregulated
213068_at,7.306068501361701,9.63091767935,-2.324849177988299,-10.31310666289497,4.22195602385158e-19,4.961374845944529e-18,Downregulated
211538_s_at,7.01124618012766,8.88790165715,-1.8766554770223394,-10.762300249494794,4.245770588520445e-19,4.988270355486253e-18,Downregulated
40850_at,5.655073101776596,6.7942075415200005,-1.1391344397434047,-9.96713619711474,4.2900636141318666e-19,5.0392085946647e-18,Downregulated
235014_at,5.926464474776597,7.092074299119999,-1.1656098243434023,-10.31110659294628,4.348535982344177e-19,5.105661566172536e-18,Downregulated
216870_x_at,4.9739682943297865,3.86213479215,1.1118335021797865,10.88744742603962,4.43951239392349e-19,5.206794889218684e-18,Upregulated
206513_at,7.676216528446807,5.211834903529999,2.4643816249168085,10.327714072137056,4.452545885733183e-19,5.2209425116643775e-18,Upregulated
219359_at,8.48513077161702,6.37698301731,2.108147754307021,10.240921159295036,4.46742223404506e-19,5.2372443827451526e-18,Upregulated
235146_at,7.28746940655319,8.5629426299,-1.2754732233468102,-10.263544677465124,4.526197809247894e-19,5.304991836308722e-18,Downregulated
215512_at,4.683860102595745,3.1892589058399996,1.4946011967557458,10.969005139587033,4.564161233519595e-19,5.348321919522548e-18,Upregulated
236940_at,2.4250839017872345,3.4621760681500002,-1.0370921663627657,-10.360344160071648,4.798535510836063e-19,5.611959795299598e-18,Downregulated
230959_at,4.120306924478723,5.59430982276,-1.4740028982812765,-9.94059789085892,4.808803301370686e-19,5.6227455297287766e-18,Downregulated
213653_at,7.148219364521277,5.841668483139999,1.3065508813812778,9.988337253410876,4.974962591269162e-19,5.811975194048721e-18,Upregulated
223678_s_at,11.565628861340427,15.196169306699998,-3.6305404453595713,-11.139677795860454,5.008851435419589e-19,5.849024822090274e-18,Downregulated
228027_at,7.702913227106382,8.776997233639998,-1.0740840065336155,-10.568134610026036,5.017586585211613e-19,5.857953376865461e-18,Downregulated
231953_at,3.36119815125532,2.336206496640001,1.0249916546153193,11.18621014406279,5.052224561129369e-19,5.897112635523096e-18,Upregulated
215440_s_at,8.74656789880851,10.181622495340001,-1.4350545965314918,-10.88170557750102,5.086084569696481e-19,5.93405953721681e-18,Downregulated
1558643_s_at,2.659953272851064,4.309515015290001,-1.6495617424389364,-10.161470170281468,5.102297051970319e-19,5.950393522057147e-18,Downregulated
220298_s_at,4.6462963113829785,5.7149628746199985,-1.06866656323702,-10.019699873760446,5.319431617049774e-19,6.19824412813343e-18,Downregulated
242363_at,7.00843326918085,8.329199591539998,-1.3207663223591481,-10.020752843372476,5.404203026116485e-19,6.294293286329607e-18,Downregulated
1566191_at,4.983900130904255,2.8083163193100003,2.1755838115942545,10.776232630086986,5.4120928918195885e-19,6.302117953656817e-18,Upregulated
207111_at,3.954504722659575,5.10193625215,-1.147431529490425,-10.241351482146564,5.570726629013654e-19,6.4854351183577574e-18,Downregulated
228705_at,6.732200999319148,5.2759142852,1.4562867141191482,10.235391531030933,5.66524334489852e-19,6.592617450210122e-18,Upregulated
226930_at,6.4261305955744685,3.90199988374,2.5241307118344687,10.187743743010383,5.71893478916864e-19,6.652219432747068e-18,Upregulated
229633_at,4.199648607829787,3.1036800194199996,1.0959685884097876,10.41567176477738,5.72920743059772e-19,6.662727586208194e-18,Upregulated
203657_s_at,7.162720416361704,8.268485120580001,-1.1057647042182968,-10.53794720990326,5.826579064081841e-19,6.770109776208812e-18,Downregulated
223407_at,5.892029029468085,6.9846305420400014,-1.0926015125719166,-10.359524795278963,5.853308543589015e-19,6.7996987759282675e-18,Downregulated
207178_s_at,4.456289838808511,3.10462663245,1.3516632063585106,10.764954858055054,5.892019524323339e-19,6.84319071766908e-18,Upregulated
242047_at,2.217517954744681,3.2449792336299996,-1.0274612788853186,-11.042376458616857,5.907478748867306e-19,6.859664334770659e-18,Downregulated
213652_at,6.865005579989362,8.240374534659999,-1.3753689546706367,-10.450441254258303,5.924223805224583e-19,6.877623604312744e-18,Downregulated
236462_at,4.901002366648935,3.0233221594599997,1.8776802071889356,10.722098858386993,5.951661644821538e-19,6.907986042908312e-18,Upregulated
229580_at,3.166330851297872,4.82158893871,-1.6552580874121277,-10.059051966774103,5.95352252392895e-19,6.90865506951548e-18,Downregulated
242029_at,5.115676729840426,2.7124041303499995,2.4032725994904265,10.862421895917139,6.052152618618602e-19,7.017052829166203e-18,Upregulated
206941_x_at,4.154446705968085,6.196587248779999,-2.0421405428119144,-10.085165774060775,6.051066176936605e-19,7.017052829166203e-18,Downregulated
225299_at,6.995659040446809,8.1891520396,-1.1934929991531904,-10.22677901737642,6.260707984729669e-19,7.254167162142825e-18,Downregulated
225275_at,10.544283850276596,12.249836070199999,-1.705552219923403,-10.680623858912314,6.281086970689397e-19,7.274645646113264e-18,Downregulated
225237_s_at,5.8894866069574485,4.5116365129,1.3778500940574485,10.149170053213998,6.421785096974855e-19,7.428002865072894e-18,Upregulated
207536_s_at,5.414083720946809,3.88751024466,1.5265734762868086,10.214143934491135,6.432576380330977e-19,7.438885254622273e-18,Upregulated
227751_at,4.606298926968085,3.1191289362599997,1.4871699907080855,10.410872162414488,6.510785966975152e-19,7.526093574462186e-18,Upregulated
213183_s_at,6.008803109351064,7.22241455913,-1.213611449778936,-10.390387628862701,6.735911639653162e-19,7.777967871412301e-18,Downregulated
232319_at,5.2138854212978725,3.72949974758,1.4843856737178727,10.637636538826806,6.772780289808411e-19,7.818861572604318e-18,Upregulated
232035_at,5.768013407223406,3.845239244389999,1.9227741628334067,10.846553826419404,6.78831080494356e-19,7.835109119199449e-18,Upregulated
1557409_at,5.551547671234042,4.34159086109,1.2099568101440417,10.221410777239958,6.806225095101017e-19,7.85410047125302e-18,Upregulated
242553_at,4.20598475362766,2.8313815334599997,1.3746032201676601,10.790675296755097,6.881227254996793e-19,7.938946570940745e-18,Upregulated
1556088_at,4.487086969861703,2.9807145806200004,1.5063723892417022,10.551134633752179,6.971216339148134e-19,8.039319082706294e-18,Upregulated
216268_s_at,9.599118205861702,10.735527298230002,-1.1364090923683001,-10.647517679757405,7.003009460819148e-19,8.0742522370765e-18,Downregulated
214387_x_at,10.886209159425533,15.4262917793,-4.540082619874466,-11.160578347201508,7.097831887991584e-19,8.181825673542977e-18,Downregulated
235089_at,5.852685574000003,4.767924728020001,1.0847608459800027,10.344919437421765,7.113197140167456e-19,8.197780616692666e-18,Upregulated
215012_at,7.056921874670212,5.270499674309999,1.7864222003602128,10.059737946845388,7.175242731456344e-19,8.267515114698177e-18,Upregulated
203186_s_at,12.437864579702127,13.8384429759,-1.4005783961978722,-10.756712370859306,7.213227152382041e-19,8.307722390107503e-18,Downregulated
212471_at,4.297000074595744,3.27466231398,1.0223377606157444,10.970778292491552,7.337503817205595e-19,8.443623883445018e-18,Upregulated
203953_s_at,8.944808080425531,6.976596870659998,1.968211209765533,10.288909220000809,7.354704188302777e-19,8.461606833626806e-18,Upregulated
214450_at,4.4327088898617015,6.348949704910001,-1.9162408150482992,-10.025578465860578,7.5345339595511e-19,8.657390377022334e-18,Downregulated
222218_s_at,7.5206722225425535,8.792648591799999,-1.2719763692574455,-10.110927090031666,7.657005192731645e-19,8.796234115682706e-18,Downregulated
219232_s_at,5.51241179418085,3.41536686275,2.09704493143085,10.521683314906143,8.244904198640251e-19,9.459479889677143e-18,Upregulated
57588_at,5.730317310510639,7.50957915623,-1.7792618457193612,-10.713941922427429,8.266838634809856e-19,9.48262279402608e-18,Downregulated
1553145_at,5.662365771797871,4.09245561403,1.569910157767871,10.745401625899248,8.271717021119192e-19,9.486195558590978e-18,Upregulated
228488_at,6.358959724287234,5.24512247906,1.1138372452272343,10.309174127922393,8.321466080441095e-19,9.541214551323913e-18,Upregulated
237465_at,6.822123919999998,7.87227076488,-1.0501468448800013,-10.001335745072568,8.3535060594229865e-19,9.573869101046767e-18,Downregulated
1569040_s_at,7.020220710500001,4.219771707900001,2.8004490026000006,10.164158887619022,8.35262196655431e-19,9.573869101046767e-18,Upregulated
201236_s_at,9.228889842404255,10.566640470580001,-1.3377506281757459,-9.88646243047902,8.616764764475579e-19,9.860878928129437e-18,Downregulated
228943_at,5.109303048776596,6.416090660319998,-1.3067876115434025,-9.868721248931791,8.81904628365377e-19,1.0088073658285872e-17,Downregulated
1553177_at,2.5201815286489366,3.8411400936300004,-1.3209585649810638,-10.524870876403126,8.92688831221288e-19,1.0207092150524703e-17,Downregulated
204347_at,4.889367888446809,3.2783120167599997,1.6110558716868089,10.754479791437756,8.970810957698947e-19,1.0252954487267225e-17,Upregulated
209882_at,8.918391395574469,7.81809686276,1.1002945328144689,10.401435859183108,9.049261349827787e-19,1.0338223682282016e-17,Upregulated
221989_at,9.14902267780851,7.824266733440002,1.3247559443685084,9.998033034855055,9.086772815915115e-19,1.0378873703053946e-17,Upregulated
235705_at,6.470251343872342,4.577840520810001,1.8924108230623418,10.501120081583846,9.119720118407102e-19,1.0412083767536497e-17,Upregulated
240594_at,6.099599625755321,4.00224637464,2.0973532511153206,10.539024897954018,9.189206851123827e-19,1.0489190995215325e-17,Upregulated
230061_at,6.353452904574469,8.2529529526,-1.89950004802553,-10.069593993844265,9.386849743583922e-19,1.0703436512792131e-17,Downregulated
219685_at,3.215510395606384,4.85977629131,-1.644265895703616,-9.968664394665497,9.385359754460512e-19,1.0703436512792131e-17,Downregulated
219306_at,4.0191308977553195,2.2904782120400005,1.728652685715319,11.035016763303492,9.524865446932063e-19,1.0858508116335058e-17,Upregulated
202580_x_at,4.292620943031916,2.32448780922,1.9681331338119161,10.9099440177063,9.608518272045895e-19,1.0949232283480095e-17,Upregulated
202223_at,8.573653434670213,7.554221123490001,1.0194323111802115,9.900710352208696,9.689060597376536e-19,1.1038674291262325e-17,Upregulated
203030_s_at,4.047467235361701,5.703697182369999,-1.6562299470082982,-10.378536949394414,1.0206000993653591e-18,1.1615318862561407e-17,Downregulated
228023_x_at,8.058405203829786,6.645768570360001,1.4126366334697842,10.058396244506453,1.0205326243830549e-18,1.1615318862561407e-17,Upregulated
209357_at,10.770785367510639,11.89382011815,-1.123034750639361,-10.21332413259142,1.0275613113358662e-18,1.168712469687268e-17,Downregulated
218982_s_at,8.816391993585107,7.80048401373,1.0159079798551067,10.560624949310291,1.0498817906695082e-18,1.1935942082635842e-17,Upregulated
202952_s_at,5.050888996148937,2.799919098750001,2.250969897398936,10.453679868873195,1.081119563917263e-18,1.2272920402037549e-17,Upregulated
204959_at,9.718571167180851,10.996639911679999,-1.2780687444991479,-10.03803310544853,1.0929357417408662e-18,1.239920729915086e-17,Downregulated
226016_at,10.989690150085107,12.099389377999998,-1.1096992279148914,-10.534424508910275,1.094641506009507e-18,1.2415940118563336e-17,Downregulated
233105_at,5.052680769819149,3.2358336557400005,1.816847114079149,10.555535906763286,1.103745358282953e-18,1.2510651392446455e-17,Upregulated
241791_at,3.6237747570957444,5.19034340067,-1.5665686435742554,-10.085141532425016,1.1039220523658736e-18,1.2510651392446455e-17,Downregulated
238642_at,6.294260978287234,5.099437163059999,1.1948238152272346,10.059541097143157,1.1403774043734259e-18,1.2910195552858154e-17,Upregulated
242600_at,2.3213539571702126,3.43681802293,-1.1154640657597872,-10.85808985851121,1.1796966672758526e-18,1.3341287835596931e-17,Downregulated
221035_s_at,2.578756940031915,3.9246902266,-1.3459332865680853,-10.28084390631623,1.2164955255600591e-18,1.3740115148629428e-17,Downregulated
1559691_at,3.81287600293617,2.51511259543,1.29776340750617,10.61738686298031,1.2171715381761352e-18,1.3744864235217636e-17,Upregulated
1556338_at,4.163142685776596,2.34238855823,1.820754127546596,10.988884624526667,1.2326657505482094e-18,1.3913989519199577e-17,Upregulated
229538_s_at,4.146177445723404,2.23926816237,1.9069092833534036,11.044413679397882,1.2540679763281712e-18,1.4138693485202873e-17,Upregulated
204505_s_at,5.2036588333829785,6.348639391659999,-1.1449805582770205,-10.056476725145334,1.2625190854434467e-18,1.4227079725468514e-17,Downregulated
236590_at,3.9975440862978724,2.8565347366299996,1.1410093496678728,10.780795418334383,1.3104920292845929e-18,1.475840123264261e-17,Upregulated
212670_at,6.447535813851065,8.521808396199999,-2.074272582348934,-10.079379097258768,1.3281711606149747e-18,1.4944982017748333e-17,Downregulated
237515_at,6.027829632053192,7.466115349510001,-1.438285717456809,-10.304702850738899,1.3320151003629014e-18,1.4985100227592348e-17,Downregulated
242111_at,5.988357861595743,4.451986081090001,1.5363717805057417,10.41064747574711,1.3323880056712039e-18,1.4986160868471638e-17,Upregulated
203979_at,7.792792575595745,8.9734684644,-1.180675888804255,-9.915153089159745,1.349838246395043e-18,1.5172915343908834e-17,Downregulated
241396_at,5.922132763287233,7.749370937589999,-1.8272381743027664,-10.369567000012388,1.3804247280883288e-18,1.5510241158336922e-17,Downregulated
212172_at,5.842085655553191,3.4638012768500004,2.378284378703191,10.830233755652051,1.4894094162501829e-18,1.6710341022618343e-17,Upregulated
227074_at,8.123833060265957,6.24128728874,1.8825457715259573,9.994311330320954,1.4950413337285253e-18,1.6770029859420744e-17,Upregulated
1553681_a_at,4.679871912957446,6.27417090985,-1.5942989968925536,-9.895736117766715,1.5356881066906661e-18,1.7208025105513368e-17,Downregulated
239243_at,7.64653726668085,5.577922170440001,2.0686150962408494,10.099896669033052,1.589718331375973e-18,1.7802329829562377e-17,Upregulated
209524_at,8.72101509530851,9.95391144444,-1.2328963491314884,-10.67010617427691,1.6240532617229988e-18,1.817547414378552e-17,Downregulated
224406_s_at,4.798383741414892,2.6912808212,2.1071029202148925,10.605109219032824,1.640017089796079e-18,1.8343246727180646e-17,Upregulated
223461_at,7.939818712819147,6.92113712081,1.0186815920091465,10.208256044015092,1.6400675549587574e-18,1.8343246727180646e-17,Upregulated
209099_x_at,9.566272713542554,10.69339421854,-1.1271215049974455,-10.515423479786458,1.6414748543940058e-18,1.8355169754352598e-17,Downregulated
231181_at,3.049054432468085,4.4707190389800004,-1.4216646065119156,-9.752680472941748,1.6775877099054327e-18,1.875119130610424e-17,Downregulated
212295_s_at,8.657420843840425,7.6273288585,1.030091985340425,10.099334820048062,1.6937115987727388e-18,1.892355048848993e-17,Upregulated
214163_at,4.248872915744681,2.97386706447,1.2750058512746816,10.249683178370775,1.7023248265289844e-18,1.9015834500454405e-17,Upregulated
238982_at,4.712763490914893,2.8510903296699985,1.861673161244895,10.849837916584972,1.7059920910973778e-18,1.905284273500074e-17,Upregulated
209173_at,12.845740138510639,11.01577388746,1.8299662510506387,10.26359780448465,1.7066965208360262e-18,1.905675297273957e-17,Upregulated
219103_at,5.418886380329787,6.61329465415,-1.1944082738202129,-10.308853014553254,1.7194594534531212e-18,1.919129407832114e-17,Downregulated
229506_at,4.62416684793617,5.82284199229,-1.19867514435383,-9.932491938181544,1.742360390287371e-18,1.943882927857219e-17,Downregulated
224950_at,7.047000830010638,5.99534012257,1.0516607074406377,9.929136430380044,1.7449469185461834e-18,1.9463648892767528e-17,Upregulated
59697_at,5.478567521478724,3.9929858235599998,1.4855816979187244,10.564805263499592,1.7526953256977986e-18,1.954602338544097e-17,Upregulated
212558_at,8.611841523063829,9.706516635009999,-1.0946751119461702,-9.82563773078769,1.8009545032920465e-18,2.006340905428045e-17,Downregulated
215252_at,5.2073793095531915,2.9483997187,2.2589795908531913,10.842585575169757,1.8466565394871206e-18,2.0547014611678582e-17,Upregulated
220085_at,5.159506337478724,3.656695785990001,1.5028105514887224,10.744841828344658,1.8779253962307926e-18,2.0869027967287067e-17,Upregulated
209919_x_at,8.003399370638297,9.296119820820001,-1.2927204501817045,-10.168626717494222,1.912819442629745e-18,2.123924577648296e-17,Downregulated
213592_at,4.8210912693723404,6.5553905395499985,-1.734299270177658,-9.725149776159961,1.990350702827734e-18,2.2059139275147847e-17,Downregulated
227561_at,8.073173214478725,9.33517290863,-1.2619996941512746,-10.256740516120706,2.038534140744111e-18,2.258385114192848e-17,Downregulated
204768_s_at,6.342197302106382,4.97260041922,1.3695968828863823,10.242220010855695,2.044805152052627e-18,2.264865937156149e-17,Upregulated
222846_at,6.9196894728404255,8.37960392066,-1.4599144478195738,-9.834465565419123,2.0508561613313546e-18,2.2711004631123788e-17,Downregulated
232231_at,8.658518767978723,7.2471051075499995,1.4114136604287237,10.317051301684392,2.0572928094630754e-18,2.2777593876035607e-17,Upregulated
219203_at,6.1385257895,5.129562004190001,1.0089637853099989,10.187601752581196,2.0843214213768594e-18,2.3072095486761836e-17,Upregulated
239246_at,6.891908383489362,5.2633453591,1.6285630243893623,10.007357912913458,2.0933264690080282e-18,2.316700770824399e-17,Upregulated
217534_at,4.450978191904255,2.795969597189999,1.655008594714256,10.71466139410987,2.1178274603218692e-18,2.3428520728274795e-17,Upregulated
215253_s_at,6.343588477148938,8.31698263181,-1.9733941546610616,-9.791417676433108,2.1223574836119088e-18,2.347380621294471e-17,Downregulated
1554008_at,7.373052006042553,5.710716009749999,1.662335996292554,10.472815025526309,2.1296453858500925e-18,2.3549569638843148e-17,Upregulated
221261_x_at,6.249823548574468,4.13656447374,2.1132590748344677,10.515623251345673,2.1999109693670324e-18,2.430657588298587e-17,Upregulated
204502_at,8.457811498308509,9.45846824528,-1.000656746971492,-9.999725066050534,2.208608800541635e-18,2.4397665423276314e-17,Downregulated
213023_at,5.431156666297873,6.727386590489999,-1.2962299241921258,-9.71230527232126,2.2271047114138944e-18,2.4596931007824992e-17,Downregulated
1556009_at,6.999734534489362,5.855123205270001,1.1446113292193614,9.719844777160377,2.235958092660301e-18,2.468964113566556e-17,Upregulated
214731_at,5.526838117957448,3.91485240065,1.6119857173074479,9.957946546225559,2.2370981671945006e-18,2.469715969226671e-17,Upregulated
218832_x_at,5.784075358393617,7.22598600367,-1.4419106452763835,-9.770431792932984,2.2700607026980522e-18,2.5045637939552296e-17,Downregulated
241385_at,5.443887660244681,3.97389709759,1.4699905626546812,10.521998040868853,2.283846117804046e-18,2.5192565072233065e-17,Upregulated
219250_s_at,9.359934661872341,11.063860137799997,-1.7039254759276563,-10.406700963341263,2.290158820459213e-18,2.5257019134143784e-17,Downregulated
37005_at,8.888812608659576,10.443983466930003,-1.5551708582704276,-10.352610251003014,2.2911446305098376e-18,2.5262711171915156e-17,Downregulated
204969_s_at,6.363718363712766,7.7073674410500015,-1.3436490773372354,-9.84984143271354,2.3011933410497952e-18,2.536831011307733e-17,Downregulated
236016_at,5.285102448063828,6.430999890650001,-1.1458974425861728,-9.983288311773666,2.3193698896499706e-18,2.556344854194945e-17,Downregulated
205317_s_at,6.104609089968085,7.65396072587,-1.5493516359019148,-10.246989775087824,2.362475054845734e-18,2.6022544194129152e-17,Downregulated
235518_at,7.389780873968084,8.461846677039999,-1.072065803071915,-10.31430626138644,2.3681924661861903e-18,2.6080180177373142e-17,Downregulated
226545_at,7.4382919400425545,9.07866670817,-1.6403747681274448,-10.312507193739965,2.509815421169143e-18,2.757771853789653e-17,Downregulated
235593_at,6.34128405643617,7.3697317910699995,-1.0284477346338292,-10.176651176428146,2.5274849013466805e-18,2.776619748852789e-17,Downregulated
203300_x_at,7.890820215404255,9.06773953571,-1.1769193203057453,-10.381046936086408,2.5432807041486616e-18,2.79340200027241e-17,Downregulated
236473_at,3.9534736685106378,5.1046674455000005,-1.1511937769893628,-9.687334977575679,2.5496276482234627e-18,2.799801402354985e-17,Downregulated
229388_at,4.578702871276596,3.563885418389999,1.0148174528865965,9.83317784929504,2.5584309024178684e-18,2.808894968717034e-17,Upregulated
226615_at,7.872499371521275,6.62949634384,1.2430030276812758,10.33299804497324,2.5704796633476827e-18,2.8215473300575195e-17,Upregulated
1554966_a_at,8.594934755946808,10.087778033,-1.4928432770531916,-9.944142885583107,2.575094939226566e-18,2.8260366537694365e-17,Downregulated
235545_at,4.023531504425533,2.3312197634999996,1.692311740925533,10.778320406934089,2.587777285108238e-18,2.8393755417550326e-17,Upregulated
204489_s_at,10.049703920276595,11.052902360300003,-1.0031984400234073,-10.128631331691565,2.5905529177471857e-18,2.841841306015707e-17,Downregulated
214060_at,4.79427634612766,3.7048530124500005,1.0894233336776593,10.459959801657257,2.6638989945239963e-18,2.920515110466116e-17,Upregulated
214617_at,7.830589150063829,9.589536683839999,-1.75894753377617,-9.939329035269772,2.688643245246672e-18,2.946441841663356e-17,Downregulated
202743_at,8.294038310085107,9.61924555008,-1.325207239994894,-9.928180544665972,2.7194665240679396e-18,2.9784000501632706e-17,Downregulated
1555310_a_at,5.456074641138297,4.246169742149999,1.209904898988298,10.609161187289512,2.770446084457091e-18,3.0336159018446474e-17,Upregulated
1553321_a_at,2.5313379132340423,3.7858571132799996,-1.2545192000459573,-10.529499295453423,2.7798441963400453e-18,3.042667886535321e-17,Downregulated
211778_s_at,6.662478855787233,5.57666561031,1.0858132454772331,9.94092207030677,2.819520793428833e-18,3.08421284106901e-17,Upregulated
241397_at,4.877620409,2.8251733937399996,2.0524470152600007,10.524807581456418,2.838755864096339e-18,3.1046222632428973e-17,Upregulated
205515_at,4.087563652542554,5.858083578710001,-1.7705199261674478,-9.783739560505055,2.860229416589179e-18,3.127471018513226e-17,Downregulated
238295_at,7.077160427,5.778034645539999,1.2991257814600008,9.985786190341877,2.8622907840271108e-18,3.129088864017931e-17,Upregulated
238635_at,6.204528396893619,4.68440570075,1.520122696143619,10.203227172155106,2.8975098235731794e-18,3.1663036036307806e-17,Upregulated
213156_at,9.039595528159575,10.16515934935,-1.1255638211904255,-10.179301604118042,2.899526132709863e-18,3.1672199954088687e-17,Downregulated
211426_x_at,5.475740058319149,6.569373389890001,-1.0936333315708522,-9.672045080818563,2.903088400156645e-18,3.169823643743916e-17,Downregulated
1556442_x_at,7.782865770489362,6.5941463231399995,1.1887194473493627,9.738415149442734,2.9506077955740622e-18,3.221055224127187e-17,Upregulated
1559232_a_at,5.07775317006383,3.50528101365,1.5724721564138302,10.533198707868351,3.0255022282342894e-18,3.300697248282626e-17,Upregulated
221675_s_at,10.044500454106384,11.1210647253,-1.0765642711936163,-10.217497653934348,3.0365866414889034e-18,3.311266302645887e-17,Downregulated
1556416_s_at,6.7169713746595745,4.89439893839,1.8225724362695743,10.10440836918315,3.107086926263201e-18,3.385692411182993e-17,Upregulated
239184_at,4.6260004293191495,5.794555726680001,-1.168555297360852,-9.841163683611528,3.1984230595118213e-18,3.481691614630699e-17,Downregulated
235476_at,4.8030540055425535,2.8349569164400004,1.968097089102553,10.58763050200828,3.230187221984129e-18,3.5134246698005735e-17,Upregulated
221810_at,6.584177517308512,5.11634521291,1.4678323043985122,10.206911901343888,3.260300024277026e-18,3.5433117216763815e-17,Upregulated
234942_s_at,9.331383824914893,8.11107693126,1.220306893654893,10.400164290218846,3.2612492210081305e-18,3.5436272848715823e-17,Upregulated
235369_at,5.92769326111702,6.99914320375,-1.07144994263298,-9.670872899732005,3.2713683277377474e-18,3.5531869320618435e-17,Downregulated
222214_at,5.80001027443617,3.9742212900500005,1.8257889843861697,10.092495093521185,3.274951824788478e-18,3.5563609700802157e-17,Upregulated
236979_at,4.494756457553191,2.42247009416,2.0722863633931907,10.829783005322534,3.299717344583276e-18,3.581808215857842e-17,Upregulated
223686_at,6.213909103521277,7.458446701850001,-1.2445375983287237,-10.241480726916679,3.3705806425482833e-18,3.655778391613268e-17,Downregulated
211883_x_at,6.785887593042551,5.56206513419,1.2238224588525508,9.884163149699342,3.3795175037941054e-18,3.6647324286102774e-17,Upregulated
239653_at,3.767177523436171,2.39836497028,1.3688125531561712,10.581302427184916,3.5102216512448966e-18,3.802634073189486e-17,Upregulated
238908_at,5.749227160606382,4.1614868102299996,1.5877403503763823,10.398066956941951,3.521955798887374e-18,3.814577418424412e-17,Upregulated
225820_at,7.611623258063827,8.84223044857,-1.2306071905061726,-10.162389968704598,3.5387471883154074e-18,3.831992274425861e-17,Downregulated
219215_s_at,8.911567055329785,7.50584405295,1.4057230023797853,10.262147887467377,3.5481820093652084e-18,3.84066245835615e-17,Upregulated
221898_at,7.433318399851063,9.14479189754,-1.711473497688936,-10.420017688273502,3.561824795758134e-18,3.854654093856076e-17,Downregulated
242894_at,5.186941668053191,3.5074243055100003,1.6795173625431903,10.200621997658198,3.575298288874716e-18,3.868456925476071e-17,Upregulated
230830_at,2.3878225550212764,3.7070940367299996,-1.3192714817087232,-9.81231870216426,3.613092940886006e-18,3.9085642984411656e-17,Downregulated
205803_s_at,4.958898070297873,6.41800877896,-1.459110708662127,-10.280717230992963,3.737020571563687e-18,4.040188712806523e-17,Downregulated
229865_at,6.616436479255321,5.36817829118,1.2482581880753214,9.811044574130772,3.8623646098410794e-18,4.1706714094541716e-17,Upregulated
206518_s_at,2.734767259882979,3.76659000002,-1.031822740137021,-10.318476755077882,3.9666241386225556e-18,4.278958000801299e-17,Downregulated
239131_at,5.89301706475532,3.827668107580001,2.0653489571753187,10.525968660773406,3.976575590490474e-18,4.28883285963747e-17,Upregulated
200862_at,10.88508558594681,12.046733423,-1.1616478370531897,-10.295908955352287,4.0231958061227345e-18,4.336505202968285e-17,Downregulated
244787_at,2.82945661519149,4.34708512645,-1.5176285112585095,-9.768823076531977,4.0564267670026294e-18,4.3705723175080815e-17,Downregulated
209368_at,4.178151950234042,5.5679823202600005,-1.3898303700259582,-10.07803886573919,4.057278154838911e-18,4.370614116486395e-17,Downregulated
1553186_x_at,11.47497714357447,9.82959943052,1.6453777130544704,9.79218983520591,4.105263862953511e-18,4.420534977633985e-17,Upregulated
219058_x_at,5.324666538276596,6.56092039353,-1.2362538552534037,-9.93096553809754,4.127323721404957e-18,4.4425101796975594e-17,Downregulated
215707_s_at,7.5779614694787245,8.7994825368,-1.2215210673212749,-9.923200370225583,4.128820737838201e-18,4.443232337042126e-17,Downregulated
236035_at,5.22365359643617,6.771538247710001,-1.5478846512738302,-9.95738080850144,4.2882266672464816e-18,4.609243795454022e-17,Downregulated
201329_s_at,8.540332239297872,9.7403980696,-1.2000658303021279,-9.92473397756528,4.305692776196593e-18,4.626168431092888e-17,Downregulated
243796_at,6.444036410957448,5.155877698180001,1.288158712777447,10.175344738052003,4.3072734067625506e-18,4.6269424297210016e-17,Upregulated
201369_s_at,7.892491034382979,9.09952537177,-1.2070343373870207,-9.605373276840663,4.360165921471495e-18,4.68117878529022e-17,Downregulated
1553185_at,11.642564884468083,10.009599228770002,1.6329656556980812,9.791501324574956,4.3603736500769725e-18,4.68117878529022e-17,Upregulated
219518_s_at,5.496937122957447,4.0580299580800006,1.4389071648774463,9.874140043945527,4.37732812859628e-18,4.6965683368178635e-17,Upregulated
225763_at,6.071324583095745,7.53502963142,-1.4637050483242549,-10.318113499179121,4.658876170399673e-18,4.9896916308466113e-17,Downregulated
239587_at,6.393917042819148,8.158778914470002,-1.7648618716508535,-10.366775348249057,4.6751504226913e-18,5.0061246393564455e-17,Downregulated
237563_s_at,6.447065924989361,4.33428840887,2.112777516119361,10.331861765050238,4.7938801551142376e-18,5.1271353752828475e-17,Upregulated
1558305_at,4.160836266159574,2.80511322673,1.355723039429574,10.565787653410126,4.852459119515403e-18,5.188754795273468e-17,Upregulated
215603_x_at,7.901442998085107,9.31774406789,-1.4163010698048932,-10.052061886988222,4.913217850979789e-18,5.251636234753556e-17,Downregulated
1557945_at,3.840078784489361,2.49831953864,1.341759245849361,10.529775379337295,4.9288345796473224e-18,5.267281873652114e-17,Upregulated
1560014_s_at,5.099036080925531,3.6579468490899996,1.4410892318355315,10.250550802053231,4.951001884152631e-18,5.287819446803682e-17,Upregulated
220338_at,4.085555855074467,2.2972611548,1.7882947002744665,10.631244640433414,4.9760322638678716e-18,5.311388595840392e-17,Upregulated
220615_s_at,5.670374973287234,7.3856132522300015,-1.7152382789427678,-10.016573418810367,4.986880525938958e-18,5.321911824764936e-17,Downregulated
215786_at,5.069716474223403,3.48569212562,1.5840243486034034,10.352875326625687,5.064516003332026e-18,5.402619154208972e-17,Upregulated
215483_at,5.5353059246063845,3.9985610355600003,1.5367448890463842,9.86046555149331,5.098104575527723e-18,5.4373716577302025e-17,Upregulated
222999_s_at,10.142874872319148,8.95751398571,1.185360886609148,9.697431723341698,5.102827421381972e-18,5.4413298113887936e-17,Upregulated
210872_x_at,4.013520585882978,5.12648126769,-1.1129606818070217,-9.635636203536867,5.1664003976700275e-18,5.50693642071106e-17,Downregulated
227212_s_at,6.954074329585109,5.615434757820001,1.3386395717651078,9.982611382026006,5.197519241625852e-18,5.53900871666511e-17,Upregulated
204963_at,8.250896989914894,10.223205061789999,-1.972308071875105,-10.442738246090643,5.302419885498959e-18,5.648563199870212e-17,Downregulated
219469_at,5.120794544946808,6.2784177771100005,-1.1576232321631927,-9.621864175984083,5.311232150495743e-18,5.655710402822491e-17,Downregulated
233271_at,6.623309252861702,4.962951786930001,1.6603574659317015,10.000924661922399,5.411539539361378e-18,5.7591030008724e-17,Upregulated
238013_at,7.502306381691489,8.89098646259,-1.388680080898511,-9.775332216488751,5.430923769271903e-18,5.7785888398429e-17,Downregulated
212298_at,9.678566300521277,10.693328438739998,-1.014762138218721,-9.831164857441243,5.5911855969696784e-18,5.944406177477983e-17,Downregulated
238156_at,7.611581197244679,5.883586498469999,1.7279946987746806,9.731718093428572,5.619484080744593e-18,5.973311675235745e-17,Upregulated
57715_at,6.493440165265956,7.76577600002,-1.2723358347540437,-10.024615012119996,5.670181230411965e-18,6.02481959025954e-17,Downregulated
205351_at,8.052524066925532,6.89276581444,1.159758252485532,9.90592158846257,5.790828504194631e-18,6.149368251265793e-17,Upregulated
203878_s_at,5.4460163120851055,2.8015302275100002,2.6444860845751053,10.560017440424915,5.834042103176013e-18,6.194034515622287e-17,Upregulated
221565_s_at,6.6076924716063825,7.73368500799,-1.1259925363836176,-10.047090993486613,5.866684021085146e-18,6.227461353031097e-17,Downregulated
210244_at,3.6138571281170204,4.614313677969999,-1.000456549852979,-10.104184816977902,5.929767391692765e-18,6.29318210200448e-17,Downregulated
241470_x_at,5.937900324914895,7.592407766459998,-1.6545074415451033,-10.167399053615728,5.931993322302414e-18,6.294302482409896e-17,Downregulated
231118_at,5.703705452680851,6.72759071028,-1.023885257599149,-9.928367156941253,5.962563216534624e-18,6.322997341571988e-17,Downregulated
219584_at,5.1305109710319154,7.369125840139999,-2.2386148691080834,-9.85380778324175,6.0414602990115555e-18,6.405400820868036e-17,Downregulated
204886_at,4.588269835606384,3.3370905230400005,1.251179312566383,10.368005257825999,6.130026823331056e-18,6.495461440498112e-17,Upregulated
201616_s_at,8.825919006457447,10.03790981811,-1.2119908116525533,-9.867559498396377,6.212677515720459e-18,6.576561166316486e-17,Downregulated
214106_s_at,7.300277136680852,6.146233981370001,1.154043155310851,10.048246510207003,6.326995202926213e-18,6.696256670298884e-17,Upregulated
201495_x_at,2.317429626765957,3.5543537626700004,-1.2369241359040433,-9.994098623971057,6.563386674468534e-18,6.939616978041372e-17,Downregulated
225899_x_at,8.641798861542553,7.58751098083,1.0542878807125522,9.55338744174991,6.647267437807222e-18,7.025543847708769e-17,Upregulated
218312_s_at,7.865375547010638,8.96944659638,-1.1040710493693613,-10.013276455662485,6.676739749346833e-18,7.05530695792473e-17,Downregulated
1565598_at,5.602067601297874,3.8544343798900007,1.747633221407873,10.063704982433284,6.7097615829593906e-18,7.088808416834685e-17,Upregulated
205771_s_at,7.283844936510639,8.43851156594,-1.1546666294293617,-10.420381065272148,6.775961574444816e-18,7.157342286784935e-17,Downregulated
221669_s_at,9.078578573606382,7.879074171669999,1.199504401936383,10.293270149179305,6.916750289521646e-18,7.298888190547602e-17,Upregulated
209436_at,9.018279338000001,10.78167309103,-1.7633937530299981,-10.281962582187692,6.924402024936714e-18,7.30552937060114e-17,Downregulated
226132_s_at,5.4723023831489375,4.01795561651,1.4543467666389374,10.25860583497418,6.951275469607411e-18,7.332443663626284e-17,Upregulated
230998_at,5.653569881851063,4.04027677791,1.6132931039410634,9.762563249919827,7.089429368908306e-18,7.473775931715057e-17,Upregulated
212563_at,6.723335212659576,5.46508636108,1.2582488515795758,10.010632150716937,7.12305853586442e-18,7.506285783895056e-17,Upregulated
229396_at,5.326359471404255,4.217214683129999,1.1091447882742562,10.214111207370735,7.153517909053017e-18,7.536907233228707e-17,Upregulated
227276_at,7.702384296585106,8.83900255132,-1.136618254734894,-10.000684321223982,7.16225244217521e-18,7.544631998723773e-17,Downregulated
227260_at,8.53604807462766,6.439304767340001,2.0967433072876585,9.97465560318176,7.321266080639637e-18,7.709115454449559e-17,Upregulated
238169_at,5.212721646212766,6.36310003316,-1.1503783869472342,-9.674118913289194,7.482178726668256e-18,7.870848132066867e-17,Downregulated
204135_at,8.980928321893618,10.34863364976,-1.367705327866382,-9.799875566480978,7.514146969117819e-18,7.902931342999043e-17,Downregulated
202712_s_at,5.079472053638298,2.8549656559299996,2.2245063977082986,10.482709937342854,7.6800558106126e-18,8.071111407378063e-17,Upregulated
236274_at,4.967431985159575,3.587212868589999,1.3802191165695756,10.290658472625044,7.703532488202682e-18,8.094201961525091e-17,Upregulated
204033_at,7.222952014840425,4.99434362841,2.228608386430425,9.515390721740546,7.853538394647962e-18,8.250203439346392e-17,Upregulated
228489_at,5.034061329680851,7.077144667400001,-2.0430833377191497,-9.73366478410126,8.346445607574295e-18,8.750914687114835e-17,Downregulated
1554569_a_at,3.4853244179042564,4.50740399104,-1.022079573135744,-9.503359545164276,8.574285299428862e-18,8.981042047031757e-17,Downregulated
223796_at,2.8033890270851063,3.965828104650001,-1.1624390775648945,-9.50185956123647,8.626851284347197e-18,9.032583671012232e-17,Downregulated
212759_s_at,6.453179108127658,7.508269343040001,-1.0550902349123428,-9.874315777266155,8.644178978828574e-18,9.04896478309213e-17,Downregulated
241752_at,3.1494881935425534,4.194201772330001,-1.044713578787448,-9.498438614281614,8.831673854789051e-18,9.23266102922612e-17,Downregulated
204944_at,6.209662488851064,7.620281192409999,-1.410618703558935,-10.007034911133157,8.844131340204357e-18,9.243887451695134e-17,Downregulated
209442_x_at,7.519173674329786,8.79796890788,-1.2787952335502135,-9.939611172895203,8.984065112660774e-18,9.377390377441731e-17,Downregulated
215942_s_at,3.8788300442127652,2.4093848519699996,1.4694451922427656,10.508703049054077,9.075745490183538e-18,9.469409251891597e-17,Upregulated
205614_x_at,6.160701460510639,4.58890117919,1.5718002813206393,10.078422226233187,9.147709862654299e-18,9.540793536411173e-17,Upregulated
211549_s_at,7.120581826234042,9.420368065049999,-2.2997862388159573,-9.765435272079216,9.2926006597949e-18,9.686275563715669e-17,Downregulated
237860_at,2.3743286058085102,3.4033378201700004,-1.0290092143614902,-10.273019734759137,9.317507373678089e-18,9.71035558226409e-17,Downregulated
212771_at,7.116021713170212,8.54589634247,-1.4298746292997881,-10.016318041418712,9.336578247250452e-18,9.726461313318087e-17,Downregulated
226663_at,8.80410193824468,7.290504898419999,1.5135970398246803,9.612277761745563,9.411676213157886e-18,9.799001486661055e-17,Upregulated
210629_x_at,7.014651525159575,8.351298412600002,-1.336646887440427,-9.780017805011811,9.639140880138417e-18,1.002806250249758e-16,Downregulated
237107_at,5.07337502231915,3.4397320875800004,1.6336429347391492,10.06882119079472,9.888977654065618e-18,1.0280026132616415e-16,Upregulated
211899_s_at,4.787701410840425,3.52451598902,1.2631854218204248,9.955262593997823,1.0038922061848926e-17,1.043388332403104e-16,Upregulated
226249_at,8.935101278404256,10.093681658310002,-1.1585803799057466,-10.097659625839048,1.0065200080761941e-17,1.0459174102470281e-16,Downregulated
203108_at,10.984539664648937,12.2810115694,-1.2964719047510638,-10.244368080361763,1.0095524624050124e-17,1.0488659212462044e-16,Downregulated
204939_s_at,7.883398683138297,10.236420669849998,-2.3530219867117017,-9.91957209006364,1.0117167486110668e-17,1.0509114917109857e-16,Downregulated
230165_at,6.403673750510638,5.2038517604,1.199821990110638,10.103611863639285,1.0207913067693596e-17,1.0601328678489432e-16,Upregulated
205762_s_at,5.521277562085105,4.45631860659,1.064958955495105,9.9898750077437,1.0377594445946936e-17,1.076715460782604e-16,Upregulated
1554464_a_at,9.001805631851065,10.06397650376,-1.0621708719089344,-9.72001557150103,1.0420103028944034e-17,1.0809173799706535e-16,Downregulated
226676_at,5.823749775914893,7.261754108629999,-1.4380043327151064,-9.810042546807782,1.043380864412037e-17,1.0821304121339341e-16,Downregulated
237330_at,6.022328363457447,4.327519206809999,1.6948091566474481,9.817835600482049,1.056550585128987e-17,1.0945229154805025e-16,Upregulated
201688_s_at,10.17188229044681,8.99796900282,1.1739132876268101,9.683966877671532,1.0722505749962996e-17,1.1103594421784938e-16,Upregulated
AFFX-M27830_5_at,10.673573038787236,9.58904438053,1.084528658257236,9.563058829354832,1.0957109363784284e-17,1.1335623855366445e-16,Upregulated
212154_at,7.561307923499999,9.21319708099,-1.6518891574900003,-10.078058392886636,1.0982771620715804e-17,1.1359987584458082e-16,Downregulated
205807_s_at,9.061921580914891,7.961417977370001,1.1005036035448903,9.687507625327084,1.1093330011804566e-17,1.1472137050854073e-16,Upregulated
204667_at,5.70075709569149,4.3252423143500005,1.3755147813414892,9.872840675899111,1.1166959758120816e-17,1.1543841967139846e-16,Upregulated
229202_at,6.688038656978726,5.622741183710001,1.0652974732687248,9.90342080255574,1.1178315300360208e-17,1.1553360237224715e-16,Upregulated
219271_at,6.324542647127661,4.54995480425,1.7745878428776605,10.487775941528708,1.120242382161043e-17,1.1576053173278357e-16,Upregulated
223540_at,4.549898801925532,3.3145412270700008,1.2353575748555312,10.496064382317646,1.166303692657232e-17,1.204030256652517e-16,Upregulated
201656_at,8.576554408691491,9.678132810740001,-1.10157840204851,-9.91588359480067,1.1724038697674114e-17,1.2098794040542976e-16,Downregulated
243149_at,5.472190800180851,3.408461961159999,2.0637288390208517,9.769618876166714,1.1740077599630603e-17,1.211302155714045e-16,Upregulated
227382_at,5.366284946574468,6.369535945649999,-1.0032509990755312,-9.588110009233624,1.1942499775788257e-17,1.231714847441126e-16,Downregulated
242673_at,7.024902352021277,5.3149394246199995,1.7099629274012775,9.673314546283247,1.1948080689771908e-17,1.23205419474707e-16,Upregulated
237347_at,5.320288976734042,4.08024570003,1.240043276704042,10.235975189822454,1.2111946569209845e-17,1.2477555222591855e-16,Upregulated
207131_x_at,7.803279266989361,9.057677788459998,-1.2543985214706366,-9.877497440175496,1.2182210378253075e-17,1.2547536717823053e-16,Downregulated
214804_at,4.395144963553191,2.9859209556300006,1.4092240079231906,10.454518933209542,1.222190737867531e-17,1.258601398180031e-16,Upregulated
228057_at,5.240143964765958,2.80879190317,2.4313520615959576,10.37539300958329,1.227763725149547e-17,1.2640983866939803e-16,Upregulated
202688_at,11.82528945806383,13.0766155695,-1.2513261114361693,-9.677195696903924,1.241125479563465e-17,1.2776110056229764e-16,Downregulated
206482_at,6.004821730702127,4.22402391947,1.7807978112321265,10.29585352892069,1.2429917195448697e-17,1.2792872680336847e-16,Upregulated
238760_at,4.090474402585106,3.03272366453,1.0577507380551059,10.048152580790125,1.2516370655823749e-17,1.2879386112380643e-16,Upregulated
216320_x_at,7.116746038117023,5.36574870789,1.7509973302270234,9.798122293930607,1.2561124647745477e-17,1.2922965767093309e-16,Upregulated
241387_at,6.076044054106385,4.22795006149,1.848093992616385,9.87227159528797,1.2811477784799817e-17,1.3175490327595467e-16,Upregulated
1569189_at,4.284599603393617,2.7911949389100004,1.4934046644836165,10.344820957949237,1.3028357555416442e-17,1.3385735233536365e-16,Upregulated
204792_s_at,5.301258477148935,6.475522938629999,-1.174264461481064,-9.843970903926422,1.3042037806484376e-17,1.339723157867778e-16,Downregulated
211519_s_at,3.684733509585107,2.3684629357699998,1.3162705738151073,10.509634263692165,1.3155805617347241e-17,1.3506359246700492e-16,Upregulated
213441_x_at,3.779095791542553,2.5940668859800002,1.185028905562553,10.491899156865692,1.3296489453109795e-17,1.3645582555332254e-16,Upregulated
205282_at,5.264149291244681,3.9155891998600003,1.3485600913846802,9.981207934704717,1.3399954338068545e-17,1.374389672058266e-16,Upregulated
235030_at,6.75327492993617,7.80724748674,-1.0539725568038296,-9.600060088987783,1.3431232714172394e-17,1.3773351434975717e-16,Downregulated
206044_s_at,4.731648901468086,3.6563904696999994,1.0752584317680864,9.94476959681244,1.3516122442493572e-17,1.3855120291441953e-16,Upregulated
205694_at,4.853683096085106,7.2454441882100005,-2.391761092124894,-9.7503802907905,1.3713644489508025e-17,1.405224009359266e-16,Downregulated
244786_at,4.466410544776595,3.38530692693,1.0811036178465954,9.549987510579209,1.4195918531894538e-17,1.4535345024871116e-16,Upregulated
228461_at,5.2769849529042565,6.5598862680100005,-1.282901315105744,-9.952864762901639,1.421714912483318e-17,1.4554312577622333e-16,Downregulated
203851_at,6.6731408678404245,8.49627724864,-1.8231363807995757,-9.717209427722509,1.429544511258559e-17,1.463168051047628e-16,Downregulated
1556421_at,5.068589141851064,7.202218187539999,-2.1336290456889353,-10.0911638743384,1.4333990836676538e-17,1.4665551286693633e-16,Downregulated
204083_s_at,9.997917176734044,11.35064673223,-1.3527295554959569,-9.734825937796364,1.455309622528643e-17,1.4884062247067045e-16,Downregulated
243681_at,4.415043445553191,6.082706823409999,-1.6676633778568082,-9.663265319228058,1.4628132712946586e-17,1.4957960952443824e-16,Downregulated
226791_at,4.310582024712765,2.9599058033099994,1.3506762214027659,9.9321194108909,1.4644941613060126e-17,1.4972302406387606e-16,Upregulated
1555724_s_at,10.641923493500002,12.355940933000001,-1.7140174394999992,-9.982675743713958,1.465362379829562e-17,1.4978331615642878e-16,Downregulated
214691_x_at,6.121078816021278,7.23329298651,-1.1122141704887225,-9.463195906375223,1.4935975153438336e-17,1.5258240448296949e-16,Downregulated
238672_at,5.388342979117021,4.22671681011,1.1616261690070209,9.844954727064835,1.495802129835827e-17,1.5277428598619785e-16,Upregulated
221218_s_at,5.952276063244681,7.404723817330002,-1.4524477540853207,-10.13438261036654,1.541898678061895e-17,1.5730759161274105e-16,Downregulated
209955_s_at,8.040162132659576,5.972320685,2.0678414476595766,9.73684968566983,1.5478840255033662e-17,1.578583431849148e-16,Upregulated
1553693_s_at,6.5005135876489355,5.01861920096,1.4818943866889356,9.708565285394924,1.5574605572004342e-17,1.5880487872906644e-16,Upregulated
226671_at,8.42897303306383,9.478890864410001,-1.0499178313461712,-9.959153866001161,1.5598027108420254e-17,1.5900270865112228e-16,Downregulated
229699_at,6.1359391667234044,7.1577809238900025,-1.021841757166598,-9.642446086111178,1.559991993366252e-17,1.5900270865112228e-16,Downregulated
234936_s_at,6.249577104234043,7.3040986117000015,-1.0545215074659584,-9.562200663980166,1.5766979156112564e-17,1.6064458058167652e-16,Downregulated
226004_at,5.670222286659573,4.51036642689,1.1598558597695732,10.237474863924206,1.5876020554882533e-17,1.6172493211456665e-16,Upregulated
244841_at,3.663475465308511,2.3664675428899997,1.2970079224185111,10.467892859604254,1.6199906855747786e-17,1.648057859170135e-16,Upregulated
228825_at,5.1487246905744675,3.2958645022,1.8528601883744673,10.27548361125955,1.6330079256420958e-17,1.659730995627093e-16,Upregulated
212951_at,10.180586208936171,11.9030324115,-1.7224462025638285,-10.294004307442775,1.6367358655678807e-17,1.6632056539851508e-16,Downregulated
212624_s_at,8.557419146840425,9.905519725620001,-1.348100578779576,-9.96818001067713,1.637466588450088e-17,1.663633886029022e-16,Downregulated
230494_at,8.161253572148937,6.18800877786,1.9732447942889362,9.601515340821052,1.658713043399604e-17,1.6845834545372189e-16,Upregulated
228359_at,3.8522313167340423,5.2585748926299996,-1.4063435758959573,-9.626071397761377,1.6766897075165702e-17,1.7015553322355895e-16,Downregulated
244803_at,7.436783464861703,5.667892571620001,1.7688908932417018,9.538404440566213,1.6956898341617713e-17,1.7199488322054362e-16,Upregulated
220123_at,4.762654987063829,3.1900798935,1.5725750935638292,9.87543242918681,1.721128398892898e-17,1.7443492003552555e-16,Upregulated
224469_s_at,5.71557033661702,4.67712584472,1.0384444918970201,9.814644834408144,1.729224189300605e-17,1.7522240438154168e-16,Upregulated
201162_at,12.714540085031913,13.926456562599997,-1.2119164775680833,-9.807526305304192,1.7547325008551863e-17,1.7770672621163067e-16,Downregulated
242013_at,4.282442912276596,2.29463159243,1.987811319846596,10.48770969421649,1.767923401471311e-17,1.7897520811506856e-16,Upregulated
1570552_at,6.7086964532446824,5.345354215209999,1.3633422380346838,10.237032207906836,1.7724912083596962e-17,1.7940386174790106e-16,Upregulated
227329_at,5.211718496521277,6.5771715975,-1.3654531009787227,-9.813301635588308,1.783520747303766e-17,1.8045230796553868e-16,Downregulated
212950_at,11.139938871872339,12.736144632300002,-1.5962057604276634,-10.297971896156708,1.8398177545691362e-17,1.860433121775814e-16,Downregulated
1558105_a_at,6.265672118457446,5.0031906363,1.2624814821574457,9.59515359743885,1.8948253431244393e-17,1.914976999347822e-16,Upregulated
219901_at,8.134213591202128,6.798238930930001,1.335974660272127,9.76001624292847,1.9003318265024103e-17,1.9201812440401774e-16,Upregulated
215545_at,4.398658723223405,3.3102520652800007,1.0884066579434042,9.933537483495952,1.9496654636629612e-17,1.9681814307165173e-16,Upregulated
213927_at,6.148546746946811,4.96479720575,1.1837495411968106,10.054450793799305,1.9501693558512332e-17,1.968320678810554e-16,Upregulated
217053_x_at,4.900933727265958,6.133782699230002,-1.232848971964044,-9.48847826245389,1.9683054070811148e-17,1.9862528072282333e-16,Downregulated
226599_at,6.699240110925532,7.836662209449998,-1.1374220985244659,-9.636803822193993,1.991906176787298e-17,2.0093148091650715e-16,Downregulated
231983_at,4.399420217946809,5.415729439269999,-1.0163092213231897,-9.371971679070752,2.014368967567819e-17,2.0315928987362218e-16,Downregulated
203022_at,7.123086971819148,5.989519971550001,1.1335670002691467,9.934141615395482,2.0159248157644538e-17,2.0326183737237506e-16,Upregulated
219980_at,5.646085588595747,4.47576207427,1.1703235143257462,9.943990306876767,2.0351504749791444e-17,2.0506295138109454e-16,Upregulated
1554608_at,5.575118631510638,4.370560584970001,1.2045580465406376,9.614132016283776,2.054279439357679e-17,2.0695162750569794e-16,Upregulated
1555920_at,6.515576180851062,5.093715067240001,1.4218611136110617,9.549381422980789,2.074940616673038e-17,2.0891567953645827e-16,Upregulated
229787_s_at,7.4762701123617035,6.06207793075,1.4141921816117033,9.764816034032945,2.0804468735183596e-17,2.0942988357616841e-16,Upregulated
60815_at,6.563850076531915,5.00279614584,1.5610539306919158,9.552005868200482,2.088439923313823e-17,2.1015683763397062e-16,Upregulated
213307_at,5.103938872904256,6.5398710389899986,-1.4359321660857427,-9.68369718740884,2.0891397850498958e-17,2.1018793954114049e-16,Downregulated
1559096_x_at,5.7653850959042545,4.23935147343,1.5260336224742543,9.547299569388002,2.103783185589582e-17,2.1158205388953116e-16,Upregulated
208978_at,9.03912441902128,10.2828937335,-1.2437693144787207,-9.732719702992943,2.1308936536426362e-17,2.1426854749452764e-16,Downregulated
230808_at,4.52320452125532,3.4204802410199995,1.10272428023532,10.076273512999755,2.1401755253683836e-17,2.1516164636909135e-16,Upregulated
213644_at,6.2604116965531915,7.279982299519999,-1.019570602966808,-9.872680797980436,2.1875599331802363e-17,2.197611105080915e-16,Downregulated
242490_at,5.863990585106384,4.5624761204,1.3015144647063837,9.791935235441999,2.2078563332410674e-17,2.217586568435183e-16,Upregulated
227891_s_at,7.869086753776597,6.1919806279,1.6771061258765974,9.844204381655228,2.2237164199759552e-17,2.2330995400453083e-16,Upregulated
1558154_at,6.487574204840425,5.240699931899999,1.2468742729404259,9.674434980468055,2.2553331780927307e-17,2.263159520837605e-16,Upregulated
241874_at,4.7184673651489355,5.8218869910199995,-1.103419625871064,-9.355377476046852,2.260019684006226e-17,2.267439259913428e-16,Downregulated
205547_s_at,11.514748855106385,13.0659806277,-1.5512317725936153,-9.853285251855162,2.3276700655915473e-17,2.333135709055292e-16,Downregulated
226597_at,4.4576483314787225,2.8625497785500005,1.595098552928722,10.247892575510129,2.3313498478971615e-17,2.336388725898952e-16,Upregulated
227196_at,8.835360526670211,7.410400010660002,1.4249605160102092,9.75309668394003,2.402342207995871e-17,2.405741537874994e-16,Upregulated
208368_s_at,4.584641837021278,3.5207977024300003,1.0638441345912772,9.71138073856434,2.4246994567762786e-17,2.427226595610812e-16,Upregulated
229910_at,8.12879711193617,9.88902878747,-1.7602316755338308,-10.054019803391583,2.4298500830072278e-17,2.4319299695687895e-16,Downregulated
222173_s_at,7.063342611702126,8.09918137611,-1.035838764407874,-9.796325390997145,2.4348097517061038e-17,2.435987301065188e-16,Downregulated
1554466_a_at,6.258980882893618,5.1800181501600004,1.0789627327336175,9.67157267466686,2.4404237785497613e-17,2.441149960072112e-16,Upregulated
229744_at,5.240932723478724,6.41516479889,-1.1742320754112763,-9.937809276513951,2.4413296711412077e-17,2.4416020396430084e-16,Downregulated
218507_at,7.668311409265958,6.0126175668099995,1.6556938424559586,9.639448616108243,2.5401706284998583e-17,2.5366806057276897e-16,Upregulated
227461_at,5.766599017053191,6.898362699219999,-1.1317636821668078,-9.531765844342708,2.5471252088552567e-17,2.543153452450136e-16,Downregulated
230690_at,2.290155074010638,3.9677527651399997,-1.6775976911293617,-10.055225256668457,2.5509312051863038e-17,2.5464808055336034e-16,Downregulated
243851_at,5.079833205851064,3.130871935290001,1.948961270561063,10.3152592060005,2.5773236027631932e-17,2.570918532978878e-16,Upregulated
209037_s_at,7.518712706499999,8.519675634530001,-1.0009629280300025,-9.594609374202664,2.6222595533361115e-17,2.614772939112645e-16,Downregulated
219383_at,6.026743151861702,7.34953578659,-1.3227926347282981,-9.58831354419172,2.6501421534188462e-17,2.642086114249973e-16,Downregulated
210210_at,4.588891390500001,3.37080126554,1.2180901249600007,9.8615735374157,2.6728736381246738e-17,2.664254660863115e-16,Upregulated
226988_s_at,5.399354366606384,6.524581897859999,-1.125227531253615,-9.401670290699881,2.786105905683287e-17,2.775064671168172e-16,Downregulated
214917_at,5.052682747521276,3.4794615170000003,1.5732212305212756,9.846861473304289,2.84940973703224e-17,2.8370668662720487e-16,Upregulated
221591_s_at,4.179514343382978,2.8299009678399996,1.3496133755429787,10.19558862269525,2.8696786730139933e-17,2.856190546016481e-16,Upregulated
226875_at,8.997234823989363,10.11684146775,-1.119606643760637,-9.833216922784542,2.898311621604983e-17,2.883621695886896e-16,Downregulated
219014_at,8.336765413765956,10.20240277654,-1.8656373627740432,-9.964916853168086,2.9695860199512155e-17,2.9528961669272706e-16,Downregulated
242797_x_at,4.984658713382979,3.31223990303,1.672418810352979,9.775426566426013,3.033129272803058e-17,3.0144104040462913e-16,Upregulated
208131_s_at,8.054682474776596,9.93880893662,-1.8841264618434028,-9.828732973115265,3.042091884064495e-17,3.021642734557579e-16,Downregulated
206848_at,6.404058512287235,4.75280824691,1.651250265377235,9.658467767882764,3.0911100364199625e-17,3.069197792484477e-16,Upregulated
235231_at,6.502566562021277,5.486904970439998,1.0156615915812797,9.573367652556032,3.092400954015616e-17,3.069912840765668e-16,Upregulated
220318_at,3.5963265942553195,2.3738535338399998,1.2224730604153198,10.366727475943255,3.1032525552341397e-17,3.0795487442033846e-16,Upregulated
219559_at,4.790936447170211,3.5432573462200003,1.247679100950211,10.278258518759051,3.1072940553373894e-17,3.0829905563618676e-16,Upregulated
237106_at,4.457036220904255,3.228926613099999,1.2281096078042562,9.698926026572204,3.14932926092626e-17,3.12296872470833e-16,Upregulated
1558173_a_at,8.061589661712766,9.337423415289999,-1.275833753577233,-9.868477177310961,3.151445911983508e-17,3.124491609621105e-16,Downregulated
221697_at,5.316358180425532,6.384260665949999,-1.067902485524467,-9.300530199794403,3.220941308925449e-17,3.191039772368101e-16,Downregulated
226936_at,7.872231734627659,6.455940153969999,1.41629158065766,9.548260043386144,3.233240843170404e-17,3.202635211616268e-16,Upregulated
214068_at,4.481256404117021,2.4160937297800005,2.0651626743370204,10.277095880543344,3.249266498340997e-17,3.2173241509530353e-16,Upregulated
215191_at,6.336719118840427,4.366982397390001,1.9697367214504258,9.60712938025563,3.2717046863023736e-17,3.2377536017931824e-16,Upregulated
206710_s_at,7.294794839223403,8.90804019403,-1.6132453548065975,-9.846258912410208,3.298941061984717e-17,3.2635064182437e-16,Downregulated
230294_at,4.187748060436171,2.9262192596200003,1.2615288008161705,10.197453755357195,3.304122953504134e-17,3.268031577366189e-16,Upregulated
208018_s_at,8.277643720712765,9.41419393463,-1.1365502139172339,-9.546603476463888,3.3127503515213616e-17,3.275962316729692e-16,Downregulated
212681_at,7.482573169021276,8.77115395233,-1.2885807833087242,-9.937813445497177,3.363305914961404e-17,3.32229149572294e-16,Downregulated
207957_s_at,6.444433349085105,7.7829220031799995,-1.3384886540948946,-9.872840692692609,3.5522083272399945e-17,3.50181592904931e-16,Downregulated
207379_at,3.770692651191489,5.26832340601,-1.4976307548185113,-9.379267750722711,3.6222214790965014e-17,3.5701815003607187e-16,Downregulated
239238_at,5.325258804819149,3.3813233463800003,1.9439354584391486,10.059421825686563,3.63430030675897e-17,3.5814304928423956e-16,Upregulated
215992_s_at,6.145067743819149,7.223680793400002,-1.0786130495808521,-9.388023337608086,3.6884734899767714e-17,3.630824215444558e-16,Downregulated
222037_at,4.413146508797872,3.13271502835,1.2804314804478718,9.931352272189121,3.74591786764826e-17,3.686021559263251e-16,Upregulated
238130_at,6.1390435133085095,4.92529152871,1.2137519845985096,9.632146361378574,3.754277332979898e-17,3.6935716230410973e-16,Upregulated
205976_at,3.9546849528085093,2.8633159199000007,1.0913690329085086,10.04117222519719,3.7699130522697594e-17,3.7082762148752975e-16,Upregulated
231941_s_at,8.096712867265957,6.003943387350001,2.0927694799159555,9.61003366196621,3.795337063779063e-17,3.732601925624807e-16,Upregulated
215708_s_at,5.557369948840426,4.0142121071600005,1.5431578416804257,9.593796705954226,3.83686239717683e-17,3.7706830055646445e-16,Upregulated
214807_at,7.5682173544148945,8.631741062320001,-1.063523707905107,-9.352578661742143,3.871256099357991e-17,3.8030937088597065e-16,Downregulated
1553991_s_at,3.7555392402446808,4.82083062468,-1.0652913844353193,-9.270265695975917,3.90856225209235e-17,3.8390418058991805e-16,Downregulated
235245_at,6.172013478021276,4.89935996593,1.272653512091276,9.748435992638251,3.9121230737745956e-17,3.841837714917663e-16,Upregulated
228523_at,5.546062711021276,3.7334863372899996,1.8125763737312761,10.064182339017853,3.994030928076234e-17,3.919411558064373e-16,Upregulated
244764_at,5.569772125457446,6.628273182819999,-1.0585010573625535,-9.76544941147446,4.0018994054453857e-17,3.9264166621905417e-16,Downregulated
243329_at,4.745470381606383,3.1716443520400004,1.5738260295663826,9.903182364135668,4.0395802955541305e-17,3.9612190661198625e-16,Upregulated
202920_at,6.315700354936169,8.133089586389998,-1.817389231453829,-9.834124274803653,4.058702224638241e-17,3.977794421545052e-16,Downregulated
220057_at,8.379609715851062,5.39557988304,2.9840298328110624,10.07273163593764,4.075936650982274e-17,3.993957527960149e-16,Upregulated
214329_x_at,10.669132407351064,11.946426084899997,-1.2772936775489327,-9.539999875189341,4.134098242264925e-17,4.0487364905036643e-16,Downregulated
241685_x_at,4.35000295019149,5.623034898060001,-1.2730319478685113,-9.285194261269972,4.1464357365765097e-17,4.0593409633692056e-16,Downregulated
203547_at,8.250979581031915,9.30542262858,-1.0544430475480855,-9.675698209597813,4.1486897947988686e-17,4.060808540546896e-16,Downregulated
226977_at,8.234970683468086,9.247589310680002,-1.012618627211916,-9.534313018939743,4.243555143687575e-17,4.152153119126431e-16,Downregulated
222847_s_at,5.267117936606383,3.35772296944,1.9093949671663832,10.142496096885989,4.335720011634852e-17,4.2407898989960386e-16,Upregulated
211734_s_at,6.4236159605851055,8.774841648399999,-2.3512256878148934,-9.691654373481075,4.369539490413903e-17,4.271538550189062e-16,Downregulated
244779_at,5.084099531723405,6.63785464028,-1.5537551085565946,-9.851723842543649,4.411130191522154e-17,4.311354784382805e-16,Downregulated
229689_s_at,5.951351569457446,4.56551706272,1.3858345067374467,10.052254767931128,4.411872370736429e-17,4.311354784382805e-16,Upregulated
1557512_at,4.4603585513617015,2.4652090494100003,1.9951495019517012,10.064001082852227,4.4179219416896676e-17,4.316482280757865e-16,Upregulated
219677_at,7.021502727797872,5.882688315209999,1.1388144125878723,9.26388529855441,4.4703206938631166e-17,4.366091680408963e-16,Upregulated
217991_x_at,5.418588942946808,6.611691739360002,-1.1931027964131937,-9.246657645004648,4.510330511751777e-17,4.4027701797655375e-16,Downregulated
207468_s_at,2.493956129819149,3.5944849620199992,-1.1005288322008502,-9.482359692970407,4.561351526853912e-17,4.451766525555517e-16,Downregulated
206109_at,4.4687367602127654,5.6926369277000015,-1.223900167487236,-9.292352265839007,4.562467203074917e-17,4.452047550518641e-16,Downregulated
1560443_at,5.787153516595745,4.49576778693,1.2913857296657447,9.535761972017319,4.583570452792066e-17,4.471828775147362e-16,Upregulated
220702_at,4.062161202553191,2.8338033662,1.2283578363531906,10.0594324414137,4.8084869493355706e-17,4.683616064052209e-16,Upregulated
205286_at,7.741064686457445,6.302081685369999,1.438983001087446,9.850004216194987,4.809505910817496e-17,4.683760364280822e-16,Upregulated
1557145_at,4.635397556851064,3.2765742312399997,1.3588233256110644,9.886262976157532,4.899450631253477e-17,4.767900337481446e-16,Upregulated
232097_at,7.1192614518723385,5.904678730890001,1.2145827209823379,9.833496603192312,4.9630909180344764e-17,4.828084791416211e-16,Upregulated
1560013_at,5.857629833031915,4.4026153063299995,1.4550145267019152,9.819920393620064,4.9969784064054583e-17,4.860171438823218e-16,Upregulated
1553165_at,4.296305360382979,3.0351227101300005,1.2611826502529784,9.92428760218534,5.016219209337552e-17,4.878003369977031e-16,Upregulated
229500_at,6.596061797670212,5.46682064891,1.1292411487602125,9.528429408885943,5.0298661952218537e-17,4.890390151413641e-16,Upregulated
242626_at,3.6283580679893612,5.040546509240001,-1.41218844125064,-9.25557179008058,5.042909440833834e-17,4.902185562708993e-16,Downregulated
223666_at,5.213853915553191,3.8846142935600003,1.3292396219931906,9.583069699826948,5.121620948647928e-17,4.976901614164001e-16,Upregulated
1565705_x_at,4.135958191776596,3.1192997724700002,1.0166584193065957,9.839442233054243,5.17530996533899e-17,5.027257030805905e-16,Upregulated
1556318_s_at,4.78133122362766,3.4035223293900008,1.3778088942376594,9.99566304479562,5.195252234121424e-17,5.045717527346604e-16,Upregulated
241763_s_at,4.467721959074469,2.39746936812,2.070252590954469,10.264640632173828,5.2082213155156226e-17,5.056487214374067e-16,Upregulated
227996_at,4.051821097627659,2.73461428248,1.3172068151476592,10.21840523164037,5.221620505386149e-17,5.0676665554438725e-16,Upregulated
215633_x_at,7.6557477044999995,9.036366124550002,-1.380618420050002,-9.51773943414214,5.249278606629568e-17,5.093590098072848e-16,Downregulated
229331_at,6.435379740478725,8.53907258023,-2.1036928397512753,-9.347956345122563,5.262729574734713e-17,5.104800232762511e-16,Downregulated
1561754_at,3.2983827141595756,5.104866495089999,-1.806483780930423,-9.243673839915491,5.265642321448806e-17,5.106704614162377e-16,Downregulated
229313_at,4.535724750734042,5.884044212689998,-1.3483194619559562,-9.554911567847979,5.28195844161444e-17,5.121604772682067e-16,Downregulated
1557527_at,6.988988718159574,4.72967592391,2.259312794249573,9.509463502544497,5.309077326123076e-17,5.146972477701077e-16,Upregulated
1557996_at,7.9847962072978715,6.351264370019999,1.6335318372778724,9.319576762402868,5.3881672480130604e-17,5.221765109939288e-16,Upregulated
236778_at,4.837503029893617,2.3767145422299993,2.460788487663618,10.267089008299376,5.4342795627593486e-17,5.265504603901537e-16,Upregulated
214774_x_at,9.58704363244681,6.8727151179299995,2.7143285145168097,9.82993891358821,5.447788023313251e-17,5.275742287035047e-16,Upregulated
239091_at,4.825961356851064,3.2940323722400002,1.5319289846110635,9.423681738374711,5.52932143279341e-17,5.353736860202094e-16,Upregulated
1556211_a_at,5.893012639648936,4.2294106503,1.663601989348936,9.547256239647718,5.581445613962659e-17,5.403233149614751e-16,Upregulated
212912_at,9.505444199414892,10.735092689330001,-1.2296484899151086,-9.766690013254903,5.985140590310487e-17,5.782589757327822e-16,Downregulated
236835_at,3.8922821182234038,2.70821160829,1.1840705099334037,10.03254562319431,5.987099168165494e-17,5.783443172754118e-16,Upregulated
219326_s_at,6.974312182372341,8.142022885169999,-1.1677107027976579,-9.279243000490158,6.011896599888882e-17,5.806354292002575e-16,Downregulated
235646_at,5.184706555340426,3.4031342654199994,1.781572289920427,9.544748610031403,6.034318656017484e-17,5.82696343325954e-16,Upregulated
224476_s_at,5.508507345553191,4.27632478102,1.2321825645331916,9.844743302164165,6.149387101037076e-17,5.930624612092167e-16,Upregulated
204603_at,3.8671739182659577,2.27908433342,1.5880895848459575,10.239318653678085,6.252752522319857e-17,6.025990811064251e-16,Upregulated
203967_at,4.164043832468086,2.2579628275699997,1.9060810048980863,10.180969732910391,6.305390803171293e-17,6.073455403642034e-16,Upregulated
235911_at,7.605692845638299,5.867101680239999,1.7385911653983,9.953157637666765,6.542686331987574e-17,6.295258086802928e-16,Upregulated
1558216_at,4.657453864117021,2.2127561018699997,2.444697762247021,10.233700825697278,6.573319933070127e-17,6.322471135910405e-16,Upregulated
243338_at,7.50478897412766,6.044725583030002,1.4600633910976581,9.503127513568785,6.686191672975178e-17,6.426438622634791e-16,Upregulated
211056_s_at,6.137388952925531,4.86699462718,1.2703943257455306,10.178604288151105,6.711865726299387e-17,6.44996265775842e-16,Upregulated
232375_at,6.602904600191489,4.731119655860001,1.8717849443314885,9.608623992618718,6.71519128585389e-17,6.452005689548719e-16,Upregulated
210174_at,3.2465223524361706,4.750422329839999,-1.5038999774038286,-9.242515929841387,6.767154994262122e-17,6.5007715399425335e-16,Downregulated
213994_s_at,8.488813067744681,10.19286030417,-1.7040472364253194,-9.90727673825803,6.794296508651446e-17,6.525679143112977e-16,Downregulated
210034_s_at,4.0895309645638305,2.67956572727,1.4099652372938305,9.956318943768924,6.803972004718584e-17,6.533805360574787e-16,Upregulated
1569540_at,6.731192410425532,4.768694437580001,1.9624979728455312,9.528149203626896,6.805341193205522e-17,6.533953613312249e-16,Upregulated
209403_at,7.954451510510638,6.78591697146,1.168534539050638,9.321513886935387,6.834541810974378e-17,6.559647855907707e-16,Upregulated
232816_s_at,4.672283763893618,3.6123144979399995,1.0599692659536184,10.089121630511505,6.842744478686863e-17,6.566348876550431e-16,Upregulated
241302_at,2.356518446265958,3.40180778621,-1.0452893399440422,-9.682859704387344,6.965491842735258e-17,6.675800859824636e-16,Downregulated
241359_at,7.254405650436173,8.301188341750002,-1.0467826913138296,-9.731109811924654,6.993804982423853e-17,6.700170952071241e-16,Downregulated
243598_at,4.446687080265958,2.80961457172,1.637072508545958,9.693427445686472,6.994656582731569e-17,6.700170952071241e-16,Upregulated
236766_at,5.062018265755319,3.309138097200001,1.7528801685553184,9.820259271570134,7.003440846744053e-17,6.707390836591447e-16,Upregulated
242423_x_at,4.9268667579574466,3.7280109560300003,1.1988558019274462,9.581924225785219,7.021379900417591e-17,6.722177631254192e-16,Upregulated
242786_at,3.621237376808511,2.4200450027200002,1.2011923740885107,10.150024554943318,7.230497468218944e-17,6.91745885495596e-16,Upregulated
1567107_s_at,8.771910568595743,10.0431554092,-1.2712448406042576,-9.227982787202949,7.350360795055724e-17,7.028802013370129e-16,Downregulated
234084_x_at,5.5842907376595745,4.12153416012,1.462756577539574,9.726358001791906,7.350799710929791e-17,7.028802013370129e-16,Upregulated
207598_x_at,6.868315535106383,5.8128139036699995,1.0555016314363836,9.249468621690239,7.663545559825361e-17,7.321340346017173e-16,Upregulated
219681_s_at,10.062239610042555,11.17858136109,-1.116341751047445,-9.693510300690452,7.702640466484238e-17,7.356076351745761e-16,Downregulated
208195_at,2.810213518404255,4.17687020817,-1.3666566897657453,-9.278814293468105,8.092428255112955e-17,7.71599620864218e-16,Downregulated
214157_at,5.405741402436171,4.09348142352,1.3122599789161713,9.670791001000607,8.158906947669929e-17,7.772493253407276e-16,Upregulated
211889_x_at,4.225952970148936,3.187321355059999,1.0386316150889368,10.073240613095141,8.173919195444401e-17,7.784037143168777e-16,Upregulated
210095_s_at,11.794987351723403,10.05849187981,1.736495471913404,9.282692413733638,8.173015443111442e-17,7.784037143168777e-16,Upregulated
213993_at,6.5456231704787236,8.32302648938,-1.7774033189012766,-9.778375153609016,8.275421403347375e-17,7.876514167411819e-16,Downregulated
242343_x_at,7.633794248127659,5.916349873480001,1.7174443746476582,9.2605254968087,8.291015175220017e-17,7.889960053333047e-16,Upregulated
222853_at,9.590443255042553,11.271031340000002,-1.6805880849574493,-9.769787425357626,8.296307225860674e-17,7.893599512650666e-16,Downregulated
204030_s_at,8.949446346638299,10.02560278564,-1.0761564390017018,-9.46836284295733,8.348353936725438e-17,7.941714977727528e-16,Downregulated
226549_at,3.7320195049680853,2.45602013601,1.2759993689580855,10.150222460987834,8.357479153534501e-17,7.948989809938226e-16,Upregulated
231721_at,2.4473855707978727,4.00636061821,-1.558975047412127,-9.440502628033189,8.379433389510235e-17,7.968461886283548e-16,Downregulated
235363_at,4.213289813585107,3.19508622,1.0182035935851075,9.811479940609262,8.436157144154932e-17,8.019567835905217e-16,Upregulated
1552910_at,3.032226744797871,4.07775627086,-1.0455295260621291,-9.38687289349325,8.445538984835323e-17,8.027067676945621e-16,Downregulated
232063_x_at,4.8486105293723405,3.8008835230999996,1.047727006272341,9.682253031383482,8.6750778608828e-17,8.24086432047761e-16,Upregulated
209447_at,8.376491880734044,9.45487726531,-1.078385384575956,-9.67929249377302,8.685909518464355e-17,8.249696792514988e-16,Downregulated
239827_at,3.047350971797872,4.75256904836,-1.7052180765621276,-9.159195607952265,8.74764851159598e-17,8.305401991962954e-16,Downregulated
1554679_a_at,11.333674788574468,9.857462240300002,1.4762125482744661,9.434211502284418,8.758534047662154e-17,8.314269542667783e-16,Upregulated
232396_at,5.12989340019149,3.32671001424,1.8031833859514896,9.664261821258862,8.808557122172456e-17,8.357330276471472e-16,Upregulated
242859_at,5.665340061989362,3.82959899335,1.8357410686393618,9.516055538417469,8.841857968067932e-17,8.387445726111144e-16,Upregulated
204286_s_at,7.913855507276597,6.34234194224,1.5715135650365966,9.259947072212308,8.880625683029508e-17,8.421250581583659e-16,Upregulated
235926_at,6.896186410191489,5.30829886773,1.5878875424614893,9.204945821500745,8.895416755906434e-17,8.43378962864769e-16,Upregulated
234472_at,3.254245036308511,4.388948382029999,-1.134703345721488,-9.144069008460113,8.920229744984875e-17,8.455824410711253e-16,Downregulated
238716_at,6.207643439170212,7.45012865994,-1.2424852207697876,-9.428377002948137,8.974949751997312e-17,8.506196429267443e-16,Downregulated
235109_at,5.710327491510639,6.93250924722,-1.2221817557093608,-9.651277417302516,9.132704096910104e-17,8.652662014380956e-16,Downregulated
213273_at,3.5611597543085107,2.4180100133699995,1.1431497409385112,10.039316346645919,9.311416152030224e-17,8.814217338139697e-16,Upregulated
212354_at,9.96912239651064,7.886542028159999,2.0825803683506408,9.597311912495094,9.353882989475908e-17,8.851301028711316e-16,Upregulated
205660_at,5.227670652010639,6.853244444180001,-1.6255737921693623,-9.186204338517864,9.418819460542101e-17,8.90961349814839e-16,Downregulated
228368_at,5.306184352744681,7.260345970059999,-1.954161617315318,-9.659249495889854,9.735430159769782e-17,9.197784060660065e-16,Downregulated
201008_s_at,11.762756314042552,12.822082976599997,-1.0593266625574458,-9.309239336788199,9.862438097292491e-17,9.314505627760736e-16,Downregulated
64942_at,5.244553636053191,6.4561155253599996,-1.2115618893068083,-9.385749608940444,9.871799806174416e-17,9.321710399840188e-16,Downregulated
202404_s_at,12.863460750638298,11.192209507430002,1.671251243208296,9.256554754726466,9.900158379334916e-17,9.346847789905349e-16,Upregulated
216623_x_at,9.558188039776597,6.88044220146,2.6777458383165973,9.746816111942836,1.0152659054241456e-16,9.578511136492388e-16,Upregulated
1552658_a_at,2.875787685446809,3.9309944731599997,-1.0552067877131908,-9.14875200772984,1.0251299864162593e-16,9.66837862686049e-16,Downregulated
200623_s_at,8.118844907819149,9.30643870367,-1.1875937958508516,-9.114877119793436,1.0594134739348986e-16,9.98101473271369e-16,Downregulated
218365_s_at,5.6066124258936165,4.564375282239999,1.042237143653617,9.713226812709294,1.0855461102161192e-16,1.0218267953112388e-15,Upregulated
211417_x_at,7.992549263765957,9.23259707714,-1.2400478133740425,-9.579475614325068,1.0973132227228895e-16,1.0323611858907353e-15,Downregulated
211964_at,11.606496204074467,12.738542314000002,-1.1320461099255343,-9.315607241837693,1.1154089295092697e-16,1.0484687990665078e-15,Downregulated
225270_at,6.496639268085106,7.6194702761899995,-1.1228310081048933,-9.469822476694121,1.1225705172410825e-16,1.0548318979791905e-15,Downregulated
213517_at,7.655230658627659,6.1298779432599995,1.5253527153676592,9.27871930722098,1.142442774935171e-16,1.0727649670040173e-15,Upregulated
244474_at,4.334273361319148,2.9234146184600003,1.4108587428591481,9.615341624472077,1.1575062149423808e-16,1.0867102334943428e-15,Upregulated
204730_at,5.028011039765957,6.432951768019999,-1.4049407282540418,-9.357324060731923,1.1731612544689122e-16,1.1006393028582752e-15,Downregulated
225923_at,6.807760432904255,7.863893562689999,-1.056133129785744,-9.38743816896446,1.1896785277099774e-16,1.1157462823262221e-15,Downregulated
232466_at,4.815183450989362,3.217642915600001,1.5975405353893608,9.740805438061388,1.2159840344374734e-16,1.139225174642988e-15,Upregulated
220005_at,5.3815786736914895,6.9776256211100005,-1.596046947418511,-9.396374588590975,1.2265229132019098e-16,1.1488986661351084e-15,Downregulated
205005_s_at,7.199758628212766,8.25547924803,-1.055720619817233,-9.686145301878804,1.22928702918636e-16,1.1512873437544412e-15,Downregulated
1570571_at,5.858221922265958,3.88976848131,1.9684534409559582,9.478156233691235,1.2422606903520575e-16,1.1628303775021886e-15,Upregulated
209880_s_at,5.929692459031915,6.93961492817,-1.0099224691380853,-9.413956327737017,1.2771791984506019e-16,1.1951002151681293e-15,Downregulated
224461_s_at,7.064270213670213,5.748130520859999,1.3161396928102134,9.550231938682428,1.3100477457120523e-16,1.2250039647230259e-15,Upregulated
226334_s_at,9.064698461542552,7.68749683079,1.3772016307525519,9.129384528118232,1.3150610906673527e-16,1.229478112682674e-15,Upregulated
207130_at,3.9623011296914887,2.4861757435100005,1.4761253861814883,9.877038265881367,1.3401681212697054e-16,1.2525157701235862e-15,Upregulated
209344_at,8.877242432734043,10.111594436499999,-1.2343520037659559,-9.207209913224021,1.3489221552958526e-16,1.260478232188025e-15,Downregulated
203641_s_at,5.315678889617022,6.61370082626,-1.2980219366429777,-9.156234374188369,1.3690645962919858e-16,1.2786335887508377e-15,Downregulated
1556373_a_at,5.250164743159575,3.69273192361,1.5574328195495748,9.675898882367045,1.3850169390888122e-16,1.2930831641352344e-15,Upregulated
1555136_at,4.72313796293617,3.2139046283300003,1.50923333460617,9.913308652228444,1.3922719065722283e-16,1.2996309747812197e-15,Upregulated
211161_s_at,13.336658558053193,11.718350207550001,1.6183083505031917,9.116736540771614,1.4100239881963153e-16,1.314832701614546e-15,Upregulated
208579_x_at,9.915135456659575,8.814582783110001,1.1005526735495739,9.41172693500232,1.4290894629185623e-16,1.3319183131612856e-15,Upregulated
228879_at,8.803369148042554,7.8004215989,1.0029475491425544,9.169751739392984,1.4487464034018195e-16,1.3493034468116063e-15,Upregulated
238587_at,4.525396207095745,5.798376832990001,-1.272980625894256,-9.216326748775177,1.4499825986213485e-16,1.350220984235593e-15,Downregulated
228266_s_at,6.078256257531915,7.4573364369599995,-1.379080179428085,-9.653689371766307,1.456105224203095e-16,1.3556876508393227e-15,Downregulated
211416_x_at,6.703918202382979,8.345656974590002,-1.641738772207023,-9.580703802888591,1.4719838720446551e-16,1.3699969638656138e-15,Downregulated
233539_at,4.238806510308511,3.1582918064800007,1.0805147038285106,9.60605595464591,1.4911562530145537e-16,1.3873608411112401e-15,Upregulated
211715_s_at,6.537392851904255,5.295943513859999,1.241449338044256,9.163187226920225,1.4974275780537276e-16,1.39295468199927e-15,Upregulated
206091_at,5.044994893106383,6.97002702119,-1.9250321280836173,-9.228228849331156,1.4979395489902183e-16,1.393189980667264e-15,Downregulated
243673_at,4.749113994542553,3.418850288,1.3302637065425529,9.638340895447794,1.5074509617320452e-16,1.4015515544981813e-15,Upregulated
208284_x_at,7.779634920712764,9.06196940813,-1.282334487417236,-9.512418072498539,1.5136537683985686e-16,1.4070753817332426e-15,Downregulated
212845_at,8.461219595085106,9.630388719019999,-1.1691691239348927,-9.588440681871369,1.5163945798166595e-16,1.4093796245035226e-15,Downregulated
235457_at,8.349436488776593,9.45541706018,-1.105980571403407,-9.535194256919068,1.5269550375538799e-16,1.418459475818186e-15,Downregulated
233518_at,4.8661312122765965,2.921580773130001,1.9445504391465955,9.646396302110539,1.5924993195233222e-16,1.4783253089382362e-15,Upregulated
201341_at,8.836767200734045,7.820285683759998,1.0164815169740464,9.321645227753553,1.645932679298792e-16,1.5260840387651236e-15,Upregulated
240339_at,4.534531167531915,3.4424736023299998,1.092057565201915,9.427853804442634,1.6677292329289478e-16,1.5460269652243431e-15,Upregulated
226677_at,6.348652701787233,8.00977001032,-1.6611173085327673,-9.561494424825039,1.6772533976207972e-16,1.5543203177882874e-15,Downregulated
218590_at,3.9380894791914893,2.8479996342800002,1.090089844911489,9.813239170262529,1.6776492698873428e-16,1.5544193562473836e-15,Upregulated
219884_at,4.789802119829787,5.909291431280001,-1.1194893114502138,-9.07020519073681,1.6798281634558313e-16,1.556170127448077e-15,Downregulated
215599_at,8.311757147606382,6.4319959753700005,1.8797611722363818,9.372483060913314,1.6895499012376525e-16,1.5649066813839914e-15,Upregulated
215108_x_at,9.54886590667021,7.046302036859999,2.502563869810211,9.76555352827735,1.6940151309656972e-16,1.568772345628805e-15,Upregulated
236129_at,5.253312365691489,6.8932832147999985,-1.6399708491085097,-9.503133051229195,1.7070716366922373e-16,1.580591410761382e-15,Downregulated
1553301_a_at,3.832597548691489,2.55776167876,1.274835869931489,9.94808409099217,1.7152501290796744e-16,1.5876173368211902e-15,Upregulated
227236_at,5.709348800734043,7.277064000489999,-1.5677151997559564,-9.430968949895986,1.7166112270415193e-16,1.5886037759403846e-15,Downregulated
222931_s_at,5.937775565585105,4.670690420010001,1.2670851455751047,9.393068129504986,1.7359811795999406e-16,1.6057004939976338e-15,Upregulated
243318_at,6.536912905308508,4.9596067898600005,1.5773061154485077,9.410586071064474,1.745984226979329e-16,1.6143975869401786e-15,Upregulated
217551_at,5.0342438966489365,3.7867921196200003,1.2474517770289362,9.660084564978465,1.75087189348386e-16,1.6183604685156023e-15,Upregulated
207001_x_at,7.647422961085106,8.976055590069999,-1.3286326289848924,-9.15254436534984,1.824208966995737e-16,1.6844103604949822e-15,Downregulated
219880_at,6.9675624339680855,5.92350294558,1.0440594883880854,9.309450860586496,1.8481637481188882e-16,1.7047733726002832e-15,Upregulated
217294_s_at,12.664531786968082,11.54338912621,1.1211426607580819,9.113661155079823,1.8758805109018986e-16,1.7297464282422341e-15,Upregulated
205594_at,9.05564061356383,7.944453821589999,1.1111867919738305,9.261035455849129,1.878015044833408e-16,1.7314178471273512e-15,Upregulated
213486_at,2.949902538042554,3.9544370226599996,-1.0045344846174458,-9.130984461890243,1.8839729950550193e-16,1.7366130507631408e-15,Downregulated
238428_at,5.872350265744681,7.494217472060001,-1.6218672063153194,-9.657857098200875,1.9038919121063145e-16,1.7540721203246014e-15,Downregulated
239179_at,5.9813089375000015,4.293716642130001,1.6875922953700009,9.425935441775039,1.9079871371987754e-16,1.7572430849550229e-15,Upregulated
223600_s_at,2.7596190599893613,4.00786852534,-1.2482494653506389,-9.37102000139956,1.9204662223837436e-16,1.7681307127205072e-15,Downregulated
233057_at,2.775069078606383,3.8559982066100003,-1.0809291280036173,-9.376504433405868,1.9251286286158206e-16,1.771816708054937e-15,Downregulated
1568838_at,4.2612589857659575,2.22212924279,2.0391297429759576,10.00808762527349,1.9376914397521227e-16,1.783073939752056e-15,Upregulated
243037_at,5.760526613968085,4.029864407290001,1.7306622066780841,9.314652147701928,2.0044727465596928e-16,1.8416906584636082e-15,Upregulated
207492_at,4.442855519755319,3.1411791927899992,1.3016763269653193,9.503240962688865,2.035376205496709e-16,1.8694457750827523e-15,Upregulated
228392_at,6.794416858159574,5.35641774079,1.4379991173695732,9.124936650733014,2.0400227994356193e-16,1.8733936535845007e-15,Upregulated
1552921_a_at,5.055207844638298,3.816632876,1.2385749686382983,9.253006330392521,2.0759173014177906e-16,1.9050552461023253e-15,Upregulated
210070_s_at,4.06437973062766,3.00464079508,1.0597389355476605,9.419702813233805,2.1086367884994046e-16,1.9344215982641815e-15,Upregulated
215441_at,2.882033813287234,4.166422106130001,-1.2843882928427668,-9.173275470842647,2.1224619712850195e-16,1.9465827764739405e-15,Downregulated
220272_at,3.3200543565319145,4.40989424232,-1.0898398857880855,-9.06596124431898,2.1674974620993764e-16,1.98706355030641e-15,Downregulated
208190_s_at,10.31809641926596,9.24582189566,1.0722745236059588,9.193564997406531,2.1686214684195658e-16,1.9877551857603064e-15,Upregulated
215641_at,3.5402779784787217,2.38240423147,1.157873747008722,9.865514035738798,2.214770136011994e-16,2.0293633140637326e-15,Upregulated
232762_at,6.113054533563831,4.82410313138,1.288951402183831,9.46967931465758,2.2534848479165407e-16,2.0637823264096555e-15,Upregulated
237625_s_at,7.060838485702129,4.567569932910001,2.493268552792128,9.221349368055076,2.275610187420277e-16,2.0836903224478548e-15,Upregulated
1561973_at,4.053488606446809,2.6726393850099996,1.3808492214368093,9.831353925539132,2.2987818677904994e-16,2.10383327447643e-15,Upregulated
204994_at,8.502328367351064,7.2002610331099985,1.3020673342410651,9.113105820472192,2.3297419736843417e-16,2.131442452740024e-15,Upregulated
203021_at,11.979640129904256,13.9721657643,-1.9925256343957436,-9.814044236171906,2.339561703400616e-16,2.1400623431820668e-15,Downregulated
1559094_at,5.172677167489362,3.8971315701699996,1.2755455973193626,9.190120399023492,2.3458161416761686e-16,2.145418585209903e-15,Upregulated
232810_at,4.18831420956383,2.9481199625500007,1.2401942470138296,9.780062447642658,2.423866290300799e-16,2.213413791003714e-15,Upregulated
1559025_at,4.7498383949680845,2.7290960715900003,2.020742323378084,9.910086605533094,2.4341896484843345e-16,2.2224634940312074e-15,Upregulated
244766_at,4.643565067712766,3.20638065767,1.4371844100427658,9.513565555542401,2.446884636449815e-16,2.2332960640775452e-15,Upregulated
243806_at,2.2325823042659576,3.630236681949999,-1.3976543776840415,-9.815959494217129,2.610412777121148e-16,2.38012648974806e-15,Downregulated
229616_s_at,5.640042432968084,7.46047060253,-1.8204281695619162,-9.552525217744769,2.624631269391165e-16,2.3918742367921586e-15,Downregulated
235095_at,4.931447470042553,3.85497468632,1.076472783722553,9.362056299913615,2.6380311483413775e-16,2.40367852523614e-15,Upregulated
209663_s_at,3.723465296021277,4.81906159438,-1.095596298358723,-8.986897170973469,2.6998320159297795e-16,2.4583234265921637e-15,Downregulated
1559038_at,6.921234426414895,5.5435310622200005,1.3777033641948941,9.337012634131485,2.758599517250231e-16,2.5101342181495675e-15,Upregulated
231136_at,2.563573396574468,3.82136970528,-1.2577963087055322,-9.62315314449176,2.830807084860074e-16,2.5745314485337156e-15,Downregulated
235956_at,6.192052754212765,7.42765318232,-1.2356004281072357,-8.981734612328163,3.169934333841958e-16,2.8732404462423925e-15,Downregulated
200832_s_at,11.039471879978723,12.067966469199998,-1.0284945892212747,-9.144766897164546,3.177386914510065e-16,2.8795102373014043e-15,Downregulated
218704_at,7.487956680478725,6.403104624150001,1.0848520563287245,9.34463169420507,3.1868431986214887e-16,2.887107095857426e-15,Upregulated
235060_at,8.315923095574467,6.4008885378499984,1.9150345577244687,9.11795838869273,3.268706662649389e-16,2.95927716810739e-15,Upregulated
243386_at,5.988206126287233,7.625975362339999,-1.6377692360527663,-9.30573155030968,3.2861960441450825e-16,2.97410971614315e-15,Downregulated
205221_at,5.5720267036170235,2.7779375668800004,2.794089136737023,9.875634706790962,3.2930233923788815e-16,2.979787284362223e-15,Upregulated
203473_at,8.72404063819149,9.86975142981,-1.1457107916185105,-9.150255514578765,3.309952021791759e-16,2.9940982079396497e-15,Downregulated
209825_s_at,7.117326510148937,5.429994020740001,1.687332489408936,9.526473663004682,3.3237529602717623e-16,3.0060766221822267e-15,Upregulated
223392_s_at,4.551761281180852,5.69279404163,-1.1410327604491481,-9.05678548397859,3.333776784865516e-16,3.0141287300517167e-15,Downregulated
235278_at,7.585198085159574,9.855676950889999,-2.270478865730425,-9.367894237181233,3.4713003069893276e-16,3.13635743846343e-15,Downregulated
202008_s_at,5.909286914446809,7.374786734000001,-1.4654998195531919,-9.17195269753937,3.47987723826659e-16,3.1435787224959156e-15,Downregulated
232055_at,4.360739534340426,3.22516564949,1.1355738848504258,9.571304752648162,3.550296045779321e-16,3.2061152303271755e-15,Upregulated
204971_at,9.407370689648937,10.613601684539999,-1.2062309948910617,-9.305998278313893,3.566313876960113e-16,3.2200395868084043e-15,Downregulated
237864_at,4.942299654542554,3.28381812665,1.6584815278925538,9.546247733384035,3.5673428905376055e-16,3.2204280750328242e-15,Upregulated
210959_s_at,6.423777066085105,5.169094927170001,1.2546821389151042,9.516908710058875,3.6299335486812424e-16,3.2725378117561063e-15,Upregulated
235959_at,4.883955658085107,3.4998782068799996,1.384077451205107,9.221287520978775,3.6516332766526453e-16,3.29154931151398e-15,Upregulated
216375_s_at,4.114133293414894,5.2956932515199995,-1.1815599581051055,-8.92059135886349,3.6663901054073926e-16,3.3037436456599433e-15,Downregulated
231106_at,4.470733719542554,2.9576051412300006,1.513128578312553,9.461543399953976,3.7812644444247634e-16,3.4061143762825376e-15,Upregulated
209006_s_at,9.357688251531915,7.698322710679999,1.6593655408519155,9.13544028448538,3.8325477230450404e-16,3.451153722278596e-15,Upregulated
1552867_at,3.820996073765957,2.4552906703099997,1.3657054034559573,9.47482895372928,3.909434114977186e-16,3.518621541301254e-15,Upregulated
220251_at,4.341369527914893,3.2279604762100003,1.1134090517048931,9.655439624063883,3.9837485588462656e-16,3.5825096135446455e-15,Upregulated
232778_at,5.7138965930851064,4.04177618506,1.6721204080251066,9.2138110509292,4.001516236274352e-16,3.596683694589777e-15,Upregulated
204749_at,5.817091950287235,7.348876506310001,-1.5317845560227656,-9.378656208678105,4.0175000858813907e-16,3.609843962900375e-15,Downregulated
206341_at,5.845938216021276,4.62322904896,1.222709167061276,9.077967317204477,4.106532541070272e-16,3.68860987398139e-15,Upregulated
243088_at,5.63061962424468,4.1084229076100005,1.5221967166346797,9.352690911857897,4.180212952260276e-16,3.751659166532141e-15,Upregulated
1558217_at,6.623180879117021,5.15533059636,1.4678502827570208,8.950601752635745,4.1940280693898323e-16,3.763429992329021e-15,Upregulated
215013_s_at,4.946650888031915,3.37853819719,1.5681126908419145,9.437567661475557,4.278713019968813e-16,3.836220344924864e-15,Upregulated
235716_at,9.158352648340426,7.54441418742,1.6139384609204255,9.290877114044559,4.3016853823044715e-16,3.856174166210472e-15,Upregulated
210990_s_at,3.98556251024468,5.039611091749999,-1.0540485815053193,-8.938874137186115,4.3831525475440286e-16,3.927240428489141e-15,Downregulated
207115_x_at,4.592427128946809,3.33425133861,1.2581757903368085,9.4840412941017,4.4153739893271374e-16,3.955451455528804e-15,Upregulated
205018_s_at,6.937691644957447,8.37102388815,-1.4333322431925541,-8.92394315872071,4.41729510639019e-16,3.9558547218165626e-15,Downregulated
1565809_x_at,4.650038446414894,2.55867973092,2.091358715494894,9.810281335583928,4.417245034821726e-16,3.9558547218165626e-15,Upregulated
218627_at,10.93155632756383,12.076506037499996,-1.1449497099361654,-9.401539703452475,4.423323550837918e-16,3.9605939821103426e-15,Downregulated
222856_at,3.0924621658510634,4.273272402969999,-1.1808102371189357,-9.43080051245426,4.42470095544066e-16,3.961167869329749e-15,Downregulated
203498_at,8.883957296787234,10.272634362909999,-1.3886770661227654,-9.419322119513406,4.429297170525507e-16,3.964622692858794e-15,Downregulated
1554154_at,6.194588226776595,4.945424002039999,1.249164224736596,9.355828353135227,4.450485595695012e-16,3.982925428453443e-15,Upregulated
1561640_at,4.752358139170212,3.65303093505,1.0993272041202125,9.645028906674638,4.497889039097788e-16,4.021334106664123e-15,Upregulated
215509_s_at,3.8313066322446803,2.2208875818400005,1.6104190504046798,9.835903037292876,4.498812364406409e-16,4.021491138972297e-15,Upregulated
1558527_at,5.160835406138298,6.325553145510001,-1.164717739371703,-9.070158127560457,4.507632940234754e-16,4.02870630314833e-15,Downregulated
227019_at,4.653207882521276,3.2357195852399996,1.4174882972812761,9.508684215786902,4.54787060676657e-16,4.0633184128828356e-15,Upregulated
219928_s_at,4.892709701340426,2.4096130236000004,2.4830966777404253,9.815867287091834,4.611135508095693e-16,4.117790709587165e-15,Upregulated
217653_x_at,7.620600314521278,6.009753365870003,1.6108469486512753,9.076196132346993,4.635964368088424e-16,4.1392758881474766e-15,Upregulated
40093_at,6.464533534734044,7.63385715395,-1.1693236192159562,-9.101603250053573,4.683659884964344e-16,4.179086439493898e-15,Downregulated
242968_at,6.08550166180851,4.30536781212,1.78013384968851,9.150296988637201,4.699682601794514e-16,4.19268748416188e-15,Upregulated
210858_x_at,8.958812953957446,7.892645212810001,1.0661677411474457,9.075662015483994,4.722930006400567e-16,4.212728247500181e-15,Upregulated
201559_s_at,7.7824082657765965,9.42808544021,-1.645677174433403,-8.943468222359835,4.725871259014907e-16,4.214652819389418e-15,Downregulated
230349_at,4.194738347446809,2.51484222803,1.6798961194168092,9.747762489260902,4.743957121231819e-16,4.230080864101039e-15,Upregulated
201012_at,12.362528983340422,13.540002115399998,-1.1774731320595766,-9.490186049498702,4.754739040714116e-16,4.238992110788156e-15,Downregulated
202861_at,7.5461236141489385,8.894783822199999,-1.3486602080510606,-9.05006813506776,4.767752433925144e-16,4.249889499686738e-15,Downregulated
205033_s_at,2.7660220666170217,4.98067676536,-2.2146546987429785,-9.224166074336,4.816753845147418e-16,4.29214583027003e-15,Downregulated
223251_s_at,8.853607694542553,7.84257596123,1.0110317333125538,8.955126008213927,4.866245723880126e-16,4.334811071623326e-15,Upregulated
202422_s_at,7.933659249329787,9.04122858008,-1.1075693307502137,-9.268843453806943,4.88280505273032e-16,4.3488417381379865e-15,Downregulated
220855_at,5.033897645734043,3.58395041766,1.4499472280740426,9.1915551728999,5.03112656144713e-16,4.477236486333477e-15,Upregulated
226250_at,7.760935400510638,9.27591188802,-1.5149764875093616,-9.519298429165792,5.055743210317963e-16,4.498398747893498e-15,Downregulated
215281_x_at,7.549725420872339,5.852013492120001,1.6977119287523381,9.264110762890061,5.118252196415043e-16,4.553263523592119e-15,Upregulated
234973_at,4.087094854659574,5.273598060529999,-1.1865032058704248,-8.95648679545944,5.23760769202398e-16,4.65636309625127e-15,Downregulated
239862_at,4.316259397180851,2.2875254092600006,2.028733987920851,9.78953047399744,5.281067946333477e-16,4.693448786541514e-15,Upregulated
221902_at,4.977092147276595,6.16310060968,-1.1860084624034046,-9.154042964113367,5.288850300908823e-16,4.69958867147996e-15,Downregulated
205429_s_at,4.818535139053191,3.5498744994899996,1.2686606395631914,9.417640300622265,5.303394040525714e-16,4.711733595370269e-15,Upregulated
205542_at,9.08921603687234,7.14413608099,1.9450799558823402,9.082060441883407,5.315143368594418e-16,4.7213922580217904e-15,Upregulated
238875_at,6.198354500287234,4.75202247008,1.446332030207234,9.224331435447622,5.362481683203403e-16,4.758726939659763e-15,Upregulated
1555303_at,6.76590177342553,5.08668117502,1.6792205984055304,9.287969479711027,5.369921074419495e-16,4.764542641186522e-15,Upregulated
227626_at,6.172666137574467,7.252912976249999,-1.0802468386755324,-9.346799236166097,5.452953606074097e-16,4.8350241123689646e-15,Downregulated
236985_at,4.286867691457446,2.3619908774200002,1.9248768140374457,9.771663400452978,5.47745641661269e-16,4.8559497416174406e-15,Upregulated
224048_at,4.465754548063829,5.947669726319999,-1.4819151782561697,-9.092948928888227,5.523749560021449e-16,4.89376369354824e-15,Downregulated
231950_at,4.780484166680851,5.9019420596100005,-1.1214578929291497,-8.919954915982261,5.536751334740037e-16,4.903667170925863e-15,Downregulated
229360_at,3.6134211590531913,2.28169781548,1.3317233435731914,9.781863094057089,5.560306009068192e-16,4.923717797229861e-15,Upregulated
215128_at,4.845677376797871,3.4956004340100004,1.350076942787871,9.251032025481399,5.901197093069092e-16,5.21613454145956e-15,Upregulated
223735_at,3.8180858030106384,4.96356027784,-1.1454744748293617,-8.860209799994141,6.054565476730413e-16,5.350819236467664e-15,Downregulated
211080_s_at,3.897748149542553,2.24333042797,1.6544177215725528,9.756706142800116,6.121497115759835e-16,5.408193887454968e-15,Upregulated
235217_at,5.021601687223404,3.92765475695,1.093946930273404,9.117900340346202,6.12520738893449e-16,5.4105830944527915e-15,Upregulated
238320_at,7.594469770659573,4.39942848384,3.1950412868195723,9.470688104446387,6.371347784653787e-16,5.623388774948943e-15,Upregulated
1557504_at,4.18835900706383,2.48838326952,1.6999757375438298,9.684060013082455,6.410412288951328e-16,5.656011078962207e-15,Upregulated
202620_s_at,10.385247472755319,8.970658358230002,1.4145891145253167,9.379100426030337,6.506287778072005e-16,5.736839252973456e-15,Upregulated
244010_at,5.17559077175532,3.5865478413700003,1.5890429303853195,9.383992030269303,6.580231415893274e-16,5.799186087747593e-15,Upregulated
1557141_at,4.533338341393616,5.702697660779998,-1.1693593193863823,-8.829412762823193,6.677094725598779e-16,5.879735050934119e-15,Downregulated
204007_at,7.570864816063828,8.86375452785,-1.292889711786172,-8.98153435160727,6.679764832224763e-16,5.881123445179916e-15,Downregulated
217645_at,6.2457203231383,7.2886501636,-1.0429298404617002,-9.406956090194777,6.729943821377021e-16,5.9233637436849036e-15,Downregulated
205097_at,8.035591496393616,9.14482623084,-1.1092347344463835,-9.272928375184676,6.906782145059924e-16,6.076025260945258e-15,Downregulated
1567628_at,9.503643518499997,11.2771470486,-1.7735035301000028,-8.995291932615242,6.918791878683074e-16,6.084600065187178e-15,Downregulated
220572_at,5.004484557595745,3.7340634586600006,1.2704210989357447,9.250589583402549,6.978475554886704e-16,6.135081500410858e-15,Upregulated
233230_s_at,4.792852171297872,5.850518897030001,-1.0576667257321288,-8.823428253481513,6.998851890135424e-16,6.151989667638894e-15,Downregulated
209700_x_at,5.25609449956383,6.272041060109999,-1.015946560546169,-8.97333564432106,7.023495019552628e-16,6.170625663535734e-15,Downregulated
243514_at,5.357655387968084,3.62939519582,1.7282601921480838,9.207203845107095,7.05570870056185e-16,6.194879989690168e-15,Upregulated
214255_at,7.314053803872342,8.370314602659999,-1.0562607987876564,-9.255949115856199,7.133780097041003e-16,6.26138211976905e-15,Downregulated
215565_at,6.434608750478724,4.02115101385,2.4134577366287244,9.085463912039602,7.260664392137666e-16,6.370670391443989e-15,Upregulated
219602_s_at,6.618085233946807,8.03694525518,-1.4188600212331925,-9.146477137439186,7.279728169022976e-16,6.385314078588874e-15,Downregulated
231034_s_at,4.798100725393617,6.38047158924,-1.582370863846383,-9.032236635851245,7.305676443584664e-16,6.405984890685438e-15,Downregulated
204678_s_at,8.050040579436171,6.450279621769998,1.5997609576661729,9.193472187203941,7.33556096249694e-16,6.431140699736926e-15,Upregulated
204451_at,8.603940219968084,9.6877399421,-1.083799722131916,-9.09552330444078,7.46379229893951e-16,6.5403638414916994e-15,Downregulated
228658_at,5.857589671010637,3.855745596079999,2.0018440749306383,9.193752228342277,7.545281169542835e-16,6.6096171495933375e-15,Upregulated
228933_at,7.325473973648935,6.005340968990001,1.3201330046589348,9.217849699788633,7.644815834164817e-16,6.6957183594917576e-15,Upregulated
204887_s_at,4.890059507925532,3.7126355223099994,1.1774239856155324,9.64881382357285,7.762765724690709e-16,6.795705033662345e-15,Upregulated
229070_at,6.535663870170211,8.30741451914,-1.771750648969789,-8.908463241956296,7.764205028371278e-16,6.795858936631043e-15,Downregulated
222152_at,4.124912200521277,2.8169956642700003,1.3079165362512768,9.578831968771652,7.898996534246446e-16,6.911589842052698e-15,Upregulated
235979_at,5.261781234914893,7.043569457439999,-1.7817882225251065,-8.803950729899656,7.937122753622987e-16,6.941562348396195e-15,Downregulated
214181_x_at,7.945882255531916,9.20126116458,-1.2553789090480842,-9.07394110697114,8.027553040121824e-16,7.018367487256053e-15,Downregulated
202831_at,6.609681803606383,2.4067014760699994,4.202980327536384,9.62120928656503,8.055145150479059e-16,7.0413462873991e-15,Upregulated
227921_at,5.268035873851063,3.6416380129199997,1.6263978609310632,9.23108836212372,8.097671580662753e-16,7.0750708843003055e-15,Upregulated
209822_s_at,7.408747186734042,8.57153743836,-1.1627902516259576,-9.194899651408573,8.296128813829916e-16,7.243759486698959e-15,Downregulated
236831_at,6.887695401904255,7.91623931019,-1.0285439082857453,-9.056757282552226,8.364791386775324e-16,7.298972575098922e-15,Downregulated
226705_at,6.028561233212766,7.348282495249999,-1.3197212620372332,-9.232267604639116,8.489142545713755e-16,7.40507656444632e-15,Downregulated
217704_x_at,4.923058509648936,3.7484399354100004,1.1746185742389352,9.069838450398912,8.710337236546439e-16,7.590638344213979e-15,Upregulated
229398_at,4.898870344042551,3.79656669277,1.1023036512725515,9.139405565373742,8.898560643780896e-16,7.745880931969563e-15,Upregulated
232165_at,6.938241434574469,5.206263076759999,1.7319783578144703,9.087734648207817,8.936469692411608e-16,7.775104478745563e-15,Upregulated
203559_s_at,5.281766913340426,2.2436050687,3.0381618446404257,9.683582693182913,9.279104323517975e-16,8.062777142887525e-15,Upregulated
209949_at,8.472770899574467,9.676677118909998,-1.203906219335531,-8.93020817558835,9.35940288488317e-16,8.129923184210695e-15,Downregulated
205534_at,5.563605330617021,3.3480018188,2.215603511817021,9.471146237894576,9.591663035536792e-16,8.322264688326858e-15,Upregulated
204879_at,6.238517818851063,7.48351807663,-1.245000257778937,-9.208166695289776,9.623036818790685e-16,8.346793393573226e-15,Downregulated
228157_at,8.053653347819152,6.39700993364,1.6566434141791522,8.81630142360663,9.826124634645997e-16,8.51745269297453e-15,Upregulated
241472_at,5.055760897723405,3.9701716570300003,1.085589240693405,9.174744834975042,9.995797592237396e-16,8.658946195781617e-15,Upregulated
1554007_at,7.431472137468085,8.49202957943,-1.0605574419619144,-9.14004155776833,1.010388038726839e-15,8.749755442112666e-15,Downregulated
1557580_at,4.549396628159575,2.9347673738400006,1.6146292543195742,9.43415825080755,1.0159299720827572e-15,8.79491541581252e-15,Upregulated
219846_at,4.15491050412766,3.10765315138,1.0472573527476596,9.39333453017224,1.0163837171435726e-15,8.797427520161603e-15,Upregulated
241816_at,5.544318517553192,4.044121316929999,1.5001972006231927,9.099253930177584,1.0185063840504914e-15,8.814382039024898e-15,Upregulated
221016_s_at,5.969576079340426,7.3153943215799995,-1.3458182422395737,-9.338070411415208,1.0311506500600675e-15,8.919502872970536e-15,Downregulated
1554638_at,6.47473719681915,4.8394443766099995,1.6352928202091501,8.986281856389736,1.045346002116465e-15,9.037932819456066e-15,Upregulated
242440_at,6.467229288978724,4.82012844597,1.6471008430087242,9.203633266642298,1.048825371730238e-15,9.066068498610479e-15,Upregulated
241798_at,6.434248815010639,4.885546005579999,1.5487028094306394,9.069272035636715,1.0523276924717922e-15,9.092449360206879e-15,Upregulated
226932_at,7.002974353287233,8.533546819049999,-1.5305724657627655,-9.319173271929074,1.0806480237337486e-15,9.323666121999262e-15,Downregulated
1560776_at,4.323101478234043,2.59066167127,1.732439806964043,9.522964954363905,1.081781468427336e-15,9.330451901993696e-15,Upregulated
229470_at,5.7310170634999995,4.09702342462,1.6339936388799998,9.11949753573273,1.0909843121860028e-15,9.406810230079569e-15,Upregulated
200974_at,12.265143920361705,13.450617166400002,-1.1854732460382973,-9.08309235391476,1.1106238803495827e-15,9.574613884994816e-15,Downregulated
235885_at,5.33556976119149,7.133069747440001,-1.7974999862485115,-8.972840042974747,1.1174519609680133e-15,9.631934482792558e-15,Downregulated
204268_at,7.842661875446808,5.322326261350001,2.5203356140968074,8.766594961213073,1.1321641200469328e-15,9.75405724184596e-15,Upregulated
205495_s_at,5.105007416393617,7.346467486890001,-2.241460070496384,-8.84009852183053,1.1400752368464006e-15,9.820641686262092e-15,Downregulated
243611_at,3.7329998115744676,4.870931023340001,-1.1379312117655331,-8.963986719852947,1.156183192803031e-15,9.957801314348092e-15,Downregulated
232056_at,8.108146614095745,10.2455530213,-2.1374064072042547,-9.373560501950168,1.1679647893428643e-15,1.0054442087003088e-14,Downregulated
207569_at,4.980114755702128,6.717395001489999,-1.737280245787871,-9.09378646778712,1.1730302156767691e-15,1.0094816508862512e-14,Downregulated
226364_at,7.789393551999999,8.956348625219999,-1.1669550732199996,-9.207968464137464,1.2006164521583087e-15,1.0323957873027465e-14,Downregulated
1557521_a_at,3.8462145783297865,2.34844883013,1.4977657481997864,9.60425299757995,1.2042386303378181e-15,1.0353449324064879e-14,Upregulated
242110_at,7.478465788414893,5.614876098350001,1.8635896900648925,8.932976346052437,1.2407839889691715e-15,1.065232364416534e-14,Upregulated
241388_at,4.6137587671702125,3.30383885217,1.3099199150002123,9.255883820132013,1.247387650481162e-15,1.0707308038426392e-14,Upregulated
209260_at,8.49491052451064,6.88854706206,1.6063634624506404,8.727826001012783,1.2643294748321263e-15,1.084407991282423e-14,Upregulated
219208_at,3.343171684734043,2.27099910502,1.0721725797140431,9.597284737358674,1.280705892382258e-15,1.098103732307861e-14,Upregulated
220651_s_at,4.001405063765957,2.22512021411,1.7762848496559571,9.615281903557966,1.3024240524324637e-15,1.1158359363512662e-14,Upregulated
213436_at,4.660186271223403,6.2691469037,-1.608960632476597,-8.87164176704729,1.3174099778879753e-15,1.1283154947560929e-14,Downregulated
235419_at,9.147359142702125,7.057173101120001,2.0901860415821245,8.920637820760083,1.3197733392225866e-15,1.1301596692155078e-14,Upregulated
226350_at,9.949578959531914,8.86218410835,1.087394851181914,9.16062366174683,1.3328100851996438e-15,1.1407785366414392e-14,Upregulated
207264_at,3.6871526467553193,2.32919436033,1.3579582864253195,9.185351082159675,1.363530395970085e-15,1.1661447905493241e-14,Upregulated
203349_s_at,8.17683279738298,9.462792288740001,-1.285959491357021,-9.138993886222512,1.368678393182085e-15,1.1703614635245091e-14,Downregulated
205676_at,4.498109925159575,2.8280370057399993,1.6700729194195758,9.321762492521078,1.4074879630600077e-15,1.2029739008604095e-14,Upregulated
229225_at,6.113854265085108,7.2345011462299995,-1.120646881144891,-8.932563793163563,1.4139700106580772e-15,1.2083220685296368e-14,Downregulated
204702_s_at,7.979336672106382,6.61832516552,1.3610115065863821,9.214338692873152,1.4145755751990503e-15,1.2086475280008915e-14,Upregulated
204457_s_at,8.865038092212766,10.631824330929998,-1.7667862387172324,-9.076858969708288,1.4362281720745738e-15,1.2263687642991431e-14,Downregulated
243388_at,6.102839025265958,5.0758414718900005,1.0269975533759572,9.182880123547408,1.5033318843598589e-15,1.2816327267741222e-14,Upregulated
1565620_at,5.859168542319146,4.232439488879999,1.6267290534391474,9.287831495901118,1.5050286024039011e-15,1.2828758860363903e-14,Upregulated
204285_s_at,9.446992472212767,7.975904643969999,1.4710878282427675,8.719928815485414,1.5575584184206584e-15,1.3261807360008474e-14,Upregulated
205931_s_at,3.91018458993617,5.17857993892,-1.2683953489838298,-8.747505136401884,1.5581132818113514e-15,1.3264431936610533e-14,Downregulated
203472_s_at,5.6539584769148945,7.007078996320001,-1.3531205194051061,-8.717759960633598,1.5680497857938723e-15,1.3344798382707155e-14,Downregulated
230256_at,7.110428172489364,5.589227614279999,1.5212005582093653,8.79868985144053,1.569547701837741e-15,1.3355433110432644e-14,Upregulated
222316_at,4.2958525372553185,2.9798900768000003,1.3159624604553182,8.855682536311132,1.5804448618957493e-15,1.3446030898754315e-14,Upregulated
204015_s_at,8.804038203425533,7.0600436772899995,1.7439945261355332,9.284325987988781,1.6227952504694416e-15,1.3795426796546449e-14,Upregulated
1559584_a_at,7.820491241521276,9.011882490720001,-1.191391249198725,-9.030987592765948,1.6258386418784565e-15,1.3819114600517488e-14,Downregulated
218451_at,6.433100969212767,5.301328863899999,1.131772105312768,8.91225330158957,1.6373798244871099e-15,1.3910616212267209e-14,Upregulated
228391_at,7.556381956723405,8.679715173399998,-1.1233332166765928,-9.135439382822126,1.6555652717524713e-15,1.4054014158219447e-14,Downregulated
219788_at,4.880934286170212,6.2889868818700005,-1.4080525956997887,-8.86363032592488,1.66790947640991e-15,1.4156569212274485e-14,Downregulated
242751_at,5.519708070446808,3.93226300441,1.5874450660368078,9.189565600554733,1.6922098444647811e-15,1.434697331248151e-14,Upregulated
203591_s_at,5.143777097234044,6.62825839124,-1.4844812940059562,-9.033236764203348,1.6964389309958491e-15,1.4380561756113908e-14,Downregulated
231195_at,2.634193165670213,3.6808656734599996,-1.0466725077897867,-8.76401869872887,1.7225754034373106e-15,1.4597517039432674e-14,Downregulated
243948_at,5.651601560595746,6.66281322385,-1.0112116632542536,-8.724998120160874,1.7598155277426145e-15,1.4901359882739966e-14,Downregulated
211581_x_at,7.902829594234043,9.04160894326,-1.138779349025957,-8.924602628047527,1.7624790230314408e-15,1.4921564100860865e-14,Downregulated
204389_at,7.670245181670212,9.01115962058,-1.3409144389097891,-9.070365211730689,1.7692561784484713e-15,1.4974227036039256e-14,Downregulated
232164_s_at,8.084934257138297,6.3383041463400005,1.7466301107982964,8.98332499175563,1.81577040428649e-15,1.5360652243622704e-14,Upregulated
232648_at,4.327131871617021,3.2928097661099995,1.0343221055070213,9.333169839047285,1.862971637355872e-15,1.574218982981039e-14,Upregulated
1557562_at,4.2576171645,2.85516651719,1.4024506473100002,9.44480665487795,1.862852551851563e-15,1.574218982981039e-14,Upregulated
204995_at,4.609153384914893,3.30423750481,1.3049158801048928,9.158234468972736,1.865544414876461e-15,1.5756936541856994e-14,Upregulated
215070_x_at,3.61133198237234,2.3492407720300004,1.2620912103423398,9.320663743727266,1.867437526255565e-15,1.577044980172426e-14,Upregulated
1557122_s_at,3.4614500372127655,4.69678420981,-1.2353341725972342,-8.719652722445879,1.879014062951492e-15,1.586323189293815e-14,Downregulated
238161_at,4.403547336499999,3.0752386064000006,1.3283087300999985,9.217046583476103,1.8793304652106653e-15,1.5863413120185318e-14,Upregulated
210772_at,2.8421482526489354,4.20314278347,-1.3609945308210643,-8.85752527145034,1.9039835649339317e-15,1.606394667035866e-14,Downregulated
227032_at,5.889252939,7.28374167312,-1.3944887341199994,-9.174541999362098,1.915919362806042e-15,1.6159579559022387e-14,Downregulated
219615_s_at,7.116108968468085,5.82185173171,1.2942572367580851,8.98223353797198,1.991397397651148e-15,1.6780401132706355e-14,Upregulated
229797_at,5.613598569680852,7.4525665298499995,-1.838967960169147,-9.13211698584384,2.0266717451123168e-15,1.706160063900627e-14,Downregulated
204588_s_at,8.682992687978722,9.73732553948,-1.0543328515012789,-8.852923795275553,2.06494327092786e-15,1.7370196867395352e-14,Downregulated
1560386_at,3.911055486265958,2.63249941971,1.278556066555958,9.192789241955921,2.1066270593439097e-15,1.771529753187485e-14,Upregulated
216197_at,4.760291529255318,3.5179323386699997,1.2423591905853186,8.953090349259298,2.15666924925033e-15,1.811346224862246e-14,Upregulated
217594_at,3.7739506206702123,2.3950922546,1.378858366070212,9.425257032900909,2.1705978852242473e-15,1.8219066456721498e-14,Upregulated
203892_at,11.308269755361701,9.799033626719998,1.509236128641703,8.818529577068782,2.18055619528012e-15,1.829979646112288e-14,Upregulated
201387_s_at,7.611552475563829,5.187027709740001,2.4245247658238283,9.050095417658122,2.232229982322376e-15,1.8724691489268764e-14,Upregulated
239151_at,6.926259630893617,5.561371960059998,1.3648876708336193,9.017747148919405,2.247939083705526e-15,1.884764638444044e-14,Upregulated
232504_at,4.6825349142978725,3.34427968546,1.3382552288378724,8.972083043442161,2.25050933836329e-15,1.8866255497694502e-14,Upregulated
222911_s_at,3.826626591223404,5.03710264246,-1.2104760512365957,-8.886257530674046,2.25785706038621e-15,1.892490257907631e-14,Downregulated
231899_at,7.182788587968087,8.204126643780002,-1.0213380558119152,-9.049141610366663,2.2791742452193482e-15,1.9097626725871296e-14,Downregulated
209030_s_at,10.07435323425532,11.20676336537,-1.1324101311146801,-9.195552450009668,2.3348853468830134e-15,1.954617015835794e-14,Downregulated
205774_at,3.518711175234042,2.2471099564199997,1.2716012188140424,9.498129007992544,2.3471331872246325e-15,1.9645643574239664e-14,Upregulated
230109_at,4.364113572712766,5.84839198028,-1.484278407567234,-8.772376179146647,2.393329155148365e-15,2.001984478053032e-14,Downregulated
210732_s_at,7.421757510531913,6.027066489149999,1.394691021381914,8.742228077378574,2.40546223695882e-15,2.0115079582877344e-14,Upregulated
242297_at,5.86910087006383,4.4524917102,1.41660915986383,8.752517283251786,2.468739292633009e-15,2.063459387623295e-14,Upregulated
211582_x_at,7.973787924414895,9.18282330497,-1.2090353805551057,-8.935522295949738,2.4771368936051247e-15,2.0698350933578568e-14,Downregulated
222375_at,5.077930958202129,4.06816309594,1.0097678622621284,8.828734658246752,2.5160344061114233e-15,2.1013575553898915e-14,Upregulated
232602_at,4.5208732234468085,2.63586362785,1.8850095955968085,9.438645586151704,2.5342733195418693e-15,2.1162618345734975e-14,Upregulated
201562_s_at,6.6696065930212765,5.518691224879999,1.1509153681412778,9.031416852646045,2.5855528242102e-15,2.1580779671472656e-14,Upregulated
1569601_at,5.524734650659576,4.43268218319,1.0920524674695757,8.885900828160622,2.5911702941667813e-15,2.1620956475652264e-14,Upregulated
202295_s_at,13.032833754893618,14.053751890200001,-1.020918135306383,-9.079837090227672,2.6047856987130396e-15,2.1731193359854126e-14,Downregulated
218162_at,8.785321498404256,10.19400320429,-1.4086817058857442,-9.13653715682221,2.624899641536348e-15,2.1895603616574753e-14,Downregulated
204848_x_at,4.224347685978724,5.415457714469999,-1.1911100284912743,-8.761532258661704,2.6457138132748044e-15,2.2058333468915845e-14,Downregulated
210827_s_at,10.339666811265955,9.111560590660002,1.2281062206059534,8.659221436355184,2.6541312273398086e-15,2.2115430239147785e-14,Upregulated
202037_s_at,3.7906536530744677,5.6923076356,-1.901653982525532,-8.615585812026021,2.6789447608610358e-15,2.231181835052209e-14,Downregulated
36829_at,6.82403357887234,8.28662256381,-1.4625889849376605,-8.806954300383001,2.6865790700903172e-15,2.237193712089763e-14,Downregulated
204823_at,5.768454826882978,6.97480099079,-1.206346163907022,-8.754855698762912,2.7169755079656037e-15,2.2621554902699375e-14,Downregulated
239451_at,3.775538806489361,2.3317810168099995,1.4437577896793616,9.366966474090217,2.729907078130257e-15,2.2722188502679354e-14,Upregulated
204882_at,6.306035744808512,7.451620051799999,-1.1455843069914868,-9.015340221981177,2.779947997121268e-15,2.31279633369164e-14,Downregulated
204604_at,8.09860399224468,9.10790061519,-1.0092966229453193,-9.284113211211395,2.7962457373412433e-15,2.32563589343801e-14,Downregulated
213713_s_at,5.607707773776596,4.37058440475,1.2371233690265964,8.840170606805943,2.8047356311297027e-15,2.3319757405463318e-14,Upregulated
205817_at,3.914073233851064,2.4375828029099997,1.4764904309410642,9.299725745631076,2.8246178796866547e-15,2.347780826407455e-14,Upregulated
242143_at,5.926839571372341,4.0484048796000005,1.8784346917723402,8.778122642787,2.8844714029463993e-15,2.394569823720868e-14,Upregulated
228271_at,4.791257372723405,3.5423190915799996,1.2489382811434053,9.20161973447615,2.9173554718569302e-15,2.4207479390511702e-14,Upregulated
226770_at,8.395578624521274,9.487855434140002,-1.0922768096187276,-9.06007012745764,2.972397591313749e-15,2.4652795196052628e-14,Downregulated
215648_at,3.798327402148936,2.3781106829399996,1.4202167192089363,9.368911071899209,3.0454586570639463e-15,2.5227635812234933e-14,Upregulated
1559490_at,5.146354823223405,3.733161473989999,1.4131933492334054,8.951697205254291,3.0781859021100475e-15,2.5483039392164233e-14,Upregulated
236953_s_at,7.146691361287234,5.967550465709999,1.179140895577235,8.826746439433991,3.3003797334252288e-15,2.726793000645305e-14,Upregulated
223767_at,3.903502129340425,2.5404950479700004,1.3630070813704247,9.128818539760976,3.3624821932869623e-15,2.7760975947315982e-14,Upregulated
230229_at,6.055144942085107,4.404954400399999,1.6501905416851077,8.708020819266487,3.3770310550344e-15,2.785843440584053e-14,Upregulated
232002_at,3.8012136364680855,2.57852636485,1.2226872716180854,9.149628203307817,3.406988286170555e-15,2.8096944489415742e-14,Upregulated
223797_at,6.209874714276596,4.11114832382,2.098726390456596,8.930926697210067,3.428757490849084e-15,2.826780355653109e-14,Upregulated
219694_at,7.803656547170214,8.956981140060002,-1.1533245928897875,-8.958999113314725,3.4737854853688264e-15,2.8630252239664064e-14,Downregulated
214782_at,4.003404589414894,2.7106622420199993,1.2927423473948951,9.120039893554406,3.5197790782109376e-15,2.899599287802933e-14,Upregulated
205600_x_at,4.493616621,5.61217274866,-1.1185561276599998,-8.719437085500552,3.547727042977665e-15,2.9217278630163326e-14,Downregulated
202340_x_at,8.502300307957448,10.30876809285,-1.8064677848925523,-8.57441267717765,3.628541638240039e-15,2.984626709808514e-14,Downregulated
203328_x_at,6.148755776489362,5.0364564311599995,1.1122993453293626,8.7528568323145,3.640305119404923e-15,2.9938448188427093e-14,Upregulated
215659_at,4.0628799851489354,2.2429399954899996,1.8199399896589359,9.362540045815207,3.703308580670291e-15,3.04379821699163e-14,Upregulated
228977_at,7.208394055010639,8.75203190607,-1.5436378510593611,-8.882157331255275,3.729785389887585e-15,3.063687186629408e-14,Downregulated
239327_at,4.2210293964148935,5.29244930884,-1.0714199124251067,-8.571421216101621,3.750284898903821e-15,3.079114998816072e-14,Downregulated
207263_x_at,3.7239078133723402,2.4523258587,1.2715819546723401,9.32397527358919,3.751885927735017e-15,3.0799593484303365e-14,Upregulated
226908_at,8.907501111212765,7.681745955690002,1.225755155522763,8.91807585512981,3.816669103230817e-15,3.131228864953824e-14,Upregulated
215921_at,5.863216194723406,4.7032319605,1.1599842342234057,8.952841108884071,3.817280975045019e-15,3.131253233548443e-14,Upregulated
213661_at,4.792788193648937,6.262725678840001,-1.469937485191064,-8.599720839624096,3.84230905341181e-15,3.151302756126984e-14,Downregulated
1560133_at,4.509283589723404,3.19478796588,1.3144956238434045,9.096031833004233,3.8434842530842165e-15,3.1517860045187936e-14,Upregulated
213109_at,5.207225492308511,6.41122039931,-1.2039949070014897,-8.886166189925797,3.879447602352705e-15,3.1793382407457354e-14,Downregulated
1565889_at,4.448586829787233,2.93897599093,1.5096108388572334,8.859838018653381,3.890184059360204e-15,3.187651429261852e-14,Upregulated
224404_s_at,4.892288370542555,2.74450185755,2.1477865129925546,9.004425538409002,3.928927653190716e-15,3.2179275583145406e-14,Upregulated
209007_s_at,10.56604558051064,9.538750083150001,1.0272954973606385,8.571006743159145,3.939300595971224e-15,3.2244593190520205e-14,Upregulated
210306_at,4.213047512819149,2.8353750025699997,1.3776725102491496,9.157348554569841,3.9469316271413055e-15,3.2302140063515254e-14,Upregulated
227240_at,5.382886231308511,3.9663490800700005,1.4165371512385105,9.273332559864459,4.034249475391805e-15,3.2986643703773735e-14,Upregulated
225566_at,7.232180542553193,8.23457256149,-1.0023920189368063,-8.995317908482496,4.07967363418191e-15,3.3347921897888784e-14,Downregulated
37145_at,5.403366245361703,7.430065816209999,-2.0266995708482964,-8.62394207050427,4.229599009969207e-15,3.4541939318281774e-14,Downregulated
211806_s_at,6.837129235031914,8.60859823421,-1.7714689991780856,-9.06758382472075,4.243248193965093e-15,3.4642888184670087e-14,Downregulated
207655_s_at,8.47927713931915,7.462553282939999,1.0167238563791505,8.63459894937745,4.2801377901605345e-15,3.4928158273642014e-14,Upregulated
240072_at,4.246785981074467,3.122065547199999,1.1247204338744679,9.04956091747456,4.284249117384175e-15,3.495640519229751e-14,Upregulated
208792_s_at,11.150855870755317,12.582737380300003,-1.4318815095446862,-9.119022438543972,4.3186724141808216e-15,3.522658696832418e-14,Downregulated
209325_s_at,6.089227613936171,7.521676245349999,-1.4324486314138278,-8.559785619643593,4.348239356443977e-15,3.5457004552106693e-14,Downregulated
1557522_x_at,4.569087524957447,3.39495321541,1.1741343095474468,9.15359444397611,4.370220884594654e-15,3.562544718078328e-14,Upregulated
219403_s_at,6.2215990242127654,4.73559645195,1.4860025722627652,8.616792453667939,4.457238314908635e-15,3.6301789825208334e-14,Upregulated
1562966_at,3.5953795321702127,2.52966025769,1.0657192744802129,9.202161048617755,4.496063128559728e-15,3.6601369976193966e-14,Upregulated
217109_at,8.2928427185,5.475816627330001,2.817026091169998,8.692506413384011,4.564950483722267e-15,3.7117222481857274e-14,Upregulated
243444_at,8.064256964404256,6.8197923832799985,1.2444645811242578,8.988021895135727,4.59625653551682e-15,3.736047363145046e-14,Upregulated
208119_s_at,6.175077922734042,5.1531690461599995,1.0219088765740425,8.881800402317841,4.6085986647001495e-15,3.7455135657232134e-14,Upregulated
1559020_a_at,4.886562979468084,3.614630138689999,1.271932840778085,8.809622094124274,4.6191870327038355e-15,3.7535518014958225e-14,Upregulated
1554930_a_at,6.612564786819148,5.510853013009999,1.101711773809149,8.834116431557955,4.686805282516953e-15,3.807923095550708e-14,Upregulated
242612_at,4.7896637913936155,3.5364932425499997,1.2531705488436158,8.973844619410857,4.809894240796732e-15,3.904391361839617e-14,Upregulated
1563209_a_at,6.315082280606384,8.55323491693,-2.2381526363236164,-8.773427326714929,4.851812191286492e-15,3.937823608277279e-14,Downregulated
242693_at,5.953661239021275,3.9203556109999997,2.0333056280212753,9.026515487824707,4.897702244680701e-15,3.972670983749e-14,Upregulated
91826_at,7.218387746648936,6.01365737744,1.204730369208936,9.001545519428804,4.917779371976664e-15,3.98835466376865e-14,Upregulated
205751_at,2.4037844044680856,3.6562590265200003,-1.2524746220519147,-8.546938368821023,4.9720992601509365e-15,4.031192806850743e-14,Downregulated
229310_at,5.923908983393618,7.34788864228,-1.423979658886382,-9.084037307982502,4.978893849524968e-15,4.036093211613412e-14,Downregulated
221539_at,8.177403847702129,6.989470460290001,1.1879333874121283,8.960069848211699,5.037406999911722e-15,4.08291098398511e-14,Upregulated
217152_at,5.912095945595746,4.81509502451,1.0970009210857459,8.65410379074828,5.04846129390312e-15,4.091254168357288e-14,Upregulated
213268_at,5.193292236914894,6.614854135720001,-1.4215618988051064,-8.823207420007133,5.066357078827479e-15,4.1051383224136004e-14,Downregulated
215521_at,4.637444033978724,3.4670896637900004,1.1703543701887238,9.037665426001094,5.082377577528666e-15,4.117499026735304e-14,Upregulated
218332_at,3.6706381402234043,5.71323504555,-2.042596905326596,-8.596333092223324,5.091663924772732e-15,4.124401142437141e-14,Downregulated
224215_s_at,5.2658106662872335,6.72927807619,-1.4634674099027665,-8.841731927301888,5.108859349821117e-15,4.1377068060454545e-14,Downregulated
218232_at,11.108142717531914,12.483365802199998,-1.3752230846680842,-8.770172048431984,5.1670179720184454e-15,4.1835500322592825e-14,Downregulated
230710_at,4.929174618776596,3.9210330371100004,1.0081415816665955,9.012037592902438,5.1748000268036764e-15,4.1879595883488195e-14,Upregulated
210717_at,4.318865607297873,2.6651261388,1.6537394684978732,9.104606122378442,5.183542947482778e-15,4.194404106714438e-14,Upregulated
242890_at,3.4196808565319143,2.32981802622,1.0898628303119144,9.255794804059018,5.19048960677354e-15,4.1993934114007464e-14,Upregulated
239228_at,4.60509489124468,3.152987966609999,1.452106924634681,8.839011926648954,5.244340658940526e-15,4.2423237581858195e-14,Upregulated
214574_x_at,7.829609991627658,9.028365745719999,-1.1987557540923408,-8.73796849565819,5.251871902159623e-15,4.247777174880564e-14,Downregulated
227062_at,10.04447450118085,7.421039434299998,2.6234350668808526,8.71588453002735,5.311481628237715e-15,4.2946985997653905e-14,Upregulated
235167_at,6.895045032351063,4.99314945628,1.9018955760710625,8.721642358464202,5.3174699463254654e-15,4.2988943113341575e-14,Upregulated
1558280_s_at,3.1403301920425526,4.36051400091,-1.2201838088674477,-8.528233919233442,5.328129977671563e-15,4.3068650282392946e-14,Downregulated
230332_at,7.001981730297872,5.11866055099,1.8833211793078721,8.752467856374814,5.3828013360564106e-15,4.3504034960350125e-14,Upregulated
235944_at,8.124707513553192,9.53433604627,-1.409628532716809,-8.959191668217375,5.4683983215772885e-15,4.4162653472125534e-14,Downregulated
232613_at,4.7714576384042555,3.66664508774,1.1048125506642554,8.833643003879393,5.487274382715088e-15,4.4301792246879874e-14,Upregulated
243612_at,5.549178198382978,4.41178585123,1.1373923471529777,8.977421387607283,5.511505985061371e-15,4.449074904885351e-14,Upregulated
222075_s_at,4.318459952212766,3.2165388874300005,1.1019210647827657,9.159562031308361,5.531642965672185e-15,4.4646600923115866e-14,Upregulated
1556345_s_at,4.297353694319149,3.27201472806,1.0253389662591492,9.002683192870231,5.563315908740336e-15,4.4895500295199954e-14,Upregulated
1552307_a_at,4.971855619031916,3.81910070901,1.1527549100219159,9.037257297422684,5.630213454319552e-15,4.5408106290902896e-14,Upregulated
218858_at,8.912793999819147,7.728852784490001,1.1839412153291464,8.576942105110636,5.758142263444569e-15,4.6384220425584776e-14,Upregulated
213915_at,6.872084880021277,8.49118975206,-1.619104872038723,-8.668127192678968,5.8653538249474e-15,4.722663485458396e-14,Downregulated
215783_s_at,6.61901904688298,8.47512066761,-1.8561016207270198,-8.868796287812204,5.99912700015248e-15,4.8260401560006176e-14,Downregulated
1559862_at,4.664431971425531,3.5870307046799996,1.077401266745531,9.097714882282013,6.03141101719312e-15,4.8505603015961297e-14,Upregulated
219936_s_at,5.142313736212766,2.4360838898500004,2.7062298463627656,9.118861400239837,6.041484417131536e-15,4.856483049765906e-14,Upregulated
230792_at,6.157877325595747,5.122702524749999,1.0351748008457475,8.811969829052915,6.053211787633506e-15,4.865183042583021e-14,Upregulated
204446_s_at,10.349646440074471,11.510206205560001,-1.1605597654855302,-8.606981790924626,6.115665867641611e-15,4.9139110301310385e-14,Downregulated
240616_at,5.265340274882979,4.235350658340001,1.029989616542978,9.170841015767408,6.126269914735887e-15,4.921696096101336e-14,Upregulated
202856_s_at,9.833349714308511,8.3743741345,1.4589755798085111,8.492022574791047,6.1521931622401335e-15,4.940308471547444e-14,Upregulated
206385_s_at,9.89647533062766,11.13072286866,-1.2342475380323403,-8.917697628257038,6.292893856560632e-15,5.049523929120844e-14,Downregulated
204714_s_at,5.751305234446808,4.129206967179999,1.622098267266809,8.731190227091906,6.309844923705573e-15,5.061615496889306e-14,Upregulated
233637_at,4.632044589478724,3.2666600544100004,1.3653845350687237,9.0981017110178,6.3229515696022576e-15,5.0706168648073216e-14,Upregulated
204803_s_at,8.917227357734042,10.50559482397,-1.5883674662359581,-8.566147262956514,6.3491265852674575e-15,5.090089767703018e-14,Downregulated
228643_at,4.463149275244681,3.0620660365400005,1.4010832387046803,8.86114519053102,6.412310519566162e-15,5.137681120294736e-14,Upregulated
1558426_x_at,7.9882970665531925,6.935909462860001,1.0523876036931918,8.534710722271443,6.5319493016255766e-15,5.229643124996029e-14,Upregulated
214964_at,5.56911178656383,4.15085386869,1.4182579178738308,8.940300171046786,7.344409583098407e-15,5.865277117097713e-14,Upregulated
205010_at,8.307220907021275,7.179135283929998,1.1280856230912768,8.510928293041253,7.354885266948688e-15,5.872771065440946e-14,Upregulated
214308_s_at,5.951160375010638,4.18674725546,1.764413119550638,9.190268805986026,7.44967429382834e-15,5.94492850990877e-14,Upregulated
207732_s_at,5.085841075765958,4.027919906440001,1.0579211693259571,8.791355939772988,7.460235223216111e-15,5.9524731006661e-14,Upregulated
1558732_at,4.347291464255319,2.9816839054899997,1.3656075587653191,8.775745998488524,7.490327166001066e-15,5.975596810301593e-14,Upregulated
240846_at,4.2288965975,3.007610127479999,1.2212864700200012,9.19292846392647,7.540744835028296e-15,6.014237432637691e-14,Upregulated
209589_s_at,5.1080774015,4.0230466179999995,1.0850307835000006,9.021053547896155,7.612319206804213e-15,6.070217951922482e-14,Upregulated
1554595_at,5.624413775851064,4.44117265423,1.183241121621064,8.792412524993788,7.613513576960699e-15,6.070270400984408e-14,Upregulated
1558719_s_at,3.5503853026170207,2.40588220761,1.1445030950070207,9.093556614152316,7.660990265149503e-15,6.107218354844096e-14,Upregulated
214168_s_at,6.867661131851064,8.0089506636,-1.141289531748936,-8.514947510253283,7.787778047645178e-15,6.203694165738203e-14,Downregulated
230008_at,3.937114620585106,5.3690362255,-1.4319216049148942,-8.559412801887817,7.79107706773126e-15,6.20540309736404e-14,Downregulated
239721_at,6.623986765425533,5.247768100430001,1.3762186649955321,8.911048807025448,7.828628209077239e-15,6.23438846392402e-14,Upregulated
225875_s_at,6.278726199148935,7.426374622149998,-1.1476484230010628,-8.861058294051677,7.893924314495095e-15,6.281737138325688e-14,Downregulated
239012_at,5.857593358361702,7.212052002490001,-1.3544586441282993,-8.489726656890037,7.934332242766212e-15,6.312024759790319e-14,Downregulated
1555996_s_at,7.037640770585106,5.410074710099999,1.6275660604851065,8.666177186796643,7.970293038925758e-15,6.338757672507185e-14,Upregulated
229514_at,4.0915165751914895,2.7878640482599994,1.30365252693149,9.017388133709646,8.091715280891372e-15,6.432471151315747e-14,Upregulated
240263_at,4.589233883117021,3.1490884297799995,1.440145453337022,8.76678849627114,8.201796342757066e-15,6.518052867782676e-14,Upregulated
221222_s_at,6.472124664159574,5.361963564930001,1.1101610992295736,8.788484060742265,8.25697925975691e-15,6.559968780875703e-14,Upregulated
232291_at,4.3113379034893615,3.08722868067,1.2241092228193615,8.559317670403704,8.29858577584547e-15,6.592050428882357e-14,Upregulated
205929_at,2.255321893457447,3.52416559902,-1.2688437055625528,-9.036402729079587,8.421784461977896e-15,6.68497784934981e-14,Downregulated
209324_s_at,6.143198138882979,7.9489744262299995,-1.8057762873470207,-8.52457051559232,8.423164455241662e-15,6.68508666651362e-14,Downregulated
1565762_at,6.1956263889255325,4.8466103915200005,1.349015997405532,8.784346849341995,8.504393667895603e-15,6.745573187161671e-14,Upregulated
213135_at,6.930486122159573,8.1251809179,-1.1946947957404266,-8.706081101178615,8.596165771597783e-15,6.81334176526906e-14,Downregulated
1560774_at,5.022860659797873,4.01624995732,1.0066107024778725,9.034975781061767,8.636768530791579e-15,6.844514987434152e-14,Upregulated
240399_at,5.459056921329788,4.070654709269999,1.3884022120597885,8.883875326362935,8.704040224569024e-15,6.895794778592863e-14,Upregulated
228582_x_at,8.235794394659575,6.00245679358,2.2333376010795742,8.723720940278563,8.751205617993112e-15,6.931119796338942e-14,Upregulated
241413_at,4.143823056319149,3.00755513833,1.1362679179891488,8.871286888708365,8.787094626053978e-15,6.95749553300367e-14,Upregulated
221973_at,5.198911337351064,3.96510772218,1.2338036151710643,8.530209052701483,8.811449205556296e-15,6.975752236827362e-14,Upregulated
206682_at,6.09581022175532,7.25162608647,-1.15581586471468,-8.691945308322111,8.821299304568578e-15,6.98252250766042e-14,Downregulated
1556006_s_at,7.426360333787236,6.08744609889,1.3389142348972358,8.524465565288883,8.87999157709329e-15,7.02753205662108e-14,Upregulated
231403_at,6.185032062925533,4.97584288975,1.2091891731755329,8.5134573293385,8.905320977900988e-15,7.045919301520778e-14,Upregulated
206359_at,7.305444605595745,8.664120969959999,-1.3586763643642543,-8.463640004573177,9.009485966390219e-15,7.124143078333788e-14,Downregulated
205193_at,7.404352274351064,8.68660761321,-1.2822553388589366,-8.429468779466932,9.077375968338175e-15,7.176771186726989e-14,Downregulated
202342_s_at,9.678468842117022,8.59313386525,1.0853349768670224,8.780216333111518,9.096073861432087e-15,7.190497188580046e-14,Upregulated
214354_x_at,11.48353225404255,13.642449930300002,-2.1589176762574507,-9.057600250576643,9.09950682471616e-15,7.192153917328191e-14,Downregulated
240070_at,6.100976241989362,4.865838564109999,1.2351376778793632,8.67719386349742,9.131433546603539e-15,7.215267882145116e-14,Upregulated
233214_at,5.671026231904256,4.557533825879999,1.1134924060242568,8.786141945509083,9.169381066187422e-15,7.243124247700935e-14,Upregulated
207388_s_at,3.790629971117021,2.73696229175,1.0536676793670212,9.141417460312038,9.299204806215075e-15,7.342440248195597e-14,Upregulated
218720_x_at,6.50474555942553,5.342357750939999,1.1623878084855308,8.919916548263837,9.46588821907784e-15,7.467472334281618e-14,Upregulated
203343_at,10.580152302574469,9.5027440411,1.0774082614744689,8.966693390488675,9.674615750289403e-15,7.626540858054607e-14,Upregulated
236297_at,7.177804603308509,8.487135549980001,-1.3093309466714924,-8.842756303336207,9.745318379451292e-15,7.681150269008898e-14,Downregulated
215076_s_at,14.688721572468086,13.283357708900002,1.405363863568084,8.427730043304361,9.76444159102655e-15,7.695095317435225e-14,Upregulated
236316_at,3.979478884872341,2.4291956693899994,1.5502832154823416,9.140056002527805,9.783460158641882e-15,7.706695783431639e-14,Upregulated
210942_s_at,5.642466682074468,6.72187241396,-1.0794057318855321,-8.681324125666583,9.794896532727397e-15,7.714574680176831e-14,Downregulated
243963_at,6.151136128989362,4.583633980749999,1.5675021482393623,8.488476498358581,9.827244941277775e-15,7.737786508733221e-14,Upregulated
217445_s_at,5.742994155468085,4.700939175329999,1.0420549801380856,8.575500943099625,1.0022358419966607e-14,7.881031724800057e-14,Upregulated
208442_s_at,7.815711782691491,6.659922833669999,1.1557889490214919,8.470623117777,1.0248554479834455e-14,8.056544157444841e-14,Upregulated
244625_at,5.204001513202127,3.410872001950001,1.793129511252126,8.916069401866103,1.0599569006659629e-14,8.326397233711039e-14,Upregulated
228030_at,7.884532609851064,5.82485915807,2.059673451781064,8.552542246688693,1.0688512937858895e-14,8.39258915146976e-14,Upregulated
232633_at,4.636023146212766,3.4368907229600008,1.1991324232527654,8.721857063047253,1.0737881750501963e-14,8.430122724164336e-14,Upregulated
211767_at,3.605810117,2.22356244014,1.38224767686,9.178207897456993,1.0777158151839464e-14,8.459723122516598e-14,Upregulated
241775_at,7.001142898978724,5.6620911974900014,1.3390517014887227,8.63162815133159,1.085068220957318e-14,8.513709603560948e-14,Upregulated
1565976_at,4.774135730755318,3.2944730600399996,1.4796626707153182,8.758204805215831,1.0857959271843078e-14,8.518176741472459e-14,Upregulated
233908_x_at,4.573590074702127,3.12821582837,1.4453742463321273,8.711466266860333,1.087946191393164e-14,8.532556700243907e-14,Upregulated
229610_at,4.007256703319149,2.6025440410299994,1.4047126622891493,9.126351431855706,1.0899659863303143e-14,8.543414535232044e-14,Upregulated
216331_at,5.293691489042553,6.4269965804,-1.133305091357447,-8.589618368115932,1.0898429782955497e-14,8.543414535232044e-14,Downregulated
232521_at,5.0965297797765965,3.53279484521,1.5637349345665963,8.817289369736226,1.1043727428787154e-14,8.651295127945614e-14,Upregulated
233428_at,3.7939690332127656,2.4704048568999997,1.323564176312766,9.031887454474882,1.1054602897331273e-14,8.65729282812842e-14,Upregulated
232722_at,6.4462997738085095,5.3726164989899985,1.073683274818511,8.878784706930361,1.1092960716326363e-14,8.686067623938416e-14,Upregulated
243780_at,5.885946295574469,3.8139835618400006,2.071962733734468,8.410939835812414,1.12258465739618e-14,8.786283233805434e-14,Upregulated
1565951_s_at,5.496623118851063,4.41057480819,1.086048310661063,8.841491822192221,1.131541009613358e-14,8.855094535583307e-14,Upregulated
228686_at,5.900781621542551,6.916989511110001,-1.0162078895674496,-8.615223883477567,1.1358841642244512e-14,8.887789592228153e-14,Downregulated
229271_x_at,4.468178988425532,2.212752368,2.2554266204255318,9.17258099390798,1.1519615391512896e-14,9.009655859356006e-14,Upregulated
209621_s_at,7.946017689106383,9.547420608469999,-1.6014029193636157,-8.718894454353263,1.1553482708141317e-14,9.033516803897207e-14,Downregulated
203913_s_at,9.341527038510637,11.324913343870001,-1.9833863053593639,-8.733000707222596,1.1584946730114857e-14,9.056801523633106e-14,Downregulated
228956_at,5.311363665265957,3.0673263864899996,2.2440372787759575,8.885416624868382,1.1605952153779905e-14,9.069268379241696e-14,Upregulated
233392_at,3.4651304863936168,4.70857733803,-1.2434468516363828,-8.383931810872923,1.1884576596503876e-14,9.28160065078492e-14,Downregulated
228209_at,5.096490928936171,4.07360477933,1.0228861496061707,8.59292157575615,1.1956467000710032e-14,9.335883524187674e-14,Upregulated
214594_x_at,10.036157460585107,8.799623319910001,1.236534140675106,8.549015354641524,1.198854547660885e-14,9.3573633290507e-14,Upregulated
233037_at,5.2426600584361704,3.6366173797900005,1.60604267864617,8.584763364181843,1.2099246365596667e-14,9.435552631868672e-14,Upregulated
229835_s_at,7.701059457521277,6.68341166045,1.0176477970712767,8.451446902346246,1.2163821945942363e-14,9.483161721763384e-14,Upregulated
240128_at,6.05343864774468,4.912890507789999,1.1405481399546806,8.854008695296434,1.217246691963652e-14,9.48715122068642e-14,Upregulated
226197_at,4.3758094527978715,5.782007352390001,-1.4061978995921294,-8.521717731724118,1.2218058644764273e-14,9.521305451568982e-14,Downregulated
212344_at,8.326116229691488,6.256791281770001,2.069324947921487,8.64683943500571,1.2224695048259583e-14,9.525097028331014e-14,Upregulated
232105_at,3.5653997351382976,2.24842136048,1.3169783746582975,9.156242454252917,1.2240210367645048e-14,9.535804676045142e-14,Upregulated
233431_x_at,5.5215390636489365,4.36196780162,1.159571262028937,8.603118264023339,1.2322082835413489e-14,9.594029348372177e-14,Upregulated
38149_at,7.00095342355319,8.06056072453,-1.0596073009768094,-8.717002592619663,1.2476303373812354e-14,9.711294547957617e-14,Downregulated
228088_at,7.038306710180851,8.15026609684,-1.111959386659148,-8.510711997072235,1.2639055043677513e-14,9.833707718490363e-14,Downregulated
202391_at,10.44636313793617,9.282183733210001,1.1641794047261698,8.592252245337766,1.2792215176162986e-14,9.9471170372286e-14,Upregulated
202479_s_at,5.6145674679468085,6.845734425960001,-1.2311669580131923,-8.572493365559337,1.2906028739713979e-14,1.0031266788934335e-13,Downregulated
1553938_a_at,3.999063108489362,2.25679262588,1.7422704826093618,9.12207782212042,1.3029952113060755e-14,1.0126123455470102e-13,Upregulated
209676_at,8.716594103734042,10.357415528050002,-1.6408214243159591,-8.78872376143085,1.305971083351373e-14,1.0144852785837225e-13,Downregulated
236816_at,5.233075319797872,3.7721971824400002,1.4608781373578719,8.691605003633477,1.3086653559331097e-14,1.0162846496421924e-13,Upregulated
241751_at,5.9893082203936165,4.367654974250001,1.621653246143616,8.62013569202135,1.3119716864677753e-14,1.0185581571644885e-13,Upregulated
236808_at,5.414511608042553,4.2494004160199985,1.1651111920225548,8.551123640633273,1.3194312747665672e-14,1.0240538318123318e-13,Upregulated
238164_at,5.335456088872341,4.275546354699999,1.0599097341723418,8.590754253302482,1.3640357939476328e-14,1.0574521362534934e-13,Upregulated
216693_x_at,7.172447023595744,8.536730789429999,-1.364283765834255,-8.719832792231957,1.3659732629829388e-14,1.0588015264850892e-13,Downregulated
215645_at,4.4554133715957445,3.3981596087400003,1.0572537628557441,8.628824938198235,1.3692238151290012e-14,1.0611681861747616e-13,Upregulated
205932_s_at,4.779195242106383,5.996039352870001,-1.2168441107636188,-8.440896494772542,1.3706898718724895e-14,1.0621513535302365e-13,Downregulated
214815_at,4.502958286882978,3.1421930592000007,1.3607652276829776,8.663377104909971,1.374336652667583e-14,1.064823843278286e-13,Upregulated
235757_at,6.190889036,4.465231734749999,1.725657301250001,8.534999607786874,1.43126878360551e-14,1.1079767241653131e-13,Upregulated
1562391_at,3.978763733531915,2.668101910269999,1.310661823261916,8.98758558643126,1.4350094055679506e-14,1.1107125613451977e-13,Upregulated
244015_at,3.893608854021278,2.5750923005099997,1.3185165535112784,8.976503638950877,1.4470279283908434e-14,1.1192097232733665e-13,Upregulated
217110_s_at,6.581777958212766,3.9346479422899994,2.6471300159227664,8.601765450939828,1.459865928600532e-14,1.1288146756139767e-13,Upregulated
218145_at,7.40446021019149,6.350977572769999,1.0534826374214914,8.530551118413664,1.4718925855453527e-14,1.1377869302406202e-13,Upregulated
220276_at,2.7239675916702124,4.56857928042,-1.8446116887497874,-8.356918179183213,1.492959920684195e-14,1.1534091108003463e-13,Downregulated
215336_at,5.413988622446809,4.36081207262,1.0531765498268086,8.667032177637848,1.4992174271834536e-14,1.1580771009405318e-13,Upregulated
225668_at,3.8936240100319144,2.50358486329,1.3900391467419144,8.964192873128708,1.5155498016627997e-14,1.1703569509294377e-13,Upregulated
225786_at,8.73743348462766,7.38112532096,1.3563081636676602,8.374955616921572,1.5196694569909383e-14,1.1733698164472381e-13,Upregulated
1565975_at,3.597738268702128,2.4418777507900002,1.155860517912128,9.000419485834012,1.5379117613885884e-14,1.1862630431384858e-13,Upregulated
205194_at,7.653475886670211,6.537980759230001,1.1154951274402105,8.65585054605962,1.5404660159790825e-14,1.1878925467448164e-13,Upregulated
214048_at,7.511324811468087,6.464604842409999,1.0467199690580875,8.416970297506522,1.5527486657565442e-14,1.1971923700742758e-13,Upregulated
231069_at,5.016964730680851,6.213487299760001,-1.19652256907915,-8.578870961866599,1.5981628478533876e-14,1.2309721743468752e-13,Downregulated
216033_s_at,8.03754473725532,9.047317740179999,-1.0097730029246783,-8.613440397484176,1.6012668275437577e-14,1.2331863915559644e-13,Downregulated
235023_at,8.25407549744681,6.763863698770001,1.4902117986768086,8.505102308791853,1.6023606547804622e-14,1.2338521142164916e-13,Upregulated
206599_at,4.941820474648936,6.13771976367,-1.1958992890210638,-8.68025319188201,1.6223691098437627e-14,1.248901459024712e-13,Downregulated
1565886_at,4.383838753914893,3.0638996343900002,1.3199391195248928,8.658372151825015,1.6318500175154828e-14,1.2560201064981075e-13,Upregulated
236930_at,4.1518076622978715,2.77293918013,1.3788684821678716,8.846174266025473,1.646703748563894e-14,1.266727800632975e-13,Upregulated
1569142_at,3.9752263381595747,2.6228983596,1.3523279785595745,8.8819078128089,1.6552394214254354e-14,1.2729297615211392e-13,Upregulated
206857_s_at,8.018978121489363,9.3641434768,-1.3451653553106375,-8.806087991175366,1.681510112234034e-14,1.292024327094568e-13,Downregulated
204734_at,7.3175579192659574,5.572385248609999,1.7451726706559585,8.453241305543502,1.709819342415202e-14,1.312651201129661e-13,Upregulated
226522_at,6.664566973531915,7.90499042711,-1.2404234535780851,-8.494684880744568,1.7245812230299474e-14,1.323606245175353e-13,Downregulated
210119_at,8.637058585425532,10.57894664242,-1.9418880569944683,-8.903029098800879,1.7696842834926246e-14,1.3566738721769427e-13,Downregulated
233177_s_at,8.741554641595746,7.68954347902,1.052011162575746,8.44362454982068,1.7810983792615247e-14,1.364840538922359e-13,Upregulated
221729_at,10.528505188574469,8.97867574839,1.5498294401844692,8.519033017179543,1.7976909029560777e-14,1.3771628387180688e-13,Upregulated
230493_at,6.7352365332234045,8.915932414169998,-2.180695880946593,-8.633848302244811,1.800910597898167e-14,1.3792364718574798e-13,Downregulated
228969_at,8.883748971393617,7.12959079137,1.7541581800236168,8.670179845551264,1.806293646107947e-14,1.3831621590199605e-13,Upregulated
242080_at,5.823935750787233,4.572319705789999,1.2516160449972338,8.457502375467906,1.8097981903607966e-14,1.3852540980040673e-13,Upregulated
210528_at,3.891234888297872,2.883300956,1.0079339322978722,8.602869444418577,1.8129925603501282e-14,1.3873042801393083e-13,Upregulated
220484_at,3.6950333866276597,5.08006412101,-1.3850307343823407,-8.461760669607166,1.814816184683562e-14,1.3885021807879098e-13,Downregulated
230618_s_at,8.116719650776595,6.807589557219999,1.309130093556596,8.717263738482592,1.8387074039081202e-14,1.405781328025617e-13,Upregulated
201694_s_at,11.251348528468084,12.55177395728,-1.3004254288119164,-8.363962534284074,1.850767892814576e-14,1.414599998336291e-13,Downregulated
236700_at,4.192297864851064,2.5929564574000006,1.599341407451063,8.843856434139083,1.884194506789178e-14,1.4397398173343193e-13,Upregulated
1554331_a_at,2.9409361587021277,4.007686347160001,-1.0667501884578732,-8.494674177242448,1.892781271568527e-14,1.445684939968543e-13,Downregulated
233243_at,3.5505440141595743,2.32824413221,1.2222998819495743,9.024436862354825,1.9111807528669224e-14,1.4593237929258984e-13,Upregulated
236222_at,4.724875298521277,6.0139364548800005,-1.2890611563587235,-8.337211338628752,1.9176040778125086e-14,1.4640206235517896e-13,Downregulated
227614_at,5.226909149638297,3.6466011733699992,1.580307976268298,8.79767764233629,1.9754981994254477e-14,1.5071510092808103e-13,Upregulated
215195_at,4.388686202787235,3.21839810357,1.170288099217235,8.932234922489746,1.9916813171679223e-14,1.5184205715831874e-13,Upregulated
242645_at,3.5791238024468086,2.4651557906,1.1139680118468087,8.864887775324195,2.0044159702645178e-14,1.527670393149998e-13,Upregulated
211214_s_at,3.9172051543297863,5.34384988696,-1.4266447326302139,-8.28430900778885,2.00466620214418e-14,1.527670393149998e-13,Downregulated
232569_at,6.670139203478722,5.593643839299999,1.0764953641787223,8.667926869808083,2.027882986942639e-14,1.5449251322336656e-13,Upregulated
235004_at,3.1452165294787235,4.46953294108,-1.3243164116012762,-8.287605731297608,2.0325537851990237e-14,1.548264238644876e-13,Downregulated
1558078_at,6.156730452946808,4.652388182169999,1.5043422707768084,8.341321956174781,2.038656860594205e-14,1.5526932583392793e-13,Upregulated
204802_at,7.047933622074468,8.777949424060001,-1.730015801985533,-8.412907290609002,2.0429160893863202e-14,1.5557169019359002e-13,Downregulated
210656_at,3.650053056042553,2.35267294876,1.297380107282553,8.886931013062433,2.0527304933424173e-14,1.5625270636132924e-13,Upregulated
240303_at,8.711847272680851,6.545313266160001,2.16653400652085,8.452944603481841,2.0599969602100255e-14,1.5676145515259822e-13,Upregulated
232347_x_at,8.53628418169149,7.382727733450001,1.1535564482414893,8.438409133262839,2.0619423823087448e-14,1.5686511028975692e-13,Upregulated
1566901_at,5.237575661521277,3.76238573801,1.4751899235112775,8.395168217479457,2.0747208195830237e-14,1.577703011481585e-13,Upregulated
210613_s_at,5.54503663368085,6.5640487706199995,-1.0190121369391498,-8.710920777723093,2.0859732422407092e-14,1.58540639220202e-13,Downregulated
219392_x_at,10.21383875587234,9.193378067369999,1.0204606885023413,8.374357211041799,2.120534531868827e-14,1.610719818261499e-13,Upregulated
239545_at,5.6000137387978715,4.02842936367,1.5715843751278715,8.510641915801246,2.1296145405923283e-14,1.6171600689015808e-13,Upregulated
201667_at,12.250135618468088,13.503042768599997,-1.2529071501319091,-8.7735453184693,2.1648735740766096e-14,1.6425432367792991e-13,Downregulated
217496_s_at,7.881653303978723,6.830539942349999,1.0511133616287243,8.401830748701133,2.1797145940388604e-14,1.6531039079945592e-13,Upregulated
239185_at,2.732342582925532,3.7339097334999996,-1.0015671505744677,-8.423368462823005,2.2037057741002244e-14,1.670356803350545e-13,Downregulated
243992_at,5.523708286542553,4.1449259649900005,1.3787823215525528,8.535981181967012,2.2079994178952024e-14,1.6733754641526188e-13,Upregulated
214119_s_at,8.979745053585106,10.05282883205,-1.0730837784648948,-8.284868422726756,2.2310735839155488e-14,1.6901482223166437e-13,Downregulated
229272_at,6.851249704585106,5.693842819400001,1.1574068851851047,8.459292821411122,2.246654695135556e-14,1.7014723941503945e-13,Upregulated
1559044_at,3.5555154108617013,2.4164508317899998,1.1390645790717016,8.969267488495335,2.2597664614357976e-14,1.710920592550476e-13,Upregulated
239811_at,6.295762597000001,4.979175768799999,1.316586828200002,8.594887177221846,2.3056697771193958e-14,1.744033188472324e-13,Upregulated
1552343_s_at,5.433890905680851,4.39280064815,1.0410902575308514,8.680570705606765,2.3196481979712455e-14,1.754036243161555e-13,Upregulated
220407_s_at,3.3844027109787236,4.800050629229999,-1.4156479182512758,-8.262449869905403,2.3705134656484794e-14,1.7904850058049308e-13,Downregulated
209631_s_at,4.36448529912766,2.4106618735299996,1.95382342559766,9.004035002634525,2.3766145965915992e-14,1.79433734829135e-13,Upregulated
229152_at,6.401339531127659,3.60479376973,2.796545761397659,8.417922528808203,2.3771820773949023e-14,1.7945138977510487e-13,Upregulated
211776_s_at,6.212012209042555,7.54139682331,-1.329384614267445,-8.538999468554117,2.4132084968208325e-14,1.8209432128227456e-13,Downregulated
228469_at,5.406658852978723,6.482983297389999,-1.0763244444112754,-8.694228948275235,2.4233895794541443e-14,1.8283690829081304e-13,Downregulated
41577_at,6.9001480242446815,8.063084901309999,-1.1629368770653175,-8.57309069013681,2.425236834991555e-14,1.8295061487637554e-13,Downregulated
1555097_a_at,2.849088331117021,3.99307540073,-1.143987069612979,-8.261912152516654,2.4323572494663414e-14,1.8346202078221375e-13,Downregulated
1566113_at,4.39101566244681,2.93585995751,1.4551557049368098,8.94481955059678,2.449429381987135e-14,1.8469789533094075e-13,Upregulated
1559078_at,3.993542099489361,2.64574013274,1.347801966749361,8.706924079971241,2.4784860570546346e-14,1.8675798692174358e-13,Upregulated
227985_at,7.75049322937234,6.52179625108,1.2286969782923407,8.63115552959215,2.489781205098053e-14,1.875565432736749e-13,Upregulated
204967_at,4.165748648627659,5.3662519711100005,-1.2005033224823416,-8.327730446540258,2.4913580144418896e-14,1.8764904378206341e-13,Downregulated
237895_at,4.720977412765958,3.3181920071900004,1.4027854055759574,8.688507230525396,2.505908039586903e-14,1.8871852396698567e-13,Upregulated
216006_at,4.265412091776596,2.9795542421500003,1.2858578496265953,8.84464700834868,2.5369151789748192e-14,1.9097343571216183e-13,Upregulated
225239_at,12.257075759436173,10.358802887850002,1.8982728715861708,8.451961687476594,2.537789713920999e-14,1.9101253505871096e-13,Upregulated
215470_at,7.318315346510638,5.747475212179999,1.5708401343306395,8.419944921419448,2.5490964625890892e-14,1.918367179751179e-13,Upregulated
236543_at,3.705514682031915,2.51261546307,1.192899218961915,8.927010789207435,2.587526415730559e-14,1.9470158897101826e-13,Upregulated
203706_s_at,8.15286733874468,9.28047861709,-1.12761127834532,-8.653632379813994,2.607711573587069e-14,1.9616555901671904e-13,Downregulated
209680_s_at,3.74080906581915,2.65641461945,1.0843944463691502,8.960585947036845,2.6090203000046947e-14,1.9623656251720387e-13,Upregulated
205715_at,4.595760593936171,5.61094447198,-1.0151838780438291,-8.329207544080434,2.6225791194759584e-14,1.972288038592476e-13,Downregulated
238066_at,4.920942206893618,6.51881950788,-1.597877300986382,-8.364051489426814,2.6336063774012735e-14,1.980304104779881e-13,Downregulated
220459_at,4.316003784946809,3.1780096898000005,1.1379940951468086,8.969520084045483,2.672549296092195e-14,2.0084635523210113e-13,Upregulated
240221_at,7.859666714595745,6.43717664153,1.4224900730657453,8.506416679523547,2.6757798626386807e-14,2.0106104455418283e-13,Upregulated
1557924_s_at,4.411274132319148,6.05755639357,-1.6462822612508514,-8.249390436553147,2.6784871023687168e-14,2.0122097915320003e-13,Downregulated
244022_at,5.280530835223403,3.8528041540900007,1.4277266811334024,8.72506831969747,2.6832143268865667e-14,2.0153521266013248e-13,Upregulated
219959_at,7.176017038457448,5.56694376118,1.6090732772774476,8.396142085791618,2.6962256720869025e-14,2.024842139051468e-13,Upregulated
241885_at,5.428047695031915,3.6101085090300007,1.8179391860019143,8.585474879045186,2.699164454489417e-14,2.026766150344378e-13,Upregulated
39313_at,4.639315799425531,3.2563408218199994,1.3829749776055316,8.586864630155722,2.7209276580297627e-14,2.0422525120679433e-13,Upregulated
235563_at,3.743750789425533,4.89445541752,-1.1507046280944668,-8.23680406339298,2.739466395583761e-14,2.055403376992068e-13,Downregulated
240176_at,3.8509143901170213,2.7971492050000006,1.0537651851170207,8.731879237389755,2.7716195906068083e-14,2.0779806426035374e-13,Upregulated
226735_at,6.358555000840425,7.3792792789699995,-1.020724278129575,-8.56683199643741,2.792124739786878e-14,2.0930623171313869e-13,Downregulated
206088_at,3.8315826363297862,2.4296198749199998,1.4019627614097865,8.790319629137727,2.804613782154356e-14,2.1021315062284584e-13,Upregulated
243561_at,5.8777232176170235,4.2440283255,1.6336948921170231,8.352526053133015,2.897699309689139e-14,2.1706915748041788e-13,Upregulated
214847_s_at,3.7967609260851063,5.05170451361,-1.2549435875248935,-8.24683818994912,2.8982966480656795e-14,2.170836701195664e-13,Downregulated
211814_s_at,3.711034074446808,2.27432183162,1.436712242826808,8.974548877042391,2.9011869208069364e-14,2.1726989657828165e-13,Upregulated
243003_at,5.099842317287234,3.61625980078,1.4835825165072336,8.473533020288446,2.910139781131066e-14,2.1791003517738483e-13,Upregulated
235138_at,9.26549551793617,7.820660464670001,1.4448350532661687,8.315381190494772,2.9173233751120766e-14,2.1839415820503854e-13,Upregulated
1552798_a_at,4.985149911021276,6.208378877799999,-1.2232289667787226,-8.266165524015692,2.941109153472295e-14,2.2010643791381782e-13,Downregulated
232472_at,4.761099837265957,2.9296927037400002,1.8314071335259565,8.682548500461802,3.024202603189083e-14,2.2601050606520498e-13,Upregulated
233869_x_at,4.39713528443617,2.8932895324699994,1.5038457519661708,8.523100829573682,3.060439484827052e-14,2.2865508838853703e-13,Upregulated
232083_at,5.474082466989363,4.20758206812,1.266500398869363,8.712629390463695,3.085668997329725e-14,2.305080454033008e-13,Upregulated
208561_at,2.644825801297872,3.72396334827,-1.0791375469721278,-8.215761079981053,3.0895698370497894e-14,2.3076739793856403e-13,Downregulated
205220_at,6.648497690351064,8.60781193429,-1.9593142439389357,-8.502781302189314,3.128622727888121e-14,2.3345741126829976e-13,Downregulated
232182_at,3.635071523882978,4.732502204869999,-1.0974306809870216,-8.299289847558528,3.130659660886913e-14,2.33577001692972e-13,Downregulated
226346_at,3.3168086490000004,2.27213818817,1.0446704608300004,8.963504390951428,3.1483913107562224e-14,2.348348010544088e-13,Upregulated
1559361_at,6.144795971382978,4.6842886862699995,1.4605072851129783,8.490850168314486,3.159969215516897e-14,2.3566570192150834e-13,Upregulated
220012_at,5.568886925734041,4.058193617570001,1.5106933081640408,8.685327388694251,3.1732748842013335e-14,2.3646129526413535e-13,Upregulated
217610_at,6.360198645797871,5.080401531740001,1.2797971140578701,8.409620526741955,3.195521396081507e-14,2.380200994455615e-13,Upregulated
1556336_at,5.958534215723405,4.799953643739999,1.1585805719834052,8.416903764986305,3.213202154858542e-14,2.392707892859221e-13,Upregulated
209795_at,8.83939068125532,10.371501678640001,-1.532110997384681,-8.296117811258837,3.300922156693614e-14,2.4570080143914024e-13,Downregulated
226130_at,6.455869787063831,5.344480921170001,1.1113888658938302,8.555338807241581,3.3373570709885195e-14,2.4830970731800873e-13,Upregulated
1554980_a_at,5.1813720579574465,7.235058681919998,-2.0536866239625517,-8.21786774135039,3.38102402932012e-14,2.5141954713260334e-13,Downregulated
241867_at,5.338593322287235,3.98763359589,1.3509597263972344,8.517755177914506,3.385508240022287e-14,2.517182004393679e-13,Upregulated
205253_at,4.418338831468085,5.4887373621499975,-1.0703985306819126,-8.48210523425725,3.429982709490642e-14,2.5488401493874505e-13,Downregulated
239892_at,4.126951970882979,2.906999801299999,1.2199521695829803,8.64892633592716,3.457478752760822e-14,2.568208150752569e-13,Upregulated
219049_at,7.914001079276596,9.18120179822,-1.2672007189434042,-8.545555398525131,3.474303646342538e-14,2.5799930404829453e-13,Downregulated
215203_at,7.668737789776595,6.171684483789999,1.4970533059865962,8.407427253958023,3.517594979087893e-14,2.61105939201244e-13,Upregulated
222290_at,5.136953600829788,6.140332281649998,-1.0033786808202105,-8.225761182981318,3.5961878291369134e-14,2.6690293718498417e-13,Downregulated
239233_at,3.975213156829787,2.9176293859399993,1.0575837708897877,8.725314849103663,3.608776980937195e-14,2.6772645337474204e-13,Upregulated
236379_at,5.657099242117023,4.20717310722,1.449926134897023,8.335387995791542,3.6148197955321265e-14,2.6813777068334155e-13,Upregulated
201508_at,10.388019084457447,11.62475814111,-1.236739056652553,-8.395316857316299,3.6970365507352303e-14,2.741229775542392e-13,Downregulated
205936_s_at,3.973070509489361,5.30201324398,-1.3289427344906395,-8.19767027666814,3.707732927514849e-14,2.748781850300671e-13,Downregulated
227341_at,6.427350631851062,7.82296347149,-1.3956128396389378,-8.66371479617009,3.7439705984814445e-14,2.774117683013128e-13,Downregulated
1554741_s_at,8.77293500898936,9.881451504500001,-1.1085164955106404,-8.501882671105129,3.7949557734191635e-14,2.8103468433033613e-13,Downregulated
233595_at,8.491365058468086,7.051353090870001,1.4400119675980845,8.405131267464132,3.8002753688987074e-14,2.813124291103577e-13,Upregulated
1562110_at,4.677738307414893,3.10818198331,1.569556324104893,8.59312749518635,3.811771823558206e-14,2.8212461717614096e-13,Upregulated
244383_at,6.069321247723404,4.63283412939,1.436487118333404,8.488315269853041,3.816567089089492e-14,2.8240181242779944e-13,Upregulated
243410_at,4.439773756372341,3.1580372408599997,1.2817365155123417,8.58552389392608,3.8859823358515513e-14,2.873404535552812e-13,Upregulated
229817_at,6.775709190617022,7.81925794657,-1.043548755952978,-8.414080999586632,3.93484780310015e-14,2.9075384522261943e-13,Downregulated
212531_at,10.451095454095745,7.92916437611,2.5219310779857445,8.195208534536949,4.0027627025469194e-14,2.9540696311634e-13,Upregulated
230438_at,4.053874254723405,2.6493017164099997,1.404572538313405,8.807450331871149,4.053351980058856e-14,2.9893540326264314e-13,Upregulated
243158_at,4.9786311435851065,3.26132588304,1.7173052605451065,8.52956803618265,4.0659321465417915e-14,2.9979303876045545e-13,Upregulated
229694_at,7.151657347329786,5.628116142360001,1.5235412049697858,8.310194424627886,4.120063891842876e-14,3.0360563979539794e-13,Upregulated
234210_x_at,5.596041439617023,4.32039232316,1.2756491164570232,8.58597756283065,4.121402461624826e-14,3.036626750697985e-13,Upregulated
227241_at,4.6845393470851056,6.7362077114200005,-2.051668364334895,-8.28838537459001,4.138675359069089e-14,3.048935664469114e-13,Downregulated
210461_s_at,6.571635958351064,8.026670859940001,-1.4550349015889372,-8.204985609500717,4.162829432333717e-14,3.065889960940727e-13,Downregulated
211113_s_at,6.094733715478724,7.1249025783599995,-1.0301688628812755,-8.172277242153632,4.2835915749596976e-14,3.1525094303051396e-13,Downregulated
230707_at,4.409719178170213,2.8349629924799995,1.5747561856902133,8.642642207834923,4.289100396826076e-14,3.155862571049074e-13,Upregulated
205229_s_at,5.00633405780851,2.9022211391699995,2.1041129186385104,8.750340755499469,4.296406531000041e-14,3.1599414970103683e-13,Upregulated
218002_s_at,9.108180493734045,6.00771250465,3.100467989084045,8.34687836982116,4.353720617367282e-14,3.2016573301301153e-13,Upregulated
231478_at,3.125646351212767,4.21846283778,-1.0928164865672327,-8.15602830390569,4.4220958347618984e-14,3.2501618825977517e-13,Downregulated
223313_s_at,5.793223400223405,4.43087588438,1.362347515843405,8.740995737130447,4.465860946269502e-14,3.281431651038954e-13,Upregulated
81737_at,5.679991713574466,4.20285438984,1.4771373237344667,8.625104970297947,4.550777404785964e-14,3.3415442115196975e-13,Upregulated
219763_at,3.934748663180852,2.27015058932,1.664598073860852,8.860791651197934,4.564753760219039e-14,3.3508918486029917e-13,Upregulated
231005_at,5.100905687765958,4.05586055995,1.0450451278159578,8.455943166397795,4.5713601001760804e-14,3.3552834927411387e-13,Upregulated
201465_s_at,8.554393670606382,9.80768486754,-1.2532911969336187,-8.15100513706282,4.57426715279981e-14,3.3569591087527706e-13,Downregulated
238040_at,5.809005534531915,4.33115242234,1.477853112191915,8.607690890803827,4.5914728416299764e-14,3.3672887682016623e-13,Upregulated
228463_at,3.917583734872339,2.2239453827599998,1.6936383521123393,8.884510833676416,4.600677940077302e-14,3.373579600340801e-13,Upregulated
225767_at,6.468436451308512,4.84533097145,1.6231054798585118,8.20170152719714,4.6101041539297515e-14,3.380030834559237e-13,Upregulated
242549_at,4.847956543489361,3.5499719067000006,1.2979846367893604,8.563289290180558,4.624762007550287e-14,3.390315515034752e-13,Upregulated
215201_at,5.01172084219149,3.8276912081899996,1.1840296340014906,8.526396505488192,4.6275050599244777e-14,3.391864093119351e-13,Upregulated
228387_at,3.4379699485744686,2.3499832985399998,1.0879866500344688,8.843492596898347,4.6530934758667185e-14,3.409690540776122e-13,Upregulated
206176_at,5.067803426989362,7.01582956197,-1.9480261349806387,-8.338148575514378,4.718526211321317e-14,3.456696415174726e-13,Downregulated
213992_at,2.4554268918829787,3.501065513080001,-1.0456386211970221,-8.152462489437802,4.733605461980099e-14,3.467270916220368e-13,Downregulated
232530_at,4.465053309468085,2.8866716320899997,1.5783816773780854,8.443075032523497,4.9217538204273214e-14,3.6016523943605974e-13,Upregulated
231904_at,7.286091409978724,6.173138667270001,1.112952742708723,8.434916207964044,4.937374952122975e-14,3.6121007776779967e-13,Upregulated
230641_at,5.542253113212767,4.389566267389999,1.1526868458227675,8.604135048969892,4.965237627032736e-14,3.630509393795307e-13,Upregulated
229434_at,9.57001749843617,8.25564565122,1.3143718472161705,8.380273525517955,5.005316673436748e-14,3.6593171482597384e-13,Upregulated
1554501_at,4.176331528446808,3.14192148463,1.0344100438168082,8.451071433425382,5.027553221672917e-14,3.6740757823491785e-13,Upregulated
205640_at,8.649366108138299,9.83180278115,-1.1824366730117006,-8.474058339244023,5.0321590565093345e-14,3.6769420868551974e-13,Downregulated
239651_at,3.87588429062766,2.3409550326699997,1.53492925795766,8.851883679196689,5.0331267173796134e-14,3.6771496009369726e-13,Upregulated
212023_s_at,3.5605737287659585,2.2503564050300002,1.3102173237359582,8.791616450230935,5.1032469786279016e-14,3.7263540862405687e-13,Upregulated
205908_s_at,4.041755994861703,5.9127532134,-1.8709972185382977,-8.20762524306372,5.112521711216224e-14,3.7326196926764734e-13,Downregulated
205725_at,9.332419825861702,13.38672726705,-4.054307441188298,-8.296640369479478,5.1874745370979835e-14,3.7847735411333715e-13,Downregulated
211651_s_at,9.358029269968085,10.453005669860001,-1.094976399891916,-8.482742403490228,5.208581753008285e-14,3.7996579162797183e-13,Downregulated
219956_at,6.670502420765959,5.0595538285799995,1.6109485921859594,8.414158114470473,5.2358146533450384e-14,3.8190063323137543e-13,Upregulated
38241_at,8.764422136468086,9.764449753689998,-1.000027617221912,-8.361692375694705,5.258574862210279e-14,3.834567618476709e-13,Downregulated
206765_at,6.323400921829787,7.509034521269999,-1.1856335994402123,-8.317992718354835,5.3327485682781956e-14,3.8870743257001087e-13,Downregulated
1562440_at,4.637908552414893,2.6819890846500005,1.9559194677648923,8.565571950155917,5.456223673763851e-14,3.972769006593508e-13,Upregulated
229283_at,5.061670227840425,3.8360530881,1.2256171397404252,8.59795545765755,5.544214740060416e-14,4.0331440530898183e-13,Upregulated
234989_at,11.899156649765956,9.832728671709997,2.066427978055959,8.427496519841549,5.5488843247552225e-14,4.0353203392547915e-13,Upregulated
215177_s_at,6.516276663914894,8.225367058,-1.7090903940851057,-8.352991814553516,5.554560012308003e-14,4.0383558370099795e-13,Downregulated
238812_at,5.308671579329788,3.8312162665200002,1.4774553128097878,8.244037642782885,5.626206325787352e-14,4.0898923292174415e-13,Upregulated
232567_at,3.72257704993617,2.30958442599,1.4129926239461703,8.802532303644766,5.690660633857564e-14,4.1350698845266544e-13,Upregulated
210282_at,5.219571677021277,3.7523994103799994,1.4671722666412772,8.298727453832685,5.762652227491781e-14,4.1856855193500736e-13,Upregulated
211668_s_at,8.258276236170213,6.4675901196100005,1.7906861165602121,8.330143181763953,5.861064418141581e-14,4.2542943427012554e-13,Upregulated
209230_s_at,10.25824097618085,11.336159344300002,-1.0779183681191515,-8.585872340821696,5.901245478390625e-14,4.281726552012925e-13,Downregulated
208791_at,10.549647288765957,11.9924388676,-1.4427915788340435,-8.640390529267334,5.91339693479807e-14,4.289964493324103e-13,Downregulated
213030_s_at,7.131051572659575,8.52135337311,-1.3903018004504242,-8.50957453201519,5.914800892409626e-14,4.2904043263539334e-13,Downregulated
1559500_at,4.238381446138298,2.54560943565,1.6927720104882984,8.714561176602578,5.950800291517216e-14,4.3159350657975324e-13,Upregulated
205466_s_at,8.987931302393616,7.476879761789999,1.5110515406036162,8.29018583932228,5.954348084568147e-14,4.317925927957157e-13,Upregulated
238134_at,3.3834001114680854,2.3017086453599997,1.0816914661080856,8.733836415096174,5.990604499546529e-14,4.3436324293961936e-13,Upregulated
38158_at,3.9373679151170218,2.7072072016900006,1.2301607134270212,8.814336867676715,6.012410048069918e-14,4.358855463613541e-13,Upregulated
233690_at,5.655078289851064,4.1398762068299995,1.5152020830210642,8.47383126554614,6.103208910812837e-14,4.421106996322953e-13,Upregulated
206522_at,2.8153508678723407,3.8383419716800002,-1.0229911038076596,-8.364656318911972,6.183472480572321e-14,4.476837405304386e-13,Downregulated
223809_at,6.090333778117019,7.41599032943,-1.3256565513129805,-8.2210664568266,6.186050519668091e-14,4.478101120469286e-13,Downregulated
226878_at,7.907806523968087,9.21953190462,-1.3117253806519136,-8.507358058329181,6.187531277248438e-14,4.4785702769221427e-13,Downregulated
236931_at,5.557748456053192,4.379375523559999,1.1783729324931924,8.40661246597117,6.232273442883708e-14,4.509134508998427e-13,Upregulated
223635_s_at,5.565479611276597,6.694274148400001,-1.1287945371234036,-8.11193352983461,6.234173290618564e-14,4.509902415725758e-13,Downregulated
1556942_at,4.05525049169149,2.38630015633,1.6689503353614903,8.755807052298698,6.256477989500996e-14,4.525429332212218e-13,Upregulated
233337_s_at,6.685420534404256,5.472097978529999,1.2133225558742566,8.34316923312028,6.268502956472367e-14,4.532908040021817e-13,Upregulated
235957_at,3.580168794489362,2.43672866305,1.143440131439362,8.751269962346878,6.27015308432824e-14,4.5334917837569395e-13,Upregulated
216614_at,4.682644295957447,3.28794832198,1.3946959739774467,8.514198028174743,6.288335944993218e-14,4.5460273808791026e-13,Upregulated
226446_at,4.984419974893616,3.20939405724,1.7750259176536165,8.812712627500156,6.302576904100233e-14,4.555098110238312e-13,Upregulated
1553413_at,5.344471484212765,2.2211252375699995,3.123346246642766,8.817929801098595,6.419272597774614e-14,4.638191777860094e-13,Upregulated
243996_at,3.35099136143617,2.34261925109,1.00837211034617,8.787456340727338,6.463243110038233e-14,4.668707949456305e-13,Upregulated
227300_at,6.2968206360106365,7.93087136346,-1.6340507274493632,-8.327014969627456,6.570602077945699e-14,4.743073458118204e-13,Downregulated
227168_at,5.3131460813404265,3.87525161325,1.4378944680904264,8.515369263697613,6.571697938222365e-14,4.743227929485079e-13,Upregulated
213747_at,5.92244629956383,4.759184876410001,1.1632614231538287,8.191515449280965,6.577670102028234e-14,4.746901437108421e-13,Upregulated
205167_s_at,3.2928795955319154,2.26949030852,1.0233892870119154,8.80931082995736,6.631601815728651e-14,4.783255132905742e-13,Upregulated
1554003_at,6.58779043581915,7.830535242620003,-1.2427448068008529,-8.315078455905965,6.648042083664367e-14,4.794470253579668e-13,Downregulated
242828_at,5.112817371340425,6.300165689830001,-1.1873483184895761,-8.358447702657312,6.702609519059263e-14,4.831879849780478e-13,Downregulated
226021_at,10.24343007044681,8.93817256114,1.3052575093068093,8.432512700277835,6.707677604993814e-14,4.834885388129151e-13,Upregulated
228067_at,8.12859280693617,9.196457245280001,-1.0678644383438307,-8.26286205165169,6.745303040501038e-14,4.860051833039368e-13,Downregulated
225978_at,5.419575649840426,6.696744199110001,-1.2771685492695752,-8.569698997968503,6.772182325322729e-14,4.877458470136694e-13,Downregulated
213325_at,6.536928875659575,7.927632745729999,-1.390703870070424,-8.602242972372379,6.802231106508228e-14,4.898444266898534e-13,Downregulated
213817_at,7.352180368319149,8.53920524393,-1.1870248756108515,-8.617994311186608,6.824283872617635e-14,4.913667100034969e-13,Downregulated
1563364_at,3.4974065713829785,2.3458097431600002,1.1515968282229783,8.588785351679613,6.96422694945316e-14,5.01234604488561e-13,Upregulated
222071_s_at,7.763225741499999,9.6544247624,-1.8911990209000002,-8.533086570427619,7.011421320231877e-14,5.043684728233138e-13,Downregulated
235613_at,5.321651416223404,3.80663391012,1.5150175061034044,8.380615512768195,7.014801943268501e-14,5.045441793536234e-13,Upregulated
217591_at,8.280380366968084,7.0777980093099995,1.202582357658084,8.267434716533959,7.132243844100668e-14,5.125799938519488e-13,Upregulated
241940_at,3.8232048623829793,2.4868876982900003,1.336317164092979,8.791161857490158,7.137933178648686e-14,5.128518219967917e-13,Upregulated
201693_s_at,7.826896207670212,9.552730115940001,-1.7258339082697889,-8.088408500239389,7.242170219172755e-14,5.199938157901826e-13,Downregulated
217502_at,4.715021921297872,5.910339993600001,-1.195318072302129,-8.082723842453026,7.265952751291857e-14,5.216317868139132e-13,Downregulated
1557384_at,7.3100696230957425,5.981230677419998,1.3288389456757441,8.290827508405771,7.288351535404378e-14,5.231699929043906e-13,Upregulated
228116_at,5.438823284500001,4.0267443809,1.4120789036000003,8.661953992784989,7.303021375082941e-14,5.241530660264359e-13,Upregulated
239512_at,5.617613741936172,4.08410732695,1.5335064149861717,8.510870910866224,7.323188450314333e-14,5.25460264125676e-13,Upregulated
236107_at,4.148826454489361,2.97221826869,1.1766081857993616,8.56512214777046,7.339219298988471e-14,5.264700576358948e-13,Upregulated
231130_at,6.748991697776596,7.8612489544500015,-1.1122572566734057,-8.243237235447477,7.503687013763719e-14,5.37694257557015e-13,Downregulated
232528_at,5.3032161544361704,3.61915492889,1.6840612255461704,8.291895353982063,7.677778801986541e-14,5.499494082349822e-13,Upregulated
215387_x_at,6.54833132930851,5.515505360259999,1.0328259690485115,8.311560331826874,7.794713046144008e-14,5.581765888695269e-13,Upregulated
244450_at,5.217196245946808,4.17417719794,1.0430190480068084,8.42863595802936,7.793844989139856e-14,5.581765888695269e-13,Upregulated
214455_at,7.38382618256383,5.66291854154,1.72090764102383,8.524383056144215,7.96961275987875e-14,5.702455659210302e-13,Upregulated
1559529_at,6.5303139583936165,5.04621224656,1.4841017118336168,8.484660748437783,8.012013461114592e-14,5.730507393876455e-13,Upregulated
242241_x_at,4.333113090989363,3.0875893383200004,1.2455237526693623,8.58480479626223,8.155529783592068e-14,5.826957026305565e-13,Upregulated
229765_at,7.4044747582553185,6.090031618990001,1.3144431392653173,8.337148698991925,8.257474185369211e-14,5.895878222942631e-13,Upregulated
214920_at,5.429665014702128,6.8256332074,-1.3959681926978718,-8.290646123234582,8.445865118525311e-14,6.027189880124749e-13,Downregulated
206206_at,5.626396990659574,4.6122748842100005,1.0141221064495731,8.079496678645373,8.482669220036824e-14,6.052651189558246e-13,Upregulated
216109_at,6.074104781542553,4.453557082680001,1.620547698862552,8.487491003748419,8.526702400626865e-14,6.081649851745345e-13,Upregulated
221211_s_at,6.026402631819149,7.109047856280001,-1.082645224460852,-8.145808289350876,8.553585983647542e-14,6.100015588921595e-13,Downregulated
1566764_at,7.412742903797874,5.75522240965,1.6575204941478736,8.294462309511141,8.598211111001979e-14,6.131027214852876e-13,Upregulated
202923_s_at,9.490450746574467,7.92528091984,1.5651698267344676,8.518284011902708,8.721252913393852e-14,6.212174668253234e-13,Upregulated
1554240_a_at,7.080344482840426,8.24716038353,-1.1668159006895742,-8.224657720319298,9.025442784145869e-14,6.42289581354948e-13,Downregulated
211810_s_at,4.707456738829788,6.00695996379,-1.2995032249602119,-8.040515133898648,9.055172244716372e-14,6.443200084062901e-13,Downregulated
1558017_s_at,4.992967811297872,3.8348072007399994,1.1581606105578723,8.414480226726711,9.199675609908467e-14,6.543424389771711e-13,Upregulated
238970_at,5.307816360787233,3.7503709858800005,1.5574453749072323,8.247869656314153,9.276533541494223e-14,6.597218472336483e-13,Upregulated
227458_at,6.618953715053191,8.182961696979998,-1.5640079819268067,-8.297901478480673,9.356296745390103e-14,6.650426546155043e-13,Downregulated
238853_at,3.9693517011063824,5.229889942470001,-1.2605382413636184,-8.109356485699093,9.436661489671713e-14,6.704005744069248e-13,Downregulated
228592_at,8.745979938010636,6.0044761838500005,2.741503754160636,8.043627914424624,9.509477496012925e-14,6.753951625518965e-13,Upregulated
244646_at,3.762782744308511,2.67689680471,1.0858859395985108,8.667690860759611,9.570783992388033e-14,6.796596089445243e-13,Upregulated
227623_at,6.7321055874999995,8.09380892196,-1.3617033344599996,-8.519622925069475,9.59192408351788e-14,6.810709290509475e-13,Downregulated
221909_at,3.73478059056383,2.3784725493,1.35630804126383,8.705635473403353,9.684149241554326e-14,6.872564337066116e-13,Upregulated
205150_s_at,5.057140381585106,6.80078425156,-1.7436438699748935,-8.263051847343162,9.861743189644443e-14,6.991218125717886e-13,Downregulated
223524_s_at,5.636960584787236,7.3042214218099994,-1.6672608370227637,-8.468444906572929,9.906920522261624e-14,7.019544555531073e-13,Downregulated
242020_s_at,4.381746066765958,3.06093929147,1.3208067752959578,8.40705527752652,9.940625169421418e-14,7.042498226587203e-13,Upregulated
226846_at,6.909487252829787,7.989892072500001,-1.080404819670214,-8.5128296156966,9.943954770932693e-14,7.043929294210271e-13,Downregulated
1569519_at,5.42054175943617,4.0456538580700006,1.3748879013661695,8.250477822553187,1.0046116519015976e-13,7.115359798417084e-13,Upregulated
242245_at,7.073301077234043,8.542768851449999,-1.469467774215956,-8.24094763948029,1.007648884744526e-13,7.135931917691781e-13,Downregulated
229305_at,3.60987639812766,2.38371053935,1.22616585877766,8.612957650035364,1.0299801899614126e-13,7.292156706234637e-13,Upregulated
204201_s_at,8.264301131265958,9.521567366540001,-1.2572662352740434,-8.516286631999035,1.0372912260824933e-13,7.341985246226213e-13,Downregulated
217901_at,11.196159477202126,9.91592858378,1.280230893422127,8.523005107619191,1.0465495691158553e-13,7.405567047028731e-13,Upregulated
206224_at,4.892317515468085,2.4963531199300006,2.3959643955380847,8.544271962416358,1.0616528941716955e-13,7.505528728433072e-13,Upregulated
224847_at,6.95743492762766,7.980633727889999,-1.023198800262339,-8.344785360957042,1.0682228817562988e-13,7.54899959507874e-13,Downregulated
202619_s_at,8.2376954915,6.847377320460001,1.3903181710399997,8.368677163146048,1.12163771935392e-13,7.915036259927832e-13,Upregulated
219557_s_at,4.899386011946807,3.3811293214100004,1.5182566905368065,8.173467560549772,1.1256249136014618e-13,7.942130605138163e-13,Upregulated
1564796_at,4.907303787276596,6.83728403725,-1.9299802499734042,-8.043314946371046,1.1274116917987512e-13,7.952651180995099e-13,Downregulated
204179_at,5.281458811021277,3.2868280067200004,1.9946308043012762,8.35498017337627,1.1302490046513741e-13,7.97161984843677e-13,Upregulated
202986_at,5.019499676468086,6.351094466500001,-1.3315947900319154,-8.332478101502463,1.1311350161580774e-13,7.97682286339037e-13,Downregulated
233995_at,4.480417429659575,2.99224299358,1.4881744360795746,8.545151282553533,1.1386156257096986e-13,8.024316043556323e-13,Upregulated
238455_at,7.376715804872342,8.58487635557,-1.2081605506976576,-8.238710030870601,1.1418209522252484e-13,8.045851138004352e-13,Downregulated
205267_at,9.184232137159576,6.796016694829999,2.388215442329577,8.027373474017855,1.1541549122947074e-13,8.129567327486005e-13,Upregulated
218136_s_at,6.333882044553192,5.07867687493,1.255205169623192,8.339872700321607,1.1689000333552372e-13,8.231272217078397e-13,Upregulated
231738_at,5.168630813042553,6.448145177159997,-1.2795143641174445,-8.151685085601008,1.1691709019635538e-13,8.232101863203523e-13,Downregulated
202488_s_at,6.405514735404257,7.611990297240002,-1.2064755618357452,-8.414784384926568,1.1912996742893564e-13,8.381326917112795e-13,Downregulated
232067_at,5.518831374808511,3.9679032266200007,1.5509281481885102,8.419485409704007,1.191837078898915e-13,8.384011133358231e-13,Upregulated
209771_x_at,13.087903509297876,11.871550464330003,1.2163530449678728,8.069980606401565,1.1946870771375815e-13,8.402960524509213e-13,Upregulated
232238_at,3.613952424138297,2.4099713152999995,1.2039811088382977,8.616242658196562,1.204734964397039e-13,8.470310430726684e-13,Upregulated
236435_at,4.154238863446809,3.0172615260399995,1.136977337406809,8.30753322440309,1.2075841947089038e-13,8.489233237042621e-13,Upregulated
239193_at,4.43125082887234,3.3885084528199996,1.0427423760523404,8.456834538878738,1.210365929719797e-13,8.506564993585391e-13,Upregulated
239453_at,4.8984860454361705,3.8375634500199998,1.0609225954161707,8.470470758627378,1.2220998765515976e-13,8.586788237779782e-13,Upregulated
235349_at,8.048877973872338,9.10130366428,-1.0524256904076612,-8.428345183727238,1.224641454188321e-13,8.603522107493866e-13,Downregulated
219654_at,7.009515024712765,8.616956852280001,-1.6074418275672366,-8.527000153884158,1.267864484705385e-13,8.895559506178429e-13,Downregulated
206315_at,7.467874259340426,4.63458954807,2.8332847112704256,8.424723642994904,1.2702524698690283e-13,8.911151603544484e-13,Upregulated
204895_x_at,4.702356399648936,2.54090989489,2.161446504758936,8.44121608230005,1.2948476723909915e-13,9.077773319502329e-13,Upregulated
1556543_at,5.73683244031915,4.2529973675,1.4838350728191498,8.239059474164659,1.2948275732528064e-13,9.077773319502329e-13,Upregulated
209526_s_at,7.264624672117022,8.622241431159999,-1.357616759042977,-8.345966128160118,1.3445521963136908e-13,9.42009696898895e-13,Downregulated
239930_at,5.838450395085108,4.80508463975,1.0333657553351072,8.173062772750555,1.3742099491985033e-13,9.61786028986216e-13,Upregulated
1561615_s_at,3.4544587282127663,4.871010203679999,-1.4165514754672328,-7.999218169495162,1.3944990216430974e-13,9.754782725724493e-13,Downregulated
224563_at,3.8668509296382982,5.0574295852,-1.1905786555617022,-8.006469052908702,1.3989809383139608e-13,9.783589747517189e-13,Downregulated
228949_at,8.827243627393617,9.99200810688,-1.164764479486383,-8.47064110343436,1.4047199974451133e-13,9.821171166330802e-13,Downregulated
1556821_x_at,7.610021954159573,6.04450827327,1.5655136808895733,8.104235657365697,1.417613391597295e-13,9.908739945477857e-13,Upregulated
234459_at,3.6981513282446814,2.6376572662200006,1.0604940620246808,8.455045963078922,1.425119496548185e-13,9.958924197696315e-13,Upregulated
202672_s_at,9.129151287,10.804044291240002,-1.674893004240003,-7.965575022290573,1.434824106685894e-13,1.0021224438671276e-12,Downregulated
205043_at,5.664852147787235,7.362204585049999,-1.6973524372627642,-8.207015106653058,1.4369134272967136e-13,1.0033211164556801e-12,Downregulated
238902_at,7.092040596276595,5.860886601580002,1.2311539946965935,8.19245047767751,1.452689113066189e-13,1.0140731555532517e-12,Upregulated
227084_at,5.440173175478724,6.96325859187,-1.5230854163912761,-8.446333422505068,1.4719622467437908e-13,1.0264613173001624e-12,Downregulated
1558802_at,5.053171676021277,4.0323353197300005,1.0208363562912766,8.264492970476379,1.4852243838997823e-13,1.0351727188341802e-12,Upregulated
227014_at,4.963639220946808,3.83548667109,1.1281525498568081,8.457946060315326,1.5348001387714987e-13,1.069171872347673e-12,Upregulated
222309_at,6.19410429142553,5.007540959109999,1.1865633323155311,8.08611527969517,1.5415352476735843e-13,1.0737246157908755e-12,Upregulated
239579_at,3.8945431630957446,2.65895280796,1.2355903551357446,8.279639332554314,1.5575815664547266e-13,1.0841993287606306e-12,Upregulated
233019_at,4.954791374265958,3.81314952032,1.1416418539459579,8.305912093271582,1.5940693541824386e-13,1.1083068030514044e-12,Upregulated
209774_x_at,11.775514876585106,13.429991528520002,-1.6544766519348961,-7.957155061875969,1.5951029772857142e-13,1.108882108521254e-12,Downregulated
216682_s_at,5.903900124595745,4.5545078096700005,1.349392314925745,8.031668806734057,1.6004055228398374e-13,1.1122808043863999e-12,Upregulated
204204_at,8.679805404053193,9.7244774197,-1.0446720156468068,-8.026427885459476,1.6049755310688891e-13,1.1150247211840774e-12,Downregulated
1554485_s_at,6.4783485132553205,7.886781913609999,-1.4084334003546788,-8.269741255619447,1.6259021293102003e-13,1.128979756352678e-12,Downregulated
223495_at,5.589562790521277,6.63176553596,-1.0422027454387228,-8.195951331543151,1.6530433074289493e-13,1.1469374011013089e-12,Downregulated
215392_at,6.047199940904253,4.43929832342,1.607901617484253,8.148779088526254,1.675498847297383e-13,1.1616187290633803e-12,Upregulated
217482_at,4.677411232212767,2.9806971716499993,1.6967140605627673,8.357857848224928,1.696743562091382e-13,1.1760444488485448e-12,Upregulated
230403_at,6.073659148553193,7.12291769404,-1.0492585454868069,-8.018943445440122,1.7051027283336425e-13,1.1816860629577798e-12,Downregulated
204324_s_at,5.521659205351064,6.705634343840001,-1.183975138488937,-7.937847352166798,1.7162280421067072e-13,1.1887835347424516e-12,Downregulated
240170_at,3.945389194648936,2.8614679148100004,1.0839212798389357,8.303706778618515,1.7164752185274467e-13,1.1888016495456768e-12,Upregulated
216379_x_at,12.954686472840423,11.71216863583,1.242517837010423,7.999031046078477,1.7536026989531125e-13,1.2132656903253423e-12,Upregulated
202728_s_at,6.539353820202126,7.83718835669,-1.2978345364878736,-8.00640665097761,1.757236226148088e-13,1.2156232496411711e-12,Downregulated
234032_at,6.643258659829787,4.605927749329999,2.0373309104997874,8.164329109979594,1.7628454135959768e-13,1.2191899629120896e-12,Upregulated
210008_s_at,3.7543841866276595,2.64304533644,1.1113388501876593,8.528199116452178,1.76360257313196e-13,1.2195568012146516e-12,Upregulated
242424_at,3.4404810238297876,2.3537936193799998,1.0866874044497878,8.545181549537459,1.768935826844991e-13,1.2229303648159984e-12,Upregulated
230428_at,4.65080206056383,3.295969516399999,1.354832544163831,8.578130968376636,1.7868014904828532e-13,1.2351227987033896e-12,Upregulated
220082_at,4.319411863851064,2.21399851098,2.1054133528710643,8.608467554046488,1.7899439322380972e-13,1.237136010528891e-12,Upregulated
232365_at,3.946969566351062,2.5300990025900005,1.4168705637610617,8.522086870123209,1.8157386892614177e-13,1.2544806826026284e-12,Upregulated
201852_x_at,13.630991170234044,12.0456389001,1.5853522701340435,7.955133531969624,1.833542267633138e-13,1.26613049694333e-12,Upregulated
214370_at,3.9643391877978726,5.55105287746,-1.5867136896621274,-7.9911348474084,1.8481792770586513e-13,1.2760740769688912e-12,Downregulated
229033_s_at,5.337636352595744,4.154101806809999,1.1835345457857454,8.236408536226728,1.9106545315444447e-13,1.3166747550755863e-12,Upregulated
213385_at,6.125971655244682,7.24982261189,-1.1238509566453176,-8.30831986110533,1.9215437016250139e-13,1.3238394970616497e-12,Downregulated
1570441_at,3.623871721957447,2.2501716401199996,1.3737000818374474,8.58034829861245,1.9365484137241461e-13,1.3340060576404575e-12,Upregulated
235079_at,7.611690366617022,8.94100737318,-1.3293170065629774,-8.269536090334192,1.9812594113517683e-13,1.3630598452157355e-12,Downregulated
212091_s_at,6.296381924095746,7.512844048130001,-1.2164621240342548,-8.063268442349095,1.999564628888689e-13,1.375301574544847e-12,Downregulated
1566482_at,2.6207569626489366,3.62168557932,-1.0009286166710631,-8.011641061439766,2.0191115400461662e-13,1.388568383747898e-12,Downregulated
225627_s_at,7.85708939789362,9.392723736389998,-1.5356343384963784,-8.404954823364791,2.027534868778243e-13,1.3940047354225563e-12,Downregulated
206011_at,7.7946062893617025,8.84302059138,-1.0484143020182977,-8.29798314783125,2.039503956124122e-13,1.4015173091106686e-12,Downregulated
210738_s_at,3.5889740572872344,5.095805872370001,-1.5068318150827662,-7.911954812297943,2.0425504373082883e-13,1.4032522393800434e-12,Downregulated
211991_s_at,12.947835082021278,14.0336049329,-1.0857698508787212,-8.257177645242008,2.0499331913699887e-13,1.4079645847404702e-12,Downregulated
241954_at,6.208637569393615,5.01153017455,1.1971073948436155,8.200832708621368,2.0531746570245852e-13,1.4100108797589933e-12,Upregulated
238714_at,6.999743143382978,5.8602096139899995,1.1395335293929785,8.162168023893555,2.0650250881035433e-13,1.4177870741477813e-12,Upregulated
1554004_a_at,4.694861733723405,5.89262046849,-1.1977587347665946,-8.138035227356262,2.068576373753894e-13,1.4200440183628199e-12,Downregulated
216191_s_at,4.519711329904255,6.316654970329999,-1.7969436404257442,-7.953932217277045,2.0862664870420817e-13,1.4312746080618035e-12,Downregulated
213380_x_at,7.0698558845,5.21193434828,1.8579215362200001,8.136536675253002,2.0896306185258834e-13,1.4333997251375228e-12,Upregulated
220521_s_at,3.840909927329786,2.62474601495,1.2161639123797863,8.47628522793457,2.1060397744959048e-13,1.4439191244236676e-12,Upregulated
239232_at,3.5895999900319144,2.45450807476,1.1350919152719143,8.527719846878705,2.1146827016854181e-13,1.4496600024579647e-12,Upregulated
1553191_at,2.2228484987340424,3.28596056383,-1.0631120650959573,-8.480553196549394,2.1207243419227668e-13,1.4536164069664577e-12,Downregulated
210797_s_at,5.433675935393618,6.62044375327,-1.1867678178763823,-7.899605503008083,2.1309099274515514e-13,1.4604118419713194e-12,Downregulated
229218_at,8.867317097542553,7.07395317567,1.7933639218725537,8.088230053815069,2.1471205242536078e-13,1.470772090136329e-12,Upregulated
207605_x_at,6.465391800936171,5.336872342020001,1.1285194589161698,8.370562699409676,2.1489230535876257e-13,1.4717751796742606e-12,Upregulated
209969_s_at,10.193314044446808,8.89665846744,1.296655577006808,7.994956253869145,2.149132164719749e-13,1.4717751796742606e-12,Upregulated
204269_at,5.904859614457448,4.59487427875,1.3099853357074478,8.179491764830953,2.1809326022031424e-13,1.4927925800725147e-12,Upregulated
233056_x_at,9.500936380659574,8.42009034089,1.0808460397695736,8.064928363097767,2.2904613160316034e-13,1.5659686328216069e-12,Upregulated
230651_at,5.2984813393191486,3.611040627800001,1.6874407115191477,8.083213718558593,2.3088770503572585e-13,1.5781581017983926e-12,Upregulated
205141_at,7.053218985340426,8.13587567881,-1.0826566934695743,-8.25456686046546,2.334367680459931e-13,1.5951759631713612e-12,Downregulated
220918_at,4.259648921148936,2.9259085531699998,1.3337403679789364,8.223460480870278,2.3447182160237114e-13,1.6016384806585135e-12,Upregulated
236528_at,5.619286733372341,4.5921987341,1.0270879992723412,8.131572160785227,2.3476468964019547e-13,1.603435377395245e-12,Upregulated
217538_at,4.439026700702128,3.1926823496700005,1.246344351032127,8.242490989943187,2.358200897616819e-13,1.6102347782051318e-12,Upregulated
212143_s_at,9.467146863127658,7.816199374999999,1.6509474881276587,7.948033960108265,2.4151910736443443e-13,1.648102855709651e-12,Upregulated
208650_s_at,12.032181841489363,10.61124566139,1.4209361800993623,7.9486530567849405,2.4221783554722773e-13,1.6524516112053767e-12,Upregulated
235708_at,2.8166550738829796,4.40399949883,-1.5873444249470205,-7.880138449424363,2.4587532747023483e-13,1.6759156460922634e-12,Downregulated
235515_at,5.998945559468085,4.79109265509,1.2078529043780852,8.303498984946712,2.5304542681831066e-13,1.7230410592289731e-12,Upregulated
240231_at,6.353979838670213,4.829467975479999,1.524511863190214,7.9738178770133645,2.5487221381703094e-13,1.734382197920398e-12,Upregulated
201295_s_at,9.474998486138299,7.79181064065,1.6831878454882991,8.100669281932607,2.5485530033449717e-13,1.734382197920398e-12,Upregulated
244047_at,3.969270692819149,2.94137190258,1.0278987902391492,8.195971862917752,2.5510242929956833e-13,1.7357291919426415e-12,Upregulated
204388_s_at,9.32746311938298,10.547494964499998,-1.2200318451170187,-8.236908639613878,2.5568198954155325e-13,1.7392325141623855e-12,Downregulated
204044_at,7.545599951553192,6.2059358702299985,1.3396640813231935,8.375017657755146,2.586903845042625e-13,1.758362317824626e-12,Upregulated
217104_at,3.7658955638723404,2.7079143467300004,1.05798121714234,8.347428836902168,2.6433069709365795e-13,1.796019564663907e-12,Upregulated
239946_at,4.044121060138298,2.6704291554500004,1.373691904688298,8.379847455131541,2.6767093993915817e-13,1.8175671222784446e-12,Upregulated
240440_at,4.744216813308512,3.61889069367,1.1253261196385118,7.9986146219958005,2.706612731543913e-13,1.8374084611740612e-12,Upregulated
230992_at,3.0835205609468086,4.105119138659999,-1.0215985777131906,-8.24625542654948,2.7147165735909754e-13,1.8426772542549747e-12,Downregulated
232615_at,9.853265004914894,8.60957064576,1.243694359154894,7.981363290191859,2.729967893873041e-13,1.852328158696296e-12,Upregulated
224559_at,10.393086403053193,8.649236411019999,1.7438499920331942,8.028861345821536,2.7446239643524435e-13,1.8618028067431016e-12,Upregulated
244801_at,4.168107832319149,3.0865047893300006,1.0816030429891481,8.113942052556146,2.7629109663059105e-13,1.873735080490855e-12,Upregulated
244145_at,5.132934544095745,3.8800013630500003,1.2529331810457447,8.117601910039399,2.801248112831884e-13,1.8987766981320192e-12,Upregulated
239442_at,4.862566101680851,3.8545991860399997,1.0079669156408508,7.9824768416021605,2.825916522338257e-13,1.9147738230093916e-12,Upregulated
239096_at,6.642350300946809,5.584120145850001,1.0582301550968083,7.9336811208991325,2.8493264240313483e-13,1.9299064480915515e-12,Upregulated
244813_at,3.5176231384148933,2.50427772971,1.0133454087048932,8.419396414490075,2.8643828519893854e-13,1.939615964712339e-12,Upregulated
232580_x_at,5.736228615882981,4.58028722789,1.1559413879929803,8.002438043265828,2.8774182475984604e-13,1.9477072472354744e-12,Upregulated
1555842_at,5.920831555978724,4.7857505934,1.1350809625787237,8.100896630872604,2.89284741364346e-13,1.9579047563889155e-12,Upregulated
203085_s_at,8.259833345265957,9.4417058892,-1.181872543934043,-8.006042301270694,2.8953777889005854e-13,1.959124289266661e-12,Downregulated
232489_at,6.247804547265958,4.61099709907,1.6368074481959578,7.9986698478311435,2.9003174572073133e-13,1.9617262921699263e-12,Upregulated
242146_at,6.750282645702128,5.31093227552,1.4393503701821277,8.038360202879808,2.9364953336106726e-13,1.984449529005951e-12,Upregulated
219288_at,8.992531507723404,7.798786398729999,1.1937451089934052,8.227410713612144,2.9382598944665994e-13,1.98539254627865e-12,Upregulated
213496_at,4.514620876074468,6.09356948901,-1.5789486129355321,-7.882199371166745,2.9719091538955533e-13,2.007372921655485e-12,Downregulated
215933_s_at,6.614420773106383,7.8616482112899995,-1.2472274381836161,-7.88171274200421,2.9901121892118004e-13,2.018907534634018e-12,Downregulated
230892_at,3.5854654784893616,2.4668053245299997,1.118660153959362,8.210250378768034,2.996667595891418e-13,2.022825844786845e-12,Upregulated
242886_at,3.3964046041170204,2.36547046115,1.0309341429670202,8.317893338695205,3.021356562270232e-13,2.0384681893912027e-12,Upregulated
240307_at,6.194261345297872,4.70224930716,1.4920120381378723,8.040495734964532,3.102274964357313e-13,2.0912264849344837e-12,Upregulated
203131_at,10.30275188693617,11.60429703926,-1.3015451523238308,-8.18083499405224,3.115433611829824e-13,2.0998334867904628e-12,Downregulated
221310_at,2.3383930027234046,3.5115214306100007,-1.173128427886596,-8.042676316211876,3.1671230197319945e-13,2.1328017871454244e-12,Downregulated
203989_x_at,8.866295010404256,9.89109960864,-1.0248045982357432,-7.991419516137443,3.210565970062315e-13,2.16124532247524e-12,Downregulated
229228_at,5.58068397931915,6.8397588705600025,-1.2590748912408527,-7.965875720631295,3.218761216887508e-13,2.1662198549988927e-12,Downregulated
1557895_at,4.664253944702128,3.3957033498699998,1.2685505948321278,8.09588521418123,3.2676070370273796e-13,2.1982678185560304e-12,Upregulated
232797_at,8.465213754340425,7.069038862390001,1.396174891950424,7.9214845819652755,3.29946229573811e-13,2.218588311521065e-12,Upregulated
230036_at,6.779004023765959,7.94150632965,-1.1625023058840416,-8.207405167746593,3.3337736679509416e-13,2.2410992438996296e-12,Downregulated
207558_s_at,4.386952311457447,2.2144549410999996,2.1724973703574477,8.476629365390432,3.392294203436995e-13,2.2792996380519952e-12,Upregulated
201848_s_at,8.75090033068085,7.737090696839999,1.0138096338408502,8.187088772541358,3.395570523939403e-13,2.281216040477201e-12,Upregulated
240238_at,3.51029080018085,2.4349901978299995,1.0753006023508505,8.316452813995895,3.4993943160787027e-13,2.3489132994460138e-12,Upregulated
237483_at,5.288440959797873,3.7653659940099997,1.523074965787873,8.082998129813902,3.5075509213490063e-13,2.3540945078073078e-12,Upregulated
239710_at,3.5486840733829794,4.553523993070001,-1.0048399196870212,-7.9331495472135405,3.526982641167264e-13,2.3659552050115046e-12,Downregulated
238785_at,4.308283578351064,3.2908064319000006,1.0174771464510637,8.302127304898955,3.538259487143226e-13,2.372927989719271e-12,Upregulated
220150_s_at,6.218761498265955,7.508066563139998,-1.2893050648740427,-8.258172656407233,3.5800342521814687e-13,2.399747286737693e-12,Downregulated
219263_at,8.796877634840424,10.854012495309998,-2.0571348604695743,-8.37397248477928,3.592390487133498e-13,2.4077297787035806e-12,Downregulated
244172_at,3.7959730219893606,2.5705379279900002,1.2254350939993603,8.206776713301553,3.614079406550532e-13,2.4210595959736818e-12,Upregulated
38691_s_at,11.588434784297869,14.9626707467,-3.374235962402132,-8.459690284785005,3.6225320868363885e-13,2.426419810991058e-12,Downregulated
1569527_at,4.5617531537446805,3.04182687908,1.5199262746646807,8.21565675289075,3.629547280040803e-13,2.429908264927491e-12,Upregulated
227868_at,5.336128973446808,6.363055185380001,-1.0269262119331932,-8.037838123615883,3.6342562115802984e-13,2.4326381449905544e-12,Downregulated
204126_s_at,3.397968671106383,2.24016378127,1.1578048898363829,8.407440916824212,3.6611418923583123e-13,2.4498404804974394e-12,Upregulated
227297_at,7.661693510808511,8.790651613,-1.128958102191489,-8.10601465831629,3.6817059221937293e-13,2.4626816904752135e-12,Downregulated
1557581_x_at,3.841383304489362,2.8193565167,1.022026787789362,8.34874670090833,3.6992761978354234e-13,2.4735115561508715e-12,Upregulated
238611_at,4.448595805297872,2.95295887992,1.4956369253778719,8.380365464669584,3.84915431862881e-13,2.5705315890460535e-12,Upregulated
266_s_at,12.38421625737234,11.126672917920002,1.2575433394523383,7.877218186422552,3.867626843781189e-13,2.5822266313259062e-12,Upregulated
202709_at,8.185283446351065,9.46276324143,-1.2774797950789356,-8.177984714125516,3.9053249434402784e-13,2.6064252066990796e-12,Downregulated
223883_s_at,3.6235308805,2.2243628671,1.3991680134000002,8.443047588778931,3.905919683750293e-13,2.6064987110445817e-12,Upregulated
1555826_at,3.4508818557872347,2.3733260759299997,1.077555779857235,8.32630761336232,3.951454731895678e-13,2.6352503931771973e-12,Upregulated
232963_at,4.229072960127659,2.8866223127600006,1.342450647367658,8.224001665603232,3.9690101585854406e-13,2.645788722315784e-12,Upregulated
208096_s_at,7.944125455999999,9.455219727749999,-1.5110942717499993,-8.186694150435795,3.9692241848001446e-13,2.645788722315784e-12,Downregulated
237062_at,6.6384492413723395,4.8663561959,1.7720930454723396,8.178081555278686,4.000842009356226e-13,2.6658732447377844e-12,Upregulated
226404_at,5.106730042489363,4.00426223446,1.1024678080293633,7.891953454571341,4.004925158084163e-13,2.6682634033533354e-12,Upregulated
202953_at,10.761333983446809,11.991119371929999,-1.2297853884831902,-7.928668828101824,4.008851413041725e-13,2.6705484530822665e-12,Downregulated
243709_at,3.9488945865425533,2.8066099215800007,1.1422846649625527,8.071882582560102,4.078080720850495e-13,2.714649129352286e-12,Upregulated
222962_s_at,3.375956610202127,2.22084138718,1.1551152230221269,8.433145948203359,4.1404663754598265e-13,2.7524301627794125e-12,Upregulated
239164_at,4.5377870942340435,3.477369911309999,1.0604171829240445,8.1416853669456,4.182868328816102e-13,2.7802738004659273e-12,Upregulated
239132_at,2.277487645585106,3.3475124596900008,-1.0700248141048947,-8.11151768010942,4.2183675059095617e-13,2.8024841239235633e-12,Downregulated
230401_at,3.991774736021276,2.86339957026,1.128375165761276,8.318498505914498,4.24494956028336e-13,2.8194474814695086e-12,Upregulated
224370_s_at,4.837153221489362,6.04931003692,-1.212156815430638,-7.812452366262191,4.4573792457406256e-13,2.957254226118235e-12,Downregulated
230711_at,4.670562009648935,6.290041105389999,-1.619479095741064,-7.874726017395827,4.4585723616604924e-13,2.957680969958945e-12,Downregulated
244597_at,5.112458105723405,3.95361784875,1.1588402569734053,7.9586699830697585,4.612798808952735e-13,3.0550916973073735e-12,Upregulated
209576_at,8.25395232443617,9.346994560839999,-1.0930422364038286,-8.145024768447694,4.629776752031989e-13,3.065203992919653e-12,Downregulated
214707_x_at,7.769346142765955,6.723446451019999,1.045899691745956,7.892505354682703,4.655669425169208e-13,3.081587936280471e-12,Upregulated
1560763_at,3.6854121575957444,2.35535580183,1.3300563557657443,8.316918893488973,4.672827772606947e-13,3.0910431014320167e-12,Upregulated
217507_at,3.5916540594999997,4.68400082578,-1.0923467662800004,-7.911384387966127,4.68705988495625e-13,3.10007627855702e-12,Downregulated
205081_at,11.255027029765957,12.294131076099998,-1.0391040463340406,-7.887376608208901,4.717857634865037e-13,3.119679010927599e-12,Downregulated
241436_at,7.121436620425533,8.73677950344,-1.615342883014466,-8.191286015439315,4.802591305292172e-13,3.173758151449131e-12,Downregulated
214823_at,6.473549252680851,7.814085038610001,-1.3405357859291502,-8.15736835376738,4.847347205387683e-13,3.2021544680543096e-12,Downregulated
228080_at,6.210793000510638,7.44373037538,-1.232937374869362,-7.9942142210836575,4.911323830911013e-13,3.2412636172743568e-12,Downregulated
205174_s_at,9.45790284597872,7.7749394988599985,1.6829633471187222,8.082886513680622,4.921807577077432e-13,3.2476528567638444e-12,Upregulated
220832_at,3.2610539720531926,4.46816166434,-1.2071076922868076,-7.766520033202797,4.922259712255765e-13,3.2476528567638444e-12,Downregulated
226999_at,4.7920044798085115,3.3364868215800003,1.4555176582285112,8.07475525445323,4.972544873641013e-13,3.280025736738479e-12,Upregulated
218532_s_at,8.097734661478723,9.479886833100004,-1.3821521716212803,-8.180508833221987,4.987939006255815e-13,3.289373312781697e-12,Downregulated
203726_s_at,6.405987760382978,8.453218094910001,-2.0472303345270237,-8.221430557957175,5.001536342160619e-13,3.2977683188242237e-12,Downregulated
214641_at,4.117819169691488,5.575812223540001,-1.4579930538485124,-7.94938907830133,5.027021990592303e-13,3.3127101787061702e-12,Downregulated
227238_at,7.120180910223405,9.192483304620001,-2.072302394396597,-8.040035500033246,5.083842764503401e-13,3.349333254918911e-12,Downregulated
223494_at,8.616410642574468,7.43724114964,1.1791694929344683,8.00549067059624,5.091680774219092e-13,3.3536755097005645e-12,Upregulated
236924_at,5.280909668212765,3.917418171990001,1.3634914962227644,7.956690291968065,5.095618069881947e-13,3.355857885474108e-12,Upregulated
1570249_x_at,3.562508248361702,2.4409621935199994,1.1215460548417027,8.240092260940841,5.120032800999058e-13,3.36987376694243e-12,Upregulated
203705_s_at,6.4935025651914895,7.6473530121,-1.1538504469085105,-7.969750065492363,5.127693223546079e-13,3.374502725090535e-12,Downregulated
227812_at,7.705436858340426,9.102222276109998,-1.3967854177695722,-8.070781017164125,5.172768298101784e-13,3.4016690999107783e-12,Downregulated
228613_at,7.278325916936173,5.70847386129,1.569852055646173,7.943648066532089,5.189754893945317e-13,3.412005338292908e-12,Upregulated
213524_s_at,8.206498975606383,9.365164771009999,-1.158665795403616,-7.963212236829053,5.218035941829546e-13,3.42976024889703e-12,Downregulated
201340_s_at,7.118418901489362,5.857193395719999,1.2612255057693638,7.790712284560763,5.221588722354094e-13,3.4316760877387256e-12,Upregulated
1556820_a_at,7.242656702074469,5.85440628495,1.3882504171244694,7.893189009105729,5.28202713653236e-13,3.4692772202409274e-12,Upregulated
242225_at,6.43471603257447,5.116628630819999,1.3180874017544708,7.970982987400673,5.310547365736642e-13,3.4875836460746157e-12,Upregulated
205431_s_at,5.490194126159575,7.240208271589999,-1.7500141454304243,-8.059688515138118,5.334887080534436e-13,3.5018579022897876e-12,Downregulated
210253_at,6.610926025021276,5.56353232738,1.0473936976412759,8.15094823086993,5.443609085303374e-13,3.571044740360132e-12,Upregulated
1569112_at,3.7800176280106386,2.23445874972,1.5455588782906386,8.359632981560393,5.577567367389745e-13,3.655801101906225e-12,Upregulated
1556732_at,4.731200123680852,3.353044979640001,1.3781551440408508,8.148338086162422,5.669817567507867e-13,3.715167371830492e-12,Upregulated
222774_s_at,6.010780806734043,4.71792582136,1.292854985374043,7.821487327065098,5.728379777782419e-13,3.751907388307418e-12,Upregulated
1559039_at,4.506269477180851,3.41850219149,1.087767285690851,7.912680263096009,5.824647643952655e-13,3.811766565770707e-12,Upregulated
242944_at,3.706708727606383,2.212752368,1.4939563596063832,8.364528968015367,5.838253996589411e-13,3.820149993437446e-12,Upregulated
204440_at,8.893059513819148,9.962627404860001,-1.0695678910408528,-7.752567542433305,5.867978458364694e-13,3.83913257951105e-12,Downregulated
1570248_at,3.447304906659575,2.35213284494,1.095172061719575,8.289045926611738,5.975711742674628e-13,3.9072408435630625e-12,Upregulated
228108_at,5.503240210425532,6.792190662070001,-1.2889504516444692,-7.9778339015034945,6.037592011170326e-13,3.946741904628186e-12,Downregulated
240939_x_at,4.069203532531916,3.0407546896599995,1.0284488428719167,8.109677023682918,6.113640600089338e-13,3.994512552434465e-12,Upregulated
210606_x_at,4.491912722574467,5.986549023719999,-1.4946363011455324,-7.835169118064123,6.221624251683869e-13,4.062105875225402e-12,Downregulated
1559401_a_at,4.631892209382979,2.92049179238,1.711400417002979,8.230403225163796,6.272027436755345e-13,4.094517146660068e-12,Upregulated
1569484_s_at,4.167869318734041,2.99558165402,1.1722876647140414,7.997593221396164,6.27435170774585e-13,4.09522685491872e-12,Upregulated
202779_s_at,8.285824134489362,7.117160813949999,1.1686633205393626,7.963933171424985,6.476730336256586e-13,4.221490764249839e-12,Upregulated
234041_at,3.610261578819149,2.323389196150001,1.2868723826691482,8.275273873963435,6.495480345802589e-13,4.233198908025421e-12,Upregulated
1560342_at,4.330690765659573,2.6427127754399997,1.687977990219573,8.220412489982223,6.55159131094653e-13,4.26821572493423e-12,Upregulated
233940_at,4.6584680696170215,3.3691005295699994,1.2893675400470221,7.874584165632846,6.551024547202032e-13,4.26821572493423e-12,Upregulated
227725_at,9.139716483436171,7.16856492364,1.971151559796171,7.891763374227784,6.57814906146321e-13,4.284998491217879e-12,Upregulated
1569552_at,3.671977356010639,2.31159858675,1.3603787692606386,8.330304822000944,6.639123386728412e-13,4.322099860549194e-12,Upregulated
231310_at,2.566834317361702,3.6528718398300004,-1.0860375224682985,-7.711361036643927,6.698748220043473e-13,4.36038813703568e-12,Downregulated
1558738_at,6.7638097164787245,5.669177875529999,1.0946318409487255,7.924213011152756,6.710469560436348e-13,4.3669608684528666e-12,Upregulated
211823_s_at,3.686516694351064,4.79359685505,-1.1070801606989358,-7.858789774031603,6.751209294006556e-13,4.3924101014568354e-12,Downregulated
226757_at,8.715548682595745,9.874439976889999,-1.1588912942942535,-7.782272600995872,6.759439005970499e-13,4.39723253961211e-12,Downregulated
229178_at,3.989821610319149,5.07512429139,-1.0853026810708508,-7.707757302744963,6.79943727209288e-13,4.42271777865265e-12,Downregulated
1552782_at,3.5098594279574464,2.217146538,1.2927128899574463,8.330152141326058,6.836726035263358e-13,4.4453596050855296e-12,Upregulated
241060_x_at,4.130117673893618,2.7206294480500004,1.4094882258436172,8.196657804081912,6.848319105793819e-13,4.452359378994637e-12,Upregulated
215066_at,3.6628127883191492,2.5122708122499997,1.1505419760691495,8.316073009586898,6.864222827243466e-13,4.4616204107083635e-12,Upregulated
229437_at,6.706145830776597,5.2029041107000005,1.5032417200765966,7.73783767765067,6.901947724991502e-13,4.4855988440840135e-12,Upregulated
221582_at,7.153820559361703,5.697833219749999,1.4559873396117045,8.11570720457333,6.949831432244042e-13,4.515081935193599e-12,Upregulated
1557551_at,4.2059368899042555,2.7774763403000002,1.4284605496042553,8.084947258569096,7.003810926727765e-13,4.549051738980553e-12,Upregulated
243934_at,4.702873879457447,3.5800288129900006,1.122845066467446,8.15222202327741,7.063062670811957e-13,4.585875046019941e-12,Upregulated
234650_at,3.951347942531916,2.2192037943200003,1.7321441482119155,8.323284579369538,7.106318944511149e-13,4.6134033886478775e-12,Upregulated
208358_s_at,3.7641915720531913,2.26890406499,1.4952875070631912,8.316242643392014,7.126713124772135e-13,4.624968534374928e-12,Upregulated
239594_at,4.784469131276596,2.31211928349,2.4723498477865964,8.292155532563608,7.14487056460949e-13,4.635074275576963e-12,Upregulated
202094_at,3.714893194265958,2.22107207518,1.493821119085958,8.317736599939185,7.177724535333701e-13,4.65582599924576e-12,Upregulated
1553105_s_at,8.581349064968085,7.0791112292100005,1.502237835758085,8.04705368453407,7.195923959662554e-13,4.665942930613745e-12,Upregulated
211557_x_at,6.491077525691487,7.722146828990001,-1.2310693032985132,-7.726407702470275,7.285099375553479e-13,4.722626913505115e-12,Downregulated
207365_x_at,9.55751756275532,8.39217811892,1.16533944383532,7.829190009933601,7.330551977734859e-13,4.750374321378881e-12,Upregulated
1566142_at,3.7095709301808513,2.5006603303099992,1.208910599870852,8.27730724696897,7.373380369788041e-13,4.776977072626109e-12,Upregulated
213326_at,6.868886541957448,5.8161773005300015,1.0527092414274462,7.8843598274202,7.542648809818696e-13,4.880174532478147e-12,Upregulated
226047_at,7.193349536989361,8.38161855994,-1.1882690229506387,-7.945360617555157,7.545200886902504e-13,4.881238572323047e-12,Downregulated
236210_at,3.54044333543617,2.4234286202099997,1.1170147152261705,8.217147329841886,7.562539745217566e-13,4.891867260809044e-12,Upregulated
242877_at,5.056655565648937,3.792326180399999,1.2643293852489377,8.1361330590869,7.729011687876788e-13,4.996545945242078e-12,Upregulated
1559214_at,4.32170983980851,3.1321264275800003,1.1895834122285098,8.045477916927954,7.803175459276557e-13,5.0426720563817e-12,Upregulated
238610_s_at,4.819964363755319,3.2301212871399994,1.5898430766153195,8.194374443029512,7.850154527079923e-13,5.07120359588663e-12,Upregulated
223748_at,5.848538932627659,4.41193366289,1.436605269737659,7.965869210376712,7.855819513324817e-13,5.0742537329613135e-12,Upregulated
208121_s_at,4.95196397787234,6.241727084109999,-1.2897631062376593,-7.714230910656313,7.873809735738337e-13,5.085263333890756e-12,Downregulated
244119_at,2.357099620393617,4.17878387016,-1.821684249766383,-8.108114847991285,8.007780832522366e-13,5.166824614419961e-12,Downregulated
229041_s_at,7.693942975074466,6.406100571370002,1.287842403704464,7.812542552674098,8.08284799227512e-13,5.213383644471874e-12,Upregulated
202498_s_at,7.140993927946811,8.48686191869,-1.345867990743189,-7.841358423801288,8.194503890065639e-13,5.280967963468374e-12,Downregulated
215567_at,5.23879932993617,4.19975557663,1.0390437533061698,7.837014543457649,8.334960089127723e-13,5.369555196476508e-12,Upregulated
231993_at,8.010483051095743,9.45954614548,-1.4490630943842557,-7.735017265524328,8.44979530684269e-13,5.442230755284886e-12,Downregulated
202388_at,11.624119184638298,12.696122502400003,-1.0720033177617054,-7.712171628086887,8.478582749070296e-13,5.460117956674987e-12,Downregulated
1565703_at,5.326255780351064,4.04769293138,1.278562848971064,7.892599967212665,8.515294581275167e-13,5.482447143266293e-12,Upregulated
241865_at,6.510887633457448,5.078728290399999,1.4321593430574486,7.812645953291017,8.523604028002877e-13,5.487140230402905e-12,Upregulated
221541_at,9.15466059534043,10.28517841522,-1.1305178198795716,-7.69204341877567,8.570546781574768e-13,5.516039597867422e-12,Downregulated
1570130_at,3.5159334424787234,2.48774680671,1.0281866357687233,8.27550569991951,8.6730686116394e-13,5.580019956287521e-12,Upregulated
205862_at,4.210563633053192,2.53114315892,1.6794204741331917,8.217991533823815,8.695431978862215e-13,5.59240110504703e-12,Upregulated
213936_x_at,12.135711604031915,14.033036743700002,-1.8973251396680872,-8.221975437994422,8.762764435687069e-13,5.633684531889371e-12,Downregulated
213841_at,2.276541591882979,3.8095534381099996,-1.5330118462270206,-8.169368139026538,8.980279491942699e-13,5.770768372205854e-12,Downregulated
232046_at,3.7588765529042556,2.5389446160099998,1.2199319368942558,8.014075151449948,9.005226841396842e-13,5.7854172347273114e-12,Upregulated
211367_s_at,8.758181566500001,9.82560478899,-1.0674232224899995,-7.863837556637046,9.090180934796256e-13,5.83790414040539e-12,Downregulated
229105_at,8.276508782489362,7.157085693470001,1.119423089019361,7.9405879291653845,9.169818010844516e-13,5.886939980082157e-12,Upregulated
233313_at,5.3207836840851055,4.24475537946,1.0760283046251056,7.934209188293456,9.20512799916164e-13,5.9074933130045105e-12,Upregulated
240405_at,3.9066320119893625,2.37112811033,1.5355039016593626,8.198523777307432,9.308622127968532e-13,5.970342125162766e-12,Upregulated
233231_at,3.7708493039787236,2.5988026250300003,1.1720466789487234,8.184142889512595,9.385865045692517e-13,6.018456573052191e-12,Upregulated
1559450_at,3.70402220868085,2.5935003219299997,1.1105218867508504,8.204405980265054,9.41515014132062e-13,6.0365152640490034e-12,Upregulated
205328_at,5.63522314669149,2.86887193567,2.76635121102149,8.140553690047634,9.431682893533563e-13,6.0463944709367844e-12,Upregulated
1555137_a_at,7.105589238914894,5.80362194937,1.3019672895448942,7.729618352712176,9.446073900023018e-13,6.053455627149267e-12,Upregulated
200835_s_at,5.81219662301064,7.049472431079998,-1.2372758080693584,-7.649883070787106,9.506569160715617e-13,6.090772232022039e-12,Downregulated
211143_x_at,5.8121316708617,6.91668004989,-1.1045483790282997,-7.6487530794888245,9.534242242998692e-13,6.107047198784418e-12,Downregulated
228481_at,4.383378778755319,2.7800575669799996,1.6033212117753197,7.9893657779827,9.653016727274062e-13,6.178711861158666e-12,Upregulated
222680_s_at,6.149513758797872,4.62570309879,1.5238106600078725,7.646425918990105,9.677143112378023e-13,6.1926807786123065e-12,Upregulated
1552846_s_at,5.5212931480957455,4.4965921165200005,1.024701031575745,7.6672873946946325,9.683403239627107e-13,6.195949638907728e-12,Upregulated
236742_at,4.66041543338298,3.56940006093,1.0910153724529796,7.9959699148469365,9.714531984314136e-13,6.2143888833054256e-12,Upregulated
40020_at,3.6026550744255315,2.42217451813,1.1804805562955316,8.251049346922455,9.731318925847968e-13,6.224387201161361e-12,Upregulated
243736_at,4.051953898031914,2.6310433285100006,1.4209105695219133,7.9838711069843855,9.932062593948815e-13,6.34750378657475e-12,Upregulated
242037_at,5.196057349223405,3.7584792918800014,1.4375780573434032,8.183851224075571,9.95598488397523e-13,6.360525038240785e-12,Upregulated
227190_at,6.302471032436168,7.394950074550001,-1.0924790421138333,-7.872869563200575,1.0258931310436538e-12,6.54318604841859e-12,Downregulated
241786_at,7.289703807074469,6.038530477310001,1.2511733297644678,7.745290269677719,1.0422913935501038e-12,6.641474338761507e-12,Upregulated
242006_at,4.5636709485319145,5.573283294879999,-1.0096123463480842,-7.7416335583978215,1.0509718446725368e-12,6.693614166673424e-12,Downregulated
227971_at,4.6749920620531915,2.6973854210300003,1.9776066410231912,8.168142621693729,1.0617055964490205e-12,6.756376858803481e-12,Upregulated
232551_at,4.193676167446809,3.1744747382000007,1.0192014292468086,7.9701682886577485,1.0813663718826967e-12,6.878236953415648e-12,Upregulated
232098_at,5.8075511315,7.342719235570001,-1.5351681040700003,-7.7690294999310705,1.0842561286093928e-12,6.895802309729786e-12,Downregulated
222484_s_at,9.484042071425531,6.668180148300001,2.8158619231255297,7.759486658209394,1.0856053798801043e-12,6.902751029936315e-12,Upregulated
242462_at,3.557414360680851,2.5457807998500006,1.0116335608308504,8.213894894967233,1.0964988231976835e-12,6.9662515597106785e-12,Upregulated
243524_at,4.643531644287234,3.6015958381300006,1.041935806157233,7.8436403623721205,1.138203166161743e-12,7.220119765912902e-12,Upregulated
202350_s_at,7.4042248229468095,8.936872525810001,-1.5326477028631915,-7.927076666322276,1.1828398836721853e-12,7.495314088500491e-12,Downregulated
239804_at,6.083256690297874,4.67302101992,1.4102356703778742,7.737629617714633,1.207975463655651e-12,7.652787784238262e-12,Upregulated
223366_at,7.93259946080851,9.079407542270001,-1.146808081461491,-7.902858075995477,1.239021557532099e-12,7.84392814188106e-12,Downregulated
237388_at,5.7415826927446805,4.711845186230001,1.0297375065146799,7.7192225734440365,1.2637414296801476e-12,7.995402948455788e-12,Upregulated
240798_at,4.913935657085107,3.233370320730001,1.6805653363551056,7.920401335438454,1.27013278411606e-12,8.032376475775003e-12,Upregulated
216621_at,3.9626444081382974,2.9271025607500003,1.0355418473882971,7.875325686631083,1.2978900396044869e-12,8.20116466989743e-12,Upregulated
204039_at,7.889360497446808,9.08378197704,-1.1944214795931911,-7.68547708092848,1.300180078397224e-12,8.214669998434523e-12,Downregulated
208733_at,6.382328652159575,7.447226500960002,-1.0648978488004275,-7.702503122555146,1.3934786516933226e-12,8.792778362268542e-12,Downregulated
230300_at,5.530960831595745,6.59958826613,-1.068627434534255,-7.89212646034477,1.3939937389261512e-12,8.794996743915773e-12,Downregulated
215067_x_at,7.100511901595744,6.047374460750001,1.0531374408457426,7.6565440513564305,1.4303578978453562e-12,9.019135978137202e-12,Upregulated
228352_at,3.9180290510106377,4.92695947508,-1.0089304240693626,-7.599651323311618,1.439512187930039e-12,9.074730724332522e-12,Downregulated
210701_at,5.5900799186276595,4.11309367038,1.47698624824766,7.743897613181089,1.4600559662680042e-12,9.199926218567347e-12,Upregulated
228407_at,6.462084042159574,4.8518276804300005,1.610256361729574,7.9277363540997845,1.4646556923120488e-12,9.227828401861997e-12,Upregulated
237719_x_at,2.8127909174893615,3.888029498799999,-1.0752385813106375,-7.579395918012921,1.465034695475077e-12,9.229135175781506e-12,Downregulated
210964_s_at,3.5378477495531913,2.37738153437,1.1604662151831913,8.165610950163282,1.471335858540553e-12,9.265574345798171e-12,Upregulated
1565804_at,4.495693325563829,3.191487922430001,1.3042054031338286,7.867907099762071,1.4754243017406774e-12,9.288058461308997e-12,Upregulated
214023_x_at,5.3682909462553186,2.92847045004,2.4398204962153187,8.10986563790169,1.4842502367005588e-12,9.3403396783873e-12,Upregulated
216211_at,5.165844988840425,4.15371047209,1.0121345167504252,7.818040025431547,1.5093930800827515e-12,9.491899474492093e-12,Upregulated
204136_at,5.049938636808511,4.00267356921,1.0472650675985111,7.99646416797424,1.5105522556668752e-12,9.498078515700087e-12,Upregulated
212859_x_at,10.383729128872341,11.486058013399997,-1.1023288845276564,-7.725595860294133,1.5163981241269056e-12,9.53372174217297e-12,Downregulated
202036_s_at,2.694710707861702,3.940069738979999,-1.245359031118297,-7.583558916651855,1.54969361208337e-12,9.737362221906093e-12,Downregulated
243929_at,5.667910078925532,7.973541368470002,-2.30563128954447,-7.7460580069827305,1.552704509182551e-12,9.754001954086975e-12,Downregulated
223691_at,3.974349829468085,5.1605975300299995,-1.1862477005619145,-7.6049062126007545,1.55906541910853e-12,9.790530371531978e-12,Downregulated
241780_at,4.2159832503936165,5.30735445744,-1.0913712070463832,-7.646314691690478,1.5604372668058136e-12,9.796857573528362e-12,Downregulated
242775_at,4.763791455361702,3.3799879568299995,1.383803498531702,8.06028348899541,1.5793407882062944e-12,9.912068102037777e-12,Upregulated
239893_at,6.2310850182446815,4.711442441510001,1.5196425767346806,7.856896505465626,1.5856819929765099e-12,9.949544059056762e-12,Upregulated
239175_at,5.84799932494681,4.579224191390001,1.268775133556809,7.620586146896512,1.6349113545574464e-12,1.0245292102554681e-11,Upregulated
208322_s_at,7.16987387501064,8.21338423347,-1.0435103584593604,-7.976561270275839,1.642698448372851e-12,1.0289295300358934e-11,Downregulated
205713_s_at,6.271548534425533,4.08442344183,2.187125092595533,7.672181708354192,1.6692027736749516e-12,1.0452874651866451e-11,Upregulated
242990_at,5.577200048925531,4.33600973362,1.2411903153055306,7.784372238316532,1.7057892021825874e-12,1.0673287346276483e-11,Upregulated
229030_at,8.29727935230851,6.525476725550001,1.77180262675851,7.738995679195779,1.713077594562113e-12,1.0717644701770131e-11,Upregulated
219249_s_at,5.596750891617021,4.44118362717,1.1555672644470212,7.906286808778069,1.726750598401095e-12,1.0799419498325733e-11,Upregulated
202917_s_at,10.544375260063829,12.06466623137,-1.5202909713061707,-7.71201729288986,1.7366721537494867e-12,1.0857683187442741e-11,Downregulated
1568768_s_at,2.9953441892553188,4.6504384088599995,-1.6550942196046807,-7.658583857041462,1.7573892467608886e-12,1.0980824584837493e-11,Downregulated
243021_at,5.2139266484361695,4.174473019340001,1.039453629096169,7.884795287363953,1.757332409967446e-12,1.0980824584837493e-11,Upregulated
226665_at,7.607371760180853,6.082216348300001,1.525155411880852,7.58730963851763,1.7576209893977524e-12,1.0980996925978337e-11,Upregulated
233315_at,5.1406621568829785,3.9896399477600006,1.1510222091229778,7.982423874273432,1.8011588619626787e-12,1.1237342599411279e-11,Upregulated
242068_at,6.002164319989361,4.3260781666699994,1.6760861533193614,7.610290462061604,1.8049942281092091e-12,1.1258659347452387e-11,Upregulated
214902_x_at,8.735724515329789,7.65929606513,1.0764284501997885,7.665939360652004,1.828027062402357e-12,1.1393078050796427e-11,Upregulated
1570210_x_at,5.706496717585106,4.66714079094,1.039355926645106,7.6342267171098666,1.8408626817688067e-12,1.1470417076183622e-11,Upregulated
203925_at,9.896838164638297,8.851838330229999,1.0449998344082978,7.868329604898094,1.8602970437472335e-12,1.1590169905593502e-11,Upregulated
233713_at,5.266003623319149,3.94443799885,1.321565624469149,7.7004402588462835,1.8644088361089624e-12,1.1613097123214435e-11,Upregulated
228068_at,3.3488265772446804,2.2373582734600004,1.11146830378468,8.108189380280661,1.9066410752156028e-12,1.1865162197332687e-11,Upregulated
225687_at,7.137777102510638,5.661995982769997,1.475781119740641,7.559082445423852,1.9255286593594717e-12,1.197854319596444e-11,Upregulated
220491_at,6.148081974457448,4.91546875745,1.2326132170074482,7.561575306531015,1.9276222505026014e-12,1.1988793983063473e-11,Upregulated
210423_s_at,6.408168034893617,7.657293412549999,-1.249125377656382,-7.5985189568368705,1.939601982089529e-12,1.2060512394065596e-11,Downregulated
243857_at,6.095937797648935,4.628227476629999,1.4677103210189353,7.80538193339932,1.9944546264696726e-12,1.2391560187050689e-11,Upregulated
244385_at,3.5242544694893625,2.3492646557400003,1.1749898137493622,8.086289360725157,2.0055859004093552e-12,1.2456402221641753e-11,Upregulated
1560332_at,4.486381631085106,3.2876778519900007,1.198703779095105,7.760992724010539,2.012015442865225e-12,1.2492007689016391e-11,Upregulated
226448_at,6.594377392914893,7.65940992326,-1.065032530345107,-7.780220055893296,2.043344086504539e-12,1.2683589733033254e-11,Downregulated
212142_at,3.559272900287234,2.34822612362,1.2110467766672341,8.057937533131012,2.047633769003955e-12,1.2708750276903616e-11,Upregulated
242235_x_at,5.573240189680851,4.53785769849,1.035382491190851,7.641804512848355,2.0619498538394647e-12,1.2790224292308781e-11,Upregulated
241702_at,5.1520598455212765,3.69749637307,1.4545634724512766,7.7186685128734105,2.0681791112150735e-12,1.2825905877529567e-11,Upregulated
243012_at,4.75597762569149,3.27573081806,1.4802468076314903,7.8609324219210155,2.079596401285973e-12,1.2893737410901135e-11,Upregulated
219984_s_at,3.653171158425532,2.23105000198,1.4221211564455323,8.10077112965017,2.0835194629223978e-12,1.2916571903266952e-11,Upregulated
244878_at,3.637059718031915,2.4256203080999996,1.2114394099319155,7.975226595307846,2.1019505002963534e-12,1.3029331521140909e-11,Upregulated
205330_at,4.488273397,5.6910735929100005,-1.20280019591,-7.649508326129901,2.122454567371173e-12,1.3147338634184718e-11,Downregulated
221045_s_at,7.254951620914893,8.34860601468,-1.0936543937651066,-7.644152300301616,2.141840608552691e-12,1.3262841235507143e-11,Downregulated
238563_at,6.257675677797873,5.18577281149,1.0719028663078731,7.600295698661706,2.1794729095175618e-12,1.3488106076551786e-11,Upregulated
244132_x_at,6.247163145851062,5.242870022589999,1.0042931232610632,7.617091503255155,2.2422351134668166e-12,1.3857389154650832e-11,Upregulated
232264_at,6.117620742489363,4.69045095155,1.427169790939363,7.8190177178583244,2.245879712189383e-12,1.387672443421231e-11,Upregulated
209198_s_at,5.212863354659575,6.244534152739999,-1.031670798080424,-7.6670467322708395,2.2691246862861312e-12,1.4017128790236116e-11,Downregulated
241853_at,3.9939919868617024,5.1140037145,-1.1200117276382975,-7.5517524710640185,2.335521306040156e-12,1.4412385149916914e-11,Downregulated
223423_at,10.41531214919149,9.34920655498,1.0661055942114892,7.807107228128293,2.3379523643382153e-12,1.4425732002787111e-11,Upregulated
243966_at,4.997900026329786,3.98180365357,1.0160963727597858,7.726901376512531,2.3461336336260833e-12,1.4474551917666037e-11,Upregulated
220638_s_at,3.3740199346276594,2.212752368,1.1612675666276595,8.074418015990123,2.368960314170072e-12,1.4612029754352236e-11,Upregulated
223687_s_at,6.608234648585105,4.1132567369599995,2.4949779116251056,7.931970440208911,2.3706805850786724e-12,1.4620030872411402e-11,Upregulated
237586_at,4.288962675542553,2.9611071477400004,1.3278555278025528,7.818683636331266,2.3917759109885494e-12,1.474599485882968e-11,Upregulated
205907_s_at,4.322735624999999,5.87426241507,-1.5515267900700005,-7.557239224178138,2.422192137328474e-12,1.4923256162468422e-11,Downregulated
201505_at,10.300194477787235,11.343186216939998,-1.0429917391527628,-7.800427760500277,2.4300728830598346e-12,1.4968380678911622e-11,Downregulated
1555058_a_at,7.035999684180852,6.0047056906,1.031293993580852,7.493374223381008,2.4444887943197733e-12,1.5050283229313566e-11,Upregulated
208711_s_at,8.617611470978723,9.765025908370001,-1.1474144373912782,-7.553870286748151,2.456679585579986e-12,1.5123608583038242e-11,Downregulated
236322_at,8.171677701680851,6.49252604446,1.6791516572208511,7.6099569650951775,2.4588994575888995e-12,1.5135542026307685e-11,Upregulated
232608_x_at,3.5553516644893626,2.33831836376,1.2170333007293626,8.055352785624596,2.485878390416723e-12,1.5294607081555006e-11,Upregulated
207730_x_at,8.134537641797873,7.0353332245799995,1.0992044172178739,7.612455533687915,2.5152307803977695e-12,1.546812288525891e-11,Upregulated
220520_s_at,5.22539377862766,3.867939784130001,1.3574539944976585,7.650329295599737,2.518157105982065e-12,1.5484348702681074e-11,Upregulated
216236_s_at,6.3345016713297895,7.62763193385,-1.2931302625202106,-7.567181064785691,2.5312489578253127e-12,1.556129345589122e-11,Downregulated
215702_s_at,3.8540571817765965,5.15502754706,-1.300970365283404,-7.491500209253929,2.5396548076652484e-12,1.561118554115235e-11,Downregulated
230270_at,8.466209293404255,7.337513114450001,1.1286961789542538,7.631174357740285,2.559934461035351e-12,1.5730450693619034e-11,Upregulated
204192_at,7.583371130648936,8.82577922116,-1.2424080905110637,-7.626258102922927,2.6853188136181776e-12,1.6476449658825838e-11,Downregulated
1564773_x_at,3.5409277072127656,2.51341305258,1.0275146546327658,7.670676319824186,2.6878413175899185e-12,1.6490045980140453e-11,Upregulated
224549_x_at,11.428560019468083,10.359726489849999,1.0688335296180842,7.550716390575316,2.6969693252299097e-12,1.6544159685996342e-11,Upregulated
228750_at,5.952219345042553,7.80047077961,-1.8482514345674472,-7.698386100672267,2.6982002544200946e-12,1.6549823113723254e-11,Downregulated
240304_s_at,10.993957799968085,9.68602184379,1.3079359561780848,7.609455669479446,2.7900737673126356e-12,1.7089956456972714e-11,Upregulated
208146_s_at,8.312239341595745,9.36382126681,-1.0515819252142542,-7.61301979934522,2.8495256485895147e-12,1.743624420193807e-11,Downregulated
1554921_a_at,7.0482185365,8.903781145069999,-1.8555626085699988,-7.73264402458104,2.8606047433099987e-12,1.7496075360890562e-11,Downregulated
242932_at,5.6154146249148935,4.54374371786,1.0716709070548935,7.730442719827996,2.8705027023224233e-12,1.7552621458289435e-11,Upregulated
230128_at,3.74279872062766,2.47488885488,1.2679098657476597,7.9865145671641145,2.8903233407274985e-12,1.7669803501292252e-11,Upregulated
218454_at,9.213985592489362,10.321406571849998,-1.1074209793606364,-7.553261430065248,2.9037726763763718e-12,1.774799058767949e-11,Downregulated
217518_at,3.8079604956276603,2.5274372302700003,1.28052326535766,7.821400819666356,2.9432388585870096e-12,1.7983079092123243e-11,Upregulated
217430_x_at,8.932030932138296,7.578633819879999,1.353397112258297,7.555796307806449,2.9559124177235743e-12,1.8056411731934148e-11,Upregulated
242126_at,3.8050619168936164,2.5056891124100003,1.2993728044836161,7.9417471826398085,3.0028043403695002e-12,1.832828350557353e-11,Upregulated
227113_at,4.699013240319149,5.8124874902800014,-1.113474249960852,-7.653790098637097,3.029205178508427e-12,1.848523141947518e-11,Downregulated
239657_x_at,6.28807444693617,5.18152708447,1.10654736246617,7.985904668664298,3.0357931789071082e-12,1.852123093474339e-11,Upregulated
236494_x_at,7.825063875223404,6.739618968179999,1.0854449070434047,7.568652561598855,3.0381182579306097e-12,1.853121213665863e-11,Upregulated
229261_at,3.972547875595745,2.86134112596,1.1112067496357447,7.77833158731782,3.075002226261357e-12,1.8747684169314592e-11,Upregulated
1559436_x_at,8.900012696414894,7.797208201459999,1.1028044949548947,7.523125286850452,3.0872326478901578e-12,1.8815852147243063e-11,Upregulated
229274_at,7.100710954861701,5.6818856260300015,1.4188253288316997,7.757463385009419,3.1041627714839395e-12,1.8914750065371607e-11,Upregulated
242171_at,5.043258822723403,3.8951570048,1.1481018179234028,7.535563823704396,3.131342443512681e-12,1.907388274821892e-11,Upregulated
223861_at,4.803853639627659,2.2325379472300004,2.571315692397659,8.012476713834264,3.1344221091846305e-12,1.909047985104796e-11,Upregulated
225822_at,9.232257715542552,10.32547814896,-1.0932204334174482,-7.765440391139158,3.1510162768829582e-12,1.9187202702188023e-11,Downregulated
240838_s_at,4.532075521914893,2.48799392218,2.0440815997348936,7.998473971158333,3.2246656690827168e-12,1.9624560723838313e-11,Upregulated
229927_at,4.291863998117021,2.3987789839900002,1.893085014127021,7.934286216014296,3.2331509704759275e-12,1.9673974216316126e-11,Upregulated
240314_at,5.791181972744679,4.274578699319999,1.5166032734246802,7.620771990267875,3.2394033338676617e-12,1.970979046554367e-11,Upregulated
218510_x_at,6.128900405989361,7.599958395729999,-1.471057989740638,-7.803296924810091,3.2622878092013485e-12,1.9844538804083208e-11,Downregulated
231183_s_at,6.449775042989362,7.52343538714,-1.073660344150638,-7.672337218474009,3.288133121211074e-12,1.999949429576601e-11,Downregulated
206157_at,5.449230116351065,7.146616570160001,-1.697386453808936,-7.473833925726044,3.3243040573443494e-12,2.02103558300354e-11,Downregulated
1556007_s_at,9.192548039191488,7.898358725129999,1.294189314061489,7.631592055176282,3.3392668075793856e-12,2.0299028538931377e-11,Upregulated
241988_x_at,4.033620742968085,2.57898247853,1.4546382644380853,7.765302437208579,3.3528573354642318e-12,2.0379340563372038e-11,Upregulated
219497_s_at,4.91301520769149,3.5557328369000003,1.35728237079149,7.65261188422966,3.3574027257667077e-12,2.040466248678962e-11,Upregulated
222668_at,5.640064783287233,7.0452000665800005,-1.4051352832927675,-7.677490637690983,3.3779207687361104e-12,2.0524722827297836e-11,Downregulated
219000_s_at,6.629755626744681,5.62348673027,1.0062688964746815,7.731062406799508,3.389638589547632e-12,2.059126961570013e-11,Upregulated
1558501_at,3.925843809351064,5.07494289859,-1.149099089238936,-7.672974097328275,3.3911548537254814e-12,2.0598154145960332e-11,Downregulated
205119_s_at,8.385054732989362,9.59026708829,-1.2052123553006382,-7.5109059503512565,3.3927687333800145e-12,2.0603303499331317e-11,Downregulated
206884_s_at,8.808702589648936,10.77411173188,-1.9654091422310636,-7.8463264200281335,3.405625676637005e-12,2.0676710988102265e-11,Downregulated
1557422_at,5.0189230290106375,6.72647871742,-1.7075556884093626,-7.694028222450566,3.4195841909677458e-12,2.0759114593159275e-11,Downregulated
1553635_s_at,3.059435559531915,4.16650384935,-1.1070682898180846,-7.533099447826311,3.454490035320237e-12,2.0961552463868937e-11,Downregulated
1552532_a_at,3.8341503010957445,2.21659597603,1.6175543250657447,7.995641414803076,3.4567976935111387e-12,2.097318902912466e-11,Upregulated
239348_at,4.862474467914894,3.5274764319000003,1.3349980360148939,7.558227013266175,3.4633367526990958e-12,2.1008123444307383e-11,Upregulated
230913_at,5.873699026861703,7.012605183339999,-1.1389061564782956,-7.541314405646041,3.4984794094258458e-12,2.121172511727861e-11,Downregulated
244023_at,5.33723259780851,4.2740505425399995,1.06318205526851,7.66639914544672,3.5770314598137267e-12,2.1673337174444195e-11,Upregulated
209772_s_at,10.362870363595746,8.876321345720001,1.4865490178757454,7.499683489139843,3.5829328790617815e-12,2.1706648775987496e-11,Upregulated
231274_s_at,7.4032229978510635,6.085676405090001,1.3175465927610626,7.729557324635537,3.6138075198112415e-12,2.1881374677537705e-11,Upregulated
242056_at,3.9655106653617023,2.9591916531599995,1.0063190122017027,7.861459543023025,3.658516911237725e-12,2.2139625403671497e-11,Upregulated
228818_at,3.4215194821170214,2.28872739583,1.1327920862870213,7.973377913507803,3.660061211776302e-12,2.214647905687931e-11,Upregulated
224405_at,3.9858339461170225,2.38120773262,1.6046262134970224,7.860572073232606,3.663244625222913e-12,2.216324807786722e-11,Upregulated
204540_at,4.586433893404256,2.4775257677399996,2.1089081256642563,7.973670843112947,3.669752653155755e-12,2.220012554298003e-11,Upregulated
232478_at,3.8672091615,2.57228506641,1.2949240950899998,7.879816348747093,3.793210728610155e-12,2.2931508626393818e-11,Upregulated
210839_s_at,8.471537992223405,9.789400162789999,-1.3178621705665936,-7.430098783755321,3.841422628520272e-12,2.3215141291864196e-11,Downregulated
233824_at,6.31545683875532,4.8055572387500005,1.509899600005319,7.62540249391471,3.844958428045879e-12,2.3233898888987265e-11,Upregulated
219655_at,5.163214128255319,3.8424624989900003,1.320751629265319,7.732819676519076,3.850109397180702e-12,2.3262411147692793e-11,Upregulated
236696_at,4.360914997404255,2.9398201466100007,1.4210948507942547,7.71148833264537,3.8551188849708674e-12,2.3290062265196348e-11,Upregulated
238913_at,6.484369581329788,5.17850901862,1.3058605627097881,7.61746359342222,3.891838563320764e-12,2.3496063415284613e-11,Upregulated
239716_at,6.069725534095745,4.96482417763,1.1049013564657448,7.562331132148948,3.907458530133387e-12,2.358771767696457e-11,Upregulated
240478_at,5.48448717837234,4.436576483640001,1.047910694732339,7.598011931846545,3.919278385576957e-12,2.3656414234838088e-11,Upregulated
202497_x_at,7.29688615761702,8.490765427029999,-1.193879269412979,-7.578534665587691,3.9454728518720186e-12,2.3801166757603006e-11,Downregulated
208180_s_at,3.966709694053191,2.42184526167,1.544864432383191,7.956449034613458,3.993337057950573e-12,2.4068313200238628e-11,Upregulated
210103_s_at,6.251490200946808,8.223915022669999,-1.972424821723191,-7.823438692357453,4.032964162619139e-12,2.429353908059503e-11,Downregulated
230951_at,7.470772792595745,8.59749431557,-1.1267215229742549,-7.487403661430444,4.120210061424146e-12,2.4799643952972148e-11,Downregulated
244699_at,4.488413801085106,3.45813051669,1.0302832843951064,7.586858209044633,4.156574711899456e-12,2.5008413379339705e-11,Upregulated
237768_x_at,8.638351547393619,7.619517259790001,1.0188342876036174,7.5326771643506465,4.560887560554808e-12,2.734803771817178e-11,Upregulated
228293_at,4.7190324759468085,3.40368581188,1.3153466640668086,7.667001013098314,4.600535743797137e-12,2.7579627230926527e-11,Upregulated
228010_at,3.970529022031915,2.2239625843699997,1.7465664376619152,7.931027123808117,4.634703566256491e-12,2.7768983626453342e-11,Upregulated
242576_x_at,5.644405778989361,4.41471066818,1.2296951108093612,7.586613277172071,4.659478123203338e-12,2.7911202843814982e-11,Upregulated
202533_s_at,5.8757621077234035,4.80620738602,1.0695547217034038,7.430423259854471,4.662458810460735e-12,2.7925947614637094e-11,Upregulated
236552_at,4.276321960999999,3.0089096290399997,1.2674123319599992,7.663121666025719,4.676336411441917e-12,2.800283124313237e-11,Upregulated
240242_at,7.8322589281276604,9.78156841217,-1.949309484042339,-7.845246746412243,4.686785710054828e-12,2.8062279439052543e-11,Downregulated
212949_at,3.673202292680851,2.4734408848100005,1.1997614078708505,7.902598256258907,4.702639151859381e-12,2.8147802072324578e-11,Upregulated
233519_at,6.351092046202127,5.312954185179999,1.0381378610221281,7.53366042980984,4.78737916718346e-12,2.863908084597148e-11,Upregulated
228426_at,3.838812068,2.7364672359699993,1.1023448320300009,7.775950253816785,4.7959359105945724e-12,2.8683888456270393e-11,Upregulated
1559449_a_at,6.088482247255319,4.91854151432,1.169940732935319,7.619280721700844,4.860225541829787e-12,2.9045787888095214e-11,Upregulated
239735_at,7.448005367925532,6.08574242529,1.3622629426355317,7.588839944429857,4.9117899672770145e-12,2.934742670295062e-11,Upregulated
218800_at,7.325384927351065,6.211013358969999,1.114371568381066,7.596243024112288,4.964921166631903e-12,2.9645120988950215e-11,Upregulated
242974_at,8.032021964531912,6.65593042956,1.3760915349719127,7.563845628716668,5.061068038122554e-12,3.019909091396269e-11,Upregulated
239808_at,4.0659812735531915,2.7824959691699997,1.2834853043831917,7.758019991857976,5.175743545845705e-12,3.0859388355709687e-11,Upregulated
235798_at,6.199222204744682,7.219273649630001,-1.0200514448853184,-7.6479697467922705,5.197961330236161e-12,3.0984988153394896e-11,Downregulated
230441_at,3.5306870570851063,2.46416875662,1.0665183004651064,7.863647484568696,5.272586468114737e-12,3.141590071718392e-11,Upregulated
207850_at,7.679520506946808,9.521869630330002,-1.842349123383194,-7.367676773292506,5.310923771151992e-12,3.1637318191957145e-11,Downregulated
239492_at,5.485116694446808,6.833149383820001,-1.348032689373193,-7.566750135558606,5.317338969816088e-12,3.1672025894853614e-11,Downregulated
235547_at,5.058143876489361,3.6912456206899997,1.3668982557993616,7.596708138786515,5.336279065404485e-12,3.1777801794934194e-11,Upregulated
206659_at,5.788365799914894,4.641862283499999,1.146503516414895,7.683397886325045,5.354167600246534e-12,3.1877270151301756e-11,Upregulated
205890_s_at,10.103729236,8.186643241019999,1.9170859949800008,7.436228666891368,5.359922273870606e-12,3.1907999936071326e-11,Upregulated
217679_x_at,11.089170023340426,10.008099110549999,1.0810709127904268,7.445646365409781,5.3973062219805205e-12,3.211988409553488e-11,Upregulated
209441_at,5.989044591840425,7.1774183243300005,-1.1883737324895751,-7.632006915027116,5.503892986978467e-12,3.273970230011323e-11,Downregulated
226064_s_at,4.598454275106383,3.49120674251,1.107247532596383,7.669870181256729,5.62486638806817e-12,3.343342507996846e-11,Upregulated
233866_at,4.4385604717127665,3.33719234758,1.1013681241327666,7.659907371629328,5.747851742621555e-12,3.415311023294774e-11,Upregulated
244197_x_at,9.536802141606383,8.41180272465,1.124999416956383,7.405826332065826,5.7608923968044634e-12,3.421925548917999e-11,Upregulated
227884_at,7.142605564765958,5.523847634379999,1.618757930385959,7.5698801507967755,5.777171427520856e-12,3.430079947021048e-11,Upregulated
1559780_at,3.893354080946809,2.673795740139999,1.2195583408068096,7.640646897078592,5.847294336903212e-12,3.469798910025112e-11,Upregulated
208651_x_at,11.64331666335106,10.515106118690001,1.1282105446610586,7.415118748834173,5.855178695428519e-12,3.4740942229709687e-11,Upregulated
240234_at,3.4010679906808505,2.2301745528300003,1.1708934378508502,7.879099786013739,5.863620482781857e-12,3.478719295024322e-11,Upregulated
231747_at,6.82760188437234,7.88921382306,-1.0616119386876601,-7.62547847807522,5.866208797606622e-12,3.479871031080509e-11,Downregulated
215925_s_at,5.681067531829788,4.33673835945,1.3443291723797879,7.3870521436501395,5.92433651962426e-12,3.51357772681123e-11,Upregulated
205765_at,5.19617360738298,6.98662355323,-1.79044994584702,-7.496426939894472,6.088136798310258e-12,3.6079388038113215e-11,Downregulated
205727_at,5.284709417861702,4.12660557786,1.1581038400017016,7.337015068728744,6.2015353785310664e-12,3.6719042477947155e-11,Upregulated
213515_x_at,3.4949625344787236,4.73836349205,-1.2434009575712768,-7.49960983913078,6.210630508484689e-12,3.676277694999753e-11,Downregulated
1554020_at,4.957863203882979,3.752028116619999,1.2058350872629795,7.731659520563282,6.210972263128464e-12,3.676277694999753e-11,Upregulated
1552834_at,4.136926654680852,2.76986346639,1.3670631882908517,7.85873846380093,6.227974417489626e-12,3.685124664676535e-11,Upregulated
243589_at,6.367115681840426,4.8760073863999995,1.4911082954404264,7.44511999865118,6.242782962598221e-12,3.692375109694047e-11,Upregulated
203903_s_at,7.071167689223404,8.49343250559,-1.4222648163665967,-7.6999144045128025,6.249048938954122e-12,3.695561805723875e-11,Downregulated
236007_at,6.762581109553192,5.61529430585,1.1472868037031922,7.429931479920908,6.269308124930549e-12,3.707135079238287e-11,Upregulated
210664_s_at,10.362137871159575,11.5636944733,-1.2015566021404247,-7.698442731475804,6.282686582059544e-12,3.714637578351705e-11,Downregulated
214250_at,5.419268344265957,4.194312840840001,1.2249555034259556,7.4910564486480515,6.3087276468037396e-12,3.7292144764368166e-11,Upregulated
211887_x_at,5.595993878787235,7.18847413762,-1.5924802588327651,-7.3639521964392,6.312730294364771e-12,3.7311704572824564e-11,Downregulated
1562062_at,7.046934191095746,5.746172205200001,1.300761985895745,7.401972740908862,6.3354216980403585e-12,3.744170876286108e-11,Upregulated
206371_at,3.1211306452021277,4.40930690394,-1.2881762587378724,-7.685493182875988,6.341874782387171e-12,3.747572808673658e-11,Downregulated
232441_at,6.260406088148938,5.2485416115399985,1.011864476608939,7.391147000699366,6.409381637563446e-12,3.786216372959775e-11,Upregulated
244457_at,6.010928265085106,4.893674799669999,1.1172534654151063,7.638410504241853,6.44349588748643e-12,3.8046972203792414e-11,Upregulated
231240_at,4.588535948925532,3.00021574213,1.5883202067955322,7.593303087405346,6.751941372746921e-12,3.982016652133398e-11,Upregulated
205261_at,8.130170166053192,11.206175122069999,-3.0760049560168063,-7.723002976701539,6.775512089524629e-12,3.9946036747470317e-11,Downregulated
1566465_at,4.211153699308511,2.6716979024600005,1.5394557968485105,7.773990656184074,6.851557810998829e-12,4.037667233728311e-11,Upregulated
222891_s_at,6.836496963638297,5.491732562249999,1.3447644013882973,7.485614592944786,7.0298336682201884e-12,4.140458099856451e-11,Upregulated
203908_at,7.932060676606384,9.344581489130002,-1.412520812523618,-7.738318258729043,7.0597413905876115e-12,4.157162803088957e-11,Downregulated
211470_s_at,7.733774575191489,5.96694256512,1.7668320100714885,7.446639524168933,7.1776799649365875e-12,4.2242990983048396e-11,Upregulated
214070_s_at,4.859532844361702,3.45001550854,1.4095173358217021,7.7407704334108605,7.269007893624443e-12,4.2757093019081834e-11,Upregulated
236293_at,5.305148694276595,3.7502140442599994,1.554934650016596,7.437935141321865,7.301867704423376e-12,4.2936291281307066e-11,Upregulated
229858_at,6.881926007521276,5.343193766989999,1.538732240531277,7.482897471027956,7.487800511665844e-12,4.395752437464081e-11,Upregulated
239511_s_at,4.241170211287235,3.0394847168799997,1.2016854944072355,7.754085615572869,7.526233156732813e-12,4.4178323318567175e-11,Upregulated
235412_at,4.144572162361702,2.50194285335,1.642629309011702,7.756663700856737,7.52940504077094e-12,4.419211910987623e-11,Upregulated
242052_at,5.897558833489361,4.65390902461,1.2436498088793613,7.444398022628797,7.601290697146665e-12,4.458970677682741e-11,Upregulated
227081_at,6.64005035268085,7.94939495376,-1.3093446010791494,-7.504380508309977,7.719695166238081e-12,4.525466203937672e-11,Downregulated
204437_s_at,10.622517737904253,12.3004645407,-1.6779468027957467,-7.736910134281227,7.82164213795207e-12,4.582233351834115e-11,Downregulated
215474_at,3.58923955943617,2.2750924229399994,1.3141471364961705,7.769595005110941,7.845210344038616e-12,4.594444655716895e-11,Upregulated
238540_at,5.258169477351063,4.090372919579999,1.167796557771064,7.415203579961157,7.991905741668134e-12,4.677395453986531e-11,Upregulated
1556849_at,4.018458172053191,2.952516820399999,1.065941351653192,7.5438328086480775,8.065936287366156e-12,4.7186692315888195e-11,Upregulated
235803_at,6.835301402223404,5.35853297607,1.476768426153404,7.354391101109568,8.315388126189618e-12,4.857732874500215e-11,Upregulated
210356_x_at,5.063322554489362,3.00280039638,2.0605221581093622,7.359953920015166,8.556459051261433e-12,4.995307788246472e-11,Upregulated
214307_at,4.0213011654787225,2.2154529788099997,1.8058481866687228,7.802622084733529,8.735794634261366e-12,5.0983447287150807e-11,Upregulated
203697_at,7.7913480331702125,9.10230409202,-1.3109560588497882,-7.432571884978403,8.79692617089002e-12,5.1329081257050406e-11,Downregulated
1554543_at,4.177843923978724,2.818307786380001,1.359536137598723,7.561607835202211,8.856853193758396e-12,5.166463554427662e-11,Upregulated
215985_at,3.7308992882553187,2.72583688119,1.005062407065319,7.687945276394472,8.857316111139975e-12,5.166463554427662e-11,Upregulated
243827_at,5.582457762521277,4.108358920830001,1.4740988416912764,7.343014270504046,9.051776991765162e-12,5.277603005735295e-11,Upregulated
206643_at,4.483824706042554,2.5931195961599998,1.8907051098825538,7.6936364842959755,9.088690472185302e-12,5.296828537620096e-11,Upregulated
213703_at,7.011627986085107,5.576970966409999,1.4346570196751074,7.427911509385177,9.129547322324077e-12,5.3200631882830206e-11,Upregulated
205305_at,5.558666811372341,3.3786934371200004,2.179973374252341,7.787129149898034,9.14270904827508e-12,5.327155767203157e-11,Upregulated
214722_at,11.069537007297873,10.00926579767,1.0602712096278726,7.506396648870313,9.301806004702533e-12,5.4175088009629716e-11,Upregulated
233921_s_at,3.4570715343829774,2.2688588044,1.1882127299829772,7.727845935549645,9.39426430293077e-12,5.469866589646114e-11,Upregulated
217536_x_at,4.9819902231489355,3.76834593992,1.2136442832289354,7.3294178909628,9.432092047818488e-12,5.490416697878412e-11,Upregulated
228897_at,5.11178443437234,4.03282508737,1.07895934700234,7.432076842871316,9.463056648114144e-12,5.5066533038566196e-11,Upregulated
243154_at,5.274825047106384,4.183635024499999,1.0911900226063844,7.611912220815099,9.55023521230563e-12,5.556782249340877e-11,Upregulated
211518_s_at,4.595734096223405,5.962854531700001,-1.367120435476596,-7.456304162642364,9.578175866944237e-12,5.5724366379606576e-11,Downregulated
60794_f_at,6.477460906202128,5.304805986809999,1.1726549193921292,7.4716888316951415,9.829178379132764e-12,5.711670141530195e-11,Upregulated
242121_at,9.34769045242553,7.98392267709,1.3637677753355302,7.381273418776888,9.872121443896245e-12,5.734765352429025e-11,Upregulated
1569181_x_at,7.200947975840424,5.7998470793,1.4011008965404237,7.357252874066855,1.0002122705208301e-11,5.805267851757135e-11,Upregulated
242059_at,7.442929615702129,6.101192006839999,1.3417376088621298,7.444864333937174,1.00241349084808e-11,5.816160951321988e-11,Upregulated
244042_x_at,3.952245427936171,2.70066933113,1.251576096806171,7.626236979052386,1.0040281702341736e-11,5.823644900702606e-11,Upregulated
243546_at,3.6693110923510646,2.34104305697,1.3282680353810647,7.657983649133304,1.011855237193445e-11,5.867145945201231e-11,Upregulated
237239_at,6.986840532936171,5.944475452449999,1.0423650804861717,7.396006058760537,1.0138127341885339e-11,5.877862641054703e-11,Upregulated
232665_x_at,6.612372260468085,5.13484457412,1.4775276863480853,7.5374159914887695,1.0463539958670113e-11,6.058692649553566e-11,Upregulated
222282_at,6.904590078968085,5.630343108140003,1.2742469708280826,7.39366723468401,1.0467341949409838e-11,6.059589431610779e-11,Upregulated
243366_s_at,6.560450746723404,7.585515807960002,-1.0250650612365977,-7.393906815329478,1.0832105138423858e-11,6.261990616673104e-11,Downregulated
203052_at,8.0402484421383,9.133382403050001,-1.0931339609117021,-7.570807282506084,1.1045567712163003e-11,6.38059182651057e-11,Downregulated
219825_at,3.99600521862766,5.159728691700001,-1.163723473072341,-7.251136275964221,1.1075717358147963e-11,6.394912571706133e-11,Downregulated
204259_at,9.114907151329788,7.150750349609999,1.9641568017197892,7.2889329254371065,1.1319815126873734e-11,6.529196529909176e-11,Upregulated
205342_s_at,6.603410043553191,4.8324927535399995,1.770917290013191,7.382821510244936,1.1468566953639432e-11,6.609325427712959e-11,Upregulated
232994_s_at,5.1215041919468085,6.351929483639999,-1.2304252916931908,-7.420212006998975,1.1582912798459914e-11,6.670934230409733e-11,Downregulated
222934_s_at,6.503642187202128,7.63713206152,-1.1334898743178723,-7.228494861768567,1.1624363345076793e-11,6.692656892296087e-11,Downregulated
223577_x_at,8.591072052936171,7.553985380350001,1.0370866725861703,7.28265550891751,1.1632867711180542e-11,6.696836377111813e-11,Upregulated
203423_at,7.259093698999998,8.408442289920002,-1.1493485909200034,-7.55256282803557,1.1650414579029225e-11,6.706220018703616e-11,Downregulated
236921_at,5.214364980042553,4.00798096886,1.2063840111825526,7.510282338558595,1.172747020042966e-11,6.749130239678041e-11,Upregulated
225342_at,7.291633941191489,5.688262152670001,1.6033717885214882,7.461499460281079,1.1784409839700808e-11,6.780447878028966e-11,Upregulated
1556053_at,4.759716224914893,3.6263413372599995,1.1333748876548935,7.444645985693609,1.1838528958685665e-11,6.808673209707733e-11,Upregulated
238851_at,5.600520674691488,4.23843866244,1.3620820122514878,7.5547248427123606,1.1870349935748586e-11,6.82624443113625e-11,Upregulated
242837_at,7.914713569372341,6.6580326676300015,1.2566809017423397,7.345598089629247,1.1881953686548677e-11,6.832186882453571e-11,Upregulated
217586_x_at,7.32004656675532,6.146483878460001,1.173562688295319,7.3631430042393795,1.2048331861151654e-11,6.925634043859173e-11,Upregulated
213172_at,5.700005417648937,4.4771304463099995,1.2228749713389373,7.472602499114185,1.2247217569687778e-11,7.036949516111813e-11,Upregulated
231148_at,3.94254229737234,2.36310784907,1.5794344483023401,7.580958250066443,1.2331633507569884e-11,7.082426479852149e-11,Upregulated
243030_at,6.210682624287234,4.930695770460001,1.279986853827233,7.341010619380267,1.2362056102146388e-11,7.099141036835849e-11,Upregulated
219182_at,5.822877523117022,7.275219740010001,-1.452342216892979,-7.221153474950215,1.2415594470888812e-11,7.129125271818358e-11,Downregulated
239815_at,5.806282231265959,4.80556843828,1.0007137929859589,7.349886444605546,1.2431704021278332e-11,7.136851664942644e-11,Upregulated
226498_at,6.025108578978722,7.08644866239,-1.0613400834112774,-7.31350631358741,1.2478306975826144e-11,7.162076822129816e-11,Downregulated
221969_at,4.969009103372341,3.35789619964,1.6111129037323408,7.243724616275035,1.2485518670868232e-11,7.165451421588976e-11,Upregulated
229973_at,3.1319971820106374,5.14779056555,-2.015793383539363,-7.316340750367084,1.265626364604969e-11,7.259569120896114e-11,Downregulated
244265_at,3.903149146414893,2.5053889637899998,1.3977601826248933,7.575293473441482,1.3111957069918712e-11,7.51214021050967e-11,Upregulated
1569180_at,7.036229891170214,5.52350550527,1.5127243859002135,7.284502304461495,1.3138413975548709e-11,7.525694718731234e-11,Upregulated
222088_s_at,7.495861141468086,8.689119548950002,-1.193258407481916,-7.331289289628906,1.3163314331994275e-11,7.539154772235588e-11,Downregulated
217143_s_at,4.42886637025532,5.999282733409999,-1.5704163631546795,-7.255444797316065,1.3190308785137554e-11,7.553811204401709e-11,Downregulated
243541_at,3.5661986285425535,2.34074224818,1.2254563803625533,7.707246955580382,1.3310413008183714e-11,7.621780837412641e-11,Upregulated
1557987_at,9.760922056904255,8.407476856970002,1.353445199934253,7.196126842156048,1.3639744879205787e-11,7.802055919099887e-11,Upregulated
238666_at,4.226148394882979,3.1194730196,1.106675375282979,7.442229562774439,1.3718986346637761e-11,7.844879860092054e-11,Upregulated
205216_s_at,6.090847013606382,7.9140854835,-1.8232384698936182,-7.419931236928048,1.3765510509203356e-11,7.870646840097925e-11,Downregulated
232629_at,2.5805166982765955,3.71696603052,-1.1364493322434046,-7.285875754506465,1.3815865941029071e-11,7.8985986979612e-11,Downregulated
229560_at,7.80853881343617,8.987598460900001,-1.1790596474638306,-7.291580868555401,1.3916726352038686e-11,7.95457006982734e-11,Downregulated
213894_at,4.639535594468085,6.041169041,-1.401633446531915,-7.3511833439158725,1.4119238064024511e-11,8.06689333451904e-11,Downregulated
205425_at,7.806012932691488,8.916650369869998,-1.11063743717851,-7.501336391629078,1.4197903020398831e-11,8.108392565886297e-11,Downregulated
1557350_at,3.753316571765957,2.63322762449,1.1200889472759572,7.474481191436267,1.4352485137675764e-11,8.189717437036162e-11,Upregulated
240168_at,3.5243780889574468,2.5226751481,1.001702940857447,7.499484454546937,1.4413691004025767e-11,8.222025499443525e-11,Upregulated
240155_x_at,6.467131276265959,5.4098676890599995,1.0572635872059593,7.3683760080035965,1.4439864257396691e-11,8.236082067320662e-11,Upregulated
201367_s_at,7.37906163862766,8.537247557210002,-1.1581859185823413,-7.187915653872349,1.4504177878627619e-11,8.271010510812819e-11,Downregulated
206859_s_at,4.983194373053191,2.2164891343399997,2.7667052387131914,7.694846415756449,1.4634038942836848e-11,8.339758620252413e-11,Upregulated
1557543_at,4.46189107237234,3.3292286489299996,1.1326624234423401,7.358593540183019,1.4677632606987015e-11,8.362829951264868e-11,Upregulated
243683_at,5.983821465234042,4.49301118513,1.490810280104042,7.213014728066975,1.48001332434026e-11,8.431733573028833e-11,Upregulated
222366_at,6.3451646940744695,5.067114929420001,1.2780497646544688,7.2874489613824975,1.48489594759724e-11,8.458654250949497e-11,Upregulated
216252_x_at,7.004820688691488,8.107588256609999,-1.1027675679185105,-7.331192791236494,1.5168935779089605e-11,8.63726847146002e-11,Downregulated
218804_at,5.899125690010639,7.45109304154,-1.5519673515293615,-7.340389528958077,1.5185935476533065e-11,8.646032873301656e-11,Downregulated
239469_at,3.8382705832234048,2.8148101102400007,1.023460472983404,7.542176090079407,1.524244731903678e-11,8.676370742953882e-11,Upregulated
1559883_s_at,5.388458288734044,6.698278315409999,-1.309820026675955,-7.250250209301562,1.555395669796825e-11,8.845264484636503e-11,Downregulated
210186_s_at,9.096445421659576,10.11804186721,-1.0215964455504238,-7.17727941859515,1.565119361629145e-11,8.896798772414415e-11,Downregulated
1565566_a_at,4.41184281193617,3.1747644500899996,1.2370783618461703,7.451389898961979,1.583941657369394e-11,8.999987955131019e-11,Upregulated
242310_at,5.910078341957447,4.271726814099999,1.6383515278574476,7.253217276407824,1.618710563638843e-11,9.188809116187737e-11,Upregulated
206214_at,8.953531253404256,7.486698715890001,1.4668325375142546,7.198111845954802,1.6246370250169965e-11,9.220182145875906e-11,Upregulated
238103_at,4.881969613659574,2.7762323264199993,2.1057372872395743,7.413344733306869,1.633024157912234e-11,9.264195481222172e-11,Upregulated
1555236_a_at,7.582679849138298,10.76549311416,-3.182813265021702,-7.496710891105835,1.6392976008554346e-11,9.29782355368664e-11,Downregulated
240502_at,3.531133173127658,2.240006759390001,1.2911264137376572,7.669872753927977,1.6485076665447465e-11,9.347104506933979e-11,Upregulated
205016_at,7.736210433500002,6.5127323238,1.223478109700002,7.522982531584897,1.6572349526069182e-11,9.392627941087007e-11,Upregulated
214602_at,5.605363640095746,6.949311358139999,-1.3439477180442534,-7.2651679045424595,1.6674341267833393e-11,9.447446744250363e-11,Downregulated
228955_at,4.786630158670213,3.64846661477,1.138163543900213,7.265929784769003,1.684408660534211e-11,9.540607015110897e-11,Upregulated
1570507_at,4.921743894234042,3.5567732453599996,1.364970648874042,7.3942714956346105,1.6874911243550407e-11,9.557059873071519e-11,Upregulated
244276_at,4.818185755840425,6.427574797529998,-1.6093890416895738,-7.227831046202332,1.7012103431806326e-11,9.630701980666615e-11,Downregulated
205653_at,4.260968062351064,5.328022205300001,-1.0670541429489369,-7.214831799510207,1.7120000003601972e-11,9.689743451475698e-11,Downregulated
205691_at,3.539554205744681,2.36323872671,1.176315479034681,7.579537455672745,1.720245947247263e-11,9.733341943892413e-11,Upregulated
214040_s_at,6.463491355542554,7.8314919830199985,-1.3680006274774446,-7.172661314930346,1.752057482144625e-11,9.906040548158394e-11,Downregulated
202007_at,9.102736285531915,10.10639611632,-1.0036598307880844,-7.3598001417828405,1.7587288185176283e-11,9.942714760646327e-11,Downregulated
223744_s_at,3.877592746446808,2.4794354050000003,1.3981573414468076,7.510079422045624,1.7604501657042142e-11,9.951400169476287e-11,Upregulated
1567045_at,3.294519592531915,2.24936037006,1.045159222471915,7.633547543615284,1.7629112679338563e-11,9.964264970270113e-11,Upregulated
234605_at,3.5770209186914887,2.3433778157699994,1.2336431029214894,7.620429395403775,1.773896032218215e-11,1.0023192771182783e-10,Upregulated
236781_at,3.8045692776702125,2.49023546712,1.3143338105502123,7.477140422265701,1.7787578931349362e-11,1.0049608407579379e-10,Upregulated
239984_at,2.703762087425532,3.75106364576,-1.047301558334468,-7.280975590411687,1.8423072786330985e-11,1.0401001289866677e-10,Downregulated
208300_at,3.41195289137234,2.21586683097,1.1960860604023398,7.642684469702882,1.8748296226494044e-11,1.0579058548449525e-10,Upregulated
1565597_at,3.8074913639999997,2.21942135442,1.5880700095799996,7.641626424682811,1.882233514618514e-11,1.0619722208881926e-10,Upregulated
237246_at,4.243011846361702,3.1728462829199997,1.070165563441702,7.5255325921409195,1.9079095871590943e-11,1.076120229183505e-10,Upregulated
236407_at,2.598613282670213,4.01113176277,-1.412518480099787,-7.279227356785324,1.913286503740192e-11,1.0789266920755921e-10,Downregulated
239098_at,3.552722522553191,4.957852590069999,-1.405130067516808,-7.199987536966751,1.9482504612339462e-11,1.0977225990774043e-10,Downregulated
235681_at,3.4110328622978714,2.22881506832,1.1822177939778715,7.630125323225858,1.9514110556793694e-11,1.0992730942686485e-10,Upregulated
227697_at,10.57836344605319,11.792981167480002,-1.2146177214268121,-7.139240454799072,1.9555035903413463e-11,1.1013478126712005e-10,Downregulated
240046_at,3.5801309882127663,2.24201725101,1.3381137372027663,7.629386741473588,1.9703948727858266e-11,1.10950228881552e-10,Upregulated
222186_at,5.265376273106383,3.9548749413900004,1.3105013317163823,7.295752341630543,1.970802816173223e-11,1.1096158303223382e-10,Upregulated
1552378_s_at,6.426528408765956,5.166726464159999,1.2598019446059574,7.358863180086752,1.975140905266448e-11,1.1118255230838426e-10,Upregulated
233239_at,3.628117061010637,2.35874333322,1.269373727790637,7.616688872941149,1.9840275984130508e-11,1.1164773844762959e-10,Upregulated
243908_at,5.415838159521277,4.188844852900001,1.2269933066212761,7.343827747719433,2.0008768453087493e-11,1.1252526348993768e-10,Upregulated
238769_at,3.6749713604042546,2.35965577672,1.3153155836842547,7.483686432695064,2.0276062940065426e-11,1.1398080281086526e-10,Upregulated
232637_at,3.3623752183297864,2.28122748717,1.0811477311597866,7.538215846305015,2.031795416699481e-11,1.1418049136202934e-10,Upregulated
1556711_at,4.456399032255319,6.534700639979999,-2.07830160772468,-7.159468851091252,2.2289306741053195e-11,1.2488048462232159e-10,Downregulated
233041_x_at,7.191345287617021,6.14689002924,1.0444552583770212,7.260550745735084,2.2415050689596366e-11,1.2557191088330698e-10,Upregulated
239014_at,4.849801985521276,3.6300202299799995,1.2197817555412769,7.225126800264229,2.248837474823337e-11,1.259695609465195e-10,Upregulated
236752_at,6.570556168787234,5.265644357769999,1.3049118110172344,7.2749159038855575,2.2500614320226966e-11,1.2602499654563445e-10,Upregulated
236351_at,3.8646446051914896,2.42107387159,1.4435707336014896,7.5900216344413565,2.270456379977358e-11,1.2707467934803554e-10,Upregulated
215719_x_at,8.200367186680852,9.309354239000001,-1.108987052319149,-7.308873622482485,2.2826140211231382e-11,1.2770197393398077e-10,Downregulated
240866_at,3.799290695063829,2.54527931077,1.2540113842938294,7.4540539133854375,2.2908778536422896e-11,1.2811099629445225e-10,Upregulated
236251_at,8.243011942946808,7.015384185209999,1.2276277577368084,7.204799635606651,2.2970820604712527e-11,1.284445947650554e-10,Upregulated
229483_at,6.713419294106382,5.404607004270002,1.3088122898363803,7.165141045718178,2.3204618193663672e-11,1.296710227703267e-10,Upregulated
239954_at,5.94275078380851,4.8071155589,1.1356352249085102,7.273696996111666,2.3326856804827306e-11,1.3029996054672775e-10,Upregulated
216022_at,5.679016132265958,4.39924793964,1.2797681926259576,7.276874469154224,2.3397392409009323e-11,1.3066682048707044e-10,Upregulated
1562280_at,3.706018962904255,2.6821820303200012,1.0238369325842536,7.486295279211862,2.3406985916682936e-11,1.3070682563483266e-10,Upregulated
222834_s_at,7.008622063787233,8.312242824030001,-1.3036207602427679,-7.3321142169224425,2.3647047878884902e-11,1.3201994158331984e-10,Downregulated
212805_at,6.500574543287234,7.697263125070001,-1.1966885817827668,-7.248133684463122,2.3655300856331588e-11,1.320523105198392e-10,Downregulated
210233_at,5.434798444585106,4.25596063546,1.1788378091251062,7.295374579122843,2.3659575634172837e-11,1.320624673162744e-10,Upregulated
240288_at,3.9222549960851065,5.48912876927,-1.5668737731848932,-7.134785238872183,2.4645275876108478e-11,1.3736485059817313e-10,Downregulated
209644_x_at,7.966563549202128,6.66931386102,1.297249688182128,7.387923673631117,2.577459168245969e-11,1.4348087230726318e-10,Upregulated
238049_at,4.198221140095745,3.0253996028999994,1.1728215371957456,7.300149429362998,2.5983006055472487e-11,1.445812087419453e-10,Upregulated
214993_at,3.682845970702127,2.6572159924600003,1.0256299782421268,7.550199178485771,2.6984014279233573e-11,1.4987218009323182e-10,Upregulated
232024_at,8.676504189787233,9.725048800149999,-1.0485446103627662,-7.23605510822233,2.7610021734372497e-11,1.5317510355904682e-10,Downregulated
209254_at,5.55236064351064,4.53513340735,1.0172272361606396,7.3292801261870375,2.7846550779828072e-11,1.544395318873822e-10,Upregulated
205017_s_at,5.143650741180851,6.274611735460001,-1.1309609942791496,-7.075005905918385,2.8530652388870106e-11,1.5806037238987571e-10,Downregulated
215791_at,3.8411301802127653,2.8105195295299996,1.0306106506827657,7.433467769042325,2.8531739774909887e-11,1.5806037238987571e-10,Upregulated
235912_at,6.3706163647553185,5.032670921889999,1.337945442865319,7.199997178217999,2.8572018003347157e-11,1.5825090725239732e-10,Upregulated
229816_at,4.56684707593617,6.25350103267,-1.6866539567338297,-7.071485497795267,2.8597466794739617e-11,1.5837555076419534e-10,Downregulated
237383_at,6.294639997085108,5.02755392872,1.2670860683651082,7.127249121933131,2.875272457025521e-11,1.5918621139842993e-10,Upregulated
229147_at,7.72722054529787,6.535915543910002,1.1913050013878683,7.222397558099047,2.904911238375132e-11,1.6078650765922997e-10,Upregulated
218835_at,13.94012522264894,15.9155856648,-1.9754604421510606,-7.54524745566805,2.905074334273597e-11,1.6078650765922997e-10,Downregulated
1556814_a_at,5.466763503744681,4.17266091099,1.2941025927546805,7.248890132247584,2.920813460105091e-11,1.6159110549805844e-10,Upregulated
1568764_x_at,4.232273023925532,3.16838412648,1.063888897445532,7.275507086438897,2.9749228168811305e-11,1.6450004999359358e-10,Upregulated
1562063_x_at,7.225022200297872,6.047901420270001,1.1771207800278702,7.127406846925593,3.008059730656824e-11,1.6622983732981398e-10,Upregulated
205654_at,10.922344601170213,12.732385781200001,-1.8100411800297884,-7.372039706211685,3.019179919777457e-11,1.6681007823846973e-10,Downregulated
228004_at,5.943502912776596,7.772368456690001,-1.8288655439134045,-7.442825061503189,3.0323267714112504e-11,1.6751923554552743e-10,Downregulated
220581_at,3.1217168788510636,4.2886204887,-1.1669036098489367,-7.094295606919509,3.041717325539953e-11,1.680034997653439e-10,Downregulated
227928_at,3.377990260457447,2.27789880414,1.1000914563174473,7.446264783898117,3.0825398481397886e-11,1.701359551278057e-10,Upregulated
231380_at,4.593779867957447,5.852113937250001,-1.2583340692925544,-7.151096929336594,3.0893325961594486e-11,1.7049337473530894e-10,Downregulated
236471_at,7.155092258574467,6.10121066969,1.053881588884467,7.31217640272282,3.092469726734044e-11,1.7064899632924726e-10,Upregulated
242913_at,7.770777006244681,6.204363981009999,1.5664130252346817,7.248059777563325,3.102138319052213e-11,1.7114741166123943e-10,Upregulated
209992_at,3.8644546777765956,4.9660194746799995,-1.101564796903404,-7.165973362521498,3.1229220680026933e-11,1.7225872869407533e-10,Downregulated
204014_at,8.658915455797873,7.09510500007,1.5638104557278725,7.3255240912057715,3.1580971028322684e-11,1.7409184254682422e-10,Upregulated
231855_at,3.4326618437765952,2.3321652198700007,1.1004966239065945,7.45644814305006,3.192016462862069e-11,1.759075793765361e-10,Upregulated
228796_at,3.913299368106383,2.3510934206,1.5622059475063832,7.515659177586827,3.236136326681399e-11,1.7824764819957577e-10,Upregulated
213593_s_at,8.263799302202129,6.911642367720001,1.352156934482128,7.145059831464436,3.310629762725486e-11,1.8205248176868724e-10,Upregulated
242261_at,5.9986600838297885,4.8262810707799995,1.172379013049789,7.246835275968948,3.337188857146641e-11,1.8349421372979886e-10,Upregulated
203698_s_at,6.2481497114787246,7.457492024779999,-1.2093423133012742,-7.090363908021318,3.508960978725316e-11,1.9254537359897964e-10,Downregulated
238000_at,3.3455379712021287,2.2673630015199997,1.078174969682129,7.456258109555154,3.510634594106738e-11,1.926175581746659e-10,Upregulated
236982_at,3.7246774301382977,5.215575021080001,-1.4908975909417035,-7.199833072585045,3.5166574712865357e-11,1.9292833409895715e-10,Downregulated
227383_at,8.732738695797874,7.600939315280001,1.1317993805178732,7.114342072341681,3.637023994594418e-11,1.9920669304812157e-10,Upregulated
1568611_at,5.711982587914894,6.76284429711,-1.0508617091951056,-7.1245685711875675,3.728268816867891e-11,2.0407965253822142e-10,Downregulated
1557238_s_at,5.587164102244681,4.2413665943300005,1.3457975079146802,7.227475751745232,3.732420093313363e-11,2.042860966103109e-10,Upregulated
236859_at,3.8510593254893615,2.7107986883699993,1.1402606371193622,7.3978130130932795,3.96925298624038e-11,2.1678537887685324e-10,Upregulated
242872_at,4.065794631659573,2.4868070271500007,1.5789876045095723,7.448059350408902,4.073015239106927e-11,2.2213668388826322e-10,Upregulated
1554242_a_at,3.997943000595745,2.3902617829800006,1.6076812176157445,7.403533678804303,4.079655921428773e-11,2.2245374431261963e-10,Upregulated
220246_at,3.294808715074468,2.28599504829,1.0088136667844676,7.427574371450512,4.082355845183662e-11,2.225783998875301e-10,Upregulated
221881_s_at,7.258358370340425,8.393928387930002,-1.1355700175895764,-7.011029042636628,4.098827135862419e-11,2.234311506329138e-10,Downregulated
1569886_a_at,4.7934531296170215,2.2743805679299998,2.5190725616870218,7.45902597361374,4.10268894982822e-11,2.236189986374753e-10,Upregulated
239851_at,4.4301657543936175,3.271304275999999,1.1588614783936184,7.301305510210814,4.143002796445699e-11,2.257248261847937e-10,Upregulated
1559759_at,4.468895989138298,3.4314784159899996,1.0374175731482986,7.286521789523086,4.171405789859592e-11,2.2713426990624421e-10,Upregulated
244741_s_at,6.221854677702126,7.5850463437799975,-1.3631916660778716,-7.2136168270489165,4.371751945533223e-11,2.3744223986918103e-10,Downregulated
231502_at,3.5604858403297874,2.4620927951,1.0983930452297876,7.354960589256302,4.401399944879902e-11,2.3898011047376383e-10,Upregulated
1566766_a_at,6.479024877500001,5.320814400890002,1.158210476609999,7.187483575529274,4.522677269836681e-11,2.452926486189732e-10,Upregulated
242369_x_at,7.339935485765958,6.18383745474,1.1560980310259579,7.105310160112999,4.531505737882349e-11,2.4572191513029543e-10,Upregulated
227174_at,5.397445587478724,3.1610436843400005,2.2364019031387232,7.264080792558419,4.538690580065309e-11,2.4608670518083944e-10,Upregulated
228072_at,3.6051439725319154,2.43084749994,1.1742964725919154,7.450633628670738,4.547953116630239e-11,2.465143669566402e-10,Upregulated
234604_at,4.266774208159574,3.0792579116,1.1875162965595738,7.269502530323377,4.5765147652049213e-11,2.480125170391052e-10,Upregulated
230193_at,6.595213514138298,4.15681619021,2.4383973239282986,7.174935279494113,4.690170858988704e-11,2.539415440120459e-10,Upregulated
242144_at,5.771754757829788,4.490956056220001,1.280798701609787,7.033256091893374,4.7525048316320956e-11,2.5721294513399465e-10,Upregulated
234762_x_at,9.463968440542555,8.382311157950001,1.0816572825925537,7.02994218860267,4.772503984355839e-11,2.582433594593191e-10,Upregulated
204916_at,8.771101441297871,7.731373012039999,1.0397284292578721,7.206718021612609,4.7757245883318735e-11,2.583916333447522e-10,Upregulated
236370_at,4.2051989172127655,2.8622360101,1.3429629071127653,7.233134326245271,4.7808472496654644e-11,2.586427782845571e-10,Upregulated
232169_x_at,7.658731535510637,6.58946262433,1.0692689111806368,7.022863505269398,4.9751416356233033e-11,2.688295841004973e-10,Upregulated
217418_x_at,4.868173973893616,2.9687442213399997,1.8994297525536163,7.064724454201141,5.046637713564873e-11,2.725833059467767e-10,Upregulated
1566243_at,3.9487325737234054,2.63855506751,1.3101775062134053,7.2024146344937225,5.070530991516e-11,2.7384634994445184e-10,Upregulated
1555370_a_at,6.559312448223406,7.57852473125,-1.0192122830265937,-7.217988889997009,5.087910727830561e-11,2.7472981267653304e-10,Downregulated
1557193_at,6.103725184319149,5.064888972049999,1.0388362122691497,7.092642015857281,5.1615376277304977e-11,2.7859354023593835e-10,Upregulated
239477_at,2.9977505339787234,4.58262352862,-1.5848729946412767,-7.029835614661702,5.234737394606064e-11,2.824027938879456e-10,Downregulated
238886_at,5.062066400085106,4.02679559601,1.0352708040751057,7.046186828652379,5.255915547250368e-11,2.8340318157835416e-10,Upregulated
235048_at,4.809846087446809,3.6259680758999995,1.1838780115468097,7.189610290645116,5.269178139415854e-11,2.840898310010236e-10,Upregulated
240789_at,3.4582236412340426,2.4375272539200004,1.0206963873140422,7.294099760708877,5.4000944556811915e-11,2.9094408533834373e-10,Upregulated
227722_at,6.6096029130000025,7.880526585139998,-1.270923672139996,-6.989626959726849,5.571393881990627e-11,2.998428970749929e-10,Downregulated
1557197_a_at,5.620307742436169,4.244332801920001,1.3759749405161683,7.0309674888965485,5.6119227821698326e-11,3.019938756996364e-10,Upregulated
227340_s_at,5.397651775882978,6.430923400510002,-1.033271624627024,-6.967529711632625,5.613524002516871e-11,3.0204982192814367e-10,Downregulated
1558624_at,4.295600865787234,3.2081259239700004,1.0874749418172338,7.313287050824773,5.6969256561788174e-11,3.063229464592961e-10,Upregulated
221447_s_at,6.837264285893617,8.047633309540002,-1.2103690236463853,-7.167905916401669,5.6992495197809995e-11,3.064172677638353e-10,Downregulated
210556_at,3.5699509077446807,2.4666924894800006,1.10325841826468,7.296970671905301,5.798357268483514e-11,3.1146553884215946e-10,Upregulated
235315_at,6.2064725821063815,5.1502831366,1.0561894455063818,6.998910675583332,5.809373141047087e-11,3.1199495133735263e-10,Upregulated
229779_at,6.84450169343617,8.128498504849999,-1.2839968114138287,-7.216366268493761,5.955706291533603e-11,3.1953478164232055e-10,Downregulated
217579_x_at,4.742422442531915,3.65396067161,1.0884617709219144,7.2308514407940585,5.997841370572343e-11,3.217312216591244e-10,Upregulated
228262_at,4.008615923021276,2.26105420817,1.747561714851276,7.386216867164459,6.079931926088165e-11,3.26004604303238e-10,Upregulated
201266_at,11.30588011262766,10.20884748906,1.0970326235676602,7.3102325064159155,6.092103435517885e-11,3.266246764182267e-10,Upregulated
226973_at,6.437660120446808,5.0014271695899994,1.4362329508568088,7.035305745944628,6.107178558855952e-11,3.2736765593644236e-10,Upregulated
215465_at,3.7689529683404257,2.21438901382,1.5545639545204257,7.391332204474743,6.199363555334522e-11,3.3217669673961206e-10,Upregulated
205943_at,6.6502787182765974,4.72602350508,1.9242552131965978,6.938525770938313,6.284305360291283e-11,3.365604382242626e-10,Upregulated
205226_at,7.517740631787233,6.19803278157,1.3197078502172328,6.968861276033784,6.326575872877537e-11,3.3865566271754696e-10,Upregulated
227526_at,4.709768395095745,5.83888043696,-1.1291120418642553,-7.121851995916203,6.357585481951707e-11,3.4024785346492985e-10,Downregulated
1562516_at,3.539444323712766,2.43838183943,1.101062484282766,7.292221334743015,6.408642744791685e-11,3.428780052435746e-10,Upregulated
219112_at,7.540852441340426,8.554691961709999,-1.0138395203695731,-7.303262154594108,6.43924389343467e-11,3.4448097478841975e-10,Downregulated
205499_at,6.93554952593617,5.636308243819999,1.2992412821161707,7.119508065686794,6.529865303382174e-11,3.4919003301621954e-10,Upregulated
219735_s_at,4.020912547340426,2.9345091658799998,1.0864033814604266,7.352784050611898,6.588312836634033e-11,3.5224552110457067e-10,Upregulated
1558507_at,4.418690546819149,3.3366323475499997,1.0820581992691491,7.114552691804489,6.653346889450851e-11,3.5561653164662973e-10,Upregulated
204086_at,4.017153928585106,2.212752368,1.8044015605851063,7.374052230575012,6.730723374609595e-11,3.595378760817873e-10,Upregulated
1560349_at,3.3399657122978725,2.24508059553,1.0948851167678724,7.362083210371784,6.760420284903408e-11,3.610883470147117e-10,Upregulated
1568606_at,3.615888625446809,5.561517918340001,-1.9456292928931918,-6.977553160667093,6.839201581237877e-11,3.6510516988648325e-10,Downregulated
91816_f_at,5.11276398874468,4.00258632907,1.1101776596746804,7.043468144013652,6.83969748963709e-11,3.6510516988648325e-10,Upregulated
232125_at,7.458292640170213,8.47894325679,-1.020650616619787,-7.055181736535022,6.957397243316285e-11,3.7113018757216075e-10,Downregulated
233300_at,7.4158584456489365,6.1636558813299995,1.252202564318937,7.023035041223339,7.006759370071344e-11,3.7368920126788035e-10,Upregulated
225107_at,9.36257153687234,8.237086981040001,1.1254845558323385,6.97188721371871,7.143325213530416e-11,3.8067065286331815e-10,Upregulated
203890_s_at,5.306973104968084,6.43428285165,-1.1273097466819157,-6.90472179584778,7.171102864550451e-11,3.820752240442898e-10,Downregulated
204315_s_at,3.5573676616382977,2.2337139586299997,1.323653703008298,7.350289524289072,7.185142515438789e-11,3.8278533610874677e-10,Upregulated
214705_at,6.247705854765957,5.00884748091,1.2388583738559573,7.069725105028969,7.194631725759449e-11,3.83252908786469e-10,Upregulated
205959_at,4.176914226765956,2.25252825986,1.9243859669059562,7.339173925449753,7.35921742075049e-11,3.914387541460501e-10,Upregulated
203946_s_at,6.65652970970213,5.1217464799100005,1.5347832297921293,6.914220106975942,7.381879808949496e-11,3.9256652897385564e-10,Upregulated
205692_s_at,7.297099561925534,5.637023975679999,1.6600755862455348,6.9269334177093524,7.383853778404284e-11,3.926326834654007e-10,Upregulated
235740_at,6.506766711957446,7.512778507980001,-1.0060117960225554,-7.142342230641244,7.410998938345166e-11,3.939203368888557e-10,Downregulated
209604_s_at,6.89508916887234,7.93000697206,-1.0349178031876605,-7.074427010135821,7.465057961010725e-11,3.9663697272638826e-10,Downregulated
230712_at,7.599666203617022,6.475094790889998,1.1245714127270237,7.002180344466743,7.715666133323387e-11,4.096286829009295e-10,Upregulated
242972_at,5.216159632127659,3.6943792585299997,1.5217803735976592,7.157374305869429,7.739286186914378e-11,4.107610487955168e-10,Upregulated
1556277_a_at,5.97334133192553,4.627843686080001,1.345497645845529,7.035124079534467,7.797662936330082e-11,4.136144957529091e-10,Upregulated
243134_at,7.7520046710957455,6.420227230629999,1.3317774404657463,6.955456878818166,7.797351760675723e-11,4.136144957529091e-10,Upregulated
214753_at,8.451964453648936,7.3035136546100015,1.148450799038934,7.022610223591369,7.802897184123296e-11,4.1385132427300624e-10,Upregulated
244633_at,5.125867023712766,3.993469155040001,1.1323978686727654,7.023573440435403,7.841502290137965e-11,4.157348863256388e-10,Upregulated
212488_at,8.911610877265957,7.492853724100001,1.4187571531659566,6.95967385201947,7.885614431609456e-11,4.1790881645339067e-10,Upregulated
239561_at,5.417966248468086,4.077526618199999,1.3404396302680865,7.11114782948448,8.029011210860773e-11,4.2521504232705545e-10,Upregulated
209829_at,6.52300854076596,7.691874835020001,-1.168866294254041,-6.936525530548095,8.078448288040119e-11,4.2774898564729853e-10,Downregulated
1552807_a_at,6.286432157904257,5.03098580417,1.255446353734257,6.960158319452535,8.239062120925174e-11,4.3599586308154413e-10,Upregulated
214927_at,7.9786476680319165,9.300342958800002,-1.3216952907680852,-6.926930413494546,8.262797388483066e-11,4.371228684341007e-10,Downregulated
216663_s_at,3.12131932331915,4.48782646865,-1.36650714533085,-6.9975122350049155,8.32620140128634e-11,4.401740402689081e-10,Downregulated
208798_x_at,9.975420144595745,8.64464210194,1.3307780426557443,6.88216028016298,8.350373385191945e-11,4.4136515614773386e-10,Upregulated
241703_at,3.5484731550744675,5.152435125129999,-1.6039619700555319,-6.956038443738508,8.442890374817364e-11,4.459922428795195e-10,Downregulated
205249_at,8.509052557276595,9.54593680785,-1.0368842505734044,-6.875305720323513,8.480748805212007e-11,4.4777615284062827e-10,Downregulated
210643_at,3.9821513156382995,2.41155758032,1.5705937353182997,7.217423920908129,8.568067140009717e-11,4.521605761308503e-10,Upregulated
223578_x_at,8.654345003542552,7.290148533480001,1.3641964700625513,6.943871851718833,8.577858079204152e-11,4.5263286044155257e-10,Upregulated
238342_at,5.662284947063831,4.2747542706,1.3875306764638307,7.179556800253931,8.654587313724447e-11,4.564577694214386e-10,Upregulated
229520_s_at,6.1878425179893615,5.185621417459999,1.0022211005293622,6.893374749518372,8.675079692057328e-11,4.5749371145896206e-10,Upregulated
214844_s_at,5.521979078085106,4.138259103999999,1.383719974085107,7.026390415418683,8.73675323897014e-11,4.604752667430161e-10,Upregulated
235701_at,3.9352146316702132,2.8163125540500005,1.1189020776202128,7.079186307083358,8.794140971442876e-11,4.632275646753761e-10,Upregulated
231252_at,6.6226347467553195,5.45065635506,1.17197839169532,7.116292528613794,8.823675414211653e-11,4.646467650565772e-10,Upregulated
235157_at,7.562203239521278,6.197513588519999,1.364689651001279,6.9163393322419795,9.277945801501797e-11,4.87661089494357e-10,Upregulated
222904_s_at,9.283516591351063,8.20060344859,1.082913142761063,7.034291049206957,9.32624184567302e-11,4.900559241025488e-10,Upregulated
230361_at,3.3852381366808504,2.3112758131399995,1.0739623235408509,7.268050517777086,9.386543120617367e-11,4.931281581222169e-10,Upregulated
210321_at,5.8792653714787235,7.300043371350001,-1.4207779998712775,-6.976189748295524,9.467195807808739e-11,4.972196013268243e-10,Downregulated
243109_at,6.479033305904254,5.222468879080001,1.2565644268242533,6.98216760354945,9.470363163384017e-11,4.973373883087022e-10,Upregulated
215750_at,3.9923120158297865,2.840634755379999,1.1516772604497874,7.109666902086389,9.495098564580153e-11,4.984417054406677e-10,Upregulated
228518_at,4.446195772478723,3.256415143539999,1.189780628938724,7.026207301895571,9.506523141223829e-11,4.989927331646969e-10,Upregulated
213596_at,7.008628912489361,5.940137893970001,1.0684910185193601,6.908187028003005,9.513521248854584e-11,4.993113328365464e-10,Upregulated
226325_at,7.243817689882978,6.000418786839999,1.243398903042979,7.121112989844493,9.533321902789882e-11,5.002529286472748e-10,Upregulated
235318_at,5.543508254404254,6.73685484214,-1.1933465877357454,-7.024902503844427,9.540725691274838e-11,5.005925978254886e-10,Downregulated
219935_at,4.746295736553193,6.086313047950001,-1.3400173113968084,-6.945726646502515,9.598871155050774e-11,5.03545190622804e-10,Downregulated
1557270_at,7.362192742010638,6.006217244759998,1.3559754972506397,6.886821971963409,9.625147993242307e-11,5.048744001994644e-10,Upregulated
233369_at,5.656424710095745,4.26468506582,1.391739644275745,6.936325058667186,9.755110472176046e-11,5.113423368643025e-10,Upregulated
206110_at,3.3751114289574473,2.29857194155,1.0765394874074472,7.265945983953836,9.841420440051431e-11,5.155650528767958e-10,Upregulated
227752_at,5.161403259723404,6.167895185060001,-1.0064919253365971,-7.010778042266071,9.986877802470731e-11,5.228287030209175e-10,Downregulated
243054_at,4.91096567293617,3.437365332409999,1.473600340526171,7.166110670515336,1.0074747232705398e-10,5.271722489136031e-10,Upregulated
232889_at,8.941455333521278,7.430131744149999,1.5113235893712789,6.974895955576556,1.0285463911331102e-10,5.375706558496305e-10,Upregulated
242827_x_at,5.469956746978724,4.28523836357,1.1847183834087236,6.952603920581683,1.0395797192122732e-10,5.432316601335988e-10,Upregulated
231880_at,3.808879559851063,2.3072857023999993,1.5015938574510637,7.269709413025408,1.0864307038256807e-10,5.670525166032806e-10,Upregulated
201308_s_at,5.983401021265957,7.176818015509998,-1.193416994244041,-6.836272051290224,1.0950446228236636e-10,5.713267056280296e-10,Downregulated
229413_s_at,4.444825893978725,3.31091463928,1.1339112546987247,7.0131379511322285,1.1211884606322701e-10,5.840435724139322e-10,Upregulated
228158_at,7.512648603127659,6.34055335659,1.1720952465376593,7.038030046393848,1.1241865432738151e-10,5.853954634187765e-10,Upregulated
215506_s_at,4.23976311838298,5.98368323123,-1.7439201128470199,-6.996182000680073,1.151026007761408e-10,5.987918063009488e-10,Downregulated
239776_at,2.998994111191489,4.606578744329999,-1.6075846331385102,-6.88338631674832,1.1521663316916415e-10,5.99269106627663e-10,Downregulated
220704_at,4.634605683648936,3.5535045507,1.0811011329489362,7.027888530881603,1.1557008550748891e-10,6.010493733422741e-10,Upregulated
226591_at,5.198285282968085,6.33422641688,-1.1359411339119152,-7.022088672936612,1.1608756162148444e-10,6.036822575048982e-10,Downregulated
1563792_at,3.764180738382978,2.7050757223099997,1.0591050160729782,7.1695275845722195,1.1875358753049767e-10,6.168901351086873e-10,Upregulated
244384_at,4.090307594659575,2.28706727331,1.8032403213495751,7.219805956825822,1.2350365551098553e-10,6.406990369708592e-10,Upregulated
1560741_at,6.1605430358297895,4.67842534598,1.4821176898497894,6.982597013028453,1.239433998694789e-10,6.429182857922454e-10,Upregulated
214469_at,3.3290273563510637,2.23897824479,1.0900491115610635,7.236573108062671,1.264283191895954e-10,6.552393116141432e-10,Upregulated
243018_at,3.597289875787234,2.21311307655,1.3841767992372338,7.239669817227169,1.269891199494455e-10,6.580823591483644e-10,Upregulated
235493_at,7.001774676893617,5.864308231120001,1.137466445773616,6.919164149637721,1.276486311044718e-10,6.613726300534746e-10,Upregulated
1559258_a_at,4.534194899329787,2.2218478784499998,2.312347020879787,7.234510231902702,1.292373193829194e-10,6.69152720478408e-10,Upregulated
239216_at,3.0563281659042554,4.797264482570001,-1.7409363166657457,-6.863646784051019,1.2999251273474882e-10,6.728038192793688e-10,Downregulated
225252_at,8.414095775212765,7.196101133230001,1.2179946419827639,7.1447792817838005,1.3239221661310535e-10,6.849603465517973e-10,Upregulated
242292_at,5.111959299074468,4.0080195215100005,1.1039397775644675,6.951126905299643,1.3456041477716115e-10,6.957764342630637e-10,Upregulated
1569409_x_at,6.637914413500001,5.635955585759999,1.001958827740002,6.899774897426054,1.348970290321699e-10,6.973828915344378e-10,Upregulated
243341_at,5.035106273989363,3.373731474010001,1.6613747999793618,7.02159386711363,1.3611161053120261e-10,7.033915338231421e-10,Upregulated
217659_at,3.9357430209255324,2.87193561168,1.0638074092455323,7.1330295845004485,1.3648639664453885e-10,7.051928270819564e-10,Upregulated
239606_at,5.511517778319149,4.15484066883,1.3566771094891488,7.030839608530804,1.3833103632525104e-10,7.138322095164494e-10,Upregulated
211269_s_at,3.7044721945851067,2.6671729439800003,1.0372992506051064,7.028109650986028,1.3991758233273974e-10,7.218115368644485e-10,Upregulated
229936_at,5.842301591361702,3.8016472781999995,2.0406543131617023,7.050578976096429,1.4226603094038319e-10,7.334343659694671e-10,Upregulated
1553349_at,6.453610688382979,5.29131874737,1.1622919410129793,6.857879240523525,1.4254303433432569e-10,7.34721575918164e-10,Upregulated
208250_s_at,8.307852522925533,10.351803634089999,-2.043951111164466,-7.007181328926857,1.4463306198819227e-10,7.449232856551671e-10,Downregulated
239639_at,3.2402340453723397,2.21332163739,1.0269124079823397,7.209501411875991,1.4636763417728838e-10,7.534242101502185e-10,Upregulated
236846_at,3.7997003822021274,2.3260941393000003,1.473606242902127,7.173232057116333,1.466532151027128e-10,7.54677557167481e-10,Upregulated
226473_at,3.6437437137021282,2.33810644917,1.3056372645321281,7.165123363596575,1.4720524795693393e-10,7.574458496710656e-10,Upregulated
238918_at,6.165781330042552,4.9133273013,1.2524540287425525,6.9403668226997555,1.4766317939300262e-10,7.594388761552916e-10,Upregulated
215071_s_at,10.073109141095744,9.06607663791,1.0070325031857443,6.961377109813476,1.4770535955105058e-10,7.595831789667087e-10,Upregulated
224558_s_at,10.400427544148936,9.319455204539999,1.0809723396089375,6.851071697074595,1.4855365005329426e-10,7.637995049963183e-10,Upregulated
213606_s_at,6.135653638329788,7.421849966250002,-1.286196327920214,-6.772288131987407,1.505451415058876e-10,7.735998312995402e-10,Downregulated
205513_at,4.736425997095745,2.32345762489,2.412968372205745,7.152313964387062,1.5085917686882417e-10,7.749867895956615e-10,Upregulated
215269_at,5.941027633478724,4.61827469481,1.3227529386687236,6.874717859520358,1.5357390350968264e-10,7.883304041011443e-10,Upregulated
232277_at,3.9511801331489362,2.6860259864,1.2651541467489364,6.968584755990773,1.54492071682488e-10,7.928165792876919e-10,Upregulated
1559333_at,2.7333435392765955,4.533516324139999,-1.8001727848634035,-6.845117837907773,1.572834982913842e-10,8.064490218398847e-10,Downregulated
240991_at,5.927528341085107,4.631604701200001,1.2959236398851068,6.986839405766243,1.5741630289288474e-10,8.06976102496826e-10,Upregulated
204163_at,6.500196961617023,7.6557548265,-1.1555578648829767,-6.955939895947564,1.586138146384235e-10,8.12960037558819e-10,Downregulated
1561166_a_at,4.199346717893619,2.9762904128400005,1.223056305053618,6.933370912472958,1.6270983913597967e-10,8.333185495874884e-10,Upregulated
213201_s_at,4.176221871819148,2.63887491708,1.5373469547391485,7.089755998424198,1.6273121293186639e-10,8.333486640724903e-10,Upregulated
225999_at,4.809096460393617,5.921433555259999,-1.1123370948663824,-7.004226337149349,1.6278715043586836e-10,8.3355575717285e-10,Downregulated
210809_s_at,12.660284015680851,11.17515677014,1.485127245540852,6.759553909906105,1.6345009058323487e-10,8.368706874926103e-10,Upregulated
1557718_at,5.820205705457448,4.60895468561,1.211251019847448,6.80039576821915,1.6522484922074305e-10,8.454746208911507e-10,Upregulated
232141_at,6.765802228829787,5.697347442780001,1.0684547860497862,6.911698162785284,1.6602990941064351e-10,8.494325794312633e-10,Upregulated
243509_at,3.9880941793404245,5.0300786641899995,-1.041984484849575,-6.755085652846502,1.669015701271158e-10,8.53486199929364e-10,Downregulated
228623_at,6.664858011585108,5.3360215505,1.3288364610851078,6.849637474866535,1.672857547637252e-10,8.55288175448833e-10,Upregulated
239646_at,4.190405475925532,2.9679588592500004,1.2224466166755317,6.907438245404483,1.6761407962873844e-10,8.567225018446571e-10,Upregulated
238595_at,5.247364229255318,4.15253160982,1.0948326194353184,6.835976295785507,1.6909435580838929e-10,8.637960890407471e-10,Upregulated
214805_at,6.780508274989362,5.5341820099799985,1.2463262650093636,6.836367498346163,1.7313495628606037e-10,8.836816055040846e-10,Upregulated
243496_at,6.428687856021276,5.356841941590001,1.0718459144312753,6.794361117375358,1.7809385600692669e-10,9.081300852473036e-10,Upregulated
1558410_s_at,5.170470785680851,3.89029133777,1.280179447910851,6.874552832348588,1.8448146195463739e-10,9.396325674897846e-10,Upregulated
225328_at,6.92763538056383,5.66544629611,1.26218908445383,6.850272618853432,1.8462427763153674e-10,9.402709399384372e-10,Upregulated
222379_at,6.020427676585106,4.134731445909999,1.8856962306751068,6.944190382941934,1.8481903308724322e-10,9.410845890022214e-10,Upregulated
210335_at,4.23831644824468,5.348364825170002,-1.110048376925322,-6.867756015671876,1.8634665254741837e-10,9.485937018659328e-10,Downregulated
221731_x_at,11.176576495925532,10.05201135133,1.1245651445955325,6.884410905428407,1.8910355476815228e-10,9.619903335628335e-10,Upregulated
235984_at,5.332008684382979,4.21604873651,1.1159599478729785,6.937994848542507,1.939761377927369e-10,9.859384376601915e-10,Upregulated
206227_at,5.090931233925533,3.3315217911300006,1.759409442795532,6.8622255052218595,1.9464109046502335e-10,9.890378546765939e-10,Upregulated
1563933_a_at,4.001485519180851,2.36752157842,1.633963940760851,7.027865951697438,1.9540620141149865e-10,9.927380701916376e-10,Upregulated
208116_s_at,7.092689645702128,8.134559433409999,-1.0418697877078706,-6.762771015713629,1.961099734272477e-10,9.962194022249665e-10,Downregulated
210425_x_at,8.315845574308511,7.011018262779999,1.3048273115285127,6.740319901423263,1.977548151356368e-10,1.0040060871139663e-09,Upregulated
223574_x_at,3.588535467734043,2.4912191641300003,1.0973163036040425,7.139560482037753,1.9977041135195882e-10,1.0135696014504723e-09,Upregulated
230906_at,5.764506999702125,4.6272065954,1.1373004043021258,7.0429452713534495,2.002714637715698e-10,1.0159201122717771e-09,Upregulated
205829_at,3.73218571943617,2.57849786785,1.1536878515861702,7.126673236272334,2.0471727614793218e-10,1.0377873152584997e-09,Upregulated
224397_s_at,4.868513092340426,5.98803496096,-1.1195218686195743,-6.900695794446149,2.0549436820421238e-10,1.0415303513222548e-09,Downregulated
223660_at,4.706313681989362,3.3277956699400004,1.3785180120493612,6.77254392333383,2.058359453954482e-10,1.0430650234633105e-09,Upregulated
227703_s_at,4.828789763670213,5.97305047885,-1.1442607151797874,-6.872491932463594,2.0637738152329198e-10,1.0454147525533792e-09,Downregulated
232099_at,5.403970781329788,6.755208387739999,-1.3512376064102112,-6.863592007207461,2.065984652952226e-10,1.0464361102146004e-09,Downregulated
219594_at,7.668282973170214,8.72121679656,-1.052933823389786,-6.921170166784255,2.0684556259854474e-10,1.047490389786774e-09,Downregulated
238341_at,4.510785448138298,3.369055537749999,1.1417299103882992,6.837388385116329,2.0763404435974467e-10,1.0512853911261627e-09,Upregulated
223854_at,4.919915370244681,6.154616960199999,-1.2347015899553186,-6.921639887170507,2.0809610317133965e-10,1.0534265416634046e-09,Downregulated
232266_x_at,11.672270474638301,10.66265160798,1.0096188666583021,6.770043670085664,2.100404507520614e-10,1.0625691952737372e-09,Upregulated
210146_x_at,6.2033758081170225,7.313339482139998,-1.1099636740229757,-6.826340414235172,2.18294646183856e-10,1.1032884645409583e-09,Downregulated
1565689_at,4.614732889031915,3.442113521349999,1.1726193676819157,6.83702770591694,2.1958228814623106e-10,1.1094836026522484e-09,Upregulated
230600_at,3.47751289161702,5.021895440730001,-1.5443825491129806,-6.760534570964641,2.213839944300183e-10,1.1178520019163505e-09,Downregulated
236524_at,5.617419063414894,4.18824678743,1.429172275984894,6.809214205434134,2.2143123611529064e-10,1.117985587693328e-09,Upregulated
201235_s_at,7.011718278244681,8.347351071490001,-1.3356327932453205,-6.701576856639606,2.230791525308246e-10,1.1258572169003964e-09,Downregulated
244826_at,6.974233176372339,5.88142316235,1.092810014022339,6.711711170939042,2.302226699378508e-10,1.1604120068669519e-09,Upregulated
226575_at,7.1437283275,8.15605291198,-1.01232458448,-6.885184329577643,2.34745107665784e-10,1.1822097716209605e-09,Downregulated
237218_at,3.6600001997872336,2.62066915454,1.0393310452472337,7.021732028873754,2.3517454219683e-10,1.1841567534146324e-09,Upregulated
220728_at,4.601634062638297,3.4482437743799994,1.1533902882582976,6.830844489322614,2.4093660195816207e-10,1.211462659897327e-09,Upregulated
1568983_a_at,5.394517132819149,4.00203455303,1.3924825797891494,6.818836571207049,2.410501966531723e-10,1.2119205344164823e-09,Upregulated
219476_at,9.455715465702125,10.863207471710002,-1.4074920060078764,-6.963754061936103,2.411653600256502e-10,1.2123862093971047e-09,Downregulated
215092_s_at,5.90371475294681,7.05901440448,-1.1552996515331904,-6.829363638316302,2.4246352954369385e-10,1.2187984486015996e-09,Downregulated
208423_s_at,5.571145096095744,7.050281100990002,-1.479136004894258,-6.711797750284071,2.432176425324215e-10,1.2224749202176267e-09,Downregulated
222073_at,7.452985796404255,8.977947773530001,-1.5249619771257459,-6.947898192551485,2.4520542244316866e-10,1.2320054975738691e-09,Downregulated
1555317_at,3.293501100478722,2.2727915010100004,1.0207095994687214,7.056823759755793,2.4846313375042265e-10,1.2479071913250755e-09,Upregulated
232424_at,5.9174024480957454,7.445793421559999,-1.5283909734642531,-6.971796174534801,2.5049890677376764e-10,1.257544726501201e-09,Downregulated
223822_at,3.6383884903936163,2.36855103181,1.2698374585836163,7.066684171124388,2.5057447303570927e-10,1.2577429659932813e-09,Upregulated
204992_s_at,10.609637525595746,9.584541555320001,1.0250959702757445,6.869424352726475,2.5329074415351384e-10,1.2707299659584829e-09,Upregulated
212801_at,7.695677585797873,6.09627599373,1.5994015920678732,6.890777555783046,2.559335465727647e-10,1.2835097189708831e-09,Upregulated
238303_at,5.294656211127659,4.2465468378899995,1.0481093732376596,6.753886891939194,2.573160260896332e-10,1.2900820077607206e-09,Upregulated
232307_at,5.846935858202127,4.578508479450001,1.2684273787521265,6.926818028167212,2.5849248598259695e-10,1.2953765816696134e-09,Upregulated
241917_at,3.8405120260851064,2.78063403044,1.0598779956451065,6.905559048164801,2.624497207105991e-10,1.3138608226117167e-09,Upregulated
212384_at,7.099103094308509,5.87669261699,1.2224104773185092,6.759529435099633,2.6476639746094274e-10,1.3252117489144114e-09,Upregulated
205464_at,6.134189529446808,7.503225087400001,-1.3690355579531923,-6.94006901713646,2.658422628406795e-10,1.3303490834712307e-09,Downregulated
1555247_a_at,7.2765947668617015,8.41973949131,-1.143144724448299,-6.924189072327053,2.66523815624859e-10,1.3335116229952248e-09,Downregulated
244674_at,5.8598397554680846,4.69961064956,1.1602291059080843,6.821648431993039,2.6850133724973885e-10,1.342906167501809e-09,Upregulated
220156_at,2.7476240136808507,4.26414868738,-1.516524673699149,-6.74378758017399,2.696490494515218e-10,1.348270314567217e-09,Downregulated
206429_at,5.493023168563829,4.28893290869,1.204090259873829,6.895066956626585,2.706698812380986e-10,1.3532487667105756e-09,Upregulated
239649_at,3.3964155857765963,2.3716405374700003,1.024775048306596,6.971322970190219,2.72354749658598e-10,1.3610399112828536e-09,Upregulated
233614_at,3.977621653840425,2.898842556170001,1.0787790976704241,6.8830995821042915,2.730799519642375e-10,1.3644104316162078e-09,Upregulated
220769_s_at,3.2750611899574467,4.44535677093,-1.1702955809725535,-6.759504658337856,2.7553703568806666e-10,1.376303399100887e-09,Downregulated
216898_s_at,4.882666669797871,5.993814083339999,-1.1111474135421284,-6.763448648457133,2.764885697191959e-10,1.3806716378160496e-09,Downregulated
1559491_at,3.8707734874999993,2.54858499195,1.3221884955499994,6.953556848981444,2.788974405655689e-10,1.3916669207031903e-09,Upregulated
204942_s_at,3.6242036560851063,2.5092728847199997,1.1149307713651067,7.03049971679167,2.850685302808423e-10,1.421800442292784e-09,Upregulated
234635_at,3.6174784882446804,2.212752368,1.4047261202446806,7.067136724174428,2.85702491370923e-10,1.4248302457929036e-09,Upregulated
220432_s_at,6.084314901106382,7.264501074080001,-1.1801861729736185,-6.968138547447105,2.930574080538126e-10,1.4596153115642529e-09,Downregulated
229574_at,8.992877234159575,7.910944800979999,1.0819324331795759,6.7252940654411715,2.9334140786348473e-10,1.4608945336430916e-09,Upregulated
205901_at,3.7842366681063835,2.60761481978,1.1766218483263833,6.854729772746146,2.936857325631566e-10,1.4624739201594243e-09,Upregulated
1558139_at,4.050755053734043,2.9664111976600003,1.0843438560740424,7.038206317165942,2.9404137592854035e-10,1.464109372865439e-09,Upregulated
227384_s_at,9.367998845872341,8.26966873011,1.0983301157623409,6.6713361167986935,2.9640624690867334e-10,1.4749288922407165e-09,Upregulated
227189_at,5.680573738042553,4.46201949648,1.2185542415625532,6.774902984400185,2.971458467492404e-10,1.4783356316025014e-09,Upregulated
241460_at,4.5484759763936164,3.2045617119700007,1.3439142644236157,6.8244211954579646,2.986595624841985e-10,1.4854543395390329e-09,Upregulated
236083_at,3.2896051221914884,2.2201131248400006,1.0694919973514878,7.055886690119699,3.0089187402180853e-10,1.4962805414327842e-09,Upregulated
207117_at,3.464026896734043,2.3649380019700006,1.0990888947640425,6.9837316480399,3.0320034241919306e-10,1.5072027372789943e-09,Upregulated
239022_at,5.995154493904254,4.925906830680001,1.0692476632242531,6.722720102663997,3.034148958168595e-10,1.5081298943171247e-09,Upregulated
1552390_a_at,5.34670157156383,3.5146608736899996,1.8320406978738308,6.687379423853145,3.0587879396968895e-10,1.5200957971406902e-09,Upregulated
206211_at,3.2219369079361706,5.335298336559999,-2.1133614286238287,-6.73080249528462,3.0828459203415983e-10,1.53120279500871e-09,Downregulated
219768_at,3.929776617808511,2.4668375459100003,1.4629390718985107,6.958960600880059,3.105649511871281e-10,1.5418171002908318e-09,Upregulated
215828_at,4.826932576085107,3.7331300802500005,1.0938024958351065,6.779333027253154,3.113582137875755e-10,1.5456126337589787e-09,Upregulated
1554899_s_at,9.48111923611702,10.550105207519998,-1.0689859714029772,-6.7392523457193,3.1611881045019187e-10,1.5683761958190224e-09,Downregulated
237746_at,3.934408831287234,2.58400940572,1.3503994255672342,6.987976052866196,3.189895298681551e-10,1.5815976081755708e-09,Upregulated
238462_at,5.065218870659575,6.1178238378100005,-1.0526049671504252,-6.774660524081835,3.2221471332613994e-10,1.597146859364092e-09,Downregulated
236062_at,3.9900175906382978,2.9171360088499996,1.0728815817882982,6.850282099793251,3.2668235339564174e-10,1.6179500055007353e-09,Upregulated
235629_at,6.212562960680851,5.071946865459999,1.1406160952208513,6.796962298601985,3.405379865801187e-10,1.6839363929574572e-09,Upregulated
236907_at,8.121486595031916,6.681734752519999,1.4397518425119173,6.6827627823751055,3.4060731351838237e-10,1.6841243762548e-09,Upregulated
201650_at,11.686927195329787,10.67590461593,1.0110225793997873,6.861964190919266,3.4942129406593845e-10,1.7254841831280357e-09,Upregulated
242920_at,6.4465673336595755,5.22626293714,1.220304396519576,6.673696985018202,3.513160616614634e-10,1.7343630741187215e-09,Upregulated
204606_at,7.496333355702127,8.79482131784,-1.298487962137873,-6.690957263479591,3.527124123627824e-10,1.7409369378126652e-09,Downregulated
242384_at,4.159800273297872,3.1588399805300003,1.0009602927678718,6.8811698491180175,3.5477772265607334e-10,1.7508096697659933e-09,Upregulated
207426_s_at,5.2141203869680846,4.12641501523,1.0877053717380845,6.785610643255612,3.551504305441222e-10,1.7524881703895557e-09,Upregulated
231979_at,4.535782787053192,3.1791960077500003,1.3565867793031914,6.8053081609509105,3.589453775351295e-10,1.77023987494081e-09,Upregulated
234297_at,7.474881367946808,6.15843453259,1.3164468353568077,6.765608388641066,3.7233998692017563e-10,1.8329378122358198e-09,Upregulated
235847_at,6.8691164557340425,5.5729122296,1.2962042261340425,6.7063310231094,3.733624756782017e-10,1.8376348935603732e-09,Upregulated
206796_at,3.4727503841914893,2.41254753753,1.0602028466614892,6.7532792490880205,3.8618881740297253e-10,1.897998562150617e-09,Upregulated
232628_at,7.619377913829787,6.112011264200001,1.5073666496297857,6.684724082411225,3.967323634724022e-10,1.9480232701959673e-09,Upregulated
206204_at,6.126357769712763,4.557183819779999,1.5691739499327646,6.772742141787522,3.971727863438476e-10,1.950007803403942e-09,Upregulated
237690_at,3.342973408638297,2.22342248024,1.1195509283982972,6.988028183285532,4.0001472671905125e-10,1.963244099946244e-09,Upregulated
230742_at,5.610112923255319,4.45559793683,1.154514986425319,6.67528992344482,4.025373946574581e-10,1.9754449187085803e-09,Upregulated
1565811_at,3.41111206637234,2.22004895411,1.19106311226234,6.991697401188692,4.0529588194468666e-10,1.988437864295988e-09,Upregulated
225381_at,6.496326140989361,7.653795379550001,-1.1574692385606395,-6.779489610415862,4.1158645086918746e-10,2.01801174534641e-09,Downregulated
204988_at,5.021347999468085,2.2256897045099997,2.795658294958085,6.984160738876798,4.1873599947465843e-10,2.051756806754485e-09,Upregulated
227909_at,5.3543431714574465,6.488412653519999,-1.1340694820625528,-6.764644503304,4.2475328348673724e-10,2.0804826614714188e-09,Downregulated
230599_at,8.350563512670213,7.17548033948,1.1750831731902132,6.745245444238072,4.2732252795185193e-10,2.0924954013490813e-09,Upregulated
238625_at,4.7867477388936175,6.318956297319999,-1.5322085584263814,-6.638268799371194,4.374252345414168e-10,2.140017615521616e-09,Downregulated
242625_at,8.102342182170215,9.18899736123,-1.0866551790597843,-6.6948260222094635,4.421071787244788e-10,2.161743337715892e-09,Downregulated
1559125_at,3.8274493349574468,2.7187353010700006,1.1087140338874462,6.871930626484486,4.4229003901032896e-10,2.1622443226876525e-09,Upregulated
237104_at,6.174877724457447,5.029901626229999,1.1449760982274482,6.597084123549136,4.443038795200931e-10,2.171694698643014e-09,Upregulated
203700_s_at,5.978687647393617,4.755418871439999,1.2232687759536178,6.7058392026688285,4.524124935942249e-10,2.2089196060692613e-09,Upregulated
1563674_at,3.793442653085106,2.48945431764,1.3039883354451063,6.740261463771742,4.6004654101144763e-10,2.2443594788972082e-09,Upregulated
236327_at,5.345831485265957,4.15936602905,1.1864654562159567,6.652204008352953,4.676001472652829e-10,2.2805895466821274e-09,Upregulated
229721_x_at,7.098039162531914,5.50688848631,1.5911506762219139,6.635950974580273,4.686005147115143e-10,2.285054150886084e-09,Upregulated
241391_at,4.497171292659575,2.942827704989999,1.5543435876695755,6.748004675161834,4.717411765255707e-10,2.2995351568428808e-09,Upregulated
210168_at,3.244543040755318,4.873759901589999,-1.6292168608346809,-6.593446776566703,4.732632645969173e-10,2.3063276206949165e-09,Downregulated
216493_s_at,3.2294604673829785,2.2287222144999994,1.0007382528829791,6.946264527733929,4.959470639302678e-10,2.4124996636115932e-09,Upregulated
244341_at,6.480592829553192,5.168224435119999,1.312368394433193,6.5712284528607565,4.979070927782162e-10,2.421158203794335e-09,Upregulated
1564424_at,6.031176550276595,4.47192137461,1.5592551756665953,6.66737249583276,5.052054544164324e-10,2.4548722171146656e-09,Upregulated
243141_at,6.504001399404257,7.549960293370001,-1.0459588939657438,-6.5568713647563746,5.055316693790051e-10,2.4562354443739087e-09,Downregulated
235902_at,7.496329742457447,6.4674412319300005,1.0288885105274463,6.649606086421974,5.110813025456272e-10,2.482302595152529e-09,Upregulated
243020_at,5.396766227021278,4.17801078079,1.2187554462312775,6.679905300735515,5.135111785129867e-10,2.4938792097065015e-09,Upregulated
214156_at,4.836737948095745,6.214962339219999,-1.3782243911242533,-6.548452728851807,5.264066573687864e-10,2.5544305731899626e-09,Downregulated
206561_s_at,5.3185895681382975,2.3701740674600003,2.9484155006782973,6.878445696228337,5.52949162300021e-10,2.6786385340420545e-09,Upregulated
229065_at,3.7278035733085106,2.6929142382299993,1.0348893350785113,6.901444255901201,5.738931209617308e-10,2.7745991374424856e-09,Upregulated
236179_at,7.616163501223407,8.85960195594,-1.2434384547165935,-6.708657753812474,5.820220017768836e-10,2.8126357041843177e-09,Downregulated
236710_at,2.47768640080851,3.82501007711,-1.3473236763014897,-6.644029075108943,5.98913981423542e-10,2.8914089762899763e-09,Downregulated
232752_at,4.89760884193617,3.8850774902600005,1.0125313516761691,6.720904512167043,5.997372364232151e-10,2.894863770821058e-09,Upregulated
202855_s_at,7.385534025851064,5.987596427040001,1.3979375988110636,6.5776271052022945,6.036259499097295e-10,2.9131112913274754e-09,Upregulated
243951_at,2.7242481613617016,3.7346640234799997,-1.0104158621182981,-6.724732399776655,6.069836062953972e-10,2.9287898311836583e-09,Downregulated
230703_at,6.402825433191488,5.30498231233,1.097843120861488,6.704157687139658,6.123616238880885e-10,2.951562174249012e-09,Upregulated
223609_at,2.8444972806914897,4.407696801669999,-1.5631995209785097,-6.5684437012099215,6.148246697770078e-10,2.962902937785695e-09,Downregulated
242909_at,3.2656698381595737,2.21388288054,1.0517869576195737,6.902595436348643,6.1585979732683e-10,2.967625430838638e-09,Upregulated
204638_at,10.263326591925532,11.312587701410003,-1.0492611094844708,-6.513977825780358,6.260713365066137e-10,3.014940720328116e-09,Downregulated
1560622_at,8.437655505138297,7.2824336679599995,1.1552218371782974,6.635167535744397,6.332349254512045e-10,3.04752806910509e-09,Upregulated
233071_at,2.5243828759255322,3.6954961076999995,-1.1711132317744672,-6.629368905023617,6.352730936731284e-10,3.056516559289998e-09,Downregulated
1555194_at,3.2491994363191488,2.21955371043,1.0296457258891487,6.891333343936036,6.465740675494614e-10,3.1083869143024074e-09,Upregulated
215062_at,3.7550110073085112,2.6276939932200003,1.127317014088511,6.631445439330841,6.492343459562895e-10,3.120897178622307e-09,Upregulated
218899_s_at,4.057960132202128,5.2996392852400005,-1.2416791530378726,-6.5541183885119345,6.741448402118441e-10,3.2360155623056e-09,Downregulated
227501_at,7.587934037404256,6.2063805508500005,1.3815534865542558,6.7040323477909185,6.77640510420834e-10,3.252214909743462e-09,Upregulated
232539_at,2.5315741209680853,3.6076520258800002,-1.076077904911915,-6.643260063726527,6.901559089646684e-10,3.3105079567977928e-09,Downregulated
240458_at,6.096460245148935,5.066200809570001,1.0302594355789347,6.546705734050474,6.961822699803445e-10,3.338224086044647e-09,Upregulated
241965_at,5.457268510968086,4.211437861219999,1.2458306497480862,6.627120093345548,7.008324848241149e-10,3.359623531974139e-09,Upregulated
239010_at,3.360866512670212,2.3192292404100003,1.0416372722602119,6.83318101513714,7.042371301026736e-10,3.3756437286964084e-09,Upregulated
1557737_s_at,6.6190433785638305,5.59953058731,1.0195127912538302,6.621751201178217,7.149157060245477e-10,3.42499832227989e-09,Upregulated
232338_at,6.849532625202127,5.689835657490001,1.1596969677121267,6.621392342191037,7.202573527647885e-10,3.449667139430714e-09,Upregulated
1557080_s_at,7.155721812436168,8.301094775649998,-1.1453729632138305,-6.502108979679791,7.37800114208228e-10,3.5302301345791078e-09,Downregulated
1560271_at,6.104624096127659,4.61586602746,1.488758068667659,6.632150969374239,7.544788692854888e-10,3.607146707856827e-09,Upregulated
232354_at,4.895075063914894,3.6795847128899997,1.2154903510248944,6.747306193327868,7.939689603800782e-10,3.7871953266231725e-09,Upregulated
227760_at,3.598786742106383,2.3616494976000006,1.2371372445063824,6.828200375138686,7.992195531416606e-10,3.8105507388775244e-09,Upregulated
219756_s_at,5.423429939553191,4.390816011299999,1.032613928253192,6.76593236560062,8.059016485587035e-10,3.842069320100906e-09,Upregulated
206478_at,3.367366933861702,2.25390754057,1.1134593932917016,6.81999619742962,8.072292847185034e-10,3.8480576360781195e-09,Upregulated
1557403_s_at,3.9849092402872337,2.7242380458300004,1.2606711944572333,6.697615993018741,8.083275847118903e-10,3.852951743292603e-09,Upregulated
233270_x_at,5.800492153957446,4.728716491909999,1.0717756620474468,6.541647272426748,8.097115317841328e-10,3.858864473554968e-09,Upregulated
228462_at,7.739090121382978,9.721831851380001,-1.9827417299970227,-6.790767780255194,8.150371918416141e-10,3.883900983467091e-09,Downregulated
236285_at,5.147067145085106,3.9535079101500004,1.193559234935106,6.576404310491931,8.303714479680777e-10,3.953820706481146e-09,Upregulated
235693_at,7.271675783787233,6.08068987103,1.1909859127572329,6.514573862378763,8.435632101973331e-10,4.01450104615765e-09,Upregulated
215033_at,4.913128496936171,3.5498534064799996,1.3632750904561712,6.569102541838015,8.615258901250718e-10,4.097447300934399e-09,Upregulated
229982_at,8.25910208801064,7.1642325937999995,1.0948694942106396,6.6314138812766155,8.845650011534646e-10,4.202934024031824e-09,Upregulated
209227_at,5.221286341861703,6.43319257713,-1.2119062352682972,-6.671893707814956,8.8891280004829e-10,4.2224731840852534e-09,Downregulated
227576_at,7.916831950255318,6.8013315074000005,1.1155004428553177,6.5375602758198665,9.046691252529731e-10,4.294284138280506e-09,Upregulated
233814_at,7.2528630755851085,5.852035200670001,1.400827874915107,6.628632183344117,9.129623865690472e-10,4.332121298985688e-09,Upregulated
243641_at,4.033922160106383,2.9970244117100004,1.0368977483963824,6.724129055172758,9.148709494467492e-10,4.340794714797358e-09,Upregulated
201294_s_at,9.516109572414893,8.290149678969998,1.2259598934448945,6.515630473122868,9.33226270387569e-10,4.42593317864966e-09,Upregulated
220431_at,3.678078725893618,2.212752368,1.465326357893618,6.811615359393763,9.401330443350768e-10,4.4575102188475356e-09,Upregulated
230735_at,5.9971446334468075,4.756683069089999,1.2404615643568082,6.485776329982337,9.515327811323963e-10,4.50997022964285e-09,Upregulated
243450_at,5.6830732357553195,4.6739072327699995,1.00916600298532,6.54604959482584,9.597253024936523e-10,4.547598019551016e-09,Upregulated
237953_at,3.6021801418936166,2.2331235845599995,1.369056557333617,6.799678623206343,9.702744569948055e-10,4.595560227538096e-09,Upregulated
207442_at,2.5701392397553193,4.25519106973,-1.685051829974681,-6.594638937586714,9.884172921419037e-10,4.678195395560052e-09,Downregulated
238689_at,6.02758564775532,4.06167671846,1.9659089292953196,6.625454011004588,9.924657064964946e-10,4.696156142484088e-09,Upregulated
210334_x_at,3.3845082150638297,2.21288691176,1.1716213033038296,6.7999265636244965,9.924740057192695e-10,4.696156142484088e-09,Upregulated
237020_at,3.0351900360851065,5.026569008959999,-1.9913789728748927,-6.4485350842376254,1.011896278099574e-09,4.7842697972805635e-09,Downregulated
220441_at,3.3815217242978712,2.21521803791,1.166303686387871,6.791143615203058,1.0330685403237533e-09,4.881797971345404e-09,Upregulated
1559331_x_at,3.7649587368936164,2.67536076612,1.0895979707736165,6.770835695574521,1.0401413821868941e-09,4.913062648836769e-09,Upregulated
1562898_at,6.087108351787234,4.99775992688,1.089348424907234,6.5862134379279835,1.0479471767151607e-09,4.949063732268121e-09,Upregulated
204124_at,11.572761998468083,12.5860020525,-1.0132400540319164,-6.667119347828153,1.0538218607346985e-09,4.975933860194583e-09,Downregulated
205009_at,4.6534928514042555,2.25708165111,2.3964112002942555,6.782715220332341,1.0550968787870101e-09,4.981516917348852e-09,Upregulated
240498_at,3.57644419774468,2.48060157841,1.0958426193346802,6.625767188606901,1.0608613203092052e-09,5.007853868189477e-09,Upregulated
234645_at,5.088526783670212,4.021872327509999,1.0666544561602134,6.654794797328272,1.0678500188446083e-09,5.038633311130459e-09,Upregulated
207795_s_at,3.9405633428936166,4.99053349116,-1.0499701482663832,-6.415186307310885,1.086232162429556e-09,5.121774619833093e-09,Downregulated
210082_at,3.862707992765957,2.2279586431999996,1.6347493495659573,6.776963877750881,1.0867824838675635e-09,5.123920290787234e-09,Upregulated
227742_at,10.369979027117022,8.84287766312,1.5271013639970228,6.5382239082427205,1.1343773177101494e-09,5.338958558834275e-09,Upregulated
236114_at,6.684912278446809,5.384034453119999,1.3008778253268103,6.420312207703608,1.1457001223988052e-09,5.389891260678924e-09,Upregulated
240971_x_at,4.641210395553191,3.4402956313199997,1.2009147642331914,6.510903059925976,1.1579755236078703e-09,5.445258918759653e-09,Upregulated
219895_at,5.551311179851064,6.935933735680001,-1.384622555828937,-6.467506097833659,1.1936796774988823e-09,5.6077609515202095e-09,Downregulated
219773_at,5.630683891063829,4.3944945660600006,1.2361893250038287,6.514627860966115,1.2232072619928617e-09,5.7379579446666724e-09,Upregulated
1569041_at,5.302450299585106,3.9026921232999996,1.3997581762851068,6.547955945996155,1.2483307267507038e-09,5.8456134832851605e-09,Upregulated
241879_at,10.272955876468087,9.23291579193,1.040040084538088,6.47749782791837,1.2535267286870057e-09,5.8679015343045515e-09,Upregulated
227769_at,6.037773771117021,7.549583747219999,-1.5118099761029775,-6.6010818144847,1.2585863886770482e-09,5.890048507907745e-09,Downregulated
1566115_at,4.592740210031916,2.92280505981,1.6699351502219164,6.615387583365093,1.261789335514855e-09,5.904462277892859e-09,Upregulated
222257_s_at,4.152617988031914,2.61386723557,1.5387507524619144,6.722566433475231,1.2808424749527122e-09,5.9889935980010936e-09,Upregulated
215321_at,3.2710714134680847,4.341713974660001,-1.0706425611919164,-6.4777772546067265,1.2861452206118522e-09,6.010130915363083e-09,Downregulated
228912_at,4.229645844234043,2.2275174518,2.0021283924340434,6.741861809160827,1.2889937498156389e-09,6.0223955722362705e-09,Upregulated
238142_at,5.31344052538298,4.30439386512,1.00904666026298,6.538522370810806,1.2892212250209593e-09,6.022935187090881e-09,Upregulated
213506_at,8.963210106117021,7.889528489010001,1.0736816171070203,6.625127064409489,1.3072162798610712e-09,6.102233538327337e-09,Upregulated
242853_at,5.935925565734043,4.82226735304,1.1136582126940429,6.450750722268082,1.3073834968346453e-09,6.102484488479409e-09,Upregulated
1561346_at,5.454419573617021,4.333783267039999,1.1206363065770217,6.4375470455767045,1.3095825523691656e-09,6.112218601330089e-09,Upregulated
240690_at,5.01131181669149,3.9350034103500002,1.0763084063414894,6.5142074726063495,1.3502701820605281e-09,6.293927724439515e-09,Upregulated
239448_at,5.099230995319149,3.8735737447799994,1.2256572505391499,6.48866675782809,1.360513915069581e-09,6.338380375567994e-09,Upregulated
228601_at,7.452072574840424,8.81421071908,-1.3621381442395757,-6.619444900249637,1.3943860717056243e-09,6.491124221287754e-09,Downregulated
239274_at,5.581526064840426,4.312603451819999,1.2689226130204263,6.4963227041651574,1.4006560301748588e-09,6.518619472093532e-09,Upregulated
210145_at,9.591765728712765,8.13494515065,1.456820578062766,6.6584550390486115,1.4210891541380581e-09,6.609711280220477e-09,Upregulated
222145_at,5.498018644925533,4.49415389522,1.0038647497055324,6.6620498406746815,1.4413925348245618e-09,6.6960389426562335e-09,Upregulated
226086_at,4.457749220425532,2.52340500682,1.9343442136055318,6.572136823948055,1.4507371296925042e-09,6.736540383116725e-09,Upregulated
235988_at,4.670909994872341,3.0449730873500003,1.6259369075223407,6.638989638431309,1.4587682467666903e-09,6.772079140392992e-09,Upregulated
1562836_at,5.214564058606382,3.73276506645,1.4817989921563823,6.58419118594952,1.478512947653366e-09,6.8601878366532045e-09,Upregulated
224555_x_at,5.167901412595745,3.7231687993499993,1.4447326132457454,6.699077013189722,1.4969570047498467e-09,6.9427722219087056e-09,Upregulated
207717_s_at,4.311121236276596,2.8494516649,1.4616695713765955,6.555284808779889,1.552289386471879e-09,7.1884718076133665e-09,Upregulated
64900_at,7.388829632223405,8.47003873533,-1.0812091031065956,-6.343885482578282,1.571765337883589e-09,7.275298662943779e-09,Downregulated
206914_at,5.458342486361703,6.64391504948,-1.1855725631182974,-6.458745958519213,1.5872922528530097e-09,7.344008697802321e-09,Downregulated
205535_s_at,3.4583848350957447,2.3294317288,1.1289531062957447,6.6786090064499986,1.6083366659296395e-09,7.434341346999965e-09,Upregulated
1566140_at,7.650968122148937,6.09949756467,1.551470557478937,6.519579211292024,1.609143607768802e-09,7.437432163569029e-09,Upregulated
1561167_at,7.182068495861704,5.977526622629999,1.2045418732317046,6.448697284970267,1.641367207289677e-09,7.578554091448413e-09,Upregulated
204620_s_at,10.840464909340426,9.780401536270002,1.0600633730704239,6.475092357093756,1.6520326682479672e-09,7.626489493982076e-09,Upregulated
242712_x_at,6.970900533244681,5.860575758630001,1.1103247746146794,6.363746708704551,1.65761470281576e-09,7.651601819914904e-09,Upregulated
229206_at,5.116976638255319,4.04390553065,1.073071107605319,6.386680264443318,1.7206387133391941e-09,7.926875703268686e-09,Upregulated
240271_at,5.372409714425532,4.274357630260001,1.0980520841655315,6.409372893735149,1.7451422652795383e-09,8.032194239288486e-09,Upregulated
209813_x_at,6.042754749978723,7.228563570550001,-1.1858088205712782,-6.40875680128457,1.756745126368977e-09,8.080757151020422e-09,Downregulated
214012_at,7.268041270127659,8.321212186819999,-1.0531709166923395,-6.4171882489162515,1.758050105461321e-09,8.086068323271986e-09,Downregulated
220467_at,6.2324164535,4.9858160942500005,1.2466003592499995,6.432129003486044,1.8312977051827599e-09,8.410740190501232e-09,Upregulated
1563173_at,3.6026392841489363,2.5104615493200004,1.0921777348289359,6.538804471692394,1.8344735226848477e-09,8.42388738078436e-09,Upregulated
235736_at,3.9517257015,2.51381388092,1.43791182058,6.5643877038217395,1.9077933440013866e-09,8.738190649787839e-09,Upregulated
228923_at,6.166589157053194,4.832932771459999,1.3336563855931942,6.38170945270482,2.0209555810466777e-09,9.239193955136134e-09,Upregulated
213800_at,9.174681836936172,10.280589449399999,-1.1059076124638274,-6.476942382131036,2.0216290448881755e-09,9.240701946830578e-09,Downregulated
221730_at,9.944329638595745,8.724263652820001,1.2200659857757437,6.3972607183618795,2.0420697793175826e-09,9.328585455272252e-09,Upregulated
202409_at,5.9223082069680855,7.64914792371,-1.7268397167419147,-6.373412922252789,2.1647896123217194e-09,9.859884332994835e-09,Downregulated
204864_s_at,5.320626011946809,6.554858833130001,-1.234232821183192,-6.282390751403861,2.1863336328751037e-09,9.955480932765011e-09,Downregulated
230245_s_at,4.268022404180851,3.051036880709999,1.2169855234708518,6.355359728936614,2.191090096118202e-09,9.974606170953331e-09,Upregulated
1559964_at,5.291831964542554,4.16664132245,1.1251906420925533,6.384915446449411,2.2180247991762936e-09,1.0093805046831045e-08,Upregulated
239258_at,7.192773799553191,6.133616348930001,1.0591574506231893,6.287246723396538,2.2922369140018283e-09,1.0420949594835799e-08,Upregulated
222519_s_at,7.418898147829789,8.44671325424,-1.0278151064102117,-6.419409429528151,2.3000174011062805e-09,1.0451021030320385e-08,Downregulated
209156_s_at,9.616768756734043,10.804000729060004,-1.1872319723259608,-6.422612687148691,2.3028696713391962e-09,1.046221371253062e-08,Downregulated
213791_at,4.5910923611382985,6.178523061140001,-1.5874307000017023,-6.387521392531743,2.335415807529695e-09,1.0602909987658662e-08,Downregulated
243938_x_at,5.918136987542553,4.596165641999999,1.3219713455425541,6.272545041266866,2.3383830409867572e-09,1.0615485334445791e-08,Upregulated
1553962_s_at,7.367364070606382,8.834870059950001,-1.4675059893436186,-6.268901029876183,2.3477172309305646e-09,1.0656060673656654e-08,Downregulated
205627_at,4.491911948117021,3.22376340286,1.2681485452570214,6.557978288943129,2.3484503337864715e-09,1.0658488705850912e-08,Upregulated
217626_at,4.777647655319148,2.4346119479999997,2.3430357073191486,6.591101862221708,2.400271639399015e-09,1.0883578687971288e-08,Upregulated
216541_x_at,5.950145111585107,4.34641125017,1.6037338614151073,6.328779174895529,2.4296589758952176e-09,1.1011260336830146e-08,Upregulated
242662_at,3.378126114872341,2.215274056,1.1628520588723408,6.604954944406131,2.4382412298105834e-09,1.1048293410833364e-08,Upregulated
235274_at,6.327751442670213,5.19042994799,1.1373214946802124,6.301409328248511,2.439013301079222e-09,1.1050860872028224e-08,Upregulated
223878_at,3.302343041968085,2.21276363428,1.0895794076880851,6.591494077661545,2.5956545967985286e-09,1.1730936740055932e-08,Upregulated
232344_at,6.339329554159575,5.2123692117600005,1.1269603423995749,6.292668452450978,2.598831299388089e-09,1.1743320193975279e-08,Upregulated
230964_at,6.221169747904255,7.545361102670001,-1.3241913547657465,-6.470701762093692,2.601233638850164e-09,1.1753188213978068e-08,Downregulated
218585_s_at,7.510606228478723,6.32621338224,1.1843928462387234,6.270017898570958,2.605020721109505e-09,1.1769310752255005e-08,Upregulated
217198_x_at,6.3594077558191495,5.07361136148,1.2857963943391493,6.31232885068995,2.6116505648953332e-09,1.1794310435219176e-08,Upregulated
231281_at,4.705500099787233,3.4490013274999995,1.2564987722872338,6.342728102562123,2.66123239546171e-09,1.2011164355316231e-08,Upregulated
230601_s_at,4.321492432159574,5.9384995075900004,-1.6170070754304264,-6.298665171350404,2.799399874215454e-09,1.2618883811142508e-08,Downregulated
220380_at,2.434064307531915,3.49358990931,-1.059525601778085,-6.344087932102998,2.8165920239654898e-09,1.2694253276437728e-08,Downregulated
243483_at,3.8742108352127653,2.2306164096699996,1.6435944255427657,6.569407339904346,2.846143659084342e-09,1.2822069088492372e-08,Upregulated
239916_at,3.6139485873829793,5.04367299103,-1.429724403647021,-6.285957529045653,2.855559198387259e-09,1.2861254986137757e-08,Downregulated
229649_at,6.3297749631702125,7.377857158600001,-1.0480821954297888,-6.429784487690937,2.857929645558308e-09,1.287085354734984e-08,Downregulated
210390_s_at,3.0219954926489367,4.18449433007,-1.162498837421063,-6.2326101003506285,2.869806482155646e-09,1.2921095885587107e-08,Downregulated
227223_at,8.573379326021279,7.42823165362,1.1451476724012783,6.248804571132912,2.959791339532906e-09,1.331287313832722e-08,Upregulated
214954_at,4.060721509510638,5.24563578325,-1.1849142737393619,-6.243363229620994,2.9732035314238105e-09,1.3372081707597715e-08,Downregulated
211640_x_at,6.5219341325531905,4.793153009249999,1.7287811233031913,6.2579986003892225,3.0956622945104253e-09,1.3900759072678055e-08,Upregulated
216920_s_at,6.445789685436171,7.677764469960001,-1.23197478452383,-6.35489400857561,3.120113990642806e-09,1.4004710932213465e-08,Downregulated
233599_at,5.72106393106383,4.387980429159999,1.3330835019038307,6.303409014352586,3.1592949401697902e-09,1.4175843634935542e-08,Upregulated
218687_s_at,3.8489806040531924,2.36009936709,1.4888812369631923,6.537775939875641,3.1705766098426434e-09,1.4222905215762837e-08,Upregulated
204575_s_at,7.229190832510637,8.40071437622,-1.1715235437093625,-6.2126709472565125,3.176441603248428e-09,1.4248026692712863e-08,Downregulated
205073_at,5.346843571329787,4.29604618405,1.050797387279787,6.303853182655332,3.1989988439288784e-09,1.4343227060650104e-08,Upregulated
214422_at,3.6721165242340423,2.57178414875,1.1003323754840424,6.495458683518248,3.2177011359515095e-09,1.442107101893908e-08,Upregulated
208209_s_at,4.703664676819149,3.2300889545199998,1.4735757222991492,6.476302352509412,3.275485673081283e-09,1.4671491706558119e-08,Upregulated
1558409_at,4.0816999395744675,2.9890379554399993,1.0926619841344682,6.389580063562887,3.2797570393809367e-09,1.4688177528737973e-08,Upregulated
221239_s_at,3.3671756104680846,2.3394996174000005,1.027675993068084,6.4143268281841666,3.2956699603321526e-09,1.475575663751146e-08,Upregulated
242482_at,6.791841457787234,5.770270413219999,1.021571044567235,6.324191331433448,3.3855328784774124e-09,1.5142974752747285e-08,Upregulated
217145_at,5.0378298255,3.9667194791400004,1.0711103463599998,6.305678722062867,3.440108926555407e-09,1.5369191687325287e-08,Upregulated
241310_at,3.29389123468085,4.63630110807,-1.3424098733891494,-6.22950683423582,3.5205015124384245e-09,1.5703573921712814e-08,Downregulated
211144_x_at,6.183712992468085,7.240771306280001,-1.0570583138119156,-6.252770818717289,3.810672177464911e-09,1.694171050893765e-08,Downregulated
205207_at,6.2966975313829785,8.303412009179999,-2.0067144777970203,-6.166056768910772,4.0523279492474385e-09,1.7975959676554453e-08,Downregulated
229773_at,4.583391002765957,3.5619658285900004,1.0214251741759566,6.3377037518013815,4.056021529248948e-09,1.799086046282236e-08,Upregulated
242109_at,5.722010964297874,4.67026028047,1.0517506838278736,6.318384584352885,4.091332446404939e-09,1.814299669901361e-08,Upregulated
232737_s_at,3.6059084433829787,2.33037521027,1.2755332331129785,6.452973287782053,4.100319161206466e-09,1.817985049910568e-08,Upregulated
213089_at,8.03204589312766,6.61136761839,1.4206782747376607,6.219205046921995,4.314675746247491e-09,1.9079926801584113e-08,Upregulated
242578_x_at,8.048068573957448,7.025944666710001,1.0221239072474466,6.209267793232681,4.4088915620725465e-09,1.9477342222392933e-08,Upregulated
223551_at,7.83035827962766,6.36678644857,1.46357183105766,6.189581298623234,4.527580516659482e-09,1.997378983505962e-08,Upregulated
205049_s_at,6.7891001697553195,5.22435413452,1.564746035235319,6.1679735849872115,4.637623224175443e-09,2.0440809861140734e-08,Upregulated
227828_s_at,6.610431637585107,7.7795493305,-1.1691176929148934,-6.3139298142293345,4.663205817946696e-09,2.0550199764365505e-08,Downregulated
209125_at,4.426695184797872,2.3025794488499995,2.124115735947872,6.416202869831317,4.711146246108269e-09,2.0752965765207155e-08,Upregulated
232202_at,3.4550541344680856,2.26825601311,1.1867981213580858,6.4300183342084996,4.848433664261192e-09,2.1322800741288018e-08,Upregulated
238883_at,6.95128155374468,5.678695770279998,1.2725857834646819,6.259990847005906,4.849667808358097e-09,2.1326484567112143e-08,Upregulated
204455_at,4.096726107734042,2.8998531230399993,1.1968729846940431,6.218742013815278,5.008374239020685e-09,2.2001014114665676e-08,Upregulated
1555779_a_at,6.841658739351064,5.69641155797,1.1452471813810634,6.170341129796794,5.220656319733356e-09,2.2907343841832133e-08,Upregulated
1556158_at,3.221628596925532,4.80597485371,-1.5843462567844684,-6.172956331615334,5.253968553808965e-09,2.3045991896523323e-08,Downregulated
204483_at,3.7196457273723404,2.50794236009,1.2117033672823405,6.424663373664544,5.403758043639023e-09,2.3675996263861885e-08,Upregulated
236028_at,3.3944526361914886,2.22755880199,1.1668938342014887,6.426175105500249,5.4234664122447296e-09,2.375654079721435e-08,Upregulated
242133_s_at,6.225513907053191,5.214105923990001,1.0114079830631901,6.21742797785765,5.5107245790542024e-09,2.412697046878383e-08,Upregulated
235521_at,6.578823632414893,7.66675760154,-1.0879339691251069,-6.253953570317357,5.5429345481834926e-09,2.425811860118774e-08,Downregulated
1558695_at,4.11450723680851,2.9582372821099994,1.156269954698511,6.24297422374925,5.786063622669374e-09,2.528511683530183e-08,Upregulated
239162_at,4.469052883712766,3.0635497284599995,1.4055031552527661,6.242494019707618,5.8178621912764154e-09,2.5417881229793945e-08,Upregulated
235028_at,9.418455235170214,8.28082057668,1.1376346584902137,6.160018141959313,5.8298996949833715e-09,2.546633517374934e-08,Upregulated
1560869_a_at,4.41031332588298,3.0586168698800003,1.3516964560029794,6.31121921571925,5.923007528159941e-09,2.585415378263355e-08,Upregulated
1569110_x_at,9.864320438691488,8.16777660493,1.6965438337614884,6.092898077681057,6.001374137334875e-09,2.618347739703874e-08,Upregulated
243431_at,4.774722224648936,3.5356937496399996,1.239028475008936,6.220436405683687,6.139897464675985e-09,2.6755288425428385e-08,Upregulated
240105_at,4.4117856286489365,3.3886594284600005,1.023126200188936,6.170318874937402,6.258677371993491e-09,2.725742681214914e-08,Upregulated
209792_s_at,5.620267532489361,7.464161300580002,-1.8438937680906404,-6.28836008539061,6.424060773138395e-09,2.7955059283496905e-08,Downregulated
215806_x_at,6.102032826393617,7.25550863002,-1.1534758036263826,-6.179690410220472,6.442713154504738e-09,2.8031691451884146e-08,Downregulated
229976_at,3.5325785410425525,5.142612047890001,-1.6100335068474485,-6.104228860278974,6.474270854328089e-09,2.8159884535896052e-08,Downregulated
1555416_a_at,5.458970206404256,6.8309283283100015,-1.3719581219057453,-6.176590215226331,6.884163901870557e-09,2.9843768810027386e-08,Downregulated
216615_s_at,3.5272167346170207,2.212752368,1.3144643666170208,6.371477630652037,7.085530062348333e-09,3.0684566822340376e-08,Upregulated
1559117_at,3.566957668829787,2.5137820266399995,1.0531756421897875,6.238514163376192,7.1146693484823056e-09,3.0803316878167055e-08,Upregulated
227467_at,9.366862130414894,8.344776650670001,1.0220854797448933,6.2559710986474695,7.153633043349459e-09,3.0959551566591085e-08,Upregulated
203240_at,7.397738399510637,6.02740148752,1.3703369119906377,6.157878273276054,7.241071332000452e-09,3.133040484779795e-08,Upregulated
222712_s_at,3.7951524379787225,2.34835401205,1.4467984259287223,6.358295208337353,7.325303049937914e-09,3.1674471407987836e-08,Upregulated
233326_at,2.42082792524468,3.6236029522,-1.2027750269553201,-6.193496893104673,7.346361615907039e-09,3.175531671407024e-08,Downregulated
230375_at,6.516103521542554,5.512305580739999,1.0037979408025555,6.125336155008873,7.482858983315659e-09,3.232974964066319e-08,Upregulated
217519_at,3.7291038087765953,2.593180217099999,1.1359235916765962,6.23808371371472,7.518590836934583e-09,3.247891147340483e-08,Upregulated
235680_at,6.252503784382978,5.14775536864,1.1047484157429777,6.100460385670391,7.665739659001389e-09,3.308268260443302e-08,Upregulated
229012_at,5.525476193308511,7.81532919243,-2.2898529991214893,-6.045517822407443,7.66955887491749e-09,3.309650943888897e-08,Downregulated
215175_at,4.947369168170213,3.8633203980700004,1.0840487701002126,6.178608805733081,7.730874934956073e-09,3.334505527277846e-08,Upregulated
231044_at,3.4050656680425537,4.89632804687,-1.4912623788274462,-6.094794930733998,7.748429424721464e-09,3.3412733507421526e-08,Downregulated
206010_at,4.360941127542554,2.769448121500001,1.591493006042553,6.230129972688179,8.213419819706205e-09,3.5363992829228145e-08,Upregulated
239227_at,5.3392541198829795,4.23169624224,1.1075578776429795,6.106859516848261,8.342278064666673e-09,3.588720850885081e-08,Upregulated
243739_at,3.7180812751170214,2.70413443191,1.0139468432070213,6.18436957966459,8.839557273986403e-09,3.794751596604938e-08,Upregulated
212092_at,5.457291597574468,7.071713180839998,-1.6144215832655302,-6.128665668382049,9.08294821978919e-09,3.894264272216671e-08,Downregulated
1568868_at,3.2970515608191486,2.22061745954,1.0764341012791485,6.31456753107401,9.145795304774351e-09,3.919959727967115e-08,Upregulated
210108_at,4.768892868744681,6.020021256770002,-1.2511283880253217,-6.1491144066562695,9.597730885099969e-09,4.1038520819300976e-08,Downregulated
243759_at,4.753109552351064,3.7350695366599997,1.018040015691064,6.152493692308808,9.817866396266664e-09,4.1923131310701713e-08,Upregulated
229177_at,9.807261333968086,11.29295337071,-1.4856920367419146,-6.237912322524796,9.9011888686605e-09,4.226214939209378e-08,Downregulated
1558486_at,7.492613482670213,6.467932727599999,1.0246807550702135,6.127178453840144,9.903019429991507e-09,4.226660871778473e-08,Upregulated
236000_s_at,7.044759288031916,5.87854966614,1.166209621891916,6.0713913943328865,1.0143595926945506e-08,4.324193156270833e-08,Upregulated
205894_at,5.846568148468085,4.326086725280001,1.5204814231880848,6.190800256822685,1.019661523683762e-08,4.344040769335035e-08,Upregulated
1553989_a_at,3.417867059021277,2.2187840809600003,1.1990829780612766,6.286735518467468,1.0388426440402858e-08,4.422954995040831e-08,Upregulated
243233_at,5.45417305919149,4.35817624031,1.0959968188814901,6.057001115468492,1.0647401912434465e-08,4.5278396526106905e-08,Upregulated
229542_at,4.811377404265957,7.185213720430002,-2.373836316164045,-5.9804973583259615,1.0809317352823543e-08,4.593426113130814e-08,Downregulated
207039_at,3.833254230042553,2.47675950456,1.3564947254825532,6.224608245637205,1.0985956612029942e-08,4.665540168453553e-08,Upregulated
228599_at,4.3929671290638295,2.9586019361600004,1.434365192903829,6.033556273067098,1.1150651586263715e-08,4.732867315489111e-08,Upregulated
1559156_at,5.710436931255319,4.568587825820001,1.141849105435318,6.0219948296012475,1.1220228600723868e-08,4.761271917305988e-08,Upregulated
237001_at,4.9402244320106385,3.7792258819000004,1.1609985501106381,6.074936097694322,1.1659247651423392e-08,4.941330818528552e-08,Upregulated
206398_s_at,3.5139161065000004,2.4788709091199994,1.035045197380001,6.071857146768734,1.183519395799883e-08,5.012853327941365e-08,Upregulated
239600_at,3.9202924081170214,2.837150588350001,1.0831418197670204,6.032511138177278,1.2075430846097795e-08,5.1104659964451646e-08,Upregulated
227070_at,8.126619551872341,9.25602563701,-1.1294060851376582,-6.158480814453123,1.2327385380749387e-08,5.2134042309245676e-08,Downregulated
227498_at,3.839636761957447,4.85068316533,-1.0110464033725535,-6.061261579723616,1.2588256019697168e-08,5.3182934433699774e-08,Downregulated
243764_at,4.753405565765957,2.86603891561,1.8873666501559567,6.094120422610403,1.2775262469000202e-08,5.394334017566689e-08,Upregulated
232744_x_at,6.80994439987234,5.584023402570001,1.2259209973023397,6.047970520294091,1.2828715213972037e-08,5.415979138008328e-08,Upregulated
237131_at,4.129972528882979,5.2888817455,-1.1589092166170216,-5.937939750000442,1.3318577206369177e-08,5.614051674151823e-08,Downregulated
235368_at,6.013824755202126,7.05929051114,-1.0454657559378742,-6.054586987995763,1.350098775532068e-08,5.687375684583945e-08,Downregulated
1568742_at,3.4649740838617027,2.4577719914,1.0072020924617027,6.208765209694988,1.3517252471788347e-08,5.692889683248047e-08,Upregulated
238651_at,5.561926065031915,4.48214903773,1.0797770273019145,6.014317934831656,1.3566811511089603e-08,5.7128671724376845e-08,Upregulated
230333_at,10.765925132063831,9.64563486682,1.1202902652438311,6.011072145554015,1.3762443511963656e-08,5.792071883681355e-08,Upregulated
235925_at,5.590967361393616,4.39886790212,1.1920994592736163,5.997755811889812,1.4279986726973458e-08,5.998152019500152e-08,Upregulated
220283_at,3.4700256652021273,2.22897130995,1.2410543552521274,6.211778981741525,1.4295432181281356e-08,6.004170820727777e-08,Upregulated
229778_at,3.053060048010638,4.3320788103500005,-1.2790187623393625,-5.999905768748515,1.4316843988151101e-08,6.012694391713088e-08,Downregulated
238370_x_at,3.9998121437234047,2.868588859960001,1.1312232837634038,6.180616938212283,1.5136193039383418e-08,6.339474215980973e-08,Upregulated
243332_at,6.133810653404256,5.0870456421700005,1.046765011234255,5.943606021114377,1.5397766724911586e-08,6.445013860436534e-08,Upregulated
223821_s_at,5.682928277904255,4.4721652378400005,1.2107630400642542,6.103342967080153,1.5463587849280744e-08,6.471053731124361e-08,Upregulated
243846_x_at,4.774009676319149,3.6610147936500006,1.112994882669148,6.0590984625535205,1.5772477691862146e-08,6.59672227942844e-08,Upregulated
228608_at,4.832639944404255,5.986843266859999,-1.1542033224557446,-5.955061348787894,1.607955133204716e-08,6.720450290974346e-08,Downregulated
212489_at,8.685646474851065,7.464636496240001,1.2210099786110646,5.9545946162280226,1.6301026166271803e-08,6.808783050237596e-08,Upregulated
232716_at,5.242268600882978,4.084318979680001,1.1579496212029774,6.038587201069865,1.665795779981331e-08,6.951392025919457e-08,Upregulated
223737_x_at,3.078104765797872,4.82918176887,-1.7510770030721279,-5.918711489233848,1.695300224093767e-08,7.066838553290501e-08,Downregulated
206354_at,4.053558170840425,2.22664366857,1.8269145022704252,6.175532233282615,1.711573300990878e-08,7.132461576438783e-08,Upregulated
213943_at,6.103674624670213,4.693969719249999,1.409704905420214,5.959192768117326,1.7371956925961596e-08,7.229712745433072e-08,Upregulated
206641_at,6.921130657989361,5.15133942024,1.7697912377493603,5.913074734343037,1.753585391994823e-08,7.297357361225032e-08,Upregulated
203876_s_at,3.512528272117021,2.22833921914,1.284189052977021,6.164602240286582,1.7741801545216093e-08,7.378493295530757e-08,Upregulated
205987_at,6.045701557021276,7.1812474908600015,-1.135545933838725,-5.985876015144445,1.8458011195940825e-08,7.659768460650206e-08,Downregulated
1557240_a_at,4.1460014655851065,3.13937594252,1.0066255230651064,5.903561239530206,1.9097069932373695e-08,7.906666179529302e-08,Upregulated
223962_at,2.7187888461170204,4.09272848989,-1.3739396437729794,-5.924578502718698,1.917287773015173e-08,7.936830613360587e-08,Downregulated
213913_s_at,6.327411358244681,5.2502765799099995,1.0771347783346812,5.968454473233471,1.94887981842004e-08,8.062025066415956e-08,Upregulated
206076_at,4.816998824106384,5.901341180109999,-1.0843423560036154,-5.863299548226083,1.9614245549251247e-08,8.112671571147551e-08,Downregulated
244356_at,5.583179300042553,4.53013119135,1.0530481086925532,5.944750137128066,1.9931434027106528e-08,8.239429026069876e-08,Upregulated
244726_at,3.3577956276808507,2.3151468185800006,1.0426488091008501,6.106899848358257,1.9973991281964696e-08,8.256387143342707e-08,Upregulated
238116_at,4.454237808202127,6.508189785430001,-2.0539519772278743,-5.855430134693069,2.056560674952756e-08,8.491798899355823e-08,Downregulated
234306_s_at,5.247578770117022,4.1957461038199995,1.051832666297022,5.904888470224348,2.0963432534106024e-08,8.64957572280202e-08,Upregulated
206197_at,6.0805582374574465,7.44000871733,-1.359450479872553,-5.879181987293547,2.1211432897277055e-08,8.74571199549976e-08,Downregulated
236341_at,4.346903735946809,3.2190951672200003,1.1278085687268082,5.8726272742442545,2.1372519262193197e-08,8.810778884313048e-08,Upregulated
1552482_at,4.545127226808511,3.49173070727,1.0533965195385107,5.962011786857748,2.1381427592852642e-08,8.813775785631302e-08,Upregulated
244185_at,6.196004576255321,5.13976874889,1.0562358273653212,5.897159689717599,2.145443899259581e-08,8.841839365993091e-08,Upregulated
206150_at,8.386903453287234,7.313430980860001,1.073472472427233,5.8696769875555255,2.1804515316580003e-08,8.981296223139624e-08,Upregulated
1555827_at,5.746866761989362,4.64454221294,1.1023245490493618,5.854496725639745,2.201821840324813e-08,9.06584930748759e-08,Upregulated
237626_at,7.429651998659574,6.38943214469,1.0402198539695746,5.932613295122854,2.206007604655716e-08,9.081693457635847e-08,Upregulated
243623_at,4.205030258797872,2.33643925821,1.8685910005878719,6.111931882986953,2.2168883472593292e-08,9.122995917803389e-08,Upregulated
1557136_at,6.329368782393615,7.599143289540002,-1.269774507146387,-6.072909502406627,2.220437928732465e-08,9.13690417219833e-08,Downregulated
229150_at,8.16786663101064,6.9052718862599995,1.2625947447506398,5.92932624190361,2.2262709715537778e-08,9.158804533883393e-08,Upregulated
218872_at,7.532640735393618,5.983298503319999,1.5493422320736192,6.074131960498158,2.2314887267650297e-08,9.179568080901252e-08,Upregulated
219962_at,5.0696454365,3.61357083822,1.4560745982800003,6.051259525859795,2.291324192582259e-08,9.419226767214108e-08,Upregulated
239576_at,6.6038088712553185,5.348916538589999,1.2548923326653192,5.932436513192087,2.3105189119924458e-08,9.494504561114347e-08,Upregulated
214234_s_at,5.307581206829787,6.59868273492,-1.2911015280902127,-5.877998585151202,2.3923617360480778e-08,9.82031354156162e-08,Downregulated
211571_s_at,8.917353764361701,7.639048565719999,1.2783051986417027,5.920479217183227,2.4402208140371348e-08,1.0006840248841211e-07,Upregulated
224400_s_at,3.1170569242446806,4.90170508777,-1.7846481635253193,-5.847010116020206,2.4722207207286248e-08,1.0130341588077846e-07,Downregulated
219845_at,3.360248925776596,2.2634765261800003,1.096772399596596,6.092008497542532,2.4810696660620023e-08,1.0164278548161387e-07,Upregulated
236085_at,5.020030690787234,6.976185697850001,-1.9561550070627671,-5.829689912764389,2.5016103802897e-08,1.0243746929140602e-07,Downregulated
229871_at,7.259369643085108,6.12267782917,1.1366918139151085,5.87888933916492,2.5019374032414995e-08,1.0244306118357742e-07,Upregulated
212236_x_at,8.19073098031915,6.79908682248,1.391644157839151,5.894335471495674,2.6571579005999812e-08,1.0848481466651783e-07,Upregulated
230378_at,11.2165500216383,13.207787104559998,-1.9912370829216979,-5.918943446290731,2.6777869205179872e-08,1.0926898361807182e-07,Downregulated
217384_x_at,5.094015330904255,3.9975154590199997,1.0964998718842551,5.865133925879269,2.7162257839235226e-08,1.1077867759638352e-07,Upregulated
242865_at,6.8475554912340435,5.75120886874,1.0963466224940435,5.872265217551263,2.7620634208440914e-08,1.1257129889635547e-07,Upregulated
237168_at,3.889450388170213,5.124444656989999,-1.234994268819786,-5.853933465960973,2.7643991129501467e-08,1.1264088688570955e-07,Downregulated
237216_at,5.389966083617021,4.19966383514,1.1903022484770212,5.878389070871172,2.8083314261842526e-08,1.1436168540940809e-07,Upregulated
1553311_at,3.4626970989999992,2.2151676049499995,1.2475294940499997,6.058017495717169,2.8996120202851717e-08,1.178379540030663e-07,Upregulated
1552594_at,4.002489496191489,5.55299445211,-1.5505049559185107,-5.8317555161405155,2.9785822997227548e-08,1.2096498608644524e-07,Downregulated
213869_x_at,7.760620627351065,6.61332752807,1.1472930992810646,5.779876762058838,3.010901369936721e-08,1.22166823388214e-07,Upregulated
235201_at,4.642484208925532,5.74647886735,-1.103994658424468,-5.89868303957268,3.069666441944071e-08,1.2446670127885698e-07,Downregulated
212992_at,7.648619511542554,6.158010190470001,1.4906093210725535,5.890060082368435,3.143215052469412e-08,1.2732816348885056e-07,Upregulated
220293_at,3.29405368887234,2.21338773097,1.0806659579023399,6.036322822420819,3.1952085071402936e-08,1.2932311292425904e-07,Upregulated
225656_at,7.599290566095746,6.536470335130002,1.0628202309657437,5.795238179569385,3.217117318946433e-08,1.3017067036549527e-07,Upregulated
205568_at,5.903873145595744,6.934985583659998,-1.0311124380642536,-5.773443210534265,3.330551065242161e-08,1.3453775410823497e-07,Downregulated
238884_at,5.708616042531915,4.247529060279999,1.4610869822519161,5.796157982791592,3.38803498756616e-08,1.367776400519654e-07,Upregulated
204006_s_at,8.47631921311702,9.87669826226,-1.4003790491429804,-5.808701378690779,3.393887410080555e-08,1.369830618629692e-07,Downregulated
40284_at,7.070124829095745,8.400128670640001,-1.330003841544256,-5.949584795994044,3.43235438487558e-08,1.3847330703939238e-07,Downregulated
243900_at,2.5889197816914895,4.071366031199999,-1.4824462495085098,-5.828042535313973,3.451244886113725e-08,1.3921453235676677e-07,Downregulated
204537_s_at,5.040200276521276,3.7131929371200005,1.3270073394012751,5.896424109341821,3.479118802990486e-08,1.4027577506570187e-07,Upregulated
205506_at,3.952339056925533,2.27304587393,1.6792931829955329,6.009100398863996,3.558264831063733e-08,1.43348687142232e-07,Upregulated
232054_at,5.949610607276595,7.246241362050001,-1.296630754773406,-5.917510763660176,3.6199960351481146e-08,1.456719338219935e-07,Downregulated
243874_at,5.255672700521276,4.24047553409,1.0151971664312764,5.800338744869421,3.7110222455223e-08,1.4914521594385595e-07,Upregulated
237180_at,5.122022057106383,4.10277485824,1.019247198866383,5.781097243982718,3.8355004938712785e-08,1.5398688479761185e-07,Upregulated
1555778_a_at,10.56739572207447,9.02872401234,1.538671709734471,5.732731482171656,3.875479958623074e-08,1.5545272955067542e-07,Upregulated
236237_at,3.862611189670214,2.85624216265,1.006369027020214,5.802426266225165,3.9621425780146985e-08,1.58798659240759e-07,Upregulated
219502_at,3.2144287665851063,2.21324738648,1.0011813801051064,5.986511134650754,3.9862569022798556e-08,1.597175310980515e-07,Upregulated
239331_at,8.33386936606383,7.06406393159,1.26980543447383,5.782916443741323,4.000730618290835e-08,1.6027357145493137e-07,Upregulated
1559571_a_at,4.924068585968084,5.9662757081699995,-1.0422071222019156,-5.794879480997001,4.027957491392032e-08,1.6129222873139653e-07,Downregulated
220196_at,3.905256653553191,2.51693052769,1.3883261258631912,5.839596538880056,4.094619286435563e-08,1.6377868144584157e-07,Upregulated
221009_s_at,6.18685592669149,5.15782581941,1.02903010728149,5.838756355383174,4.164176151683137e-08,1.664865669326018e-07,Upregulated
204288_s_at,7.766307226127658,8.85974489743,-1.0934376713023415,-5.914420678829496,4.175807004041066e-08,1.6690195104358533e-07,Downregulated
239264_at,5.850299412893616,4.736147587930001,1.1141518249636153,5.756003492571856,4.2288273933854875e-08,1.6893323691371943e-07,Upregulated
239818_x_at,4.296189293957447,5.4070217947399986,-1.1108325007825517,-5.734135933090641,4.3768197836813884e-08,1.7457295430855555e-07,Downregulated
206533_at,3.324816544723404,2.212752368,1.112064176723404,5.964987333375525,4.385296178700228e-08,1.7488510437278156e-07,Upregulated
239597_at,8.21985283755319,7.138773730759998,1.0810791067931929,5.7477619893107335,4.4001305498034177e-08,1.7545067962912496e-07,Upregulated
216430_x_at,5.745329342276595,4.35926881597,1.3860605263065953,5.750954894656463,4.4648106308358875e-08,1.7791102725599276e-07,Upregulated
223794_at,2.4661152372659574,3.63017586725,-1.1640606299840428,-5.789905658327189,4.489659158224169e-08,1.7884817618445055e-07,Downregulated
213797_at,6.670235350234043,7.75646796965,-1.0862326194159575,-5.755433908426349,4.538394526561163e-08,1.8074941725702977e-07,Downregulated
242946_at,6.1922256522872345,5.13939603602,1.0528296162672346,5.721526227015798,4.748301469638043e-08,1.886065599630395e-07,Upregulated
1552365_at,8.046138631223405,6.763264916669999,1.2828737145534062,5.8580769151157,4.8368486287010824e-08,1.919394572401626e-07,Upregulated
229205_at,3.844628995531915,2.8391407185000004,1.0054882770319145,5.872543533865432,4.963355386083667e-08,1.9678536989230145e-07,Upregulated
205544_s_at,4.543532067797873,3.1745445958999996,1.3689874718978734,5.732432318667849,5.0998017262923176e-08,2.019272200017363e-07,Upregulated
212094_at,7.532661020659575,9.06177637637,-1.5291153557104247,-5.868632436297831,5.116385008844607e-08,2.0253910656194598e-07,Downregulated
206439_at,3.66482081812766,2.2169311201,1.44788969802766,5.92923767939923,5.1315382472900773e-08,2.0309412521614723e-07,Upregulated
205768_s_at,7.053876931808509,5.68553698669,1.3683399451185094,5.673059357437619,5.168967671460982e-08,2.0451529732028864e-07,Upregulated
239302_s_at,5.658877100138298,4.58353279285,1.0753443072882982,5.737012205519319,5.3028303810877065e-08,2.095873941269126e-07,Upregulated
232356_at,6.329140669606382,5.30246928465,1.0266713849563818,5.743956669774363,5.3263549604904184e-08,2.1044834195617253e-07,Upregulated
214470_at,7.059135294872342,8.066140686559999,-1.007005391687657,-5.748177996641523,5.493302413090915e-08,2.167579514272672e-07,Downregulated
220636_at,2.8833705164787227,4.14950668219,-1.2661361657112775,-5.707292351784525,5.6040111611355615e-08,2.2093186565479537e-07,Downregulated
228575_at,3.5703200620319153,2.33940635145,1.2309137105819152,5.9070893667582975,5.638469782306044e-08,2.2217636315832444e-07,Upregulated
205769_at,6.050005733648936,4.64266322656,1.407342507088936,5.650679537885262,5.714264723781123e-08,2.25014600214724e-07,Upregulated
228186_s_at,5.798920240595744,7.2031953169400005,-1.4042750763442564,-5.77051940594608,5.727015488279078e-08,2.254506733898693e-07,Downregulated
232213_at,7.129368764787236,5.822268041829999,1.3071007229572364,5.700119579635785,5.729268176732355e-08,2.255228470094602e-07,Upregulated
231108_at,7.035768994446809,5.975196737929999,1.06057225651681,5.660303696129676,5.740994195885535e-08,2.2595134920232648e-07,Upregulated
216238_s_at,4.42645105837234,2.2128761185399997,2.2135749398323403,5.900847549982781,5.821850214405812e-08,2.2899958726929283e-07,Upregulated
204378_at,4.361639002808511,3.2644877993,1.0971512035085111,5.753966167236809,5.961241326421689e-08,2.3425975449909912e-07,Upregulated
242055_at,4.915902544340426,3.7085009598,1.2074015845404262,5.773295413309364,6.000309351579905e-08,2.3572612576442683e-07,Upregulated
205680_at,3.881231535074468,2.53158532246,1.3496462126144682,5.789266919094363,6.144149689684156e-08,2.4106005923798377e-07,Upregulated
244567_at,3.4734728383617015,2.212752368,1.2607204703617017,5.887498845760094,6.174549347063549e-08,2.4219976019629524e-07,Upregulated
221470_s_at,3.7512289771914897,2.22380790939,1.5274210678014897,5.874134254113986,6.533951999793796e-08,2.5577521270808527e-07,Upregulated
1562102_at,4.598409532031915,2.5618694087300002,2.0365401233019145,5.830062368569349,6.667568230551515e-08,2.6077794128013654e-07,Upregulated
1555804_a_at,2.612825352723404,3.8675770560800005,-1.2547517033565962,-5.682919869307263,6.815841812052366e-08,2.662673356355669e-07,Downregulated
239757_at,5.144776188574467,3.8656085737700003,1.279167614804467,5.658446884335795,6.968920928692025e-08,2.72030177132324e-07,Upregulated
228919_at,8.57615764130851,7.199361621879999,1.3767960194285118,5.6882050725728615,7.238216708350263e-08,2.818505549181344e-07,Upregulated
211649_x_at,7.569715477670213,6.441530959709999,1.1281845179602144,5.6361526854664366,7.487146306656915e-08,2.909333962526304e-07,Upregulated
211756_at,3.7987631166382982,2.3974651986100004,1.4012979180282978,5.792527905658243,7.723924865409326e-08,2.9971793002734725e-07,Upregulated
1562371_s_at,3.312936553319149,4.90217977298,-1.5892432196608515,-5.629228055212772,7.801210059330247e-08,3.0249865492836617e-07,Downregulated
1556764_s_at,4.079569900212766,2.64736676376,1.4322031364527659,5.755522709875116,7.832329212643819e-08,3.036177722747823e-07,Upregulated
210033_s_at,4.227915672085106,5.98220427054,-1.7542885984548935,-5.601464223869396,7.866328799856279e-08,3.0489180718387965e-07,Downregulated
229485_x_at,5.796066864787234,7.35640700037,-1.5603401355827655,-5.724048088906588,8.003951577562081e-08,3.0989097289861366e-07,Downregulated
1569652_at,4.941905133265958,3.87196095162,1.0699441816459574,5.6886505154330225,8.052147151518944e-08,3.1164480585133335e-07,Upregulated
242688_at,6.357072076904258,5.21061949113,1.1464525857742576,5.621424154439571,8.072326333035406e-08,3.123808505278382e-07,Upregulated
230099_at,7.682944518063828,6.568611451970001,1.1143330660938275,5.703313322379453,8.088114321163662e-08,3.129692927180638e-07,Upregulated
220197_at,3.398336654755319,2.2609421194099992,1.1373945353453196,5.810096283626268,8.364581599495432e-08,3.230165033820084e-07,Upregulated
214580_x_at,4.001550937574468,2.27485624252,1.726694695054468,5.787833120079026,8.486249858080377e-08,3.275268619881682e-07,Upregulated
1556763_at,4.024932498914894,2.8644944641500003,1.1604380347648937,5.781262686685667,8.536097462994742e-08,3.2937982505533767e-07,Upregulated
225540_at,8.864102139734042,10.09583290691,-1.2317307671759572,-5.737752508047986,8.910446833453655e-08,3.430863292892392e-07,Downregulated
1553171_x_at,5.257304738648936,6.8183207026,-1.5610159639510641,-5.697484809803886,8.958058098888337e-08,3.448208064888056e-07,Downregulated
1553994_at,6.54058823343617,5.48881884529,1.0517693881461696,5.663832603012049,9.044184091032071e-08,3.479617206868748e-07,Upregulated
1570482_at,4.336334377999999,3.1346135192999998,1.2017208586999995,5.653964964216031,9.052312585480705e-08,3.482495420375261e-07,Upregulated
240135_x_at,5.40304559456383,6.427412074560001,-1.0243664799961714,-5.59120641012861,9.090227253618394e-08,3.4960812517920554e-07,Downregulated
231879_at,5.012862045127659,6.39435483818,-1.3814927930523409,-5.642109781796851,9.130417011078733e-08,3.510032230418703e-07,Downregulated
222313_at,5.628396386063829,4.522990791089999,1.1054055949738304,5.609845011227557,9.166604771282136e-08,3.5231885395753966e-07,Upregulated
1553995_a_at,6.306826654712766,5.249240169269999,1.0575864854427666,5.690756320126737,9.211069075724319e-08,3.539519620682348e-07,Upregulated
203999_at,3.614143081180851,2.544749101900001,1.06939397928085,5.677826509017923,9.444569029415993e-08,3.6258785854116245e-07,Upregulated
215555_at,4.51907065112766,3.5047967838800003,1.01427386724766,5.635020055320179,9.47269686002355e-08,3.636158102435246e-07,Upregulated
235153_at,3.503449911563831,2.320536504289999,1.182913407273832,5.772056940827251,9.504378322910312e-08,3.647798576252705e-07,Upregulated
223541_at,7.2952961794680835,8.596176825599999,-1.3008806461319153,-5.682799010854235,9.766730826e-08,3.743948287415266e-07,Downregulated
213338_at,4.75562145187234,3.723772533939999,1.031848917932341,5.667138616933063,9.881640582851686e-08,3.786108565246195e-07,Upregulated
237281_at,3.053246838946808,4.693873829249998,-1.6406269903031903,-5.559836089573278,1.0005898929782029e-07,3.8320797482003437e-07,Downregulated
214599_at,3.2681568380425525,2.21631721512,1.0518396229225524,5.772244806995471,1.0227396500991792e-07,3.913565368542576e-07,Upregulated
243087_at,2.4726811913085105,3.4831973864899997,-1.0105161951814892,-5.623083374117679,1.0321395349582265e-07,3.947849312136479e-07,Downregulated
239552_at,3.3177318242872333,2.25767974755,1.0600520767372332,5.752431606333808,1.0784950862257199e-07,4.117542355745071e-07,Upregulated
205896_at,4.792043102861702,5.977142751399998,-1.185099648538296,-5.541456998009797,1.105101636265293e-07,4.214336117992417e-07,Downregulated
231472_at,4.252772027255318,5.624319373350001,-1.3715473460946832,-5.52227070716546,1.1196742898101783e-07,4.267186377930295e-07,Downregulated
1556055_at,8.22445436148936,6.61223340738,1.612220954109361,5.584173112825606,1.133455007240469e-07,4.3172173784317943e-07,Upregulated
213909_at,6.062791028978723,4.61818250582,1.4446085231587231,5.567588694531718,1.1400186998264948e-07,4.339800820218547e-07,Upregulated
232094_at,6.660971192021276,5.554615225890001,1.1063559661312752,5.555348787764948,1.1553350486811778e-07,4.395617947822439e-07,Upregulated
227404_s_at,12.313282786627658,13.326655210899998,-1.0133724242723403,-5.53985658737848,1.171566121770267e-07,4.455165117755626e-07,Downregulated
237282_s_at,2.931190256031915,4.463269084019999,-1.5320788279880841,-5.523390381821724,1.1839657772643052e-07,4.5007267860582314e-07,Downregulated
1552326_a_at,3.4498208691170213,4.750528521270001,-1.3007076521529792,-5.540617394451911,1.1864098323239446e-07,4.509698886316303e-07,Downregulated
206089_at,3.739063323319149,2.23561143156,1.5034518917591488,5.735407836814146,1.1921356721960808e-07,4.530182935194178e-07,Upregulated
219564_at,2.5925396912021275,3.75616298242,-1.1636232912178723,-5.5284533876783915,1.2667974008857265e-07,4.801688865682853e-07,Downregulated
208025_s_at,3.805711614659575,2.2167398631,1.588971751559575,5.71766296252407,1.2978951577541807e-07,4.915059420894626e-07,Upregulated
241418_at,3.4800697345425533,2.2149416594,1.2651280751425533,5.716334449227493,1.306001280744865e-07,4.943320540896784e-07,Upregulated
227875_at,3.830546303351064,4.8641539226,-1.033607619248936,-5.503734294265916,1.3200214616292273e-07,4.994414512020189e-07,Downregulated
238584_at,5.115174607063831,6.310482527140001,-1.1953079200761705,-5.546640626980406,1.3318334211824763e-07,5.037197974243771e-07,Downregulated
210170_at,6.427868044404254,7.525673417390002,-1.0978053729857482,-5.533787210335622,1.3355889490140452e-07,5.050691641121383e-07,Downregulated
1556658_a_at,8.589746128127661,7.35680911789,1.2329370102376611,5.530088538097753,1.3968161418842658e-07,5.26889354143959e-07,Upregulated
241891_at,5.383479238159575,4.27544516685,1.108034071309575,5.534502245333126,1.416657983189924e-07,5.338870955987475e-07,Upregulated
227259_at,7.318270612563831,8.33632411105,-1.0180534984861698,-5.4978672290755,1.4260594107491003e-07,5.373548512438777e-07,Downregulated
218959_at,3.341631929819148,2.2243941123299997,1.1172378174891482,5.685410534442373,1.4751439721151915e-07,5.548786186739471e-07,Upregulated
1553169_at,5.262578956170214,6.794026621330001,-1.5314476651597877,-5.5699315238638,1.51692122564227e-07,5.701546124555913e-07,Downregulated
226034_at,5.831563431712767,4.68024655695,1.1513168747627667,5.6135085882233335,1.5295631153551294e-07,5.745850099349839e-07,Upregulated
222780_s_at,3.004768151797873,4.139179984679999,-1.1344118328821264,-5.460499067632941,1.5582321422245514e-07,5.851094247534888e-07,Downregulated
220269_at,3.1888698137978713,4.57640450213,-1.3875346883321287,-5.477108120264265,1.5874057029265095e-07,5.954819579969678e-07,Downregulated
1559360_at,3.9648499392234036,2.88420346273,1.0806464764934036,5.557322086000322,1.5886559537118207e-07,5.958678460693445e-07,Upregulated
204619_s_at,9.305497711946808,8.280214730079999,1.025282981866809,5.535310759458834,1.5978499928734568e-07,5.990239054624084e-07,Upregulated
235229_at,7.387986790361701,6.006831707680001,1.3811550826817003,5.466460630596327,1.6172447932804423e-07,6.057038399232774e-07,Upregulated
1558515_at,7.751452248882979,6.59247648403,1.158975764852979,5.464800858410302,1.6545566154485904e-07,6.189483455227224e-07,Upregulated
220622_at,4.063221032329787,2.64156934912,1.4216516832097872,5.618499597784449,1.710578248131382e-07,6.390578707647045e-07,Upregulated
205064_at,3.6458142232446797,2.2164291587,1.4293850645446797,5.6525524455592775,1.721961005949601e-07,6.430608747855325e-07,Upregulated
224355_s_at,3.6143315880531914,5.38797294363,-1.773641355576809,-5.432406134769149,1.7518421135954033e-07,6.535204599933581e-07,Downregulated
204855_at,4.082919775021277,2.41160047395,1.6713193010712768,5.5988126802746345,1.7716931974710843e-07,6.605593395201702e-07,Upregulated
201130_s_at,6.62026408124468,5.486316188200001,1.1339478930446791,5.429800369852808,1.8538419379620832e-07,6.894195013152777e-07,Upregulated
226847_at,4.040969844585105,5.223931134820001,-1.1829612902348954,-5.503466163571626,1.8575171221450114e-07,6.907384951029562e-07,Downregulated
235401_s_at,3.8193572756914898,2.66921085418,1.1501464215114896,5.457528314750418,1.863524386637136e-07,6.928765564749413e-07,Upregulated
235400_at,3.54971228793617,2.45809670226,1.0916155856761698,5.470093467620751,2.021766284138498e-07,7.489168137649673e-07,Upregulated
228782_at,11.354788665542554,13.5189449476,-2.164156282057446,-5.563752917591858,2.03412332030804e-07,7.532866765773081e-07,Downregulated
239150_at,5.10498947893617,7.22100135249,-2.1160118735538305,-5.388984484351054,2.0831434459253433e-07,7.704851697327776e-07,Downregulated
241769_at,7.00290941512766,5.95190382657,1.0510055885576604,5.393813836095646,2.1025711536308072e-07,7.773500967087338e-07,Upregulated
215646_s_at,9.57189797612766,8.345188518479999,1.2267094576476616,5.453961305428945,2.2712013438102223e-07,8.363033852137783e-07,Upregulated
1556657_at,7.414549316765958,6.0125197964199995,1.402029520345959,5.41743783609558,2.3703197800101125e-07,8.710119538677593e-07,Upregulated
210230_at,7.340698436297872,6.01657608795,1.3241223483478723,5.393367489685779,2.50800333529508e-07,9.194074931310059e-07,Upregulated
241509_at,3.3511615467446805,2.27693345485,1.0742280918946805,5.541709825935266,2.5980894063701077e-07,9.510061032463768e-07,Upregulated
204607_at,2.640687392148936,3.7361183141000005,-1.0954309219510643,-5.353236531366116,2.6418696642128294e-07,9.66373787808428e-07,Downregulated
230695_s_at,3.691064419808511,4.94461732709,-1.2535529072814886,-5.359769603234811,2.663651335100697e-07,9.740101346775857e-07,Downregulated
213432_at,6.937806186808509,4.9682063559,1.9695998309085097,5.3723783269218135,2.6735806802433733e-07,9.774416154674422e-07,Upregulated
226907_at,7.2008223323617,8.433987836670001,-1.2331655043083005,-5.45718525693275,2.901672891452692e-07,1.0565931767630797e-06,Downregulated
222838_at,9.068489749659575,7.88877429905,1.1797154506095753,5.3581851477239,2.9779875609813064e-07,1.0836481899393853e-06,Upregulated
210032_s_at,3.3049754715638295,4.7033575895299995,-1.39838211796617,-5.325907610693428,3.2059446236494205e-07,1.1639212792953608e-06,Downregulated
214567_s_at,5.9023466331170225,6.907626162500001,-1.0052795293829782,-5.368401899240565,3.229539064853891e-07,1.1719335321969462e-06,Downregulated
207355_at,3.314562740787234,2.228037631090001,1.0865251096972326,5.498506671679266,3.3205259599827725e-07,1.202921864913002e-06,Upregulated
209755_at,3.2854898539574457,2.23789804376,1.0475918101974457,5.496123386511877,3.3280450867674837e-07,1.205402242672565e-06,Upregulated
1554997_a_at,6.5655764399574466,8.30907184166,-1.7434954017025532,-5.357075551309661,3.3617822795270265e-07,1.2171299251927885e-06,Downregulated
229947_at,5.639928581712768,4.201748124510001,1.4381804572027672,5.281355503225391,3.4700949528013005e-07,1.2545709963794499e-06,Upregulated
210074_at,6.50161949288298,5.466420682460001,1.0351988104229788,5.402056015899026,3.6445208732201134e-07,1.3148926729743562e-06,Upregulated
206094_x_at,4.134215032734042,2.4979291300599997,1.6362859026740426,5.444789288954476,3.6746363640412274e-07,1.325313427722936e-06,Upregulated
1553183_at,3.6454682881276583,2.21319397761,1.4322743105176583,5.4682743218652154,3.803579412366001e-07,1.3690645939471172e-06,Upregulated
204532_x_at,5.25904451569149,3.6886744579199995,1.5703700577714903,5.444228983080562,3.818666561310216e-07,1.3743111386191454e-06,Upregulated
231145_at,3.8160498593404255,2.6446433739999997,1.1714064853404258,5.392932637621276,3.8463430954234835e-07,1.3839013293895744e-06,Upregulated
238988_at,5.891059509361702,4.750072136099999,1.1409873732617033,5.2944855123122325,3.8864711293050845e-07,1.3977782424660867e-06,Upregulated
1558077_s_at,3.3865651674893615,4.61388404705,-1.2273188795606385,-5.281806364680709,3.967935544064165e-07,1.4254567270440502e-06,Downregulated
243803_at,2.4694527583404255,3.5729041140099986,-1.103451355669573,-5.302641839095903,4.0378867660911363e-07,1.4497148227820431e-06,Downregulated
211635_x_at,7.691119453617021,6.053634239880001,1.63748521373702,5.2668236981463705,4.1595185852762734e-07,1.4917908023449331e-06,Upregulated
206115_at,8.055851557212765,9.1672924622,-1.1114409049872354,-5.24237918405002,4.1592495526915627e-07,1.4917908023449331e-06,Downregulated
230425_at,3.3745381439042554,2.3639491138700004,1.010589030034255,5.415728055577442,4.1646187772409696e-07,1.4935203730676276e-06,Upregulated
213880_at,3.1292222465,4.170238508390001,-1.0410162618900007,-5.250348716208625,4.248861999128114e-07,1.522006603297401e-06,Downregulated
231389_at,2.7622023450106385,4.0775375256799995,-1.315335180669361,-5.262751560879839,4.2847365765568254e-07,1.5340400819189605e-06,Downregulated
1556003_a_at,3.4142852344468086,5.02587353317,-1.6115882987231918,-5.253448684273949,4.3402627520840633e-07,1.5527828414500027e-06,Downregulated
233406_at,3.9629066400106376,2.92615475062,1.0367518893906378,5.372380529234344,4.5000019189361117e-07,1.6065120351247691e-06,Upregulated
1559280_a_at,3.2435817842127657,2.24147303077,1.0021087534427657,5.423660084826598,4.5156551990605157e-07,1.611779351892421e-06,Upregulated
234350_at,6.121659457734041,5.0167099565,1.1049495012340413,5.257615216727834,4.5881205326204764e-07,1.6363414293980832e-06,Upregulated
206337_at,5.711121190489362,4.709459835360001,1.0016613551293618,5.238551686075065,4.645373804509736e-07,1.6552240837983483e-06,Upregulated
228245_s_at,7.2422388362340415,6.141451397020001,1.1007874392140407,5.260480724343977,4.792814377366459e-07,1.7056127702860417e-06,Upregulated
207126_x_at,4.52398547037234,2.8020194578,1.7219660125723397,5.388063688754198,4.880636595289366e-07,1.7349145457288602e-06,Upregulated
205421_at,6.673040976191491,7.691696695000001,-1.0186557188085104,-5.34823728196264,4.967109186330734e-07,1.7642536795614139e-06,Downregulated
206199_at,3.5615860676914894,2.2216982154099996,1.3398878522814899,5.404621678024478,4.969924705188907e-07,1.7651371513027637e-06,Upregulated
1552367_a_at,7.114394691893617,5.847027573860001,1.267367118033616,5.344991169267378,5.033609244329153e-07,1.7869296205893199e-06,Upregulated
203424_s_at,6.601340169446808,7.8296790223100015,-1.2283388528631933,-5.279820492016966,5.359778623166728e-07,1.8975846039076202e-06,Downregulated
214657_s_at,8.463535078968086,7.144013454420001,1.3195216245480843,5.188179215496579,5.552016983395504e-07,1.962544594301463e-06,Upregulated
235947_at,3.5890910653297876,2.51877525761,1.0703158077197874,5.319143253457063,5.581428082160318e-07,1.972033704441141e-06,Upregulated
243792_x_at,6.4658845239574445,5.26870563502,1.1971788889374446,5.239904377737066,5.638352613857449e-07,1.9904465324818638e-06,Upregulated
221085_at,5.82095831006383,4.72516536246,1.0957929476038295,5.195712962504766,5.928765680074296e-07,2.0887180904465585e-06,Upregulated
242558_at,9.08277969988298,8.04113334893,1.0416463509529805,5.216078388363287,6.099040798642255e-07,2.1453339114235325e-06,Upregulated
212865_s_at,7.360776480042552,8.5795665445,-1.2187900644574485,-5.230938590882766,6.287438041571884e-07,2.209290798353599e-06,Downregulated
236561_at,5.773515704117021,4.70871849625,1.064797207867021,5.17957787199354,6.342965277262038e-07,2.2279287559773787e-06,Upregulated
216412_x_at,8.868048617851064,7.4504045016400005,1.417644116211064,5.179863635775458,6.354096225033682e-07,2.2316926966152648e-06,Upregulated
1552508_at,3.596568078957447,2.3582778438700003,1.2382902350874465,5.286806462229581,6.483410902611944e-07,2.273992427831014e-06,Upregulated
211071_s_at,7.6308386901382965,6.500696534589999,1.1301421555482971,5.224302218982595,6.573255608229533e-07,2.303851988428474e-06,Upregulated
242206_at,4.365706612393616,5.415003706550001,-1.049297094156385,-5.19320109876564,6.74117409120153e-07,2.3605520160765984e-06,Downregulated
214612_x_at,4.1031845512234035,2.21896554502,1.8842190062034034,5.33115183431313,6.798160409942134e-07,2.3797322213416704e-06,Upregulated
205399_at,7.7113317790425535,6.70972813763,1.0016036414125535,5.1867302214204365,7.46553108736334e-07,2.6020026896379252e-06,Upregulated
1562821_a_at,4.013040132287234,2.21279333522,1.8002467970672336,5.300244979325187,7.749294437467586e-07,2.6942698811482326e-06,Upregulated
209810_at,13.883775440287234,15.0288088361,-1.1450333958127654,-5.292799834655271,7.806095989871258e-07,2.713667779932882e-06,Downregulated
1554717_a_at,3.8651819180425533,2.8633095084300004,1.0018724096125529,5.24497182725249,7.959420609962406e-07,2.7639318027467107e-06,Upregulated
212850_s_at,4.618008934393617,5.7098491629099986,-1.0918402285163813,-5.147141800895579,8.152729780655683e-07,2.82831994312659e-06,Downregulated
209942_x_at,4.052801258265957,2.21364201784,1.839159240425957,5.281547514002305,8.382303305384754e-07,2.9038423649582916e-06,Upregulated
242868_at,7.271202875308512,8.39497396941,-1.123771094101488,-5.139072337565607,9.13594887048962e-07,3.151527359852198e-06,Downregulated
215125_s_at,4.755766142797873,2.7808024799799993,1.9749636628178733,5.19194008760481,1.0280307707646676e-06,3.5227868906949804e-06,Upregulated
234419_x_at,6.25956877493617,5.0320686619699995,1.2275001129661707,5.069416365396284,1.0922340628027295e-06,3.733517718583261e-06,Upregulated
226147_s_at,11.648318194808514,12.917947753600004,-1.2696295587914896,-5.168660427836815,1.1322777554949724e-06,3.862051579494742e-06,Downregulated
33767_at,3.475494840893617,2.3008505953300005,1.1746442455636164,5.204458926749748,1.1362427431477502e-06,3.874592796737773e-06,Upregulated
213479_at,3.6652792874680844,2.54774971704,1.1175295704280845,5.100139462364192,1.162358141379706e-06,3.959880605032231e-06,Upregulated
222857_s_at,6.1209557521702145,7.345500208279999,-1.2245444561097845,-5.103591386149856,1.164953458573519e-06,3.9677169910609996e-06,Downregulated
225728_at,9.403850373957447,10.41639304178,-1.0125426678225526,-5.157651455560119,1.1937406828061016e-06,4.061391382466252e-06,Downregulated
236489_at,6.28753114306383,4.8252079521199995,1.4623231909438301,5.101879608229396,1.1984508305160188e-06,4.076642826342941e-06,Upregulated
241803_s_at,5.230206185531916,4.17006806402,1.0601381215119163,5.042730080579304,1.2568556636190602e-06,4.267485557945506e-06,Upregulated
205402_x_at,4.323935408138297,2.6920452060799995,1.6318902020582975,5.117638845543309,1.2571372925299878e-06,4.2679029486850925e-06,Upregulated
231771_at,3.3891871527234034,2.21276727096,1.1764198817634033,5.182944010078432,1.2655924953638114e-06,4.294168430206785e-06,Upregulated
205266_at,6.969458505117021,5.948403915759999,1.0210545893570213,5.0046947805272035,1.2753951649192926e-06,4.3263373070351335e-06,Upregulated
204748_at,9.769586548659575,11.10683116783,-1.3372446191704253,-5.042121176306522,1.3717213045922623e-06,4.635549264186945e-06,Downregulated
1560049_at,5.931219589021276,7.13988152805,-1.2086619390287243,-5.041366227521994,1.3776778061837942e-06,4.654801085708999e-06,Downregulated
209847_at,3.423990807223405,2.21862954221,1.205361265013405,5.161166524129558,1.3847901882562548e-06,4.678244147073106e-06,Upregulated
206714_at,6.645223654702129,7.907655945079999,-1.2624322903778706,-5.072875430118231,1.3931485236178675e-06,4.705298994744781e-06,Downregulated
1559391_s_at,8.043871104797871,6.917679773350001,1.1261913314478704,4.973312252612605,1.5511744215715149e-06,5.212186383372618e-06,Upregulated
216542_x_at,8.651031323329788,7.51407849419,1.136952829139788,4.983889668777701,1.5842822461421455e-06,5.3187819044380145e-06,Upregulated
236193_at,5.9968831037553185,4.983841319660001,1.0130417840953179,5.043872719878285,1.6230752482662394e-06,5.444261010492544e-06,Upregulated
236575_at,6.041667720489363,7.133742595399999,-1.0920748749106366,-5.037583705428283,1.6508660923047391e-06,5.5336833878039825e-06,Downregulated
227510_x_at,9.37202878674468,8.130905022840002,1.2411237639046782,4.988476390214176,1.661063261977582e-06,5.5661297494689574e-06,Upregulated
231565_at,2.422023600404255,3.4568989834699995,-1.0348753830657444,-5.0026997415592405,1.721164199606794e-06,5.757481039868837e-06,Downregulated
212942_s_at,7.893201919180851,6.7826671877,1.1105347314808505,4.964215976729536,1.7693806326215091e-06,5.912151749157017e-06,Upregulated
222271_at,5.096951415978724,6.490519296700001,-1.3935678807212772,-4.933227757190289,1.7889187309494766e-06,5.975579608921162e-06,Downregulated
206153_at,3.307925456457447,2.27318972124,1.0347357352174469,5.090419068607684,1.799352426379409e-06,6.008565816430303e-06,Upregulated
217085_at,3.470040491659574,2.2139921604,1.2560483312595738,5.092029444261164,1.844121223031829e-06,6.151569343958692e-06,Upregulated
243751_at,5.324267829308511,4.1956086610100005,1.12865916829851,4.977045428541967,1.8705032220510756e-06,6.236479438460151e-06,Upregulated
218952_at,5.217961384797872,4.172203810350001,1.0457575744478707,4.994365301123992,1.9304066180526154e-06,6.426643374509654e-06,Upregulated
230309_at,4.514337705393617,3.30171866905,1.2126190363436167,5.047374636447777,1.957231490376225e-06,6.510708945598098e-06,Upregulated
209937_at,3.6470187203829783,2.24693573257,1.4000829878129784,5.065208729859347,1.9751904336919125e-06,6.567013125337345e-06,Upregulated
232304_at,8.50698210798936,7.407084905860001,1.0998972021293598,4.933720531233054,2.0179513592693152e-06,6.700261238944341e-06,Upregulated
217258_x_at,8.468445286553191,6.953027979130001,1.5154173074231903,4.910517310627399,2.1295780109219504e-06,7.056957851977575e-06,Upregulated
222938_x_at,4.793144240542553,3.66616233894,1.1269819016025528,4.984052331835682,2.248988727812819e-06,7.434794573702537e-06,Upregulated
220187_at,7.209676839010637,8.44019388673,-1.2305170477193634,-4.92487165181431,2.3165924508606836e-06,7.644945647975045e-06,Downregulated
223806_s_at,12.82509353718085,13.900954417599998,-1.0758608804191478,-5.016342250948299,2.3915149654946e-06,7.878845028426593e-06,Downregulated
216573_at,4.9923457987978725,3.8885077062899995,1.103838092507873,4.900737466251905,2.4184498756587674e-06,7.963192226028923e-06,Upregulated
209959_at,6.497939447765957,8.14446497519,-1.6465255274240418,-4.8607839934089005,2.424658488063252e-06,7.98265785878497e-06,Downregulated
210735_s_at,3.8976983904893614,2.7821954576499994,1.115502932839362,4.962297301409249,2.4801629766766315e-06,8.157903978934033e-06,Upregulated
231084_at,4.105218341127659,5.60398639287,-1.4987680517423412,-4.864158792922552,2.4959877083642244e-06,8.20594100746199e-06,Downregulated
208596_s_at,4.668985487531915,2.980219545559999,1.6887659419719157,4.962090832315645,2.7216721713262306e-06,8.910875298694464e-06,Upregulated
205719_s_at,3.3172723201170213,2.21303756528,1.1042347548370213,4.986978600015222,2.8373148193751598e-06,9.271434682558465e-06,Upregulated
215777_at,4.724720723734042,3.5125386956499995,1.2121820280840425,4.862769794056572,2.9244433210109198e-06,9.542229341415512e-06,Upregulated
216470_x_at,3.6102736678723404,2.3921932162799995,1.218080451592341,4.951428428192665,3.044288497332789e-06,9.917031137880286e-06,Upregulated
211642_at,3.8886702572021274,2.69607043304,1.1925998241621274,4.871999718801574,3.0953125146919045e-06,1.0075923192835367e-05,Upregulated
206645_s_at,3.474426628819149,2.2382637128400003,1.2361629159791487,4.940892722503104,3.3884374542973257e-06,1.0983577226350627e-05,Upregulated
1552507_at,3.4990016089893623,2.4584207360600003,1.040580872929362,4.896117117729713,3.4115682283317604e-06,1.1054548444783555e-05,Upregulated
216365_x_at,7.146177140106381,5.889434865859998,1.256742274246383,4.7863467169800575,3.771416384678766e-06,1.2156862139897647e-05,Upregulated
236745_at,4.734701829787235,5.84151553253,-1.1068137027427651,-4.7921826406052865,3.8669300475621305e-06,1.2447585106121056e-05,Downregulated
227506_at,4.545552736457447,3.5038665709200005,1.0416861655374463,4.861738597812433,3.935868424078937e-06,1.2658890094929721e-05,Upregulated
241382_at,6.747173881425531,5.474101256379999,1.2730726250455318,4.828106418856355,4.163020947017016e-06,1.3351156440060653e-05,Upregulated
213537_at,8.939065195840426,10.0341449191,-1.0950797232595733,-4.768125136690416,4.182854607168274e-06,1.3411565895746813e-05,Downregulated
206595_at,7.466255967989361,8.65211781974,-1.1858618517506399,-4.839171545777587,4.275346562345037e-06,1.3693431203614015e-05,Downregulated
222020_s_at,6.350343834191488,7.612105679250001,-1.2617618450585129,-4.7625332400569445,4.304340142742956e-06,1.37805499355698e-05,Downregulated
231512_at,6.6244749171808515,8.10254820037,-1.4780732831891488,-4.738913932711364,4.433037067559859e-06,1.4177202897909963e-05,Downregulated
223509_at,5.212764379999999,3.845402837430001,1.3673615425699985,4.832967251616949,4.433251602580216e-06,1.4177202897909963e-05,Upregulated
215949_x_at,8.808496084234042,7.636430123679999,1.1720659605540424,4.745162599680875,4.444120478640753e-06,1.4210300461576098e-05,Upregulated
219159_s_at,7.717802919063828,6.59200174015,1.1258011789138287,4.745934328094017,4.457597704343628e-06,1.4251449937142124e-05,Upregulated
205476_at,9.453644965436169,7.61971026934,1.8339346960961693,4.719177378188317,4.556104154372805e-06,1.4556258868256352e-05,Upregulated
223565_at,6.253074232819149,4.89796380526,1.3551104275591488,4.743533355131946,4.5564220496988e-06,1.4556409857751226e-05,Upregulated
211634_x_at,9.589567812734042,7.896186626909998,1.6933811858240446,4.717126977157282,5.041101690160405e-06,1.60248638006482e-05,Upregulated
216813_at,7.0245468101383,5.909671580990001,1.114875229148299,4.7102904644009085,5.133775050281482e-06,1.6305965799837004e-05,Upregulated
216853_x_at,9.225298120670214,7.75722010402,1.4680780166502139,4.713518453118992,5.173563734566047e-06,1.6429503524263075e-05,Upregulated
213765_at,4.109774809797871,5.44287069356,-1.3330958837621285,-4.688716363809213,5.23129103886112e-06,1.6604911172392104e-05,Downregulated
217227_x_at,9.890828312882979,8.52873679672,1.3620915161629785,4.702023167511386,5.353872188621449e-06,1.6976970259237898e-05,Upregulated
243395_at,7.883317595308511,6.83265771837,1.0506598769385107,4.702217511629316,5.887780829146578e-06,1.857361757633301e-05,Upregulated
209686_at,5.189116277574468,4.1578851080599994,1.0312311695144682,4.696326933149269,6.066905652303177e-06,1.911738165181198e-05,Upregulated
232654_s_at,3.3839178079468093,2.2179973121499996,1.1659204957968097,4.784723550406139,6.413472621053885e-06,2.0158662832866074e-05,Upregulated
220468_at,3.3078955900319142,2.24166606831,1.0662295217219144,4.76790827553818,6.66449160512613e-06,2.090124463401248e-05,Upregulated
37004_at,13.551418763691492,14.5965530482,-1.0451342845085083,-4.762917585547407,6.924733789066168e-06,2.1687069499168096e-05,Downregulated
234370_at,3.322652835382978,2.27680330747,1.0458495279129782,4.751690057253219,6.996891889753024e-06,2.1897755567453517e-05,Upregulated
239481_at,3.6706200097127666,2.4745459713999995,1.196074038312767,4.755265397692107,7.176540508039824e-06,2.242345810186069e-05,Upregulated
206108_s_at,4.6016244108510636,3.5240540781600007,1.0775703326910628,4.6387810801869085,7.416451737137094e-06,2.3143494612070998e-05,Upregulated
236191_at,5.1256063861382986,4.0492189526699995,1.076387433468299,4.665585264329957,7.611517406188669e-06,2.372330504776402e-05,Upregulated
207978_s_at,4.326625045191489,5.70306473753,-1.3764396923385114,-4.599388045049493,7.75907699511946e-06,2.415521880300372e-05,Downregulated
1561937_x_at,6.332848497170212,4.920752414460001,1.4120960827102111,4.608338537399638,7.921718453404519e-06,2.4631607627171664e-05,Upregulated
210325_at,3.7126769196276586,2.6311975705100004,1.0814793491176582,4.646892501118093,7.951631553476973e-06,2.4721760389324418e-05,Upregulated
220782_x_at,3.9381299983829794,2.5612771813400004,1.376852817042979,4.720029771688022,8.258494602631832e-06,2.5613619576586075e-05,Upregulated
234316_x_at,3.7784548123829804,2.5911910376000002,1.1872637747829802,4.705907496553613,8.770476548602785e-06,2.710929553721909e-05,Upregulated
234366_x_at,9.023496128021275,7.53944138979,1.4840547382312748,4.581990967952238,9.158728784376806e-06,2.825092541128009e-05,Upregulated
211643_x_at,10.295997485,8.86315125857,1.4328462264299997,4.578123334731011,9.308666534687222e-06,2.8688742736344657e-05,Upregulated
211708_s_at,5.027446047074468,6.048388556399999,-1.0209425093255309,-4.553545856078214,9.466617340853386e-06,2.913380330120388e-05,Downregulated
204508_s_at,4.465868124638297,3.3759296110299992,1.0899385136082982,4.606338765301594,9.675246795017023e-06,2.9755436223728376e-05,Upregulated
238774_at,7.851497775765959,6.695443425399999,1.1560543503659604,4.554961908724313,9.970765894995816e-06,3.061526599464777e-05,Upregulated
216829_at,7.089718515734043,5.78939532609,1.3003231896440433,4.565661308321502,9.993276712804508e-06,3.068088254323325e-05,Upregulated
211908_x_at,8.910230813744679,7.62338665641,1.286844157334679,4.55140654968154,1.0614893203120306e-05,3.250675124563367e-05,Upregulated
211881_x_at,10.269226902000002,8.98583926626,1.2833876357400023,4.546259399190837,1.093220820532157e-05,3.3424269584551274e-05,Upregulated
240452_at,6.821068601074468,5.775480978559999,1.0455876225144687,4.554118762637424,1.0996621255867454e-05,3.361165374030158e-05,Upregulated
237215_s_at,5.932431152276596,6.98677006836,-1.0543389160834042,-4.485300976498794,1.2532561355320874e-05,3.8064054721175027e-05,Downregulated
233586_s_at,3.8689756732553193,2.2635534359700005,1.6054222372853189,4.5818446731358735,1.42643982186772e-05,4.3032414750674286e-05,Upregulated
229095_s_at,4.637561692776596,3.576771919359999,1.0607897734165967,4.51413807552597,1.5107879311101192e-05,4.545717143806717e-05,Upregulated
210467_x_at,3.5065659271702123,2.212752368,1.2938135591702125,4.566028718010807,1.5202538014242098e-05,4.572919353694008e-05,Upregulated
1561195_at,5.975481147170214,4.866691760849999,1.1087893863202147,4.465444642693762,1.5709917718259602e-05,4.717887405886717e-05,Upregulated
220445_s_at,3.268629497659574,2.24836766464,1.0202618330195738,4.538189621863207,1.6815089785724412e-05,5.032363783746791e-05,Upregulated
206276_at,3.8801845957234034,2.8480614781299995,1.0321231175934038,4.5207114080656785,1.7113751503161275e-05,5.117475056146285e-05,Upregulated
234884_x_at,9.309651387702129,7.970227427500001,1.3394239602021276,4.432069143318673,1.757432642081958e-05,5.248779615026942e-05,Upregulated
231131_at,3.4135717629999993,2.22122963677,1.1923421262299994,4.526735026101272,1.769180775293425e-05,5.281813786630338e-05,Upregulated
219995_s_at,6.43575004143617,5.35480104676,1.0809489946761701,4.449532847488737,1.8102392479093903e-05,5.396304837779442e-05,Upregulated
1569344_a_at,7.881424319021275,6.683119600969999,1.1983047180512765,4.426246124194532,1.919979684441502e-05,5.7060463756973496e-05,Upregulated
243802_at,3.5277511422872343,4.7023718080600005,-1.1746206657727662,-4.394937556787645,1.9316674492565654e-05,5.738245080399516e-05,Downregulated
203400_s_at,3.9253490850106387,2.60531551991,1.3200335651006387,4.43843039046615,2.0504075119013883e-05,6.066517324117282e-05,Upregulated
234792_x_at,6.562666245691489,5.2527594245,1.3099068211914888,4.376279980328242,2.1051801296501396e-05,6.218993708648454e-05,Upregulated
204621_s_at,8.724343491585106,9.737146432069999,-1.0128029404848924,-4.352780034215652,2.2187054070227695e-05,6.53569686303339e-05,Downregulated
211637_x_at,9.241971962191487,7.873282010629998,1.368689951561489,4.360531570604616,2.279869759889158e-05,6.703387902771456e-05,Upregulated
205470_s_at,6.398323100904255,7.86567678368,-1.4673536827757445,-4.426124920573897,2.3182217569443404e-05,6.810240358112919e-05,Downregulated
238029_s_at,8.334297862734042,7.145741986680001,1.188555876054041,4.402395261877866,2.4209694811151527e-05,7.0930528658492e-05,Upregulated
227061_at,8.178023446521276,9.24023041492,-1.0622069683987228,-4.329384264892709,2.6712381948328076e-05,7.782213061817646e-05,Downregulated
204304_s_at,7.903225017606383,5.9852448258100015,1.9179801917963815,4.293929601100143,2.816462678531297e-05,8.180928964059207e-05,Upregulated
214063_s_at,3.6281234495638297,2.51759679709,1.1105266524738298,4.359956714117927,2.8571996461907184e-05,8.291930233683707e-05,Upregulated
229659_s_at,10.357656496287234,11.405660272240002,-1.0480037759527683,-4.3647389990177246,2.9519137040179795e-05,8.551741381251269e-05,Downregulated
206858_s_at,6.729357174329786,5.551184128110001,1.1781730462197855,4.2881339795874664,3.068944796505858e-05,8.87071500563543e-05,Upregulated
214603_at,3.23715863537234,2.2238756556100006,1.0132829797623395,4.382308674948945,3.0806924845268216e-05,8.90132291016705e-05,Upregulated
211641_x_at,8.876681935840425,7.75425547725,1.1224264585904251,4.275744669657373,3.223701516737204e-05,9.292069120001462e-05,Upregulated
217179_x_at,10.078465466829787,8.726043476669998,1.3524219901597885,4.275887544869642,3.225584854419521e-05,9.296999463041015e-05,Upregulated
220625_s_at,6.374947850659575,7.48305062989,-1.1081027792304248,-4.283439172280171,3.389295762615143e-05,9.743274285837418e-05,Downregulated
213764_s_at,4.802969036925533,6.119673590920001,-1.3167045539944677,-4.213652015143551,3.880477208792055e-05,0.00011063628261441266,Downregulated
203963_at,6.53004923467021,5.33028497629,1.1997642583802106,4.241219746149045,4.001275645745269e-05,0.00011394145059405709,Upregulated
205157_s_at,6.824390686319148,5.67287975922,1.1515109270991486,4.230590659197123,4.095533558338182e-05,0.00011653302013901363,Upregulated
219902_at,6.5941304053510645,5.438792280669999,1.155338124681066,4.275236221226705,4.1924605270082156e-05,0.00011917746520039314,Upregulated
211650_x_at,9.28261188598936,8.062994090259998,1.219617795729361,4.212293268408595,4.2033710633364486e-05,0.00011944973636213568,Upregulated
216560_x_at,9.945692050042554,8.49680667208,1.4488853779625543,4.203985366460839,4.3179601396229584e-05,0.00012247959290674003,Upregulated
205650_s_at,6.3972725389042555,4.62630889098,1.7709636479242556,4.215274423044993,4.4087155319022854e-05,0.0001248958040655727,Upregulated
220542_s_at,7.586984600808511,5.392019484410001,2.1949651163985093,4.179315126709247,4.554290917000547e-05,0.00012874860257636465,Upregulated
216491_x_at,9.746584517244681,8.317916391909998,1.4286681253346831,4.184793868042908,4.650192824714913e-05,0.00013134236794103677,Upregulated
211639_x_at,8.386559551010638,7.2106194861,1.1759400649106384,4.177852336207835,4.780370981099438e-05,0.00013481388086693287,Upregulated
221286_s_at,7.4733062995744675,6.348819451020002,1.124486848554466,4.181361886391623,4.8664318369784346e-05,0.0001370971625726598,Upregulated
237810_at,3.252444266117021,2.22506655739,1.027377708727021,4.2538728327366995,4.9952496664298405e-05,0.00014049809054991131,Upregulated
214456_x_at,5.019149453351064,4.01435357318,1.0047958801710637,4.163355224896814,5.055920427046673e-05,0.00014208933965158675,Upregulated
215214_at,10.828996086595746,9.562849698459999,1.2661463881357466,4.153389252412221,5.4227917643564455e-05,0.0001517737298193963,Upregulated
213768_s_at,3.3299975488829787,2.2326154894,1.0973820594829786,4.208035917399251,5.917056293371954e-05,0.000164677010139348,Upregulated
211633_x_at,8.292715187372341,7.08745328717,1.2052619002023413,4.1225794991940505,6.012576846819911e-05,0.0001671883669973922,Upregulated
231728_at,4.56467509438298,5.720764850249999,-1.1560897558670193,-4.105951444958821,6.114863447256661e-05,0.00016985696708885336,Downregulated
209987_s_at,3.765546657819149,2.34308896652,1.4224576912991491,4.187433487470419,6.141186043400037e-05,0.00017054411014576332,Upregulated
241897_at,6.6943244066808525,5.557399412760002,1.1369249939208501,4.1213351887385254,6.301463734417917e-05,0.00017480557451101248,Upregulated
211798_x_at,10.588065046308511,9.469942557839998,1.1181224884685133,4.110272382091262,6.348679523439473e-05,0.0001760336513288563,Upregulated
217480_x_at,10.733742443946808,9.6862934697,1.047448974246807,4.1024655655221975,6.462702499874666e-05,0.00017897380118332758,Upregulated
232481_s_at,5.949167411670213,7.055892514299999,-1.1067251026297864,-4.092754507012459,6.995076749299284e-05,0.0001929718408154133,Downregulated
205649_s_at,4.46138849856383,3.0182896383599997,1.44309886020383,4.108974413134048,6.999662945028535e-05,0.00019307855334186615,Upregulated
216207_x_at,11.320999355276594,10.245216357750001,1.0757829975265931,4.082551772006225,7.008057650482479e-05,0.00019330019937889776,Upregulated
1555745_a_at,10.862827992425531,12.323201112100001,-1.46037311967447,-4.033963001420121,7.963167970619691e-05,0.00021825670223591046,Downregulated
204272_at,3.6316294356489376,2.6030473449800002,1.0285820906689374,4.091738832905688,8.80863469626699e-05,0.0002399499750688358,Upregulated
216401_x_at,11.783456247042555,10.631889788160002,1.1515664588825523,4.027481559596919,8.881356566015487e-05,0.00024183295917567407,Upregulated
228038_at,7.182094199680852,5.73044798967,1.4516462100108516,3.9976007565095943,9.250067953208624e-05,0.0002513509926903501,Upregulated
1562255_at,5.7095862312021275,4.68759807129,1.0219881599121274,4.003519823728034,9.426003033235155e-05,0.0002557698512489083,Upregulated
208607_s_at,5.172943359808511,4.154304467309999,1.0186388924985117,3.987311703104118,9.954098250209188e-05,0.00026931143283991517,Upregulated
204622_x_at,8.162415981999997,9.16809122539,-1.0056752433900034,-3.977164579333559,0.00010008896722300317,0.000270712319775543,Downregulated
206070_s_at,5.805790824851064,6.835993921129999,-1.0302030962789352,-3.9346778159691898,0.00013132166130492683,0.00034899287884514033,Downregulated
214916_x_at,10.871863471212766,9.68656518789,1.1852982833227657,3.8669716345536767,0.00015812803035173198,0.0004162828173118426,Upregulated
217281_x_at,10.270252518606382,9.13210378288,1.1381487357263822,3.8652408653582864,0.00016081743278793293,0.00042282477586800415,Upregulated
202018_s_at,8.949622212351064,7.671126446560001,1.2784957657910638,3.8606075397061907,0.0001668709773219532,0.00043777789416830427,Upregulated
209277_at,7.783531859244682,6.42706276009,1.3564690991546815,3.884251963901113,0.00017296672059477678,0.0004529082339667331,Upregulated
224342_x_at,9.094219440957445,7.837780337350001,1.2564391036074447,3.841391413936377,0.00017509128258774202,0.00045818136252137256,Upregulated
214768_x_at,10.384448884425531,9.105962182859999,1.278486701565532,3.84048259804897,0.0001778067995167467,0.0004650158766317095,Upregulated
216510_x_at,10.261934756968088,9.10416417906,1.1577705779080887,3.838039273297042,0.00017809082724245203,0.00046566812027528076,Upregulated
210728_s_at,3.721393932287234,2.3959574200000002,1.3254365122872338,3.8904058496066964,0.00018206794543332042,0.0004755356923749124,Upregulated
234764_x_at,11.42508646882979,10.21411521139,1.2109712574397893,3.7770940008113283,0.0002212061100292764,0.0005706922406962135,Upregulated
231077_at,4.866737712553191,5.987904100730001,-1.1211663881768095,-3.759549345196937,0.0002297017483632709,0.0005912206650460299,Downregulated
209988_s_at,4.362183528734041,2.73682834143,1.6253551873040415,3.7765920081874045,0.00025428146978765325,0.0006501299203307847,Upregulated
217235_x_at,10.907450848659575,9.89632764014,1.0111232085195745,3.735889444091835,0.000259738756067045,0.0006634519985668462,Upregulated
211645_x_at,11.247628683255321,10.104195049009999,1.1434336342453228,3.734042799728696,0.000264925079376213,0.0006758008214052167,Upregulated
217561_at,3.7558772414893613,2.3601685101700003,1.395708731319361,3.767176524959357,0.0002788577423339762,0.0007089785123201826,Upregulated
217564_s_at,3.4415540483404254,2.34849012637,1.0930639219704252,3.7665769530825792,0.00028811227414455486,0.0007313420537608678,Upregulated
211644_x_at,11.656820546053194,10.48110819477,1.1757123512831935,3.6802293053032646,0.00031711747802933254,0.0008005311234252593,Upregulated
230093_at,6.616681780255318,7.74441473775,-1.1277329574946817,-3.6700966137500997,0.0003196817767958443,0.0008066430871993469,Downregulated
206262_at,5.860406460765958,6.930675987130001,-1.0702695263640427,-3.6563108558487856,0.0003919288932349697,0.0009770701020410696,Downregulated
214777_at,10.983632701648936,9.73863457845,1.2449981231989362,3.603585655701989,0.0004134179799973496,0.0010272613633991244,Upregulated
214973_x_at,9.614722022085108,8.47493478514,1.1397872369451072,3.586291644680904,0.00044789587025307237,0.00110842584326087,Upregulated
201525_at,7.762233233117021,8.78688015261,-1.0246469194929784,-3.5761961124256634,0.0004883299517660805,0.0012016339457265259,Downregulated
204052_s_at,6.890625673606383,5.8456204386299975,1.0450052349763856,3.429251973855277,0.0007525313266261009,0.0018032455641945765,Upregulated
210727_at,3.473675011031914,2.2836414382799997,1.1900335727519145,3.47162065328502,0.000776047856404957,0.0018564539229939964,Upregulated
227566_at,6.847220552180852,7.899669242619999,-1.0524486904391468,-3.3779273100568727,0.000916651146705544,0.0021688808101664784,Downregulated
216576_x_at,10.794169448882979,9.708712519449998,1.085456929432981,3.3493444209247167,0.0010185868951207956,0.002392807247596397,Upregulated
209374_s_at,12.339996825744679,11.313124418569997,1.0268724071746824,3.2976345577185104,0.0011780103623091891,0.002742402412879244,Upregulated
209278_s_at,8.879593959553192,7.743303718650001,1.1362902409031914,3.2540003582303423,0.0014951327900138021,0.0034271132428588262,Upregulated
235700_at,2.7619360990425523,3.7822627638399995,-1.0203266647974472,-3.2182568840926153,0.0015196219559013657,0.003478799170892141,Downregulated
209309_at,7.271031714127661,8.43054454718,-1.1595128330523394,-3.0465119458842267,0.002724997572809942,0.006008556530609418,Downregulated
206336_at,5.678340251329788,4.6605950722600005,1.0177451790697871,2.838649584361568,0.005025614372138716,0.01061820696153722,Upregulated
205048_s_at,6.584458139542553,5.558666751290001,1.0257913882525518,2.8282570967438776,0.00519017305178019,0.010943535527188415,Upregulated
1558048_x_at,4.86232012293617,5.898909445469999,-1.0365893225338292,-2.7824859511131788,0.00595433501837266,0.012434180673647434,Downregulated
210297_s_at,6.462300977234042,5.20226292802,1.2600380492140424,2.5116593289152442,0.012849434452750075,0.025303689872061493,Upregulated
207430_s_at,6.159588946234041,4.8587518646599985,1.3008370815740422,2.4291729593863214,0.01606027964151314,0.031052491221454665,Upregulated
