Gene,Mean_Cancer,Mean_Normal,Log2FC,T_Statistic,P_Value,Adjusted_P_Value,Significant,Regulation,Gene Symbol,Gene Title,Display_Name
206239_s_at,10.68917991456383,4.09396044568,6.595219468883831,16.571893434335976,4.7553495630438914e-33,1.8960061645506208e-31,True,Upregulated,SPINK1,"serine peptidase inhibitor, Kazal type 1",SPINK1
209875_s_at,12.773042183468087,6.791341679839999,5.981700503628089,21.61116749894031,2.470575458675377e-52,6.3885755586689335e-50,True,Upregulated,SPP1,secreted phosphoprotein 1,SPP1
204580_at,9.016599493404255,3.2649038278300004,5.751695665574255,16.718033578395175,7.525574141703478e-35,3.541299481939311e-33,True,Upregulated,MMP12,matrix metallopeptidase 12 (macrophage elastase),MMP12
205242_at,9.817194865159573,4.833088024089999,4.984106841069574,12.711874252079767,3.0205047400828778e-27,7.246247455401322e-26,True,Upregulated,CXCL13,chemokine (C-X-C motif) ligand 13,CXCL13
218469_at,8.664269653223405,3.72004849315,4.944221160073405,15.829425258219151,1.6012327713683284e-34,7.311027660510773e-33,True,Upregulated,GREM1,"gremlin 1, DAN family BMP antagonist",GREM1
37892_at,7.234079482968085,2.3057553782300007,4.928324104738084,13.938352955320685,6.838115519563128e-25,1.326342882564812e-23,True,Upregulated,COL11A1,"collagen, type XI, alpha 1",COL11A1
220393_at,7.166198652882979,2.35769934135,4.808499311532979,15.138100194950676,5.588048820743423e-27,1.308484083032241e-25,True,Upregulated,LGSN,"lengsin, lens protein with glutamine synthetase domain",LGSN
1552767_a_at,9.902847475489361,5.15458329091,4.748264184579361,18.946369496487854,1.0171308287011516e-43,1.0897888197713174e-41,True,Upregulated,HS6ST2,heparan sulfate 6-O-sulfotransferase 2,HS6ST2
204475_at,9.3982971481383,4.667759150189999,4.7305379979483,11.685446600839956,1.8997033673433004e-23,3.269678250109656e-22,True,Upregulated,MMP1,matrix metallopeptidase 1 (interstitial collagenase),MMP1
201291_s_at,9.100906952510638,4.3915287551799995,4.709378197330638,22.402484096759405,8.540400187186073e-54,2.767192557036085e-51,True,Upregulated,TOP2A,topoisomerase (DNA) II alpha 170kDa,TOP2A
218960_at,7.733602197468085,3.1478274342099994,4.585774763258085,21.495728432016183,2.927978040272893e-44,3.336530230383852e-42,True,Upregulated,TMPRSS4,"transmembrane protease, serine 4",TMPRSS4
223278_at,7.815574801063829,3.2438952298599997,4.57167957120383,16.64731719737651,4.988805053185746e-34,2.1691824461653074e-32,True,Upregulated,GJB2,"gap junction protein, beta 2, 26kDa",GJB2
201884_at,10.871816865925531,6.312708230419999,4.559108635505532,11.98444928592052,3.949397388192279e-24,7.178853934481578e-23,True,Upregulated,CEACAM5,carcinoembryonic antigen-related cell adhesion molecule 5,CEACAM5
202575_at,8.62343685780851,4.25873792721,4.36469893059851,16.524300327941358,3.3556289258656477e-34,1.4879295746628995e-32,True,Upregulated,CRABP2,cellular retinoic acid binding protein 2,CRABP2
217428_s_at,9.12014606519149,4.7805096011,4.339636464091489,17.02447345212416,7.633790908628303e-38,4.9055086954776816e-36,True,Upregulated,COL10A1,"collagen, type X, alpha 1",COL10A1
209773_s_at,8.55553592587234,4.3483904534299995,4.20714547244234,18.929622535298794,1.3898976478605239e-45,1.8596277335280133e-43,True,Upregulated,RRM2,ribonucleotide reductase M2,RRM2
202831_at,6.609681803606383,2.4067014760699994,4.202980327536384,9.62120928656503,8.055145150479059e-16,7.0413462873991e-15,True,Upregulated,GPX2,glutathione peroxidase 2 (gastrointestinal),GPX2
219918_s_at,7.306821156638298,3.211091233980001,4.095729922658297,20.574009626380715,4.547641087708473e-45,5.768854328855848e-43,True,Upregulated,ASPM,"asp (abnormal spindle) homolog, microcephaly associated (Drosophila)",ASPM
204641_at,6.978276776978721,2.9803042933500006,3.99797248362872,20.06449831309738,7.802896141018421e-40,5.828980164455788e-38,True,Upregulated,NEK2,NIMA-related kinase 2,NEK2
206504_at,7.021968497223404,3.0335030017399998,3.9884654954834042,11.878203259211109,2.7487285271328056e-21,3.9153366673825504e-20,True,Upregulated,CYP24A1,"cytochrome P450, family 24, subfamily A, polypeptide 1",CYP24A1
222608_s_at,8.157584479021278,4.213404562809999,3.9441799162112785,20.24483076598926,5.818293871500344e-48,9.688630160139862e-46,True,Upregulated,ANLN,"anillin, actin binding protein",ANLN
202095_s_at,6.782146449425533,2.9089238619099995,3.8732225875155337,18.01523484414149,3.5974313715127287e-37,2.1643338226866176e-35,True,Upregulated,BIRC5,baculoviral IAP repeat containing 5,BIRC5
225681_at,12.146528078734042,8.363658420620002,3.7828696581140395,18.145074111013994,1.8102854089492334e-43,1.8688677736227153e-41,True,Upregulated,CTHRC1,collagen triple helix repeat containing 1,CTHRC1
223062_s_at,8.612990917223405,4.836428203770001,3.776562713453404,19.601935843474966,1.0371716894099973e-44,1.2452079572903151e-42,True,Upregulated,PSAT1,phosphoserine aminotransferase 1,PSAT1
207165_at,7.362097885021276,3.58997332809,3.772124556931276,19.6858586472892,2.99224771010577e-45,3.86877488787858e-43,True,Upregulated,HMMR,hyaluronan-mediated motility receptor (RHAMM),HMMR
223779_at,6.0528785440851065,2.29305024516,3.7598282989251066,14.297922850324579,2.4350154821893497e-25,4.944120148170493e-24,True,Upregulated,AFAP1-AS1,AFAP1 antisense RNA 1,AFAP1-AS1
202870_s_at,6.758473059170214,3.0091017739600003,3.7493712852102137,18.893224531570905,7.157629613453369e-37,4.1936848190544974e-35,True,Upregulated,CDC20,cell division cycle 20,CDC20
204351_at,11.086932804670214,7.349612419740001,3.7373203849302135,10.62321877716076,2.6344238150350676e-19,3.1564963090994907e-18,True,Upregulated,S100P,S100 calcium binding protein P,S100P
223381_at,7.204169663787234,3.4802779992100006,3.7238916645772338,19.088097396729935,1.4144430117222629e-38,9.778564502377074e-37,True,Upregulated,NUF2,"NUF2, NDC80 kinetochore complex component",NUF2
203764_at,6.350579152712766,2.65092019257,3.6996589601427656,18.436479194845393,1.773665645042194e-37,1.100327340071966e-35,True,Upregulated,DLGAP5,"discs, large (Drosophila) homolog-associated protein 5",DLGAP5
218976_at,9.800249790138299,6.104679904210001,3.6955698859282977,12.71757006192042,3.5556183483120216e-24,6.482796219739335e-23,True,Upregulated,DNAJC12,"DnaJ (Hsp40) homolog, subfamily C, member 12",DNAJC12
226670_s_at,7.7779675446702115,4.08347623107,3.6944913136002118,18.759621592692845,8.587248562379864e-44,9.293234430103891e-42,True,Upregulated,PABPC1L,"poly(A) binding protein, cytoplasmic 1-like",PABPC1L
219508_at,6.900177651340426,3.2131380205399993,3.687039630800427,14.780834344255112,7.856015350817532e-27,1.8197400588245986e-25,True,Upregulated,GCNT3,"glucosaminyl (N-acetyl) transferase 3, mucin type",GCNT3
207828_s_at,6.9851117912978715,3.3290004227599996,3.656111368537872,21.880504913449013,3.081400037641815e-44,3.496543933008495e-42,True,Upregulated,CENPF,"centromere protein F, 350/400kDa",CENPF
206023_at,6.539399098521277,2.89060645935,3.648792639171277,13.940045630112346,6.7018277487562105e-25,1.3017858696085285e-23,True,Upregulated,NMU,neuromedin U,NMU
1558034_s_at,9.729132430393616,6.08114295225,3.647989478143616,12.451920202987557,2.826619261473061e-26,6.185213327810824e-25,True,Upregulated,CP,ceruloplasmin (ferroxidase),CP
219148_at,6.351297662478723,2.7037676805199995,3.6475299819587237,15.99674478430279,6.596305050831747e-32,2.362109610279869e-30,True,Upregulated,PBK,PDZ binding kinase,PBK
203744_at,9.96990555475532,6.35640760356,3.6134979511953196,22.056040285038033,1.113851550736797e-42,1.0547468223227e-40,True,Upregulated,HMGB3,high mobility group box 3,HMGB3
205549_at,7.013705114787235,3.4199915770600007,3.593713537727234,11.245293061048233,7.867984663292338e-20,9.885246977338045e-19,True,Upregulated,PCP4,Purkinje cell protein 4,PCP4
202954_at,8.508942211914892,4.924152176760001,3.5847900351548914,17.853446935798072,1.6630565497794637e-34,7.586866801224617e-33,True,Upregulated,UBE2C,ubiquitin-conjugating enzyme E2C,UBE2C
242517_at,5.8397523999574465,2.2654301321699997,3.574322267787447,12.263867887565358,3.837013936571633e-21,5.382828158383981e-20,True,Upregulated,KISS1R,KISS1 receptor,KISS1R
238593_at,6.022227948563829,2.4496995438699996,3.5725284046938297,18.50047832172167,9.101598676202683e-34,3.8576720756362294e-32,True,Upregulated,C11orf80,chromosome 11 open reading frame 80,C11orf80
238617_at,7.015897702542551,3.4690406839500003,3.5468570185925508,20.67712649852814,3.21615473033783e-47,5.014031835534798e-45,True,Upregulated,KIF26B,kinesin family member 26B,KIF26B
241031_at,6.215601347787235,2.67323905958,3.5423622882072348,13.779033026316576,1.613272434552987e-26,3.620002968913932e-25,True,Upregulated,C2CD4A,C2 calcium-dependent domain containing 4A,C2CD4A
223229_at,7.628215880499999,4.08661432126,3.541601559239999,21.46653908741835,1.0387042495412651e-45,1.4072480293659066e-43,True,Upregulated,UBE2T,ubiquitin-conjugating enzyme E2T (putative),UBE2T
203889_at,7.701335121797872,4.163431854190001,3.537903267607871,12.489975571130854,2.3440720903195008e-25,4.772076512109185e-24,True,Upregulated,SCG5,secretogranin V (7B2 protein),SCG5
210052_s_at,6.695670681095745,3.164542810490001,3.531127870605744,17.217943058073473,1.1236663699267365e-33,4.7253728985832253e-32,True,Upregulated,TPX2,"TPX2, microtubule-associated",TPX2
202705_at,7.740175134755318,4.20997055122,3.530204583535318,19.688482117968146,2.997983893960311e-44,3.409081643140577e-42,True,Upregulated,CCNB2,cyclin B2,CCNB2
206134_at,8.05425957069149,4.52662652587,3.5276330448214903,10.970074055796314,1.004040567507875e-21,1.4860574013202687e-20,True,Upregulated,ADAMDEC1,"ADAM-like, decysin 1",ADAMDEC1
244780_at,8.850409531212765,5.3235851107,3.5268244205127655,15.689500439916024,6.496975726569263e-35,3.089711197429305e-33,True,Upregulated,SGPP2,sphingosine-1-phosphate phosphatase 2,SGPP2
227452_at,7.266037396074467,3.74309517479,3.522942221284467,17.902025295262188,1.1147654051563506e-39,8.224797267728322e-38,True,Upregulated,LINC00511,long intergenic non-protein coding RNA 511 /// long intergenic non-protein coding RNA 673,LINC00511
209714_s_at,7.142623467042554,3.6512947246399996,3.4913287424025548,16.237324302704085,1.5126518852483323e-33,6.292304276872916e-32,True,Upregulated,CDKN3,cyclin-dependent kinase inhibitor 3,CDKN3
209921_at,7.867690288893617,4.39379951778,3.4738907711136173,12.360700346655296,7.703188350739421e-24,1.3683080866343147e-22,True,Upregulated,SLC7A11,"solute carrier family 7 (anionic amino acid transporter light chain, xc- system), member 11",SLC7A11
204825_at,7.42447692087234,3.95546073463,3.4690161862423396,18.548046892407644,5.1968790741687165e-39,3.6827317244168456e-37,True,Upregulated,MELK,maternal embryonic leucine zipper kinase,MELK
203358_s_at,7.209913946244682,3.7507744709200006,3.4591394753246814,22.672846359993482,9.988199499301554e-51,2.1318464217041008e-48,True,Upregulated,EZH2,enhancer of zeste 2 polycomb repressive complex 2 subunit,EZH2
204962_s_at,6.290477104297872,2.8588716884400003,3.4316054158578715,16.972246501956217,6.415740049258685e-33,2.5261859025580354e-31,True,Upregulated,CENPA,"centromere protein A /// solute carrier family 35, member F6",CENPA
206102_at,7.6508609451595735,4.24049491761,3.410366027549573,20.223076703885262,3.712239600537771e-45,4.753964741774394e-43,True,Upregulated,GINS1,GINS complex subunit 1 (Psf1 homolog),GINS1
202503_s_at,9.556326239936173,6.170875777450001,3.3854504624861717,19.562905885326582,1.806787207543577e-47,2.8751436906786636e-45,True,Upregulated,KIAA0101,KIAA0101,KIAA0101
235763_at,6.531249471117022,3.15389093406,3.3773585370570216,11.627070130254394,1.1433901697220751e-21,1.682582316516321e-20,True,Upregulated,SLC44A5,"solute carrier family 44, member 5",SLC44A5
208161_s_at,9.798892903478723,6.4310712405100015,3.367821662968722,17.79077973427434,2.7667091845986826e-37,1.6795735914540037e-35,True,Upregulated,ABCC3,"ATP-binding cassette, sub-family C (CFTR/MRP), member 3",ABCC3
242881_x_at,6.424416180957446,3.06045665683,3.3639595241274463,15.294086014770825,1.0431346030429996e-29,3.1032100530570124e-28,True,Upregulated,BC017398,"Homo sapiens, clone IMAGE:3932143, mRNA. ///  /// Homo sapiens, clone IMAGE:3932143, mRNA. /// double homeobox A pseudogene 10 ///",BC017398
203820_s_at,6.964429672595746,3.6044311011099994,3.3599985714857468,12.804529358197573,4.421867540027517e-23,7.388461245974527e-22,True,Upregulated,IGF2BP3,insulin-like growth factor 2 mRNA binding protein 3,IGF2BP3
203755_at,6.625291961904257,3.2707673984599994,3.354524563444258,18.7432499581104,5.179232579451177e-41,4.3189178840055966e-39,True,Upregulated,BUB1B,BUB1 mitotic checkpoint serine/threonine kinase B,BUB1B
202311_s_at,9.617967069265957,6.270963705730001,3.347003363535956,12.598493915684093,1.3302286876274588e-26,3.0093990650827105e-25,True,Upregulated,COL1A1,"collagen, type I, alpha 1",COL1A1
228347_at,7.982215256074469,4.66952830402,3.3126869520544693,11.288120016767389,1.0479833100063875e-22,1.6942239348362955e-21,True,Upregulated,SIX1,SIX homeobox 1,SIX1
226777_at,6.070194596680851,2.77631911629,3.2938754803908514,13.143622919688914,1.785245653909795e-25,3.683207623367558e-24,True,Upregulated,ADAM12,ADAM metallopeptidase domain 12,ADAM12
225655_at,6.398015496351063,3.15469062348,3.2433248728710633,19.718209412130737,4.99071856626998e-42,4.466402475963347e-40,True,Upregulated,UHRF1,ubiquitin-like with PHD and ring finger domains 1,UHRF1
1569003_at,9.482748371542554,6.24306785549,3.2396805160525544,14.375288315361109,7.945815616381678e-31,2.594861194551943e-29,True,Upregulated,VMP1,vacuole membrane protein 1,VMP1
210387_at,5.988856270223403,2.75823638192,3.2306198883034027,13.585192604705345,4.4479096374178285e-25,8.776055310277158e-24,True,Upregulated,HIST1H2BG,"histone cluster 1, H2bg /// histone cluster 1, H2bj",HIST1H2BG
223484_at,10.883133315691488,7.6611911287,3.2219421869914884,13.880663091645918,1.0457338045230353e-29,3.109222687124156e-28,True,Upregulated,C15orf48,chromosome 15 open reading frame 48,C15orf48
238320_at,7.594469770659573,4.39942848384,3.1950412868195723,9.470688104446387,6.371347784653787e-16,5.623388774948943e-15,True,Upregulated,MIR612,microRNA 612 /// nuclear paraspeckle assembly transcript 1 (non-protein coding),MIR612
224428_s_at,8.741559624021274,5.565386416849999,3.176173207171275,17.22270424792358,6.274454847372341e-40,4.733209374765339e-38,True,Upregulated,CDCA7,cell division cycle associated 7,CDCA7
219990_at,5.443451209329788,2.2675061665099996,3.175945042819788,20.718934581785803,4.002595941140057e-37,2.3947010599572762e-35,True,Upregulated,E2F8,E2F transcription factor 8,E2F8
214710_s_at,7.860969461702125,4.722031397009999,3.138938064692126,18.457643069547622,4.96104042902281e-38,3.2580527535460426e-36,True,Upregulated,CCNB1,cyclin B1,CCNB1
209529_at,8.612949848893617,5.482243313720001,3.1307065351736165,18.544406388948243,1.7514378722993471e-43,1.8185875945848008e-41,True,Upregulated,PPAP2C,phosphatidic acid phosphatase type 2C,PPAP2C
216548_x_at,6.291736885287235,3.1674688935400006,3.1242679917472342,18.61627138466498,3.2878006265005345e-36,1.7826375453322354e-34,True,Upregulated,HMGB3P1,high mobility group box 3 pseudogene 1,HMGB3P1
1553413_at,5.344471484212765,2.2211252375699995,3.123346246642766,8.817929801098595,6.419272597774614e-14,4.638191777860094e-13,True,Upregulated,FLJ13744,uncharacterized FLJ13744,FLJ13744
222958_s_at,5.590268806542554,2.47091704712,3.1193517594225537,15.269265657227312,1.7625172668433727e-28,4.706988764371283e-27,True,Upregulated,DEPDC1,DEP domain containing 1,DEPDC1
218002_s_at,9.108180493734045,6.00771250465,3.100467989084045,8.34687836982116,4.353720617367282e-14,3.2016573301301153e-13,True,Upregulated,CXCL14,chemokine (C-X-C motif) ligand 14,CXCL14
220334_at,5.762079044276596,2.6640200730400005,3.098058971236595,13.146113534582035,2.6009672674397156e-23,4.420082952496447e-22,True,Upregulated,RGS17,regulator of G-protein signaling 17,RGS17
209408_at,5.618442516851065,2.52409853391,3.094343982941065,16.244537881078994,4.5016134405685425e-30,1.383564460082398e-28,True,Upregulated,KIF2C,kinesin family member 2C,KIF2C
241994_at,5.420512385106382,2.33785456023,3.082657824876382,13.629995515819473,6.567271405677518e-24,1.1731227493383294e-22,True,Upregulated,XDH,xanthine dehydrogenase,XDH
231647_s_at,6.463748237627659,3.381781501759999,3.0819667358676597,11.659962244790464,1.3875069569724319e-22,2.2164671573424183e-21,True,Upregulated,FCRL5,Fc receptor-like 5,FCRL5
206364_at,5.898624093425533,2.8417455394200006,3.0568785540055323,17.340451226647495,4.078825164216089e-34,1.7967542201681125e-32,True,Upregulated,KIF14,kinesin family member 14,KIF14
208079_s_at,7.690758722861702,4.637588426490001,3.053170296371701,18.76280015994487,1.3862001728307824e-40,1.1161401571238991e-38,True,Upregulated,AURKA,aurora kinase A,AURKA
204822_at,5.729038392893616,2.6778173591999996,3.0512210336936167,16.689133032539853,6.831468537296164e-33,2.6761643608667986e-31,True,Upregulated,TTK,TTK protein kinase,TTK
203559_s_at,5.281766913340426,2.2436050687,3.0381618446404257,9.683582693182913,9.279104323517975e-16,8.062777142887525e-15,True,Upregulated,AOC1,"amine oxidase, copper containing 1",AOC1
218542_at,5.906839863744679,2.88782892021,3.019010943534679,17.370595086968326,7.493120010011045e-36,3.920476195121148e-34,True,Upregulated,CEP55,centrosomal protein 55kDa,CEP55
238439_at,8.447483453095744,5.429607933500002,3.0178755195957425,13.541389853021329,1.7513615292060621e-28,4.679519682557241e-27,True,Upregulated,ANKRD22,ankyrin repeat domain 22,ANKRD22
242283_at,6.377459309446809,3.384542726770001,2.992916582676808,22.444294516139458,2.8785865695973037e-43,2.9102943088789583e-41,True,Upregulated,DNAH14,"dynein, axonemal, heavy chain 14",DNAH14
220057_at,8.379609715851062,5.39557988304,2.9840298328110624,10.07273163593764,4.075936650982274e-17,3.993957527960149e-16,True,Upregulated,XAGE1B,"X antigen family, member 1B /// X antigen family, member 1E",XAGE1B
206561_s_at,5.3185895681382975,2.3701740674600003,2.9484155006782973,6.878445696228337,5.52949162300021e-10,2.6786385340420545e-09,True,Upregulated,AKR1B10,"aldo-keto reductase family 1, member B10 (aldose reductase)",AKR1B10
1555878_at,8.11200096469149,5.177292660520001,2.9347083041714885,17.865609665504117,1.1051805915499324e-42,1.0483817159983186e-40,True,Upregulated,RPS24,ribosomal protein S24,RPS24
204444_at,6.517529774787235,3.61867564421,2.898854130577235,16.597344766371453,1.1978732711960055e-35,6.147787382113393e-34,True,Upregulated,KIF11,kinesin family member 11,KIF11
217771_at,11.098740714712763,8.22083802763,2.877902687082763,22.113633397300728,1.3716816760090426e-51,3.3083977859113167e-49,True,Upregulated,GOLM1,golgi membrane protein 1,GOLM1
219888_at,6.973795025978722,4.096212589009999,2.877582436968723,16.493162202024344,2.905293612841329e-37,1.757751656471133e-35,True,Upregulated,SPAG4,sperm associated antigen 4,SPAG4
209642_at,6.068546724606383,3.2247035579000003,2.843843166706383,15.161081195872837,6.471964433248795e-30,1.9633450592595582e-28,True,Upregulated,BUB1,BUB1 mitotic checkpoint serine/threonine kinase,BUB1
206315_at,7.467874259340426,4.63458954807,2.8332847112704256,8.424723642994904,1.2702524698690283e-13,8.911151603544484e-13,True,Upregulated,CRLF1,cytokine receptor-like factor 1,CRLF1
219105_x_at,7.390748951734044,4.570166994379999,2.8205819573540447,19.230244519089503,1.3493098326259846e-41,1.1705480428648582e-39,True,Upregulated,ORC6,"origin recognition complex, subunit 6",ORC6
223798_at,5.997309801563829,3.1781719558500003,2.8191378457138287,18.831330346265105,6.860954379145303e-41,5.6685605566314794e-39,True,Upregulated,SLC41A2,"solute carrier family 41 (magnesium transporter), member 2",SLC41A2
217109_at,8.2928427185,5.475816627330001,2.817026091169998,8.692506413384011,4.564950483722267e-15,3.7117222481857274e-14,True,Upregulated,MUC4,"mucin 4, cell surface associated",MUC4
219010_at,9.576679279340425,6.764159569580001,2.8125197097604238,20.087240998883377,9.801171405865213e-42,8.585762300258408e-40,True,Upregulated,C1orf106,chromosome 1 open reading frame 106,C1orf106
226980_at,5.542297224319148,2.7353143374299997,2.806982886889148,15.751120509448745,8.63030492661083e-30,2.591789954118873e-28,True,Upregulated,DEPDC1B,DEP domain containing 1B,DEPDC1B
203256_at,7.857611798574467,5.05262173395,2.8049900646244676,12.586557565710423,3.5823443617377316e-25,7.13893937904504e-24,True,Upregulated,CDH3,"cadherin 3, type 1, P-cadherin (placental)",CDH3
231849_at,7.295955819436171,4.49258202402,2.803373795416171,16.17854902801208,5.503114196690679e-34,2.3850966976889998e-32,True,Upregulated,KRT80,keratin 80,KRT80
229152_at,6.401339531127659,3.60479376973,2.796545761397659,8.417922528808203,2.3771820773949023e-14,1.7945138977510487e-13,True,Upregulated,FDCSP,follicular dendritic cell secreted protein,FDCSP
204988_at,5.021347999468085,2.2256897045099997,2.795658294958085,6.984160738876798,4.1873599947465843e-10,2.051756806754485e-09,True,Upregulated,FGB,fibrinogen beta chain,FGB
205221_at,5.5720267036170235,2.7779375668800004,2.794089136737023,9.875634706790962,3.2930233923788815e-16,2.979787284362223e-15,True,Upregulated,HGD,"homogentisate 1,2-dioxygenase",HGD
227055_at,6.013963668478725,3.2199822006499996,2.7939814678287256,13.081704966125931,1.343780841948205e-24,2.546744057964276e-23,True,Upregulated,METTL7B,methyltransferase like 7B,METTL7B
210559_s_at,7.475190550670213,4.6844447052,2.790745845470213,15.713443810923462,6.370114708411277e-33,2.5100585326491498e-31,True,Upregulated,CDK1,cyclin-dependent kinase 1,CDK1
218355_at,5.202067451531915,2.41995336453,2.7821140870019154,14.59564272070675,1.5255376030798926e-26,3.431725868643041e-25,True,Upregulated,KIF4A,kinesin family member 4A,KIF4A
203936_s_at,8.936506672585107,6.15735274766,2.779153924925107,13.41096108591222,3.661063594821982e-29,1.0352995084705317e-27,True,Upregulated,MMP9,"matrix metallopeptidase 9 (gelatinase B, 92kDa gelatinase, 92kDa type IV collagenase)",MMP9
210519_s_at,11.230670682904254,8.45957664677,2.7710940361342544,13.921772592174616,3.118376675669903e-28,8.134093495518012e-27,True,Upregulated,NQO1,"NAD(P)H dehydrogenase, quinone 1",NQO1
1554897_s_at,5.5202537258617035,2.7496358027900003,2.770617923071703,18.833710974630797,1.6358128815357163e-36,9.174539274898856e-35,True,Upregulated,RHBDL2,"rhomboid, veinlet-like 2 (Drosophila)",RHBDL2
1552797_s_at,8.170484298776595,5.4011325778999995,2.769351720876595,16.11908143924639,8.674146390360629e-35,4.0604668211656814e-33,True,Upregulated,PROM2,prominin 2,PROM2
206859_s_at,4.983194373053191,2.2164891343399997,2.7667052387131914,7.694846415756449,1.4634038942836848e-11,8.339758620252413e-11,True,Upregulated,PAEP,progestagen-associated endometrial protein,PAEP
205328_at,5.63522314669149,2.86887193567,2.76635121102149,8.140553690047634,9.431682893533563e-13,6.0463944709367844e-12,True,Upregulated,CLDN10,claudin 10,CLDN10
242260_at,5.869279042946809,3.1038719993,2.7654070436468094,15.821164907723187,3.861496244385353e-30,1.190908469039625e-28,True,Upregulated,MATR3,matrin 3,MATR3
218009_s_at,7.60281162301064,4.847235960090001,2.7555756629206396,16.327859608967888,1.8829937772343274e-34,8.510815403556768e-33,True,Upregulated,PRC1,protein regulator of cytokinesis 1,PRC1
228592_at,8.745979938010636,6.0044761838500005,2.741503754160636,8.043627914424624,9.509477496012925e-14,6.753951625518965e-13,True,Upregulated,MS4A1,"membrane-spanning 4-domains, subfamily A, member 1",MS4A1
221521_s_at,7.183559726585106,4.45241641834,2.7311433082451053,16.487501276381515,9.417639938327999e-35,4.393210596035644e-33,True,Upregulated,GINS2,GINS complex subunit 2 (Psf2 homolog),GINS2
218039_at,9.039348293489361,6.308431419340001,2.7309168741493606,19.816302486025346,2.9542320648910186e-46,4.2714066086620515e-44,True,Upregulated,NUSAP1,nucleolar and spindle associated protein 1,NUSAP1
219983_at,5.063041979595744,2.3385838340199996,2.7244581455757446,11.318896710884303,3.088636308052336e-19,3.6729027739310845e-18,True,Upregulated,HRASLS,HRAS-like suppressor,HRASLS
218755_at,5.758589134436169,3.0352725538400005,2.723316580596168,17.062404724345914,1.2743786399483494e-35,6.515563643370904e-34,True,Upregulated,KIF20A,kinesin family member 20A,KIF20A
204653_at,5.526924491446808,2.8050647941600007,2.721859697286807,11.9225629956934,4.676577253735809e-21,6.533360627777512e-20,True,Upregulated,TFAP2A,transcription factor AP-2 alpha (activating enhancer binding protein 2 alpha),TFAP2A
214774_x_at,9.58704363244681,6.8727151179299995,2.7143285145168097,9.82993891358821,5.447788023313251e-17,5.275742287035047e-16,True,Upregulated,TOX3,TOX high mobility group box family member 3,TOX3
218662_s_at,7.6410175433404275,4.927536390149999,2.713481153190428,16.677219960331005,7.085995886809713e-36,3.718315851394607e-34,True,Upregulated,NCAPG,"non-SMC condensin I complex, subunit G",NCAPG
209803_s_at,10.941987428989362,8.230509958459999,2.7114774705293634,17.45576315813374,1.8141175109109614e-41,1.5562061314490745e-39,True,Upregulated,PHLDA2,"pleckstrin homology-like domain, family A, member 2",PHLDA2
219936_s_at,5.142313736212766,2.4360838898500004,2.7062298463627656,9.118861400239837,6.041484417131536e-15,4.856483049765906e-14,True,Upregulated,GPR87,G protein-coupled receptor 87,GPR87
229802_at,7.576581934787234,4.8782680782100005,2.6983138565772338,11.184687309362191,1.5313460681721907e-22,2.434672764490377e-21,True,Upregulated,WISP1,WNT1 inducible signaling pathway protein 1,WISP1
239586_at,6.879000722553191,4.1864322538900005,2.6925684686631906,14.873944115419043,1.1977108893095739e-26,2.7227420918176135e-25,True,Upregulated,FAM83A,"family with sequence similarity 83, member A",FAM83A
220030_at,5.772619342989361,3.0815248380299995,2.6910945049593615,15.9438737960509,2.6713809032594974e-31,9.093854003969325e-30,True,Upregulated,STYK1,serine/threonine/tyrosine kinase 1,STYK1
222039_at,6.549078406946809,3.8701558657499997,2.6789225411968096,14.128610222656816,5.008650928936707e-26,1.0754303347855878e-24,True,Upregulated,KIF18B,kinesin family member 18B,KIF18B
205034_at,6.702782504904258,4.040994413659999,2.661788091244259,15.801916869913624,6.468313156149893e-32,2.319364609444521e-30,True,Upregulated,CCNE2,cyclin E2,CCNE2
203878_s_at,5.4460163120851055,2.8015302275100002,2.6444860845751053,10.560017440424915,5.834042103176013e-18,6.194034515622287e-17,True,Upregulated,MMP11,matrix metallopeptidase 11 (stromelysin 3),MMP11
204026_s_at,9.191384045542554,6.553976670039998,2.6374073755025558,19.0309917336095,9.313520728841163e-44,1.0048911832421707e-41,True,Upregulated,ZWINT,ZW10 interacting kinetochore protein,ZWINT
205394_at,5.11696090962766,2.5038463501100003,2.6131145595176597,14.198297273152829,4.142920225888004e-26,8.959835435046731e-25,True,Upregulated,CHEK1,checkpoint kinase 1,CHEK1
220658_s_at,5.421986671255318,2.81760065399,2.6043860172653184,12.169825282895628,4.829721059756585e-23,8.042457489785377e-22,True,Upregulated,ARNTL2,aryl hydrocarbon receptor nuclear translocator-like 2,ARNTL2
226456_at,6.814065412627659,4.22429422232,2.5897711903076592,19.195072834871564,3.0395438963879365e-39,2.1827090522179113e-37,True,Upregulated,RMI2,RecQ mediated genome instability 2,RMI2
218326_s_at,9.4768676703617,6.89125053977,2.585617130591701,17.718240168229112,5.0483406344580475e-39,3.5821906248675533e-37,True,Upregulated,LGR4,leucine-rich repeat containing G protein-coupled receptor 4,LGR4
203145_at,5.129710422978723,2.54551164084,2.5841987821387233,17.253704990741106,1.0297468473311149e-31,3.636635845735479e-30,True,Upregulated,SPAG5,sperm associated antigen 5,SPAG5
223861_at,4.803853639627659,2.2325379472300004,2.571315692397659,8.012476713834264,3.1344221091846305e-12,1.909047985104796e-11,True,Upregulated,HORMAD1,HORMA domain containing 1,HORMAD1
238632_at,6.041922101287232,3.4789842641699993,2.562937837117233,10.618549167667966,1.3472559031882808e-19,1.6582037988303173e-18,True,Upregulated,RP11-44F21.5,,RP11-44F21.5
218883_s_at,9.010830410180851,6.450123576979999,2.560706833200852,17.839711953089243,2.0048262268802745e-41,1.7143335999838226e-39,True,Upregulated,CENPU,centromere protein U,CENPU
218796_at,7.696082315797871,5.14914778729,2.5469345285078715,16.434322829444483,1.8151006794253682e-32,6.860646882893384e-31,True,Upregulated,FERMT1,fermitin family member 1,FERMT1
204162_at,6.630472441638297,4.09750755872,2.5329648829182965,16.034591284245106,8.522593379391811e-34,3.6179653315230305e-32,True,Upregulated,NDC80,NDC80 kinetochore complex component,NDC80
226930_at,6.4261305955744685,3.90199988374,2.5241307118344687,10.187743743010383,5.71893478916864e-19,6.652219432747068e-18,True,Upregulated,FNDC1,fibronectin type III domain containing 1,FNDC1
212531_at,10.451095454095745,7.92916437611,2.5219310779857445,8.195208534536949,4.0027627025469194e-14,2.9540696311634e-13,True,Upregulated,LCN2,lipocalin 2,LCN2
204268_at,7.842661875446808,5.322326261350001,2.5203356140968074,8.766594961213073,1.1321641200469328e-15,9.75405724184596e-15,True,Upregulated,S100A2,S100 calcium binding protein A2,S100A2
1569886_a_at,4.7934531296170215,2.2743805679299998,2.5190725616870218,7.45902597361374,4.10268894982822e-11,2.236189986374753e-10,True,Upregulated,GLB1L3,"galactosidase, beta 1-like 3",GLB1L3
223307_at,6.5174686200957455,4.00321154837,2.514257071725745,15.447469065843933,2.1874126516334506e-29,6.294926531875696e-28,True,Upregulated,CDCA3,cell division cycle associated 3,CDCA3
222380_s_at,6.909082103882979,4.402375805689999,2.50670629819298,13.056376755887777,3.818457551979495e-25,7.592589940509025e-24,True,Upregulated,PDCD6,programmed cell death 6,PDCD6
229276_at,5.350718201095745,2.85479582851,2.495922372585745,16.413522725634415,9.2371495104845e-30,2.7647708601609313e-28,True,Upregulated,IGSF9,"immunoglobulin superfamily, member 9",IGSF9
223687_s_at,6.608234648585105,4.1132567369599995,2.4949779116251056,7.931970440208911,2.3706805850786724e-12,1.4620030872411402e-11,True,Upregulated,LY6K,"lymphocyte antigen 6 complex, locus K",LY6K
218726_at,5.026531897882979,2.53217088459,2.4943610132929788,14.937549376526418,2.8096089150396817e-27,6.761414993482073e-26,True,Upregulated,HJURP,Holliday junction recognition protein,HJURP
219493_at,6.81020606507447,4.31652479327,2.49368127180447,15.090704200374267,4.235037322872501e-33,1.6986257826101442e-31,True,Upregulated,SHCBP1,SHC SH2-domain binding protein 1,SHCBP1
203362_s_at,9.392931566351063,6.89983396633,2.4930976000210627,15.780590994489856,2.798083474909215e-33,1.140998618509985e-31,True,Upregulated,MAD2L1,MAD2 mitotic arrest deficient-like 1 (yeast),MAD2L1
1555829_at,6.417934593202126,3.9361515672399996,2.4817830259621267,14.083472122985217,1.5099650757830394e-28,4.052643790721884e-27,True,Upregulated,ESYT2,extended synaptotagmin-like protein 2,ESYT2
215123_at,7.919270441000001,5.443221587910001,2.47604885309,10.558711505276294,8.32981693715161e-21,1.1400191699278284e-19,True,Upregulated,LOC101929910,"nuclear pore complex-interacting protein family member B4-like /// nuclear pore complex interacting protein pseudogene /// nuclear pore complex interacting protein family, member A5 /// nuclear pore complex interacting protein family, member B3 /// nuclear pore complex interacting protein family, member B4 /// nuclear pore complex interacting protein family, member B5",LOC101929910
239594_at,4.784469131276596,2.31211928349,2.4723498477865964,8.292155532563608,7.14487056460949e-13,4.635074275576963e-12,True,Upregulated,LOC145837,uncharacterized LOC145837,LOC145837
224839_s_at,6.042444215585108,3.575773199710001,2.466671015875107,13.841225447465703,1.6418910183152006e-24,3.092113106131001e-23,True,Upregulated,GPT2,glutamic pyruvate transaminase (alanine aminotransferase) 2,GPT2
222646_s_at,10.76564076694681,8.29965999857,2.4659807683768094,19.23305385885466,3.1031843568452286e-39,2.2254383175636997e-37,True,Upregulated,ERO1L,ERO1-like (S. cerevisiae),ERO1L
219874_at,6.899108236670214,4.433543160229999,2.465565076440215,15.387024491040133,8.933978024666866e-33,3.4545143208823294e-31,True,Upregulated,SLC12A8,"solute carrier family 12, member 8",SLC12A8
206513_at,7.676216528446807,5.211834903529999,2.4643816249168085,10.327714072137056,4.452545885733183e-19,5.2209425116643775e-18,True,Upregulated,AIM2,absent in melanoma 2,AIM2
204430_s_at,5.066101496244681,2.6115489685199997,2.454552527724681,14.459147140952837,9.906210375348536e-29,2.704646859129423e-27,True,Upregulated,SLC2A5,"solute carrier family 2 (facilitated glucose/fructose transporter), member 5",SLC2A5
232458_at,6.55868383855319,4.106440715249999,2.452243123303191,10.359940914407598,1.9968583574699556e-19,2.4211682510117006e-18,True,Upregulated,COL3A1,"collagen, type III, alpha 1",COL3A1
232271_at,4.752902225170212,2.30593488434,2.446967340830212,14.037880947222694,4.911043870286605e-25,9.650909960074363e-24,True,Upregulated,HNF4G,"hepatocyte nuclear factor 4, gamma",HNF4G
1554408_a_at,6.826330285329788,4.381545366619999,2.4447849187097885,16.80030685859879,4.1794271864474984e-35,2.023354371289515e-33,True,Upregulated,TK1,"thymidine kinase 1, soluble",TK1
214023_x_at,5.3682909462553186,2.92847045004,2.4398204962153187,8.10986563790169,1.4842502367005588e-12,9.3403396783873e-12,True,Upregulated,TUBB2B,"tubulin, beta 2B class IIb",TUBB2B
230193_at,6.595213514138298,4.15681619021,2.4383973239282986,7.174935279494113,4.690170858988704e-11,2.539415440120459e-10,True,Upregulated,WDR66,WD repeat domain 66,WDR66
201250_s_at,6.059682560457445,3.6257319219899995,2.433950638467446,14.353224295161276,1.1064048091518073e-25,2.316430092060689e-24,True,Upregulated,SLC2A1,"solute carrier family 2 (facilitated glucose transporter), member 1",SLC2A1
222040_at,7.4474313714680855,5.01349108625,2.4339402852180854,14.481328203392962,1.02703899888e-31,3.629455952283816e-30,True,Upregulated,HNRNPA1,heterogeneous nuclear ribonucleoprotein A1,HNRNPA1
228057_at,5.240143964765958,2.80879190317,2.4313520615959576,10.37539300958329,1.227763725149547e-17,1.2640983866939803e-16,True,Upregulated,DDIT4L,DNA-damage-inducible transcript 4-like,DDIT4L
239001_at,5.186345693202128,2.7615431598699995,2.4248025333321284,12.853899270383456,1.3415207641077588e-23,2.336626807587432e-22,True,Upregulated,MGST1,microsomal glutathione S-transferase 1,MGST1
201387_s_at,7.611552475563829,5.187027709740001,2.4245247658238283,9.050095417658122,2.232229982322376e-15,1.8724691489268764e-14,True,Upregulated,UCHL1,ubiquitin carboxyl-terminal esterase L1 (ubiquitin thiolesterase),UCHL1
206254_at,4.90254859612766,2.4782205722600006,2.424328023867659,11.708919969302032,4.352279957858276e-20,5.595955697010363e-19,True,Upregulated,EGF,epidermal growth factor,EGF
214291_at,6.401481003117022,3.9837064829399993,2.4177745201770224,15.732942081749403,5.355627127665441e-35,2.5696499615398158e-33,True,Upregulated,RPL17,"ribosomal protein L17 /// RPL17-C18orf32 readthrough /// small nucleolar RNA, C/D box 58A /// small nucleolar RNA, C/D box 58B /// small nucleolar RNA, C/D box 58C",RPL17
231008_at,7.068954966648937,4.652005634449999,2.4169493321989375,15.592360511538297,1.1999337654531062e-28,3.251367128899787e-27,True,Upregulated,UNC5CL,unc-5 homolog C (C. elegans)-like,UNC5CL
215565_at,6.434608750478724,4.02115101385,2.4134577366287244,9.085463912039602,7.260664392137666e-16,6.370670391443989e-15,True,Upregulated,LOC101929272,uncharacterized LOC101929272,LOC101929272
205513_at,4.736425997095745,2.32345762489,2.412968372205745,7.152313964387062,1.5085917686882417e-10,7.749867895956615e-10,True,Upregulated,TCN1,"transcobalamin I (vitamin B12 binding protein, R binder family)",TCN1
237086_at,5.262005671457447,2.8522999412,2.409705730257447,11.076323053656772,6.195215794577184e-20,7.8533084309952485e-19,True,Upregulated,FOXA1,forkhead box A1,FOXA1
201195_s_at,8.201307913106383,5.797290359460002,2.4040175536463817,13.336524778709949,2.8835189555387363e-28,7.558135991355091e-27,True,Upregulated,SLC7A5,"solute carrier family 7 (amino acid transporter light chain, L system), member 5",SLC7A5
218782_s_at,6.759767787031916,4.35760975611,2.4021580309219166,14.632138699547069,1.216112770611967e-28,3.291889354813047e-27,True,Upregulated,ATAD2,"ATPase family, AAA domain containing 2",ATAD2
231956_at,8.373630284978722,5.9738702565,2.399760028478722,11.040430419386176,6.80557221521398e-21,9.395392894442997e-20,True,Upregulated,RNF213,ring finger protein 213,RNF213
204401_at,6.691011191074468,4.29138688106,2.3996243100144676,13.052000852443483,3.4129643651499822e-25,6.824152466318102e-24,True,Upregulated,KCNN4,"potassium intermediate/small conductance calcium-activated channel, subfamily N, member 4",KCNN4
205009_at,4.6534928514042555,2.25708165111,2.3964112002942555,6.782715220332341,1.0550968787870101e-09,4.981516917348852e-09,True,Upregulated,TFF1,trefoil factor 1,TFF1
206224_at,4.892317515468085,2.4963531199300006,2.3959643955380847,8.544271962416358,1.0616528941716955e-13,7.505528728433072e-13,True,Upregulated,CST1,cystatin SN,CST1
218644_at,5.921326488957445,3.528541244809999,2.3927852441474458,14.806777818874135,1.5730071255214438e-28,4.2176351571932396e-27,True,Upregulated,PLEK2,pleckstrin 2,PLEK2
205267_at,9.184232137159576,6.796016694829999,2.388215442329577,8.027373474017855,1.1541549122947074e-13,8.129567327486005e-13,True,Upregulated,LOC101928620,uncharacterized LOC101928620 /// POU class 2 associating factor 1,LOC101928620
229899_s_at,6.0457420087340425,3.6579994235400006,2.387742585194042,14.123361333127493,9.486171168250367e-27,2.180441036134676e-25,True,Upregulated,ZFAS1,ZNFX1 antisense RNA 1,ZFAS1
213459_at,6.90360062255319,4.51642221058,2.3871784119731903,14.388232061425297,1.1230001882927467e-31,3.945244162476399e-30,True,Upregulated,RPL37A,ribosomal protein L37a,RPL37A
212172_at,5.842085655553191,3.4638012768500004,2.378284378703191,10.830233755652051,1.4894094162501829e-18,1.6710341022618343e-17,True,Upregulated,AK2,adenylate kinase 2,AK2
209035_at,10.250972768840425,7.872770415260001,2.3782023535804244,18.094911875171967,1.038879653994491e-37,6.550666010521419e-36,True,Upregulated,MDK,midkine (neurite growth-promoting factor 2),MDK
205997_at,8.574520569223404,6.19734380461,2.377176764613404,13.577191238071354,1.1599991722198016e-29,3.4394550979610944e-28,True,Upregulated,ADAM28,ADAM metallopeptidase domain 28,ADAM28
212353_at,10.058561516659577,7.68539984782,2.3731616688395762,10.885135530053162,6.249908619596067e-20,7.92077250267658e-19,True,Upregulated,SULF1,sulfatase 1,SULF1
212022_s_at,5.673155765776595,3.3004719996000005,2.372683766176595,14.106876385731292,2.064675192528429e-26,4.57940700640553e-25,True,Upregulated,MKI67,marker of proliferation Ki-67,MKI67
202148_s_at,8.972122519287236,6.6074519186900025,2.3646706005972336,26.792150576200306,1.6836714380206992e-53,5.234563697420886e-51,True,Upregulated,PYCR1,pyrroline-5-carboxylate reductase 1,PYCR1
1558290_a_at,7.629341783212764,5.275367844489999,2.353973938722765,17.8868018286444,1.5491786485511334e-38,1.0641650420302843e-36,True,Upregulated,MIR1204,microRNA 1204 /// Pvt1 oncogene (non-protein coding),MIR1204
203083_at,10.31182336669149,7.96200224005,2.3498211266414897,10.592689866602948,2.9266475095899345e-20,3.827198223943696e-19,True,Upregulated,THBS2,thrombospondin 2,THBS2
224753_at,5.8604367083085105,3.5134175280299997,2.3470191802785108,15.587966826238304,2.367889057790297e-30,7.434867534285399e-29,True,Upregulated,CDCA5,cell division cycle associated 5,CDCA5
217626_at,4.777647655319148,2.4346119479999997,2.3430357073191486,6.591101862221708,2.400271639399015e-09,1.0883578687971288e-08,True,Upregulated,AKR1C1,"aldo-keto reductase family 1, member C1",AKR1C1
226226_at,9.18475332356383,6.846463808999999,2.338289514563831,13.577853429706067,2.2580056693664138e-26,4.985594947969702e-25,True,Upregulated,TMEM45B,transmembrane protein 45B,TMEM45B
204675_at,8.340447442925534,6.01458019353,2.325867249395534,18.633523334033452,1.0481234516147225e-37,6.593493329654908e-36,True,Upregulated,SRD5A1,"steroid-5-alpha-reductase, alpha polypeptide 1 (3-oxo-5 alpha-steroid delta 4-dehydrogenase alpha 1)",SRD5A1
209464_at,4.713842672851064,2.38841141252,2.3254312603310643,13.305742824585016,1.342296583926051e-23,2.337221238687167e-22,True,Upregulated,AURKB,aurora kinase B,AURKB
220035_at,5.393592100797872,3.0694819173400005,2.3241101834578717,13.911459997487421,9.42410458720382e-28,2.359799298544435e-26,True,Upregulated,NUP210,nucleoporin 210kDa,NUP210
231882_at,6.834847947787234,4.5150802496799995,2.319767698107235,11.243747666200758,7.19521642829377e-21,9.912958781050427e-20,True,Upregulated,AP000525.9,,AP000525.9
224279_s_at,5.023735966244681,2.70868229828,2.315053667964681,11.357123385737125,1.6913599889063027e-19,2.065187023003732e-18,True,Upregulated,CABYR,calcium binding tyrosine-(Y)-phosphorylation regulated,CABYR
1559258_a_at,4.534194899329787,2.2218478784499998,2.312347020879787,7.234510231902702,1.292373193829194e-10,6.69152720478408e-10,True,Upregulated,CT83,cancer/testis antigen 83,CT83
235927_at,6.913172497702128,4.60167318053,2.311499317172128,13.628814333066693,1.2446237914899094e-27,3.089217131937068e-26,True,Upregulated,XPO1,exportin 1,XPO1
213007_at,6.929093468351066,4.620224324899999,2.3088691434510675,17.62183143910735,4.048891436624448e-37,2.4197074978920283e-35,True,Upregulated,FANCI,"Fanconi anemia, complementation group I",FANCI
230831_at,4.736242771223403,2.43166673181,2.304576039413403,12.366108532587317,1.3803408100031602e-21,2.014735707105291e-20,True,Upregulated,FRMD5,FERM domain containing 5,FRMD5
238449_at,7.456105441202126,5.151663789750001,2.3044416514521258,12.158045731968944,8.747473602644908e-25,1.6809275283739158e-23,True,Upregulated,LOC440354,"Homo sapiens smg-1 homolog, phosphatidylinositol 3-kinase-related kinase (C. elegans) pseudogene (LOC440354), non-coding RNA. /// SMG1 pseudogene 5",LOC440354
229796_at,7.8544126421808516,5.55491633922,2.2994963029608515,13.647882070526919,1.4340361353976047e-29,4.221733310262483e-28,True,Upregulated,SIX4,SIX homeobox 4,SIX4
241762_at,4.741055374340425,2.4476976537799993,2.2933577205604254,11.589258663612132,3.620619438415418e-20,4.687978746138942e-19,True,Upregulated,FBXO32,F-box protein 32,FBXO32
205339_at,7.897644537085105,5.619366631359998,2.2782779057251066,20.737654831799585,4.753631942122458e-45,5.9738048513784705e-43,True,Upregulated,STIL,SCL/TAL1 interrupting locus,STIL
225834_at,7.396178876340423,5.11915487449,2.277024001850423,13.716032685283489,2.3599142608935904e-27,5.733078068492441e-26,True,Upregulated,FAM72A,"family with sequence similarity 72, member A /// family with sequence similarity 72, member B /// family with sequence similarity 72, member C /// family with sequence similarity 72, member D",FAM72A
227224_at,7.984433211063829,5.7141630775199985,2.2702701335438302,16.16916965357117,5.30015031706288e-37,3.1189702948965436e-35,True,Upregulated,RALGPS2,Ral GEF with PH domain and SH3 binding motif 2,RALGPS2
238070_at,6.088033295542553,3.8208165526199998,2.2672167429225536,12.365962185933508,3.323374817797681e-23,5.598216033512874e-22,True,Upregulated,CHD1L,chromodomain helicase DNA binding protein 1-like,CHD1L
204709_s_at,4.826661627414894,2.5606189281600003,2.2660426992548937,13.371008638162056,3.489100351451263e-24,6.365832818967355e-23,True,Upregulated,KIF23,kinesin family member 23,KIF23
1557527_at,6.988988718159574,4.72967592391,2.259312794249573,9.509463502544497,5.309077326123076e-17,5.146972477701077e-16,True,Upregulated,AX746823,"Homo sapiens cDNA FLJ33848 fis, clone CTONG2005567.",AX746823
222018_at,6.9776234230106375,4.71933046142,2.2582929615906373,14.414894768189013,3.4136407146716475e-32,1.2558555367943176e-30,True,Upregulated,NACA,nascent polypeptide-associated complex alpha subunit,NACA
239937_at,7.9812550815638295,5.725503503510001,2.255751578053829,12.876468636190067,1.6505098833349177e-26,3.6989301910438287e-25,True,Upregulated,ZNF207,zinc finger protein 207,ZNF207
223700_at,5.057284155404256,2.8027671641500005,2.2545169912542553,13.974115041400006,2.2018125290306096e-26,4.871521542017292e-25,True,Upregulated,MND1,meiotic nuclear divisions 1 homolog (S. cerevisiae),MND1
212913_at,5.44536045525532,3.1931274815,2.2522329737553197,12.104011943648846,1.8363144730725922e-23,3.1636133968187844e-22,True,Upregulated,MSH5-SAPCD1,MSH5-SAPCD1 readthrough (NMD candidate) /// suppressor APC domain containing 1,MSH5-SAPCD1
204318_s_at,4.97399181693617,2.7221333011599995,2.2518585157761706,14.532630079632911,1.1089243045392549e-26,2.528385020938888e-25,True,Upregulated,GTSE1,G-2 and S-phase expressed 1,GTSE1
228956_at,5.311363665265957,3.0673263864899996,2.2440372787759575,8.885416624868382,1.1605952153779905e-14,9.069268379241696e-14,True,Upregulated,UGT8,UDP glycosyltransferase 8,UGT8
200606_at,11.095089039904257,8.856763925780001,2.2383251141242564,10.337684984202259,2.68262881542945e-19,3.2121076016626983e-18,True,Upregulated,DSP,desmoplakin,DSP
202589_at,9.955962072659576,7.719224743679999,2.2367373289795767,15.366920499805435,8.171899604675545e-35,3.8286915691383176e-33,True,Upregulated,TYMS,thymidylate synthetase,TYMS
230650_at,4.73577695480851,2.49906110039,2.23671585441851,11.351337559906415,2.265517307004846e-19,2.7351989646366475e-18,True,Upregulated,SLCO5A1,"solute carrier organic anion transporter family, member 5A1",SLCO5A1
227174_at,5.397445587478724,3.1610436843400005,2.2364019031387232,7.264080792558419,4.538690580065309e-11,2.4608670518083944e-10,True,Upregulated,WDR72,WD repeat domain 72,WDR72
228582_x_at,8.235794394659575,6.00245679358,2.2333376010795742,8.723720940278563,8.751205617993112e-15,6.931119796338942e-14,True,Upregulated,MALAT1,metastasis associated lung adenocarcinoma transcript 1 (non-protein coding),MALAT1
219787_s_at,9.355467570680851,7.12425284907,2.2312147216108507,19.486727557645207,5.10379146003455e-41,4.2653066864658696e-39,True,Upregulated,ECT2,epithelial cell transforming 2,ECT2
204033_at,7.222952014840425,4.99434362841,2.228608386430425,9.515390721740546,7.853538394647962e-18,8.250203439346392e-17,True,Upregulated,TRIP13,thyroid hormone receptor interactor 13,TRIP13
214132_at,7.286111507531914,5.05895736773,2.2271541398019146,14.394021158634784,3.4891465012748275e-31,1.1729202107347992e-29,True,Upregulated,ATP5C1,"ATP synthase, H+ transporting, mitochondrial F1 complex, gamma polypeptide 1",ATP5C1
202712_s_at,5.079472053638298,2.8549656559299996,2.2245063977082986,10.482709937342854,7.6800558106126e-18,8.071111407378063e-17,True,Upregulated,CKMT1A,"creatine kinase, mitochondrial 1A /// creatine kinase, mitochondrial 1B",CKMT1A
205534_at,5.563605330617021,3.3480018188,2.215603511817021,9.471146237894576,9.591663035536792e-16,8.322264688326858e-15,True,Upregulated,PCDH7,protocadherin 7,PCDH7
209498_at,7.143601918393618,4.93790672997,2.2056951884236184,12.196328618143601,4.193855688426816e-24,7.615486902691584e-23,True,Upregulated,CEACAM1,carcinoembryonic antigen-related cell adhesion molecule 1 (biliary glycoprotein),CEACAM1
226622_at,8.982527702106383,6.777687792289997,2.2048399098163856,10.392820857026964,3.595863287711096e-19,4.24603957832775e-18,True,Upregulated,MUC20,"mucin 20, cell surface associated",MUC20
228579_at,6.530734276521277,4.32965537113,2.2010789053912765,13.234237150062773,9.947638784959766e-25,1.902039458541934e-23,True,Upregulated,KCNQ3,"potassium voltage-gated channel, KQT-like subfamily, member 3",KCNQ3
1556183_at,5.402243890372341,3.2043037279999997,2.197940162372341,11.241846306224737,3.0004155971563056e-20,3.918901245960395e-19,True,Upregulated,ANKRD36BP2,ankyrin repeat domain 36B pseudogene 2,ANKRD36BP2
220542_s_at,7.586984600808511,5.392019484410001,2.1949651163985093,4.179315126709247,4.554290917000547e-05,0.00012874860257636465,True,Upregulated,BPIFA1,"BPI fold containing family A, member 1",BPIFA1
219233_s_at,6.728847424138297,4.5413689130699995,2.1874785110682975,14.807879407215296,3.1519287126380943e-30,9.805068695081117e-29,True,Upregulated,GSDMB,gasdermin B,GSDMB
205713_s_at,6.271548534425533,4.08442344183,2.187125092595533,7.672181708354192,1.6692027736749516e-12,1.0452874651866451e-11,True,Upregulated,COMP,cartilage oligomeric matrix protein,COMP
1569320_at,7.225766892351065,5.03917069642,2.186596195931065,11.780013441617086,1.5057085369961098e-22,2.396036667777301e-21,True,Upregulated,GPBP1L1,GC-rich promoter binding protein 1-like 1,GPBP1L1
203554_x_at,9.426501892808512,7.242021952179999,2.1844799406285125,14.361399340200418,9.559118546479596e-30,2.8579585888880017e-28,True,Upregulated,PTTG1,pituitary tumor-transforming 1,PTTG1
205305_at,5.558666811372341,3.3786934371200004,2.179973374252341,7.787129149898034,9.14270904827508e-12,5.327155767203157e-11,True,Upregulated,FGL1,fibrinogen-like 1,FGL1
221648_s_at,4.819383272138296,2.6417186440000004,2.1776646281382956,13.475013555885281,2.2057835313211214e-25,4.4990623062433765e-24,True,Upregulated,AGMAT,agmatine ureohydrolase (agmatinase),AGMAT
1566191_at,4.983900130904255,2.8083163193100003,2.1755838115942545,10.776232630086986,5.4120928918195885e-19,6.302117953656817e-18,True,Upregulated,SUZ12,SUZ12 polycomb repressive complex 2 subunit,SUZ12
207558_s_at,4.386952311457447,2.2144549410999996,2.1724973703574477,8.476629365390432,3.392294203436995e-13,2.2792996380519952e-12,True,Upregulated,PITX2,paired-like homeodomain 2,PITX2
240303_at,8.711847272680851,6.545313266160001,2.16653400652085,8.452944603481841,2.0599969602100255e-14,1.5676145515259822e-13,True,Upregulated,TMC5,transmembrane channel-like 5,TMC5
206316_s_at,7.060927912989361,4.89933397369,2.161593939299361,19.001649932550396,7.785307783543614e-40,5.823929964473947e-38,True,Upregulated,KNTC1,kinetochore associated 1,KNTC1
225314_at,11.161677228393616,9.005667750129998,2.156009478263618,23.635040458242877,4.503303316454407e-49,8.266712361051764e-47,True,Upregulated,OCIAD2,OCIA domain containing 2,OCIAD2
213599_at,4.794693388265958,2.6466993960199994,2.1479939922459583,12.25556769273822,1.2976779379610555e-21,1.899235525746213e-20,True,Upregulated,OIP5,Opa interacting protein 5,OIP5
222848_at,7.397694979553193,5.255616256599999,2.142078722953194,14.028399981791294,5.382123147915896e-30,1.636421004148131e-28,True,Upregulated,CENPK,centromere protein K,CENPK
204348_s_at,5.7994880763829775,3.659350903609999,2.1401371727729783,11.050069804819762,2.1420305291297253e-19,2.5901810710380265e-18,True,Upregulated,AK4,"adenylate kinase 4 /// adenylate kinase 4, mitochondrial-like",AK4
215695_s_at,5.19449198711702,3.05692489317,2.13756709394702,12.263150297879228,4.275256751767338e-22,6.543795095348835e-21,True,Upregulated,GYG2,glycogenin 2,GYG2
205309_at,5.4097103342978725,3.2814742272899995,2.128236107007873,13.612497761783171,9.17949122467131e-27,2.1135621361736777e-25,True,Upregulated,SMPDL3B,"sphingomyelin phosphodiesterase, acid-like 3B",SMPDL3B
204856_at,4.885086719478724,2.7571153770199994,2.1279713424587245,15.227596885792092,1.458974907583342e-27,3.596353087959562e-26,True,Upregulated,B3GNT3,"UDP-GlcNAc:betaGal beta-1,3-N-acetylglucosaminyltransferase 3",B3GNT3
242550_at,7.090674397106384,4.96285915131,2.127815245796384,11.602698705592287,1.1568880785634326e-22,1.8630054548985864e-21,True,Upregulated,EIF3B,"eukaryotic translation initiation factor 3, subunit B",EIF3B
209125_at,4.426695184797872,2.3025794488499995,2.124115735947872,6.416202869831317,4.711146246108269e-09,2.0752965765207155e-08,True,Upregulated,KRT6A,keratin 6A,KRT6A
201577_at,10.863748180042553,8.74569325897,2.1180549210725523,19.865857576062574,1.5664290012047196e-46,2.320990365256117e-44,True,Upregulated,NME1,NME/NM23 nucleoside diphosphate kinase 1,NME1
221261_x_at,6.249823548574468,4.13656447374,2.1132590748344677,10.515623251345673,2.1999109693670324e-18,2.430657588298587e-17,True,Upregulated,MAGED4,"melanoma antigen family D, 4 /// melanoma antigen family D, 4B /// small nucleolar RNA, H/ACA box 11D /// small nucleolar RNA, H/ACA box 11E",MAGED4
237563_s_at,6.447065924989361,4.33428840887,2.112777516119361,10.331861765050238,4.7938801551142376e-18,5.1271353752828475e-17,True,Upregulated,RP11-295G20.2,,RP11-295G20.2
204540_at,4.586433893404256,2.4775257677399996,2.1089081256642563,7.973670843112947,3.669752653155755e-12,2.220012554298003e-11,True,Upregulated,EEF1A2,eukaryotic translation elongation factor 1 alpha 2,EEF1A2
219359_at,8.48513077161702,6.37698301731,2.108147754307021,10.240921159295036,4.46742223404506e-19,5.2372443827451526e-18,True,Upregulated,ATHL1,"ATH1, acid trehalase-like 1 (yeast)",ATHL1
238103_at,4.881969613659574,2.7762323264199993,2.1057372872395743,7.413344733306869,1.633024157912234e-11,9.264195481222172e-11,True,Upregulated,LINC01207,long intergenic non-protein coding RNA 1207,LINC01207
220082_at,4.319411863851064,2.21399851098,2.1054133528710643,8.608467554046488,1.7899439322380972e-13,1.237136010528891e-12,True,Upregulated,PPP1R14D,"protein phosphatase 1, regulatory (inhibitor) subunit 14D",PPP1R14D
213226_at,7.06339399011702,4.95909993991,2.10429405020702,14.958379662654936,2.908698617116839e-31,9.857527520227282e-30,True,Upregulated,CCNA2,cyclin A2,CCNA2
205229_s_at,5.00633405780851,2.9022211391699995,2.1041129186385104,8.750340755499469,4.296406531000041e-14,3.1599414970103683e-13,True,Upregulated,COCH,cochlin,COCH
223797_at,6.209874714276596,4.11114832382,2.098726390456596,8.930926697210067,3.428757490849084e-15,2.826780355653109e-14,True,Upregulated,PRO2852,uncharacterized protein PRO2852,PRO2852
219232_s_at,5.51241179418085,3.41536686275,2.09704493143085,10.521683314906143,8.244904198640251e-19,9.459479889677143e-18,True,Upregulated,EGLN3,egl-9 family hypoxia-inducible factor 3,EGLN3
219555_s_at,7.04677168988298,4.9512979457399995,2.0954737441429803,13.043308742411131,8.52298535438356e-27,1.9657688262044348e-25,True,Upregulated,CENPN,centromere protein N,CENPN
1552621_at,9.180551400042553,7.0876851623400015,2.0928662377025518,12.129068399025746,1.7741078815087293e-24,3.3282932164223413e-23,True,Upregulated,POLR2J,"polymerase (RNA) II (DNA directed) polypeptide J, 13.3kDa /// polymerase (RNA) II (DNA directed) polypeptide J2 /// polymerase (RNA) II (DNA directed) polypeptide J3 /// uroplakin 3B-like",POLR2J
1568763_s_at,9.819568618648935,7.72856885617,2.090999762478935,11.263918436952958,7.019435971258427e-23,1.1517613884994075e-21,True,Upregulated,LOC102724884,uncharacterized LOC102724884 /// programmed cell death 6 pseudogene /// programmed cell death 6,LOC102724884
214073_at,6.172765740489362,4.08243768595,2.0903280545393628,14.456624872217972,5.1077947082017876e-30,1.5609536714508033e-28,True,Upregulated,CTTN,cortactin,CTTN
239493_at,5.706631749308511,3.61665778231,2.089973966998511,14.457508864878303,2.4244893126482073e-28,6.3923324593184544e-27,True,Upregulated,RPL7,ribosomal protein L7,RPL7
225943_at,6.9964737966063835,4.90987806411,2.0865957324963835,18.067333583690985,6.726728654015971e-41,5.5747893279646073e-39,True,Upregulated,NLN,neurolysin (metallopeptidase M3 family),NLN
1555858_at,5.588842786265957,3.5025854975699997,2.086257288695957,14.123227255781634,5.4796117174353086e-27,1.2842108750935754e-25,True,Upregulated,THUMPD3-AS1,THUMPD3 antisense RNA 1,THUMPD3-AS1
213523_at,5.385045545106383,3.3060065017500007,2.0790390433563823,12.156997579605882,6.767002698551331e-22,1.0186678061692749e-20,True,Upregulated,CCNE1,cyclin E1,CCNE1
206632_s_at,7.962171588765957,5.887313712919999,2.074857875845958,10.813681166452124,1.9208386315205488e-20,2.5459395425077434e-19,True,Upregulated,APOBEC3B,"apolipoprotein B mRNA editing enzyme, catalytic polypeptide-like 3B",APOBEC3B
203228_at,8.496833477744682,6.423062016380002,2.0737714613646796,18.636679572636087,5.4412626312611915e-37,3.198510949563e-35,True,Upregulated,PAFAH1B3,"platelet-activating factor acetylhydrolase 1b, catalytic subunit 3 (29kDa)",PAFAH1B3
236979_at,4.494756457553191,2.42247009416,2.0722863633931907,10.829783005322534,3.299717344583276e-18,3.581808215857842e-17,True,Upregulated,BCL2L15,BCL2-like 15,BCL2L15
243780_at,5.885946295574469,3.8139835618400006,2.071962733734468,8.410939835812414,1.12258465739618e-14,8.786283233805434e-14,True,Upregulated,CTA-250D10.23,,CTA-250D10.23
239243_at,7.64653726668085,5.577922170440001,2.0686150962408494,10.099896669033052,1.589718331375973e-18,1.7802329829562377e-17,True,Upregulated,ZNF638,zinc finger protein 638 /// ZNF638 intronic transcript 1 (non-protein coding),ZNF638
238549_at,8.438884217595744,6.3708609815,2.068023236095744,12.226199315443411,1.9770632112550105e-24,3.689740523267245e-23,True,Upregulated,CBFA2T2,"core-binding factor, runt domain, alpha subunit 2; translocated to, 2",CBFA2T2
209955_s_at,8.040162132659576,5.972320685,2.0678414476595766,9.73684968566983,1.5478840255033662e-17,1.578583431849148e-16,True,Upregulated,FAP,"fibroblast activation protein, alpha",FAP
242546_at,6.016599121170213,3.94914894349,2.0674501776802128,11.108389338128584,1.1000658738712394e-19,1.3636354711232653e-18,True,Upregulated,DUXAP10,double homeobox A pseudogene 10 /// long intergenic non-protein coding RNA 1296,DUXAP10
210608_s_at,8.015993437893616,5.95023114334,2.0657622945536165,14.067707613483842,1.7983424667977138e-25,3.707383975438169e-24,True,Upregulated,FUT2,fucosyltransferase 2 (secretor status included),FUT2
214068_at,4.481256404117021,2.4160937297800005,2.0651626743370204,10.277095880543344,3.249266498340997e-17,3.2173241509530353e-16,True,Upregulated,BEAN1,"brain expressed, associated with NEDD4, 1",BEAN1
1555274_a_at,7.769977500851064,5.710067436089998,2.0599100647610653,16.610652929888662,2.4979259586905755e-33,1.0232554883025994e-31,True,Upregulated,EPT1,ethanolaminephosphotransferase 1 (CDP-ethanolamine-specific),EPT1
230563_at,7.744588013808511,5.68483367919,2.0597543346185114,11.559783365554281,8.250508712505386e-22,1.2302796274211665e-20,True,Upregulated,RASGEF1A,"RasGEF domain family, member 1A",RASGEF1A
228030_at,7.884532609851064,5.82485915807,2.059673451781064,8.552542246688693,1.0688512937858895e-14,8.39258915146976e-14,True,Upregulated,RBM6,RNA binding motif protein 6,RBM6
229936_at,5.842301591361702,3.8016472781999995,2.0406543131617023,7.050578976096429,1.4226603094038319e-10,7.334343659694671e-10,True,Upregulated,GFRA3,GDNF family receptor alpha 3,GFRA3
1568838_at,4.2612589857659575,2.22212924279,2.0391297429759576,10.00808762527349,1.9376914397521227e-16,1.783073939752056e-15,True,Upregulated,WASIR1,WASH and IL9R antisense RNA 1 ///  /// WASH and IL9R antisense RNA 2 ///,WASIR1
227943_at,7.947525804117022,5.911112124359999,2.0364136797570227,13.852261298410923,6.820040975684777e-29,1.8859780150035035e-27,True,Upregulated,RP11-196G18.24,,RP11-196G18.24
209891_at,4.421410679287233,2.3852271706200003,2.036183508667233,11.060905809554368,2.9442690775822213e-19,3.5136555714851864e-18,True,Upregulated,SPC25,"SPC25, NDC80 kinetochore complex component",SPC25
225777_at,4.898729260085107,2.8631320490800003,2.0355972110051064,12.164421269632793,3.460906990830876e-21,4.876823248855895e-20,True,Upregulated,SAPCD2,suppressor APC domain containing 2,SAPCD2
1557360_at,6.229672286276595,4.19505581426,2.0346164720165953,12.678401475812688,3.55840980264118e-24,6.485687212634989e-23,True,Upregulated,LRPPRC,leucine-rich pentatricopeptide repeat containing,LRPPRC
244165_at,5.248777105234042,3.2179764114699996,2.030800693764043,10.726628486308059,1.4594121118457052e-19,1.7909180891565845e-18,True,Upregulated,FAM208B,"family with sequence similarity 208, member B",FAM208B
1559025_at,4.7498383949680845,2.7290960715900003,2.020742323378084,9.910086605533094,2.4341896484843345e-16,2.2224634940312074e-15,True,Upregulated,SEPT9,septin 9,SEPT9
235609_at,4.490673847521276,2.4708444009000003,2.019829446621276,13.832119061369488,3.406971651823617e-25,6.814703505577726e-24,True,Upregulated,BRIP1,BRCA1 interacting protein C-terminal helicase 1,BRIP1
204146_at,7.999917562797871,5.980463363930002,2.0194541988678694,13.189672957482568,3.548319142451912e-26,7.698664517786146e-25,True,Upregulated,RAD51AP1,RAD51 associated protein 1,RAD51AP1
231233_at,5.862806580053195,3.8559474305299997,2.006859149523195,15.214555545304187,1.26599143219384e-27,3.1393552407550885e-26,True,Upregulated,PCAT6,prostate cancer associated transcript 6 (non-protein coding),PCAT6
1553292_s_at,4.97386701006383,2.9688392591,2.00502775096383,12.73447577502554,1.689983825789021e-23,2.9189939002533166e-22,True,Upregulated,SGK494,uncharacterized serine/threonine-protein kinase SgK494,SGK494
228069_at,6.123796924882979,4.1199788349499995,2.003818089932979,11.413693737247568,4.494187485011403e-22,6.871073566481619e-21,True,Upregulated,MTFR2,mitochondrial fission regulator 2,MTFR2
228912_at,4.229645844234043,2.2275174518,2.0021283924340434,6.741861809160827,1.2889937498156389e-09,6.0223955722362705e-09,True,Upregulated,VIL1,villin 1,VIL1
228658_at,5.857589671010637,3.855745596079999,2.0018440749306383,9.193752228342277,7.545281169542835e-16,6.6096171495933375e-15,True,Upregulated,MIAT,myocardial infarction associated transcript (non-protein coding),MIAT
223895_s_at,4.4576689182659575,2.4567164312600003,2.000952487005957,16.42036160494578,3.0346244925302146e-31,1.0252532220805912e-29,True,Upregulated,EPN3,epsin 3,EPN3
1557383_a_at,6.350174072585105,4.3552909921700005,1.9948830804151045,11.102642849564017,2.0266957239143387e-22,3.1929659111440136e-21,True,Upregulated,RP5-1092A3.4,,RP5-1092A3.4
204179_at,5.281458811021277,3.2868280067200004,1.9946308043012762,8.35498017337627,1.1302490046513741e-13,7.97161984843677e-13,True,Upregulated,MB,myoglobin,MB
222830_at,8.346720308297872,6.3636677631800005,1.9830525451178715,12.671425168702688,2.3939166984156045e-26,5.277016538564824e-25,True,Upregulated,GRHL1,grainyhead-like 1 (Drosophila),GRHL1
229866_at,5.2251702114893614,3.24278330842,1.9823869030693615,12.084006677133738,1.7057085892488634e-21,2.467542823597078e-20,True,Upregulated,STK32A,serine/threonine kinase 32A,STK32A
227971_at,4.6749920620531915,2.6973854210300003,1.9776066410231912,8.168142621693729,1.0617055964490205e-12,6.756376858803481e-12,True,Upregulated,NRK,Nik related kinase,NRK
217755_at,10.496505449585108,8.51991617374,1.9765892758451074,18.39326611302962,3.335303144517984e-39,2.388716576977953e-37,True,Upregulated,HN1,hematological and neurological expressed 1,HN1
1564164_at,6.682157700893617,4.70568879689,1.9764689040036174,10.713395505483218,4.386007704754039e-21,6.138584710067673e-20,True,Upregulated,DENND1B,DENN/MADD domain containing 1B,DENND1B
201014_s_at,9.445568067234044,7.47064269127,1.9749253759640437,18.897365239895247,1.9059001054570176e-40,1.498695074153672e-38,True,Upregulated,PAICS,"phosphoribosylaminoimidazole carboxylase, phosphoribosylaminoimidazole succinocarboxamide synthetase",PAICS
227372_s_at,9.673140083042554,7.700649877459999,1.972490205582555,18.77940083274694,5.032365900165272e-41,4.216056577979584e-39,True,Upregulated,BAIAP2L1,BAI1-associated protein 2-like 1,BAIAP2L1
227725_at,9.139716483436171,7.16856492364,1.971151559796171,7.891763374227784,6.57814906146321e-13,4.284998491217879e-12,True,Upregulated,ST6GALNAC1,"ST6 (alpha-N-acetyl-neuraminyl-2,3-beta-galactosyl-1,3)-N-acetylgalactosaminide alpha-2,6-sialyltransferase 1",ST6GALNAC1
213432_at,6.937806186808509,4.9682063559,1.9695998309085097,5.3723783269218135,2.6735806802433733e-07,9.774416154674422e-07,True,Upregulated,MUC5B,"mucin 5B, oligomeric mucus/gel-forming",MUC5B
1570571_at,5.858221922265958,3.88976848131,1.9684534409559582,9.478156233691235,1.2422606903520575e-16,1.1628303775021886e-15,True,Upregulated,CCDC91,coiled-coil domain containing 91,CCDC91
202580_x_at,4.292620943031916,2.32448780922,1.9681331338119161,10.9099440177063,9.608518272045895e-19,1.0949232283480095e-17,True,Upregulated,FOXM1,forkhead box M1,FOXM1
235476_at,4.8030540055425535,2.8349569164400004,1.968097089102553,10.58763050200828,3.230187221984129e-18,3.5134246698005735e-17,True,Upregulated,IFT80,intraflagellar transport 80 homolog (Chlamydomonas) /// tripartite motif containing 59,IFT80
210069_at,5.762816321170212,3.7952715915199993,1.9675447296502129,11.669896135436714,2.396111890631362e-23,4.088746007281042e-22,True,Upregulated,CHKB-CPT1B,CHKB-CPT1B readthrough (NMD candidate) /// carnitine palmitoyltransferase 1B (muscle),CHKB-CPT1B
238689_at,6.02758564775532,4.06167671846,1.9659089292953196,6.625454011004588,9.924657064964946e-10,4.696156142484088e-09,True,Upregulated,GPR110,G protein-coupled receptor 110,GPR110
202357_s_at,10.411813038521275,8.447461677849999,1.9643513606712766,11.497081057403168,1.1233311830301772e-22,1.8100506593906864e-21,True,Upregulated,CFB,complement factor B,CFB
204259_at,9.114907151329788,7.150750349609999,1.9641568017197892,7.2889329254371065,1.1319815126873734e-11,6.529196529909176e-11,True,Upregulated,MMP7,"matrix metallopeptidase 7 (matrilysin, uterine)",MMP7
227801_at,7.249288834893618,5.28607441961,1.963214415283618,16.258623233551884,1.199520631496492e-34,5.5427333922397176e-33,True,Upregulated,TRIM59,tripartite motif containing 59,TRIM59
1562440_at,4.637908552414893,2.6819890846500005,1.9559194677648923,8.565571950155917,5.456223673763851e-14,3.972769006593508e-13,True,Upregulated,MAP3K13,mitogen-activated protein kinase kinase kinase 13,MAP3K13
209631_s_at,4.36448529912766,2.4106618735299996,1.95382342559766,9.004035002634525,2.3766145965915992e-14,1.79433734829135e-13,True,Upregulated,GPR37,G protein-coupled receptor 37 (endothelin receptor type B-like) /// sel-1 suppressor of lin-12-like 2 (C. elegans),GPR37
205780_at,7.072500749031914,5.122824669210001,1.9496760798219128,10.72607102944034,7.922571303198332e-20,9.946858546074358e-19,True,Upregulated,BIK,BCL2-interacting killer (apoptosis-inducing),BIK
243851_at,5.079833205851064,3.130871935290001,1.948961270561063,10.3152592060005,2.5773236027631932e-17,2.570918532978878e-16,True,Upregulated,AURKAPS1,aurora kinase A pseudogene 1 /// RAB3 GTPase activating protein subunit 2 (non-catalytic),AURKAPS1
213427_at,7.045678188414893,5.096802766850001,1.9488754215648925,15.672085998982057,1.3684897281784763e-34,6.29645752949594e-33,True,Upregulated,RPP40,ribonuclease P/MRP 40kDa subunit,RPP40
232392_at,7.1627821735212756,5.2153672989999995,1.947414874521276,11.489007929005421,1.5584737074268096e-21,2.2642913783808318e-20,True,Upregulated,SRSF3,serine/arginine-rich splicing factor 3,SRSF3
205542_at,9.08921603687234,7.14413608099,1.9450799558823402,9.082060441883407,5.315143368594418e-16,4.7213922580217904e-15,True,Upregulated,STEAP1,six transmembrane epithelial antigen of the prostate 1,STEAP1
228273_at,8.644230847117022,6.699215017519999,1.9450158295970228,12.63546668678636,2.0009065561252433e-24,3.73294346263449e-23,True,Upregulated,PRR11,proline rich 11,PRR11
210367_s_at,7.3784234696914925,5.4347440138800005,1.943679455811492,12.63065945052751,4.247616040671753e-23,7.103926503842379e-22,True,Upregulated,PTGES,prostaglandin E synthase,PTGES
1568865_at,4.285631091042553,2.34503268252,1.9405984085225527,11.637791597956062,5.613361491283512e-20,7.147733455733309e-19,True,Upregulated,BC052775,"Homo sapiens cDNA clone IMAGE:5264828. /// farnesyltransferase, CAAX box, beta",BC052775
226086_at,4.457749220425532,2.52340500682,1.9343442136055318,6.572136823948055,1.4507371296925042e-09,6.736540383116725e-09,True,Upregulated,SYT13,synaptotagmin XIII,SYT13
205959_at,4.176914226765956,2.25252825986,1.9243859669059562,7.339173925449753,7.35921742075049e-11,3.914387541460501e-10,True,Upregulated,MMP13,matrix metallopeptidase 13 (collagenase 3),MMP13
205943_at,6.6502787182765974,4.72602350508,1.9242552131965978,6.938525770938313,6.284305360291283e-11,3.365604382242626e-10,True,Upregulated,TDO2,"tryptophan 2,3-dioxygenase",TDO2
232035_at,5.768013407223406,3.845239244389999,1.9227741628334067,10.846553826419404,6.78831080494356e-19,7.835109119199449e-18,True,Upregulated,HIST1H4H,"histone cluster 1, H4h",HIST1H4H
204304_s_at,7.903225017606383,5.9852448258100015,1.9179801917963815,4.293929601100143,2.816462678531297e-05,8.180928964059207e-05,True,Upregulated,PROM1,prominin 1,PROM1
205890_s_at,10.103729236,8.186643241019999,1.9170859949800008,7.436228666891368,5.359922273870606e-12,3.1907999936071326e-11,True,Upregulated,GABBR1,"gamma-aminobutyric acid (GABA) B receptor, 1 /// ubiquitin D",GABBR1
235060_at,8.315923095574467,6.4008885378499984,1.9150345577244687,9.11795838869273,3.268706662649389e-16,2.95927716810739e-15,True,Upregulated,LOC100190986,uncharacterized LOC100190986,LOC100190986
228323_at,5.153123946095746,3.23839746833,1.9147264777657456,12.876143985632702,3.9455301356651414e-24,7.174248947832498e-23,True,Upregulated,CASC5,cancer susceptibility candidate 5,CASC5
214088_s_at,5.26558272588298,3.3513423592900007,1.914240366592979,13.719418699483569,1.776913154461431e-26,3.9739314314287955e-25,True,Upregulated,FUT3,"fucosyltransferase 3 (galactoside 3(4)-L-fucosyltransferase, Lewis blood group)",FUT3
1552622_s_at,8.467146639712766,6.554789309589999,1.9123573301227665,11.09663132268915,4.799393832163993e-21,6.697981231364102e-20,True,Upregulated,LOC441259,"postmeiotic segregation increased 2 pseudogene /// polymerase (RNA) II (DNA directed) polypeptide J, 13.3kDa /// polymerase (RNA) II (DNA directed) polypeptide J2 /// polymerase (RNA) II (DNA directed) polypeptide J3 /// uroplakin 3B-like",LOC441259
232535_at,7.09241864480851,5.1806124883799995,1.9118061564285105,10.526020804032346,4.887928883895081e-20,6.265542014994776e-19,True,Upregulated,RSBN1L,round spermatid basic protein 1-like,RSBN1L
229538_s_at,4.146177445723404,2.23926816237,1.9069092833534036,11.044413679397882,1.2540679763281712e-18,1.4138693485202873e-17,True,Upregulated,IQGAP3,IQ motif containing GTPase activating protein 3,IQGAP3
226150_at,10.35235909374468,8.44581090787,1.90654818587468,17.613550523506085,4.838775480111799e-37,2.863128470553281e-35,True,Upregulated,PPAPDC1B,phosphatidic acid phosphatase type 2 domain containing 1B,PPAPDC1B
241755_at,5.32946991362766,3.4234108446300002,1.90605906899766,10.430812943238386,2.8449599709194746e-19,3.4011784173344046e-18,True,Upregulated,UQCRC2,ubiquinol-cytochrome c reductase core protein II,UQCRC2
228238_at,9.010208242627659,7.1060302680300005,1.9041779745976584,17.951091875934807,1.2023953767679435e-40,9.725118456367008e-39,True,Upregulated,GAS5,"growth arrest-specific 5 (non-protein coding) /// small nucleolar RNA, C/D box 44 /// small nucleolar RNA, C/D box 47 /// small nucleolar RNA, C/D box 74 /// small nucleolar RNA, C/D box 76 /// small nucleolar RNA, C/D box 77 /// small nucleolar RNA, C/D box 79 /// small nucleolar RNA, C/D box 80 /// small nucleolar RNA, C/D box 81",GAS5
212680_x_at,9.850901965904255,7.95001656744,1.900885398464255,20.68259431374193,2.0750157194584824e-47,3.282552808435116e-45,True,Upregulated,PPP1R14B,"protein phosphatase 1, regulatory (inhibitor) subunit 14B",PPP1R14B
203476_at,10.38747093370213,8.48900742797,1.8984635057321295,17.355965817654802,2.7865270563862166e-37,1.6896972294790197e-35,True,Upregulated,TPBG,trophoblast glycoprotein,TPBG
229553_at,7.663283856574468,5.769471953729999,1.8938119028444689,14.858950653736338,7.229680047268597e-32,2.5820423042655295e-30,True,Upregulated,PGM2L1,phosphoglucomutase 2-like 1,PGM2L1
205479_s_at,9.908628075904256,8.014879482480001,1.8937485934242542,10.700079129956414,8.858718616354608e-20,1.1075663400726382e-18,True,Upregulated,PLAU,"plasminogen activator, urokinase",PLAU
229927_at,4.291863998117021,2.3987789839900002,1.893085014127021,7.934286216014296,3.2331509704759275e-12,1.9673974216316126e-11,True,Upregulated,LEMD1,LEM domain containing 1,LEMD1
242201_at,6.135332469734041,4.243730194160001,1.8916022755740398,15.127920783949726,2.0521739813562736e-30,6.481399281340488e-29,True,Upregulated,PMS2P5,postmeiotic segregation increased 2 pseudogene 5,PMS2P5
206643_at,4.483824706042554,2.5931195961599998,1.8907051098825538,7.6936364842959755,9.088690472185302e-12,5.296828537620096e-11,True,Upregulated,HAL,histidine ammonia-lyase,HAL
243764_at,4.753405565765957,2.86603891561,1.8873666501559567,6.094120422610403,1.2775262469000202e-08,5.394334017566689e-08,True,Upregulated,VSIG1,V-set and immunoglobulin domain containing 1,VSIG1
222379_at,6.020427676585106,4.134731445909999,1.8856962306751068,6.944190382941934,1.8481903308724322e-10,9.410845890022214e-10,True,Upregulated,KCNE4,"potassium voltage-gated channel, Isk-related family, member 4",KCNE4
232602_at,4.5208732234468085,2.63586362785,1.8850095955968085,9.438645586151704,2.5342733195418693e-15,2.1162618345734975e-14,True,Upregulated,WFDC3,WAP four-disulfide core domain 3,WFDC3
214612_x_at,4.1031845512234035,2.21896554502,1.8842190062034034,5.33115183431313,6.798160409942134e-07,2.3797322213416704e-06,True,Upregulated,MAGEA6,"melanoma antigen family A, 6",MAGEA6
205107_s_at,6.999599346617023,5.11617373531,1.8834256113070227,19.5975481055955,5.082207952192029e-38,3.329496186560298e-36,True,Upregulated,EFNA4,ephrin-A4,EFNA4
230332_at,7.001981730297872,5.11866055099,1.8833211793078721,8.752467856374814,5.3828013360564106e-15,4.3504034960350125e-14,True,Upregulated,ZCCHC7,"zinc finger, CCHC domain containing 7",ZCCHC7
227074_at,8.123833060265957,6.24128728874,1.8825457715259573,9.994311330320954,1.4950413337285253e-18,1.6770029859420744e-17,True,Upregulated,LOC100131564,uncharacterized LOC100131564,LOC100131564
227350_at,6.575844770617021,4.694270957690001,1.8815738129270203,15.293634929149349,1.1341172679674801e-31,3.979101850939262e-30,True,Upregulated,HELLS,"helicase, lymphoid-specific",HELLS
205129_at,6.237091888531915,4.35552217986,1.8815697086719148,15.06310183495024,1.2711409361104852e-33,5.32059038051662e-32,True,Upregulated,NPM3,nucleophosmin/nucleoplasmin 3,NPM3
215599_at,8.311757147606382,6.4319959753700005,1.8797611722363818,9.372483060913314,1.6895499012376525e-16,1.5649066813839914e-15,True,Upregulated,GUSBP3,"glucuronidase, beta pseudogene 3 /// glucuronidase, beta pseudogene 9",GUSBP3
226548_at,5.856713106893618,3.98011036555,1.8766027413436177,12.232209843181893,1.2145775633937617e-21,1.781976781906625e-20,True,Upregulated,SBK1,SH3 domain binding kinase 1,SBK1
230966_at,5.689169719085107,3.8126967587199996,1.8764729603651071,11.461367299749456,4.112530914576866e-22,6.307287931891397e-21,True,Upregulated,IL4I1,interleukin 4 induced 1,IL4I1
224444_s_at,7.623262563553191,5.74859532758,1.8746672359731908,13.146649412924251,5.401461340523569e-26,1.157001193394666e-24,True,Upregulated,LINC00467,long intergenic non-protein coding RNA 467,LINC00467
226661_at,4.759054788638299,2.8859215636499997,1.8731332249882988,13.046505340917896,1.1966967131980973e-23,2.090468639690577e-22,True,Upregulated,CDCA2,cell division cycle associated 2,CDCA2
214833_at,4.613661176489361,2.7409512127599998,1.8727099637293616,11.751642963494339,1.820086098918447e-20,2.420750517221256e-19,True,Upregulated,TMEM63A,transmembrane protein 63A,TMEM63A
232216_at,6.661442771085106,4.791501536040001,1.869941235045105,14.308094720550324,2.24788843887982e-31,7.720621173281608e-30,True,Upregulated,YME1L1,YME1-like 1 ATPase,YME1L1
243623_at,4.205030258797872,2.33643925821,1.8685910005878719,6.111931882986953,2.2168883472593292e-08,9.122995917803389e-08,True,Upregulated,SLC1A7,"solute carrier family 1 (glutamate transporter), member 7",SLC1A7
214463_x_at,5.4948494035425535,3.6313369867199996,1.8635124168225539,12.790617860914482,7.762498149718299e-25,1.497001525567402e-23,True,Upregulated,HIST1H4J,"histone cluster 1, H4j",HIST1H4J
210115_at,6.028018131936171,4.16557648539,1.8624416465461708,14.081013788799526,1.8341631322371676e-25,3.776887374828036e-24,True,Upregulated,RPL39L,ribosomal protein L39-like,RPL39L
238982_at,4.712763490914893,2.8510903296699985,1.861673161244895,10.849837916584972,1.7059920910973778e-18,1.905284273500074e-17,True,Upregulated,DENR,density-regulated protein,DENR
210236_at,4.203676736925532,2.34276246662,1.860914270305532,13.220098315292125,2.5887177295930418e-23,4.402047796518854e-22,True,Upregulated,PPFIA1,"protein tyrosine phosphatase, receptor type, f polypeptide (PTPRF), interacting protein (liprin), alpha 1",PPFIA1
202949_s_at,10.042800947351065,8.18371271169,1.8590882356610656,10.233507314451913,2.546512482976961e-19,3.0586583387538816e-18,True,Upregulated,FHL2,four and a half LIM domains 2,FHL2
213380_x_at,7.0698558845,5.21193434828,1.8579215362200001,8.136536675253002,2.0896306185258834e-13,1.4333997251375228e-12,True,Upregulated,LOC101930052,hepatocyte growth factor-like protein-like /// hepatocyte growth factor-like protein-like /// macrophage stimulating 1 (hepatocyte growth factor-like) /// macrophage stimulating 1-like /// macrophage stimulating 1 (hepatocyte growth factor-like) pseudogene 2,LOC101930052
226452_at,9.503534984414893,7.64657855488,1.8569564295348933,14.175072890522781,1.4354977710326214e-29,4.22372445912257e-28,True,Upregulated,PDK1,"pyruvate dehydrogenase kinase, isozyme 1",PDK1
209434_s_at,6.354793289872341,4.501386676399999,1.853406613472342,17.326801588520574,2.064577186502839e-36,1.1424418575436388e-34,True,Upregulated,PPAT,phosphoribosyl pyrophosphate amidotransferase,PPAT
228825_at,5.1487246905744675,3.2958645022,1.8528601883744673,10.27548361125955,1.6330079256420958e-17,1.659730995627093e-16,True,Upregulated,PTGR1,prostaglandin reductase 1,PTGR1
242560_at,6.687538428031916,4.83812669563,1.849411732401916,16.90775534379574,7.072524323076227e-36,3.714871027743925e-34,True,Upregulated,FANCD2,"Fanconi anemia, complementation group D2",FANCD2
222581_at,9.673930783840426,7.82452357451,1.8494072093304261,16.178369038059987,9.87186208098801e-32,3.490913700775944e-30,True,Upregulated,XPR1,xenotropic and polytropic retrovirus receptor 1,XPR1
222067_x_at,9.466870104223403,7.617895747200001,1.848974357023402,16.653732969935177,3.8559534333738133e-32,1.4147088087820186e-30,True,Upregulated,HIST1H2BD,"histone cluster 1, H2bd",HIST1H2BD
213359_at,8.611825718617022,6.764367305579999,1.8474584130370229,11.842049428234846,9.461172250999119e-24,1.6690016749499463e-22,True,Upregulated,HNRNPD,"heterogeneous nuclear ribonucleoprotein D (AU-rich element RNA binding protein 1, 37kDa)",HNRNPD
1560916_a_at,8.666812974319148,6.825038795809999,1.8417741785091488,12.384478863428841,6.9709864896142085e-25,1.3511404660554587e-23,True,Upregulated,DPY19L1,dpy-19-like 1 (C. elegans),DPY19L1
218826_at,7.237984333478724,5.397811212080001,1.8401731213987231,13.601639086277842,5.57618351354804e-29,1.5523840914062881e-27,True,Upregulated,SLC35F2,"solute carrier family 35, member F2",SLC35F2
209942_x_at,4.052801258265957,2.21364201784,1.839159240425957,5.281547514002305,8.382303305384754e-07,2.9038423649582916e-06,True,Upregulated,MAGEA3,"melanoma antigen family A, 3 /// melanoma antigen family A, 6",MAGEA3
220192_x_at,5.7897034795744675,3.9519137878300006,1.837789691744467,12.393699912305221,8.322163069824155e-22,1.2402767051082349e-20,True,Upregulated,SPDEF,SAM pointed domain containing ETS transcription factor,SPDEF
220661_s_at,7.598677440010638,5.760944710679999,1.8377327293306394,17.49347849523323,5.911967250877281e-40,4.4660262718495147e-38,True,Upregulated,ZNF692,zinc finger protein 692,ZNF692
212902_at,7.880892572489361,6.04668495835,1.8342076141393608,16.073386401639024,4.486268269428406e-36,2.405766950543133e-34,True,Upregulated,SEC24A,SEC24 family member A,SEC24A
205476_at,9.453644965436169,7.61971026934,1.8339346960961693,4.719177378188317,4.556104154372805e-06,1.4556258868256352e-05,True,Upregulated,CCL20,chemokine (C-C motif) ligand 20,CCL20
229103_at,6.4040557515531935,4.57165320177,1.8324025497831933,12.645488378502373,5.521677551221062e-23,9.153550166239307e-22,True,Upregulated,LOC101929777,"uncharacterized LOC101929777 /// wingless-type MMTV integration site family, member 3",LOC101929777
227804_at,7.069166753829787,5.236879194309999,1.8322875595197878,14.335729848885228,4.939732367925015e-28,1.2663891570124634e-26,True,Upregulated,TLCD1,TLC domain containing 1,TLCD1
1552390_a_at,5.34670157156383,3.5146608736899996,1.8320406978738308,6.687379423853145,3.0587879396968895e-10,1.5200957971406902e-09,True,Upregulated,ERICH5,glutamate-rich 5,ERICH5
209173_at,12.845740138510639,11.01577388746,1.8299662510506387,10.26359780448465,1.7066965208360262e-18,1.905675297273957e-17,True,Upregulated,AGR2,anterior gradient 2,AGR2
205046_at,4.189684761500001,2.36035656529,1.8293281962100005,11.757831885871399,2.235009265826515e-20,2.9499928434784034e-19,True,Upregulated,CENPE,"centromere protein E, 312kDa",CENPE
206354_at,4.053558170840425,2.22664366857,1.8269145022704252,6.175532233282615,1.711573300990878e-08,7.132461576438783e-08,True,Upregulated,SLCO1B3,"solute carrier organic anion transporter family, member 1B3",SLCO1B3
224762_at,7.796009970106384,5.970354713519999,1.8256552565863853,13.72996951383729,6.879059381919476e-28,1.7428030518884644e-26,True,Upregulated,SERINC2,serine incorporator 2,SERINC2
223530_at,7.7158639610531905,5.89035048169,1.8255134793631909,15.289402371085949,2.795391126713762e-31,9.480006755449332e-30,True,Upregulated,TDRKH,tudor and KH domain containing,TDRKH
228308_at,5.6206664273617015,3.7993375957700004,1.8213288315917011,15.337263618661957,7.888767523892464e-32,2.8099685433117887e-30,True,Upregulated,FKBP11,"FK506 binding protein 11, 19 kDa",FKBP11
205909_at,5.537043560297873,3.7166497932299993,1.8203937670678734,13.092189309860826,1.1353305496193753e-23,1.9890843303526946e-22,True,Upregulated,POLE2,"polymerase (DNA directed), epsilon 2, accessory subunit",POLE2
228868_x_at,5.015802582776596,3.20069014127,1.8151124415065958,12.077158233098789,9.531454082475133e-22,1.4122831660606267e-20,True,Upregulated,CDT1,chromatin licensing and DNA replication factor 1,CDT1
228523_at,5.546062711021276,3.7334863372899996,1.8125763737312761,10.064182339017853,3.994030928076234e-17,3.919411558064373e-16,True,Upregulated,NANOS1,nanos homolog 1 (Drosophila),NANOS1
204017_at,10.204526652904255,8.39257073055,1.8119559223542545,14.741955678404722,3.6301951217494435e-31,1.2195732343436325e-29,True,Upregulated,KDELR3,KDEL (Lys-Asp-Glu-Leu) endoplasmic reticulum protein retention receptor 3,KDELR3
228047_at,4.440577667840426,2.6326926718299997,1.8078849960104262,14.044292379737358,4.8956749324208597e-26,1.0515925395973975e-24,True,Upregulated,SNORA72,"small nucleolar RNA, H/ACA box 72",SNORA72
1554438_at,5.293823671202129,3.4877579545100006,1.8060657166921286,15.604592094480099,2.087442577620318e-32,7.834974632232131e-31,True,Upregulated,KIAA1217,KIAA1217,KIAA1217
204086_at,4.017153928585106,2.212752368,1.8044015605851063,7.374052230575012,6.730723374609595e-11,3.595378760817873e-10,True,Upregulated,PRAME,preferentially expressed antigen in melanoma,PRAME
1562821_a_at,4.013040132287234,2.21279333522,1.8002467970672336,5.300244979325187,7.749294437467586e-07,2.6942698811482326e-06,True,Upregulated,DSCAM-AS1,DSCAM antisense RNA 1,DSCAM-AS1
1559263_s_at,7.54804562251064,5.751370648670001,1.7966749738406387,13.679130865742888,5.119984741748064e-30,1.5629029473306546e-28,True,Upregulated,ZC3H12D,zinc finger CCCH-type containing 12D,ZC3H12D
222750_s_at,9.486846943425535,7.6907624974800015,1.7960844459455334,14.207792762304782,7.2715778563957355e-28,1.8361928947610375e-26,True,Upregulated,SRD5A3,steroid 5 alpha-reductase 3,SRD5A3
227133_at,8.308960491840427,6.51477638687,1.7941841049704266,20.29683427228623,1.7326066494964978e-43,1.8025141440970722e-41,True,Upregulated,FAM199X,"family with sequence similarity 199, X-linked",FAM199X
215224_at,4.4258287294574465,2.6375671484500005,1.788261581007446,12.546626598636346,1.8445723566220297e-22,2.9154325234579048e-21,True,Upregulated,SNORA21,"small nucleolar RNA, H/ACA box 21",SNORA21
215012_at,7.056921874670212,5.270499674309999,1.7864222003602128,10.059737946845388,7.175242731456344e-19,8.267515114698177e-18,True,Upregulated,ZNF451,zinc finger protein 451,ZNF451
1555372_at,6.212487849723403,4.42880225306,1.7836855966634033,10.89859191612896,5.25402432766658e-20,6.714016452551073e-19,True,Upregulated,BCL2L11,BCL2-like 11 (apoptosis facilitator),BCL2L11
1555870_at,4.292738137914894,2.51009129316,1.7826468447548938,12.7971504230355,1.0125951945344862e-22,1.6399712476131249e-21,True,Upregulated,RNF207,ring finger protein 207,RNF207
206482_at,6.004821730702127,4.22402391947,1.7807978112321265,10.29585352892069,1.2429917195448697e-17,1.2792872680336847e-16,True,Upregulated,PTK6,protein tyrosine kinase 6,PTK6
202182_at,7.617347807680852,5.83855871349,1.7787890941908513,19.254538649735036,2.6649194866465084e-46,3.863486779212105e-44,True,Upregulated,KAT2A,K(lysine) acetyltransferase 2A,KAT2A
220651_s_at,4.001405063765957,2.22512021411,1.7762848496559571,9.615281903557966,1.3024240524324637e-15,1.1158359363512662e-14,True,Upregulated,MCM10,minichromosome maintenance complex component 10,MCM10
226446_at,4.984419974893616,3.20939405724,1.7750259176536165,8.812712627500156,6.302576904100233e-14,4.555098110238312e-13,True,Upregulated,HES6,hes family bHLH transcription factor 6,HES6
219271_at,6.324542647127661,4.54995480425,1.7745878428776605,10.487775941528708,1.120242382161043e-17,1.1576053173278357e-16,True,Upregulated,GALNT14,polypeptide N-acetylgalactosaminyltransferase 14,GALNT14
229030_at,8.29727935230851,6.525476725550001,1.77180262675851,7.738995679195779,1.713077594562113e-12,1.0717644701770131e-11,True,Upregulated,CAPN8,calpain 8,CAPN8
205650_s_at,6.3972725389042555,4.62630889098,1.7709636479242556,4.215274423044993,4.4087155319022854e-05,0.0001248958040655727,True,Upregulated,FGA,fibrinogen alpha chain,FGA
206641_at,6.921130657989361,5.15133942024,1.7697912377493603,5.913074734343037,1.753585391994823e-08,7.297357361225032e-08,True,Upregulated,TNFRSF17,"tumor necrosis factor receptor superfamily, member 17",TNFRSF17
203954_x_at,9.539056150489362,7.770449416789998,1.7686067336993636,11.307572381842185,7.46114665968865e-21,1.0266186601125958e-19,True,Upregulated,CLDN3,claudin 3,CLDN3
221677_s_at,8.703479066702128,6.9352434380600005,1.7682356286421275,18.38756876958729,1.5956063114532892e-40,1.269545577926429e-38,True,Upregulated,DONSON,downstream neighbor of SON,DONSON
211470_s_at,7.733774575191489,5.96694256512,1.7668320100714885,7.446639524168933,7.1776799649365875e-12,4.2242990983048396e-11,True,Upregulated,SULT1C2,"sulfotransferase family, cytosolic, 1C, member 2",SULT1C2
213647_at,4.510362587670213,2.7443519641999994,1.7660106234702133,14.81297756493719,7.730302529231389e-28,1.9492829434469739e-26,True,Upregulated,DNA2,DNA replication helicase/nuclease 2,DNA2
210612_s_at,6.651039123414893,4.88974295543,1.7612961679848933,13.87520790176451,1.6104251342594818e-30,5.140553487909822e-29,True,Upregulated,SYNJ2,synaptojanin 2,SYNJ2
216983_s_at,5.499762857170213,3.73929395009,1.7604689070802126,10.644193141819907,1.122602940480793e-19,1.3896506733417703e-18,True,Upregulated,ZNF224,zinc finger protein 224,ZNF224
206227_at,5.090931233925533,3.3315217911300006,1.759409442795532,6.8622255052218595,1.9464109046502335e-10,9.890378546765939e-10,True,Upregulated,CILP,"cartilage intermediate layer protein, nucleotide pyrophosphohydrolase",CILP
219429_at,6.763385168585105,5.0045032570800005,1.7588819115051049,12.859334356036976,5.396289862286016e-25,1.0569732211686659e-23,True,Upregulated,FA2H,fatty acid 2-hydroxylase,FA2H
203968_s_at,4.668357948744681,2.91106914728,1.7572888014646812,11.153576955749203,3.807313511046049e-19,4.486857241567108e-18,True,Upregulated,CDC6,cell division cycle 6,CDC6
228455_at,6.001488069202127,4.247785176539999,1.7537028926621279,11.583613242583121,9.237468962912306e-22,1.370989253971306e-20,True,Upregulated,RP5-1074L1.4,,RP5-1074L1.4
232361_s_at,5.919615704744682,4.16652216917,1.7530935355746813,11.21557395422896,1.3492547953751645e-21,1.9715028096726053e-20,True,Upregulated,EHF,ets homologous factor,EHF
201037_at,10.095356729904257,8.343701064220001,1.7516556656842557,13.447821503353541,1.0450431485252192e-26,2.389825288544959e-25,True,Upregulated,PFKP,"phosphofructokinase, platelet",PFKP
228262_at,4.008615923021276,2.26105420817,1.747561714851276,7.386216867164459,6.079931926088165e-11,3.26004604303238e-10,True,Upregulated,MAP7D2,MAP7 domain containing 2,MAP7D2
228010_at,3.970529022031915,2.2239625843699997,1.7465664376619152,7.931027123808117,4.634703566256491e-12,2.7768983626453342e-11,True,Upregulated,PPP2R2C,"protein phosphatase 2, regulatory subunit B, gamma",PPP2R2C
203276_at,7.526561263936169,5.780222816960002,1.746338446976167,13.429182202065531,3.824597996184643e-27,9.09817902798705e-26,True,Upregulated,LMNB1,lamin B1,LMNB1
204734_at,7.3175579192659574,5.572385248609999,1.7451726706559585,8.453241305543502,1.709819342415202e-14,1.312651201129661e-13,True,Upregulated,KRT15,keratin 15,KRT15
204015_s_at,8.804038203425533,7.0600436772899995,1.7439945261355332,9.284325987988781,1.6227952504694416e-15,1.3795426796546449e-14,True,Upregulated,DUSP4,dual specificity phosphatase 4,DUSP4
228331_at,5.341797908170213,3.59922047515,1.7425774330202133,13.841590258889129,3.392081657701854e-30,1.053386281992794e-28,True,Upregulated,C11orf31,chromosome 11 open reading frame 31,C11orf31
208546_x_at,7.459640491851062,5.718805527579999,1.7408349642710634,12.760893297961672,2.4131413430455237e-25,4.903408397319477e-24,True,Upregulated,HIST1H2BH,"histone cluster 1, H2bh",HIST1H2BH
243579_at,6.16288476418085,4.42318672016,1.7396980440208498,18.319700629263377,3.446847460857428e-38,2.3001505896982336e-36,True,Upregulated,MSI2,musashi RNA-binding protein 2,MSI2
235911_at,7.605692845638299,5.867101680239999,1.7385911653983,9.953157637666765,6.542686331987574e-17,6.295258086802928e-16,True,Upregulated,MFI2,antigen p97 (melanoma associated) identified by monoclonal antibodies 133.2 and 96.5,MFI2
210095_s_at,11.794987351723403,10.05849187981,1.736495471913404,9.282692413733638,8.173015443111442e-17,7.784037143168777e-16,True,Upregulated,IGFBP3,insulin-like growth factor binding protein 3,IGFBP3
232165_at,6.938241434574469,5.206263076759999,1.7319783578144703,9.087734648207817,8.936469692411608e-16,7.775104478745563e-15,True,Upregulated,EPPK1,epiplakin 1,EPPK1
202107_s_at,8.216245362606381,6.4865555525700005,1.7296898100363807,15.503336520175182,1.0419028403943372e-31,3.67715132371718e-30,True,Upregulated,MCM2,minichromosome maintenance complex component 2,MCM2
1558281_a_at,4.180535104021277,2.45170045464,1.7288346493812767,12.23998602107031,1.7761806431304485e-21,2.565350485268913e-20,True,Upregulated,TMEM184A,transmembrane protein 184A,TMEM184A
219306_at,4.0191308977553195,2.2904782120400005,1.728652685715319,11.035016763303492,9.524865446932063e-19,1.0858508116335058e-17,True,Upregulated,KIF15,kinesin family member 15,KIF15
243514_at,5.357655387968084,3.62939519582,1.7282601921480838,9.207203845107095,7.05570870056185e-16,6.194879989690168e-15,True,Upregulated,WDFY2,WD repeat and FYVE domain containing 2,WDFY2
214290_s_at,11.436552316010639,9.713912019210001,1.7226402968006376,13.830978682739353,5.6128359483146e-28,1.432125210227937e-26,True,Upregulated,HIST2H2AA3,"histone cluster 2, H2aa3 /// histone cluster 2, H2aa4",HIST2H2AA3
222036_s_at,8.59160909948936,6.8704364355599985,1.7211726639293623,15.30227101247398,4.67098757463398e-31,1.555626858757048e-29,True,Upregulated,MCM4,minichromosome maintenance complex component 4,MCM4
205733_at,4.339476081180851,2.6185260918,1.7209499893808506,13.544320549780336,4.252613541341948e-25,8.406140093150239e-24,True,Upregulated,BLM,"Bloom syndrome, RecQ helicase-like",BLM
203287_at,7.10501564069149,5.39152895106,1.7134866896314902,12.947966792014867,3.255765028649786e-26,7.0982804147125e-25,True,Upregulated,LAD1,ladinin 1,LAD1
202871_at,8.24911906338298,6.536517365540001,1.7126016978429783,15.845014690410602,2.2260111471038092e-35,1.1004433415268886e-33,True,Upregulated,TRAF4,TNF receptor-associated factor 4,TRAF4
229422_at,7.535725131808511,5.82391011573,1.7118150160785106,11.695153765522534,2.793722254969752e-23,4.738667461551659e-22,True,Upregulated,NRD1,nardilysin (N-arginine dibasic convertase),NRD1
204649_at,4.3404773950319155,2.6315337308399993,1.7089436641919162,11.292814712951825,3.312151951537312e-19,3.923087532820653e-18,True,Upregulated,TROAP,trophinin associated protein,TROAP
224448_s_at,10.254004666191488,8.550915976360002,1.7030886898314854,16.852728858887115,1.8869302658044264e-35,9.405971388003417e-34,True,Upregulated,MIR3934,microRNA 3934 /// ubiquinol-cytochrome c reductase complex assembly factor 2,MIR3934
218856_at,10.848016739404255,9.14870945261,1.6993072867942551,15.744858983139384,2.4618985459369955e-32,9.170060608848147e-31,True,Upregulated,TNFRSF21,"tumor necrosis factor receptor superfamily, member 21",TNFRSF21
222416_at,10.356899396297873,8.65895844864,1.697940947657873,24.406686759924558,5.311177355830376e-56,2.322495815127582e-53,True,Upregulated,ALDH18A1,"aldehyde dehydrogenase 18 family, member A1",ALDH18A1
215281_x_at,7.549725420872339,5.852013492120001,1.6977119287523381,9.264110762890061,5.118252196415043e-16,4.553263523592119e-15,True,Upregulated,POGZ,pogo transposable element with ZNF domain,POGZ
215209_at,5.002204778510638,3.30729592867,1.6949088498406382,11.4973901532818,6.45485632434446e-21,8.924958927022907e-20,True,Upregulated,SEC24D,SEC24 family member D,SEC24D
225947_at,8.153307572904255,6.45842178225,1.6948857906542552,19.337797275896513,4.502184750528074e-40,3.4250991370849077e-38,True,Upregulated,MYO19,myosin XIX,MYO19
228463_at,3.917583734872339,2.2239453827599998,1.6936383521123393,8.884510833676416,4.600677940077302e-14,3.373579600340801e-13,True,Upregulated,FOXA3,forkhead box A3,FOXA3
1559500_at,4.238381446138298,2.54560943565,1.6927720104882984,8.714561176602578,5.950800291517216e-14,4.3159350657975324e-13,True,Upregulated,VPS8,vacuolar protein sorting 8 homolog (S. cerevisiae),VPS8
208658_at,8.704689584648936,7.0123729070800005,1.6923166775689351,17.070992213322096,1.2100599136876643e-35,6.204412060782146e-34,True,Upregulated,PDIA4,"protein disulfide isomerase family A, member 4",PDIA4
218750_at,8.006103399414892,6.31622438463,1.6898790147848919,13.455762848223936,1.974047187231161e-29,5.699200322727602e-28,True,Upregulated,TAF1D,"TATA box binding protein (TBP)-associated factor, RNA polymerase I, D, 41kDa",TAF1D
209825_s_at,7.117326510148937,5.429994020740001,1.687332489408936,9.526473663004682,3.3237529602717623e-16,3.0060766221822267e-15,True,Upregulated,MIR3658,microRNA 3658 /// uridine-cytidine kinase 2,MIR3658
201295_s_at,9.474998486138299,7.79181064065,1.6831878454882991,8.100669281932607,2.5485530033449717e-13,1.734382197920398e-12,True,Upregulated,WSB1,WD repeat and SOCS box containing 1,WSB1
205174_s_at,9.45790284597872,7.7749394988599985,1.6829633471187222,8.082886513680622,4.921807577077432e-13,3.2476528567638444e-12,True,Upregulated,QPCT,glutaminyl-peptide cyclotransferase,QPCT
230349_at,4.194738347446809,2.51484222803,1.6798961194168092,9.747762489260902,4.743957121231819e-16,4.230080864101039e-15,True,Upregulated,XKRX,"XK, Kell blood group complex subunit-related, X-linked",XKRX
205862_at,4.210563633053192,2.53114315892,1.6794204741331917,8.217991533823815,8.695431978862215e-13,5.59240110504703e-12,True,Upregulated,GREB1,growth regulation by estrogen in breast cancer 1,GREB1
227891_s_at,7.869086753776597,6.1919806279,1.6771061258765974,9.844204381655228,2.2237164199759552e-17,2.2330995400453083e-16,True,Upregulated,TAF15,"TAF15 RNA polymerase II, TATA box binding protein (TBP)-associated factor, 68kDa",TAF15
228320_x_at,6.070260045308509,4.3945161521300005,1.6757438931785087,14.29076134304572,9.03820005950454e-28,2.2663339319371155e-26,True,Upregulated,CCDC64,coiled-coil domain containing 64,CCDC64
221520_s_at,4.89899204906383,3.2232603769600003,1.6757316721038298,13.136007089088166,1.1524619606074302e-23,2.0184408665982169e-22,True,Upregulated,CDCA8,cell division cycle associated 8,CDCA8
220013_at,6.306444516957447,4.630838043670002,1.675606473287445,11.36998314960349,1.932807291536393e-19,2.3482713571849207e-18,True,Upregulated,EPHX3,epoxide hydrolase 3,EPHX3
204855_at,4.082919775021277,2.41160047395,1.6713193010712768,5.5988126802746345,1.7716931974710843e-07,6.605593395201702e-07,True,Upregulated,SERPINB5,"serpin peptidase inhibitor, clade B (ovalbumin), member 5",SERPINB5
202404_s_at,12.863460750638298,11.192209507430002,1.671251243208296,9.256554754726466,9.900158379334916e-17,9.346847789905349e-16,True,Upregulated,COL1A2,"collagen, type I, alpha 2",COL1A2
201088_at,11.999005782978724,10.328236855810001,1.670768927168723,20.036996957168512,1.4071152621144622e-44,1.656085371730601e-42,True,Upregulated,KPNA2,"karyopherin alpha 2 (RAG cohort 1, importin alpha 1)",KPNA2
1557828_a_at,6.717500603053192,5.04696044611,1.6705401569431917,11.175686229178094,5.12131122436633e-20,6.550650309483174e-19,True,Upregulated,C5orf28,chromosome 5 open reading frame 28,C5orf28
205676_at,4.498109925159575,2.8280370057399993,1.6700729194195758,9.321762492521078,1.4074879630600077e-15,1.2029739008604095e-14,True,Upregulated,CYP27B1,"cytochrome P450, family 27, subfamily B, polypeptide 1",CYP27B1
241453_at,4.532322953968085,2.86286485235,1.6694581016180847,12.432779645419654,9.556442328542412e-22,1.4155957231698765e-20,True,Upregulated,PTK2,protein tyrosine kinase 2,PTK2
220239_at,7.6340555691914895,5.96749351058,1.6665620586114898,13.087091848717316,1.2690669101281085e-26,2.879467781526536e-25,True,Upregulated,KLHL7,kelch-like family member 7,KLHL7
219423_x_at,5.6127316194468095,3.9467976453199998,1.6659339741268098,12.151826834919405,2.0223996767960563e-24,3.767813959686619e-23,True,Upregulated,TNFRSF25,"tumor necrosis factor receptor superfamily, member 25",TNFRSF25
219763_at,3.934748663180852,2.27015058932,1.664598073860852,8.860791651197934,4.564753760219039e-14,3.3508918486029917e-13,True,Upregulated,DENND1A,DENN/MADD domain containing 1A,DENND1A
1554008_at,7.373052006042553,5.710716009749999,1.662335996292554,10.472815025526309,2.1296453858500925e-18,2.3549569638843148e-17,True,Upregulated,OSMR,oncostatin M receptor,OSMR
1554572_a_at,7.596802447000003,5.93539478305,1.661407663950003,15.83246677530925,4.1868250711805177e-32,1.5298408510768704e-30,True,Upregulated,SUV39H2,suppressor of variegation 3-9 homolog 2 (Drosophila),SUV39H2
205692_s_at,7.297099561925534,5.637023975679999,1.6600755862455348,6.9269334177093524,7.383853778404284e-11,3.926326834654007e-10,True,Upregulated,CD38,CD38 molecule,CD38
203192_at,6.544761868914892,4.8850276917599995,1.6597341771548928,11.558576112559834,1.8175436355267395e-20,2.417966905279278e-19,True,Upregulated,ABCB6,"ATP-binding cassette, sub-family B (MDR/TAP), member 6",ABCB6
209006_s_at,9.357688251531915,7.698322710679999,1.6593655408519155,9.13544028448538,3.8325477230450404e-16,3.451153722278596e-15,True,Upregulated,LOC101928189,uncharacterized LOC101928189 /// arginine/serine-rich protein 1,LOC101928189
1566764_at,7.412742903797874,5.75522240965,1.6575204941478736,8.294462309511141,8.598211111001979e-14,6.131027214852876e-13,True,Upregulated,MACC1,metastasis associated in colon cancer 1,MACC1
217534_at,4.450978191904255,2.795969597189999,1.655008594714256,10.71466139410987,2.1178274603218692e-18,2.3428520728274795e-17,True,Upregulated,FAM49B,"family with sequence similarity 49, member B",FAM49B
206848_at,6.404058512287235,4.75280824691,1.651250265377235,9.658467767882764,3.0911100364199625e-17,3.069197792484477e-16,True,Upregulated,COX20,COX20 cytochrome C oxidase assembly factor,COX20
230229_at,6.055144942085107,4.404954400399999,1.6501905416851077,8.708020819266487,3.3770310550344e-15,2.785843440584053e-14,True,Upregulated,DLG1,"discs, large homolog 1 (Drosophila)",DLG1
202220_at,10.400495459617021,8.75203717266,1.6484582869570215,18.867211021852583,5.312925463332081e-44,5.855758380548756e-42,True,Upregulated,KIAA0907,KIAA0907,KIAA0907
1553186_x_at,11.47497714357447,9.82959943052,1.6453777130544704,9.79218983520591,4.105263862953511e-18,4.420534977633985e-17,True,Upregulated,RASEF,RAS and EF-hand domain containing,RASEF
238880_at,6.309361464340424,4.6642437041700004,1.6451177601704234,13.867007826491783,1.416840756737141e-28,3.816033897940103e-27,True,Upregulated,GTF3A,general transcription factor IIIA,GTF3A
243483_at,3.8742108352127653,2.2306164096699996,1.6435944255427657,6.569407339904346,2.846143659084342e-09,1.2822069088492372e-08,True,Upregulated,TRPM8,"transient receptor potential cation channel, subfamily M, member 8",TRPM8
235412_at,4.144572162361702,2.50194285335,1.642629309011702,7.756663700856737,7.52940504077094e-12,4.419211910987623e-11,True,Upregulated,ARHGEF7,Rho guanine nucleotide exchange factor (GEF) 7,ARHGEF7
201761_at,11.166670092585104,9.52476799105,1.6419021015351039,15.428686383908476,1.8883642933943429e-34,8.523341554674581e-33,True,Upregulated,MTHFD2,"methylenetetrahydrofolate dehydrogenase (NADP+ dependent) 2, methenyltetrahydrofolate cyclohydrolase",MTHFD2
206499_s_at,7.442980206202128,5.801329932130001,1.641650274072127,16.354540969193803,1.0902917592696617e-36,6.265217154281841e-35,True,Upregulated,RCC1,regulator of chromosome condensation 1,RCC1
229860_x_at,8.126310230457445,6.485920567160001,1.6403896632974444,15.323213791068158,3.98646131631718e-33,1.6025097784711198e-31,True,Upregulated,C4orf48,chromosome 4 open reading frame 48,C4orf48
242851_at,5.950050420095745,4.311759072930001,1.6382913471657439,11.41138439013427,2.4479732029925287e-22,3.8397983871728246e-21,True,Upregulated,KIAA1919,KIAA1919,KIAA1919
232489_at,6.247804547265958,4.61099709907,1.6368074481959578,7.9986698478311435,2.9003174572073133e-13,1.9617262921699263e-12,True,Upregulated,TRMT13,tRNA methyltransferase 13 homolog (S. cerevisiae),TRMT13
206094_x_at,4.134215032734042,2.4979291300599997,1.6362859026740426,5.444789288954476,3.6746363640412274e-07,1.325313427722936e-06,True,Upregulated,UGT1A1,"UDP glucuronosyltransferase 1 family, polypeptide A1 /// UDP glucuronosyltransferase 1 family, polypeptide A10 /// UDP glucuronosyltransferase 1 family, polypeptide A3 /// UDP glucuronosyltransferase 1 family, polypeptide A4 /// UDP glucuronosyltransferase 1 family, polypeptide A5 /// UDP glucuronosyltransferase 1 family, polypeptide A6 /// UDP glucuronosyltransferase 1 family, polypeptide A7 /// UDP glucuronosyltransferase 1 family, polypeptide A8 /// UDP glucuronosyltransferase 1 family, polypeptide A9",UGT1A1
1554638_at,6.47473719681915,4.8394443766099995,1.6352928202091501,8.986281856389736,1.045346002116465e-15,9.037932819456066e-15,True,Upregulated,ZFYVE16,"zinc finger, FYVE domain containing 16",ZFYVE16
210082_at,3.862707992765957,2.2279586431999996,1.6347493495659573,6.776963877750881,1.0867824838675635e-09,5.123920290787234e-09,True,Upregulated,ABCA4,"ATP-binding cassette, sub-family A (ABC1), member 4",ABCA4
1563933_a_at,4.001485519180851,2.36752157842,1.633963940760851,7.027865951697438,1.9540620141149865e-10,9.927380701916376e-10,True,Upregulated,PLD5,"phospholipase D family, member 5",PLD5
237107_at,5.07337502231915,3.4397320875800004,1.6336429347391492,10.06882119079472,9.888977654065618e-18,1.0280026132616415e-16,True,Upregulated,PRKRA,"protein kinase, interferon-inducible double stranded RNA dependent activator",PRKRA
1557996_at,7.9847962072978715,6.351264370019999,1.6335318372778724,9.319576762402868,5.3881672480130604e-17,5.221765109939288e-16,True,Upregulated,AC004951.6,"/// Homo sapiens cDNA FLJ34465 fis, clone HLUNG2003061.",AC004951.6
1554478_a_at,5.329320420893618,3.6961091748000006,1.6332112460936172,11.822716863136,2.0701278089247472e-23,3.5493750185153473e-22,True,Upregulated,HEATR3,HEAT repeat containing 3,HEATR3
205402_x_at,4.323935408138297,2.6920452060799995,1.6318902020582975,5.117638845543309,1.2571372925299878e-06,4.2679029486850925e-06,True,Upregulated,PRSS2,"protease, serine, 2 (trypsin 2)",PRSS2
239246_at,6.891908383489362,5.2633453591,1.6285630243893623,10.007357912913458,2.0933264690080282e-18,2.316700770824399e-17,True,Upregulated,FARP1,"FERM, RhoGEF (ARHGEF) and pleckstrin domain protein 1 (chondrocyte-derived)",FARP1
219544_at,5.905545793968084,4.277252781810001,1.6282930121580836,12.924750025248327,3.398597609768359e-27,8.113491834842475e-26,True,Upregulated,BORA,"bora, aurora kinase A activator",BORA
1555996_s_at,7.037640770585106,5.410074710099999,1.6275660604851065,8.666177186796643,7.970293038925758e-15,6.338757672507185e-14,True,Upregulated,EIF4A2,"eukaryotic translation initiation factor 4A2 /// microRNA 1248 /// small nucleolar RNA, H/ACA box 4 /// small nucleolar RNA, H/ACA box 63 /// small nucleolar RNA, H/ACA box 81 /// small nucleolar RNA, C/D box 2",EIF4A2
1565620_at,5.859168542319146,4.232439488879999,1.6267290534391474,9.287831495901118,1.5050286024039011e-15,1.2828758860363903e-14,True,Upregulated,AGAP4,"ArfGAP with GTPase domain, ankyrin repeat and PH domain 4",AGAP4
1555225_at,5.633504217553192,4.00757795555,1.6259262620031913,11.249803691231895,1.4670097067550546e-20,1.9701519122978118e-19,True,Upregulated,C1orf43,chromosome 1 open reading frame 43,C1orf43
203046_s_at,7.015658973648934,5.38984402061,1.625814953038934,16.64401429499303,2.0703764287192037e-32,7.776345432618093e-31,True,Upregulated,TIMELESS,timeless circadian clock,TIMELESS
225767_at,6.468436451308512,4.84533097145,1.6231054798585118,8.20170152719714,4.6101041539297515e-14,3.380030834559237e-13,True,Upregulated,RNA45S5,"RNA, 45S pre-ribosomal 5",RNA45S5
204714_s_at,5.751305234446808,4.129206967179999,1.622098267266809,8.731190227091906,6.309844923705573e-15,5.061615496889306e-14,True,Upregulated,F5,"coagulation factor V (proaccelerin, labile factor)",F5
241751_at,5.9893082203936165,4.367654974250001,1.621653246143616,8.62013569202135,1.3119716864677753e-14,1.0185581571644885e-13,True,Upregulated,OFD1,oral-facial-digital syndrome 1,OFD1
216109_at,6.074104781542553,4.453557082680001,1.620547698862552,8.487491003748419,8.526702400626865e-14,6.081649851745345e-13,True,Upregulated,MED13L,mediator complex subunit 13-like,MED13L
206074_s_at,8.870138898851064,7.251002608549999,1.619136290301065,12.979723336498564,4.320429901830162e-27,1.0218937673695563e-25,True,Upregulated,HMGA1,high mobility group AT-hook 1,HMGA1
1552532_a_at,3.8341503010957445,2.21659597603,1.6175543250657447,7.995641414803076,3.4567976935111387e-12,2.097318902912466e-11,True,Upregulated,ATP6V1C2,"ATPase, H+ transporting, lysosomal 42kDa, V1 subunit C2",ATP6V1C2
225119_at,8.906834040797873,7.2912414845599995,1.615592556237874,11.059294129812459,1.1832373675348859e-21,1.737892000279393e-20,True,Upregulated,CHMP4B,charged multivesicular body protein 4B,CHMP4B
201897_s_at,10.586937955223403,8.97144777178,1.615490183443404,16.66789100084064,3.045861998910643e-34,1.3550432876212395e-32,True,Upregulated,CKS1B,CDC28 protein kinase regulatory subunit 1B,CKS1B
230998_at,5.653569881851063,4.04027677791,1.6132931039410634,9.762563249919827,7.089429368908306e-18,7.473775931715057e-17,True,Upregulated,CBX3,chromobox homolog 3,CBX3
221969_at,4.969009103372341,3.35789619964,1.6111129037323408,7.243724616275035,1.2485518670868232e-11,7.165451421588976e-11,True,Upregulated,PAX5,paired box 5,PAX5
219956_at,6.670502420765959,5.0595538285799995,1.6109485921859594,8.414158114470473,5.2358146533450384e-14,3.8190063323137543e-13,True,Upregulated,GALNT6,polypeptide N-acetylgalactosaminyltransferase 6,GALNT6
228407_at,6.462084042159574,4.8518276804300005,1.610256361729574,7.9277363540997845,1.4646556923120488e-12,9.227828401861997e-12,True,Upregulated,SCUBE3,"signal peptide, CUB domain, EGF-like 3",SCUBE3
238807_at,6.069316335882978,4.459313267180001,1.6100030687029774,12.237363557016025,7.448911453161051e-23,1.2199974160162008e-21,True,Upregulated,ANKRD46,ankyrin repeat domain 46 /// glyceraldehyde 3 phosphate dehydrogenase pseudogene 62,ANKRD46
219959_at,7.176017038457448,5.56694376118,1.6090732772774476,8.396142085791618,2.6962256720869025e-14,2.024842139051468e-13,True,Upregulated,MOCOS,molybdenum cofactor sulfurase,MOCOS
220840_s_at,6.012034575531916,4.40492181266,1.6071127628719166,14.786581135536855,3.675018365183289e-27,8.76172596585764e-26,True,Upregulated,C1orf112,chromosome 1 open reading frame 112,C1orf112
1558508_a_at,8.447807213808511,6.84141478108,1.6063924327285113,11.536313195266034,1.3212672560082272e-22,2.1137918093890095e-21,True,Upregulated,C1orf53,chromosome 1 open reading frame 53,C1orf53
223452_s_at,7.670328394936173,6.0658019238500005,1.6045264710861726,12.655824744888605,6.327428321667755e-25,1.2330690569174706e-23,True,Upregulated,ATL3,atlastin GTPase 3,ATL3
226455_at,6.9560350090106375,5.351573705769999,1.6044613032406385,13.0669250150134,3.2358221509290337e-25,6.491679604993249e-24,True,Upregulated,CREB3L4,cAMP responsive element binding protein 3-like 4,CREB3L4
204078_at,7.441406970170212,5.837653347050001,1.6037536231202116,13.404745063637339,1.8631366661889697e-26,4.156394389367065e-25,True,Upregulated,LEPREL4,leprecan-like 4,LEPREL4
204023_at,8.89694292112766,7.294017590799999,1.6029253303276612,14.894384408670364,9.914595497041993e-30,2.959303182041624e-28,True,Upregulated,RFC4,"replication factor C (activator 1) 4, 37kDa",RFC4
200700_s_at,11.507261435212765,9.904655194800002,1.6026062404127632,18.74972477266207,1.3299670506077549e-43,1.3998749077101509e-41,True,Upregulated,KDELR2,KDEL (Lys-Asp-Glu-Leu) endoplasmic reticulum protein retention receptor 2,KDELR2
219125_s_at,9.290747906861702,7.69078018824,1.599967718621702,17.908222355710667,1.4837444372609553e-36,8.391659127499236e-35,True,Upregulated,SLC50A1,"solute carrier family 50 (sugar efflux transporter), member 1",SLC50A1
236700_at,4.192297864851064,2.5929564574000006,1.599341407451063,8.843856434139083,1.884194506789178e-14,1.4397398173343193e-13,True,Upregulated,EIF3C,"eukaryotic translation initiation factor 3, subunit C",EIF3C
232466_at,4.815183450989362,3.217642915600001,1.5975405353893608,9.740805438061388,1.2159840344374734e-16,1.139225174642988e-15,True,Upregulated,AK126278,"Homo sapiens cDNA FLJ13368 fis, clone PLACE1000599. /// cullin 4A",AK126278
224511_s_at,11.942641174468086,10.345406827249999,1.5972343472180874,16.538833449477128,4.8071645035042e-34,2.0969841847970551e-32,True,Upregulated,TXNDC17,thioredoxin domain containing 17,TXNDC17
226597_at,4.4576483314787225,2.8625497785500005,1.595098552928722,10.247892575510129,2.3313498478971615e-17,2.336388725898952e-16,True,Upregulated,REEP6,receptor accessory protein 6,REEP6
201710_at,5.608647499829788,4.01366787126,1.5949796285697877,11.890197108054158,3.734585684411764e-21,5.2432374216071816e-20,True,Upregulated,MYBL2,v-myb avian myeloblastosis viral oncogene homolog-like 2,MYBL2
206010_at,4.360941127542554,2.769448121500001,1.591493006042553,6.230129972688179,8.213419819706205e-09,3.5363992829228145e-08,True,Upregulated,HABP2,hyaluronan binding protein 2,HABP2
227672_at,5.510847331521276,3.9203934605,1.590453871021276,13.57682939692351,4.1624013996714645e-25,8.236899252491882e-24,True,Upregulated,MROH6,maestro heat-like repeat family member 6,MROH6
201563_at,9.373843185617021,7.784645150269999,1.5891980353470219,13.744324228715586,2.9674274888752237e-28,7.762940414233598e-27,True,Upregulated,SORD,sorbitol dehydrogenase,SORD
208025_s_at,3.805711614659575,2.2167398631,1.588971751559575,5.71766296252407,1.2978951577541807e-07,4.915059420894626e-07,True,Upregulated,HMGA2,high mobility group AT-hook 2,HMGA2
231240_at,4.588535948925532,3.00021574213,1.5883202067955322,7.593303087405346,6.751941372746921e-12,3.982016652133398e-11,True,Upregulated,DIO2,"deiodinase, iodothyronine, type II",DIO2
204603_at,3.8671739182659577,2.27908433342,1.5880895848459575,10.239318653678085,6.252752522319857e-17,6.025990811064251e-16,True,Upregulated,EXO1,exonuclease 1,EXO1
235926_at,6.896186410191489,5.30829886773,1.5878875424614893,9.204945821500745,8.895416755906434e-17,8.43378962864769e-16,True,Upregulated,ANAPC5,anaphase promoting complex subunit 5,ANAPC5
226287_at,7.354759518297873,5.767526864209999,1.5872326540878738,13.236145013055511,4.106272470882979e-28,1.0582653144174025e-26,True,Upregulated,CCDC34,coiled-coil domain containing 34,CCDC34
227211_at,6.569827428542553,4.98460263973,1.5852247888125524,12.18704372653104,2.8393299275875655e-23,4.814508180492584e-22,True,Upregulated,PHF19,PHD finger protein 19,PHF19
227614_at,5.226909149638297,3.6466011733699992,1.580307976268298,8.79767764233629,1.9754981994254477e-14,1.5071510092808103e-13,True,Upregulated,HKDC1,hexokinase domain containing 1,HKDC1
231148_at,3.94254229737234,2.36310784907,1.5794344483023401,7.580958250066443,1.2331633507569884e-11,7.082426479852149e-11,True,Upregulated,IGFL2,IGF-like family member 2,IGFL2
242872_at,4.065794631659573,2.4868070271500007,1.5789876045095723,7.448059350408902,4.073015239106927e-11,2.2213668388826322e-10,True,Upregulated,CIT,citron rho-interacting serine/threonine kinase /// microRNA 1178,CIT
232530_at,4.465053309468085,2.8866716320899997,1.5783816773780854,8.443075032523497,4.9217538204273214e-14,3.6016523943605974e-13,True,Upregulated,PLD1,"phospholipase D1, phosphatidylcholine-specific",PLD1
243318_at,6.536912905308508,4.9596067898600005,1.5773061154485077,9.410586071064474,1.745984226979329e-16,1.6143975869401786e-15,True,Upregulated,DCAF8,DDB1 and CUL4 associated factor 8,DCAF8
202722_s_at,10.401152723531915,8.82403371833,1.577119005201915,20.831026550681287,2.5375400008415926e-42,2.3251128873128776e-40,True,Upregulated,GFPT1,glutamine--fructose-6-phosphate transaminase 1,GFPT1
230707_at,4.409719178170213,2.8349629924799995,1.5747561856902133,8.642642207834923,4.289100396826076e-14,3.155862571049074e-13,True,Upregulated,SORL1,"sortilin-related receptor, L(DLR class) A repeats containing",SORL1
1554670_at,5.45310848762766,3.87861300545,1.5744954821776602,10.718915905269755,8.204195297197754e-20,1.0283636640761557e-18,True,Upregulated,GGA1,"golgi-associated, gamma adaptin ear containing, ARF binding protein 1",GGA1
1554576_a_at,4.143544054404256,2.5700520899600003,1.5734919644442553,12.200891425757248,4.791758150690987e-21,6.689060573399052e-20,True,Upregulated,ETV4,ets variant 4,ETV4
214917_at,5.052682747521276,3.4794615170000003,1.5732212305212756,9.846861473304289,2.84940973703224e-17,2.8370668662720487e-16,True,Upregulated,PRKAA1,"protein kinase, AMP-activated, alpha 1 catalytic subunit",PRKAA1
230058_at,4.772476418489362,3.19975844036,1.5727179781293623,12.618400825907354,5.58935310706333e-24,1.0064578045413735e-22,True,Upregulated,SDCCAG3,serologically defined colon cancer antigen 3,SDCCAG3
220123_at,4.762654987063829,3.1900798935,1.5725750935638292,9.87543242918681,1.721128398892898e-17,1.7443492003552555e-16,True,Upregulated,SLC35F5,"solute carrier family 35, member F5",SLC35F5
205614_x_at,6.160701460510639,4.58890117919,1.5718002813206393,10.078422226233187,9.147709862654299e-18,9.540793536411173e-17,True,Upregulated,MST1,macrophage stimulating 1 (hepatocyte growth factor-like),MST1
205750_at,8.453023441553194,6.881364230909997,1.5716592106431966,17.06819807059548,2.9338657342803272e-33,1.194556414716137e-31,True,Upregulated,BPHL,biphenyl hydrolase-like (serine hydrolase),BPHL
204286_s_at,7.913855507276597,6.34234194224,1.5715135650365966,9.259947072212308,8.880625683029508e-17,8.421250581583659e-16,True,Upregulated,PMAIP1,phorbol-12-myristate-13-acetate-induced protein 1,PMAIP1
229672_at,4.7847685176914885,3.2137733538700006,1.5709951638214878,11.810826299478524,1.0589581031349802e-21,1.5630384340070815e-20,True,Upregulated,UQCC1,ubiquinol-cytochrome c reductase complex assembly factor 1,UQCC1
215470_at,7.318315346510638,5.747475212179999,1.5708401343306395,8.419944921419448,2.5490964625890892e-14,1.918367179751179e-13,True,Upregulated,GTF2H2B,"general transcription factor IIH, polypeptide 2B (pseudogene)",GTF2H2B
210643_at,3.9821513156382995,2.41155758032,1.5705937353182997,7.217423920908129,8.568067140009717e-11,4.521605761308503e-10,True,Upregulated,TNFSF11,"tumor necrosis factor (ligand) superfamily, member 11",TNFSF11
1553145_at,5.662365771797871,4.09245561403,1.569910157767871,10.745401625899248,8.271717021119192e-19,9.486195558590978e-18,True,Upregulated,TAPT1-AS1,TAPT1 antisense RNA 1 (head to head),TAPT1-AS1
228613_at,7.278325916936173,5.70847386129,1.569852055646173,7.943648066532089,5.189754893945317e-13,3.412005338292908e-12,True,Upregulated,RAB11FIP3,RAB11 family interacting protein 3 (class II),RAB11FIP3
1562110_at,4.677738307414893,3.10818198331,1.569556324104893,8.59312749518635,3.811771823558206e-14,2.8212461717614096e-13,True,Upregulated,BC022892,"Homo sapiens, clone IMAGE:4616140, mRNA.",BC022892
206204_at,6.126357769712763,4.557183819779999,1.5691739499327646,6.772742141787522,3.971727863438476e-10,1.950007803403942e-09,True,Upregulated,GRB14,growth factor receptor-bound protein 14,GRB14
215013_s_at,4.946650888031915,3.37853819719,1.5681126908419145,9.437567661475557,4.278713019968813e-16,3.836220344924864e-15,True,Upregulated,USP34,ubiquitin specific peptidase 34,USP34
242913_at,7.770777006244681,6.204363981009999,1.5664130252346817,7.248059777563325,3.102138319052213e-11,1.7114741166123943e-10,True,Upregulated,CLIC6,chloride intracellular channel 6,CLIC6
232065_x_at,6.972778467212767,5.4064848668000005,1.5662936004127666,15.802694158772757,2.4058733778945723e-33,9.870503852283558e-32,True,Upregulated,CENPL,centromere protein L,CENPL
202923_s_at,9.490450746574467,7.92528091984,1.5651698267344676,8.518284011902708,8.721252913393852e-14,6.212174668253234e-13,True,Upregulated,GCLC,"glutamate-cysteine ligase, catalytic subunit",GCLC
205049_s_at,6.7891001697553195,5.22435413452,1.564746035235319,6.1679735849872115,4.637623224175443e-09,2.0440809861140734e-08,True,Upregulated,CD79A,"CD79a molecule, immunoglobulin-associated alpha",CD79A
209873_s_at,7.881343601425532,6.317500758490001,1.5638428429355304,17.02936445642224,7.738655400765757e-35,3.6383856589649215e-33,True,Upregulated,PKP3,plakophilin 3,PKP3
232521_at,5.0965297797765965,3.53279484521,1.5637349345665963,8.817289369736226,1.1043727428787154e-14,8.651295127945614e-14,True,Upregulated,PCSK7,proprotein convertase subtilisin/kexin type 7,PCSK7
228796_at,3.913299368106383,2.3510934206,1.5622059475063832,7.515659177586827,3.236136326681399e-11,1.7824764819957577e-10,True,Upregulated,CPNE4,copine IV,CPNE4
203040_s_at,7.784977299170211,6.22369348584,1.5612838133302107,17.012491451787337,8.53111322398804e-37,4.955231704810159e-35,True,Upregulated,HMBS,hydroxymethylbilane synthase,HMBS
218512_at,8.377105377276596,6.81638394626,1.5607214310165958,17.64987444036603,7.14859811360328e-38,4.615780289775102e-36,True,Upregulated,WDR12,WD repeat domain 12,WDR12
216228_s_at,4.8868358655,3.3266126607,1.5602232048000002,12.330759094877383,2.3184638602961194e-22,3.639839380907387e-21,True,Upregulated,WDHD1,WD repeat and HMG-box DNA binding protein 1,WDHD1
1556373_a_at,5.250164743159575,3.69273192361,1.5574328195495748,9.675898882367045,1.3850169390888122e-16,1.2930831641352344e-15,True,Upregulated,FAM185A,"family with sequence similarity 185, member A",FAM185A
218897_at,6.606006813999999,5.04867718957,1.5573296244299986,15.803138442595941,6.257412876033107e-33,2.4692678573023966e-31,True,Upregulated,TMEM177,transmembrane protein 177,TMEM177
236293_at,5.305148694276595,3.7502140442599994,1.554934650016596,7.437935141321865,7.301867704423376e-12,4.2936291281307066e-11,True,Upregulated,RHOH,ras homolog family member H,RHOH
215465_at,3.7689529683404257,2.21438901382,1.5545639545204257,7.391332204474743,6.199363555334522e-11,3.3217669673961206e-10,True,Upregulated,ABCA12,"ATP-binding cassette, sub-family A (ABC1), member 12",ABCA12
1566140_at,7.650968122148937,6.09949756467,1.551470557478937,6.519579211292024,1.609143607768802e-09,7.437432163569029e-09,True,Upregulated,HOPX,HOP homeobox,HOPX
232067_at,5.518831374808511,3.9679032266200007,1.5509281481885102,8.419485409704007,1.191837078898915e-13,8.384011133358231e-13,True,Upregulated,FAXC,failed axon connections homolog (Drosophila),FAXC
209635_at,7.947632292840427,6.396821073430001,1.5508112194104262,16.3869081917832,7.921623109160346e-36,4.140645486387739e-34,True,Upregulated,AP1S1,"adaptor-related protein complex 1, sigma 1 subunit",AP1S1
236316_at,3.979478884872341,2.4291956693899994,1.5502832154823416,9.140056002527805,9.783460158641882e-15,7.706695783431639e-14,True,Upregulated,FAM3C,"family with sequence similarity 3, member C",FAM3C
221729_at,10.528505188574469,8.97867574839,1.5498294401844692,8.519033017179543,1.7976909029560777e-14,1.3771628387180688e-13,True,Upregulated,COL5A2,"collagen, type V, alpha 2",COL5A2
218872_at,7.532640735393618,5.983298503319999,1.5493422320736192,6.074131960498158,2.2314887267650297e-08,9.179568080901252e-08,True,Upregulated,TESC,tescalcin,TESC
204679_at,10.522679366606383,8.97465048706,1.5480288795463828,10.781704591600295,1.3160112894530935e-19,1.6204895424570531e-18,True,Upregulated,KCNK1,"potassium channel, subfamily K, member 1",KCNK1
215708_s_at,5.557369948840426,4.0142121071600005,1.5431578416804257,9.593796705954226,3.83686239717683e-17,3.7706830055646445e-16,True,Upregulated,PRIM2,"primase, DNA, polypeptide 2 (58kDa) /// primase, DNA, polypeptide 2 (58kDa) pseudogene",PRIM2
215380_s_at,11.408748450138294,9.86661419171,1.5421342584282947,19.944002787718688,1.6794879262432983e-40,1.33234421240298e-38,True,Upregulated,GGCT,gamma-glutamylcyclotransferase,GGCT
222257_s_at,4.152617988031914,2.61386723557,1.5387507524619144,6.722566433475231,1.2808424749527122e-09,5.9889935980010936e-09,True,Upregulated,ACE2,angiotensin I converting enzyme 2,ACE2
227103_s_at,3.965798620446808,2.42817240956,1.537626210886808,11.431024170634258,1.573286511722235e-19,1.924074313767443e-18,True,Upregulated,ECE2,endothelin converting enzyme 2,ECE2
229377_at,8.208154051840427,6.670709691100001,1.5374443607404267,11.958918114740605,2.0023389884296808e-23,3.4364328280688836e-22,True,Upregulated,GRTP1,growth hormone regulated TBC protein 1,GRTP1
213201_s_at,4.176221871819148,2.63887491708,1.5373469547391485,7.089755998424198,1.6273121293186639e-10,8.333486640724903e-10,True,Upregulated,TNNT1,"troponin T type 1 (skeletal, slow)",TNNT1
235463_s_at,6.957811734893619,5.420921642599999,1.5368900922936204,11.251850933978082,3.6003753990037433e-22,5.556665457986093e-21,True,Upregulated,CERS6,ceramide synthase 6,CERS6
215483_at,5.5353059246063845,3.9985610355600003,1.5367448890463842,9.86046555149331,5.098104575527723e-18,5.4373716577302025e-17,True,Upregulated,AKAP9,A kinase (PRKA) anchor protein 9,AKAP9
224185_at,3.9442647941595745,2.40778984005,1.5364749541095746,11.689489826105493,4.0960941288133796e-20,5.279475648510819e-19,True,Upregulated,RP11-199F11.2,,RP11-199F11.2
202200_s_at,9.256501407851063,7.721005421130001,1.5354959867210622,25.54349508637973,3.2768862414608005e-51,7.500025675881303e-49,True,Upregulated,SRPK1,SRSF protein kinase 1,SRPK1
203946_s_at,6.65652970970213,5.1217464799100005,1.5347832297921293,6.914220106975942,7.381879808949496e-11,3.9256652897385564e-10,True,Upregulated,ARG2,arginase 2,ARG2
239512_at,5.617613741936172,4.08410732695,1.5335064149861717,8.510870910866224,7.323188450314333e-14,5.25460264125676e-13,True,Upregulated,SRSF4,serine/arginine-rich splicing factor 4,SRSF4
33322_i_at,12.486930231595744,10.95529189636,1.531638335235744,11.526351498499896,1.070668452895359e-23,1.88131242755406e-22,True,Upregulated,SFN,stratifin,SFN
220060_s_at,5.253137561702128,3.7232387616499993,1.5298988000521287,11.902104953463546,4.9777543509996e-22,7.58881790030795e-21,True,Upregulated,PARPBP,PARP1 binding protein,PARPBP
225765_at,8.652806861893618,7.122946220460001,1.5298606414336167,19.08258001789283,2.3528638551312064e-39,1.7078425818095419e-37,True,Upregulated,TNPO1,transportin 1,TNPO1
205450_at,6.013642516712765,4.4862127247700005,1.5274297919427644,13.40133557431612,4.423045174251395e-24,8.010030563713318e-23,True,Upregulated,PHKA1,"phosphorylase kinase, alpha 1 (muscle)",PHKA1
207536_s_at,5.414083720946809,3.88751024466,1.5265734762868086,10.214143934491135,6.432576380330977e-19,7.438885254622273e-18,True,Upregulated,TNFRSF9,"tumor necrosis factor receptor superfamily, member 9",TNFRSF9
224517_at,7.0224897039468095,5.4960626251799996,1.52642707876681,10.780928182517133,6.2516478155396e-21,8.651834201127412e-20,True,Upregulated,POLR2J4,"polymerase (RNA) II (DNA directed) polypeptide J4, pseudogene",POLR2J4
219588_s_at,7.719115474234043,6.19322302809,1.5258924461440424,14.201683296725351,1.1942897601626809e-26,2.7161128558186026e-25,True,Upregulated,NCAPG2,"non-SMC condensin II complex, subunit G2",NCAPG2
222640_at,7.289570282117021,5.763751649719999,1.525818632397022,18.66195708612534,2.958734391185828e-39,2.1275198925711358e-37,True,Upregulated,DNMT3A,DNA (cytosine-5-)-methyltransferase 3 alpha,DNMT3A
213517_at,7.655230658627659,6.1298779432599995,1.5253527153676592,9.27871930722098,1.142442774935171e-16,1.0727649670040173e-15,True,Upregulated,PCBP2,poly(rC) binding protein 2,PCBP2
226488_at,7.156580248404258,5.63169771062,1.5248825377842579,16.990420016823972,4.643814505544802e-33,1.8542851298829452e-31,True,Upregulated,RCCD1,RCC1 domain containing 1,RCCD1
222680_s_at,6.149513758797872,4.62570309879,1.5238106600078725,7.646425918990105,9.677143112378023e-13,6.1926807786123065e-12,True,Upregulated,DTL,denticleless E3 ubiquitin protein ligase homolog (Drosophila),DTL
218350_s_at,9.168957599978723,7.64524896754,1.5237086324387237,14.756884497322783,6.8467925373735605e-31,2.2523644245576412e-29,True,Upregulated,GMNN,"geminin, DNA replication inhibitor",GMNN
229694_at,7.151657347329786,5.628116142360001,1.5235412049697858,8.310194424627886,4.120063891842876e-14,3.0360563979539794e-13,True,Upregulated,WDR11,WD repeat domain 11,WDR11
242972_at,5.216159632127659,3.6943792585299997,1.5217803735976592,7.157374305869429,7.739286186914378e-11,4.107610487955168e-10,True,Upregulated,HCG18,HLA complex group 18 (non-protein coding),HCG18
230256_at,7.110428172489364,5.589227614279999,1.5212005582093653,8.79868985144053,1.569547701837741e-15,1.3355433110432644e-14,True,Upregulated,RUSC1-AS1,RUSC1 antisense RNA 1,RUSC1-AS1
205894_at,5.846568148468085,4.326086725280001,1.5204814231880848,6.190800256822685,1.019661523683762e-08,4.344040769335035e-08,True,Upregulated,ARSE,arylsulfatase E (chondrodysplasia punctata 1),ARSE
1554452_a_at,8.556692561914893,7.03708803746,1.519604524454893,10.775772116909115,2.763191107489614e-20,3.619605380112917e-19,True,Upregulated,HILPDA,hypoxia inducible lipid droplet-associated,HILPDA
219557_s_at,4.899386011946807,3.3811293214100004,1.5182566905368065,8.173467560549772,1.1256249136014618e-13,7.942130605138163e-13,True,Upregulated,NRIP3,nuclear receptor interacting protein 3,NRIP3
205180_s_at,7.10326437225532,5.588621273129999,1.5146430991253208,13.139812933137485,2.8139960887671637e-27,6.768944258963805e-26,True,Upregulated,ADAM8,ADAM metallopeptidase domain 8,ADAM8
233063_s_at,5.956517299117021,4.4419790701,1.5145382290170204,13.43045579433366,4.661526625686041e-27,1.0991883870633468e-25,True,Upregulated,GMDS-AS1,GMDS antisense RNA 1 (head to head) ///,GMDS-AS1
226663_at,8.80410193824468,7.290504898419999,1.5135970398246803,9.612277761745563,9.411676213157886e-18,9.799001486661055e-17,True,Upregulated,ANKRD10-IT1,ANKRD10 intronic transcript 1 (non-protein coding),ANKRD10-IT1
231106_at,4.470733719542554,2.9576051412300006,1.513128578312553,9.461543399953976,3.7812644444247634e-16,3.4061143762825376e-15,True,Upregulated,BMS1P6,BMS1 pseudogene 6,BMS1P6
205466_s_at,8.987931302393616,7.476879761789999,1.5110515406036162,8.29018583932228,5.954348084568147e-14,4.317925927957157e-13,True,Upregulated,HS3ST1,heparan sulfate (glucosamine) 3-O-sulfotransferase 1,HS3ST1
220012_at,5.568886925734041,4.058193617570001,1.5106933081640408,8.685327388694251,3.1732748842013335e-14,2.3646129526413535e-13,True,Upregulated,ERO1LB,ERO1-like beta (S. cerevisiae),ERO1LB
203892_at,11.308269755361701,9.799033626719998,1.509236128641703,8.818529577068782,2.18055619528012e-15,1.829979646112288e-14,True,Upregulated,WFDC2,WAP four-disulfide core domain 2,WFDC2
208103_s_at,8.504973059500001,6.997172462720001,1.5078005967800001,11.438264499406472,2.4364282507894634e-20,3.206403961266506e-19,True,Upregulated,ANP32E,"acidic (leucine-rich) nuclear phosphoprotein 32 family, member E",ANP32E
223311_s_at,7.326559219404255,5.819264867419999,1.5072943519842559,19.035851955831962,5.52942655854719e-40,4.1947212535686764e-38,True,Upregulated,MTA3,"metastasis associated 1 family, member 3",MTA3
1556088_at,4.487086969861703,2.9807145806200004,1.5063723892417022,10.551134633752179,6.971216339148134e-19,8.039319082706294e-18,True,Upregulated,RPAIN,RPA interacting protein,RPAIN
222451_s_at,9.518556261627662,8.01220846647,1.5063477951576623,14.343647377848004,7.383241217503285e-29,2.0364872416647777e-27,True,Upregulated,ZDHHC9,"zinc finger, DHHC-type containing 9",ZDHHC9
1558078_at,6.156730452946808,4.652388182169999,1.5043422707768084,8.341321956174781,2.038656860594205e-14,1.5526932583392793e-13,True,Upregulated,BC041025,Homo sapiens cDNA clone IMAGE:3959993.,BC041025
206089_at,3.739063323319149,2.23561143156,1.5034518917591488,5.735407836814146,1.1921356721960808e-07,4.530182935194178e-07,True,Upregulated,NELL1,NEL-like 1 (chicken),NELL1
229437_at,6.706145830776597,5.2029041107000005,1.5032417200765966,7.73783767765067,6.901947724991502e-13,4.4855988440840135e-12,True,Upregulated,MIR155,microRNA 155 /// MIR155 host gene (non-protein coding),MIR155
216905_s_at,8.772276432361702,7.2693853386,1.5028910937617015,16.995313215281282,6.01746305848808e-38,3.923094158349574e-36,True,Upregulated,ST14,suppression of tumorigenicity 14 (colon carcinoma),ST14
213460_x_at,8.294021564670212,6.791808635710001,1.502212928960211,17.668605836403884,3.2917423757458876e-40,2.5328992191969715e-38,True,Upregulated,NSUN5P1,"NOP2/Sun domain family, member 5 pseudogene 1 /// NOP2/Sun domain family, member 5 pseudogene 2",NSUN5P1
231880_at,3.808879559851063,2.3072857023999993,1.5015938574510637,7.269709413025408,1.0864307038256807e-10,5.670525166032806e-10,True,Upregulated,STRIP2,striatin interacting protein 2,STRIP2
221258_s_at,4.931984648276596,3.4304536764199995,1.5015309718565963,11.374608694273508,9.407596360528406e-21,1.283930418288203e-19,True,Upregulated,KIF18A,kinesin family member 18A,KIF18A
1555960_at,7.393921336765958,5.89565293649,1.4982684002759576,12.331346179520462,1.0807879391914167e-25,2.2645601907810495e-24,True,Upregulated,HINT1,histidine triad nucleotide binding protein 1,HINT1
215203_at,7.668737789776595,6.171684483789999,1.4970533059865962,8.407427253958023,3.517594979087893e-14,2.61105939201244e-13,True,Upregulated,GOLGA4,golgin A4,GOLGA4
1569189_at,4.284599603393617,2.7911949389100004,1.4934046644836165,10.344820957949237,1.3028357555416442e-17,1.3385735233536365e-16,True,Upregulated,TTC9C,tetratricopeptide repeat domain 9C,TTC9C
243589_at,6.367115681840426,4.8760073863999995,1.4911082954404264,7.44511999865118,6.242782962598221e-12,3.692375109694047e-11,True,Upregulated,KANSL1,KAT8 regulatory NSL complex subunit 1,KANSL1
212992_at,7.648619511542554,6.158010190470001,1.4906093210725535,5.890060082368435,3.143215052469412e-08,1.2732816348885056e-07,True,Upregulated,AHNAK2,AHNAK nucleoprotein 2,AHNAK2
235023_at,8.25407549744681,6.763863698770001,1.4902117986768086,8.505102308791853,1.6023606547804622e-14,1.2338521142164916e-13,True,Upregulated,VPS13C,vacuolar protein sorting 13 homolog C (S. cerevisiae),VPS13C
218687_s_at,3.8489806040531924,2.36009936709,1.4888812369631923,6.537775939875641,3.1705766098426434e-09,1.4222905215762837e-08,True,Upregulated,MUC13,"mucin 13, cell surface associated",MUC13
227751_at,4.606298926968085,3.1191289362599997,1.4871699907080855,10.410872162414488,6.510785966975152e-19,7.526093574462186e-18,True,Upregulated,PDCD5,programmed cell death 5,PDCD5
234725_s_at,8.644575904393616,7.1574079953,1.4871679090936158,12.566670257175982,3.5915724453460704e-24,6.541697106176218e-23,True,Upregulated,SEMA4B,"sema domain, immunoglobulin domain (Ig), transmembrane domain (TM) and short cytoplasmic domain, (semaphorin) 4B",SEMA4B
217809_at,11.20745503506383,9.72055622672,1.486898808343831,19.350469623736686,1.1870112292868606e-44,1.4062684136216537e-42,True,Upregulated,BZW2,basic leucine zipper and W2 domains 2,BZW2
205024_s_at,5.422296690553191,3.93546897267,1.486827717883191,11.654824095712312,2.111981533763202e-21,3.035677145242853e-20,True,Upregulated,RAD51,RAD51 recombinase,RAD51
219403_s_at,6.2215990242127654,4.73559645195,1.4860025722627652,8.616792453667939,4.457238314908635e-15,3.6301789825208334e-14,True,Upregulated,HPSE,heparanase,HPSE
59697_at,5.478567521478724,3.9929858235599998,1.4855816979187244,10.564805263499592,1.7526953256977986e-18,1.954602338544097e-17,True,Upregulated,RAB15,"RAB15, member RAS oncogene family",RAB15
210809_s_at,12.660284015680851,11.17515677014,1.485127245540852,6.759553909906105,1.6345009058323487e-10,8.368706874926103e-10,True,Upregulated,POSTN,"periostin, osteoblast specific factor",POSTN
204027_s_at,6.664632054159575,5.180027498539999,1.4846045556195753,14.690891995569281,3.14136096480067e-30,9.777849586387086e-29,True,Upregulated,METTL1,methyltransferase like 1,METTL1
1560741_at,6.1605430358297895,4.67842534598,1.4821176898497894,6.982597013028453,1.239433998694789e-10,6.429182857922454e-10,True,Upregulated,SNRPN,small nuclear ribonucleoprotein polypeptide N /// SNRPN upstream reading frame,SNRPN
1553693_s_at,6.5005135876489355,5.01861920096,1.4818943866889356,9.708565285394924,1.5574605572004342e-17,1.5880487872906644e-16,True,Upregulated,CBR4,carbonyl reductase 4,CBR4
1562836_at,5.214564058606382,3.73276506645,1.4817989921563823,6.58419118594952,1.478512947653366e-09,6.8601878366532045e-09,True,Upregulated,DDX6,DEAD (Asp-Glu-Ala-Asp) box helicase 6,DDX6
204244_s_at,8.474356310340426,6.99347506747,1.4808812428704252,15.422972845243125,6.3177560496254915e-31,2.080874628812962e-29,True,Upregulated,DBF4,DBF4 zinc finger,DBF4
221927_s_at,8.55101823557447,7.071762307170001,1.4792559284044682,15.297554571438528,1.9974308367069663e-31,6.891200447923085e-30,True,Upregulated,ABHD11,abhydrolase domain containing 11,ABHD11
81737_at,5.679991713574466,4.20285438984,1.4771373237344667,8.625104970297947,4.550777404785964e-14,3.3415442115196975e-13,True,Upregulated,LOC100505915,uncharacterized LOC100505915,LOC100505915
210701_at,5.5900799186276595,4.11309367038,1.47698624824766,7.743897613181089,1.4600559662680042e-12,9.199926218567347e-12,True,Upregulated,CFDP1,craniofacial development protein 1,CFDP1
207130_at,3.9623011296914887,2.4861757435100005,1.4761253861814883,9.877038265881367,1.3401681212697054e-16,1.2525157701235862e-15,True,Upregulated,ZMYND8,"zinc finger, MYND-type containing 8",ZMYND8
225687_at,7.137777102510638,5.661995982769997,1.475781119740641,7.559082445423852,1.9255286593594717e-12,1.197854319596444e-11,True,Upregulated,FAM83D,"family with sequence similarity 83, member D",FAM83D
215629_s_at,6.31733739606383,4.8419040987,1.4754332973638302,12.797985915475033,3.511208321797798e-25,7.010364605283973e-24,True,Upregulated,DLEU2,deleted in lymphocytic leukemia 2 (non-protein coding) /// deleted in lymphocytic leukemia 2-like /// microRNA 15a,DLEU2
1566901_at,5.237575661521277,3.76238573801,1.4751899235112775,8.395168217479457,2.0747208195830237e-14,1.577703011481585e-13,True,Upregulated,TGIF1,TGFB-induced factor homeobox 1,TGIF1
218313_s_at,10.752357661776594,9.27839627106,1.4739613907165943,16.45264749613878,1.1820402811964736e-32,4.541229897459537e-31,True,Upregulated,GALNT7,polypeptide N-acetylgalactosaminyltransferase 7,GALNT7
236846_at,3.7997003822021274,2.3260941393000003,1.473606242902127,7.173232057116333,1.466532151027128e-10,7.54677557167481e-10,True,Upregulated,MIR646HG,MIR646 host gene (non-protein coding),MIR646HG
208209_s_at,4.703664676819149,3.2300889545199998,1.4735757222991492,6.476302352509412,3.275485673081283e-09,1.4671491706558119e-08,True,Upregulated,C4BPB,"complement component 4 binding protein, beta",C4BPB
241385_at,5.443887660244681,3.97389709759,1.4699905626546812,10.521998040868853,2.283846117804046e-18,2.5192565072233065e-17,True,Upregulated,LARP7,"La ribonucleoprotein domain family, member 7",LARP7
216853_x_at,9.225298120670214,7.75722010402,1.4680780166502139,4.713518453118992,5.173563734566047e-06,1.6429503524263075e-05,True,Upregulated,IGLJ3,immunoglobulin lambda joining 3 /// immunoglobulin lambda variable 3-19 ///,IGLJ3
229870_at,5.213234754351064,3.74524104812,1.4679937062310642,11.864843340528449,9.863123811691033e-23,1.5988486357312053e-21,True,Upregulated,LOC644656,uncharacterized LOC644656,LOC644656
243857_at,6.095937797648935,4.628227476629999,1.4677103210189353,7.80538193339932,1.9944546264696726e-12,1.2391560187050689e-11,True,Upregulated,MORF4L2,mortality factor 4 like 2,MORF4L2
210282_at,5.219571677021277,3.7523994103799994,1.4671722666412772,8.298727453832685,5.762652227491781e-14,4.1856855193500736e-13,True,Upregulated,ZMYM2,"zinc finger, MYM-type 2",ZMYM2
206214_at,8.953531253404256,7.486698715890001,1.4668325375142546,7.198111845954802,1.6246370250169965e-11,9.220182145875906e-11,True,Upregulated,PLA2G7,"phospholipase A2, group VII (platelet-activating factor acetylhydrolase, plasma)",PLA2G7
215011_at,4.188133567936171,2.7213135046299994,1.4668200633061712,11.805103267173857,1.2780914747743909e-20,1.7263542958868757e-19,True,Upregulated,SNHG3,"small nucleolar RNA host gene 3 (non-protein coding) /// small nucleolar RNA, H/ACA box 73A",SNHG3
208490_x_at,6.5472831366383,5.080473874909999,1.4668092617283008,11.685706697052144,1.2895588710419182e-21,1.887866451765395e-20,True,Upregulated,HIST1H2BC,"histone cluster 1, H2bc /// histone cluster 1, H2be /// histone cluster 1, H2bf /// histone cluster 1, H2bg /// histone cluster 1, H2bi",HIST1H2BC
220431_at,3.678078725893618,2.212752368,1.465326357893618,6.811615359393763,9.401330443350768e-10,4.4575102188475356e-09,True,Upregulated,TMPRSS11E,"transmembrane protease, serine 11E",TMPRSS11E
226552_at,5.329523155553192,3.8651503190199996,1.464372836533192,11.766242162267327,7.234662367787929e-23,1.186714090008666e-21,True,Upregulated,IER5L,immediate early response 5-like,IER5L
223551_at,7.83035827962766,6.36678644857,1.46357183105766,6.189581298623234,4.527580516659482e-09,1.997378983505962e-08,True,Upregulated,PKIB,"protein kinase (cAMP-dependent, catalytic) inhibitor beta",PKIB
219768_at,3.929776617808511,2.4668375459100003,1.4629390718985107,6.958960600880059,3.105649511871281e-10,1.5418171002908318e-09,True,Upregulated,VTCN1,V-set domain containing T cell activation inhibitor 1,VTCN1
207717_s_at,4.311121236276596,2.8494516649,1.4616695713765955,6.555284808779889,1.552289386471879e-09,7.1884718076133665e-09,True,Upregulated,PKP2,plakophilin 2,PKP2
236816_at,5.233075319797872,3.7721971824400002,1.4608781373578719,8.691605003633477,1.3086653559331097e-14,1.0162846496421924e-13,True,Upregulated,NAA25,"N(alpha)-acetyltransferase 25, NatB auxiliary subunit",NAA25
1559361_at,6.144795971382978,4.6842886862699995,1.4605072851129783,8.490850168314486,3.159969215516897e-14,2.3566570192150834e-13,True,Upregulated,LOC101927668,uncharacterized LOC101927668 /// metastasis associated in colon cancer 1,LOC101927668
243338_at,7.50478897412766,6.044725583030002,1.4600633910976581,9.503127513568785,6.686191672975178e-17,6.426438622634791e-16,True,Upregulated,CSNK1A1,"casein kinase 1, alpha 1",CSNK1A1
202856_s_at,9.833349714308511,8.3743741345,1.4589755798085111,8.492022574791047,6.1521931622401335e-15,4.940308471547444e-14,True,Upregulated,MIR6787,"microRNA 6787 /// solute carrier family 16 (monocarboxylate transporter), member 3",MIR6787
210145_at,9.591765728712765,8.13494515065,1.456820578062766,6.6584550390486115,1.4210891541380581e-09,6.609711280220477e-09,True,Upregulated,PLA2G4A,"phospholipase A2, group IVA (cytosolic, calcium-dependent)",PLA2G4A
228705_at,6.732200999319148,5.2759142852,1.4562867141191482,10.235391531030933,5.66524334489852e-19,6.592617450210122e-18,True,Upregulated,CAPN12,calpain 12,CAPN12
221582_at,7.153820559361703,5.697833219749999,1.4559873396117045,8.11570720457333,6.949831432244042e-13,4.515081935193599e-12,True,Upregulated,HIST3H2A,"histone cluster 3, H2a",HIST3H2A
226999_at,4.7920044798085115,3.3364868215800003,1.4555176582285112,8.07475525445323,4.972544873641013e-13,3.280025736738479e-12,True,Upregulated,RNPC3,"RNA-binding region (RNP1, RRM) containing 3",RNPC3
224610_at,9.307043510797874,7.85236797797,1.4546755328278733,14.15210108557623,1.3720938743329562e-30,4.4033079430114787e-29,True,Upregulated,SNHG1,"small nucleolar RNA host gene 1 (non-protein coding) /// small nucleolar RNA, C/D box 22 /// small nucleolar RNA, C/D box 25 /// small nucleolar RNA, C/D box 26 /// small nucleolar RNA, C/D box 27 /// small nucleolar RNA, C/D box 28 /// small nucleolar RNA, C/D box 29 /// small nucleolar RNA, C/D box 30 /// small nucleolar RNA, C/D box 31",SNHG1
213672_at,4.081483414510639,2.6268080869400006,1.454675327570638,11.830871165976914,4.955386684052035e-21,6.906722679150628e-20,True,Upregulated,MARS,methionyl-tRNA synthetase /// microRNA 6758,MARS
226132_s_at,5.4723023831489375,4.01795561651,1.4543467666389374,10.25860583497418,6.951275469607411e-18,7.332443663626284e-17,True,Upregulated,MANEAL,"mannosidase, endo-alpha-like",MANEAL
225676_s_at,10.525237843000001,9.073346577459999,1.4518912655400023,18.81544496708427,1.361317101571677e-38,9.423397892552666e-37,True,Upregulated,DCAF13,DDB1 and CUL4 associated factor 13,DCAF13
228038_at,7.182094199680852,5.73044798967,1.4516462100108516,3.9976007565095943,9.250067953208624e-05,0.0002513509926903501,True,Upregulated,SOX2,SRY (sex determining region Y)-box 2,SOX2
240261_at,6.095149642117021,4.6447570842,1.450392557917021,13.041719198615878,1.4591394072581944e-24,2.756630564060037e-23,True,Upregulated,TOM1L1,target of myb1 (chicken)-like 1,TOM1L1
202667_s_at,7.579467730393616,6.12910598931,1.4503617410836158,14.519438136670459,3.833788621343005e-30,1.1835729254446847e-28,True,Upregulated,SLC39A7,"solute carrier family 39 (zinc transporter), member 7",SLC39A7
220855_at,5.033897645734043,3.58395041766,1.4499472280740426,9.1915551728999,5.03112656144713e-16,4.477236486333477e-15,True,Upregulated,CLTC-IT1,CLTC intronic transcript 1 (non-protein coding),CLTC-IT1
209626_s_at,7.790242359234044,6.341633772710002,1.4486085865240428,12.91430693516541,1.0544931824797302e-27,2.6294376593813056e-26,True,Upregulated,OSBPL3,oxysterol binding protein-like 3,OSBPL3
206439_at,3.66482081812766,2.2169311201,1.44788969802766,5.92923767939923,5.1315382472900773e-08,2.0309412521614723e-07,True,Upregulated,EPYC,epiphycan,EPYC
204767_s_at,8.802355758223404,7.354910837149999,1.447444921073405,14.290762346981198,2.2092962437137127e-28,5.847894082893e-27,True,Upregulated,FEN1,flap structure-specific endonuclease 1,FEN1
224555_x_at,5.167901412595745,3.7231687993499993,1.4447326132457454,6.699077013189722,1.4969570047498467e-09,6.9427722219087056e-09,True,Upregulated,IL37,interleukin 37,IL37
213909_at,6.062791028978723,4.61818250582,1.4446085231587231,5.567588694531718,1.1400186998264948e-07,4.339800820218547e-07,True,Upregulated,LRRC15,leucine rich repeat containing 15,LRRC15
236351_at,3.8646446051914896,2.42107387159,1.4435707336014896,7.5900216344413565,2.270456379977358e-11,1.2707467934803554e-10,True,Upregulated,DPP10-AS1,DPP10 antisense RNA 1,DPP10-AS1
1560014_s_at,5.099036080925531,3.6579468490899996,1.4410892318355315,10.250550802053231,4.951001884152631e-18,5.287819446803682e-17,True,Upregulated,PDXDC1,pyridoxal-dependent decarboxylase domain containing 1,PDXDC1
235148_at,8.611099422787232,7.17053983551,1.4405595872772325,11.554980144019025,7.169997948674077e-21,9.880745828013937e-20,True,Upregulated,KRTCAP3,keratinocyte associated protein 3,KRTCAP3
242146_at,6.750282645702128,5.31093227552,1.4393503701821277,8.038360202879808,2.9364953336106726e-13,1.984449529005951e-12,True,Upregulated,SNRPA1,small nuclear ribonucleoprotein polypeptide A',SNRPA1
205286_at,7.741064686457445,6.302081685369999,1.438983001087446,9.850004216194987,4.809505910817496e-17,4.683760364280822e-16,True,Upregulated,TFAP2C,transcription factor AP-2 gamma (activating enhancer binding protein 2 gamma),TFAP2C
229947_at,5.639928581712768,4.201748124510001,1.4381804572027672,5.281355503225391,3.4700949528013005e-07,1.2545709963794499e-06,True,Upregulated,PI15,peptidase inhibitor 15,PI15
228392_at,6.794416858159574,5.35641774079,1.4379991173695732,9.124936650733014,2.0400227994356193e-16,1.8733936535845007e-15,True,Upregulated,ZNF302,zinc finger protein 302,ZNF302
235736_at,3.9517257015,2.51381388092,1.43791182058,6.5643877038217395,1.9077933440013866e-09,8.738190649787839e-09,True,Upregulated,SMKR1,small lysine-rich protein 1,SMKR1
242037_at,5.196057349223405,3.7584792918800014,1.4375780573434032,8.183851224075571,9.95598488397523e-13,6.360525038240785e-12,True,Upregulated,ASPH,aspartate beta-hydroxylase,ASPH
223748_at,5.848538932627659,4.41193366289,1.436605269737659,7.965869210376712,7.855819513324817e-13,5.0742537329613135e-12,True,Upregulated,SLC4A11,"solute carrier family 4, sodium borate transporter, member 11",SLC4A11
226973_at,6.437660120446808,5.0014271695899994,1.4362329508568088,7.035305745944628,6.107178558855952e-11,3.2736765593644236e-10,True,Upregulated,VSTM2L,V-set and transmembrane domain containing 2 like,VSTM2L
229886_at,5.015792330936169,3.580512051250001,1.4352802796861686,12.407697680446782,1.0981038345225984e-22,1.7715240804928756e-21,True,Upregulated,C5orf34,chromosome 5 open reading frame 34,C5orf34
213703_at,7.011627986085107,5.576970966409999,1.4346570196751074,7.427911509385177,9.129547322324077e-12,5.3200631882830206e-11,True,Upregulated,LINC00342,long intergenic non-protein coding RNA 342,LINC00342
1558561_at,5.355771331734043,3.9212268297400006,1.4345445019940422,11.891364300186034,2.9112349258258925e-22,4.537342269500766e-21,True,Upregulated,HM13,histocompatibility (minor) 13,HM13
1553183_at,3.6454682881276583,2.21319397761,1.4322743105176583,5.4682743218652154,3.803579412366001e-07,1.3690645939471172e-06,True,Upregulated,UMODL1,uromodulin-like 1,UMODL1
205064_at,3.6458142232446797,2.2164291587,1.4293850645446797,5.6525524455592775,1.721961005949601e-07,6.430608747855325e-07,True,Upregulated,SPRR1B,small proline-rich protein 1B,SPRR1B
218073_s_at,6.638733211787234,5.20993186001,1.428801351777234,13.607166940692803,1.9788603847129092e-27,4.8313656219776915e-26,True,Upregulated,NDC1,NDC1 transmembrane nucleoporin,NDC1
214802_at,6.338954654340425,4.91035144948,1.4286032048604245,11.53464993873285,4.943539988721639e-22,7.540931418984178e-21,True,Upregulated,EXOC7,exocyst complex component 7,EXOC7
206261_at,4.995929452829787,3.5685308958500004,1.427398556979787,12.164632881249515,3.1799667073747645e-22,4.939003445649988e-21,True,Upregulated,ZNF239,zinc finger protein 239,ZNF239
227196_at,8.835360526670211,7.410400010660002,1.4249605160102092,9.75309668394003,2.402342207995871e-17,2.405741537874994e-16,True,Upregulated,RHPN2,"rhophilin, Rho GTPase binding protein 2",RHPN2
227393_at,6.32514556043617,4.90138787423,1.4237576862061703,11.332264698596221,4.561193640603476e-21,6.377134420418471e-20,True,Upregulated,ANO9,anoctamin 9,ANO9
209302_at,9.831441795021279,8.409688792909998,1.4217530021112808,20.791768186739958,3.3484980195885404e-44,3.7757298633456865e-42,True,Upregulated,POLR2H,polymerase (RNA) II (DNA directed) polypeptide H,POLR2H
220622_at,4.063221032329787,2.64156934912,1.4216516832097872,5.618499597784449,1.710578248131382e-07,6.390578707647045e-07,True,Upregulated,LRRC31,leucine rich repeat containing 31,LRRC31
236696_at,4.360914997404255,2.9398201466100007,1.4210948507942547,7.71148833264537,3.8551188849708674e-12,2.3290062265196348e-11,True,Upregulated,U2SURP,U2 snRNP-associated SURP domain containing,U2SURP
213089_at,8.03204589312766,6.61136761839,1.4206782747376607,6.219205046921995,4.314675746247491e-09,1.9079926801584113e-08,True,Upregulated,LOC100272216,uncharacterized LOC100272216,LOC100272216
235117_at,7.7238943129468085,6.30358405792,1.4203102550268083,11.335746512740009,2.8456610853006324e-22,4.442865809404349e-21,True,Upregulated,CHAC2,"ChaC, cation transport regulator homolog 2 (E. coli)",CHAC2
205687_at,6.26813760043617,4.84799938686,1.4201382135761706,11.898560020968052,7.819624220206982e-24,1.388073624779052e-22,True,Upregulated,UBFD1,ubiquitin family domain containing 1,UBFD1
213520_at,4.360289434212765,2.9403559543599993,1.4199334798527659,12.418772203264771,1.5362367764253737e-22,2.441726691986263e-21,True,Upregulated,RECQL4,RecQ protein-like 4,RECQL4
212488_at,8.911610877265957,7.492853724100001,1.4187571531659566,6.95967385201947,7.885614431609456e-11,4.1790881645339067e-10,True,Upregulated,COL5A1,"collagen, type V, alpha 1",COL5A1
218324_s_at,7.192596180287235,5.774097664659999,1.4184985156272356,15.482067793934235,2.1833587796833409e-32,8.155148286392233e-31,True,Upregulated,SPATS2,"spermatogenesis associated, serine-rich 2",SPATS2
208580_x_at,6.548531883457446,5.1301801524399995,1.418351731017447,12.010760039272045,3.3731356629452034e-22,5.2224373853532155e-21,True,Upregulated,HIST1H4A,"histone cluster 1, H4a /// histone cluster 1, H4b /// histone cluster 1, H4c /// histone cluster 1, H4d /// histone cluster 1, H4e /// histone cluster 1, H4f /// histone cluster 1, H4h /// histone cluster 1, H4i /// histone cluster 1, H4j /// histone cluster 1, H4k /// histone cluster 1, H4l /// histone cluster 2, H4a /// histone cluster 2, H4b /// histone cluster 4, H4",HIST1H4A
227019_at,4.653207882521276,3.2357195852399996,1.4174882972812761,9.508684215786902,4.54787060676657e-16,4.0633184128828356e-15,True,Upregulated,C1orf226,chromosome 1 open reading frame 226,C1orf226
232365_at,3.946969566351062,2.5300990025900005,1.4168705637610617,8.522086870123209,1.8157386892614177e-13,1.2544806826026284e-12,True,Upregulated,SIAH1,siah E3 ubiquitin protein ligase 1,SIAH1
226803_at,9.450866930595744,8.0340313108,1.4168356197957443,12.630287804201233,4.460265872050362e-25,8.793983144945044e-24,True,Upregulated,CHMP4C,charged multivesicular body protein 4C,CHMP4C
242297_at,5.86910087006383,4.4524917102,1.41660915986383,8.752517283251786,2.468739292633009e-15,2.063459387623295e-14,True,Upregulated,RREB1,ras responsive element binding protein 1,RREB1
227240_at,5.382886231308511,3.9663490800700005,1.4165371512385105,9.273332559864459,4.034249475391805e-15,3.2986643703773735e-14,True,Upregulated,NGEF,neuronal guanine nucleotide exchange factor,NGEF
226936_at,7.872231734627659,6.455940153969999,1.41629158065766,9.548260043386144,3.233240843170404e-17,3.202635211616268e-16,True,Upregulated,CENPW,centromere protein W,CENPW
202620_s_at,10.385247472755319,8.970658358230002,1.4145891145253167,9.379100426030337,6.506287778072005e-16,5.736839252973456e-15,True,Upregulated,PLOD2,"procollagen-lysine, 2-oxoglutarate 5-dioxygenase 2",PLOD2
1553984_s_at,8.290340752787236,6.87700201559,1.4133387371972361,16.657662137852626,9.407262168626858e-33,3.62708962725279e-31,True,Upregulated,DTYMK,deoxythymidylate kinase (thymidylate kinase),DTYMK
1559490_at,5.146354823223405,3.733161473989999,1.4131933492334054,8.951697205254291,3.0781859021100475e-15,2.5483039392164233e-14,True,Upregulated,LRCH3,leucine-rich repeats and calponin homology (CH) domain containing 3,LRCH3
228023_x_at,8.058405203829786,6.645768570360001,1.4126366334697842,10.058396244506453,1.0205326243830549e-18,1.1615318862561407e-17,True,Upregulated,ACTG1P4,"actin, gamma 1 pseudogene 4 /// amylase, alpha 2B (pancreatic) /// RNA-binding region (RNP1, RRM) containing 3",ACTG1P4
228116_at,5.438823284500001,4.0267443809,1.4120789036000003,8.661953992784989,7.303021375082941e-14,5.241530660264359e-13,True,Upregulated,LL22NC03-N14H11.1,,LL22NC03-N14H11.1
232231_at,8.658518767978723,7.2471051075499995,1.4114136604287237,10.317051301684392,2.0572928094630754e-18,2.2777593876035607e-17,True,Upregulated,RUNX2,runt-related transcription factor 2,RUNX2
210034_s_at,4.0895309645638305,2.67956572727,1.4099652372938305,9.956318943768924,6.803972004718584e-17,6.533805360574787e-16,True,Upregulated,RPL5,"ribosomal protein L5 /// small nucleolar RNA, C/D box 21",RPL5
207563_s_at,7.646575142872341,6.236616416270001,1.4099587266023397,10.938678385336994,1.0249539871180113e-20,1.3949437032168357e-19,True,Upregulated,OGT,O-linked N-acetylglucosamine (GlcNAc) transferase,OGT
213943_at,6.103674624670213,4.693969719249999,1.409704905420214,5.959192768117326,1.7371956925961596e-08,7.229712745433072e-08,True,Upregulated,TWIST1,twist family bHLH transcription factor 1,TWIST1
214070_s_at,4.859532844361702,3.45001550854,1.4095173358217021,7.7407704334108605,7.269007893624443e-12,4.2757093019081834e-11,True,Upregulated,ATP10B,"ATPase, class V, type 10B",ATP10B
214804_at,4.395144963553191,2.9859209556300006,1.4092240079231906,10.454518933209542,1.222190737867531e-17,1.258601398180031e-16,True,Upregulated,CENPI,centromere protein I,CENPI
202786_at,9.73622048062766,8.329035341400001,1.4071851392276589,15.327424916667285,1.930016338956679e-30,6.106344635713173e-29,True,Upregulated,STK39,serine threonine kinase 39,STK39
235026_at,4.707618839819149,3.3009834187300005,1.406635421089149,12.005153162997233,5.281673749557665e-22,8.033939601066418e-21,True,Upregulated,C12orf66,chromosome 12 open reading frame 66,C12orf66
219215_s_at,8.911567055329785,7.50584405295,1.4057230023797853,10.262147887467377,3.5481820093652084e-18,3.84066245835615e-17,True,Upregulated,SLC39A4,"solute carrier family 39 (zinc transporter), member 4",SLC39A4
239162_at,4.469052883712766,3.0635497284599995,1.4055031552527661,6.242494019707618,5.8178621912764154e-09,2.5417881229793945e-08,True,Upregulated,DAPK1-IT1,DAPK1 intronic transcript 1 (non-protein coding) ///,DAPK1-IT1
234635_at,3.6174784882446804,2.212752368,1.4047261202446806,7.067136724174428,2.85702491370923e-10,1.4248302457929036e-09,True,Upregulated,KRTAP4-1,keratin associated protein 4-1,KRTAP4-1
229610_at,4.007256703319149,2.6025440410299994,1.4047126622891493,9.126351431855706,1.0899659863303143e-14,8.543414535232044e-14,True,Upregulated,CKAP2L,cytoskeleton associated protein 2-like,CKAP2L
230438_at,4.053874254723405,2.6493017164099997,1.404572538313405,8.807450331871149,4.053351980058856e-14,2.9893540326264314e-13,True,Upregulated,TBX15,T-box 15,TBX15
206088_at,3.8315826363297862,2.4296198749199998,1.4019627614097865,8.790319629137727,2.804613782154356e-14,2.1021315062284584e-13,True,Upregulated,LRRC37A3,"leucine rich repeat containing 37, member A3",LRRC37A3
211756_at,3.7987631166382982,2.3974651986100004,1.4012979180282978,5.792527905658243,7.723924865409326e-08,2.9971793002734725e-07,True,Upregulated,PTHLH,parathyroid hormone-like hormone,PTHLH
228643_at,4.463149275244681,3.0620660365400005,1.4010832387046803,8.86114519053102,6.412310519566162e-15,5.137681120294736e-14,True,Upregulated,RAB30-AS1,RAB30 antisense RNA 1 (head to head),RAB30-AS1
233814_at,7.2528630755851085,5.852035200670001,1.400827874915107,6.628632183344117,9.129623865690472e-10,4.332121298985688e-09,True,Upregulated,EFNA5,ephrin-A5,EFNA5
209937_at,3.6470187203829783,2.24693573257,1.4000829878129784,5.065208729859347,1.9751904336919125e-06,6.567013125337345e-06,True,Upregulated,TM4SF4,transmembrane 4 L six family member 4,TM4SF4
223883_s_at,3.6235308805,2.2243628671,1.3991680134000002,8.443047588778931,3.905919683750293e-13,2.6064987110445817e-12,True,Upregulated,STK31,serine/threonine kinase 31,STK31
223744_s_at,3.877592746446808,2.4794354050000003,1.3981573414468076,7.510079422045624,1.7604501657042142e-11,9.951400169476287e-11,True,Upregulated,SIAE,sialic acid acetylesterase,SIAE
219494_at,5.15093307356383,3.753149938899999,1.3977831346638308,10.773591189310144,3.443806089257402e-19,4.074539250259538e-18,True,Upregulated,RAD54B,RAD54 homolog B (S. cerevisiae),RAD54B
205588_s_at,6.060054586521276,4.66295138683,1.3971031996912764,17.394644221121787,9.188863632052745e-38,5.835091137114392e-36,True,Upregulated,FGFR1OP,FGFR1 oncogene partner,FGFR1OP
235509_at,9.330278359095747,7.935136628869999,1.395141730225748,13.63862215413689,3.1044673985878667e-26,6.776659232972687e-25,True,Upregulated,LOC100506538,"uncharacterized LOC100506538 /// NADH dehydrogenase (ubiquinone) complex I, assembly factor 6",LOC100506538
210732_s_at,7.421757510531913,6.027066489149999,1.394691021381914,8.742228077378574,2.40546223695882e-15,2.0115079582877344e-14,True,Upregulated,LGALS8,"lectin, galactoside-binding, soluble, 8",LGALS8
228181_at,7.524991405521274,6.13069441424,1.3942969912812746,11.542412431649515,1.1998122290023744e-23,2.0952305373091464e-22,True,Upregulated,SLC30A1,"solute carrier family 30 (zinc transporter), member 1",SLC30A1
1568983_a_at,5.394517132819149,4.00203455303,1.3924825797891494,6.818836571207049,2.410501966531723e-10,1.2119205344164823e-09,True,Upregulated,GABPB1-AS1,GABPB1 antisense RNA 1,GABPB1-AS1
201548_s_at,8.414922324159573,7.02268824173,1.3922340824295727,17.082715584514805,1.743487735400565e-36,9.72772109297249e-35,True,Upregulated,KDM5B,lysine (K)-specific demethylase 5B,KDM5B
212236_x_at,8.19073098031915,6.79908682248,1.391644157839151,5.894335471495674,2.6571579005999812e-08,1.0848481466651783e-07,True,Upregulated,JUP,junction plakoglobin /// keratin 17,JUP
225668_at,3.8936240100319144,2.50358486329,1.3900391467419144,8.964192873128708,1.5155498016627997e-14,1.1703569509294377e-13,True,Upregulated,FAM173B,"family with sequence similarity 173, member B",FAM173B
239071_at,6.5892108500000015,5.20085147032,1.3883593796800016,11.344177684105318,3.5042863847187555e-22,5.414580508143722e-21,True,Upregulated,RBBP4,retinoblastoma binding protein 4,RBBP4
220196_at,3.905256653553191,2.51693052769,1.3883261258631912,5.839596538880056,4.094619286435563e-08,1.6377868144584157e-07,True,Upregulated,MUC16,"mucin 16, cell surface associated",MUC16
222843_at,8.524639226265956,7.138002640560001,1.386636585705955,14.641204668922846,1.5444993342313122e-31,5.37337911972609e-30,True,Upregulated,FIGNL1,fidgetin-like 1,FIGNL1
216430_x_at,5.745329342276595,4.35926881597,1.3860605263065953,5.750954894656463,4.4648106308358875e-08,1.7791102725599276e-07,True,Upregulated,IGLV1-44,immunoglobulin lambda variable 1-44,IGLV1-44
229689_s_at,5.951351569457446,4.56551706272,1.3858345067374467,10.052254767931128,4.411872370736429e-17,4.311354784382805e-16,True,Upregulated,RP13-39P12.3,,RP13-39P12.3
218392_x_at,8.025797460840426,6.6405451292199995,1.3852523316204266,19.85101207543818,1.8114051843664706e-45,2.3879470403513476e-43,True,Upregulated,SFXN1,sideroflexin 1,SFXN1
243018_at,3.597289875787234,2.21311307655,1.3841767992372338,7.239669817227169,1.269891199494455e-10,6.580823591483644e-10,True,Upregulated,RP11-1L12.3,,RP11-1L12.3
214844_s_at,5.521979078085106,4.138259103999999,1.383719974085107,7.026390415418683,8.73675323897014e-11,4.604752667430161e-10,True,Upregulated,DOK5,docking protein 5,DOK5
39313_at,4.639315799425531,3.2563408218199994,1.3829749776055316,8.586864630155722,2.7209276580297627e-14,2.0422525120679433e-13,True,Upregulated,WNK1,WNK lysine deficient protein kinase 1,WNK1
221427_s_at,8.426161472425532,7.0433641555,1.382797316925532,10.150780147155254,2.993102615056892e-19,3.568317592100483e-18,True,Upregulated,CCNL2,cyclin L2,CCNL2
211767_at,3.605810117,2.22356244014,1.38224767686,9.178207897456993,1.0777158151839464e-14,8.459723122516598e-14,True,Upregulated,GINS4,GINS complex subunit 4 (Sld5 homolog),GINS4
235425_at,7.422613483393618,6.04037230199,1.382241181403618,10.730110070383555,5.375643534218194e-20,6.856399410278866e-19,True,Upregulated,SGOL2,shugoshin-like 2 (S. pombe),SGOL2
201736_s_at,10.273226115946807,8.89229322817,1.3809328877768063,17.226884136758528,5.691083832506306e-35,2.723315258142208e-33,True,Upregulated,MARCH6,"membrane-associated ring finger (C3HC4) 6, E3 ubiquitin protein ligase",MARCH6
209008_x_at,11.447107184393618,10.066237752709998,1.3808694316836192,12.48701552713516,3.444856589480983e-26,7.495222246661432e-25,True,Upregulated,KRT8,keratin 8,KRT8
1561973_at,4.053488606446809,2.6726393850099996,1.3808492214368093,9.831353925539132,2.2987818677904994e-16,2.10383327447643e-15,True,Upregulated,SMARCC2,"SWI/SNF related, matrix associated, actin dependent regulator of chromatin, subfamily c, member 2",SMARCC2
236930_at,4.1518076622978715,2.77293918013,1.3788684821678716,8.846174266025473,1.646703748563894e-14,1.266727800632975e-13,True,Upregulated,LOC101928143,uncharacterized LOC101928143 /// uncharacterized LOC101930388 /// numb homolog (Drosophila),LOC101928143
217594_at,3.7739506206702123,2.3950922546,1.378858366070212,9.425257032900909,2.1705978852242473e-15,1.8219066456721498e-14,True,Upregulated,ZCCHC11,"zinc finger, CCHC domain containing 11",ZCCHC11
223660_at,4.706313681989362,3.3277956699400004,1.3785180120493612,6.77254392333383,2.058359453954482e-10,1.0430650234633105e-09,True,Upregulated,ADORA3,adenosine A3 receptor,ADORA3
222077_s_at,9.108964144691491,7.730703590909999,1.3782605537814918,13.17775476358851,1.7463367546875685e-25,3.605699373805204e-24,True,Upregulated,RACGAP1,Rac GTPase activating protein 1,RACGAP1
1556732_at,4.731200123680852,3.353044979640001,1.3781551440408508,8.148338086162422,5.669817567507867e-13,3.715167371830492e-12,True,Upregulated,EML4,echinoderm microtubule associated protein like 4,EML4
1556318_s_at,4.78133122362766,3.4035223293900008,1.3778088942376594,9.99566304479562,5.195252234121424e-17,5.045717527346604e-16,True,Upregulated,CAND1,cullin-associated and neddylation-dissociated 1,CAND1
1559038_at,6.921234426414895,5.5435310622200005,1.3777033641948941,9.337012634131485,2.758599517250231e-16,2.5101342181495675e-15,True,Upregulated,SEPT2,septin 2,SEPT2
210306_at,4.213047512819149,2.8353750025699997,1.3776725102491496,9.157348554569841,3.9469316271413055e-15,3.2302140063515254e-14,True,Upregulated,L3MBTL1,l(3)mbt-like 1 (Drosophila),L3MBTL1
226334_s_at,9.064698461542552,7.68749683079,1.3772016307525519,9.129384528118232,1.3150610906673527e-16,1.229478112682674e-15,True,Upregulated,AHSA2,"AHA1, activator of heat shock 90kDa protein ATPase homolog 2 (yeast)",AHSA2
220782_x_at,3.9381299983829794,2.5612771813400004,1.376852817042979,4.720029771688022,8.258494602631832e-06,2.5613619576586075e-05,True,Upregulated,KLK12,kallikrein-related peptidase 12,KLK12
1557197_a_at,5.620307742436169,4.244332801920001,1.3759749405161683,7.0309674888965485,5.6119227821698326e-11,3.019938756996364e-10,True,Upregulated,LGALS3,"lectin, galactoside-binding, soluble, 3",LGALS3
1569519_at,5.42054175943617,4.0456538580700006,1.3748879013661695,8.250477822553187,1.0046116519015976e-13,7.115359798417084e-13,True,Upregulated,LOC102724250,"neuroblastoma breakpoint family member 1-like /// neuroblastoma breakpoint family, member 1 /// neuroblastoma breakpoint family, member 10 /// neuroblastoma breakpoint family, member 11 /// neuroblastoma breakpoint family, member 12 /// neuroblastoma breakpoint family, member 14 /// neuroblastoma breakpoint family, member 15 /// neuroblastoma breakpoint family, member 26 /// neuroblastoma breakpoint family, member 8 /// neuroblastoma breakpoint family, member 9",LOC102724250
1553423_a_at,5.084175128925532,3.70989696557,1.3742781633555317,10.189901362895304,2.930364198670185e-19,3.4993909589181746e-18,True,Upregulated,SLFN13,schlafen family member 13,SLFN13
203693_s_at,7.836056756202128,6.46230999017,1.373746766032128,15.150506093246422,1.2522923731778586e-32,4.794006945462228e-31,True,Upregulated,E2F3,E2F transcription factor 3,E2F3
1570441_at,3.623871721957447,2.2501716401199996,1.3737000818374474,8.58034829861245,1.9365484137241461e-13,1.3340060576404575e-12,True,Upregulated,NAPB,"N-ethylmaleimide-sensitive factor attachment protein, beta",NAPB
1552623_at,5.471850144531914,4.098892296400001,1.3729578481319136,13.09702832898057,2.7751934855921104e-27,6.681582668579107e-26,True,Upregulated,HSH2D,hematopoietic SH2 domain containing,HSH2D
205739_x_at,7.299914863255317,5.9287330679300005,1.3711817953253167,12.770093125338006,4.308968232618959e-26,9.30398094579058e-25,True,Upregulated,ZNF107,zinc finger protein 107,ZNF107
203240_at,7.397738399510637,6.02740148752,1.3703369119906377,6.157878273276054,7.241071332000452e-09,3.133040484779795e-08,True,Upregulated,FCGBP,Fc fragment of IgG binding protein,FCGBP
205544_s_at,4.543532067797873,3.1745445958999996,1.3689874718978734,5.732432318667849,5.0998017262923176e-08,2.019272200017363e-07,True,Upregulated,CR2,complement component (3d/Epstein Barr virus) receptor 2,CR2
229845_at,5.8805393840957425,4.51187135832,1.3686680257757429,11.89873490702028,3.0021417067934765e-22,4.676316068392526e-21,True,Upregulated,MAPKAP1,mitogen-activated protein kinase associated protein 1,MAPKAP1
205768_s_at,7.053876931808509,5.68553698669,1.3683399451185094,5.673059357437619,5.168967671460982e-08,2.0451529732028864e-07,True,Upregulated,SLC27A2,"solute carrier family 27 (fatty acid transporter), member 2",SLC27A2
239148_at,7.32735249251064,5.959176099409999,1.368176393100641,14.035505104642223,3.4806139630010535e-26,7.563971822786855e-25,True,Upregulated,MARVELD3,MARVEL domain containing 3,MARVELD3
223509_at,5.212764379999999,3.845402837430001,1.3673615425699985,4.832967251616949,4.433251602580216e-06,1.4177202897909963e-05,True,Upregulated,CLDN2,claudin 2,CLDN2
1552834_at,4.136926654680852,2.76986346639,1.3670631882908517,7.85873846380093,6.227974417489626e-12,3.685124664676535e-11,True,Upregulated,B3GNT6,"UDP-GlcNAc:betaGal beta-1,3-N-acetylglucosaminyltransferase 6 (core 3 synthase)",B3GNT6
235547_at,5.058143876489361,3.6912456206899997,1.3668982557993616,7.596708138786515,5.336279065404485e-12,3.1777801794934194e-11,True,Upregulated,N4BP2L2,NEDD4 binding protein 2-like 2,N4BP2L2
1558732_at,4.347291464255319,2.9816839054899997,1.3656075587653191,8.775745998488524,7.490327166001066e-15,5.975596810301593e-14,True,Upregulated,MAP4K4,mitogen-activated protein kinase kinase kinase kinase 4,MAP4K4
1570507_at,4.921743894234042,3.5567732453599996,1.364970648874042,7.3942714956346105,1.6874911243550407e-11,9.557059873071519e-11,True,Upregulated,SCAF11,SR-related CTD-associated factor 11,SCAF11
239151_at,6.926259630893617,5.561371960059998,1.3648876708336193,9.017747148919405,2.247939083705526e-15,1.884764638444044e-14,True,Upregulated,BMS1P5,BMS1 pseudogene 5,BMS1P5
1553099_at,6.885943561478722,5.521700798619999,1.3642427628587237,13.513487271225292,2.5673095022006088e-28,6.75894806095751e-27,True,Upregulated,TIGD1,tigger transposable element derived 1,TIGD1
215033_at,4.913128496936171,3.5498534064799996,1.3632750904561712,6.569102541838015,8.615258901250718e-10,4.097447300934399e-09,True,Upregulated,TM4SF1,transmembrane 4 L six family member 1,TM4SF1
223767_at,3.903502129340425,2.5404950479700004,1.3630070813704247,9.128818539760976,3.3624821932869623e-15,2.7760975947315982e-14,True,Upregulated,GPR84,G protein-coupled receptor 84,GPR84
210410_s_at,6.023315837127661,4.66041283937,1.3629029977576606,13.921716500519498,3.443318235877936e-26,7.495034991296264e-25,True,Upregulated,MSH5,mutS homolog 5 /// MSH5-SAPCD1 readthrough (NMD candidate) /// suppressor APC domain containing 1,MSH5
238851_at,5.600520674691488,4.23843866244,1.3620820122514878,7.5547248427123606,1.1870349935748586e-11,6.82624443113625e-11,True,Upregulated,ANKRD13A,ankyrin repeat domain 13A,ANKRD13A
204702_s_at,7.979336672106382,6.61832516552,1.3610115065863821,9.214338692873152,1.4145755751990503e-15,1.2086475280008915e-14,True,Upregulated,NFE2L3,"nuclear factor, erythroid 2-like 3",NFE2L3
214815_at,4.502958286882978,3.1421930592000007,1.3607652276829776,8.663377104909971,1.374336652667583e-14,1.064823843278286e-13,True,Upregulated,TRIM33,tripartite motif containing 33,TRIM33
1569552_at,3.671977356010639,2.31159858675,1.3603787692606386,8.330304822000944,6.639123386728412e-13,4.322099860549194e-12,True,Upregulated,PTPN18,"protein tyrosine phosphatase, non-receptor type 18 (brain-derived)",PTPN18
222034_at,6.089271320691489,4.729663298419999,1.3596080222714892,11.738656233491657,6.480540132425294e-22,9.782832769088601e-21,True,Upregulated,GNB2L1,"guanine nucleotide binding protein (G protein), beta polypeptide 2-like 1 /// small nucleolar RNA, C/D box 95 /// small nucleolar RNA, C/D box 96A",GNB2L1
1554543_at,4.177843923978724,2.818307786380001,1.359536137598723,7.561607835202211,8.856853193758396e-12,5.166463554427662e-11,True,Upregulated,SPAG9,sperm associated antigen 9,SPAG9
1557145_at,4.635397556851064,3.2765742312399997,1.3588233256110644,9.886262976157532,4.899450631253477e-17,4.767900337481446e-16,True,Upregulated,STK38,serine/threonine kinase 38,STK38
219517_at,7.419438886542554,6.061563605439999,1.3578752811025545,12.037433191528539,5.399954532068605e-24,9.730048725689847e-23,True,Upregulated,ELL3,elongation factor RNA polymerase II-like 3,ELL3
220520_s_at,5.22539377862766,3.867939784130001,1.3574539944976585,7.650329295599737,2.518157105982065e-12,1.5484348702681074e-11,True,Upregulated,NUP62CL,nucleoporin 62kDa C-terminal like,NUP62CL
219497_s_at,4.91301520769149,3.5557328369000003,1.35728237079149,7.65261188422966,3.3574027257667077e-12,2.040466248678962e-11,True,Upregulated,BCL11A,B-cell CLL/lymphoma 11A (zinc finger protein),BCL11A
209277_at,7.783531859244682,6.42706276009,1.3564690991546815,3.884251963901113,0.00017296672059477678,0.0004529082339667331,True,Upregulated,TFPI2,tissue factor pathway inhibitor 2,TFPI2
225786_at,8.73743348462766,7.38112532096,1.3563081636676602,8.374955616921572,1.5196694569909383e-14,1.1733698164472381e-13,True,Upregulated,HNRNPU-AS1,HNRNPU antisense RNA 1,HNRNPU-AS1
221909_at,3.73478059056383,2.3784725493,1.35630804126383,8.705635473403353,9.684149241554326e-14,6.872564337066116e-13,True,Upregulated,RNFT2,"ring finger protein, transmembrane 2",RNFT2
1558305_at,4.160836266159574,2.80511322673,1.355723039429574,10.565787653410126,4.852459119515403e-18,5.188754795273468e-17,True,Upregulated,GIGYF2,GRB10 interacting GYF protein 2,GIGYF2
223565_at,6.253074232819149,4.89796380526,1.3551104275591488,4.743533355131946,4.5564220496988e-06,1.4556409857751226e-05,True,Upregulated,MZB1,marginal zone B and B1 cell-specific protein,MZB1
223172_s_at,7.665747739787233,6.3111780389500005,1.3545697008372324,13.397075818416557,4.400116787848851e-27,1.0393705821310421e-25,True,Upregulated,MTFP1,mitochondrial fission process 1,MTFP1
200644_at,11.122435037212766,9.768226322039999,1.354208715172767,11.896788235598336,1.962353962625709e-24,3.663560230259854e-23,True,Upregulated,MARCKSL1,MARCKS-like 1,MARCKSL1
1569142_at,3.9752263381595747,2.6228983596,1.3523279785595745,8.8819078128089,1.6552394214254354e-14,1.2729297615211392e-13,True,Upregulated,TRIM13,tripartite motif containing 13,TRIM13
213593_s_at,8.263799302202129,6.911642367720001,1.352156934482128,7.145059831464436,3.310629762725486e-11,1.8205248176868724e-10,True,Upregulated,TRA2A,transformer 2 alpha homolog (Drosophila),TRA2A
207178_s_at,4.456289838808511,3.10462663245,1.3516632063585106,10.764954858055054,5.892019524323339e-19,6.84319071766908e-18,True,Upregulated,FRK,fyn-related Src family tyrosine kinase,FRK
226791_at,4.310582024712765,2.9599058033099994,1.3506762214027659,9.9321194108909,1.4644941613060126e-17,1.4972302406387606e-16,True,Upregulated,KIFC2,kinesin family member C2,KIFC2
208527_x_at,6.822025309265959,5.47140226814,1.3506230411259583,12.014121641803461,2.0819376477545593e-22,3.2752003019048473e-21,True,Upregulated,HIST1H2BE,"histone cluster 1, H2be",HIST1H2BE
234464_s_at,8.24102337505319,6.890633915070001,1.3503894599831892,12.378607538259978,4.765088019301379e-26,1.0255903329577589e-24,True,Upregulated,EME1,essential meiotic structure-specific endonuclease 1,EME1
205680_at,3.881231535074468,2.53158532246,1.3496462126144682,5.789266919094363,6.144149689684156e-08,2.4106005923798377e-07,True,Upregulated,MMP10,matrix metallopeptidase 10 (stromelysin 2),MMP10
221591_s_at,4.179514343382978,2.8299009678399996,1.3496133755429787,10.19558862269525,2.8696786730139933e-17,2.856190546016481e-16,True,Upregulated,FAM64A,"family with sequence similarity 64, member A",FAM64A
225853_at,9.230424433925533,7.8809373045300015,1.3494871293955315,15.085873393153404,5.15964727128589e-29,1.4416456526409502e-27,True,Upregulated,GNPNAT1,glucosamine-phosphate N-acetyltransferase 1,GNPNAT1
216682_s_at,5.903900124595745,4.5545078096700005,1.349392314925745,8.031668806734057,1.6004055228398374e-13,1.1122808043863999e-12,True,Upregulated,SUPT20H,suppressor of Ty 20 homolog (S. cerevisiae),SUPT20H
205282_at,5.264149291244681,3.9155891998600003,1.3485600913846802,9.981207934704717,1.3399954338068545e-17,1.374389672058266e-16,True,Upregulated,LRP8,"low density lipoprotein receptor-related protein 8, apolipoprotein e receptor",LRP8
1559078_at,3.993542099489361,2.64574013274,1.347801966749361,8.706924079971241,2.4784860570546346e-14,1.8675798692174358e-13,True,Upregulated,AL833181,Homo sapiens mRNA; cDNA DKFZp667E155 (from clone DKFZp667E155).,AL833181
225362_at,5.911446899946808,4.56427091609,1.3471759838568085,13.575547702571809,4.507382605026493e-28,1.1583090338937169e-26,True,Upregulated,FAM122B,family with sequence similarity 122B,FAM122B
201839_s_at,14.122393831595746,12.7754707268,1.3469231047957457,19.449222645695208,1.0571012291156855e-44,1.260692831689939e-42,True,Upregulated,EPCAM,epithelial cell adhesion molecule,EPCAM
204981_at,8.703087830904254,7.356166761799999,1.3469210691042548,12.820379283932494,4.1279941946975537e-25,8.173404695131388e-24,True,Upregulated,SLC22A18,"solute carrier family 22, member 18",SLC22A18
1556277_a_at,5.97334133192553,4.627843686080001,1.345497645845529,7.035124079534467,7.797662936330082e-11,4.136144957529091e-10,True,Upregulated,PAPD4,PAP associated domain containing 4,PAPD4
205811_at,7.166200435989361,5.82116333001,1.3450371059793609,18.032454452785363,2.8153215711684058e-40,2.1882208963419633e-38,True,Upregulated,POLG2,"polymerase (DNA directed), gamma 2, accessory subunit",POLG2
215925_s_at,5.681067531829788,4.33673835945,1.3443291723797879,7.3870521436501395,5.92433651962426e-12,3.51357772681123e-11,True,Upregulated,CD72,CD72 molecule,CD72
221586_s_at,7.95179774005319,6.6088437191299985,1.3429540209231918,12.82343988606711,4.265397819625926e-25,8.428313266950774e-24,True,Upregulated,E2F5,"E2F transcription factor 5, p130-binding",E2F5
1557945_at,3.840078784489361,2.49831953864,1.341759245849361,10.529775379337295,4.9288345796473224e-18,5.267281873652114e-17,True,Upregulated,AK023627,"Homo sapiens cDNA FLJ13565 fis, clone PLACE1008231. /// t-complex-associated-testis-expressed 3",AK023627
206199_at,3.5615860676914894,2.2216982154099996,1.3398878522814899,5.404621678024478,4.969924705188907e-07,1.7651371513027637e-06,True,Upregulated,CEACAM7,carcinoembryonic antigen-related cell adhesion molecule 7,CEACAM7
204044_at,7.545599951553192,6.2059358702299985,1.3396640813231935,8.375017657755146,2.586903845042625e-13,1.758362317824626e-12,True,Upregulated,QPRT,quinolinate phosphoribosyltransferase,QPRT
232504_at,4.6825349142978725,3.34427968546,1.3382552288378724,8.972083043442161,2.25050933836329e-15,1.8866255497694502e-14,True,Upregulated,LOC285628,uncharacterized LOC285628 /// microRNA 146a,LOC285628
219901_at,8.134213591202128,6.798238930930001,1.335974660272127,9.76001624292847,1.9003318265024103e-17,1.9201812440401774e-16,True,Upregulated,FGD6,"FYVE, RhoGEF and PH domain containing 6",FGD6
225846_at,10.14333538798936,8.807403897930001,1.3359314900593589,14.049946455253835,4.0329446230445207e-28,1.0408635292469894e-26,True,Upregulated,ESRP1,epithelial splicing regulatory protein 1,ESRP1
213237_at,6.763754556489362,5.42894428054,1.334810275949362,15.889621529444046,1.1142328381007335e-35,5.723985427897426e-34,True,Upregulated,KNOP1,lysine-rich nucleolar protein 1,KNOP1
218605_at,10.042154485234041,8.708201719149999,1.3339527660840425,16.63604664038133,7.377885343037731e-35,3.4809380794791874e-33,True,Upregulated,TFB2M,"transcription factor B2, mitochondrial",TFB2M
220918_at,4.259648921148936,2.9259085531699998,1.3337403679789364,8.223460480870278,2.3447182160237114e-13,1.6016384806585135e-12,True,Upregulated,RUNX1-IT1,RUNX1 intronic transcript 1 (non-protein coding),RUNX1-IT1
228923_at,6.166589157053194,4.832932771459999,1.3336563855931942,6.38170945270482,2.0209555810466777e-09,9.239193955136134e-09,True,Upregulated,S100A6,S100 calcium binding protein A6,S100A6
233599_at,5.72106393106383,4.387980429159999,1.3330835019038307,6.303409014352586,3.1592949401697902e-09,1.4175843634935542e-08,True,Upregulated,LOC728061,hCG2003663,LOC728061
210547_x_at,7.71429374192553,6.382105422550001,1.332188319375529,16.20398822706458,4.5304169309618e-34,1.981081341859442e-32,True,Upregulated,ICA1,"islet cell autoantigen 1, 69kDa",ICA1
229360_at,3.6134211590531913,2.28169781548,1.3317233435731914,9.781863094057089,5.560306009068192e-16,4.923717797229861e-15,True,Upregulated,ZNF280B,zinc finger protein 280B,ZNF280B
208798_x_at,9.975420144595745,8.64464210194,1.3307780426557443,6.88216028016298,8.350373385191945e-11,4.4136515614773386e-10,True,Upregulated,GOLGA8A,"golgin A8 family, member A",GOLGA8A
214096_s_at,9.879219372478723,8.5496187054,1.3296006670787222,16.366377286918432,4.466756363631024e-33,1.7888976751620123e-31,True,Upregulated,SHMT2,serine hydroxymethyltransferase 2 (mitochondrial),SHMT2
223666_at,5.213853915553191,3.8846142935600003,1.3292396219931906,9.583069699826948,5.121620948647928e-17,4.976901614164001e-16,True,Upregulated,SNX5,sorting nexin 5,SNX5
1557384_at,7.3100696230957425,5.981230677419998,1.3288389456757441,8.290827508405771,7.288351535404378e-14,5.231699929043906e-13,True,Upregulated,LOC100506639,uncharacterized LOC100506639 /// zinc finger protein 131,LOC100506639
204537_s_at,5.040200276521276,3.7131929371200005,1.3270073394012751,5.896424109341821,3.479118802990486e-08,1.4027577506570187e-07,True,Upregulated,GABRE,"gamma-aminobutyric acid (GABA) A receptor, epsilon /// microRNA 224 /// microRNA 452",GABRE
212115_at,9.887737865382977,8.56121527904,1.3265225863429766,16.177672772549435,2.0191165291600947e-34,9.072698549490797e-33,True,Upregulated,HN1L,hematological and neurological expressed 1-like,HN1L
205047_s_at,9.092391681617022,7.766837133180001,1.3255545484370206,13.249713352457398,9.063097045243302e-25,1.738472673592925e-23,True,Upregulated,ASNS,asparagine synthetase (glutamine-hydrolyzing),ASNS
210728_s_at,3.721393932287234,2.3959574200000002,1.3254365122872338,3.8904058496066964,0.00018206794543332042,0.0004755356923749124,True,Upregulated,CALCA,calcitonin-related polypeptide alpha,CALCA
221989_at,9.14902267780851,7.824266733440002,1.3247559443685084,9.998033034855055,9.086772815915115e-19,1.0378873703053946e-17,True,Upregulated,RPL10,"ribosomal protein L10 /// small nucleolar RNA, H/ACA box 70",RPL10
227556_at,12.607630373414896,11.283669060599998,1.3239613128148982,10.594652800134805,2.301384560168966e-19,2.777878589615081e-18,True,Upregulated,NME7,NME/NM23 family member 7,NME7
209615_s_at,6.317585605489362,4.9942630577,1.3233225477893624,14.726173742668532,5.1095131111246e-32,1.8531373715100994e-30,True,Upregulated,PAK1,p21 protein (Cdc42/Rac)-activated kinase 1,PAK1
215269_at,5.941027633478724,4.61827469481,1.3227529386687236,6.874717859520358,1.5357390350968264e-10,7.883304041011443e-10,True,Upregulated,TRAPPC10,trafficking protein particle complex 10,TRAPPC10
218930_s_at,10.84600288444681,9.523329672280001,1.3226732121668086,15.363900505216044,1.6205685611732015e-31,5.62738778633188e-30,True,Upregulated,TMEM106B,transmembrane protein 106B,TMEM106B
243938_x_at,5.918136987542553,4.596165641999999,1.3219713455425541,6.272545041266866,2.3383830409867572e-09,1.0615485334445791e-08,True,Upregulated,DNAH5,"dynein, axonemal, heavy chain 5",DNAH5
242020_s_at,4.381746066765958,3.06093929147,1.3208067752959578,8.40705527752652,9.940625169421418e-14,7.042498226587203e-13,True,Upregulated,ZBP1,Z-DNA binding protein 1,ZBP1
219655_at,5.163214128255319,3.8424624989900003,1.320751629265319,7.732819676519076,3.850109397180702e-12,2.3262411147692793e-11,True,Upregulated,SUGCT,succinyl-CoA:glutarate-CoA transferase,SUGCT
236314_at,4.545344444872342,3.22492166838,1.3204227764923417,11.561311022153419,3.806695299046056e-22,5.8566050730689694e-21,True,Upregulated,EPM2AIP1,EPM2A (laforin) interacting protein 1,EPM2AIP1
228933_at,7.325473973648935,6.005340968990001,1.3201330046589348,9.217849699788633,7.644815834164817e-16,6.6957183594917576e-15,True,Upregulated,NHS,Nance-Horan syndrome (congenital cataracts and dental anomalies),NHS
203400_s_at,3.9253490850106387,2.60531551991,1.3200335651006387,4.43843039046615,2.0504075119013883e-05,6.066517324117282e-05,True,Upregulated,TF,transferrin,TF
205226_at,7.517740631787233,6.19803278157,1.3197078502172328,6.968861276033784,6.326575872877537e-11,3.3865566271754696e-10,True,Upregulated,PDGFRL,platelet-derived growth factor receptor-like,PDGFRL
232105_at,3.5653997351382976,2.24842136048,1.3169783746582975,9.156242454252917,1.2240210367645048e-14,9.535804676045142e-14,True,Upregulated,BLACAT1,bladder cancer associated transcript 1 (non-protein coding),BLACAT1
234297_at,7.474881367946808,6.15843453259,1.3164468353568077,6.765608388641066,3.7233998692017563e-10,1.8329378122358198e-09,True,Upregulated,RGS8,"regulator of G-protein signaling 8 /// succinate dehydrogenase complex, subunit A, flavoprotein pseudogene 3",RGS8
224461_s_at,7.064270213670213,5.748130520859999,1.3161396928102134,9.550231938682428,1.3100477457120523e-16,1.2250039647230259e-15,True,Upregulated,AIFM2,"apoptosis-inducing factor, mitochondrion-associated, 2",AIFM2
218681_s_at,9.008247316297872,7.692864162200001,1.315383154097871,13.971485160297153,2.343702014482443e-30,7.367525222148024e-29,True,Upregulated,SDF2L1,stromal cell-derived factor 2-like 1,SDF2L1
228293_at,4.7190324759468085,3.40368581188,1.3153466640668086,7.667001013098314,4.600535743797137e-12,2.7579627230926527e-11,True,Upregulated,DEPDC7,DEP domain containing 7,DEPDC7
216615_s_at,3.5272167346170207,2.212752368,1.3144643666170208,6.371477630652037,7.085530062348333e-09,3.0684566822340376e-08,True,Upregulated,HTR3A,"5-hydroxytryptamine (serotonin) receptor 3A, ionotropic",HTR3A
214157_at,5.405741402436171,4.09348142352,1.3122599789161713,9.670791001000607,8.158906947669929e-17,7.772493253407276e-16,True,Upregulated,GNAS,GNAS complex locus,GNAS
222025_s_at,5.8709176364148945,4.559647035029999,1.3112706013848952,11.79900111462441,3.334524794073476e-21,4.70489901820661e-20,True,Upregulated,OPLAH,5-oxoprolinase (ATP-hydrolysing),OPLAH
1562391_at,3.978763733531915,2.668101910269999,1.310661823261916,8.98758558643126,1.4350094055679506e-14,1.1107125613451977e-13,True,Upregulated,B3GALNT2,"beta-1,3-N-acetylgalactosaminyltransferase 2",B3GALNT2
204269_at,5.904859614457448,4.59487427875,1.3099853357074478,8.179491764830953,2.1809326022031424e-13,1.4927925800725147e-12,True,Upregulated,PIM2,"Pim-2 proto-oncogene, serine/threonine kinase",PIM2
241388_at,4.6137587671702125,3.30383885217,1.3099199150002123,9.255883820132013,1.247387650481162e-15,1.0707308038426392e-14,True,Upregulated,LOC101927451,uncharacterized LOC101927451,LOC101927451
219017_at,9.08910952576596,7.779519711220001,1.3095898145459586,12.436847888848803,1.2995507148132617e-24,2.4655250351656473e-23,True,Upregulated,ETNK1,ethanolamine kinase 1,ETNK1
240304_s_at,10.993957799968085,9.68602184379,1.3079359561780848,7.609455669479446,2.7900737673126356e-12,1.7089956456972714e-11,True,Upregulated,LOC102724257,uncharacterized LOC102724257 /// transmembrane channel-like 5,LOC102724257
232213_at,7.129368764787236,5.822268041829999,1.3071007229572364,5.700119579635785,5.729268176732355e-08,2.255228470094602e-07,True,Upregulated,PELI1,pellino E3 ubiquitin protein ligase 1,PELI1
213653_at,7.148219364521277,5.841668483139999,1.3065508813812778,9.988337253410876,4.974962591269162e-19,5.811975194048721e-18,True,Upregulated,METTL3,methyltransferase like 3,METTL3
238480_at,8.053411342351064,6.74776092249,1.3056504198610632,11.602098510701216,2.655477647588277e-21,3.786519638207398e-20,True,Upregulated,TTC39C,tetratricopeptide repeat domain 39C,TTC39C
226473_at,3.6437437137021282,2.33810644917,1.3056372645321281,7.165123363596575,1.4720524795693393e-10,7.574458496710656e-10,True,Upregulated,CBX2,chromobox homolog 2,CBX2
226021_at,10.24343007044681,8.93817256114,1.3052575093068093,8.432512700277835,6.707677604993814e-14,4.834885388129151e-13,True,Upregulated,RDH10,retinol dehydrogenase 10 (all-trans),RDH10
204995_at,4.609153384914893,3.30423750481,1.3049158801048928,9.158234468972736,1.865544414876461e-15,1.5756936541856994e-14,True,Upregulated,CDK5R1,"cyclin-dependent kinase 5, regulatory subunit 1 (p35)",CDK5R1
1563674_at,3.793442653085106,2.48945431764,1.3039883354451063,6.740261463771742,4.6004654101144763e-10,2.2443594788972082e-09,True,Upregulated,FCRL2,Fc receptor-like 2,FCRL2
229514_at,4.0915165751914895,2.7878640482599994,1.30365252693149,9.017388133709646,8.091715280891372e-15,6.432471151315747e-14,True,Upregulated,GPATCH2L,G patch domain containing 2-like,GPATCH2L
225702_at,9.328900382117022,8.025547791490002,1.3033525906270196,15.457256554677011,6.277681666243187e-32,2.2540145934616555e-30,True,Upregulated,C8orf76,chromosome 8 open reading frame 76,C8orf76
204994_at,8.502328367351064,7.2002610331099985,1.3020673342410651,9.113105820472192,2.3297419736843417e-16,2.131442452740024e-15,True,Upregulated,MX2,myxovirus (influenza virus) resistance 2 (mouse),MX2
207492_at,4.442855519755319,3.1411791927899992,1.3016763269653193,9.503240962688865,2.035376205496709e-16,1.8694457750827523e-15,True,Upregulated,NGLY1,N-glycanase 1,NGLY1
208051_s_at,10.0151851065,8.71419987515,1.3009852313500012,15.60543287715396,3.2576132424134226e-31,1.0964579840829058e-29,True,Upregulated,PAIP1,poly(A) binding protein interacting protein 1,PAIP1
201923_at,12.261654448276598,10.96206527812,1.2995891701565974,13.665032337337168,2.3934843411893734e-28,6.316778644514801e-27,True,Upregulated,PRDX4,peroxiredoxin 4,PRDX4
205499_at,6.93554952593617,5.636308243819999,1.2992412821161707,7.119508065686794,6.529865303382174e-11,3.4919003301621954e-10,True,Upregulated,SRPX2,"sushi-repeat containing protein, X-linked 2",SRPX2
238295_at,7.077160427,5.778034645539999,1.2991257814600008,9.985786190341877,2.8622907840271108e-18,3.129088864017931e-17,True,Upregulated,TEFM,"transcription elongation factor, mitochondrial",TEFM
242549_at,4.847956543489361,3.5499719067000006,1.2979846367893604,8.563289290180558,4.624762007550287e-14,3.390315515034752e-13,True,Upregulated,PRKD3,protein kinase D3,PRKD3
210656_at,3.650053056042553,2.35267294876,1.297380107282553,8.886931013062433,2.0527304933424173e-14,1.5625270636132924e-13,True,Upregulated,EED,embryonic ectoderm development,EED
228191_at,9.305748720351064,8.00848047211,1.297268248241064,14.358441204361787,8.661327643917874e-30,2.5996549590165558e-28,True,Upregulated,FLVCR1,feline leukemia virus subgroup C cellular receptor 1,FLVCR1
209644_x_at,7.966563549202128,6.66931386102,1.297249688182128,7.387923673631117,2.577459168245969e-11,1.4348087230726318e-10,True,Upregulated,CDKN2A,cyclin-dependent kinase inhibitor 2A,CDKN2A
209969_s_at,10.193314044446808,8.89665846744,1.296655577006808,7.994956253869145,2.149132164719749e-13,1.4717751796742606e-12,True,Upregulated,STAT1,"signal transducer and activator of transcription 1, 91kDa",STAT1
218305_at,7.115182780404255,5.81962673701,1.2955560433942548,15.027990363968465,1.799376587782934e-30,5.713179997077502e-29,True,Upregulated,IPO4,importin 4,IPO4
232478_at,3.8672091615,2.57228506641,1.2949240950899998,7.879816348747093,3.793210728610155e-12,2.2931508626393818e-11,True,Upregulated,AB074162,"Homo sapiens primary neuroblastoma cDNA, clone:Nbla10527, full insert sequence. /// MIR181A2 host gene (non-protein coding)",AB074162
219615_s_at,7.116108968468085,5.82185173171,1.2942572367580851,8.98223353797198,1.991397397651148e-15,1.6780401132706355e-14,True,Upregulated,KCNK5,"potassium channel, subfamily K, member 5",KCNK5
1556814_a_at,5.466763503744681,4.17266091099,1.2941025927546805,7.248890132247584,2.920813460105091e-11,1.6159110549805844e-10,True,Upregulated,CTA-292E10.6,,CTA-292E10.6
210467_x_at,3.5065659271702123,2.212752368,1.2938135591702125,4.566028718010807,1.5202538014242098e-05,4.572919353694008e-05,True,Upregulated,MAGEA12,"melanoma antigen family A, 12",MAGEA12
204352_at,8.40859627538298,7.11555297525,1.2930433001329797,13.497315261748028,2.720788858606825e-28,7.156007312910841e-27,True,Upregulated,TRAF5,TNF receptor-associated factor 5,TRAF5
204476_s_at,4.968248580553191,3.6753904848600003,1.292858095693191,11.87955503293752,1.212830463501642e-21,1.7798990261909774e-20,True,Upregulated,PC,pyruvate carboxylase,PC
222774_s_at,6.010780806734043,4.71792582136,1.292854985374043,7.821487327065098,5.728379777782419e-13,3.751907388307418e-12,True,Upregulated,NETO2,neuropilin (NRP) and tolloid (TLL)-like 2,NETO2
224320_s_at,7.819428754478725,6.5290325211399995,1.2903962333387256,13.877713405409065,4.029995632859871e-27,9.565637471712313e-26,True,Upregulated,MCM8,minichromosome maintenance complex component 8,MCM8
229041_s_at,7.693942975074466,6.406100571370002,1.287842403704464,7.812542552674098,8.08284799227512e-13,5.213383644471874e-12,True,Upregulated,ITGB2-AS1,ITGB2 antisense RNA 1,ITGB2-AS1
223506_at,6.562973495595744,5.275143455799999,1.287830039795745,15.682687340553677,7.571063802940681e-34,3.231882838928313e-32,True,Upregulated,ZC3H8,zinc finger CCCH-type containing 8,ZC3H8
219862_s_at,10.000426160851063,8.714245319719998,1.2861808411310651,17.88887183040122,4.483954061945437e-35,2.161056928098542e-33,True,Upregulated,NARF,nuclear prelamin A recognition factor,NARF
217198_x_at,6.3594077558191495,5.07361136148,1.2857963943391493,6.31232885068995,2.6116505648953332e-09,1.1794310435219176e-08,True,Upregulated,IGH,immunoglobulin heavy locus /// immunoglobulin heavy constant alpha 2 (A2m marker) /// immunoglobulin heavy constant delta /// immunoglobulin heavy constant gamma 1 (G1m marker),IGH
227829_at,6.427972257957448,5.14447073883,1.283501519127448,11.441138883184987,7.29037459487886e-20,9.185291355356158e-19,True,Upregulated,GYLTL1B,glycosyltransferase-like 1B,GYLTL1B
1552365_at,8.046138631223405,6.763264916669999,1.2828737145534062,5.8580769151157,4.8368486287010824e-08,1.919394572401626e-07,True,Upregulated,SCIN,scinderin,SCIN
217518_at,3.8079604956276603,2.5274372302700003,1.28052326535766,7.821400819666356,2.9432388585870096e-12,1.7983079092123243e-11,True,Upregulated,MYOF,myoferlin,MYOF
217901_at,11.196159477202126,9.91592858378,1.280230893422127,8.523005107619191,1.0465495691158553e-13,7.405567047028731e-13,True,Upregulated,DSG2,desmoglein 2,DSG2
217610_at,6.360198645797871,5.080401531740001,1.2797971140578701,8.409620526741955,3.195521396081507e-14,2.380200994455615e-13,True,Upregulated,SPDYE2,speedy/RINGO cell cycle regulator family member E2,SPDYE2
239757_at,5.144776188574467,3.8656085737700003,1.279167614804467,5.658446884335795,6.968920928692025e-08,2.72030177132324e-07,True,Upregulated,ZFAND6,"zinc finger, AN1-type domain 6",ZFAND6
225792_at,9.18642395005319,7.907303944219999,1.2791200058331906,13.123184147623133,5.057618914547561e-27,1.188418920654675e-25,True,Upregulated,HOOK1,hook microtubule-tethering protein 1,HOOK1
1565703_at,5.326255780351064,4.04769293138,1.278562848971064,7.892599967212665,8.515294581275167e-13,5.482447143266293e-12,True,Upregulated,SMAD4,SMAD family member 4,SMAD4
202018_s_at,8.949622212351064,7.671126446560001,1.2784957657910638,3.8606075397061907,0.0001668709773219532,0.00043777789416830427,True,Upregulated,LTF,lactotransferrin,LTF
212541_at,7.973592504595745,6.6974660657700005,1.2761264388257443,18.32287005386336,1.0454906609515684e-35,5.391443977942575e-34,True,Upregulated,FLAD1,flavin adenine dinucleotide synthetase 1,FLAD1
234210_x_at,5.596041439617023,4.32039232316,1.2756491164570232,8.58597756283065,4.121402461624826e-14,3.036626750697985e-13,True,Upregulated,ACTR2,ARP2 actin-related protein 2 homolog (yeast),ACTR2
232737_s_at,3.6059084433829787,2.33037521027,1.2755332331129785,6.452973287782053,4.100319161206466e-09,1.817985049910568e-08,True,Upregulated,ENPP3,ectonucleotide pyrophosphatase/phosphodiesterase 3,ENPP3
223158_s_at,8.504491381361703,7.229047227530001,1.2754441538317023,14.374158663124522,8.527066269137872e-32,3.0353195655317645e-30,True,Upregulated,NEK6,NIMA-related kinase 6,NEK6
214163_at,4.248872915744681,2.97386706447,1.2750058512746816,10.249683178370775,1.7023248265289844e-18,1.9015834500454405e-17,True,Upregulated,HSPB11,"heat shock protein family B (small), member 11",HSPB11
201587_s_at,10.446448391457446,9.17221593865,1.2742324528074462,16.61927749753194,8.068208035307078e-33,3.1377920273826932e-31,True,Upregulated,IRAK1,interleukin-1 receptor-associated kinase 1,IRAK1
209109_s_at,10.618263089606385,9.344808056329999,1.2734550332763863,12.74812590116068,1.3748635087539997e-26,3.1044671990697996e-25,True,Upregulated,TSPAN6,tetraspanin 6,TSPAN6
241382_at,6.747173881425531,5.474101256379999,1.2730726250455318,4.828106418856355,4.163020947017016e-06,1.3351156440060653e-05,True,Upregulated,PCP4L1,Purkinje cell protein 4 like 1,PCP4L1
235245_at,6.172013478021276,4.89935996593,1.272653512091276,9.748435992638251,3.9121230737745956e-17,3.841837714917663e-16,True,Upregulated,TMEM92,transmembrane protein 92,TMEM92
215947_s_at,9.635700541872342,8.36305823547,1.2726423064023429,22.137634803418806,1.3324050764467919e-49,2.5686286538267794e-47,True,Upregulated,FAM136A,"family with sequence similarity 136, member A /// protein FAM136A-like",FAM136A
205774_at,3.518711175234042,2.2471099564199997,1.2716012188140424,9.498129007992544,2.3471331872246325e-15,1.9645643574239664e-14,True,Upregulated,F12,coagulation factor XII (Hageman factor),F12
207263_x_at,3.7239078133723402,2.4523258587,1.2715819546723401,9.32397527358919,3.751885927735017e-15,3.0799593484303365e-14,True,Upregulated,VEZT,"vezatin, adherens junctions transmembrane protein",VEZT
220572_at,5.004484557595745,3.7340634586600006,1.2704210989357447,9.250589583402549,6.978475554886704e-16,6.135081500410858e-15,True,Upregulated,LOC100506282,uncharacterized LOC100506282,LOC100506282
223822_at,3.6383884903936163,2.36855103181,1.2698374585836163,7.066684171124388,2.5057447303570927e-10,1.2577429659932813e-09,True,Upregulated,SUSD4,sushi domain containing 4,SUSD4
222500_at,9.943067287159575,8.674252400660002,1.2688148864995732,15.368732202150976,1.3374116349914288e-31,4.664981984413035e-30,True,Upregulated,PPIL1,peptidylprolyl isomerase (cyclophilin)-like 1,PPIL1
201930_at,9.611602133276595,8.342834799939999,1.268767333336596,13.65266042761843,2.85714244511926e-27,6.860458194338595e-26,True,Upregulated,MCM6,minichromosome maintenance complex component 6,MCM6
205429_s_at,4.818535139053191,3.5498744994899996,1.2686606395631914,9.417640300622265,5.303394040525714e-16,4.711733595370269e-15,True,Upregulated,MPP6,"membrane protein, palmitoylated 6 (MAGUK p55 subfamily member 6)",MPP6
1557895_at,4.664253944702128,3.3957033498699998,1.2685505948321278,8.09588521418123,3.2676070370273796e-13,2.1982678185560304e-12,True,Upregulated,FLJ35934,FLJ35934,FLJ35934
205627_at,4.491911948117021,3.22376340286,1.2681485452570214,6.557978288943129,2.3484503337864715e-09,1.0658488705850912e-08,True,Upregulated,CDA,cytidine deaminase,CDA
222931_s_at,5.937775565585105,4.670690420010001,1.2670851455751047,9.393068129504986,1.7359811795999406e-16,1.6057004939976338e-15,True,Upregulated,THNSL1,threonine synthase-like 1 (S. cerevisiae),THNSL1
232083_at,5.474082466989363,4.20758206812,1.266500398869363,8.712629390463695,3.085668997329725e-14,2.305080454033008e-13,True,Upregulated,KIF16B,kinesin family member 16B,KIF16B
232277_at,3.9511801331489362,2.6860259864,1.2651541467489364,6.968584755990773,1.54492071682488e-10,7.928165792876919e-10,True,Upregulated,SLC28A3,"solute carrier family 28 (concentrative nucleoside transporter), member 3",SLC28A3
241418_at,3.4800697345425533,2.2149416594,1.2651280751425533,5.716334449227493,1.306001280744865e-07,4.943320540896784e-07,True,Upregulated,LOC344887,NmrA-like family domain containing 1 pseudogene,LOC344887
227247_at,7.1840330133829795,5.920515924050001,1.2635170893329786,13.304148276975548,1.3741996060110434e-28,3.706755266244232e-27,True,Upregulated,PLEKHA8,"pleckstrin homology domain containing, family A (phosphoinositide binding specific) member 8",PLEKHA8
203208_s_at,10.225853281648936,8.962633567160001,1.263219714488935,14.025326548854956,8.389596567802029e-27,1.9366645536300426e-25,True,Upregulated,MTFR1,mitochondrial fission regulator 1,MTFR1
204510_at,6.1649842623297895,4.902315391059999,1.2626688712697902,10.715325778414508,1.0556542230724522e-19,1.3113029570941088e-18,True,Upregulated,CDC7,cell division cycle 7,CDC7
220990_s_at,12.20398251617021,10.941387697400003,1.2625948187702072,17.321662415560183,1.5477943899198796e-38,1.0641650420302843e-36,True,Upregulated,MIR21,microRNA 21 /// vacuole membrane protein 1,MIR21
215070_x_at,3.61133198237234,2.3492407720300004,1.2620912103423398,9.320663743727266,1.867437526255565e-15,1.577044980172426e-14,True,Upregulated,RABGAP1,RAB GTPase activating protein 1,RABGAP1
230294_at,4.187748060436171,2.9262192596200003,1.2615288008161705,10.197453755357195,3.304122953504134e-17,3.268031577366189e-16,True,Upregulated,RALY-AS1,RALY antisense RNA 1,RALY-AS1
1553165_at,4.296305360382979,3.0351227101300005,1.2611826502529784,9.92428760218534,5.016219209337552e-17,4.878003369977031e-16,True,Upregulated,SYNRG,"synergin, gamma",SYNRG
210297_s_at,6.462300977234042,5.20226292802,1.2600380492140424,2.5116593289152442,0.012849434452750075,0.025303689872061493,True,Upregulated,MSMB,"microseminoprotein, beta-",MSMB
226550_at,6.60696608919149,5.34699013693,1.25997595226149,11.297010220244486,3.2343594655560053e-22,5.017688439988328e-21,True,Upregulated,SLC9A7,"solute carrier family 9, subfamily A (NHE7, cation proton antiporter 7), member 7",SLC9A7
212563_at,6.723335212659576,5.46508636108,1.2582488515795758,10.010632150716937,7.12305853586442e-18,7.506285783895056e-17,True,Upregulated,BOP1,block of proliferation 1 /// microRNA 7112,BOP1
207115_x_at,4.592427128946809,3.33425133861,1.2581757903368085,9.4840412941017,4.4153739893271374e-16,3.955451455528804e-15,True,Upregulated,MBTD1,mbt domain containing 1,MBTD1
243109_at,6.479033305904254,5.222468879080001,1.2565644268242533,6.98216760354945,9.470363163384017e-11,4.973373883087022e-10,True,Upregulated,MCTP2,"multiple C2 domains, transmembrane 2",MCTP2
224342_x_at,9.094219440957445,7.837780337350001,1.2564391036074447,3.841391413936377,0.00017509128258774202,0.00045818136252137256,True,Upregulated,BMS1P20,BMS1 pseudogene 20,BMS1P20
217085_at,3.470040491659574,2.2139921604,1.2560483312595738,5.092029444261164,1.844121223031829e-06,6.151569343958692e-06,True,Upregulated,RP11-116O18.1,,RP11-116O18.1
1552807_a_at,6.286432157904257,5.03098580417,1.255446353734257,6.960158319452535,8.239062120925174e-11,4.3599586308154413e-10,True,Upregulated,SIGLEC10,sialic acid binding Ig-like lectin 10,SIGLEC10
218136_s_at,6.333882044553192,5.07867687493,1.255205169623192,8.339872700321607,1.1689000333552372e-13,8.231272217078397e-13,True,Upregulated,SLC25A37,"solute carrier family 25 (mitochondrial iron transporter), member 37",SLC25A37
239576_at,6.6038088712553185,5.348916538589999,1.2548923326653192,5.932436513192087,2.3105189119924458e-08,9.494504561114347e-08,True,Upregulated,MTUS1,microtubule associated tumor suppressor 1,MTUS1
209317_at,8.12848617206383,6.87390866501,1.2545775070538303,16.590875516881592,2.360125109113636e-35,1.164602652465927e-33,True,Upregulated,POLR1C,"polymerase (RNA) I polypeptide C, 30kDa",POLR1C
201489_at,9.36207648461702,8.10862603348,1.2534504511370201,13.8337541762177,6.316585209653694e-30,1.9172903616615889e-28,True,Upregulated,PPIF,peptidylprolyl isomerase F,PPIF
214039_s_at,13.865829596489366,12.6126925588,1.253137037689367,12.89069039647619,4.451959322941905e-25,8.780824501054393e-24,True,Upregulated,LAPTM4B,lysosomal protein transmembrane 4 beta,LAPTM4B
44040_at,5.219031391276596,3.966050977820001,1.2529804134565952,13.03683732909494,3.1118686703389714e-25,6.252333518970934e-24,True,Upregulated,FBXO41,F-box protein 41 /// uncharacterized LOC101927826,FBXO41
204886_at,4.588269835606384,3.3370905230400005,1.251179312566383,10.368005257825999,6.130026823331056e-18,6.495461440498112e-17,True,Upregulated,PLK4,polo-like kinase 4,PLK4
224467_s_at,7.440941884372341,6.189961297499998,1.250980586872343,11.954246509674006,1.3053226055197753e-22,2.0901483078441986e-21,True,Upregulated,PDCD2L,programmed cell death 2-like,PDCD2L
214140_at,7.264302803468086,6.0134449756200015,1.2508578278480842,11.841010325813798,5.61850311323148e-23,9.306954371674418e-22,True,Upregulated,SLC25A16,"solute carrier family 25 (mitochondrial carrier), member 16",SLC25A16
225143_at,8.081282004712767,6.831958233399999,1.2493237713127678,15.727696531791533,1.2996906960857066e-32,4.968384063942133e-31,True,Upregulated,SFXN4,sideroflexin 4,SFXN4
1554154_at,6.194588226776595,4.945424002039999,1.249164224736596,9.355828353135227,4.450485595695012e-16,3.982925428453443e-15,True,Upregulated,GDAP2,ganglioside induced differentiation associated protein 2,GDAP2
223363_at,9.279768868797873,8.0309193192,1.2488495495978729,16.05744356378156,8.653648645554214e-32,3.0783409130276385e-30,True,Upregulated,PSMG3,"proteasome (prosome, macropain) assembly chaperone 3",PSMG3
229865_at,6.616436479255321,5.36817829118,1.2482581880753214,9.811044574130772,3.8623646098410794e-18,4.1706714094541716e-17,True,Upregulated,FNDC3B,fibronectin type III domain containing 3B /// uncharacterized LOC101928615,FNDC3B
219559_at,4.790936447170211,3.5432573462200003,1.247679100950211,10.278258518759051,3.1072940553373894e-17,3.0829905563618676e-16,True,Upregulated,SLC17A9,"solute carrier family 17 (vesicular nucleotide transporter), member 9",SLC17A9
1553311_at,3.4626970989999992,2.2151676049499995,1.2475294940499997,6.058017495717169,2.8996120202851717e-08,1.178379540030663e-07,True,Upregulated,C20orf197,chromosome 20 open reading frame 197,C20orf197
217551_at,5.0342438966489365,3.7867921196200003,1.2474517770289362,9.660084564978465,1.75087189348386e-16,1.6183604685156023e-15,True,Upregulated,OR7E14P,"olfactory receptor, family 7, subfamily E, member 14 pseudogene",OR7E14P
1558154_at,6.487574204840425,5.240699931899999,1.2468742729404259,9.674434980468055,2.2553331780927307e-17,2.263159520837605e-16,True,Upregulated,AF289551,Homo sapiens clone pp10029 unknown mRNA.,AF289551
217538_at,4.439026700702128,3.1926823496700005,1.246344351032127,8.242490989943187,2.358200897616819e-13,1.6102347782051318e-12,True,Upregulated,SGSM2,small G protein signaling modulator 2,SGSM2
214805_at,6.780508274989362,5.5341820099799985,1.2463262650093636,6.836367498346163,1.7313495628606037e-10,8.836816055040846e-10,True,Upregulated,EIF4A1,"eukaryotic translation initiation factor 4A1 /// small nucleolar RNA, H/ACA box 48 /// small nucleolar RNA, H/ACA box 67 /// small nucleolar RNA, C/D box 10",EIF4A1
203988_s_at,8.656998574159575,7.41098503069,1.2460135434695747,11.696627092924363,3.0078657465613313e-22,4.683875710612269e-21,True,Upregulated,FUT8,"fucosyltransferase 8 (alpha (1,6) fucosyltransferase)",FUT8
214777_at,10.983632701648936,9.73863457845,1.2449981231989362,3.603585655701989,0.0004134179799973496,0.0010272613633991244,True,Upregulated,abParts,"Parts of antibodies, mostly variable regions. /// immunoglobulin kappa constant /// immunoglobulin kappa variable 4-1 ///",abParts
226325_at,7.243817689882978,6.000418786839999,1.243398903042979,7.121112989844493,9.533321902789882e-11,5.002529286472748e-10,True,Upregulated,ADSSL1,adenylosuccinate synthase like 1,ADSSL1
227653_at,7.6960493180531895,6.453658968669999,1.2423903493831903,13.662314892657104,1.0782444710105848e-26,2.462609644066892e-25,True,Upregulated,TRMT5,tRNA methyltransferase 5,TRMT5
211715_s_at,6.537392851904255,5.295943513859999,1.241449338044256,9.163187226920225,1.4974275780537276e-16,1.39295468199927e-15,True,Upregulated,BDH1,"3-hydroxybutyrate dehydrogenase, type 1",BDH1
218741_at,4.194561563840425,2.95348246715,1.241079096690425,10.245193342398592,2.9324703444605456e-19,3.501128744664926e-18,True,Upregulated,CENPM,centromere protein M,CENPM
220283_at,3.4700256652021273,2.22897130995,1.2410543552521274,6.211778981741525,1.4295432181281356e-08,6.004170820727777e-08,True,Upregulated,HHIPL2,HHIP-like 2,HHIPL2
1554894_a_at,6.591458302170212,5.350633777770001,1.2408245244002112,11.813854226453754,1.529335566786229e-22,2.4321952334466032e-21,True,Upregulated,PCBD2,pterin-4 alpha-carbinolamine dehydratase/dimerization cofactor of hepatocyte nuclear factor 1 alpha (TCF1) 2,PCBD2
221923_s_at,10.698747111319147,9.457981628330002,1.2407654829891452,16.633650539761266,3.4050854945383284e-35,1.6574292163731992e-33,True,Upregulated,NPM1,"nucleophosmin (nucleolar phosphoprotein B23, numatrin)",NPM1
232810_at,4.18831420956383,2.9481199625500007,1.2401942470138296,9.780062447642658,2.423866290300799e-16,2.213413791003714e-15,True,Upregulated,AIG1,androgen-induced 1,AIG1
214705_at,6.247705854765957,5.00884748091,1.2388583738559573,7.069725105028969,7.194631725759449e-11,3.83252908786469e-10,True,Upregulated,INADL,InaD-like (Drosophila),INADL
227760_at,3.598786742106383,2.3616494976000006,1.2371372445063824,6.828200375138686,7.992195531416606e-10,3.8105507388775244e-09,True,Upregulated,IGFBPL1,insulin-like growth factor binding protein-like 1,IGFBPL1
213713_s_at,5.607707773776596,4.37058440475,1.2371233690265964,8.840170606805943,2.8047356311297027e-15,2.3319757405463318e-14,True,Upregulated,GLB1L2,"galactosidase, beta 1-like 2",GLB1L2
201417_at,12.257725109893618,11.02074684269,1.236978267203618,13.332690074961212,2.3032981862857414e-28,6.08772463132997e-27,True,Upregulated,SOX4,SRY (sex determining region Y)-box 4,SOX4
201596_x_at,12.814756013936174,11.578062063500001,1.2366939504361731,14.02112822038563,8.776915283588816e-29,2.4024181447486414e-27,True,Upregulated,KRT18,keratin 18,KRT18
214594_x_at,10.036157460585107,8.799623319910001,1.236534140675106,8.549015354641524,1.198854547660885e-14,9.3573633290507e-14,True,Upregulated,ATP8B1,"ATPase, aminophospholipid transporter, class I, type 8B, member 1",ATP8B1
219773_at,5.630683891063829,4.3944945660600006,1.2361893250038287,6.514627860966115,1.2232072619928617e-09,5.7379579446666724e-09,True,Upregulated,NOX4,NADPH oxidase 4,NOX4
206645_s_at,3.474426628819149,2.2382637128400003,1.2361629159791487,4.940892722503104,3.3884374542973257e-06,1.0983577226350627e-05,True,Upregulated,NR0B1,"nuclear receptor subfamily 0, group B, member 1",NR0B1
239579_at,3.8945431630957446,2.65895280796,1.2355903551357446,8.279639332554314,1.5575815664547266e-13,1.0841993287606306e-12,True,Upregulated,EPHX4,epoxide hydrolase 4,EPHX4
223540_at,4.549898801925532,3.3145412270700008,1.2353575748555312,10.496064382317646,1.166303692657232e-17,1.204030256652517e-16,True,Upregulated,PVRL4,poliovirus receptor-related 4,PVRL4
240070_at,6.100976241989362,4.865838564109999,1.2351376778793632,8.67719386349742,9.131433546603539e-15,7.215267882145116e-14,True,Upregulated,TIGIT,T cell immunoreceptor with Ig and ITIM domains,TIGIT
221973_at,5.198911337351064,3.96510772218,1.2338036151710643,8.530209052701483,8.811449205556296e-15,6.975752236827362e-14,True,Upregulated,LOC100506076,uncharacterized LOC100506076 /// uncharacterized LOC100506123,LOC100506076
234605_at,3.5770209186914887,2.3433778157699994,1.2336431029214894,7.620429395403775,1.773896032218215e-11,1.0023192771182783e-10,True,Upregulated,CDC14B,cell division cycle 14B,CDC14B
220491_at,6.148081974457448,4.91546875745,1.2326132170074482,7.561575306531015,1.9276222505026014e-12,1.1988793983063473e-11,True,Upregulated,HAMP,hepcidin antimicrobial peptide,HAMP
224476_s_at,5.508507345553191,4.27632478102,1.2321825645331916,9.844743302164165,6.149387101037076e-17,5.930624612092167e-16,True,Upregulated,MESP1,mesoderm posterior basic helix-loop-helix transcription factor 1,MESP1
228575_at,3.5703200620319153,2.33940635145,1.2309137105819152,5.9070893667582975,5.638469782306044e-08,2.2217636315832444e-07,True,Upregulated,IL20RB,interleukin 20 receptor beta,IL20RB
38158_at,3.9373679151170218,2.7072072016900006,1.2301607134270212,8.814336867676715,6.012410048069918e-14,4.358855463613541e-13,True,Upregulated,ESPL1,extra spindle pole bodies homolog 1 (S. cerevisiae),ESPL1
227985_at,7.75049322937234,6.52179625108,1.2286969782923407,8.63115552959215,2.489781205098053e-14,1.875565432736749e-13,True,Upregulated,LOC100506098,uncharacterized LOC100506098,LOC100506098
237106_at,4.457036220904255,3.228926613099999,1.2281096078042562,9.698926026572204,3.14932926092626e-17,3.12296872470833e-16,True,Upregulated,SLC11A2,"solute carrier family 11 (proton-coupled divalent metal ion transporter), member 2",SLC11A2
210827_s_at,10.339666811265955,9.111560590660002,1.2281062206059534,8.659221436355184,2.6541312273398086e-15,2.2115430239147785e-14,True,Upregulated,ELF3,"E74-like factor 3 (ets domain transcription factor, epithelial-specific )",ELF3
222746_s_at,7.6714669385212755,6.44540738156,1.2260595569612756,11.946461510308238,1.4124858053127797e-22,2.2523558115788072e-21,True,Upregulated,BSPRY,B-box and SPRY domain containing,BSPRY
226908_at,8.907501111212765,7.681745955690002,1.225755155522763,8.91807585512981,3.816669103230817e-15,3.131228864953824e-14,True,Upregulated,LRIG3,leucine-rich repeats and immunoglobulin-like domains 3,LRIG3
229283_at,5.061670227840425,3.8360530881,1.2256171397404252,8.59795545765755,5.544214740060416e-14,4.0331440530898183e-13,True,Upregulated,LOC728613,programmed cell death 6 pseudogene,LOC728613
243541_at,3.5661986285425535,2.34074224818,1.2254563803625533,7.707246955580382,1.3310413008183714e-11,7.621780837412641e-11,True,Upregulated,IL31RA,interleukin 31 receptor A,IL31RA
214250_at,5.419268344265957,4.194312840840001,1.2249555034259556,7.4910564486480515,6.3087276468037396e-12,3.7292144764368166e-11,True,Upregulated,NUMA1,nuclear mitotic apparatus protein 1,NUMA1
232291_at,4.3113379034893615,3.08722868067,1.2241092228193615,8.559317670403704,8.29858577584547e-15,6.592050428882357e-14,True,Upregulated,MIR17,microRNA 17 /// miR-17-92 cluster host gene (non-protein coding) /// microRNA 18a /// microRNA 19a /// microRNA 19b-1 /// microRNA 20a /// microRNA 92a-1,MIR17
205016_at,7.736210433500002,6.5127323238,1.223478109700002,7.522982531584897,1.6572349526069182e-11,9.392627941087007e-11,True,Upregulated,TGFA,"transforming growth factor, alpha",TGFA
227894_at,6.240467844680852,5.01742303674,1.2230448079408518,10.8628572968825,3.0473911856386028e-21,4.3156130150278543e-20,True,Upregulated,WDR90,WD repeat domain 90,WDR90
213172_at,5.700005417648937,4.4771304463099995,1.2228749713389373,7.472602499114185,1.2247217569687778e-11,7.036949516111813e-11,True,Upregulated,TTC9,tetratricopeptide repeat domain 9,TTC9
238867_at,6.501792404957445,5.27905130106,1.2227411038974454,10.981960223207361,1.1624533246356256e-19,1.4363361938628937e-18,True,Upregulated,TMEM182,transmembrane protein 182,TMEM182
206341_at,5.845938216021276,4.62322904896,1.222709167061276,9.077967317204477,4.106532541070272e-16,3.68860987398139e-15,True,Upregulated,IL2RA,"interleukin 2 receptor, alpha",IL2RA
212384_at,7.099103094308509,5.87669261699,1.2224104773185092,6.759529435099633,2.6476639746094274e-10,1.3252117489144114e-09,True,Upregulated,ATP6V1G2-DDX39B,"ATP6V1G2-DDX39B readthrough (NMD candidate) /// DEAD (Asp-Glu-Ala-Asp) box polypeptide 39B /// small nucleolar RNA, C/D box 84",ATP6V1G2-DDX39B
227687_at,6.317955005819149,5.0966215427999995,1.2213334630191497,10.547957085679853,9.371183961346428e-20,1.1694972097564759e-18,True,Upregulated,HYLS1,hydrolethalus syndrome 1,HYLS1
209836_x_at,9.67370475806383,8.45263165869,1.2210730993738288,14.279361453564553,1.0539374115257051e-29,3.1318827412332363e-28,True,Upregulated,BOLA2,bolA family member 2 /// bolA family member 2B,BOLA2
239014_at,4.849801985521276,3.6300202299799995,1.2197817555412769,7.225126800264229,2.248837474823337e-11,1.259695609465195e-10,True,Upregulated,CCAR1,cell division cycle and apoptosis regulator 1,CCAR1
206497_at,4.473836807234042,3.254914062740001,1.2189227444940407,11.645183750406451,7.8866332584202e-21,1.083223841770656e-19,True,Upregulated,COA1,cytochrome c oxidase assembly factor 1 homolog (S. cerevisiae),COA1
243020_at,5.396766227021278,4.17801078079,1.2187554462312775,6.679905300735515,5.135111785129867e-10,2.4938792097065015e-09,True,Upregulated,FAM13A-AS1,FAM13A antisense RNA 1,FAM13A-AS1
227189_at,5.680573738042553,4.46201949648,1.2185542415625532,6.774902984400185,2.971458467492404e-10,1.4783356316025014e-09,True,Upregulated,CPNE5,copine V,CPNE5
210210_at,4.588891390500001,3.37080126554,1.2180901249600007,9.8615735374157,2.6728736381246738e-17,2.664254660863115e-16,True,Upregulated,MPZL1,myelin protein zero-like 1,MPZL1
225252_at,8.414095775212765,7.196101133230001,1.2179946419827639,7.1447792817838005,1.3239221661310535e-10,6.849603465517973e-10,True,Upregulated,SRXN1,sulfiredoxin 1,SRXN1
232608_x_at,3.5553516644893626,2.33831836376,1.2170333007293626,8.055352785624596,2.485878390416723e-12,1.5294607081555006e-11,True,Upregulated,CARD14,"caspase recruitment domain family, member 14",CARD14
230245_s_at,4.268022404180851,3.051036880709999,1.2169855234708518,6.355359728936614,2.191090096118202e-09,9.974606170953331e-09,True,Upregulated,LINC00926,long intergenic non-protein coding RNA 926,LINC00926
225666_at,8.530977846680853,7.31453733076,1.2164405159208531,12.29009049208301,6.956257506846966e-23,1.1417432598818155e-21,True,Upregulated,TMTC4,transmembrane and tetratricopeptide repeat containing 4,TMTC4
209771_x_at,13.087903509297876,11.871550464330003,1.2163530449678728,8.069980606401565,1.1946870771375815e-13,8.402960524509213e-13,True,Upregulated,CD24,CD24 molecule,CD24
220521_s_at,3.840909927329786,2.62474601495,1.2161639123797863,8.47628522793457,2.1060397744959048e-13,1.4439191244236676e-12,True,Upregulated,ATG16L1,autophagy related 16-like 1 (S. cerevisiae),ATG16L1
232097_at,7.1192614518723385,5.904678730890001,1.2145827209823379,9.833496603192312,4.9630909180344764e-17,4.828084791416211e-16,True,Upregulated,TOX4,TOX high mobility group box family member 4,TOX4
238130_at,6.1390435133085095,4.92529152871,1.2137519845985096,9.632146361378574,3.754277332979898e-17,3.6935716230410973e-16,True,Upregulated,NFATC2IP,"nuclear factor of activated T-cells, cytoplasmic, calcineurin-dependent 2 interacting protein",NFATC2IP
230309_at,4.514337705393617,3.30171866905,1.2126190363436167,5.047374636447777,1.957231490376225e-06,6.510708945598098e-06,True,Upregulated,BHMT2,betaine--homocysteine S-methyltransferase 2,BHMT2
226313_at,6.14469234444681,4.932317379820001,1.2123749646268092,12.591508402314975,3.542740972257795e-23,5.954683310433055e-22,True,Upregulated,C10orf35,chromosome 10 open reading frame 35,C10orf35
215777_at,4.724720723734042,3.5125386956499995,1.2121820280840425,4.862769794056572,2.9244433210109198e-06,9.542229341415512e-06,True,Upregulated,IGLV4-60,immunoglobulin lambda variable 4-60 ///,IGLV4-60
225799_at,10.663697345255319,9.451791964129999,1.2119053811253195,10.459864373810637,4.114464821012353e-20,5.301883202275285e-19,True,Upregulated,LINC00152,long intergenic non-protein coding RNA 152 /// uncharacterized LOC101930489 /// MIR4435-1 host gene (non-protein coding),LINC00152
204483_at,3.7196457273723404,2.50794236009,1.2117033672823405,6.424663373664544,5.403758043639023e-09,2.3675996263861885e-08,True,Upregulated,ENO3,"enolase 3 (beta, muscle)",ENO3
1557718_at,5.820205705457448,4.60895468561,1.211251019847448,6.80039576821915,1.6522484922074305e-10,8.454746208911507e-10,True,Upregulated,PPP2R5C,"protein phosphatase 2, regulatory subunit B', gamma",PPP2R5C
218151_x_at,8.445658177670213,7.23478451615,1.2108736615202123,16.320132623121143,1.7554322348678015e-33,7.257315771298968e-32,True,Upregulated,SLC52A2,"solute carrier family 52 (riboflavin transporter), member 2",SLC52A2
225291_at,9.293729855031913,8.083684073959999,1.2100457810719139,17.67441830772841,4.008027661242451e-38,2.6581476669246174e-36,True,Upregulated,PNPT1,polyribonucleotide nucleotidyltransferase 1,PNPT1
1555310_a_at,5.456074641138297,4.246169742149999,1.209904898988298,10.609161187289512,2.770446084457091e-18,3.0336159018446474e-17,True,Upregulated,PAK6,p21 protein (Cdc42/Rac)-activated kinase 6,PAK6
223774_at,7.419801368957447,6.21058370742,1.2092176615374477,12.114547910448241,4.282675362993199e-25,8.45934546727698e-24,True,Upregulated,SNHG12,"small nucleolar RNA host gene 12 (non-protein coding) /// small nucleolar RNA, H/ACA box 16A /// small nucleolar RNA, H/ACA box 44 /// small nucleolar RNA, H/ACA box 61",SNHG12
231403_at,6.185032062925533,4.97584288975,1.2091891731755329,8.5134573293385,8.905320977900988e-15,7.045919301520778e-14,True,Upregulated,TRIO,trio Rho guanine nucleotide exchange factor,TRIO
33197_at,3.793768091297872,2.5858403425100005,1.2079277487878715,12.006491458158076,1.2568115024799346e-21,1.8409276544767364e-20,True,Upregulated,MYO7A,myosin VIIA,MYO7A
235515_at,5.998945559468085,4.79109265509,1.2078529043780852,8.303498984946712,2.5304542681831066e-13,1.7230410592289731e-12,True,Upregulated,SYNE4,"spectrin repeat containing, nuclear envelope family member 4",SYNE4
242055_at,4.915902544340426,3.7085009598,1.2074015845404262,5.773295413309364,6.000309351579905e-08,2.3572612576442683e-07,True,Upregulated,PSMG4,"proteasome (prosome, macropain) assembly chaperone 4",PSMG4
1554020_at,4.957863203882979,3.752028116619999,1.2058350872629795,7.731659520563282,6.210972263128464e-12,3.676277694999753e-11,True,Upregulated,BICD1,bicaudal D homolog 1 (Drosophila),BICD1
209847_at,3.423990807223405,2.21862954221,1.205361265013405,5.161166524129558,1.3847901882562548e-06,4.678244147073106e-06,True,Upregulated,CDH17,"cadherin 17, LI cadherin (liver-intestine)",CDH17
91826_at,7.218387746648936,6.01365737744,1.204730369208936,9.001545519428804,4.917779371976664e-15,3.98835466376865e-14,True,Upregulated,EPS8L1,EPS8-like 1,EPS8L1
1554608_at,5.575118631510638,4.370560584970001,1.2045580465406376,9.614132016283776,2.054279439357679e-17,2.0695162750569794e-16,True,Upregulated,TGOLN2,trans-golgi network protein 2,TGOLN2
208758_at,10.378111189968086,9.173894308669999,1.2042168812980876,19.583266050784257,6.065584890125852e-42,5.383556912546354e-40,True,Upregulated,ATIC,5-aminoimidazole-4-carboxamide ribonucleotide formyltransferase/IMP cyclohydrolase,ATIC
206429_at,5.493023168563829,4.28893290869,1.204090259873829,6.895066956626585,2.706698812380986e-10,1.3532487667105756e-09,True,Upregulated,F2RL1,coagulation factor II (thrombin) receptor-like 1,F2RL1
202528_at,8.93511259330851,7.731955691190002,1.2031569021185078,13.358425303624891,6.030272610671439e-27,1.4065231684196619e-25,True,Upregulated,GALE,UDP-galactose-4-epimerase,GALE
212322_at,9.483308422542555,8.28022245664,1.2030859659025541,15.187864752960039,6.998236230413071e-31,2.29937161813682e-29,True,Upregulated,SGPL1,sphingosine-1-phosphate lyase 1,SGPL1
217591_at,8.280380366968084,7.0777980093099995,1.202582357658084,8.267434716533959,7.132243844100668e-14,5.125799938519488e-13,True,Upregulated,SKIL,SKI-like proto-oncogene,SKIL
205761_s_at,7.496959790617023,6.295736431830001,1.201223358787022,12.561093127262184,1.3665627182080306e-23,2.377934078341544e-22,True,Upregulated,DUS4L,dihydrouridine synthase 4-like (S. cerevisiae),DUS4L
213589_s_at,3.9796647654680855,2.77846988685,1.2011948786180855,13.491841743725425,1.9954566421341193e-25,4.091789209066936e-24,True,Upregulated,B3GNTL1,"UDP-GlcNAc:betaGal beta-1,3-N-acetylglucosaminyltransferase-like 1",B3GNTL1
242786_at,3.621237376808511,2.4200450027200002,1.2011923740885107,10.150024554943318,7.230497468218944e-17,6.91745885495596e-16,True,Upregulated,SBF2-AS1,SBF2 antisense RNA 1,SBF2-AS1
218776_s_at,7.560929420734041,6.36017613463,1.2007532861040415,14.326016565259694,8.033694712228096e-28,2.021994870341134e-26,True,Upregulated,TMEM62,transmembrane protein 62,TMEM62
206205_at,5.766643399489363,4.56631702254,1.2003263769493628,11.41808470562124,8.019140695632137e-21,1.1005805089442972e-19,True,Upregulated,MPHOSPH9,M-phase phosphoprotein 9,MPHOSPH9
36936_at,9.870241314180852,8.67027764467,1.1999636695108524,13.523900197371193,8.4454836255687e-26,1.7848675138893444e-24,True,Upregulated,TSTA3,tissue specific transplantation antigen P35B,TSTA3
212949_at,3.673202292680851,2.4734408848100005,1.1997614078708505,7.902598256258907,4.702639151859381e-12,2.8147802072324578e-11,True,Upregulated,NCAPH,"non-SMC condensin I complex, subunit H",NCAPH
221669_s_at,9.078578573606382,7.879074171669999,1.199504401936383,10.293270149179305,6.916750289521646e-18,7.298888190547602e-17,True,Upregulated,ACAD8,"acyl-CoA dehydrogenase family, member 8",ACAD8
220688_s_at,8.601373708223406,7.4020309825199995,1.1993427257034064,14.728976141983084,2.07858064399732e-31,7.161981967843681e-30,True,Upregulated,MRTO4,mRNA turnover 4 homolog (S. cerevisiae),MRTO4
232633_at,4.636023146212766,3.4368907229600008,1.1991324232527654,8.721857063047253,1.0737881750501963e-14,8.430122724164336e-14,True,Upregulated,XRCC5,X-ray repair complementing defective repair in Chinese hamster cells 5 (double-strand-break rejoining),XRCC5
203612_at,6.894092111734044,5.69557349272,1.1985186190140436,13.594650073378972,1.3794562736366772e-26,3.113530639270764e-25,True,Upregulated,BYSL,bystin-like,BYSL
241954_at,6.208637569393615,5.01153017455,1.1971073948436155,8.200832708621368,2.0531746570245852e-13,1.4100108797589933e-12,True,Upregulated,FDFT1,farnesyl-diphosphate farnesyltransferase 1,FDFT1
228286_at,5.6257805083404255,4.428780828290001,1.1969996800504248,13.571325344014877,2.794325251181721e-28,7.331491607807806e-27,True,Upregulated,GEN1,GEN1 Holliday junction 5' flap endonuclease,GEN1
218670_at,5.881078807223402,4.684539486669999,1.196539320553403,15.93297113839555,7.02400592344597e-33,2.7435960973018515e-31,True,Upregulated,PUS1,pseudouridylate synthase 1,PUS1
226129_at,8.900106898351064,7.703798513630001,1.1963083847210632,10.705060781052625,6.336481472688642e-20,8.024817341418209e-19,True,Upregulated,FAM83H,"family with sequence similarity 83, member H",FAM83H
208300_at,3.41195289137234,2.21586683097,1.1960860604023398,7.642684469702882,1.8748296226494044e-11,1.0579058548449525e-10,True,Upregulated,PTPRH,"protein tyrosine phosphatase, receptor type, H",PTPRH
239481_at,3.6706200097127666,2.4745459713999995,1.196074038312767,4.755265397692107,7.176540508039824e-06,2.242345810186069e-05,True,Upregulated,FAM133A,"family with sequence similarity 133, member A",FAM133A
209053_s_at,6.3257415790425515,5.130621495229999,1.1951200838125526,10.868124044931374,1.053903790411435e-20,1.4332558602040315e-19,True,Upregulated,WHSC1,Wolf-Hirschhorn syndrome candidate 1,WHSC1
201391_at,9.19610457969149,8.00104099683,1.19506358286149,17.200399540961328,1.3837885437017317e-34,6.361406035174473e-33,True,Upregulated,TRAP1,TNF receptor-associated protein 1,TRAP1
204109_s_at,6.210017526510639,5.01518625162,1.194831274890639,11.190564675914326,3.2663059279233077e-22,5.0657880807175044e-21,True,Upregulated,NFYA,"nuclear transcription factor Y, alpha",NFYA
238642_at,6.294260978287234,5.099437163059999,1.1948238152272346,10.059541097143157,1.1403774043734259e-18,1.2910195552858154e-17,True,Upregulated,ANKRD13D,"ankyrin repeat domain 13 family, member D",ANKRD13D
224634_at,8.449112535468084,7.254740385819999,1.1943721496480846,13.032842017031859,4.413701854491161e-26,9.52629887422398e-25,True,Upregulated,GPATCH4,G patch domain containing 4,GPATCH4
218594_at,8.77717512142553,7.582917112930001,1.19425800849553,16.771661821198204,2.948712294300998e-35,1.4444393393558604e-33,True,Upregulated,HEATR1,HEAT repeat containing 1,HEATR1
219288_at,8.992531507723404,7.798786398729999,1.1937451089934052,8.227410713612144,2.9382598944665994e-13,1.98539254627865e-12,True,Upregulated,C3orf14,chromosome 3 open reading frame 14,C3orf14
236285_at,5.147067145085106,3.9535079101500004,1.193559234935106,6.576404310491931,8.303714479680777e-10,3.953820706481146e-09,True,Upregulated,KLHDC7B,kelch domain containing 7B,KLHDC7B
211642_at,3.8886702572021274,2.69607043304,1.1925998241621274,4.871999718801574,3.0953125146919045e-06,1.0075923192835367e-05,True,Upregulated,IGHV3-73,immunoglobulin heavy variable 3-73 ///,IGHV3-73
229246_at,5.521508649255319,4.32996633527,1.1915423139853187,11.044011066687185,3.3427930103533192e-21,4.7153282154435774e-20,True,Upregulated,SRSF1,serine/arginine-rich splicing factor 1,SRSF1
229147_at,7.72722054529787,6.535915543910002,1.1913050013878683,7.222397558099047,2.904911238375132e-11,1.6078650765922997e-10,True,Upregulated,RASSF6,Ras association (RalGDS/AF-6) domain family member 6,RASSF6
228518_at,4.446195772478723,3.256415143539999,1.189780628938724,7.026207301895571,9.506523141223829e-11,4.989927331646969e-10,True,Upregulated,IGHG1,immunoglobulin heavy constant gamma 1 (G1m marker) /// immunoglobulin heavy constant mu /// uncharacterized LOC102725426 /// microRNA 8071-1 /// microRNA 8071-2,IGHG1
1559214_at,4.32170983980851,3.1321264275800003,1.1895834122285098,8.045477916927954,7.803175459276557e-13,5.0426720563817e-12,True,Upregulated,FBXO22,F-box protein 22,FBXO22
238029_s_at,8.334297862734042,7.145741986680001,1.188555876054041,4.402395261877866,2.4209694811151527e-05,7.0930528658492e-05,True,Upregulated,SLC16A14,"solute carrier family 16, member 14",SLC16A14
221539_at,8.177403847702129,6.989470460290001,1.1879333874121283,8.960069848211699,5.037406999911722e-15,4.08291098398511e-14,True,Upregulated,EIF4EBP1,eukaryotic translation initiation factor 4E binding protein 1,EIF4EBP1
208149_x_at,6.43487518751064,5.247005810939999,1.1878693765706405,11.741894493990221,1.2547267703729407e-22,2.0121268357566782e-21,True,Upregulated,DDX11,DEAD/H (Asp-Glu-Ala-Asp/His) box helicase 11,DDX11
227046_at,8.491776653202125,7.304743845619999,1.187032807582126,13.716679409211071,1.2679827886560415e-27,3.1428443442697626e-26,True,Upregulated,SLC39A11,"solute carrier family 39, member 11",SLC39A11
202813_at,9.074269690351064,7.88736281888,1.1869068714710647,14.035771997157251,4.800143758448683e-29,1.3439902768970375e-27,True,Upregulated,TARBP1,TAR (HIV-1) RNA binding protein 1,TARBP1
232202_at,3.4550541344680856,2.26825601311,1.1867981213580858,6.4300183342084996,4.848433664261192e-09,2.1322800741288018e-08,True,Upregulated,FAM83B,"family with sequence similarity 83, member B",FAM83B
222309_at,6.19410429142553,5.007540959109999,1.1865633323155311,8.08611527969517,1.5415352476735843e-13,1.0737246157908755e-12,True,Upregulated,C6orf62,chromosome 6 open reading frame 62,C6orf62
236327_at,5.345831485265957,4.15936602905,1.1864654562159567,6.652204008352953,4.676001472652829e-10,2.2805895466821274e-09,True,Upregulated,CEPT1,choline/ethanolamine phosphotransferase 1,CEPT1
219061_s_at,9.046308111893618,7.859910413749998,1.1863976981436197,14.983704756077547,2.9905312955942624e-28,7.819577844668595e-27,True,Upregulated,LAGE3,"L antigen family, member 3",LAGE3
236835_at,3.8922821182234038,2.70821160829,1.1840705099334037,10.03254562319431,5.987099168165494e-17,5.783443172754118e-16,True,Upregulated,FUT8-AS1,FUT8 antisense RNA 1,FUT8-AS1
215201_at,5.01172084219149,3.8276912081899996,1.1840296340014906,8.526396505488192,4.6275050599244777e-14,3.391864093119351e-13,True,Upregulated,REPS1,RALBP1 associated Eps domain containing 1,REPS1
218858_at,8.912793999819147,7.728852784490001,1.1839412153291464,8.576942105110636,5.758142263444569e-15,4.6384220425584776e-14,True,Upregulated,DEPTOR,DEP domain containing MTOR-interacting protein,DEPTOR
219388_at,7.797571465797873,6.61368915831,1.183882307487873,11.487687518725853,7.363347468871997e-22,1.1038043672261683e-20,True,Upregulated,GRHL2,grainyhead-like 2 (Drosophila),GRHL2
235048_at,4.809846087446809,3.6259680758999995,1.1838780115468097,7.189610290645116,5.269178139415854e-11,2.840898310010236e-10,True,Upregulated,FAM169A,"family with sequence similarity 169, member A",FAM169A
213927_at,6.148546746946811,4.96479720575,1.1837495411968106,10.054450793799305,1.9501693558512332e-17,1.968320678810554e-16,True,Upregulated,MAP3K9,mitogen-activated protein kinase kinase kinase 9,MAP3K9
229033_s_at,5.337636352595744,4.154101806809999,1.1835345457857454,8.236408536226728,1.9106545315444447e-13,1.3166747550755863e-12,True,Upregulated,MUM1,melanoma associated antigen (mutated) 1,MUM1
1554595_at,5.624413775851064,4.44117265423,1.183241121621064,8.792412524993788,7.613513576960699e-15,6.070270400984408e-14,True,Upregulated,SYMPK,symplekin,SYMPK
235153_at,3.503449911563831,2.320536504289999,1.182913407273832,5.772056940827251,9.504378322910312e-08,3.647798576252705e-07,True,Upregulated,RNF183,ring finger protein 183,RNF183
213046_at,5.364735121404255,4.1820083733199995,1.1827267480842556,10.569366103731996,1.1571686038369018e-19,1.4301348926004505e-18,True,Upregulated,PABPN1,"poly(A) binding protein, nuclear 1",PABPN1
214427_at,7.881891807361703,6.699440079640001,1.182451727721702,15.17773707915988,2.788305363336085e-30,8.714223839186209e-29,True,Upregulated,NOP2,NOP2 nucleolar protein,NOP2
213689_x_at,7.819043869670214,6.637079588919999,1.1819642807502149,10.489111419556957,2.85997154851068e-20,3.741825096283032e-19,True,Upregulated,FAM69A,"family with sequence similarity 69, member A",FAM69A
40020_at,3.6026550744255315,2.42217451813,1.1804805562955316,8.251049346922455,9.731318925847968e-13,6.224387201161361e-12,True,Upregulated,CELSR3,"cadherin, EGF LAG seven-pass G-type receptor 3",CELSR3
223494_at,8.616410642574468,7.43724114964,1.1791694929344683,8.00549067059624,5.091680774219092e-13,3.3536755097005645e-12,True,Upregulated,MGEA5,meningioma expressed antigen 5 (hyaluronidase),MGEA5
236953_s_at,7.146691361287234,5.967550465709999,1.179140895577235,8.826746439433991,3.3003797334252288e-15,2.726793000645305e-14,True,Upregulated,NHLRC3,NHL repeat containing 3,NHLRC3
218905_at,9.844353304000002,8.66525349415,1.1790998098500012,16.33691057634065,1.339282373852593e-33,5.601449592537758e-32,True,Upregulated,INTS8,integrator complex subunit 8,INTS8
232931_at,7.492173211159575,6.31311486064,1.1790583505195755,11.273693324774817,3.639934754307044e-22,5.614325402636726e-21,True,Upregulated,SNRNP200,small nuclear ribonucleoprotein 200kDa (U5),SNRNP200
202655_at,10.11370950656383,8.93483353584,1.1788759707238299,16.967392088698453,4.6474612775273176e-36,2.4872472862993465e-34,True,Upregulated,MANF,mesencephalic astrocyte-derived neurotrophic factor,MANF
210233_at,5.434798444585106,4.25596063546,1.1788378091251062,7.295374579122843,2.3659575634172837e-11,1.320624673162744e-10,True,Upregulated,IL1RAP,interleukin 1 receptor accessory protein,IL1RAP
241937_s_at,6.580994784755319,5.4023305311700005,1.1786642535853185,11.823024054808386,2.9565103676192103e-23,5.008468240402106e-22,True,Upregulated,WDR4,WD repeat domain 4,WDR4
206858_s_at,6.729357174329786,5.551184128110001,1.1781730462197855,4.2881339795874664,3.068944796505858e-05,8.87071500563543e-05,True,Upregulated,HOXC6,homeobox C6,HOXC6
205901_at,3.7842366681063835,2.60761481978,1.1766218483263833,6.854729772746146,2.936857325631566e-10,1.4624739201594243e-09,True,Upregulated,PNOC,prepronociceptin,PNOC
236107_at,4.148826454489361,2.97221826869,1.1766081857993616,8.56512214777046,7.339219298988471e-14,5.264700576358948e-13,True,Upregulated,UBE2Z,ubiquitin-conjugating enzyme E2Z,UBE2Z
231771_at,3.3891871527234034,2.21276727096,1.1764198817634033,5.182944010078432,1.2655924953638114e-06,4.294168430206785e-06,True,Upregulated,GJB6,"gap junction protein, beta 6, 30kDa",GJB6
205691_at,3.539554205744681,2.36323872671,1.176315479034681,7.579537455672745,1.720245947247263e-11,9.733341943892413e-11,True,Upregulated,SYNGR3,synaptogyrin 3,SYNGR3
37117_at,7.764991970542554,6.58927651816,1.175715452382554,11.463947042236407,1.0978570856806876e-21,1.6191209544946933e-20,True,Upregulated,ARHGAP8,Rho GTPase activating protein 8 /// PRR5-ARHGAP8 readthrough,ARHGAP8
244385_at,3.5242544694893625,2.3492646557400003,1.1749898137493622,8.086289360725157,2.0055859004093552e-12,1.2456402221641753e-11,True,Upregulated,KDM4C,"Homo sapiens lysine (K)-specific demethylase 4C (KDM4C), transcript variant 4, mRNA. /// lysine (K)-specific demethylase 4C",KDM4C
204826_at,4.450196243936171,3.2754411400200003,1.1747551039161706,11.071774411342608,1.4879877820405165e-20,1.9968291128949906e-19,True,Upregulated,CCNF,cyclin F,CCNF
33767_at,3.475494840893617,2.3008505953300005,1.1746442455636164,5.204458926749748,1.1362427431477502e-06,3.874592796737773e-06,True,Upregulated,NEFH,"neurofilament, heavy polypeptide",NEFH
217835_x_at,12.453819680851064,11.2792334048,1.1745862760510644,17.169021434483785,5.804109037908575e-36,3.0665992997342886e-34,True,Upregulated,C20orf24,chromosome 20 open reading frame 24 /// TGIF2-C20orf24 readthrough,C20orf24
228072_at,3.6051439725319154,2.43084749994,1.1742964725919154,7.450633628670738,4.547953116630239e-11,2.465143669566402e-10,True,Upregulated,SYT12,synaptotagmin XII,SYT12
213811_x_at,8.545539789872342,7.371958117299999,1.1735816725723422,17.050348154672225,1.1595926558178927e-34,5.3674570211550066e-33,True,Upregulated,TCF3,transcription factor 3,TCF3
238775_at,5.876317254085106,4.703281743000001,1.1730355110851054,11.854775861868427,5.0244894520109426e-23,8.356437528319745e-22,True,Upregulated,ITFG1,integrin alpha FG-GAP repeat containing 1,ITFG1
238049_at,4.198221140095745,3.0253996028999994,1.1728215371957456,7.300149429362998,2.5983006055472487e-11,1.445812087419453e-10,True,Upregulated,GRAMD3,GRAM domain containing 3,GRAMD3
60794_f_at,6.477460906202128,5.304805986809999,1.1726549193921292,7.4716888316951415,9.829178379132764e-12,5.711670141530195e-11,True,Upregulated,ZNF814,zinc finger protein 814,ZNF814
242261_at,5.9986600838297885,4.8262810707799995,1.172379013049789,7.246835275968948,3.337188857146641e-11,1.8349421372979886e-10,True,Upregulated,IREB2,iron-responsive element binding protein 2,IREB2
1569484_s_at,4.167869318734041,2.99558165402,1.1722876647140414,7.997593221396164,6.27435170774585e-13,4.09522685491872e-12,True,Upregulated,MDN1,"MDN1, midasin homolog (yeast)",MDN1
228158_at,7.512648603127659,6.34055335659,1.1720952465376593,7.038030046393848,1.1241865432738151e-10,5.853954634187765e-10,True,Upregulated,LOC100996732,uncharacterized LOC100996732 /// uncharacterized LOC100996735 /// lymphocyte-specific protein 1 pseudogene /// lymphocyte-specific protein 1 pseudogene,LOC100996732
215949_x_at,8.808496084234042,7.636430123679999,1.1720659605540424,4.745162599680875,4.444120478640753e-06,1.4210300461576098e-05,True,Upregulated,IGHM,immunoglobulin heavy constant mu,IGHM
226857_at,5.707134455734044,4.53512074364,1.172013712094044,10.843781941287425,1.9672928664132145e-19,2.3869346743266672e-18,True,Upregulated,ARHGEF19,Rho guanine nucleotide exchange factor (GEF) 19,ARHGEF19
218070_s_at,7.759969431234043,6.588125720100002,1.1718437111340414,17.387472192661207,1.2922096875417842e-39,9.469044993749646e-38,True,Upregulated,GMPPA,GDP-mannose pyrophosphorylase A,GMPPA
231145_at,3.8160498593404255,2.6446433739999997,1.1714064853404258,5.392932637621276,3.8463430954234835e-07,1.3839013293895744e-06,True,Upregulated,PAX9,paired box 9,PAX9
215521_at,4.637444033978724,3.4670896637900004,1.1703543701887238,9.037665426001094,5.082377577528666e-15,4.117499026735304e-14,True,Upregulated,PHC3,polyhomeotic homolog 3 (Drosophila),PHC3
219980_at,5.646085588595747,4.47576207427,1.1703235143257462,9.943990306876767,2.0351504749791444e-17,2.0506295138109454e-16,True,Upregulated,C4orf29,chromosome 4 open reading frame 29,C4orf29
215195_at,4.388686202787235,3.21839810357,1.170288099217235,8.932234922489746,1.9916813171679223e-14,1.5184205715831874e-13,True,Upregulated,PRKCA,"protein kinase C, alpha",PRKCA
1559449_a_at,6.088482247255319,4.91854151432,1.169940732935319,7.619280721700844,4.860225541829787e-12,2.9045787888095214e-11,True,Upregulated,ZNF254,zinc finger protein 254,ZNF254
221256_s_at,6.673376462414894,5.504026759519999,1.1693497028948947,12.746821357444473,2.3711709136738415e-26,5.229020039477706e-25,True,Upregulated,HDHD3,haloacid dehalogenase-like hydrolase domain containing 3,HDHD3
202779_s_at,8.285824134489362,7.117160813949999,1.1686633205393626,7.963933171424985,6.476730336256586e-13,4.221490764249839e-12,True,Upregulated,UBE2S,ubiquitin-conjugating enzyme E2S,UBE2S
209403_at,7.954451510510638,6.78591697146,1.168534539050638,9.321513886935387,6.834541810974378e-17,6.559647855907707e-16,True,Upregulated,LOC101060321,"TBC1 domain family member-like /// TBC1 domain family member-like /// TBC1 domain family member 3F-like /// TBC1 domain family member-like /// TBC1 domain family member-like /// TBC1 domain family member-like /// TBC1 domain family, member 3 /// TBC1 domain family, member 3C /// TBC1 domain family, member 3F /// TBC1 domain family, member 3H",LOC101060321
238540_at,5.258169477351063,4.090372919579999,1.167796557771064,7.415203579961157,7.991905741668134e-12,4.677395453986531e-11,True,Upregulated,LOC101928623,uncharacterized LOC101928623 /// uncharacterized LOC401320,LOC101928623
239376_at,5.571005017638297,4.40348145434,1.167523563298297,13.575723476476453,1.144989107740732e-28,3.1071838622070132e-27,True,Upregulated,DCLRE1C,DNA cross-link repair 1C,DCLRE1C
227922_x_at,5.5745917356170205,4.4072638923200005,1.16732784329702,13.141939220771189,9.987664875455104e-27,2.289840336706003e-25,True,Upregulated,LOC441124,uncharacterized LOC441124,LOC441124
213393_at,4.826974407117023,3.6598781460600005,1.1670962610570221,11.175712707117524,2.0669664869210607e-20,2.7328874008243894e-19,True,Upregulated,MFSD9,major facilitator superfamily domain containing 9,MFSD9
236028_at,3.3944526361914886,2.22755880199,1.1668938342014887,6.426175105500249,5.4234664122447296e-09,2.375654079721435e-08,True,Upregulated,IBSP,integrin-binding sialoprotein,IBSP
214960_at,6.4697362848617015,5.303294700880001,1.1664415839817002,12.86329409510877,4.824215951230247e-27,1.1360563885852456e-25,True,Upregulated,API5,apoptosis inhibitor 5,API5
220441_at,3.3815217242978712,2.21521803791,1.166303686387871,6.791143615203058,1.0330685403237533e-09,4.881797971345404e-09,True,Upregulated,DNAJC22,"DnaJ (Hsp40) homolog, subfamily C, member 22",DNAJC22
232654_s_at,3.3839178079468093,2.2179973121499996,1.1659204957968097,4.784723550406139,6.413472621053885e-06,2.0158662832866074e-05,True,Upregulated,UGT1A6,"UDP glucuronosyltransferase 1 family, polypeptide A6",UGT1A6
231146_at,5.24710560430851,4.08173716213,1.1653684421785107,10.765029687624985,2.1269030163192127e-19,2.5730455608579663e-18,True,Upregulated,FAM24B,"family with sequence similarity 24, member B",FAM24B
236808_at,5.414511608042553,4.2494004160199985,1.1651111920225548,8.551123640633273,1.3194312747665672e-14,1.0240538318123318e-13,True,Upregulated,FGFR1OP2,FGFR1 oncogene partner 2,FGFR1OP2
202391_at,10.44636313793617,9.282183733210001,1.1641794047261698,8.592252245337766,1.2792215176162986e-14,9.9471170372286e-14,True,Upregulated,BASP1,"brain abundant, membrane attached signal protein 1",BASP1
242662_at,3.378126114872341,2.215274056,1.1628520588723408,6.604954944406131,2.4382412298105834e-09,1.1048293410833364e-08,True,Upregulated,PCSK6,proprotein convertase subtilisin/kexin type 6,PCSK6
218720_x_at,6.50474555942553,5.342357750939999,1.1623878084855308,8.919916548263837,9.46588821907784e-15,7.467472334281618e-14,True,Upregulated,SEZ6L2,seizure related 6 homolog (mouse)-like 2,SEZ6L2
1553349_at,6.453610688382979,5.29131874737,1.1622919410129793,6.857879240523525,1.4254303433432569e-10,7.34721575918164e-10,True,Upregulated,ARID2,"AT rich interactive domain 2 (ARID, RFX-like)",ARID2
207992_s_at,7.639941863840424,6.4779648015800015,1.1619770622604229,12.136340027184517,9.111597262059975e-25,1.7471528354265876e-23,True,Upregulated,AMPD3,adenosine monophosphate deaminase 3,AMPD3
220638_s_at,3.3740199346276594,2.212752368,1.1612675666276595,8.074418015990123,2.368960314170072e-12,1.4612029754352236e-11,True,Upregulated,CBLC,"Cbl proto-oncogene C, E3 ubiquitin protein ligase",CBLC
215921_at,5.863216194723406,4.7032319605,1.1599842342234057,8.952841108884071,3.817280975045019e-15,3.131253233548443e-14,True,Upregulated,NPIPA5,"nuclear pore complex interacting protein family, member A5 /// nuclear pore complex interacting protein family, member B3 /// nuclear pore complex interacting protein family, member B6 /// nuclear pore complex interacting protein family, member B8",NPIPA5
226004_at,5.670222286659573,4.51036642689,1.1598558597695732,10.237474863924206,1.5876020554882533e-17,1.6172493211456665e-16,True,Upregulated,CABLES2,Cdk5 and Abl enzyme substrate 2,CABLES2
232338_at,6.849532625202127,5.689835657490001,1.1596969677121267,6.621392342191037,7.202573527647885e-10,3.449667139430714e-09,True,Upregulated,ZNF431,zinc finger protein 431,ZNF431
233431_x_at,5.5215390636489365,4.36196780162,1.159571262028937,8.603118264023339,1.2322082835413489e-14,9.594029348372177e-14,True,Upregulated,AY940074,"Homo sapiens cDNA FLJ12393 fis, clone MAMMA1002711.",AY940074
226242_at,8.794989258265957,7.635737882550001,1.1592513757159564,16.809476864502454,3.360680862832697e-38,2.2454357874325393e-36,True,Upregulated,C1orf131,chromosome 1 open reading frame 131,C1orf131
1558515_at,7.751452248882979,6.59247648403,1.158975764852979,5.464800858410302,1.6545566154485904e-07,6.189483455227224e-07,True,Upregulated,FTX,"FTX transcript, XIST regulator (non-protein coding)",FTX
227724_at,5.49117068511702,4.3323753301000005,1.1587953550170198,10.632399224667555,1.7859140615000653e-20,2.3770644323643283e-19,True,Upregulated,LOC101060691,uncharacterized LOC101060691 /// NUTM2A antisense RNA 1,LOC101060691
1556336_at,5.958534215723405,4.799953643739999,1.1585805719834052,8.416903764986305,3.213202154858542e-14,2.392707892859221e-13,True,Upregulated,LOC101928747,"uncharacterized LOC101928747 /// RNA binding motif protein, X-linked /// small nucleolar RNA, C/D box 61",LOC101928747
205727_at,5.284709417861702,4.12660557786,1.1581038400017016,7.337015068728744,6.2015353785310664e-12,3.6719042477947155e-11,True,Upregulated,TEP1,telomerase-associated protein 1,TEP1
204126_s_at,3.397968671106383,2.24016378127,1.1578048898363829,8.407440916824212,3.6611418923583123e-13,2.4498404804974394e-12,True,Upregulated,CDC45,cell division cycle 45,CDC45
229272_at,6.851249704585106,5.693842819400001,1.1574068851851047,8.459292821411122,2.246654695135556e-14,1.7014723941503945e-13,True,Upregulated,FNBP4,formin binding protein 4,FNBP4
221685_s_at,6.88941748868085,5.7332927191900005,1.1561247694908499,10.770172712429815,9.699459746276985e-21,1.322086015999123e-19,True,Upregulated,SPDL1,spindle apparatus coiled-coil protein 1,SPDL1
210112_at,6.021273576340425,4.865593598129999,1.1556799782104257,12.480746126860588,6.282133830935535e-26,1.3408367072646773e-24,True,Upregulated,HPS1,Hermansky-Pudlak syndrome 1,HPS1
219249_s_at,5.596750891617021,4.44118362717,1.1555672644470212,7.906286808778069,1.726750598401095e-12,1.0799419498325733e-11,True,Upregulated,FKBP10,"FK506 binding protein 10, 65 kDa",FKBP10
201830_s_at,10.419226554170212,9.263981418899998,1.1552451352702136,11.063155792758378,5.273172327553416e-21,7.342035899813307e-20,True,Upregulated,NET1,neuroepithelial cell transforming 1,NET1
230742_at,5.610112923255319,4.45559793683,1.154514986425319,6.67528992344482,4.025373946574581e-10,1.9754449187085803e-09,True,Upregulated,RBM5,RNA binding motif protein 5,RBM5
214106_s_at,7.300277136680852,6.146233981370001,1.154043155310851,10.048246510207003,6.326995202926213e-18,6.696256670298884e-17,True,Upregulated,GMDS,"GDP-mannose 4,6-dehydratase",GMDS
205829_at,3.73218571943617,2.57849786785,1.1536878515861702,7.126673236272334,2.0471727614793218e-10,1.0377873152584997e-09,True,Upregulated,HSD17B1,hydroxysteroid (17-beta) dehydrogenase 1,HSD17B1
218027_at,10.529651638670211,9.37609013944,1.1535614992302108,13.661013569666267,5.72134742178896e-27,1.336787108724331e-25,True,Upregulated,MRPL15,mitochondrial ribosomal protein L15,MRPL15
219960_s_at,8.877339704904255,7.724378272539999,1.1529614323642559,13.030861984647185,3.849409226154026e-27,9.153153167016819e-26,True,Upregulated,UCHL5,ubiquitin carboxyl-terminal hydrolase L5,UCHL5
230641_at,5.542253113212767,4.389566267389999,1.1526868458227675,8.604135048969892,4.965237627032736e-14,3.630509393795307e-13,True,Upregulated,LOC100505938,uncharacterized LOC100505938,LOC100505938
233588_x_at,7.885331676765957,6.733674936040001,1.1516567407259561,15.759767495592135,7.028569041254003e-35,3.324877875575091e-33,True,Upregulated,MIR6834,microRNA 6834 /// prefoldin subunit 6,MIR6834
216401_x_at,11.783456247042555,10.631889788160002,1.1515664588825523,4.027481559596919,8.881356566015487e-05,0.00024183295917567407,True,Upregulated,IGKV1-37,immunoglobulin kappa variable 1-37 (non-functional) ///  /// immunoglobulin kappa variable 1D-37 (non-functional) ///,IGKV1-37
224825_at,9.215160671670214,8.06400976228,1.1511509093902141,11.006878618444873,3.3098696033733994e-19,3.9228108604835245e-18,True,Upregulated,DNTTIP1,"deoxynucleotidyltransferase, terminal, interacting protein 1",DNTTIP1
228733_at,6.349600710765957,5.198750302379999,1.150850408385958,11.225738082460348,3.392671460230711e-20,4.404494983344654e-19,True,Upregulated,PUSL1,pseudouridylate synthase-like 1,PUSL1
215066_at,3.6628127883191492,2.5122708122499997,1.1505419760691495,8.316073009586898,6.864222827243466e-13,4.4616204107083635e-12,True,Upregulated,PTPRF,"protein tyrosine phosphatase, receptor type, F",PTPRF
235401_s_at,3.8193572756914898,2.66921085418,1.1501464215114896,5.457528314750418,1.863524386637136e-07,6.928765564749413e-07,True,Upregulated,FCRLA,Fc receptor-like A,FCRLA
222245_s_at,3.7215677004680856,2.57276342059,1.1488042798780858,11.232128389699362,2.464673028549948e-19,2.96366875729013e-18,True,Upregulated,FER1L4,"fer-1-like family member 4, pseudogene (functional)",FER1L4
218593_at,8.345057544404256,7.19641895106,1.1486385933442556,16.829376731901036,2.209001774179675e-35,1.095054096092424e-33,True,Upregulated,RBM28,RNA binding motif protein 28,RBM28
213869_x_at,7.760620627351065,6.61332752807,1.1472930992810646,5.779876762058838,3.010901369936721e-08,1.22166823388214e-07,True,Upregulated,THY1,Thy-1 cell surface antigen,THY1
236007_at,6.762581109553192,5.61529430585,1.1472868037031922,7.429931479920908,6.269308124930549e-12,3.707135079238287e-11,True,Upregulated,AKAP10,A kinase (PRKA) anchor protein 10,AKAP10
227139_s_at,9.809527729861705,8.66236118046,1.147166549401705,17.686358255774355,6.972043546860825e-38,4.512615333471195e-36,True,Upregulated,HPS3,Hermansky-Pudlak syndrome 3,HPS3
206659_at,5.788365799914894,4.641862283499999,1.146503516414895,7.683397886325045,5.354167600246534e-12,3.1877270151301756e-11,True,Upregulated,AC009237.8,"/// Homo sapiens cDNA FLJ31405 fis, clone NT2NE2000064.",AC009237.8
1556009_at,6.999734534489362,5.855123205270001,1.1446113292193614,9.719844777160377,2.235958092660301e-18,2.468964113566556e-17,True,Upregulated,PEX13,peroxisomal biogenesis factor 13,PEX13
235957_at,3.580168794489362,2.43672866305,1.143440131439362,8.751269962346878,6.27015308432824e-14,4.5334917837569395e-13,True,Upregulated,GRIP1,glutamate receptor interacting protein 1,GRIP1
211645_x_at,11.247628683255321,10.104195049009999,1.1434336342453228,3.734042799728696,0.000264925079376213,0.0006758008214052167,True,Upregulated,IGKV1-17,immunoglobulin kappa variable 1-17 ///,IGKV1-17
213273_at,3.5611597543085107,2.4180100133699995,1.1431497409385112,10.039316346645919,9.311416152030224e-17,8.814217338139697e-16,True,Upregulated,TENM4,teneurin transmembrane protein 4,TENM4
243709_at,3.9488945865425533,2.8066099215800007,1.1422846649625527,8.071882582560102,4.078080720850495e-13,2.714649129352286e-12,True,Upregulated,SLC38A9,"solute carrier family 38, member 9",SLC38A9
233019_at,4.954791374265958,3.81314952032,1.1416418539459579,8.305912093271582,1.5940693541824386e-13,1.1083068030514044e-12,True,Upregulated,CNOT7,"CCR4-NOT transcription complex, subunit 7",CNOT7
214973_x_at,9.614722022085108,8.47493478514,1.1397872369451072,3.586291644680904,0.00044789587025307237,0.00110842584326087,True,Upregulated,IGHD,immunoglobulin heavy constant delta,IGHD
208436_s_at,8.007187736180853,6.86750528725,1.139682448930853,12.12413380208633,1.0976791473503515e-23,1.9256285263987607e-22,True,Upregulated,IRF7,interferon regulatory factor 7,IRF7
1559044_at,3.5555154108617013,2.4164508317899998,1.1390645790717016,8.969267488495335,2.2597664614357976e-14,1.710920592550476e-13,True,Upregulated,EXOSC1,exosome component 1,EXOSC1
219677_at,7.021502727797872,5.882688315209999,1.1388144125878723,9.26388529855441,4.4703206938631166e-17,4.366091680408963e-16,True,Upregulated,SPSB1,splA/ryanodine receptor domain and SOCS box containing 1,SPSB1
220459_at,4.316003784946809,3.1780096898000005,1.1379940951468086,8.969520084045483,2.672549296092195e-14,2.0084635523210113e-13,True,Upregulated,MCM3AP-AS1,MCM3AP antisense RNA 1,MCM3AP-AS1
220197_at,3.398336654755319,2.2609421194099992,1.1373945353453196,5.810096283626268,8.364581599495432e-08,3.230165033820084e-07,True,Upregulated,ATP6V0A4,"ATPase, H+ transporting, lysosomal V0 subunit a4",ATP6V0A4
243612_at,5.549178198382978,4.41178585123,1.1373923471529777,8.977421387607283,5.511505985061371e-15,4.449074904885351e-14,True,Upregulated,NSD1,nuclear receptor binding SET domain protein 1,NSD1
230906_at,5.764506999702125,4.6272065954,1.1373004043021258,7.0429452713534495,2.002714637715698e-10,1.0159201122717771e-09,True,Upregulated,GALNT10,polypeptide N-acetylgalactosaminyltransferase 10,GALNT10
229871_at,7.259369643085108,6.12267782917,1.1366918139151085,5.87888933916492,2.5019374032414995e-08,1.0244306118357742e-07,True,Upregulated,SAMD4B,sterile alpha motif domain containing 4B,SAMD4B
212556_at,8.202975534063828,7.066555351789999,1.1364201822738291,12.340919220121508,2.000408805933125e-22,3.1543238943394625e-21,True,Upregulated,SCRIB,scribbled planar cell polarity protein,SCRIB
218795_at,8.16043375361702,7.0243258564,1.1361078972170207,10.952241090195635,3.12437738512035e-21,4.418820984382938e-20,True,Upregulated,ACP6,"acid phosphatase 6, lysophosphatidic",ACP6
239954_at,5.94275078380851,4.8071155589,1.1356352249085102,7.273696996111666,2.3326856804827306e-11,1.3029996054672775e-10,True,Upregulated,ZNF160,zinc finger protein 160,ZNF160
1555842_at,5.920831555978724,4.7857505934,1.1350809625787237,8.100896630872604,2.89284741364346e-13,1.9579047563889155e-12,True,Upregulated,CYTH2,cytohesin 2,CYTH2
203022_at,7.123086971819148,5.989519971550001,1.1335670002691467,9.934141615395482,2.0159248157644538e-17,2.0326183737237506e-16,True,Upregulated,RNASEH2A,"ribonuclease H2, subunit A",RNASEH2A
1556053_at,4.759716224914893,3.6263413372599995,1.1333748876548935,7.444645985693609,1.1838528958685665e-11,6.808673209707733e-11,True,Upregulated,DNAJC7,"DnaJ (Hsp40) homolog, subfamily C, member 7",DNAJC7
227383_at,8.732738695797874,7.600939315280001,1.1317993805178732,7.114342072341681,3.637023994594418e-11,1.9920669304812157e-10,True,Upregulated,LOC727820,uncharacterized LOC727820,LOC727820
218451_at,6.433100969212767,5.301328863899999,1.131772105312768,8.91225330158957,1.6373798244871099e-15,1.3910616212267209e-14,True,Upregulated,CDCP1,CUB domain containing protein 1,CDCP1
219411_at,7.376693475021277,6.2450109627899995,1.1316825122312775,11.042289086252438,1.0981725251602646e-20,1.4915734201583333e-19,True,Upregulated,ELMO3,engulfment and cell motility 3,ELMO3
211071_s_at,7.6308386901382965,6.500696534589999,1.1301421555482971,5.224302218982595,6.573255608229533e-07,2.303851988428474e-06,True,Upregulated,MLLT11,"myeloid/lymphoid or mixed-lineage leukemia (trithorax homolog, Drosophila); translocated to, 11",MLLT11
229500_at,6.596061797670212,5.46682064891,1.1292411487602125,9.528429408885943,5.0298661952218537e-17,4.890390151413641e-16,True,Upregulated,SLC30A9,"solute carrier family 30 (zinc transporter), member 9",SLC30A9
230270_at,8.466209293404255,7.337513114450001,1.1286961789542538,7.631174357740285,2.559934461035351e-12,1.5730450693619034e-11,True,Upregulated,PRPF38B,pre-mRNA processing factor 38B,PRPF38B
243751_at,5.324267829308511,4.1956086610100005,1.12865916829851,4.977045428541967,1.8705032220510756e-06,6.236479438460151e-06,True,Upregulated,CHD2,chromodomain helicase DNA binding protein 2,CHD2
207605_x_at,6.465391800936171,5.336872342020001,1.1285194589161698,8.370562699409676,2.1489230535876257e-13,1.4717751796742606e-12,True,Upregulated,ZNF117,zinc finger protein 117,ZNF117
211649_x_at,7.569715477670213,6.441530959709999,1.1281845179602144,5.6361526854664366,7.487146306656915e-08,2.909333962526304e-07,True,Upregulated,IGHA1,immunoglobulin heavy constant alpha 1 /// immunoglobulin heavy constant gamma 1 (G1m marker) /// immunoglobulin heavy constant mu,IGHA1
227014_at,4.963639220946808,3.83548667109,1.1281525498568081,8.457946060315326,1.5348001387714987e-13,1.069171872347673e-12,True,Upregulated,ASPHD2,aspartate beta-hydroxylase domain containing 2,ASPHD2
205010_at,8.307220907021275,7.179135283929998,1.1280856230912768,8.510928293041253,7.354885266948688e-15,5.872771065440946e-14,True,Upregulated,GNL3L,guanine nucleotide binding protein-like 3 (nucleolar)-like,GNL3L
201920_at,10.453260290340426,9.32521754806,1.1280427422804262,13.991240385840328,1.0392837000283959e-29,3.093465029868694e-28,True,Upregulated,SLC20A1,"solute carrier family 20 (phosphate transporter), member 1",SLC20A1
236341_at,4.346903735946809,3.2190951672200003,1.1278085687268082,5.8726272742442545,2.1372519262193197e-08,8.810778884313048e-08,True,Upregulated,CTLA4,cytotoxic T-lymphocyte-associated protein 4,CTLA4
218740_s_at,9.999776668574466,8.87199614139,1.1277805271844663,14.476103979754782,1.3791754907559074e-29,4.066904218519585e-28,True,Upregulated,CDK5RAP3,CDK5 regulatory subunit associated protein 3,CDK5RAP3
225107_at,9.36257153687234,8.237086981040001,1.1254845558323385,6.97188721371871,7.143325213530416e-11,3.8067065286331815e-10,True,Upregulated,HNRNPA2B1,heterogeneous nuclear ribonucleoprotein A2/B1,HNRNPA2B1
240440_at,4.744216813308512,3.61889069367,1.1253261196385118,7.9986146219958005,2.706612731543913e-13,1.8374084611740612e-12,True,Upregulated,NPL,N-acetylneuraminate pyruvate lyase (dihydrodipicolinate synthase),NPL
1559964_at,5.291831964542554,4.16664132245,1.1251906420925533,6.384915446449411,2.2180247991762936e-09,1.0093805046831045e-08,True,Upregulated,FLJ38717,FLJ38717 protein,FLJ38717
200806_s_at,12.062870881957446,10.937716803349995,1.1251540786074514,11.905000370493417,6.050853990560652e-23,1.000157445409635e-21,True,Upregulated,HSPD1,heat shock 60kDa protein 1 (chaperonin),HSPD1
240072_at,4.246785981074467,3.122065547199999,1.1247204338744679,9.04956091747456,4.284249117384175e-15,3.495640519229751e-14,True,Upregulated,ASXL2,additional sex combs like transcriptional regulator 2,ASXL2
219296_at,8.044409405255319,6.91972257539,1.1246868298653192,12.836484525454987,7.879349714723047e-27,1.8243594651575283e-25,True,Upregulated,ZDHHC13,"zinc finger, DHHC-type containing 13",ZDHHC13
230712_at,7.599666203617022,6.475094790889998,1.1245714127270237,7.002180344466743,7.715666133323387e-11,4.096286829009295e-10,True,Upregulated,LOC101930059,"uncharacterized LOC101930059 /// neuroblastoma breakpoint family member 1-like /// neuroblastoma breakpoint family, member 1 /// neuroblastoma breakpoint family, member 11 /// neuroblastoma breakpoint family, member 15",LOC101930059
221731_x_at,11.176576495925532,10.05201135133,1.1245651445955325,6.884410905428407,1.8910355476815228e-10,9.619903335628335e-10,True,Upregulated,VCAN,versican,VCAN
201131_s_at,12.805268443297871,11.6813491249,1.1239193183978706,13.817343948667062,2.0228603544851296e-27,4.934311429765858e-26,True,Upregulated,CDH1,"cadherin 1, type 1, E-cadherin (epithelial)",CDH1
243934_at,4.702873879457447,3.5800288129900006,1.122845066467446,8.15222202327741,7.063062670811957e-13,4.585875046019941e-12,True,Upregulated,ODF3B,outer dense fiber of sperm tails 3B,ODF3B
201797_s_at,7.772322649723406,6.651503476100001,1.1208191736234046,11.640069528451496,4.945588075113466e-23,8.23285051711708e-22,True,Upregulated,VARS,valyl-tRNA synthetase,VARS
1561346_at,5.454419573617021,4.333783267039999,1.1206363065770217,6.4375470455767045,1.3095825523691656e-09,6.112218601330089e-09,True,Upregulated,LOC101927166,uncharacterized LOC101927166,LOC101927166
223245_at,8.48779374611702,7.36759708877,1.1201966573470203,13.653698211409354,7.842282096881822e-29,2.1575702550531233e-27,True,Upregulated,STRBP,spermatid perinuclear RNA binding protein,STRBP
1557350_at,3.753316571765957,2.63322762449,1.1200889472759572,7.474481191436267,1.4352485137675764e-11,8.189717437036162e-11,True,Upregulated,G3BP1,GTPase activating protein (SH3 domain) binding protein 1,G3BP1
206550_s_at,7.999637361808511,6.879580670419998,1.1200566913885126,10.864499305261875,3.158597447364401e-20,4.1125229315890025e-19,True,Upregulated,NUP155,nucleoporin 155kDa,NUP155
218984_at,8.509878279819151,7.390005638489999,1.1198726413291524,12.560579567361168,8.003074541291502e-25,1.541738421482467e-23,True,Upregulated,PUS7,pseudouridylate synthase 7 (putative),PUS7
222584_at,7.396600540234043,6.276761958670001,1.119838581564042,17.569015631243726,1.1693993569382093e-39,8.604283695250141e-38,True,Upregulated,MSTO1,"misato 1, mitochondrial distribution and morphology regulator",MSTO1
237690_at,3.342973408638297,2.22342248024,1.1195509283982972,6.988028183285532,4.0001472671905125e-10,1.963244099946244e-09,True,Upregulated,GPR115,G protein-coupled receptor 115,GPR115
229105_at,8.276508782489362,7.157085693470001,1.119423089019361,7.9405879291653845,9.169818010844516e-13,5.886939980082157e-12,True,Upregulated,GPR39,G protein-coupled receptor 39,GPR39
205133_s_at,11.832692480425534,10.71399448188,1.1186979985455334,15.060455336430262,6.221778491942972e-31,2.0517754627078157e-29,True,Upregulated,HSPE1,heat shock 10kDa protein 1,HSPE1
213479_at,3.6652792874680844,2.54774971704,1.1175295704280845,5.100139462364192,1.162358141379706e-06,3.959880605032231e-06,True,Upregulated,NPTX2,neuronal pentraxin II,NPTX2
218959_at,3.341631929819148,2.2243941123299997,1.1172378174891482,5.685410534442373,1.4751439721151915e-07,5.548786186739471e-07,True,Upregulated,HOXC10,homeobox C10,HOXC10
1555243_x_at,7.3812943411489345,6.2648373696299995,1.116456971518935,12.49102021826423,3.381444981678816e-25,6.771198800617154e-24,True,Upregulated,C8orf59,chromosome 8 open reading frame 59,C8orf59
210735_s_at,3.8976983904893614,2.7821954576499994,1.115502932839362,4.962297301409249,2.4801629766766315e-06,8.157903978934033e-06,True,Upregulated,CA12,carbonic anhydrase XII,CA12
205194_at,7.653475886670211,6.537980759230001,1.1154951274402105,8.65585054605962,1.5404660159790825e-14,1.1878925467448164e-13,True,Upregulated,PSPH,phosphoserine phosphatase,PSPH
228204_at,8.858507255606384,7.743329600469999,1.1151776551363843,13.569745369909056,2.1960425337091382e-27,5.347050417296502e-26,True,Upregulated,PSMB4,"proteasome (prosome, macropain) subunit, beta type, 4",PSMB4
204942_s_at,3.6242036560851063,2.5092728847199997,1.1149307713651067,7.03049971679167,2.850685302808423e-10,1.421800442292784e-09,True,Upregulated,ALDH3B2,"aldehyde dehydrogenase 3 family, member B2",ALDH3B2
228488_at,6.358959724287234,5.24512247906,1.1138372452272343,10.309174127922393,8.321466080441095e-19,9.541214551323913e-18,True,Upregulated,TBC1D16,"TBC1 domain family, member 16",TBC1D16
206478_at,3.367366933861702,2.25390754057,1.1134593932917016,6.81999619742962,8.072292847185034e-10,3.8480576360781195e-09,True,Upregulated,KIAA0125,KIAA0125,KIAA0125
231904_at,7.286091409978724,6.173138667270001,1.112952742708723,8.434916207964044,4.937374952122975e-14,3.6121007776779967e-13,True,Upregulated,U2AF1,U2 small nuclear RNA auxiliary factor 1,U2AF1
203328_x_at,6.148755776489362,5.0364564311599995,1.1122993453293626,8.7528568323145,3.640305119404923e-15,2.9938448188427093e-14,True,Upregulated,IDE,insulin-degrading enzyme,IDE
206533_at,3.324816544723404,2.212752368,1.112064176723404,5.964987333375525,4.385296178700228e-08,1.7488510437278156e-07,True,Upregulated,CHRNA5,"cholinergic receptor, nicotinic, alpha 5 (neuronal)",CHRNA5
228068_at,3.3488265772446804,2.2373582734600004,1.11146830378468,8.108189380280661,1.9066410752156028e-12,1.1865162197332687e-11,True,Upregulated,GOLGA7B,"golgin A7 family, member B",GOLGA7B
226130_at,6.455869787063831,5.344480921170001,1.1113888658938302,8.555338807241581,3.3373570709885195e-14,2.4830970731800873e-13,True,Upregulated,RPS16,ribosomal protein S16,RPS16
210008_s_at,3.7543841866276595,2.64304533644,1.1113388501876593,8.528199116452178,1.76360257313196e-13,1.2195568012146516e-12,True,Upregulated,MRPS12,mitochondrial ribosomal protein S12,MRPS12
205594_at,9.05564061356383,7.944453821589999,1.1111867919738305,9.261035455849129,1.878015044833408e-16,1.7314178471273512e-15,True,Upregulated,ZNF652,zinc finger protein 652,ZNF652
212942_s_at,7.893201919180851,6.7826671877,1.1105347314808505,4.964215976729536,1.7693806326215091e-06,5.912151749157017e-06,True,Upregulated,CEMIP,"cell migration inducing protein, hyaluronan binding",CEMIP
242712_x_at,6.970900533244681,5.860575758630001,1.1103247746146794,6.363746708704551,1.65761470281576e-09,7.651601819914904e-09,True,Upregulated,RANBP2,RAN binding protein 2 /// RANBP2-like and GRIP domain containing 1 /// RANBP2-like and GRIP domain containing 2 /// RANBP2-like and GRIP domain containing 3 /// RANBP2-like and GRIP domain containing 4 /// RANBP2-like and GRIP domain containing 5 /// RANBP2-like and GRIP domain containing 6 /// RANBP2-like and GRIP domain containing 8,RANBP2
91816_f_at,5.11276398874468,4.00258632907,1.1101776596746804,7.043468144013652,6.83969748963709e-11,3.6510516988648325e-10,True,Upregulated,MEX3D,mex-3 RNA binding family member D,MEX3D
221222_s_at,6.472124664159574,5.361963564930001,1.1101610992295736,8.788484060742265,8.25697925975691e-15,6.559968780875703e-14,True,Upregulated,C1orf56,chromosome 1 open reading frame 56,C1orf56
229396_at,5.326359471404255,4.217214683129999,1.1091447882742562,10.214111207370735,7.153517909053017e-18,7.536907233228707e-17,True,Upregulated,OVOL1,ovo-like zinc finger 1,OVOL1
1559125_at,3.8274493349574468,2.7187353010700006,1.1087140338874462,6.871930626484486,4.4229003901032896e-10,2.1622443226876525e-09,True,Upregulated,PAGR1,,PAGR1
209186_at,11.599360251808513,10.491338667649998,1.1080215841585144,14.834397024471864,9.152313700563214e-33,3.53385746373649e-31,True,Upregulated,ATP2A2,"ATPase, Ca++ transporting, cardiac muscle, slow twitch 2",ATP2A2
226064_s_at,4.598454275106383,3.49120674251,1.107247532596383,7.669870181256729,5.62486638806817e-12,3.343342507996846e-11,True,Upregulated,DGAT2,diacylglycerol O-acyltransferase 2,DGAT2
239657_x_at,6.28807444693617,5.18152708447,1.10654736246617,7.985904668664298,3.0357931789071082e-12,1.852123093474339e-11,True,Upregulated,FOXO6,forkhead box O6,FOXO6
232094_at,6.660971192021276,5.554615225890001,1.1063559661312752,5.555348787764948,1.1553350486811778e-07,4.395617947822439e-07,True,Upregulated,KATNBL1,katanin p80 subunit B-like 1,KATNBL1
234350_at,6.121659457734041,5.0167099565,1.1049495012340413,5.257615216727834,4.5881205326204764e-07,1.6363414293980832e-06,True,Upregulated,IGLC1,immunoglobulin lambda constant 1 (Mcg marker),IGLC1
232613_at,4.7714576384042555,3.66664508774,1.1048125506642554,8.833643003879393,5.487274382715088e-15,4.4301792246879874e-14,True,Upregulated,PBRM1,polybromo 1,PBRM1
224460_s_at,4.12280315043617,3.0181285782,1.1046745722361706,11.260056821003706,9.179470061606406e-20,1.1466023612019558e-18,True,Upregulated,L2HGDH,L-2-hydroxyglutarate dehydrogenase,L2HGDH
205719_s_at,3.3172723201170213,2.21303756528,1.1042347548370213,4.986978600015222,2.8373148193751598e-06,9.271434682558465e-06,True,Upregulated,LOC101929036,uncharacterized LOC101929036 /// phenylalanine hydroxylase,LOC101929036
202790_at,10.309692186776596,9.205638287400001,1.104053899376595,11.9894284940769,1.4148793826855273e-23,2.458033025746892e-22,True,Upregulated,CLDN7,claudin 7,CLDN7
242292_at,5.111959299074468,4.0080195215100005,1.1039397775644675,6.951126905299643,1.3456041477716115e-10,6.957764342630637e-10,True,Upregulated,FAM226A,"family with sequence similarity 226, member A (non-protein coding) /// family with sequence similarity 226, member B (non-protein coding)",FAM226A
235607_at,4.358497556925532,3.2554021170599996,1.1030954398655326,11.93115079900305,5.667060569633047e-23,9.381610335434998e-22,True,Upregulated,LOC101928963,uncharacterized LOC101928963,LOC101928963
230808_at,4.52320452125532,3.4204802410199995,1.10272428023532,10.076273512999755,2.1401755253683836e-17,2.1516164636909135e-16,True,Upregulated,FNTA,"farnesyltransferase, CAAX box, alpha",FNTA
226404_at,5.106730042489363,4.00426223446,1.1024678080293633,7.891953454571341,4.004925158084163e-13,2.6682634033533354e-12,True,Upregulated,RBM39,RNA binding motif protein 39,RBM39
228426_at,3.838812068,2.7364672359699993,1.1023448320300009,7.775950253816785,4.7959359105945724e-12,2.8683888456270393e-11,True,Upregulated,CLEC2D,"C-type lectin domain family 2, member D",CLEC2D
1555827_at,5.746866761989362,4.64454221294,1.1023245490493618,5.854496725639745,2.201821840324813e-08,9.06584930748759e-08,True,Upregulated,CCNL1,cyclin L1,CCNL1
229398_at,4.898870344042551,3.79656669277,1.1023036512725515,9.139405565373742,8.898560643780896e-16,7.745880931969563e-15,True,Upregulated,RAB18,"RAB18, member RAS oncogene family",RAB18
222075_s_at,4.318459952212766,3.2165388874300005,1.1019210647827657,9.159562031308361,5.531642965672185e-15,4.4646600923115866e-14,True,Upregulated,OAZ3,ornithine decarboxylase antizyme 3,OAZ3
233866_at,4.4385604717127665,3.33719234758,1.1013681241327666,7.659907371629328,5.747851742621555e-12,3.415311023294774e-11,True,Upregulated,KLHL5,kelch-like family member 5,KLHL5
200052_s_at,11.238986184882979,10.137674484089999,1.10131170079298,17.271220683896455,1.7158966177182126e-36,9.593681442888959e-35,True,Upregulated,ILF2,interleukin enhancer binding factor 2,ILF2
203802_x_at,8.831844347351062,7.730582367219999,1.1012619801310626,18.06253746929798,1.0772270090539886e-40,8.752225363893932e-39,True,Upregulated,NSUN5,"NOP2/Sun domain family, member 5",NSUN5
1562516_at,3.539444323712766,2.43838183943,1.101062484282766,7.292221334743015,6.408642744791685e-11,3.428780052435746e-10,True,Upregulated,WDR60,WD repeat domain 60,WDR60
218252_at,7.813175450648937,6.71229092662,1.1008845240289373,10.536023950862864,1.5842873890650057e-20,2.1223532131569213e-19,True,Upregulated,CKAP2,cytoskeleton associated protein 2,CKAP2
228245_s_at,7.2422388362340415,6.141451397020001,1.1007874392140407,5.260480724343977,4.792814377366459e-07,1.7056127702860417e-06,True,Upregulated,LOC100509445,uncharacterized LOC100509445 /// ovostatin homolog 2-like /// ovostatin /// ovostatin 2,LOC100509445
208579_x_at,9.915135456659575,8.814582783110001,1.1005526735495739,9.41172693500232,1.4290894629185623e-16,1.3319183131612856e-15,True,Upregulated,H2BFS,"H2B histone family, member S (pseudogene)",H2BFS
205807_s_at,9.061921580914891,7.961417977370001,1.1005036035448903,9.687507625327084,1.1093330011804566e-17,1.1472137050854073e-16,True,Upregulated,TUFT1,tuftelin 1,TUFT1
231855_at,3.4326618437765952,2.3321652198700007,1.1004966239065945,7.45644814305006,3.192016462862069e-11,1.759075793765361e-10,True,Upregulated,KIAA1524,KIAA1524,KIAA1524
214422_at,3.6721165242340423,2.57178414875,1.1003323754840424,6.495458683518248,3.2177011359515095e-09,1.442107101893908e-08,True,Upregulated,RAD23B,RAD23 homolog B (S. cerevisiae),RAD23B
209882_at,8.918391395574469,7.81809686276,1.1002945328144689,10.401435859183108,9.049261349827787e-19,1.0338223682282016e-17,True,Upregulated,RIT1,Ras-like without CAAX 1,RIT1
234978_at,7.662225454702129,6.562038777620001,1.100186677082128,12.530749035714141,3.720136440213993e-25,7.408043634703807e-24,True,Upregulated,SLC36A4,"solute carrier family 36 (proton/amino acid symporter), member 4",SLC36A4
225836_s_at,7.3455892709148936,6.245633402320001,1.0999558685948925,12.45958176883327,2.664238679095534e-25,5.387170736610241e-24,True,Upregulated,RHNO1,RAD9-HUS1-RAD1 interacting nuclear orphan 1,RHNO1
232304_at,8.50698210798936,7.407084905860001,1.0998972021293598,4.933720531233054,2.0179513592693152e-06,6.700261238944341e-06,True,Upregulated,AK026714,"Homo sapiens cDNA: FLJ23061 fis, clone LNG04647. /// pellino E3 ubiquitin protein ligase 1",AK026714
202854_at,10.296496723372341,9.196625088769997,1.0998716346023443,14.016460148517016,2.7489105255498195e-28,7.2229067673289e-27,True,Upregulated,HPRT1,hypoxanthine phosphoribosyltransferase 1,HPRT1
227384_s_at,9.367998845872341,8.26966873011,1.0983301157623409,6.6713361167986935,2.9640624690867334e-10,1.4749288922407165e-09,True,Upregulated,LOC102725188,uncharacterized LOC102725188 /// uncharacterized LOC727820,LOC102725188
213768_s_at,3.3299975488829787,2.2326154894,1.0973820594829786,4.208035917399251,5.917056293371954e-05,0.000164677010139348,True,Upregulated,ASCL1,achaete-scute family bHLH transcription factor 1,ASCL1
208696_at,11.24555089525532,10.14833748617,1.0972134090853203,14.174120956781255,1.6787449366326053e-27,4.11920507124641e-26,True,Upregulated,CCT5,"chaperonin containing TCP1, subunit 5 (epsilon)",CCT5
204378_at,4.361639002808511,3.2644877993,1.0971512035085111,5.753966167236809,5.961241326421689e-08,2.3425975449909912e-07,True,Upregulated,BCAS1,breast carcinoma amplified sequence 1,BCAS1
201266_at,11.30588011262766,10.20884748906,1.0970326235676602,7.3102325064159155,6.092103435517885e-11,3.266246764182267e-10,True,Upregulated,TXNRD1,thioredoxin reductase 1,TXNRD1
219845_at,3.360248925776596,2.2634765261800003,1.096772399596596,6.092008497542532,2.4810696660620023e-08,1.0164278548161387e-07,True,Upregulated,BARX1,BARX homeobox 1,BARX1
217384_x_at,5.094015330904255,3.9975154590199997,1.0964998718842551,5.865133925879269,2.7162257839235226e-08,1.1077867759638352e-07,True,Upregulated,LOC100293211,uncharacterized LOC100293211,LOC100293211
203742_s_at,7.728090005425532,6.631600916570002,1.09648908885553,11.562516417000568,1.5775818280823988e-23,2.731867875249192e-22,True,Upregulated,LOC732360,G/T mismatch-specific thymine DNA glycosylase-like /// thymine-DNA glycosylase,LOC732360
229633_at,4.199648607829787,3.1036800194199996,1.0959685884097876,10.41567176477738,5.72920743059772e-19,6.662727586208194e-18,True,Upregulated,INTS10,integrator complex subunit 10,INTS10
221085_at,5.82095831006383,4.72516536246,1.0957929476038295,5.195712962504766,5.928765680074296e-07,2.0887180904465585e-06,True,Upregulated,TNFSF15,"tumor necrosis factor (ligand) superfamily, member 15",TNFSF15
201663_s_at,8.069088238542554,6.974197993570001,1.0948902449725528,10.799958586773647,3.753812782507241e-20,4.851095010089728e-19,True,Upregulated,SMC4,structural maintenance of chromosomes 4,SMC4
229982_at,8.25910208801064,7.1642325937999995,1.0948694942106396,6.6314138812766155,8.845650011534646e-10,4.202934024031824e-09,True,Upregulated,QSER1,glutamine and serine rich 1,QSER1
1558738_at,6.7638097164787245,5.669177875529999,1.0946318409487255,7.924213011152756,6.710469560436348e-13,4.3669608684528666e-12,True,Upregulated,NOL3,nucleolar protein 3 (apoptosis repressor with CARD domain),NOL3
229751_s_at,5.945938648553191,4.851527529509999,1.0944111190431913,12.573265196955221,7.64908871619976e-25,1.4767189005366845e-23,True,Upregulated,PUS7L,pseudouridylate synthase 7 homolog (S. cerevisiae)-like,PUS7L
235217_at,5.021601687223404,3.92765475695,1.093946930273404,9.117900340346202,6.12520738893449e-16,5.4105830944527915e-15,True,Upregulated,LINC01004,long intergenic non-protein coding RNA 1004,LINC01004
203035_s_at,7.560485749957446,6.467355681790001,1.0931300681674454,11.225603693453305,6.035668848246025e-22,9.13948436575903e-21,True,Upregulated,PIAS3,"protein inhibitor of activated STAT, 3",PIAS3
217564_s_at,3.4415540483404254,2.34849012637,1.0930639219704252,3.7665769530825792,0.00028811227414455486,0.0007313420537608678,True,Upregulated,CPS1,"carbamoyl-phosphate synthase 1, mitochondrial",CPS1
203432_at,8.76901825162766,7.67628528318,1.0927329684476597,11.07476438399952,6.363976439451224e-20,8.055844593370758e-19,True,Upregulated,TMPO,thymopoietin,TMPO
205976_at,3.9546849528085093,2.8633159199000007,1.0913690329085086,10.04117222519719,3.7699130522697594e-17,3.7082762148752975e-16,True,Upregulated,FASTKD2,FAST kinase domains 2,FASTKD2
218590_at,3.9380894791914893,2.8479996342800002,1.090089844911489,9.813239170262529,1.6776492698873428e-16,1.5544193562473836e-15,True,Upregulated,C10orf2,chromosome 10 open reading frame 2,C10orf2
214469_at,3.3290273563510637,2.23897824479,1.0900491115610635,7.236573108062671,1.264283191895954e-10,6.552393116141432e-10,True,Upregulated,HIST1H2AE,"histone cluster 1, H2ae",HIST1H2AE
222441_x_at,9.62366888081915,8.53406196979,1.0896069110291489,13.77529785657316,1.2006604441345575e-29,3.554139936610969e-28,True,Upregulated,SLMO2,slowmo homolog 2 (Drosophila),SLMO2
1559331_x_at,3.7649587368936164,2.67536076612,1.0895979707736165,6.770835695574521,1.0401413821868941e-09,4.913062648836769e-09,True,Upregulated,CTD-2035E11.5,,CTD-2035E11.5
218732_at,9.23807946344681,8.148498999620001,1.0895804638268096,15.13382502461177,4.036203428826452e-32,1.4768111402915615e-30,True,Upregulated,PTRH2,peptidyl-tRNA hydrolase 2,PTRH2
223878_at,3.302343041968085,2.21276363428,1.0895794076880851,6.591494077661545,2.5956545967985286e-09,1.1730936740055932e-08,True,Upregulated,INPP4B,"inositol polyphosphate-4-phosphatase, type II, 105kDa",INPP4B
214060_at,4.79427634612766,3.7048530124500005,1.0894233336776593,10.459959801657257,2.6638989945239963e-18,2.920515110466116e-17,True,Upregulated,SSBP1,"single-stranded DNA binding protein 1, mitochondrial",SSBP1
228597_at,8.18852282288298,7.099935176710001,1.0885876461729795,11.688998316550572,3.641910781578763e-22,5.614325402636726e-21,True,Upregulated,MIS18A,MIS18 kinetochore protein A,MIS18A
219539_at,8.097459741734044,7.009285529529999,1.088174212204045,13.692294322152643,3.9395130044711955e-29,1.1099562412702343e-27,True,Upregulated,GEMIN6,gem (nuclear organelle) associated protein 6,GEMIN6
228387_at,3.4379699485744686,2.3499832985399998,1.0879866500344688,8.843492596898347,4.6530934758667185e-14,3.409690540776122e-13,True,Upregulated,LINC01355,long intergenic non-protein coding RNA 1355,LINC01355
1559039_at,4.506269477180851,3.41850219149,1.087767285690851,7.912680263096009,5.824647643952655e-13,3.811766565770707e-12,True,Upregulated,DHX36,DEAH (Asp-Glu-Ala-His) box polypeptide 36,DHX36
207426_s_at,5.2141203869680846,4.12641501523,1.0877053717380845,6.785610643255612,3.551504305441222e-10,1.7524881703895557e-09,True,Upregulated,TNFSF4,"tumor necrosis factor (ligand) superfamily, member 4",TNFSF4
1558624_at,4.295600865787234,3.2081259239700004,1.0874749418172338,7.313287050824773,5.6969256561788174e-11,3.063229464592961e-10,True,Upregulated,CTB-181H17.1,,CTB-181H17.1
226350_at,9.949578959531914,8.86218410835,1.087394851181914,9.16062366174683,1.3328100851996438e-15,1.1407785366414392e-14,True,Upregulated,CHML,choroideremia-like (Rab escort protein 2),CHML
219735_s_at,4.020912547340426,2.9345091658799998,1.0864033814604266,7.352784050611898,6.588312836634033e-11,3.5224552110457067e-10,True,Upregulated,TFCP2L1,transcription factor CP2-like 1,TFCP2L1
211778_s_at,6.662478855787233,5.57666561031,1.0858132454772331,9.94092207030677,2.819520793428833e-18,3.08421284106901e-17,True,Upregulated,OVOL2,ovo-like zinc finger 2,OVOL2
241472_at,5.055760897723405,3.9701716570300003,1.085589240693405,9.174744834975042,9.995797592237396e-16,8.658946195781617e-15,True,Upregulated,DMXL1,Dmx-like 1,DMXL1
202342_s_at,9.678468842117022,8.59313386525,1.0853349768670224,8.780216333111518,9.096073861432087e-15,7.190497188580046e-14,True,Upregulated,TRIM2,tripartite motif containing 2,TRIM2
209589_s_at,5.1080774015,4.0230466179999995,1.0850307835000006,9.021053547896155,7.612319206804213e-15,6.070217951922482e-14,True,Upregulated,EPHB2,EPH receptor B2,EPHB2
218704_at,7.487956680478725,6.403104624150001,1.0848520563287245,9.34463169420507,3.1868431986214887e-16,2.887107095857426e-15,True,Upregulated,RNF43,ring finger protein 43,RNF43
235089_at,5.852685574000003,4.767924728020001,1.0847608459800027,10.344919437421765,7.113197140167456e-19,8.197780616692666e-18,True,Upregulated,FBXL20,F-box and leucine-rich repeat protein 20,FBXL20
209680_s_at,3.74080906581915,2.65641461945,1.0843944463691502,8.960585947036845,2.6090203000046947e-14,1.9623656251720387e-13,True,Upregulated,KIFC1,kinesin family member C1,KIFC1
1558139_at,4.050755053734043,2.9664111976600003,1.0843438560740424,7.038206317165942,2.9404137592854035e-10,1.464109372865439e-09,True,Upregulated,LINC01296,long intergenic non-protein coding RNA 1296 /// uncharacterized LOC100653149 /// uncharacterized LOC102725127,LINC01296
222250_s_at,7.31347654194681,6.22918891955,1.0842876223968094,14.510380916351714,2.1167823861028488e-29,6.094928127351596e-28,True,Upregulated,INTS7,integrator complex subunit 7,INTS7
215175_at,4.947369168170213,3.8633203980700004,1.0840487701002126,6.178608805733081,7.730874934956073e-09,3.334505527277846e-08,True,Upregulated,PCNX,pecanex homolog (Drosophila),PCNX
221782_at,9.755358649861702,8.67131475042,1.084043899441701,12.150870363881449,3.2029030620939587e-23,5.403743541335811e-22,True,Upregulated,DNAJC10,"DnaJ (Hsp40) homolog, subfamily C, member 10",DNAJC10
227094_at,8.201942235127659,7.1190854374,1.0828567977276586,12.152618959577797,7.291556396117068e-23,1.1953174407849822e-21,True,Upregulated,DHTKD1,dehydrogenase E1 and transketolase domain containing 1,DHTKD1
244801_at,4.168107832319149,3.0865047893300006,1.0816030429891481,8.113942052556146,2.7629109663059105e-13,1.873735080490855e-12,True,Upregulated,PSMB7,"proteasome (prosome, macropain) subunit, beta type, 7",PSMB7
210325_at,3.7126769196276586,2.6311975705100004,1.0814793491176582,4.646892501118093,7.951631553476973e-06,2.4721760389324418e-05,True,Upregulated,CD1A,CD1a molecule,CD1A
225723_at,8.249834004553191,7.168514017490001,1.0813199870631909,11.390008921293509,2.6247341837270185e-21,3.745660727140924e-20,True,Upregulated,CCDC167,coiled-coil domain containing 167,CCDC167
244786_at,4.466410544776595,3.38530692693,1.0811036178465954,9.549987510579209,1.4195918531894538e-17,1.4535345024871116e-16,True,Upregulated,SCARNA13,small Cajal body-specific RNA 13 /// small nucleolar RNA host gene 10 (non-protein coding),SCARNA13
220704_at,4.634605683648936,3.5535045507,1.0811011329489362,7.027888530881603,1.1557008550748891e-10,6.010493733422741e-10,True,Upregulated,IKZF1,IKAROS family zinc finger 1 (Ikaros),IKZF1
219995_s_at,6.43575004143617,5.35480104676,1.0809489946761701,4.449532847488737,1.8102392479093903e-05,5.396304837779442e-05,True,Upregulated,ZNF750,zinc finger protein 750,ZNF750
233056_x_at,9.500936380659574,8.42009034089,1.0808460397695736,8.064928363097767,2.2904613160316034e-13,1.5659686328216069e-12,True,Upregulated,DLGAP4,"discs, large (Drosophila) homolog-associated protein 4",DLGAP4
220293_at,3.29405368887234,2.21338773097,1.0806659579023399,6.036322822420819,3.1952085071402936e-08,1.2932311292425904e-07,True,Upregulated,CATSPERB,catsper channel auxiliary subunit beta,CATSPERB
233539_at,4.238806510308511,3.1582918064800007,1.0805147038285106,9.60605595464591,1.4911562530145537e-16,1.3873608411112401e-15,True,Upregulated,NAPEPLD,N-acyl phosphatidylethanolamine phospholipase D,NAPEPLD
208009_s_at,5.313290500617021,4.2335717956200005,1.0797187049970205,12.708279631725869,1.1761828623104007e-23,2.0573063880399094e-22,True,Upregulated,ARHGEF16,Rho guanine nucleotide exchange factor (GEF) 16,ARHGEF16
224695_at,9.094409155021276,8.01473487464,1.0796742803812762,17.617120779089046,3.769173778236023e-34,1.6658075664437367e-32,True,Upregulated,CNOT11,"CCR4-NOT transcription complex, subunit 11",CNOT11
1554466_a_at,6.258980882893618,5.1800181501600004,1.0789627327336175,9.67157267466686,2.4404237785497613e-17,2.441149960072112e-16,True,Upregulated,C16orf13,chromosome 16 open reading frame 13,C16orf13
228897_at,5.11178443437234,4.03282508737,1.07895934700234,7.432076842871316,9.463056648114144e-12,5.5066533038566196e-11,True,Upregulated,DERL3,derlin 3,DERL3
201613_s_at,8.941373432031915,7.863275879580001,1.078097552451914,14.682599383365297,6.150513875809786e-31,2.0295186461613813e-29,True,Upregulated,AP1G2,"adaptor-related protein complex 1, gamma 2 subunit",AP1G2
223811_s_at,5.423168402744682,4.3455250669700005,1.077643335774681,11.957459075069266,3.013835335188155e-22,4.691813237002318e-21,True,Upregulated,GET4,golgi to ER traffic protein 4 homolog (S. cerevisiae) /// Sad1 and UNC84 domain containing 1,GET4
206108_s_at,4.6016244108510636,3.5240540781600007,1.0775703326910628,4.6387810801869085,7.416451737137094e-06,2.3143494612070998e-05,True,Upregulated,SRSF6,serine/arginine-rich splicing factor 6,SRSF6
203343_at,10.580152302574469,9.5027440411,1.0774082614744689,8.966693390488675,9.674615750289403e-15,7.626540858054607e-14,True,Upregulated,UGDH,UDP-glucose 6-dehydrogenase,UGDH
1559862_at,4.664431971425531,3.5870307046799996,1.077401266745531,9.097714882282013,6.03141101719312e-15,4.8505603015961297e-14,True,Upregulated,COPA,"coatomer protein complex, subunit alpha",COPA
213913_s_at,6.327411358244681,5.2502765799099995,1.0771347783346812,5.968454473233471,1.94887981842004e-08,8.062025066415956e-08,True,Upregulated,TBC1D30,"TBC1 domain family, member 30",TBC1D30
206110_at,3.3751114289574473,2.29857194155,1.0765394874074472,7.265945983953836,9.841420440051431e-11,5.155650528767958e-10,True,Upregulated,HIST1H3A,"histone cluster 1, H3a /// histone cluster 1, H3b /// histone cluster 1, H3c /// histone cluster 1, H3d /// histone cluster 1, H3e /// histone cluster 1, H3f /// histone cluster 1, H3g /// histone cluster 1, H3h /// histone cluster 1, H3i /// histone cluster 1, H3j",HIST1H3A
235095_at,4.931447470042553,3.85497468632,1.076472783722553,9.362056299913615,2.6380311483413775e-16,2.40367852523614e-15,True,Upregulated,CCDC64B,coiled-coil domain containing 64B,CCDC64B
1568868_at,3.2970515608191486,2.22061745954,1.0764341012791485,6.31456753107401,9.145795304774351e-09,3.919959727967115e-08,True,Upregulated,CYP27C1,"cytochrome P450, family 27, subfamily C, polypeptide 1",CYP27C1
214902_x_at,8.735724515329789,7.65929606513,1.0764284501997885,7.665939360652004,1.828027062402357e-12,1.1393078050796427e-11,True,Upregulated,LPP,LIM domain containing preferred translocation partner in lipoma,LPP
216207_x_at,11.320999355276594,10.245216357750001,1.0757829975265931,4.082551772006225,7.008057650482479e-05,0.00019330019937889776,True,Upregulated,IGKC,immunoglobulin kappa constant,IGKC
203775_at,8.738182069638299,7.662542177269999,1.0756398923683,13.609508317034177,7.283099428851543e-27,1.6914023569957216e-25,True,Upregulated,SLC25A13,"solute carrier family 25 (aspartate/glutamate carrier), member 13",SLC25A13
239302_s_at,5.658877100138298,4.58353279285,1.0753443072882982,5.737012205519319,5.3028303810877065e-08,2.095873941269126e-07,True,Upregulated,LOC100506922,basic proline-rich protein-like,LOC100506922
206044_s_at,4.731648901468086,3.6563904696999994,1.0752584317680864,9.94476959681244,1.3516122442493572e-17,1.3855120291441953e-16,True,Upregulated,BRAF,"B-Raf proto-oncogene, serine/threonine kinase /// KIAA1549",BRAF
225638_at,10.12698347930851,9.052071080140001,1.0749123991685092,12.287239095809472,8.582955002071496e-24,1.5195616120520654e-22,True,Upregulated,COA6,cytochrome c oxidase assembly factor 6 homolog (S. cerevisiae),COA6
230361_at,3.3852381366808504,2.3112758131399995,1.0739623235408509,7.268050517777086,9.386543120617367e-11,4.931281581222169e-10,True,Upregulated,MROH1,maestro heat-like repeat family member 1,MROH1
232722_at,6.4462997738085095,5.3726164989899985,1.073683274818511,8.878784706930361,1.1092960716326363e-14,8.686067623938416e-14,True,Upregulated,RNASET2,ribonuclease T2,RNASET2
206150_at,8.386903453287234,7.313430980860001,1.073472472427233,5.8696769875555255,2.1804515316580003e-08,8.981296223139624e-08,True,Upregulated,CD27,CD27 molecule,CD27
208190_s_at,10.31809641926596,9.24582189566,1.0722745236059588,9.193564997406531,2.1686214684195658e-16,1.9877551857603064e-15,True,Upregulated,LSR,lipolysis stimulated lipoprotein receptor,LSR
219208_at,3.343171684734043,2.27099910502,1.0721725797140431,9.597284737358674,1.280705892382258e-15,1.098103732307861e-14,True,Upregulated,FBXO11,F-box protein 11,FBXO11
201690_s_at,11.911558788351066,10.839506540399995,1.0720522479510706,12.693814629619188,6.053798743722698e-24,1.0857273065350753e-22,True,Upregulated,TPD52,tumor protein D52,TPD52
209222_s_at,9.24431149730851,8.17227338148,1.0720381158285104,13.804521391147823,2.039794062290616e-25,4.1779270157792494e-24,True,Upregulated,OSBPL2,oxysterol binding protein-like 2,OSBPL2
222532_at,8.070517179351064,6.998483779279999,1.0720334000710654,11.570871507896278,1.7714346143039348e-22,2.8039547429355924e-21,True,Upregulated,SRPRB,"signal recognition particle receptor, B subunit",SRPRB
223991_s_at,8.394310049531915,7.32271450623,1.0715955433019158,11.596043412647168,1.2627034823174637e-22,2.024315037255651e-21,True,Upregulated,GALNT2,polypeptide N-acetylgalactosaminyltransferase 2,GALNT2
217145_at,5.0378298255,3.9667194791400004,1.0711103463599998,6.305678722062867,3.440108926555407e-09,1.5369191687325287e-08,True,Upregulated,IGK,immunoglobulin kappa locus /// immunoglobulin kappa constant,IGK
235947_at,3.5890910653297876,2.51877525761,1.0703158077197874,5.319143253457063,5.581428082160318e-07,1.972033704441141e-06,True,Upregulated,LOC101930067,uncharacterized LOC101930067,LOC101930067
212378_at,8.69141524619149,7.621243935459998,1.0701713107314914,17.35573127256759,1.4469770625811992e-38,9.977834395896459e-37,True,Upregulated,GART,"phosphoribosylglycinamide formyltransferase, phosphoribosylglycinamide synthetase, phosphoribosylaminoimidazole synthetase",GART
1569652_at,4.941905133265958,3.87196095162,1.0699441816459574,5.6886505154330225,8.052147151518944e-08,3.1164480585133335e-07,True,Upregulated,MLLT3,"myeloid/lymphoid or mixed-lineage leukemia (trithorax homolog, Drosophila); translocated to, 3",MLLT3
202533_s_at,5.8757621077234035,4.80620738602,1.0695547217034038,7.430423259854471,4.662458810460735e-12,2.7925947614637094e-11,True,Upregulated,DHFR,dihydrofolate reductase,DHFR
203999_at,3.614143081180851,2.544749101900001,1.06939397928085,5.677826509017923,9.444569029415993e-08,3.6258785854116245e-07,True,Upregulated,SYT1,synaptotagmin I,SYT1
232169_x_at,7.658731535510637,6.58946262433,1.0692689111806368,7.022863505269398,4.9751416356233033e-11,2.688295841004973e-10,True,Upregulated,MIR4691,"microRNA 4691 /// microRNA 7113 /// NADH dehydrogenase (ubiquinone) Fe-S protein 8, 23kDa (NADH-coenzyme Q reductase)",MIR4691
213596_at,7.008628912489361,5.940137893970001,1.0684910185193601,6.908187028003005,9.513521248854584e-11,4.993113328365464e-10,True,Upregulated,CASP4,"caspase 4, apoptosis-related cysteine peptidase",CASP4
228785_at,10.027209420680851,8.96038458037,1.0668248403108507,14.548406292497749,1.8979435235497648e-28,5.0511029370434264e-27,True,Upregulated,ZNF281,zinc finger protein 281,ZNF281
230441_at,3.5306870570851063,2.46416875662,1.0665183004651064,7.863647484568696,5.272586468114737e-12,3.141590071718392e-11,True,Upregulated,PLEKHG4B,"pleckstrin homology domain containing, family G (with RhoGef domain) member 4B",PLEKHG4B
220468_at,3.3078955900319142,2.24166606831,1.0662295217219144,4.76790827553818,6.66449160512613e-06,2.090124463401248e-05,True,Upregulated,ARL14,ADP-ribosylation factor-like 14,ARL14
210858_x_at,8.958812953957446,7.892645212810001,1.0661677411474457,9.075662015483994,4.722930006400567e-16,4.212728247500181e-15,True,Upregulated,ATM,ATM serine/threonine kinase,ATM
223423_at,10.41531214919149,9.34920655498,1.0661055942114892,7.807107228128293,2.3379523643382153e-12,1.4425732002787111e-11,True,Upregulated,GPR160,G protein-coupled receptor 160,GPR160
214005_at,9.086210874265957,8.02072278507,1.0654880891959575,12.155512858062156,6.26892963081906e-23,1.0339792981393254e-21,True,Upregulated,GGCX,gamma-glutamyl carboxylase,GGCX
229202_at,6.688038656978726,5.622741183710001,1.0652974732687248,9.90342080255574,1.1178315300360208e-17,1.1553360237224715e-16,True,Upregulated,PCNXL2,pecanex-like 2 (Drosophila),PCNXL2
212036_s_at,10.775006663723403,9.71007694153,1.064929722193403,10.862016478516283,1.0526461512591525e-19,1.3078684659649983e-18,True,Upregulated,PNN,"pinin, desmosome associated protein",PNN
236561_at,5.773515704117021,4.70871849625,1.064797207867021,5.17957787199354,6.342965277262038e-07,2.2279287559773787e-06,True,Upregulated,TGFBR1,"transforming growth factor, beta receptor 1",TGFBR1
210058_at,8.719794685521277,7.65515804935,1.0646366361712776,13.18331340741213,8.882409378041625e-27,2.0469120428763788e-25,True,Upregulated,MAPK13,mitogen-activated protein kinase 13,MAPK13
55093_at,7.989131202287234,6.92453719652,1.0645940057672334,13.641177172287343,4.136597404440516e-27,9.792738908241091e-26,True,Upregulated,CHPF2,chondroitin polymerizing factor 2,CHPF2
223249_at,9.381765244308509,8.317674914119998,1.0640903301885114,12.860368882108958,2.7878882501454746e-25,5.6245070300946924e-24,True,Upregulated,CLDN12,claudin 12,CLDN12
225716_at,9.565820804393617,8.501741647820001,1.0640791565736158,13.94272031337794,4.058040120596419e-27,9.627955268037009e-26,True,Upregulated,BRI3BP,BRI3 binding protein,BRI3BP
208368_s_at,4.584641837021278,3.5207977024300003,1.0638441345912772,9.71138073856434,2.4246994567762786e-17,2.427226595610812e-16,True,Upregulated,BRCA2,"breast cancer 2, early onset",BRCA2
244023_at,5.33723259780851,4.2740505425399995,1.06318205526851,7.66639914544672,3.5770314598137267e-12,2.1673337174444195e-11,True,Upregulated,SYK,spleen tyrosine kinase,SYK
225656_at,7.599290566095746,6.536470335130002,1.0628202309657437,5.795238179569385,3.217117318946433e-08,1.3017067036549527e-07,True,Upregulated,EFHC1,EF-hand domain (C-terminal) containing 1,EFHC1
200910_at,11.880608838723402,10.817962329600002,1.0626465091234003,18.13455676331186,1.6262161704824372e-35,8.166915307709465e-34,True,Upregulated,CCT3,"chaperonin containing TCP1, subunit 3 (gamma) /// uncharacterized LOC101927137",CCT3
229095_s_at,4.637561692776596,3.576771919359999,1.0607897734165967,4.51413807552597,1.5107879311101192e-05,4.545717143806717e-05,True,Upregulated,LIMS3-LOC440895,LIMS3-LOC440895 readthrough /// glycosylphosphatidylinositol anchor attachment protein 1 homolog (yeast) pseudogene /// two pore channel 3 pseudogene /// two pore channel 3 pseudogene,LIMS3-LOC440895
231108_at,7.035768994446809,5.975196737929999,1.06057225651681,5.660303696129676,5.740994195885535e-08,2.2595134920232648e-07,True,Upregulated,FUS,FUS RNA binding protein,FUS
205248_at,5.9740608828085096,4.9135183082000005,1.060542574608509,10.687658907828292,3.4659866147089586e-19,4.099880273999034e-18,True,Upregulated,DOPEY2,dopey family member 2,DOPEY2
234459_at,3.6981513282446814,2.6376572662200006,1.0604940620246808,8.455045963078922,1.425119496548185e-13,9.958924197696315e-13,True,Upregulated,PPHLN1,periphilin 1,PPHLN1
214722_at,11.069537007297873,10.00926579767,1.0602712096278726,7.506396648870313,9.301806004702533e-12,5.4175088009629716e-11,True,Upregulated,NOTCH2NL,notch 2 N-terminal like,NOTCH2NL
241803_s_at,5.230206185531916,4.17006806402,1.0601381215119163,5.042730080579304,1.2568556636190602e-06,4.267485557945506e-06,True,Upregulated,LOC101928102,putative uncharacterized protein LOC401522-like /// uncharacterized LOC102723678 /// uncharacterized LOC102723709,LOC101928102
239552_at,3.3177318242872333,2.25767974755,1.0600520767372332,5.752431606333808,1.0784950862257199e-07,4.117542355745071e-07,True,Upregulated,VWDE,von Willebrand factor D and EGF domains,VWDE
238164_at,5.335456088872341,4.275546354699999,1.0599097341723418,8.590754253302482,1.3640357939476328e-14,1.0574521362534934e-13,True,Upregulated,USP6NL,USP6 N-terminal like /// USP6NL intronic transcript 1 (non-protein coding),USP6NL
201231_s_at,13.285850887446806,12.226145031600002,1.0597058558468042,16.121688182247848,2.987962942484609e-33,1.2156624419400693e-31,True,Upregulated,ENO1,"enolase 1, (alpha)",ENO1
1563792_at,3.764180738382978,2.7050757223099997,1.0591050160729782,7.1695275845722195,1.1875358753049767e-10,6.168901351086873e-10,True,Upregulated,AMN,amnion associated transmembrane protein,AMN
217104_at,3.7658955638723404,2.7079143467300004,1.05798121714234,8.347428836902168,2.6433069709365795e-13,1.796019564663907e-12,True,Upregulated,ST20,suppressor of tumorigenicity 20,ST20
207732_s_at,5.085841075765958,4.027919906440001,1.0579211693259571,8.791355939772988,7.460235223216111e-15,5.9524731006661e-14,True,Upregulated,DLG3,"discs, large homolog 3 (Drosophila)",DLG3
238760_at,4.090474402585106,3.03272366453,1.0577507380551059,10.048152580790125,1.2516370655823749e-17,1.2879386112380643e-16,True,Upregulated,YARS,tyrosyl-tRNA synthetase,YARS
239233_at,3.975213156829787,2.9176293859399993,1.0575837708897877,8.725314849103663,3.608776980937195e-14,2.6772645337474204e-13,True,Upregulated,CCDC88A,coiled-coil domain containing 88A,CCDC88A
217871_s_at,12.745000402553194,11.687601656900002,1.0573987456531917,13.19509077772996,1.122071364603725e-26,2.5572767125667777e-25,True,Upregulated,MIF,macrophage migration inhibitory factor (glycosylation-inhibiting factor),MIF
240155_x_at,6.467131276265959,5.4098676890599995,1.0572635872059593,7.3683760080035965,1.4439864257396691e-11,8.236082067320662e-11,True,Upregulated,ZNF493,zinc finger protein 493,ZNF493
215645_at,4.4554133715957445,3.3981596087400003,1.0572537628557441,8.628824938198235,1.3692238151290012e-14,1.0611681861747616e-13,True,Upregulated,FLCN,folliculin,FLCN
205345_at,7.432752724978725,6.375604597730001,1.0571481272487242,12.824311252740829,2.7433759070314887e-25,5.538859479564402e-24,True,Upregulated,BARD1,BRCA1 associated RING domain 1,BARD1
201428_at,9.447231030808512,8.39021190392,1.0570191268885125,10.90156597327709,1.60099635052916e-20,2.1436691488563952e-19,True,Upregulated,CLDN4,claudin 4,CLDN4
206949_s_at,8.173156753914894,7.11614279859,1.0570139553248934,11.357435899633225,2.87481177583186e-21,4.0862744760806666e-20,True,Upregulated,RUSC1,RUN and SH3 domain containing 1,RUSC1
208639_x_at,11.298226339308512,10.24132335196,1.0569029873485114,17.171215118844934,2.02505921257222e-37,1.2476498832463853e-35,True,Upregulated,PDIA6,"protein disulfide isomerase family A, member 6",PDIA6
207598_x_at,6.868315535106383,5.8128139036699995,1.0555016314363836,9.249468621690239,7.663545559825361e-17,7.321340346017173e-16,True,Upregulated,XRCC2,X-ray repair complementing defective repair in Chinese hamster cells 2,XRCC2
218069_at,8.584453151212765,7.52912252794,1.0553306232727646,14.21424326241581,4.572307263318697e-29,1.2815326652676365e-27,True,Upregulated,DCTPP1,dCTP pyrophosphatase 1,DCTPP1
226349_at,7.331828789946806,6.277105282649999,1.0547235072968073,13.117506918514147,1.720991738755166e-25,3.55746585936531e-24,True,Upregulated,C12orf45,chromosome 12 open reading frame 45,C12orf45
240176_at,3.8509143901170213,2.7971492050000006,1.0537651851170207,8.731879237389755,2.7716195906068083e-14,2.0779806426035374e-13,True,Upregulated,RP11-803D5.4,,RP11-803D5.4
218145_at,7.40446021019149,6.350977572769999,1.0534826374214914,8.530551118413664,1.4718925855453527e-14,1.1377869302406202e-13,True,Upregulated,TRIB3,tribbles pseudokinase 3,TRIB3
1552482_at,4.545127226808511,3.49173070727,1.0533965195385107,5.962011786857748,2.1381427592852642e-08,8.813775785631302e-08,True,Upregulated,RAPH1,Ras association (RalGDS/AF-6) and pleckstrin homology domains 1,RAPH1
215336_at,5.413988622446809,4.36081207262,1.0531765498268086,8.667032177637848,1.4992174271834536e-14,1.1580771009405318e-13,True,Upregulated,AKAP11,A kinase (PRKA) anchor protein 11,AKAP11
215067_x_at,7.100511901595744,6.047374460750001,1.0531374408457426,7.6565440513564305,1.4303578978453562e-12,9.019135978137202e-12,True,Upregulated,PRDX2,peroxiredoxin 2,PRDX2
242946_at,6.1922256522872345,5.13939603602,1.0528296162672346,5.721526227015798,4.748301469638043e-08,1.886065599630395e-07,True,Upregulated,CD53,CD53 molecule,CD53
213326_at,6.868886541957448,5.8161773005300015,1.0527092414274462,7.8843598274202,7.542648809818696e-13,4.880174532478147e-12,True,Upregulated,VAMP1,vesicle-associated membrane protein 1 (synaptobrevin 1),VAMP1
1558426_x_at,7.9882970665531925,6.935909462860001,1.0523876036931918,8.534710722271443,6.5319493016255766e-15,5.229643124996029e-14,True,Upregulated,ORAI2,ORAI calcium release-activated calcium modulator 2,ORAI2
233177_s_at,8.741554641595746,7.68954347902,1.052011162575746,8.44362454982068,1.7810983792615247e-14,1.364840538922359e-13,True,Upregulated,PNKD,paroxysmal nonkinesigenic dyskinesia,PNKD
219676_at,6.856572802861705,5.8046500106,1.0519227922617054,11.086492524694359,3.399072893513596e-20,4.411740701026117e-19,True,Upregulated,ZSCAN16,zinc finger and SCAN domain containing 16,ZSCAN16
214599_at,3.2681568380425525,2.21631721512,1.0518396229225524,5.772244806995471,1.0227396500991792e-07,3.913565368542576e-07,True,Upregulated,IVL,involucrin,IVL
234306_s_at,5.247578770117022,4.1957461038199995,1.051832666297022,5.904888470224348,2.0963432534106024e-08,8.64957572280202e-08,True,Upregulated,SLAMF7,SLAM family member 7,SLAMF7
1553994_at,6.54058823343617,5.48881884529,1.0517693881461696,5.663832603012049,9.044184091032071e-08,3.479617206868748e-07,True,Upregulated,NT5E,"5'-nucleotidase, ecto (CD73)",NT5E
201558_at,10.059402884893617,9.007722726399999,1.0516801584936175,12.508002259761327,2.0802571445225843e-24,3.8689042453420377e-23,True,Upregulated,RAE1,ribonucleic acid export 1,RAE1
224950_at,7.047000830010638,5.99534012257,1.0516607074406377,9.929136430380044,1.7449469185461834e-18,1.9463648892767528e-17,True,Upregulated,PTGFRN,prostaglandin F2 receptor inhibitor,PTGFRN
223156_at,10.390176243691487,9.339229078959999,1.0509471647314879,12.638497194770016,1.1389794582397726e-24,2.168536252774669e-23,True,Upregulated,MRPS23,mitochondrial ribosomal protein S23,MRPS23
205073_at,5.346843571329787,4.29604618405,1.050797387279787,6.303853182655332,3.1989988439288784e-09,1.4343227060650104e-08,True,Upregulated,CYP2J2,"cytochrome P450, family 2, subfamily J, polypeptide 2",CYP2J2
218186_at,10.41263688343617,9.36328524171,1.0493516417261688,11.44820794937756,6.585641345803885e-22,9.935913195663611e-21,True,Upregulated,RAB25,"RAB25, member RAS oncogene family",RAB25
218257_s_at,7.629762019978723,6.581471666919999,1.0482903530587242,12.77131439539859,8.022700272185562e-26,1.6988541607865065e-24,True,Upregulated,UGGT1,UDP-glucose glycoprotein glucosyltransferase 1,UGGT1
232063_x_at,4.8486105293723405,3.8008835230999996,1.047727006272341,9.682253031383482,8.6750778608828e-17,8.24086432047761e-16,True,Upregulated,FARSB,"phenylalanyl-tRNA synthetase, beta subunit",FARSB
209755_at,3.2854898539574457,2.23789804376,1.0475918101974457,5.496123386511877,3.3280450867674837e-07,1.205402242672565e-06,True,Upregulated,NMNAT2,nicotinamide nucleotide adenylyltransferase 2,NMNAT2
217480_x_at,10.733742443946808,9.6862934697,1.047448974246807,4.1024655655221975,6.462702499874666e-05,0.00017897380118332758,True,Upregulated,AC128677.4,///  /// immunoglobulin kappa variable 1/OR-1 (pseudogene) ///  /// immunoglobulin kappa variable 1/OR10-1 (pseudogene) ///  /// immunoglobulin kappa variable 1/OR2-2 (pseudogene),AC128677.4
210253_at,6.610926025021276,5.56353232738,1.0473936976412759,8.15094823086993,5.443609085303374e-13,3.571044740360132e-12,True,Upregulated,HTATIP2,"HIV-1 Tat interactive protein 2, 30kDa",HTATIP2
204136_at,5.049938636808511,4.00267356921,1.0472650675985111,7.99646416797424,1.5105522556668752e-12,9.498078515700087e-12,True,Upregulated,COL7A1,"collagen, type VII, alpha 1",COL7A1
219846_at,4.15491050412766,3.10765315138,1.0472573527476596,9.39333453017224,1.0163837171435726e-15,8.797427520161603e-15,True,Upregulated,GON4L,gon-4-like (C. elegans),GON4L
243332_at,6.133810653404256,5.0870456421700005,1.046765011234255,5.943606021114377,1.5397766724911586e-08,6.445013860436534e-08,True,Upregulated,RP11-124L9.5,,RP11-124L9.5
214048_at,7.511324811468087,6.464604842409999,1.0467199690580875,8.416970297506522,1.5527486657565442e-14,1.1971923700742758e-13,True,Upregulated,MBD4,methyl-CpG binding domain protein 4,MBD4
214707_x_at,7.769346142765955,6.723446451019999,1.045899691745956,7.892505354682703,4.655669425169208e-13,3.081587936280471e-12,True,Upregulated,ALMS1,Alstrom syndrome 1,ALMS1
218952_at,5.217961384797872,4.172203810350001,1.0457575744478707,4.994365301123992,1.9304066180526154e-06,6.426643374509654e-06,True,Upregulated,PCSK1N,proprotein convertase subtilisin/kexin type 1 inhibitor,PCSK1N
240452_at,6.821068601074468,5.775480978559999,1.0455876225144687,4.554118762637424,1.0996621255867454e-05,3.361165374030158e-05,True,Upregulated,GSPT1,G1 to S phase transition 1,GSPT1
217912_at,8.674821853574468,7.629735844090001,1.045086009484467,15.740115104365348,1.2236980827630972e-33,5.129994160521898e-32,True,Upregulated,DUS1L,dihydrouridine synthase 1-like (S. cerevisiae),DUS1L
204052_s_at,6.890625673606383,5.8456204386299975,1.0450052349763856,3.429251973855277,0.0007525313266261009,0.0018032455641945765,True,Upregulated,SFRP4,secreted frizzled-related protein 4,SFRP4
203925_at,9.896838164638297,8.851838330229999,1.0449998344082978,7.868329604898094,1.8602970437472335e-12,1.1590169905593502e-11,True,Upregulated,GCLM,"glutamate-cysteine ligase, modifier subunit",GCLM
238996_x_at,10.051037382968085,9.006217622949999,1.0448197600180862,13.688144620848002,8.570308256820925e-28,2.1540308406606088e-26,True,Upregulated,ALDOA,"aldolase A, fructose-bisphosphate",ALDOA
219981_x_at,9.311189849489363,8.266378130620001,1.0448117188693615,11.360869656067191,3.22269792365704e-22,5.001039541887408e-21,True,Upregulated,ZNF587,zinc finger protein 587,ZNF587
226346_at,3.3168086490000004,2.27213818817,1.0446704608300004,8.963504390951428,3.1483913107562224e-14,2.348348010544088e-13,True,Upregulated,MEX3A,mex-3 RNA binding family member A,MEX3A
227129_x_at,8.503915511223402,7.45927744206,1.044638069163402,10.102873815349398,2.1321529505547075e-19,2.578816698865201e-18,True,Upregulated,LINC01000,long intergenic non-protein coding RNA 1000,LINC01000
208787_at,12.087614314255315,11.043056972110001,1.044557342145314,16.86628991569078,2.056576165566998e-34,9.233305980065655e-33,True,Upregulated,MRPL3,mitochondrial ribosomal protein L3,MRPL3
219880_at,6.9675624339680855,5.92350294558,1.0440594883880854,9.309450860586496,1.8481637481188882e-16,1.7047733726002832e-15,True,Upregulated,CTC-338M12.4,uncharacterized LOC101928649,CTC-338M12.4
217850_at,9.996085561914892,8.95250557007,1.0435799918448918,16.711723041672396,1.1018650062245032e-35,5.671283370793409e-34,True,Upregulated,GNL3,"guanine nucleotide binding protein-like 3 (nucleolar) /// small nucleolar RNA, C/D box 19B",GNL3
202138_x_at,9.95842076530851,8.91525780355,1.0431629617585099,16.044069912503723,5.244132371660065e-32,1.9006799443538292e-30,True,Upregulated,AIMP2,aminoacyl tRNA synthetase complex-interacting multifunctional protein 2,AIMP2
239193_at,4.43125082887234,3.3885084528199996,1.0427423760523404,8.456834538878738,1.210365929719797e-13,8.506564993585391e-13,True,Upregulated,FUBP3,far upstream element (FUSE) binding protein 3,FUBP3
215450_at,8.12037367769149,7.077944443600001,1.0424292340914887,12.730028705477517,4.294809821556235e-26,9.27713417920577e-25,True,Upregulated,SNRPE,small nuclear ribonucleoprotein polypeptide E,SNRPE
218365_s_at,5.6066124258936165,4.564375282239999,1.042237143653617,9.713226812709294,1.0855461102161192e-16,1.0218267953112388e-15,True,Upregulated,DARS2,"aspartyl-tRNA synthetase 2, mitochondrial",DARS2
235168_at,6.6084788439361715,5.566518039600001,1.0419608043361706,10.494864126631013,1.4086096220824857e-19,1.7305499573624615e-18,True,Upregulated,PIGM,"phosphatidylinositol glycan anchor biosynthesis, class M",PIGM
227506_at,4.545552736457447,3.5038665709200005,1.0416861655374463,4.861738597812433,3.935868424078937e-06,1.2658890094929721e-05,True,Upregulated,SLC16A9,"solute carrier family 16, member 9",SLC16A9
1552343_s_at,5.433890905680851,4.39280064815,1.0410902575308514,8.680570705606765,2.3196481979712455e-14,1.754036243161555e-13,True,Upregulated,PDE7A,phosphodiesterase 7A,PDE7A
221580_s_at,10.93467445262766,9.89447717455,1.0401972780776596,16.1762877262404,6.377816589056343e-34,2.74177892483378e-32,True,Upregulated,MIR1304,"microRNA 1304 /// small nucleolar RNA, H/ACA box 1 /// small nucleolar RNA, H/ACA box 18 /// small nucleolar RNA, H/ACA box 32 /// small nucleolar RNA, H/ACA box 40 /// small nucleolar RNA, H/ACA box 8 /// small nucleolar RNA, C/D box 5 /// TATA box binding protein (TBP)-associated factor, RNA polymerase I, D, 41kDa",MIR1304
204916_at,8.771101441297871,7.731373012039999,1.0397284292578721,7.206718021612609,4.7757245883318735e-11,2.583916333447522e-10,True,Upregulated,RAMP1,receptor (G protein-coupled) activity modifying protein 1,RAMP1
243021_at,5.2139266484361695,4.174473019340001,1.039453629096169,7.884795287363953,1.757332409967446e-12,1.0980824584837493e-11,True,Upregulated,LOC102724312,uncharacterized LOC102724312,LOC102724312
1570210_x_at,5.706496717585106,4.66714079094,1.039355926645106,7.6342267171098666,1.8408626817688067e-12,1.1470417076183622e-11,True,Upregulated,PPP6R2,"protein phosphatase 6, regulatory subunit 2",PPP6R2
215567_at,5.23879932993617,4.19975557663,1.0390437533061698,7.837014543457649,8.334960089127723e-13,5.369555196476508e-12,True,Upregulated,FCF1,FCF1 rRNA-processing protein,FCF1
224469_s_at,5.71557033661702,4.67712584472,1.0384444918970201,9.814644834408144,1.729224189300605e-17,1.7522240438154168e-16,True,Upregulated,INF2,"inverted formin, FH2 and WH2 domain containing",INF2
1559759_at,4.468895989138298,3.4314784159899996,1.0374175731482986,7.286521789523086,4.171405789859592e-11,2.2713426990624421e-10,True,Upregulated,KIFC3,kinesin family member C3,KIFC3
213320_at,8.637992349765955,7.600747514119999,1.0372448356459563,14.242450438075029,5.571426800162999e-29,1.5518630858289335e-27,True,Upregulated,PRMT3,protein arginine methyltransferase 3,PRMT3
212311_at,9.560698143351065,8.523646560960001,1.0370515823910633,11.605013200996892,2.8996864916408645e-23,4.9153021632333925e-22,True,Upregulated,SEL1L3,sel-1 suppressor of lin-12-like 3 (C. elegans),SEL1L3
201004_at,13.124416028404253,12.088346897900001,1.0360691305042522,14.2088737689381,2.322805286098256e-29,6.670283241755516e-28,True,Upregulated,SSR4,"signal sequence receptor, delta",SSR4
242235_x_at,5.573240189680851,4.53785769849,1.035382491190851,7.641804512848355,2.0619498538394647e-12,1.2790224292308781e-11,True,Upregulated,AK090844,"Homo sapiens cDNA FLJ33525 fis, clone BRAMY2006779.",AK090844
238886_at,5.062066400085106,4.02679559601,1.0352708040751057,7.046186828652379,5.255915547250368e-11,2.8340318157835416e-10,True,Upregulated,TMED10,transmembrane emp24-like trafficking protein 10 (yeast),TMED10
210074_at,6.50161949288298,5.466420682460001,1.0351988104229788,5.402056015899026,3.6445208732201134e-07,1.3148926729743562e-06,True,Upregulated,CTSV,cathepsin V,CTSV
230792_at,6.157877325595747,5.122702524749999,1.0351748008457475,8.811969829052915,6.053211787633506e-15,4.865183042583021e-14,True,Upregulated,FAAH2,fatty acid amide hydrolase 2,FAAH2
206398_s_at,3.5139161065000004,2.4788709091199994,1.035045197380001,6.071857146768734,1.183519395799883e-08,5.012853327941365e-08,True,Upregulated,CD19,CD19 molecule,CD19
229065_at,3.7278035733085106,2.6929142382299993,1.0348893350785113,6.901444255901201,5.738931209617308e-10,2.7745991374424856e-09,True,Upregulated,SLC35F3,"solute carrier family 35, member F3",SLC35F3
206153_at,3.307925456457447,2.27318972124,1.0347357352174469,5.090419068607684,1.799352426379409e-06,6.008565816430303e-06,True,Upregulated,CYP4F11,"cytochrome P450, family 4, subfamily F, polypeptide 11",CYP4F11
1554501_at,4.176331528446808,3.14192148463,1.0344100438168082,8.451071433425382,5.027553221672917e-14,3.6740757823491785e-13,True,Upregulated,TSC22D4,"TSC22 domain family, member 4",TSC22D4
232648_at,4.327131871617021,3.2928097661099995,1.0343221055070213,9.333169839047285,1.862971637355872e-15,1.574218982981039e-14,True,Upregulated,PSMA3,"proteasome (prosome, macropain) subunit, alpha type, 3",PSMA3
219756_s_at,5.423429939553191,4.390816011299999,1.032613928253192,6.76593236560062,8.059016485587035e-10,3.842069320100906e-09,True,Upregulated,POF1B,"premature ovarian failure, 1B",POF1B
206276_at,3.8801845957234034,2.8480614781299995,1.0321231175934038,4.5207114080656785,1.7113751503161275e-05,5.117475056146285e-05,True,Upregulated,LY6D,"lymphocyte antigen 6 complex, locus D",LY6D
203087_s_at,8.012922590436167,6.9809487593099995,1.0319738311261677,12.235978750522149,1.4460341256657792e-24,2.7337923192639577e-23,True,Upregulated,KIF2A,kinesin heavy chain member 2A,KIF2A
213338_at,4.75562145187234,3.723772533939999,1.031848917932341,5.667138616933063,9.881640582851686e-08,3.786108565246195e-07,True,Upregulated,TMEM158,transmembrane protein 158 (gene/pseudogene),TMEM158
235177_at,7.733912946000001,6.702525119130001,1.0313878268700005,10.771510267670834,1.1480581095355853e-20,1.5577561422674314e-19,True,Upregulated,METTL21A,methyltransferase like 21A,METTL21A
1555058_a_at,7.035999684180852,6.0047056906,1.031293993580852,7.493374223381008,2.4444887943197733e-12,1.5050283229313566e-11,True,Upregulated,LPGAT1,lysophosphatidylglycerol acyltransferase 1,LPGAT1
209686_at,5.189116277574468,4.1578851080599994,1.0312311695144682,4.696326933149269,6.066905652303177e-06,1.911738165181198e-05,True,Upregulated,S100B,S100 calcium binding protein B,S100B
204459_at,7.135511541361702,6.104939960889999,1.0305715804717037,12.534120135251838,2.529202201596612e-24,4.663547124274096e-23,True,Upregulated,CSTF2,"cleavage stimulation factor, 3' pre-RNA, subunit 2, 64kDa",CSTF2
244699_at,4.488413801085106,3.45813051669,1.0302832843951064,7.586858209044633,4.156574711899456e-12,2.5008413379339705e-11,True,Upregulated,AHI1,Abelson helper integration site 1,AHI1
212295_s_at,8.657420843840425,7.6273288585,1.030091985340425,10.099334820048062,1.6937115987727388e-18,1.892355048848993e-17,True,Upregulated,SLC7A1,"solute carrier family 7 (cationic amino acid transporter, y+ system), member 1",SLC7A1
221009_s_at,6.18685592669149,5.15782581941,1.02903010728149,5.838756355383174,4.164176151683137e-08,1.664865669326018e-07,True,Upregulated,ANGPTL4,angiopoietin-like 4,ANGPTL4
218163_at,10.773277989106381,9.744470716899999,1.0288072722063824,13.249649375508628,1.2332940638827806e-26,2.802448437684801e-25,True,Upregulated,MCTS1,malignant T cell amplified sequence 1,MCTS1
204272_at,3.6316294356489376,2.6030473449800002,1.0285820906689374,4.091738832905688,8.80863469626699e-05,0.0002399499750688358,True,Upregulated,LGALS4,"lectin, galactoside-binding, soluble, 4",LGALS4
201479_at,9.873872747946809,8.84564489083,1.0282278571168089,14.207029830821783,3.70997194011781e-27,8.837225454879385e-26,True,Upregulated,DKC1,"dyskeratosis congenita 1, dyskerin /// microRNA 664b /// small nucleolar RNA, H/ACA box 56",DKC1
215171_s_at,11.545904140425531,10.5178241285,1.0280800119255318,18.46905134751697,5.87450548354293e-39,4.157449367603158e-37,True,Upregulated,TIMM17A,translocase of inner mitochondrial membrane 17 homolog A (yeast),TIMM17A
219002_at,9.691141714670215,8.66361683681,1.0275248778602144,16.798132132703362,6.6038321961556415e-37,3.8776606823409095e-35,True,Upregulated,FASTKD1,FAST kinase domains 1,FASTKD1
237810_at,3.252444266117021,2.22506655739,1.027377708727021,4.2538728327366995,4.9952496664298405e-05,0.00014049809054991131,True,Upregulated,CLDN6,claudin 6,CLDN6
239639_at,3.2402340453723397,2.21332163739,1.0269124079823397,7.209501411875991,1.4636763417728838e-10,7.534242101502185e-10,True,Upregulated,RP11-353N14.2,,RP11-353N14.2
214993_at,3.682845970702127,2.6572159924600003,1.0256299782421268,7.550199178485771,2.6984014279233573e-11,1.4987218009323182e-10,True,Upregulated,ASPHD1,aspartate beta-hydroxylase domain containing 1,ASPHD1
204992_s_at,10.609637525595746,9.584541555320001,1.0250959702757445,6.869424352726475,2.5329074415351384e-10,1.2707299659584829e-09,True,Upregulated,PFN2,profilin 2,PFN2
231953_at,3.36119815125532,2.336206496640001,1.0249916546153193,11.18621014406279,5.052224561129369e-19,5.897112635523096e-18,True,Upregulated,BPTF,bromodomain PHD finger transcription factor,BPTF
1552846_s_at,5.5212931480957455,4.4965921165200005,1.024701031575745,7.6672873946946325,9.683403239627107e-13,6.195949638907728e-12,True,Upregulated,RAB42,"RAB42, member RAS oncogene family",RAB42
222140_s_at,8.88875016918085,7.86498144008,1.0237687291008504,16.188134941926027,1.232584753195307e-31,4.313324888442601e-30,True,Upregulated,GPR89A,G protein-coupled receptor 89A /// G protein-coupled receptor 89B,GPR89A
232510_s_at,9.5344767485,8.51106218094,1.0234145675599997,14.707846095493336,4.2810448243175555e-31,1.431076923062424e-29,True,Upregulated,DPP3,dipeptidyl-peptidase 3,DPP3
205167_s_at,3.2928795955319154,2.26949030852,1.0233892870119154,8.80931082995736,6.631601815728651e-14,4.783255132905742e-13,True,Upregulated,CDC25C,cell division cycle 25C,CDC25C
228209_at,5.096490928936171,4.07360477933,1.0228861496061707,8.59292157575615,1.1956467000710032e-14,9.335883524187674e-14,True,Upregulated,LHX4-AS1,LHX4 antisense RNA 1,LHX4-AS1
212471_at,4.297000074595744,3.27466231398,1.0223377606157444,10.970778292491552,7.337503817205595e-19,8.443623883445018e-18,True,Upregulated,AVL9,AVL9 homolog (S. cerevisiase),AVL9
242578_x_at,8.048068573957448,7.025944666710001,1.0221239072474466,6.209267793232681,4.4088915620725465e-09,1.9477342222392933e-08,True,Upregulated,SLC22A3,"solute carrier family 22 (organic cation transporter), member 3",SLC22A3
1562255_at,5.7095862312021275,4.68759807129,1.0219881599121274,4.003519823728034,9.426003033235155e-05,0.0002557698512489083,True,Upregulated,SYTL3,synaptotagmin-like 3,SYTL3
208119_s_at,6.175077922734042,5.1531690461599995,1.0219088765740425,8.881800402317841,4.6085986647001495e-15,3.7455135657232134e-14,True,Upregulated,ZNF93,zinc finger protein 93,ZNF93
242482_at,6.791841457787234,5.770270413219999,1.021571044567235,6.324191331433448,3.3855328784774124e-09,1.5142974752747285e-08,True,Upregulated,PRKAR1A,"protein kinase, cAMP-dependent, regulatory, type I, alpha",PRKAR1A
218412_s_at,8.520678966085105,7.499162556,1.0215164100851055,13.450293089976144,2.5942399912882583e-27,6.268364428186445e-26,True,Upregulated,GTF2IRD1,GTF2I repeat domain containing 1,GTF2IRD1
229773_at,4.583391002765957,3.5619658285900004,1.0214251741759566,6.3377037518013815,4.056021529248948e-09,1.799086046282236e-08,True,Upregulated,SNAP23,"synaptosomal-associated protein, 23kDa",SNAP23
205266_at,6.969458505117021,5.948403915759999,1.0210545893570213,5.0046947805272035,1.2753951649192926e-06,4.3263373070351335e-06,True,Upregulated,LIF,leukemia inhibitory factor,LIF
1558802_at,5.053171676021277,4.0323353197300005,1.0208363562912766,8.264492970476379,1.4852243838997823e-13,1.0351727188341802e-12,True,Upregulated,TM2D1,TM2 domain containing 1,TM2D1
219177_at,7.051576417053191,6.030810049409999,1.0207663676431915,11.25184561581172,3.0353137209205785e-20,3.9606352206073317e-19,True,Upregulated,BRIX1,"BRX1, biogenesis of ribosomes, homolog (S. cerevisiae)",BRIX1
1555317_at,3.293501100478722,2.2727915010100004,1.0207095994687214,7.056823759755793,2.4846313375042265e-10,1.2479071913250755e-09,True,Upregulated,POLK,polymerase (DNA directed) kappa,POLK
220445_s_at,3.268629497659574,2.24836766464,1.0202618330195738,4.538189621863207,1.6815089785724412e-05,5.032363783746791e-05,True,Upregulated,CSAG2,"CSAG family, member 2 /// CSAG family, member 3",CSAG2
1557737_s_at,6.6190433785638305,5.59953058731,1.0195127912538302,6.621751201178217,7.149157060245477e-10,3.42499832227989e-09,True,Upregulated,NKTR,natural killer cell triggering receptor,NKTR
202223_at,8.573653434670213,7.554221123490001,1.0194323111802115,9.900710352208696,9.689060597376536e-19,1.1038674291262325e-17,True,Upregulated,STT3A,"STT3A, subunit of the oligosaccharyltransferase complex (catalytic)",STT3A
232551_at,4.193676167446809,3.1744747382000007,1.0192014292468086,7.9701682886577485,1.0813663718826967e-12,6.878236953415648e-12,True,Upregulated,SLC26A6,"solute carrier family 26 (anion exchanger), member 6",SLC26A6
223057_s_at,6.656012246968083,5.637069947419998,1.018942299548085,10.310983155810048,3.574345309169651e-19,4.221557681137436e-18,True,Upregulated,XPO5,exportin 5,XPO5
223461_at,7.939818712819147,6.92113712081,1.0186815920091465,10.208256044015092,1.6400675549587574e-18,1.8343246727180646e-17,True,Upregulated,TBC1D7,"TBC1 domain family, member 7",TBC1D7
219481_at,8.231785880159576,7.213616272249999,1.0181696079095772,14.405145897622825,4.697548932870019e-31,1.5635047456890276e-29,True,Upregulated,TTC13,tetratricopeptide repeat domain 13,TTC13
233732_at,6.180563094595745,5.16239602315,1.0181670714457445,12.556895993861492,3.369369402448183e-26,7.342986332255996e-25,True,Upregulated,LOC401320,uncharacterized LOC401320,LOC401320
243759_at,4.753109552351064,3.7350695366599997,1.018040015691064,6.152493692308808,9.817866396266664e-09,4.1923131310701713e-08,True,Upregulated,SCAF4,SR-related CTD-associated factor 4,SCAF4
206336_at,5.678340251329788,4.6605950722600005,1.0177451790697871,2.838649584361568,0.005025614372138716,0.01061820696153722,True,Upregulated,CXCL6,chemokine (C-X-C motif) ligand 6,CXCL6
214011_s_at,8.425880782414893,7.40819151985,1.0176892625648932,12.47854889838891,1.9695743431670452e-25,4.040256507306739e-24,True,Upregulated,NOP16,NOP16 nucleolar protein,NOP16
209254_at,5.55236064351064,4.53513340735,1.0172272361606396,7.3292801261870375,2.7846550779828072e-11,1.544395318873822e-10,True,Upregulated,KLHDC10,kelch domain containing 10,KLHDC10
207655_s_at,8.47927713931915,7.462553282939999,1.0167238563791505,8.63459894937745,4.2801377901605345e-15,3.4928158273642014e-14,True,Upregulated,BLNK,B-cell linker,BLNK
218493_at,9.375182114510638,8.35864091032,1.0165412041906379,13.557783794950815,4.498089669756732e-27,1.0615807414547416e-25,True,Upregulated,SNRNP25,small nuclear ribonucleoprotein 25kDa (U11/U12),SNRNP25
201341_at,8.836767200734045,7.820285683759998,1.0164815169740464,9.321645227753553,1.645932679298792e-16,1.5260840387651236e-15,True,Upregulated,ENC1,ectodermal-neural cortex 1 (with BTB domain),ENC1
218982_s_at,8.816391993585107,7.80048401373,1.0159079798551067,10.560624949310291,1.0498817906695082e-18,1.1935942082635842e-17,True,Upregulated,MRPS17,mitochondrial ribosomal protein S17,MRPS17
201709_s_at,9.014342346968084,7.998558459670001,1.0157838872980829,14.15415763398953,2.5107140770266616e-27,6.07746477709073e-26,True,Upregulated,NIPSNAP1,nipsnap homolog 1 (C. elegans),NIPSNAP1
235231_at,6.502566562021277,5.486904970439998,1.0156615915812797,9.573367652556032,3.092400954015616e-17,3.069912840765668e-16,True,Upregulated,ZNF789,zinc finger protein 789,ZNF789
218239_s_at,10.365644252351064,9.350056451660002,1.015587800691062,13.268779992821825,2.3292299549191924e-25,4.743656280018314e-24,True,Upregulated,GTPBP4,GTP binding protein 4,GTPBP4
229388_at,4.578702871276596,3.563885418389999,1.0148174528865965,9.83317784929504,2.5584309024178684e-18,2.808894968717034e-17,True,Upregulated,LOC101929112,uncharacterized LOC101929112,LOC101929112
218886_at,8.746189498776596,7.7315449051,1.0146445936765964,10.844666538319906,4.1866007786239057e-20,5.390962640149997e-19,True,Upregulated,PAK1IP1,PAK1 interacting protein 1,PAK1IP1
225427_s_at,11.163090568244682,10.14880249594,1.0142880723046819,13.529878633701118,3.4549413984134958e-25,6.905517579155268e-24,True,Upregulated,APOA1BP,apolipoprotein A-I binding protein,APOA1BP
206206_at,5.626396990659574,4.6122748842100005,1.0141221064495731,8.079496678645373,8.482669220036824e-14,6.052651189558246e-13,True,Upregulated,CD180,CD180 molecule,CD180
201848_s_at,8.75090033068085,7.737090696839999,1.0138096338408502,8.187088772541358,3.395570523939403e-13,2.281216040477201e-12,True,Upregulated,BNIP3,BCL2/adenovirus E1B 19kDa interacting protein 3,BNIP3
214603_at,3.23715863537234,2.2238756556100006,1.0132829797623395,4.382308674948945,3.0806924845268216e-05,8.90132291016705e-05,True,Upregulated,MAGEA2,"melanoma antigen family A, 2 /// melanoma antigen family A, 2B",MAGEA2
201681_s_at,9.1019558205,8.08900343131,1.0129523891900014,11.651436209504107,9.120875822190487e-22,1.3540585894903051e-20,True,Upregulated,DLG5,"discs, large homolog 5 (Drosophila)",DLG5
232752_at,4.89760884193617,3.8850774902600005,1.0125313516761691,6.720904512167043,5.997372364232151e-10,2.894863770821058e-09,True,Upregulated,LOXL1-AS1,LOXL1 antisense RNA 1,LOXL1-AS1
232441_at,6.260406088148938,5.2485416115399985,1.011864476608939,7.391147000699366,6.409381637563446e-12,3.786216372959775e-11,True,Upregulated,KRR1,"KRR1, small subunit (SSU) processome component, homolog (yeast)",KRR1
242462_at,3.557414360680851,2.5457807998500006,1.0116335608308504,8.213894894967233,1.0964988231976835e-12,6.9662515597106785e-12,True,Upregulated,LINC00665,long intergenic non-protein coding RNA 665,LINC00665
242133_s_at,6.225513907053191,5.214105923990001,1.0114079830631901,6.21742797785765,5.5107245790542024e-09,2.412697046878383e-08,True,Upregulated,LOC645166,lymphocyte-specific protein 1 pseudogene /// lymphocyte-specific protein 1 pseudogene,LOC645166
217235_x_at,10.907450848659575,9.89632764014,1.0111232085195745,3.735889444091835,0.000259738756067045,0.0006634519985668462,True,Upregulated,IGLL5,immunoglobulin lambda-like polypeptide 5,IGLL5
223251_s_at,8.853607694542553,7.84257596123,1.0110317333125538,8.955126008213927,4.866245723880126e-16,4.334811071623326e-15,True,Upregulated,ANKRD10,ankyrin repeat domain 10,ANKRD10
201650_at,11.686927195329787,10.67590461593,1.0110225793997873,6.861964190919266,3.4942129406593845e-10,1.7254841831280357e-09,True,Upregulated,KRT19,keratin 19,KRT19
223151_at,9.667421415446807,8.65645916503,1.0109622504168065,14.89475285018539,6.894976886537722e-30,2.08931395391165e-28,True,Upregulated,DCUN1D5,"DCN1, defective in cullin neddylation 1, domain containing 5",DCUN1D5
201584_s_at,10.15057394118085,9.13989155883,1.0106823823508506,12.935950670046108,4.6225544607881535e-25,9.103944131378676e-24,True,Upregulated,DDX39A,DEAD (Asp-Glu-Ala-Asp) box polypeptide 39A,DDX39A
230425_at,3.3745381439042554,2.3639491138700004,1.010589030034255,5.415728055577442,4.1646187772409696e-07,1.4935203730676276e-06,True,Upregulated,EPHB1,EPH receptor B1,EPHB1
222606_at,8.158923511680852,7.1486361898799995,1.0102873218008526,13.496727641934116,1.5821483051407653e-27,3.8928375453019764e-26,True,Upregulated,ZWILCH,zwilch kinetochore protein,ZWILCH
232266_x_at,11.672270474638301,10.66265160798,1.0096188666583021,6.770043670085664,2.100404507520614e-10,1.0625691952737372e-09,True,Upregulated,CDK13,cyclin-dependent kinase 13,CDK13
219203_at,6.1385257895,5.129562004190001,1.0089637853099989,10.187601752581196,2.0843214213768594e-18,2.3072095486761836e-17,True,Upregulated,EMC9,ER membrane protein complex subunit 9,EMC9
220246_at,3.294808715074468,2.28599504829,1.0088136667844676,7.427574371450512,4.082355845183662e-11,2.225783998875301e-10,True,Upregulated,CAMK1D,calcium/calmodulin-dependent protein kinase ID,CAMK1D
243996_at,3.35099136143617,2.34261925109,1.00837211034617,8.787456340727338,6.463243110038233e-14,4.668707949456305e-13,True,Upregulated,RP11-112J3.16,,RP11-112J3.16
204699_s_at,7.7162719354255325,6.7080419977,1.0082299377255328,13.403287222282303,1.2900352261457114e-27,3.196031076622443e-26,True,Upregulated,DIEXF,digestive organ expansion factor homolog (zebrafish),DIEXF
230710_at,4.929174618776596,3.9210330371100004,1.0081415816665955,9.012037592902438,5.1748000268036764e-15,4.1879595883488195e-14,True,Upregulated,MIR210HG,MIR210 host gene (non-protein coding),MIR210HG
239442_at,4.862566101680851,3.8545991860399997,1.0079669156408508,7.9824768416021605,2.825916522338257e-13,1.9147738230093916e-12,True,Upregulated,CEP68,centrosomal protein 68kDa,CEP68
210528_at,3.891234888297872,2.883300956,1.0079339322978722,8.602869444418577,1.8129925603501282e-14,1.3873042801393083e-13,True,Upregulated,MR1,"major histocompatibility complex, class I-related",MR1
215071_s_at,10.073109141095744,9.06607663791,1.0070325031857443,6.961377109813476,1.4770535955105058e-10,7.595831789667087e-10,True,Upregulated,HIST1H2AC,"histone cluster 1, H2ac",HIST1H2AC
242056_at,3.9655106653617023,2.9591916531599995,1.0063190122017027,7.861459543023025,3.658516911237725e-12,2.2139625403671497e-11,True,Upregulated,TRIM45,tripartite motif containing 45,TRIM45
219000_s_at,6.629755626744681,5.62348673027,1.0062688964746815,7.731062406799508,3.389638589547632e-12,2.059126961570013e-11,True,Upregulated,DSCC1,DNA replication and sister chromatid cohesion 1,DSCC1
229205_at,3.844628995531915,2.8391407185000004,1.0054882770319145,5.872543533865432,4.963355386083667e-08,1.9678536989230145e-07,True,Upregulated,LOC101927720,uncharacterized LOC101927720,LOC101927720
218254_s_at,10.766029765648934,9.7608244917,1.0052052739489348,12.651406911806937,1.369079411266265e-25,2.849740913868705e-24,True,Upregulated,SAR1B,"secretion associated, Ras related GTPase 1B",SAR1B
215985_at,3.7308992882553187,2.72583688119,1.005062407065319,7.687945276394472,8.857316111139975e-12,5.166463554427662e-11,True,Upregulated,HCG8,HLA complex group 8 /// ZNRD1 antisense RNA 1,HCG8
219664_s_at,7.882086881010637,6.87713939618,1.0049474848306374,13.3424086904839,1.9403896813638663e-26,4.325147094978736e-25,True,Upregulated,DECR2,"2,4-dienoyl CoA reductase 2, peroxisomal",DECR2
214456_x_at,5.019149453351064,4.01435357318,1.0047958801710637,4.163355224896814,5.055920427046673e-05,0.00014208933965158675,True,Upregulated,SAA1,serum amyloid A1 /// serum amyloid A2,SAA1
203931_s_at,8.719364513712767,7.714626953229999,1.0047375604827682,13.160455483186853,1.1664873521647747e-26,2.6551285960023095e-25,True,Upregulated,MRPL12,mitochondrial ribosomal protein L12,MRPL12
229983_at,8.055229583234043,7.050592256270001,1.0046373269640423,10.642964244960686,1.668193616229899e-20,2.2303122506224547e-19,True,Upregulated,TIGD2,tigger transposable element derived 2,TIGD2
244132_x_at,6.247163145851062,5.242870022589999,1.0042931232610632,7.617091503255155,2.2422351134668166e-12,1.3857389154650832e-11,True,Upregulated,ZNF518A,zinc finger protein 518A,ZNF518A
230375_at,6.516103521542554,5.512305580739999,1.0037979408025555,6.125336155008873,7.482858983315659e-09,3.232974964066319e-08,True,Upregulated,PNISR,PNN-interacting serine/arginine-rich protein,PNISR
211464_x_at,8.522327570180849,7.518992815150001,1.0033347550308482,13.164319453226883,4.002410976779129e-26,8.662924619599285e-25,True,Upregulated,CASP6,"caspase 6, apoptosis-related cysteine peptidase",CASP6
228879_at,8.803369148042554,7.8004215989,1.0029475491425544,9.169751739392984,1.4487464034018195e-16,1.3493034468116063e-15,True,Upregulated,SNORA76C,"small nucleolar RNA, H/ACA box 76C /// small nucleolar RNA, C/D box 104",SNORA76C
207945_s_at,9.283696066563829,8.28115176076,1.0025443058038288,12.89477134085548,1.7868021353569672e-26,3.992727031670538e-25,True,Upregulated,CSNK1D,"casein kinase 1, delta",CSNK1D
226337_at,8.916256895297872,7.91402174487,1.0022351504278717,15.13167619143188,5.798188748879449e-32,2.0916256207057683e-30,True,Upregulated,GORAB,"golgin, RAB6-interacting",GORAB
1559280_a_at,3.2435817842127657,2.24147303077,1.0021087534427657,5.423660084826598,4.5156551990605157e-07,1.611779351892421e-06,True,Upregulated,APELA,apelin receptor early endogenous ligand,APELA
1554717_a_at,3.8651819180425533,2.8633095084300004,1.0018724096125529,5.24497182725249,7.959420609962406e-07,2.7639318027467107e-06,True,Upregulated,PDE4D,"phosphodiesterase 4D, cAMP-specific",PDE4D
240168_at,3.5243780889574468,2.5226751481,1.001702940857447,7.499484454546937,1.4413691004025767e-11,8.222025499443525e-11,True,Upregulated,XPO7,exportin 7,XPO7
206337_at,5.711121190489362,4.709459835360001,1.0016613551293618,5.238551686075065,4.645373804509736e-07,1.6552240837983483e-06,True,Upregulated,CCR7,chemokine (C-C motif) receptor 7,CCR7
205399_at,7.7113317790425535,6.70972813763,1.0016036414125535,5.1867302214204365,7.46553108736334e-07,2.6020026896379252e-06,True,Upregulated,DCLK1,doublecortin-like kinase 1,DCLK1
208843_s_at,11.129687359212765,10.12822981682,1.0014575423927656,19.06303976537427,6.781675716399714e-41,5.611680155111923e-39,True,Upregulated,GORASP2,"golgi reassembly stacking protein 2, 55kDa",GORASP2
219502_at,3.2144287665851063,2.21324738648,1.0011813801051064,5.986511134650754,3.9862569022798556e-08,1.597175310980515e-07,True,Upregulated,NEIL3,nei endonuclease VIII-like 3 (E. coli),NEIL3
